case_id,source_pair_id,arm_id,sample_id,allocator,window_s,window_ticks,completion_time_s,completion_time_hex,simulated_ticks,config_sha256,topology_sha256,ring_sha256,route_sha256,delivered_vector_sha256,redistribution_boundary_count,redistribution_live_group_count,idle_qp_boundary_observation_count,reactivation_count,stale_reactivation_count,stale_positive_weight_count,positive_weight_without_measurement_count,raw_negative_rate_count,raw_nonfinite_rate_count,zero_rate_live_group_count,nonfinite_used_weight_count,stale_shadow_mismatch_count,max_used_rate_age_ticks,reactivated_bytes_B,maximum_idle_assignment_fraction,maximum_shadow_weight_abs_difference,maximum_stale_shadow_weight_abs_difference,maximum_reactivation_next_rate_relative_error,maximum_inflight_conservation_error_B,maximum_redistribution_sum_error_B,minimum_remaining_bytes_B,final_conservation_max_error_B,final_remaining_max_B,maximum_final_qp_finish_spread_ticks
a069_proportional_3tier_os4_p64_k2__s000__w0500us,a069_proportional_3tier_os4_p64_k2__s000,proportional_3tier_os4_p64_k2,0,link_local_equal_share,0.0005,10,0.01795,3f92617c1bda511a,359,0b26410e115055fdd9eee58200259ecbfb5e30f5e223b83bdb23564db4dfc517,b041c414a3dfa3a4fe4aa0d2f2bc35892cd097d6ff94645a7df5117e16a6aafc,02b8b93c846ec5f679f63d5afcacddba0972d2f5532fd0d0b699941360977e2e,eaea09dd50392757e345a6d4ce63c9d2fbec7e029a4fa80cb414ba67cc9d9820,41c2711965e970a2a24d2ee81699a644c232707b29be6a77c929a75369b5de14,36,1458,0,0,0,0,0,0,0,0,0,0,0,0.0,0.0,0.0,0.0,0.0,0.0,0.0,0.0,0.0,0.0,0
a069_proportional_3tier_os4_p64_k2__s000__w0500us,a069_proportional_3tier_os4_p64_k2__s000,proportional_3tier_os4_p64_k2,0,network_maxmin,0.0005,10,0.01795,3f92617c1bda511a,359,0b26410e115055fdd9eee58200259ecbfb5e30f5e223b83bdb23564db4dfc517,b041c414a3dfa3a4fe4aa0d2f2bc35892cd097d6ff94645a7df5117e16a6aafc,02b8b93c846ec5f679f63d5afcacddba0972d2f5532fd0d0b699941360977e2e,eaea09dd50392757e345a6d4ce63c9d2fbec7e029a4fa80cb414ba67cc9d9820,41c2711965e970a2a24d2ee81699a644c232707b29be6a77c929a75369b5de14,36,1458,0,0,0,0,0,0,0,0,0,0,0,0.0,0.0,0.0,0.0,0.0,0.0,0.0,0.0,0.0,0.0,0
a069_proportional_3tier_os4_p64_k2__s000__w1000us,a069_proportional_3tier_os4_p64_k2__s000,proportional_3tier_os4_p64_k2,0,link_local_equal_share,0.001,20,0.01795,3f92617c1bda511a,359,2ffe0cc89a6513a6e172a7a888a9f7136e36f5e39f79cbb6fae856439b36af91,b041c414a3dfa3a4fe4aa0d2f2bc35892cd097d6ff94645a7df5117e16a6aafc,02b8b93c846ec5f679f63d5afcacddba0972d2f5532fd0d0b699941360977e2e,eaea09dd50392757e345a6d4ce63c9d2fbec7e029a4fa80cb414ba67cc9d9820,41c2711965e970a2a24d2ee81699a644c232707b29be6a77c929a75369b5de14,18,738,0,0,0,0,0,0,0,0,0,0,0,0.0,0.0,0.0,0.0,0.0,0.0,0.0,0.0,0.0,0.0,0
a069_proportional_3tier_os4_p64_k2__s000__w1000us,a069_proportional_3tier_os4_p64_k2__s000,proportional_3tier_os4_p64_k2,0,network_maxmin,0.001,20,0.01795,3f92617c1bda511a,359,2ffe0cc89a6513a6e172a7a888a9f7136e36f5e39f79cbb6fae856439b36af91,b041c414a3dfa3a4fe4aa0d2f2bc35892cd097d6ff94645a7df5117e16a6aafc,02b8b93c846ec5f679f63d5afcacddba0972d2f5532fd0d0b699941360977e2e,eaea09dd50392757e345a6d4ce63c9d2fbec7e029a4fa80cb414ba67cc9d9820,41c2711965e970a2a24d2ee81699a644c232707b29be6a77c929a75369b5de14,18,738,0,0,0,0,0,0,0,0,0,0,0,0.0,0.0,0.0,0.0,0.0,0.0,0.0,0.0,0.0,0.0,0
a069_proportional_3tier_os4_p64_k2__s000__w2000us,a069_proportional_3tier_os4_p64_k2__s000,proportional_3tier_os4_p64_k2,0,link_local_equal_share,0.002,40,0.01795,3f92617c1bda511a,359,c81d46effdd9d936d6f22dd49797da642950ded6bfb72fb0a618d411e6411ac5,b041c414a3dfa3a4fe4aa0d2f2bc35892cd097d6ff94645a7df5117e16a6aafc,02b8b93c846ec5f679f63d5afcacddba0972d2f5532fd0d0b699941360977e2e,eaea09dd50392757e345a6d4ce63c9d2fbec7e029a4fa80cb414ba67cc9d9820,41c2711965e970a2a24d2ee81699a644c232707b29be6a77c929a75369b5de14,9,398,0,0,0,0,0,0,0,0,0,0,0,0.0,0.0,0.0,0.0,0.0,0.0,0.0,0.0,0.0,0.0,0
a069_proportional_3tier_os4_p64_k2__s000__w2000us,a069_proportional_3tier_os4_p64_k2__s000,proportional_3tier_os4_p64_k2,0,network_maxmin,0.002,40,0.01795,3f92617c1bda511a,359,c81d46effdd9d936d6f22dd49797da642950ded6bfb72fb0a618d411e6411ac5,b041c414a3dfa3a4fe4aa0d2f2bc35892cd097d6ff94645a7df5117e16a6aafc,02b8b93c846ec5f679f63d5afcacddba0972d2f5532fd0d0b699941360977e2e,eaea09dd50392757e345a6d4ce63c9d2fbec7e029a4fa80cb414ba67cc9d9820,41c2711965e970a2a24d2ee81699a644c232707b29be6a77c929a75369b5de14,9,398,0,0,0,0,0,0,0,0,0,0,0,0.0,0.0,0.0,0.0,0.0,0.0,0.0,0.0,0.0,0.0,0
a069_proportional_3tier_os4_p64_k2__s011__w0500us,a069_proportional_3tier_os4_p64_k2__s011,proportional_3tier_os4_p64_k2,11,link_local_equal_share,0.0005,10,0.021500000000000102,3f9604189374bc88,430,c25ac633274ed05962d73ee0cbec85b7f3e70808dca248290655033784d4d3ae,b041c414a3dfa3a4fe4aa0d2f2bc35892cd097d6ff94645a7df5117e16a6aafc,82beff21ab777800627eac1d492ea55ec5bcbb1ae106b199afb98333cbfa189d,724736f37081592fa48c35a5cdc0de718be73ee970c17ac1dd981bc033d3aa2a,41c2711965e970a2a24d2ee81699a644c232707b29be6a77c929a75369b5de14,44,1644,0,0,0,0,0,0,0,0,0,0,0,0.0,0.0,0.0,0.0,0.0,0.0,0.0,0.0,0.0,0.0,0
a069_proportional_3tier_os4_p64_k2__s011__w0500us,a069_proportional_3tier_os4_p64_k2__s011,proportional_3tier_os4_p64_k2,11,network_maxmin,0.0005,10,0.021500000000000102,3f9604189374bc88,430,c25ac633274ed05962d73ee0cbec85b7f3e70808dca248290655033784d4d3ae,b041c414a3dfa3a4fe4aa0d2f2bc35892cd097d6ff94645a7df5117e16a6aafc,82beff21ab777800627eac1d492ea55ec5bcbb1ae106b199afb98333cbfa189d,724736f37081592fa48c35a5cdc0de718be73ee970c17ac1dd981bc033d3aa2a,41c2711965e970a2a24d2ee81699a644c232707b29be6a77c929a75369b5de14,44,1644,0,0,0,0,0,0,0,0,0,0,0,0.0,0.0,0.0,0.0,0.0,0.0,0.0,0.0,0.0,0.0,0
a069_proportional_3tier_os4_p64_k2__s011__w1000us,a069_proportional_3tier_os4_p64_k2__s011,proportional_3tier_os4_p64_k2,11,link_local_equal_share,0.001,20,0.021500000000000102,3f9604189374bc88,430,d9b83f1d5d299d99f61ecf756ec670815b71deca1a18abe00e51115eecfcde35,b041c414a3dfa3a4fe4aa0d2f2bc35892cd097d6ff94645a7df5117e16a6aafc,82beff21ab777800627eac1d492ea55ec5bcbb1ae106b199afb98333cbfa189d,724736f37081592fa48c35a5cdc0de718be73ee970c17ac1dd981bc033d3aa2a,41c2711965e970a2a24d2ee81699a644c232707b29be6a77c929a75369b5de14,22,838,0,0,0,0,0,0,0,0,0,0,0,0.0,0.0,0.0,0.0,0.0,0.0,0.0,0.0,0.0,0.0,0
a069_proportional_3tier_os4_p64_k2__s011__w1000us,a069_proportional_3tier_os4_p64_k2__s011,proportional_3tier_os4_p64_k2,11,network_maxmin,0.001,20,0.021500000000000102,3f9604189374bc88,430,d9b83f1d5d299d99f61ecf756ec670815b71deca1a18abe00e51115eecfcde35,b041c414a3dfa3a4fe4aa0d2f2bc35892cd097d6ff94645a7df5117e16a6aafc,82beff21ab777800627eac1d492ea55ec5bcbb1ae106b199afb98333cbfa189d,724736f37081592fa48c35a5cdc0de718be73ee970c17ac1dd981bc033d3aa2a,41c2711965e970a2a24d2ee81699a644c232707b29be6a77c929a75369b5de14,22,838,0,0,0,0,0,0,0,0,0,0,0,0.0,0.0,0.0,0.0,0.0,0.0,0.0,0.0,0.0,0.0,0
a069_proportional_3tier_os4_p64_k2__s011__w2000us,a069_proportional_3tier_os4_p64_k2__s011,proportional_3tier_os4_p64_k2,11,link_local_equal_share,0.002,40,0.021500000000000102,3f9604189374bc88,430,deffba1ccded1e52b23a162f1018f7cc50cdc7ac0b1bf42352c3a4398f9ada14,b041c414a3dfa3a4fe4aa0d2f2bc35892cd097d6ff94645a7df5117e16a6aafc,82beff21ab777800627eac1d492ea55ec5bcbb1ae106b199afb98333cbfa189d,724736f37081592fa48c35a5cdc0de718be73ee970c17ac1dd981bc033d3aa2a,41c2711965e970a2a24d2ee81699a644c232707b29be6a77c929a75369b5de14,11,446,0,0,0,0,0,0,0,0,0,0,0,0.0,0.0,0.0,0.0,0.0,0.0,0.0,0.0,0.0,0.0,0
a069_proportional_3tier_os4_p64_k2__s011__w2000us,a069_proportional_3tier_os4_p64_k2__s011,proportional_3tier_os4_p64_k2,11,network_maxmin,0.002,40,0.021500000000000102,3f9604189374bc88,430,deffba1ccded1e52b23a162f1018f7cc50cdc7ac0b1bf42352c3a4398f9ada14,b041c414a3dfa3a4fe4aa0d2f2bc35892cd097d6ff94645a7df5117e16a6aafc,82beff21ab777800627eac1d492ea55ec5bcbb1ae106b199afb98333cbfa189d,724736f37081592fa48c35a5cdc0de718be73ee970c17ac1dd981bc033d3aa2a,41c2711965e970a2a24d2ee81699a644c232707b29be6a77c929a75369b5de14,11,446,0,0,0,0,0,0,0,0,0,0,0,0.0,0.0,0.0,0.0,0.0,0.0,0.0,0.0,0.0,0.0,0
a069_proportional_3tier_os4_p64_k2__s022__w0500us,a069_proportional_3tier_os4_p64_k2__s022,proportional_3tier_os4_p64_k2,22,link_local_equal_share,0.0005,10,0.028650000000000307,3f9d566cf41f2186,573,597e781fb6a8b7a65e5df457f72bd6f27a5d36dee79721a7d37bd72134518556,b041c414a3dfa3a4fe4aa0d2f2bc35892cd097d6ff94645a7df5117e16a6aafc,5edde4ff5f67d20ad4d647345efecf97c11bf1965cf53941d3d475d451a5665c,afb3fa9d22c8e6bd736cb328106d17b660e51c0b42387d2610e117943862d005,04fde94de3ed551eb39e6a1fab6dbb972c95d372f2b0ec80fc007245c0df0a90,58,1703,0,0,0,0,0,0,0,0,0,0,0,0.0,0.0,0.0,0.0,0.0,9.5367431640625e-07,1.4901161193847656e-08,0.0,9.5367431640625e-07,0.0,0
a069_proportional_3tier_os4_p64_k2__s022__w0500us,a069_proportional_3tier_os4_p64_k2__s022,proportional_3tier_os4_p64_k2,22,network_maxmin,0.0005,10,0.028650000000000307,3f9d566cf41f2186,573,597e781fb6a8b7a65e5df457f72bd6f27a5d36dee79721a7d37bd72134518556,b041c414a3dfa3a4fe4aa0d2f2bc35892cd097d6ff94645a7df5117e16a6aafc,5edde4ff5f67d20ad4d647345efecf97c11bf1965cf53941d3d475d451a5665c,afb3fa9d22c8e6bd736cb328106d17b660e51c0b42387d2610e117943862d005,04fde94de3ed551eb39e6a1fab6dbb972c95d372f2b0ec80fc007245c0df0a90,58,1703,0,0,0,0,0,0,0,0,0,0,0,0.0,0.0,0.0,0.0,0.0,9.5367431640625e-07,1.4901161193847656e-08,0.0,9.5367431640625e-07,0.0,0
a069_proportional_3tier_os4_p64_k2__s022__w1000us,a069_proportional_3tier_os4_p64_k2__s022,proportional_3tier_os4_p64_k2,22,link_local_equal_share,0.001,20,0.028650000000000307,3f9d566cf41f2186,573,e83f72bcab85945aedec8037c1a3abc6ead169336f76b04866b3caa167a876bc,b041c414a3dfa3a4fe4aa0d2f2bc35892cd097d6ff94645a7df5117e16a6aafc,5edde4ff5f67d20ad4d647345efecf97c11bf1965cf53941d3d475d451a5665c,afb3fa9d22c8e6bd736cb328106d17b660e51c0b42387d2610e117943862d005,cac48190cfd0d10ee71af96f80a57c7a157fbbc6091680ab0c9ae7fcfb9ab724,29,865,0,0,0,0,0,0,0,0,0,0,0,0.0,0.0,0.0,0.0,0.0,9.5367431640625e-07,7.450580596923828e-09,0.0,9.5367431640625e-07,0.0,0
a069_proportional_3tier_os4_p64_k2__s022__w1000us,a069_proportional_3tier_os4_p64_k2__s022,proportional_3tier_os4_p64_k2,22,network_maxmin,0.001,20,0.028650000000000307,3f9d566cf41f2186,573,e83f72bcab85945aedec8037c1a3abc6ead169336f76b04866b3caa167a876bc,b041c414a3dfa3a4fe4aa0d2f2bc35892cd097d6ff94645a7df5117e16a6aafc,5edde4ff5f67d20ad4d647345efecf97c11bf1965cf53941d3d475d451a5665c,afb3fa9d22c8e6bd736cb328106d17b660e51c0b42387d2610e117943862d005,cac48190cfd0d10ee71af96f80a57c7a157fbbc6091680ab0c9ae7fcfb9ab724,29,865,0,0,0,0,0,0,0,0,0,0,0,0.0,0.0,0.0,0.0,0.0,9.5367431640625e-07,7.450580596923828e-09,0.0,9.5367431640625e-07,0.0,0
a069_proportional_3tier_os4_p64_k2__s022__w2000us,a069_proportional_3tier_os4_p64_k2__s022,proportional_3tier_os4_p64_k2,22,link_local_equal_share,0.002,40,0.028650000000000307,3f9d566cf41f2186,573,b806ff4217bc3b94b8255ca4a90934e57bb8b3b9df2a9f279cd40a7e8a38fd35,b041c414a3dfa3a4fe4aa0d2f2bc35892cd097d6ff94645a7df5117e16a6aafc,5edde4ff5f67d20ad4d647345efecf97c11bf1965cf53941d3d475d451a5665c,afb3fa9d22c8e6bd736cb328106d17b660e51c0b42387d2610e117943862d005,6ed339ade780e002e8fb9e302a8e9a6c8b72c99c0476519a4fc8e8bee985ebba,15,460,0,0,0,0,0,0,0,0,0,0,0,0.0,0.0,0.0,0.0,0.0,9.5367431640625e-07,7.450580596923828e-09,0.0,9.5367431640625e-07,0.0,0
a069_proportional_3tier_os4_p64_k2__s022__w2000us,a069_proportional_3tier_os4_p64_k2__s022,proportional_3tier_os4_p64_k2,22,network_maxmin,0.002,40,0.028650000000000307,3f9d566cf41f2186,573,b806ff4217bc3b94b8255ca4a90934e57bb8b3b9df2a9f279cd40a7e8a38fd35,b041c414a3dfa3a4fe4aa0d2f2bc35892cd097d6ff94645a7df5117e16a6aafc,5edde4ff5f67d20ad4d647345efecf97c11bf1965cf53941d3d475d451a5665c,afb3fa9d22c8e6bd736cb328106d17b660e51c0b42387d2610e117943862d005,6ed339ade780e002e8fb9e302a8e9a6c8b72c99c0476519a4fc8e8bee985ebba,15,460,0,0,0,0,0,0,0,0,0,0,0,0.0,0.0,0.0,0.0,0.0,9.5367431640625e-07,7.450580596923828e-09,0.0,9.5367431640625e-07,0.0,0
a069_proportional_3tier_os4_p64_k2__s033__w0500us,a069_proportional_3tier_os4_p64_k2__s033,proportional_3tier_os4_p64_k2,33,link_local_equal_share,0.0005,10,0.01795,3f92617c1bda511a,359,ee55bc0b1a2836c5e4ea83041282415039aa1ae42dc5bd5648e9975f17bac268,b041c414a3dfa3a4fe4aa0d2f2bc35892cd097d6ff94645a7df5117e16a6aafc,115659af164d6a5b11623c1c4271f56eb3f49b99f08a3b35a6251822cdf766b5,f10a67a2d2721712288fba55d21d22d3c44476a2671464572d0a3cb07fda8609,41c2711965e970a2a24d2ee81699a644c232707b29be6a77c929a75369b5de14,36,1523,0,0,0,0,0,0,0,0,0,0,0,0.0,0.0,0.0,0.0,0.0,0.0,0.0,0.0,0.0,0.0,0
a069_proportional_3tier_os4_p64_k2__s033__w0500us,a069_proportional_3tier_os4_p64_k2__s033,proportional_3tier_os4_p64_k2,33,network_maxmin,0.0005,10,0.01795,3f92617c1bda511a,359,ee55bc0b1a2836c5e4ea83041282415039aa1ae42dc5bd5648e9975f17bac268,b041c414a3dfa3a4fe4aa0d2f2bc35892cd097d6ff94645a7df5117e16a6aafc,115659af164d6a5b11623c1c4271f56eb3f49b99f08a3b35a6251822cdf766b5,f10a67a2d2721712288fba55d21d22d3c44476a2671464572d0a3cb07fda8609,41c2711965e970a2a24d2ee81699a644c232707b29be6a77c929a75369b5de14,36,1523,0,0,0,0,0,0,0,0,0,0,0,0.0,0.0,0.0,0.0,0.0,0.0,0.0,0.0,0.0,0.0,0
a069_proportional_3tier_os4_p64_k2__s033__w1000us,a069_proportional_3tier_os4_p64_k2__s033,proportional_3tier_os4_p64_k2,33,link_local_equal_share,0.001,20,0.01795,3f92617c1bda511a,359,ec360d0d58be9b6da4a150cc153842fd1548979fd8a8b6d86adb199d49b34aee,b041c414a3dfa3a4fe4aa0d2f2bc35892cd097d6ff94645a7df5117e16a6aafc,115659af164d6a5b11623c1c4271f56eb3f49b99f08a3b35a6251822cdf766b5,f10a67a2d2721712288fba55d21d22d3c44476a2671464572d0a3cb07fda8609,41c2711965e970a2a24d2ee81699a644c232707b29be6a77c929a75369b5de14,18,769,0,0,0,0,0,0,0,0,0,0,0,0.0,0.0,0.0,0.0,0.0,0.0,0.0,0.0,0.0,0.0,0
a069_proportional_3tier_os4_p64_k2__s033__w1000us,a069_proportional_3tier_os4_p64_k2__s033,proportional_3tier_os4_p64_k2,33,network_maxmin,0.001,20,0.01795,3f92617c1bda511a,359,ec360d0d58be9b6da4a150cc153842fd1548979fd8a8b6d86adb199d49b34aee,b041c414a3dfa3a4fe4aa0d2f2bc35892cd097d6ff94645a7df5117e16a6aafc,115659af164d6a5b11623c1c4271f56eb3f49b99f08a3b35a6251822cdf766b5,f10a67a2d2721712288fba55d21d22d3c44476a2671464572d0a3cb07fda8609,41c2711965e970a2a24d2ee81699a644c232707b29be6a77c929a75369b5de14,18,769,0,0,0,0,0,0,0,0,0,0,0,0.0,0.0,0.0,0.0,0.0,0.0,0.0,0.0,0.0,0.0,0
a069_proportional_3tier_os4_p64_k2__s033__w2000us,a069_proportional_3tier_os4_p64_k2__s033,proportional_3tier_os4_p64_k2,33,link_local_equal_share,0.002,40,0.01795,3f92617c1bda511a,359,f0296dc5c9c458be5189215c6990402026be93187f0a98d2568809a0ab0628b3,b041c414a3dfa3a4fe4aa0d2f2bc35892cd097d6ff94645a7df5117e16a6aafc,115659af164d6a5b11623c1c4271f56eb3f49b99f08a3b35a6251822cdf766b5,f10a67a2d2721712288fba55d21d22d3c44476a2671464572d0a3cb07fda8609,41c2711965e970a2a24d2ee81699a644c232707b29be6a77c929a75369b5de14,9,415,0,0,0,0,0,0,0,0,0,0,0,0.0,0.0,0.0,0.0,0.0,0.0,0.0,0.0,0.0,0.0,0
a069_proportional_3tier_os4_p64_k2__s033__w2000us,a069_proportional_3tier_os4_p64_k2__s033,proportional_3tier_os4_p64_k2,33,network_maxmin,0.002,40,0.01795,3f92617c1bda511a,359,f0296dc5c9c458be5189215c6990402026be93187f0a98d2568809a0ab0628b3,b041c414a3dfa3a4fe4aa0d2f2bc35892cd097d6ff94645a7df5117e16a6aafc,115659af164d6a5b11623c1c4271f56eb3f49b99f08a3b35a6251822cdf766b5,f10a67a2d2721712288fba55d21d22d3c44476a2671464572d0a3cb07fda8609,41c2711965e970a2a24d2ee81699a644c232707b29be6a77c929a75369b5de14,9,415,0,0,0,0,0,0,0,0,0,0,0,0.0,0.0,0.0,0.0,0.0,0.0,0.0,0.0,0.0,0.0,0
a069_proportional_3tier_os4_p64_k2__s044__w0500us,a069_proportional_3tier_os4_p64_k2__s044,proportional_3tier_os4_p64_k2,44,link_local_equal_share,0.0005,10,0.021500000000000102,3f9604189374bc88,430,b8d3af31ea6b074c500abc4572cd50a957fd3825f9d52d69a0ff4846e8457316,b041c414a3dfa3a4fe4aa0d2f2bc35892cd097d6ff94645a7df5117e16a6aafc,581c6276c39a2c86e524e4278b493f8fc81c7bac082363ae36ff07a6ebcf87be,49e11edd62bbeca881bd11fe33669f0b55ae68099a8852f2fa1176b52aee9915,6269a948892cf4e0813a52019ac3319d9cf10222dbcd4f0678406439bde7b24f,44,1628,1,1,1,1,0,0,0,0,0,0,2,312329.66666666605,0.5,0.0,0.0,0.0,1.564621925354004e-07,1.862645149230957e-09,0.0,2.9802322387695312e-08,0.0,0
a069_proportional_3tier_os4_p64_k2__s044__w0500us,a069_proportional_3tier_os4_p64_k2__s044,proportional_3tier_os4_p64_k2,44,network_maxmin,0.0005,10,0.021500000000000102,3f9604189374bc88,430,b8d3af31ea6b074c500abc4572cd50a957fd3825f9d52d69a0ff4846e8457316,b041c414a3dfa3a4fe4aa0d2f2bc35892cd097d6ff94645a7df5117e16a6aafc,581c6276c39a2c86e524e4278b493f8fc81c7bac082363ae36ff07a6ebcf87be,49e11edd62bbeca881bd11fe33669f0b55ae68099a8852f2fa1176b52aee9915,d31309a4b24dbc19954ee2e8ecc0a4963a5ab84f340a0ad4637fb7f7da8fe89a,44,1612,0,0,0,0,0,0,0,0,0,0,0,0.0,0.0,0.0,0.0,0.0,1.862645149230957e-07,7.450580596923828e-09,0.0,8.940696716308594e-08,0.0,0
a069_proportional_3tier_os4_p64_k2__s044__w1000us,a069_proportional_3tier_os4_p64_k2__s044,proportional_3tier_os4_p64_k2,44,link_local_equal_share,0.001,20,0.021500000000000102,3f9604189374bc88,430,ea788fb88688f4e92e50e0d00319a71abcdcaf6e4e512b7662accbfe19ca8c1a,b041c414a3dfa3a4fe4aa0d2f2bc35892cd097d6ff94645a7df5117e16a6aafc,581c6276c39a2c86e524e4278b493f8fc81c7bac082363ae36ff07a6ebcf87be,49e11edd62bbeca881bd11fe33669f0b55ae68099a8852f2fa1176b52aee9915,82f102a56e89f486ac4b516a53ab7386011672c35e13f35d556fc987e34c0c8c,22,827,0,0,0,0,0,0,0,0,0,0,0,0.0,0.0,0.0,0.0,0.0,1.1920928955078125e-07,1.862645149230957e-09,0.0,7.450580596923828e-09,0.0,6
a069_proportional_3tier_os4_p64_k2__s044__w1000us,a069_proportional_3tier_os4_p64_k2__s044,proportional_3tier_os4_p64_k2,44,network_maxmin,0.001,20,0.021500000000000102,3f9604189374bc88,430,ea788fb88688f4e92e50e0d00319a71abcdcaf6e4e512b7662accbfe19ca8c1a,b041c414a3dfa3a4fe4aa0d2f2bc35892cd097d6ff94645a7df5117e16a6aafc,581c6276c39a2c86e524e4278b493f8fc81c7bac082363ae36ff07a6ebcf87be,49e11edd62bbeca881bd11fe33669f0b55ae68099a8852f2fa1176b52aee9915,17db911f0c681d72a304d435d6d392782c3f52329165eb984bfe33e58fba136e,22,818,0,0,0,0,0,0,0,0,0,0,0,0.0,0.0,0.0,0.0,0.0,1.341104507446289e-07,0.0,0.0,2.2351741790771484e-08,0.0,0
a069_proportional_3tier_os4_p64_k2__s044__w2000us,a069_proportional_3tier_os4_p64_k2__s044,proportional_3tier_os4_p64_k2,44,link_local_equal_share,0.002,40,0.021500000000000102,3f9604189374bc88,430,8963efc0359a684d7d4cccf793d1bf1e82d5f148815e1706c04fd3fef469752b,b041c414a3dfa3a4fe4aa0d2f2bc35892cd097d6ff94645a7df5117e16a6aafc,581c6276c39a2c86e524e4278b493f8fc81c7bac082363ae36ff07a6ebcf87be,49e11edd62bbeca881bd11fe33669f0b55ae68099a8852f2fa1176b52aee9915,9e12759de2f3f794fed5a7601eab10b74e3323c2bd218d3f1302460b03dcdc5c,11,443,0,0,0,0,0,0,0,0,0,0,0,0.0,0.0,0.0,0.0,0.0,1.1920928955078125e-07,1.862645149230957e-09,0.0,7.450580596923828e-09,0.0,6
a069_proportional_3tier_os4_p64_k2__s044__w2000us,a069_proportional_3tier_os4_p64_k2__s044,proportional_3tier_os4_p64_k2,44,network_maxmin,0.002,40,0.021500000000000102,3f9604189374bc88,430,8963efc0359a684d7d4cccf793d1bf1e82d5f148815e1706c04fd3fef469752b,b041c414a3dfa3a4fe4aa0d2f2bc35892cd097d6ff94645a7df5117e16a6aafc,581c6276c39a2c86e524e4278b493f8fc81c7bac082363ae36ff07a6ebcf87be,49e11edd62bbeca881bd11fe33669f0b55ae68099a8852f2fa1176b52aee9915,a25b226a0ebf3ef85d560669496e4c47af85ed3bf363312c8292fedd28200b94,11,439,0,0,0,0,0,0,0,0,0,0,0,0.0,0.0,0.0,0.0,0.0,1.1920928955078125e-07,1.862645149230957e-09,0.0,1.4901161193847656e-08,0.0,0
a069_proportional_3tier_os4_p64_k2__s055__w0500us,a069_proportional_3tier_os4_p64_k2__s055,proportional_3tier_os4_p64_k2,55,link_local_equal_share,0.0005,10,0.021500000000000102,3f9604189374bc88,430,74327ef96e0ca290d2208ffdec15dc1be86a7e23867083c1b4a288b70377b898,b041c414a3dfa3a4fe4aa0d2f2bc35892cd097d6ff94645a7df5117e16a6aafc,44998b2c27ff78c426c9e4bd37f97fab44430d369356ed162bf06fd55a3caf5d,098beb7de4b3bb34f35984aeb0755a2ee406fbfbb9600b5021e7326e490878f0,6650bcef27ff6d7609253f0252b7b02a686c95b159e3120f29b44b98a55ed9a3,44,1587,0,0,0,0,0,0,0,0,0,0,0,0.0,0.0,0.0,0.0,0.0,7.450580596923828e-09,0.0,0.0,7.450580596923828e-09,0.0,0
a069_proportional_3tier_os4_p64_k2__s055__w0500us,a069_proportional_3tier_os4_p64_k2__s055,proportional_3tier_os4_p64_k2,55,network_maxmin,0.0005,10,0.021500000000000102,3f9604189374bc88,430,74327ef96e0ca290d2208ffdec15dc1be86a7e23867083c1b4a288b70377b898,b041c414a3dfa3a4fe4aa0d2f2bc35892cd097d6ff94645a7df5117e16a6aafc,44998b2c27ff78c426c9e4bd37f97fab44430d369356ed162bf06fd55a3caf5d,098beb7de4b3bb34f35984aeb0755a2ee406fbfbb9600b5021e7326e490878f0,6650bcef27ff6d7609253f0252b7b02a686c95b159e3120f29b44b98a55ed9a3,44,1587,0,0,0,0,0,0,0,0,0,0,0,0.0,0.0,0.0,0.0,0.0,7.450580596923828e-09,0.0,0.0,7.450580596923828e-09,0.0,0
a069_proportional_3tier_os4_p64_k2__s055__w1000us,a069_proportional_3tier_os4_p64_k2__s055,proportional_3tier_os4_p64_k2,55,link_local_equal_share,0.001,20,0.021500000000000102,3f9604189374bc88,430,6324f4e6b50e8737673d2c05b487915949be30adcb430451e63819de9c126c3c,b041c414a3dfa3a4fe4aa0d2f2bc35892cd097d6ff94645a7df5117e16a6aafc,44998b2c27ff78c426c9e4bd37f97fab44430d369356ed162bf06fd55a3caf5d,098beb7de4b3bb34f35984aeb0755a2ee406fbfbb9600b5021e7326e490878f0,6650bcef27ff6d7609253f0252b7b02a686c95b159e3120f29b44b98a55ed9a3,22,807,0,0,0,0,0,0,0,0,0,0,0,0.0,0.0,0.0,0.0,0.0,7.450580596923828e-09,0.0,0.0,7.450580596923828e-09,0.0,0
a069_proportional_3tier_os4_p64_k2__s055__w1000us,a069_proportional_3tier_os4_p64_k2__s055,proportional_3tier_os4_p64_k2,55,network_maxmin,0.001,20,0.021500000000000102,3f9604189374bc88,430,6324f4e6b50e8737673d2c05b487915949be30adcb430451e63819de9c126c3c,b041c414a3dfa3a4fe4aa0d2f2bc35892cd097d6ff94645a7df5117e16a6aafc,44998b2c27ff78c426c9e4bd37f97fab44430d369356ed162bf06fd55a3caf5d,098beb7de4b3bb34f35984aeb0755a2ee406fbfbb9600b5021e7326e490878f0,6650bcef27ff6d7609253f0252b7b02a686c95b159e3120f29b44b98a55ed9a3,22,807,0,0,0,0,0,0,0,0,0,0,0,0.0,0.0,0.0,0.0,0.0,7.450580596923828e-09,0.0,0.0,7.450580596923828e-09,0.0,0
a069_proportional_3tier_os4_p64_k2__s055__w2000us,a069_proportional_3tier_os4_p64_k2__s055,proportional_3tier_os4_p64_k2,55,link_local_equal_share,0.002,40,0.021500000000000102,3f9604189374bc88,430,edc90baada8fc44640aefa06706bfdb252346baa9be19fbf700b205f65f94c9e,b041c414a3dfa3a4fe4aa0d2f2bc35892cd097d6ff94645a7df5117e16a6aafc,44998b2c27ff78c426c9e4bd37f97fab44430d369356ed162bf06fd55a3caf5d,098beb7de4b3bb34f35984aeb0755a2ee406fbfbb9600b5021e7326e490878f0,6650bcef27ff6d7609253f0252b7b02a686c95b159e3120f29b44b98a55ed9a3,11,431,0,0,0,0,0,0,0,0,0,0,0,0.0,0.0,0.0,0.0,0.0,7.450580596923828e-09,1.862645149230957e-09,0.0,7.450580596923828e-09,0.0,0
a069_proportional_3tier_os4_p64_k2__s055__w2000us,a069_proportional_3tier_os4_p64_k2__s055,proportional_3tier_os4_p64_k2,55,network_maxmin,0.002,40,0.021500000000000102,3f9604189374bc88,430,edc90baada8fc44640aefa06706bfdb252346baa9be19fbf700b205f65f94c9e,b041c414a3dfa3a4fe4aa0d2f2bc35892cd097d6ff94645a7df5117e16a6aafc,44998b2c27ff78c426c9e4bd37f97fab44430d369356ed162bf06fd55a3caf5d,098beb7de4b3bb34f35984aeb0755a2ee406fbfbb9600b5021e7326e490878f0,6650bcef27ff6d7609253f0252b7b02a686c95b159e3120f29b44b98a55ed9a3,11,431,0,0,0,0,0,0,0,0,0,0,0,0.0,0.0,0.0,0.0,0.0,7.450580596923828e-09,1.862645149230957e-09,0.0,7.450580596923828e-09,0.0,0
a069_proportional_3tier_os4_p64_k2__s066__w0500us,a069_proportional_3tier_os4_p64_k2__s066,proportional_3tier_os4_p64_k2,66,link_local_equal_share,0.0005,10,0.021500000000000102,3f9604189374bc88,430,ceb5588c3334fc4625640b6e6e14e6b75e18ac758bf4bf86eb8b135e77a16205,b041c414a3dfa3a4fe4aa0d2f2bc35892cd097d6ff94645a7df5117e16a6aafc,85a17129a15a0147383af484805923e703b5b8c93868593a7581d85302c4bc3e,83f2f00d6680edfa9d40b0ced2d0c96203ce4a68e8575da08059501aaea66679,41c2711965e970a2a24d2ee81699a644c232707b29be6a77c929a75369b5de14,44,1518,0,0,0,0,0,0,0,0,0,0,0,0.0,0.0,0.0,0.0,0.0,0.0,0.0,0.0,0.0,0.0,0
a069_proportional_3tier_os4_p64_k2__s066__w0500us,a069_proportional_3tier_os4_p64_k2__s066,proportional_3tier_os4_p64_k2,66,network_maxmin,0.0005,10,0.021500000000000102,3f9604189374bc88,430,ceb5588c3334fc4625640b6e6e14e6b75e18ac758bf4bf86eb8b135e77a16205,b041c414a3dfa3a4fe4aa0d2f2bc35892cd097d6ff94645a7df5117e16a6aafc,85a17129a15a0147383af484805923e703b5b8c93868593a7581d85302c4bc3e,83f2f00d6680edfa9d40b0ced2d0c96203ce4a68e8575da08059501aaea66679,41c2711965e970a2a24d2ee81699a644c232707b29be6a77c929a75369b5de14,44,1518,0,0,0,0,0,0,0,0,0,0,0,0.0,0.0,0.0,0.0,0.0,0.0,0.0,0.0,0.0,0.0,0
a069_proportional_3tier_os4_p64_k2__s066__w1000us,a069_proportional_3tier_os4_p64_k2__s066,proportional_3tier_os4_p64_k2,66,link_local_equal_share,0.001,20,0.021500000000000102,3f9604189374bc88,430,772c242fa5dee0af0fd89ba9cf8db7f4bada757599f4ce1f50e6bf2bcbfb4c18,b041c414a3dfa3a4fe4aa0d2f2bc35892cd097d6ff94645a7df5117e16a6aafc,85a17129a15a0147383af484805923e703b5b8c93868593a7581d85302c4bc3e,83f2f00d6680edfa9d40b0ced2d0c96203ce4a68e8575da08059501aaea66679,41c2711965e970a2a24d2ee81699a644c232707b29be6a77c929a75369b5de14,22,769,0,0,0,0,0,0,0,0,0,0,0,0.0,0.0,0.0,0.0,0.0,0.0,0.0,0.0,0.0,0.0,0
a069_proportional_3tier_os4_p64_k2__s066__w1000us,a069_proportional_3tier_os4_p64_k2__s066,proportional_3tier_os4_p64_k2,66,network_maxmin,0.001,20,0.021500000000000102,3f9604189374bc88,430,772c242fa5dee0af0fd89ba9cf8db7f4bada757599f4ce1f50e6bf2bcbfb4c18,b041c414a3dfa3a4fe4aa0d2f2bc35892cd097d6ff94645a7df5117e16a6aafc,85a17129a15a0147383af484805923e703b5b8c93868593a7581d85302c4bc3e,83f2f00d6680edfa9d40b0ced2d0c96203ce4a68e8575da08059501aaea66679,41c2711965e970a2a24d2ee81699a644c232707b29be6a77c929a75369b5de14,22,769,0,0,0,0,0,0,0,0,0,0,0,0.0,0.0,0.0,0.0,0.0,0.0,0.0,0.0,0.0,0.0,0
a069_proportional_3tier_os4_p64_k2__s066__w2000us,a069_proportional_3tier_os4_p64_k2__s066,proportional_3tier_os4_p64_k2,66,link_local_equal_share,0.002,40,0.021500000000000102,3f9604189374bc88,430,a4939d3bbf95163f7bbbf812d776d5c17c4c3e7e1262e1dfc9689ad7bee3e9d5,b041c414a3dfa3a4fe4aa0d2f2bc35892cd097d6ff94645a7df5117e16a6aafc,85a17129a15a0147383af484805923e703b5b8c93868593a7581d85302c4bc3e,83f2f00d6680edfa9d40b0ced2d0c96203ce4a68e8575da08059501aaea66679,41c2711965e970a2a24d2ee81699a644c232707b29be6a77c929a75369b5de14,11,413,0,0,0,0,0,0,0,0,0,0,0,0.0,0.0,0.0,0.0,0.0,0.0,0.0,0.0,0.0,0.0,0
a069_proportional_3tier_os4_p64_k2__s066__w2000us,a069_proportional_3tier_os4_p64_k2__s066,proportional_3tier_os4_p64_k2,66,network_maxmin,0.002,40,0.021500000000000102,3f9604189374bc88,430,a4939d3bbf95163f7bbbf812d776d5c17c4c3e7e1262e1dfc9689ad7bee3e9d5,b041c414a3dfa3a4fe4aa0d2f2bc35892cd097d6ff94645a7df5117e16a6aafc,85a17129a15a0147383af484805923e703b5b8c93868593a7581d85302c4bc3e,83f2f00d6680edfa9d40b0ced2d0c96203ce4a68e8575da08059501aaea66679,41c2711965e970a2a24d2ee81699a644c232707b29be6a77c929a75369b5de14,11,413,0,0,0,0,0,0,0,0,0,0,0,0.0,0.0,0.0,0.0,0.0,0.0,0.0,0.0,0.0,0.0,0
a069_proportional_3tier_os4_p64_k2__s077__w0500us,a069_proportional_3tier_os4_p64_k2__s077,proportional_3tier_os4_p64_k2,77,link_local_equal_share,0.0005,10,0.021500000000000102,3f9604189374bc88,430,56e3fac42b9f7f28aa13558c213454d7d3b00094dca5f72dfaef6f36377b79d9,b041c414a3dfa3a4fe4aa0d2f2bc35892cd097d6ff94645a7df5117e16a6aafc,6464260de08f51c1381ba97a68e3855cad4e6d5a20cf15ac75832b77eb0907ca,0ff6a7952c379a5c0b1de51a3630922bab51bd3a6eb367f3314c715fa27b31a7,41c2711965e970a2a24d2ee81699a644c232707b29be6a77c929a75369b5de14,44,1567,0,0,0,0,0,0,0,0,0,0,0,0.0,0.0,0.0,0.0,0.0,0.0,0.0,0.0,0.0,0.0,0
a069_proportional_3tier_os4_p64_k2__s077__w0500us,a069_proportional_3tier_os4_p64_k2__s077,proportional_3tier_os4_p64_k2,77,network_maxmin,0.0005,10,0.021500000000000102,3f9604189374bc88,430,56e3fac42b9f7f28aa13558c213454d7d3b00094dca5f72dfaef6f36377b79d9,b041c414a3dfa3a4fe4aa0d2f2bc35892cd097d6ff94645a7df5117e16a6aafc,6464260de08f51c1381ba97a68e3855cad4e6d5a20cf15ac75832b77eb0907ca,0ff6a7952c379a5c0b1de51a3630922bab51bd3a6eb367f3314c715fa27b31a7,41c2711965e970a2a24d2ee81699a644c232707b29be6a77c929a75369b5de14,44,1567,0,0,0,0,0,0,0,0,0,0,0,0.0,0.0,0.0,0.0,0.0,0.0,0.0,0.0,0.0,0.0,0
a069_proportional_3tier_os4_p64_k2__s077__w1000us,a069_proportional_3tier_os4_p64_k2__s077,proportional_3tier_os4_p64_k2,77,link_local_equal_share,0.001,20,0.021500000000000102,3f9604189374bc88,430,33deb263d3da7c0e06be1642b692cc07fa7b4d6ba09829bd2704732b69e2938d,b041c414a3dfa3a4fe4aa0d2f2bc35892cd097d6ff94645a7df5117e16a6aafc,6464260de08f51c1381ba97a68e3855cad4e6d5a20cf15ac75832b77eb0907ca,0ff6a7952c379a5c0b1de51a3630922bab51bd3a6eb367f3314c715fa27b31a7,41c2711965e970a2a24d2ee81699a644c232707b29be6a77c929a75369b5de14,22,798,0,0,0,0,0,0,0,0,0,0,0,0.0,0.0,0.0,0.0,0.0,0.0,0.0,0.0,0.0,0.0,0
a069_proportional_3tier_os4_p64_k2__s077__w1000us,a069_proportional_3tier_os4_p64_k2__s077,proportional_3tier_os4_p64_k2,77,network_maxmin,0.001,20,0.021500000000000102,3f9604189374bc88,430,33deb263d3da7c0e06be1642b692cc07fa7b4d6ba09829bd2704732b69e2938d,b041c414a3dfa3a4fe4aa0d2f2bc35892cd097d6ff94645a7df5117e16a6aafc,6464260de08f51c1381ba97a68e3855cad4e6d5a20cf15ac75832b77eb0907ca,0ff6a7952c379a5c0b1de51a3630922bab51bd3a6eb367f3314c715fa27b31a7,41c2711965e970a2a24d2ee81699a644c232707b29be6a77c929a75369b5de14,22,798,0,0,0,0,0,0,0,0,0,0,0,0.0,0.0,0.0,0.0,0.0,0.0,0.0,0.0,0.0,0.0,0
a069_proportional_3tier_os4_p64_k2__s077__w2000us,a069_proportional_3tier_os4_p64_k2__s077,proportional_3tier_os4_p64_k2,77,link_local_equal_share,0.002,40,0.021500000000000102,3f9604189374bc88,430,e03214a0b1d7aa4c16fbe775c54172368ff4f2b3bf7b296cf31e0baf2f7a9d0c,b041c414a3dfa3a4fe4aa0d2f2bc35892cd097d6ff94645a7df5117e16a6aafc,6464260de08f51c1381ba97a68e3855cad4e6d5a20cf15ac75832b77eb0907ca,0ff6a7952c379a5c0b1de51a3630922bab51bd3a6eb367f3314c715fa27b31a7,41c2711965e970a2a24d2ee81699a644c232707b29be6a77c929a75369b5de14,11,428,0,0,0,0,0,0,0,0,0,0,0,0.0,0.0,0.0,0.0,0.0,0.0,0.0,0.0,0.0,0.0,0
a069_proportional_3tier_os4_p64_k2__s077__w2000us,a069_proportional_3tier_os4_p64_k2__s077,proportional_3tier_os4_p64_k2,77,network_maxmin,0.002,40,0.021500000000000102,3f9604189374bc88,430,e03214a0b1d7aa4c16fbe775c54172368ff4f2b3bf7b296cf31e0baf2f7a9d0c,b041c414a3dfa3a4fe4aa0d2f2bc35892cd097d6ff94645a7df5117e16a6aafc,6464260de08f51c1381ba97a68e3855cad4e6d5a20cf15ac75832b77eb0907ca,0ff6a7952c379a5c0b1de51a3630922bab51bd3a6eb367f3314c715fa27b31a7,41c2711965e970a2a24d2ee81699a644c232707b29be6a77c929a75369b5de14,11,428,0,0,0,0,0,0,0,0,0,0,0,0.0,0.0,0.0,0.0,0.0,0.0,0.0,0.0,0.0,0.0,0
a069_proportional_3tier_os4_p64_k2__s088__w0500us,a069_proportional_3tier_os4_p64_k2__s088,proportional_3tier_os4_p64_k2,88,link_local_equal_share,0.0005,10,0.026900000000000257,3f9b8bac710cb2e0,538,119a425db7648e91ee59798a054f2341007b10f9c840647098da3af8dc0865cb,b041c414a3dfa3a4fe4aa0d2f2bc35892cd097d6ff94645a7df5117e16a6aafc,44c1bda499d05d4b86602a0e0442090bc18930bbbbc9464f4250557c5f183461,27131f30e49e091316041e1cb3e1dcbf63b17e3552fbd348959648e52431a056,5dab49f23eb2d87b52fbc41adcdb6cf228a7fd573d9e3819386b341a1e3b40b1,54,1558,0,0,0,0,0,0,0,0,0,0,0,0.0,0.0,0.0,0.0,0.0,9.5367431640625e-07,0.0,0.0,9.5367431640625e-07,0.0,0
a069_proportional_3tier_os4_p64_k2__s088__w0500us,a069_proportional_3tier_os4_p64_k2__s088,proportional_3tier_os4_p64_k2,88,network_maxmin,0.0005,10,0.026900000000000257,3f9b8bac710cb2e0,538,119a425db7648e91ee59798a054f2341007b10f9c840647098da3af8dc0865cb,b041c414a3dfa3a4fe4aa0d2f2bc35892cd097d6ff94645a7df5117e16a6aafc,44c1bda499d05d4b86602a0e0442090bc18930bbbbc9464f4250557c5f183461,27131f30e49e091316041e1cb3e1dcbf63b17e3552fbd348959648e52431a056,5dab49f23eb2d87b52fbc41adcdb6cf228a7fd573d9e3819386b341a1e3b40b1,54,1558,0,0,0,0,0,0,0,0,0,0,0,0.0,0.0,0.0,0.0,0.0,9.5367431640625e-07,0.0,0.0,9.5367431640625e-07,0.0,0
a069_proportional_3tier_os4_p64_k2__s088__w1000us,a069_proportional_3tier_os4_p64_k2__s088,proportional_3tier_os4_p64_k2,88,link_local_equal_share,0.001,20,0.026900000000000257,3f9b8bac710cb2e0,538,d84c14899f43469838b16c5739311231adb2dd9529a52ace6c12e952bbd2d118,b041c414a3dfa3a4fe4aa0d2f2bc35892cd097d6ff94645a7df5117e16a6aafc,44c1bda499d05d4b86602a0e0442090bc18930bbbbc9464f4250557c5f183461,27131f30e49e091316041e1cb3e1dcbf63b17e3552fbd348959648e52431a056,a27cf445a18da631a77500cda88f4666d30d32ecb1f30e7319bd4cb72db864ba,27,789,0,0,0,0,0,0,0,0,0,0,0,0.0,0.0,0.0,0.0,0.0,9.5367431640625e-07,0.0,0.0,9.5367431640625e-07,0.0,0
a069_proportional_3tier_os4_p64_k2__s088__w1000us,a069_proportional_3tier_os4_p64_k2__s088,proportional_3tier_os4_p64_k2,88,network_maxmin,0.001,20,0.026900000000000257,3f9b8bac710cb2e0,538,d84c14899f43469838b16c5739311231adb2dd9529a52ace6c12e952bbd2d118,b041c414a3dfa3a4fe4aa0d2f2bc35892cd097d6ff94645a7df5117e16a6aafc,44c1bda499d05d4b86602a0e0442090bc18930bbbbc9464f4250557c5f183461,27131f30e49e091316041e1cb3e1dcbf63b17e3552fbd348959648e52431a056,a27cf445a18da631a77500cda88f4666d30d32ecb1f30e7319bd4cb72db864ba,27,789,0,0,0,0,0,0,0,0,0,0,0,0.0,0.0,0.0,0.0,0.0,9.5367431640625e-07,0.0,0.0,9.5367431640625e-07,0.0,0
a069_proportional_3tier_os4_p64_k2__s088__w2000us,a069_proportional_3tier_os4_p64_k2__s088,proportional_3tier_os4_p64_k2,88,link_local_equal_share,0.002,40,0.026900000000000257,3f9b8bac710cb2e0,538,8625c8b99f412c64497bceaf66cde2bbceaa88aa88a94c8ebf05134391d7de9f,b041c414a3dfa3a4fe4aa0d2f2bc35892cd097d6ff94645a7df5117e16a6aafc,44c1bda499d05d4b86602a0e0442090bc18930bbbbc9464f4250557c5f183461,27131f30e49e091316041e1cb3e1dcbf63b17e3552fbd348959648e52431a056,a27cf445a18da631a77500cda88f4666d30d32ecb1f30e7319bd4cb72db864ba,14,424,0,0,0,0,0,0,0,0,0,0,0,0.0,0.0,0.0,0.0,0.0,9.5367431640625e-07,0.0,0.0,9.5367431640625e-07,0.0,0
a069_proportional_3tier_os4_p64_k2__s088__w2000us,a069_proportional_3tier_os4_p64_k2__s088,proportional_3tier_os4_p64_k2,88,network_maxmin,0.002,40,0.026900000000000257,3f9b8bac710cb2e0,538,8625c8b99f412c64497bceaf66cde2bbceaa88aa88a94c8ebf05134391d7de9f,b041c414a3dfa3a4fe4aa0d2f2bc35892cd097d6ff94645a7df5117e16a6aafc,44c1bda499d05d4b86602a0e0442090bc18930bbbbc9464f4250557c5f183461,27131f30e49e091316041e1cb3e1dcbf63b17e3552fbd348959648e52431a056,a27cf445a18da631a77500cda88f4666d30d32ecb1f30e7319bd4cb72db864ba,14,424,0,0,0,0,0,0,0,0,0,0,0,0.0,0.0,0.0,0.0,0.0,9.5367431640625e-07,0.0,0.0,9.5367431640625e-07,0.0,0
a069_proportional_3tier_os4_p64_k2__s099__w0500us,a069_proportional_3tier_os4_p64_k2__s099,proportional_3tier_os4_p64_k2,99,link_local_equal_share,0.0005,10,0.021500000000000102,3f9604189374bc88,430,51202c3ae1022889f793be7be836262fd5f605d48bd8356657ae7523a4e1bc38,b041c414a3dfa3a4fe4aa0d2f2bc35892cd097d6ff94645a7df5117e16a6aafc,6888e4484986ad870b8206d94ea0e28abd921ffdbc89bede6d7cb2ba05aa8c7e,571b0025618268d6cd1a85e89e3756a4b833835f0d8ddf4876f0e366aaf9ac5d,600bece416bc11bab70936582894ffa9e634cf6baf439c616c0d37db108151fd,44,1685,0,0,0,0,0,0,0,0,0,0,0,0.0,0.0,0.0,0.0,0.0,4.470348358154297e-07,1.4901161193847656e-08,0.0,4.470348358154297e-07,0.0,0
a069_proportional_3tier_os4_p64_k2__s099__w0500us,a069_proportional_3tier_os4_p64_k2__s099,proportional_3tier_os4_p64_k2,99,network_maxmin,0.0005,10,0.021500000000000102,3f9604189374bc88,430,51202c3ae1022889f793be7be836262fd5f605d48bd8356657ae7523a4e1bc38,b041c414a3dfa3a4fe4aa0d2f2bc35892cd097d6ff94645a7df5117e16a6aafc,6888e4484986ad870b8206d94ea0e28abd921ffdbc89bede6d7cb2ba05aa8c7e,571b0025618268d6cd1a85e89e3756a4b833835f0d8ddf4876f0e366aaf9ac5d,600bece416bc11bab70936582894ffa9e634cf6baf439c616c0d37db108151fd,44,1685,0,0,0,0,0,0,0,0,0,0,0,0.0,0.0,0.0,0.0,0.0,4.470348358154297e-07,1.4901161193847656e-08,0.0,4.470348358154297e-07,0.0,0
a069_proportional_3tier_os4_p64_k2__s099__w1000us,a069_proportional_3tier_os4_p64_k2__s099,proportional_3tier_os4_p64_k2,99,link_local_equal_share,0.001,20,0.021500000000000102,3f9604189374bc88,430,208163efbf6a741a8ad7d9ca9a410bc67f0f3bed820a2f55fdc83fdbe89051fe,b041c414a3dfa3a4fe4aa0d2f2bc35892cd097d6ff94645a7df5117e16a6aafc,6888e4484986ad870b8206d94ea0e28abd921ffdbc89bede6d7cb2ba05aa8c7e,571b0025618268d6cd1a85e89e3756a4b833835f0d8ddf4876f0e366aaf9ac5d,67ef8579f42bd68fa6c0417d4d3765b5d5f4497a2b760ebbf3a1bb87896ed84a,22,857,0,0,0,0,0,0,0,0,0,0,0,0.0,0.0,0.0,0.0,0.0,3.129243850708008e-07,7.450580596923828e-09,0.0,3.129243850708008e-07,0.0,0
a069_proportional_3tier_os4_p64_k2__s099__w1000us,a069_proportional_3tier_os4_p64_k2__s099,proportional_3tier_os4_p64_k2,99,network_maxmin,0.001,20,0.021500000000000102,3f9604189374bc88,430,208163efbf6a741a8ad7d9ca9a410bc67f0f3bed820a2f55fdc83fdbe89051fe,b041c414a3dfa3a4fe4aa0d2f2bc35892cd097d6ff94645a7df5117e16a6aafc,6888e4484986ad870b8206d94ea0e28abd921ffdbc89bede6d7cb2ba05aa8c7e,571b0025618268d6cd1a85e89e3756a4b833835f0d8ddf4876f0e366aaf9ac5d,67ef8579f42bd68fa6c0417d4d3765b5d5f4497a2b760ebbf3a1bb87896ed84a,22,857,0,0,0,0,0,0,0,0,0,0,0,0.0,0.0,0.0,0.0,0.0,3.129243850708008e-07,7.450580596923828e-09,0.0,3.129243850708008e-07,0.0,0
a069_proportional_3tier_os4_p64_k2__s099__w2000us,a069_proportional_3tier_os4_p64_k2__s099,proportional_3tier_os4_p64_k2,99,link_local_equal_share,0.002,40,0.021500000000000102,3f9604189374bc88,430,df3b45653571f5173d13e238840be566b1d46ea026a915606db0cc24359260e2,b041c414a3dfa3a4fe4aa0d2f2bc35892cd097d6ff94645a7df5117e16a6aafc,6888e4484986ad870b8206d94ea0e28abd921ffdbc89bede6d7cb2ba05aa8c7e,571b0025618268d6cd1a85e89e3756a4b833835f0d8ddf4876f0e366aaf9ac5d,cab574b94815f7eb2ea7e84f48d0742e1d62411d379228158f81909a0c8b7202,11,456,1,1,1,1,0,0,0,0,0,0,1,5449027.125000078,0.5,0.0,0.0,0.0,2.980232238769531e-07,7.450580596923828e-09,0.0,2.8312206268310547e-07,0.0,0
a069_proportional_3tier_os4_p64_k2__s099__w2000us,a069_proportional_3tier_os4_p64_k2__s099,proportional_3tier_os4_p64_k2,99,network_maxmin,0.002,40,0.021500000000000102,3f9604189374bc88,430,df3b45653571f5173d13e238840be566b1d46ea026a915606db0cc24359260e2,b041c414a3dfa3a4fe4aa0d2f2bc35892cd097d6ff94645a7df5117e16a6aafc,6888e4484986ad870b8206d94ea0e28abd921ffdbc89bede6d7cb2ba05aa8c7e,571b0025618268d6cd1a85e89e3756a4b833835f0d8ddf4876f0e366aaf9ac5d,cab574b94815f7eb2ea7e84f48d0742e1d62411d379228158f81909a0c8b7202,11,456,1,1,1,1,0,0,0,0,0,0,1,5449027.125000078,0.5,0.0,0.0,0.0,2.980232238769531e-07,7.450580596923828e-09,0.0,2.8312206268310547e-07,0.0,0
a072_proportional_3tier_os4_p64_k16__s000__w0500us,a072_proportional_3tier_os4_p64_k16__s000,proportional_3tier_os4_p64_k16,0,link_local_equal_share,0.0005,10,0.005899999999999992,3f782a9930be0de4,118,3914225df9765d7a1fe1e8bbf0e2a44be0c0a196848ebf85f26eeb42ad70b113,b041c414a3dfa3a4fe4aa0d2f2bc35892cd097d6ff94645a7df5117e16a6aafc,02b8b93c846ec5f679f63d5afcacddba0972d2f5532fd0d0b699941360977e2e,2c9bfc09fe35ec684fc0ae4a07f97ab5956b5ef62a09f788bb47cba48e59551a,4d8ee6a3d27011a73a26abfdae37255adeed37df7d782e2001e71edc2ed0753b,12,724,9,9,0,0,0,0,0,0,0,0,0,39487.16163581009,0.125,0.0,0.0,0.0,5.960464477539063e-08,1.4901161193847656e-08,0.0,5.960464477539063e-08,0.0,2
a072_proportional_3tier_os4_p64_k16__s000__w0500us,a072_proportional_3tier_os4_p64_k16__s000,proportional_3tier_os4_p64_k16,0,network_maxmin,0.0005,10,0.005399999999999995,3f761e4f765fd8a8,108,3914225df9765d7a1fe1e8bbf0e2a44be0c0a196848ebf85f26eeb42ad70b113,b041c414a3dfa3a4fe4aa0d2f2bc35892cd097d6ff94645a7df5117e16a6aafc,02b8b93c846ec5f679f63d5afcacddba0972d2f5532fd0d0b699941360977e2e,2c9bfc09fe35ec684fc0ae4a07f97ab5956b5ef62a09f788bb47cba48e59551a,37cb341b703fdc03645a8f8dfada21f8f8ac081b7ea87a4df97b5ca3a12c1b09,11,704,0,0,0,0,0,0,0,0,0,0,0,0.0,0.0,0.0,0.0,0.0,1.6391277313232422e-07,1.4901161193847656e-08,0.0,5.960464477539063e-08,0.0,0
a072_proportional_3tier_os4_p64_k16__s000__w1000us,a072_proportional_3tier_os4_p64_k16__s000,proportional_3tier_os4_p64_k16,0,link_local_equal_share,0.001,20,0.005899999999999992,3f782a9930be0de4,118,52923d5640ac52f22ffb19d8c3880756cc00e1c56d0bd55c0a4e96def1bfd0a0,b041c414a3dfa3a4fe4aa0d2f2bc35892cd097d6ff94645a7df5117e16a6aafc,02b8b93c846ec5f679f63d5afcacddba0972d2f5532fd0d0b699941360977e2e,2c9bfc09fe35ec684fc0ae4a07f97ab5956b5ef62a09f788bb47cba48e59551a,f22152962a9e9e473af36b188252d7752d2f7505fba9de3dda9429d3e2b3ec5f,6,384,0,0,0,0,0,0,0,0,0,0,0,0.0,0.0,0.0,0.0,0.0,2.9802322387695312e-08,1.4901161193847656e-08,0.0,2.9802322387695312e-08,0.0,2
a072_proportional_3tier_os4_p64_k16__s000__w1000us,a072_proportional_3tier_os4_p64_k16__s000,proportional_3tier_os4_p64_k16,0,network_maxmin,0.001,20,0.005399999999999995,3f761e4f765fd8a8,108,52923d5640ac52f22ffb19d8c3880756cc00e1c56d0bd55c0a4e96def1bfd0a0,b041c414a3dfa3a4fe4aa0d2f2bc35892cd097d6ff94645a7df5117e16a6aafc,02b8b93c846ec5f679f63d5afcacddba0972d2f5532fd0d0b699941360977e2e,2c9bfc09fe35ec684fc0ae4a07f97ab5956b5ef62a09f788bb47cba48e59551a,4dd19733e7762b61989dc10fe9817d0f0c94063b1e3ef536111efb2f9cd77b77,6,384,0,0,0,0,0,0,0,0,0,0,0,0.0,0.0,0.0,0.0,0.0,1.341104507446289e-07,1.4901161193847656e-08,0.0,2.9802322387695312e-08,0.0,0
a072_proportional_3tier_os4_p64_k16__s000__w2000us,a072_proportional_3tier_os4_p64_k16__s000,proportional_3tier_os4_p64_k16,0,link_local_equal_share,0.002,40,0.005899999999999992,3f782a9930be0de4,118,53544125defeed1ec631ae6c29e1f701f6d303b0e8b777c86ea8f752610f5055,b041c414a3dfa3a4fe4aa0d2f2bc35892cd097d6ff94645a7df5117e16a6aafc,02b8b93c846ec5f679f63d5afcacddba0972d2f5532fd0d0b699941360977e2e,2c9bfc09fe35ec684fc0ae4a07f97ab5956b5ef62a09f788bb47cba48e59551a,48586d8ed3441e79e507a8244b20c7dee20ad838ecee9f8bf9ccd3b7ff150ee1,3,192,0,0,0,0,0,0,0,0,0,0,0,0.0,0.0,0.0,0.0,0.0,1.4901161193847656e-08,1.4901161193847656e-08,0.0,2.2351741790771484e-08,0.0,2
a072_proportional_3tier_os4_p64_k16__s000__w2000us,a072_proportional_3tier_os4_p64_k16__s000,proportional_3tier_os4_p64_k16,0,network_maxmin,0.002,40,0.005399999999999995,3f761e4f765fd8a8,108,53544125defeed1ec631ae6c29e1f701f6d303b0e8b777c86ea8f752610f5055,b041c414a3dfa3a4fe4aa0d2f2bc35892cd097d6ff94645a7df5117e16a6aafc,02b8b93c846ec5f679f63d5afcacddba0972d2f5532fd0d0b699941360977e2e,2c9bfc09fe35ec684fc0ae4a07f97ab5956b5ef62a09f788bb47cba48e59551a,c267adedd568f290f51324f29a71bcc92666643b61de982e49503207f7012f32,3,192,0,0,0,0,0,0,0,0,0,0,0,0.0,0.0,0.0,0.0,0.0,1.1175870895385742e-07,1.4901161193847656e-08,0.0,2.9802322387695312e-08,0.0,0
a072_proportional_3tier_os4_p64_k16__s011__w0500us,a072_proportional_3tier_os4_p64_k16__s011,proportional_3tier_os4_p64_k16,11,link_local_equal_share,0.0005,10,0.0059999999999999915,3f789374bc6a7ef0,120,8bdd6d56d3bbabdf55b0c0800f2f8c2b85d2fb9b569e407f1ff5edcad5b83eed,b041c414a3dfa3a4fe4aa0d2f2bc35892cd097d6ff94645a7df5117e16a6aafc,82beff21ab777800627eac1d492ea55ec5bcbb1ae106b199afb98333cbfa189d,b3d5a6de439ec5ac1f0639be33699862fc0381fc11a1cbbcebbf31b6c6e0b6b0,41ff8fc54ca58ed07854b631da74bf459c21ee251c8780890f1fa4f2f998e33d,13,718,10,10,0,0,0,0,0,0,0,0,0,43533.493589718855,0.125,0.019021739130434784,0.0,0.0,4.470348358154297e-08,7.450580596923828e-09,0.0,4.470348358154297e-08,0.0,2
a072_proportional_3tier_os4_p64_k16__s011__w0500us,a072_proportional_3tier_os4_p64_k16__s011,proportional_3tier_os4_p64_k16,11,network_maxmin,0.0005,10,0.005399999999999995,3f761e4f765fd8a8,108,8bdd6d56d3bbabdf55b0c0800f2f8c2b85d2fb9b569e407f1ff5edcad5b83eed,b041c414a3dfa3a4fe4aa0d2f2bc35892cd097d6ff94645a7df5117e16a6aafc,82beff21ab777800627eac1d492ea55ec5bcbb1ae106b199afb98333cbfa189d,b3d5a6de439ec5ac1f0639be33699862fc0381fc11a1cbbcebbf31b6c6e0b6b0,ec875b2266d3a4fd0a25033ecb85fe53884702348f7229174b3d6db030d901f3,11,704,0,0,0,0,0,0,0,0,0,0,0,0.0,0.0,0.0,0.0,0.0,1.6391277313232422e-07,1.4901161193847656e-08,0.0,5.960464477539063e-08,0.0,0
a072_proportional_3tier_os4_p64_k16__s011__w1000us,a072_proportional_3tier_os4_p64_k16__s011,proportional_3tier_os4_p64_k16,11,link_local_equal_share,0.001,20,0.0059999999999999915,3f789374bc6a7ef0,120,7aa312bb0e951940868e7afbb27a5576132c1ef983c3a7697681b3f9baac3665,b041c414a3dfa3a4fe4aa0d2f2bc35892cd097d6ff94645a7df5117e16a6aafc,82beff21ab777800627eac1d492ea55ec5bcbb1ae106b199afb98333cbfa189d,b3d5a6de439ec5ac1f0639be33699862fc0381fc11a1cbbcebbf31b6c6e0b6b0,9db6c711066f140d030a236114b454152e557e19bf85e11310c7d518d8c935c4,7,384,0,0,0,0,0,0,0,0,0,0,0,0.0,0.0,0.0,0.0,0.0,2.9802322387695312e-08,7.450580596923828e-09,0.0,2.2351741790771484e-08,0.0,2
a072_proportional_3tier_os4_p64_k16__s011__w1000us,a072_proportional_3tier_os4_p64_k16__s011,proportional_3tier_os4_p64_k16,11,network_maxmin,0.001,20,0.005399999999999995,3f761e4f765fd8a8,108,7aa312bb0e951940868e7afbb27a5576132c1ef983c3a7697681b3f9baac3665,b041c414a3dfa3a4fe4aa0d2f2bc35892cd097d6ff94645a7df5117e16a6aafc,82beff21ab777800627eac1d492ea55ec5bcbb1ae106b199afb98333cbfa189d,b3d5a6de439ec5ac1f0639be33699862fc0381fc11a1cbbcebbf31b6c6e0b6b0,3349f826982679678fb2bf2f1b10e218dd1f3a7707e3815affd98097ec1631bd,6,384,0,0,0,0,0,0,0,0,0,0,0,0.0,0.0,0.0,0.0,0.0,1.4901161193847656e-07,1.4901161193847656e-08,0.0,4.470348358154297e-08,0.0,0
a072_proportional_3tier_os4_p64_k16__s011__w2000us,a072_proportional_3tier_os4_p64_k16__s011,proportional_3tier_os4_p64_k16,11,link_local_equal_share,0.002,40,0.0059999999999999915,3f789374bc6a7ef0,120,42456ae91c2623ee1dcad258b91ed70ee46420966bd5ca7e402dd7fcdd983926,b041c414a3dfa3a4fe4aa0d2f2bc35892cd097d6ff94645a7df5117e16a6aafc,82beff21ab777800627eac1d492ea55ec5bcbb1ae106b199afb98333cbfa189d,b3d5a6de439ec5ac1f0639be33699862fc0381fc11a1cbbcebbf31b6c6e0b6b0,52452008a430e4c6a3736c9d9023593d09d767acf1b801c76ea39bc08494888b,4,192,0,0,0,0,0,0,0,0,0,0,0,0.0,0.0,0.0,0.0,0.0,2.2351741790771484e-08,7.450580596923828e-09,0.0,2.2351741790771484e-08,0.0,2
a072_proportional_3tier_os4_p64_k16__s011__w2000us,a072_proportional_3tier_os4_p64_k16__s011,proportional_3tier_os4_p64_k16,11,network_maxmin,0.002,40,0.005399999999999995,3f761e4f765fd8a8,108,42456ae91c2623ee1dcad258b91ed70ee46420966bd5ca7e402dd7fcdd983926,b041c414a3dfa3a4fe4aa0d2f2bc35892cd097d6ff94645a7df5117e16a6aafc,82beff21ab777800627eac1d492ea55ec5bcbb1ae106b199afb98333cbfa189d,b3d5a6de439ec5ac1f0639be33699862fc0381fc11a1cbbcebbf31b6c6e0b6b0,5844f31b24559f1c85fe944c81dcf3a43ba98c3a82b6d8033bf1f4aa53fa8df7,3,192,0,0,0,0,0,0,0,0,0,0,0,0.0,0.0,0.0,0.0,0.0,1.1920928955078125e-07,1.4901161193847656e-08,0.0,2.9802322387695312e-08,0.0,0
a072_proportional_3tier_os4_p64_k16__s022__w0500us,a072_proportional_3tier_os4_p64_k16__s022,proportional_3tier_os4_p64_k16,22,link_local_equal_share,0.0005,10,0.005749999999999993,3f778d4fdf3b6452,115,b4df3a2039fd85732b6e5b7e83519ee993ef5c93a3af5191e3a3d40687cb0d8f,b041c414a3dfa3a4fe4aa0d2f2bc35892cd097d6ff94645a7df5117e16a6aafc,5edde4ff5f67d20ad4d647345efecf97c11bf1965cf53941d3d475d451a5665c,fbc31e420e1418507d380913f879b849267f619eac3e802f372d49697255c441,6970002f151a9a7b72de060ee3e5da1e5b7da754c26801804f090f029fad19f3,12,731,10,10,0,0,0,0,0,0,0,0,0,44147.52839984509,0.125,0.0,0.0,0.0,4.470348358154297e-08,7.450580596923828e-09,0.0,5.21540641784668e-08,0.0,1
a072_proportional_3tier_os4_p64_k16__s022__w0500us,a072_proportional_3tier_os4_p64_k16__s022,proportional_3tier_os4_p64_k16,22,network_maxmin,0.0005,10,0.005399999999999995,3f761e4f765fd8a8,108,b4df3a2039fd85732b6e5b7e83519ee993ef5c93a3af5191e3a3d40687cb0d8f,b041c414a3dfa3a4fe4aa0d2f2bc35892cd097d6ff94645a7df5117e16a6aafc,5edde4ff5f67d20ad4d647345efecf97c11bf1965cf53941d3d475d451a5665c,fbc31e420e1418507d380913f879b849267f619eac3e802f372d49697255c441,d0ba0108c36af91b259e429872a5def6204891233429a485db208062db135697,11,704,0,0,0,0,0,0,0,0,0,0,0,0.0,0.0,0.0,0.0,0.0,1.564621925354004e-07,1.4901161193847656e-08,0.0,4.470348358154297e-08,0.0,0
a072_proportional_3tier_os4_p64_k16__s022__w1000us,a072_proportional_3tier_os4_p64_k16__s022,proportional_3tier_os4_p64_k16,22,link_local_equal_share,0.001,20,0.005749999999999993,3f778d4fdf3b6452,115,16beb282ff2d34747654a874540874d730462f282bbb577e796de56cdadf7e2f,b041c414a3dfa3a4fe4aa0d2f2bc35892cd097d6ff94645a7df5117e16a6aafc,5edde4ff5f67d20ad4d647345efecf97c11bf1965cf53941d3d475d451a5665c,fbc31e420e1418507d380913f879b849267f619eac3e802f372d49697255c441,566093e68e9721f0cb87e4e4ca0e53d0d7465e86ca0286fe25ac27ccb0b1c8ae,6,384,0,0,0,0,0,0,0,0,0,0,0,0.0,0.0,0.0,0.0,0.0,2.2351741790771484e-08,7.450580596923828e-09,0.0,2.2351741790771484e-08,0.0,1
a072_proportional_3tier_os4_p64_k16__s022__w1000us,a072_proportional_3tier_os4_p64_k16__s022,proportional_3tier_os4_p64_k16,22,network_maxmin,0.001,20,0.005399999999999995,3f761e4f765fd8a8,108,16beb282ff2d34747654a874540874d730462f282bbb577e796de56cdadf7e2f,b041c414a3dfa3a4fe4aa0d2f2bc35892cd097d6ff94645a7df5117e16a6aafc,5edde4ff5f67d20ad4d647345efecf97c11bf1965cf53941d3d475d451a5665c,fbc31e420e1418507d380913f879b849267f619eac3e802f372d49697255c441,e933927a4223e13af1061b14c1cb6ea6d260626b06a4f2ec03b8b6778d5297bb,6,384,0,0,0,0,0,0,0,0,0,0,0,0.0,0.0,0.0,0.0,0.0,1.341104507446289e-07,1.4901161193847656e-08,0.0,2.9802322387695312e-08,0.0,0
a072_proportional_3tier_os4_p64_k16__s022__w2000us,a072_proportional_3tier_os4_p64_k16__s022,proportional_3tier_os4_p64_k16,22,link_local_equal_share,0.002,40,0.005749999999999993,3f778d4fdf3b6452,115,fe5a89e34e7962aa79f9d833836585bfd2c59ea60a3c3d752e75af261edc00e4,b041c414a3dfa3a4fe4aa0d2f2bc35892cd097d6ff94645a7df5117e16a6aafc,5edde4ff5f67d20ad4d647345efecf97c11bf1965cf53941d3d475d451a5665c,fbc31e420e1418507d380913f879b849267f619eac3e802f372d49697255c441,018203c994e6dd9733907c57a813d28e6f71e88e4bf3876ed3f12c0ca6814b83,3,192,0,0,0,0,0,0,0,0,0,0,0,0.0,0.0,0.0,0.0,0.0,1.4901161193847656e-08,7.450580596923828e-09,0.0,2.2351741790771484e-08,0.0,1
a072_proportional_3tier_os4_p64_k16__s022__w2000us,a072_proportional_3tier_os4_p64_k16__s022,proportional_3tier_os4_p64_k16,22,network_maxmin,0.002,40,0.005399999999999995,3f761e4f765fd8a8,108,fe5a89e34e7962aa79f9d833836585bfd2c59ea60a3c3d752e75af261edc00e4,b041c414a3dfa3a4fe4aa0d2f2bc35892cd097d6ff94645a7df5117e16a6aafc,5edde4ff5f67d20ad4d647345efecf97c11bf1965cf53941d3d475d451a5665c,fbc31e420e1418507d380913f879b849267f619eac3e802f372d49697255c441,ca1292c5117399a161e437dfbca0c02ebcfdf40c5b09119dce2c46a7d934dcc4,3,192,0,0,0,0,0,0,0,0,0,0,0,0.0,0.0,0.0,0.0,0.0,1.1175870895385742e-07,1.4901161193847656e-08,0.0,2.2351741790771484e-08,0.0,0
a072_proportional_3tier_os4_p64_k16__s033__w0500us,a072_proportional_3tier_os4_p64_k16__s033,proportional_3tier_os4_p64_k16,33,link_local_equal_share,0.0005,10,0.00629999999999999,3f79ce075f6fd214,126,adffcb5a374aee0a7aa4e11f2271f4bb107176401e1453d533dabe8b1a5b8710,b041c414a3dfa3a4fe4aa0d2f2bc35892cd097d6ff94645a7df5117e16a6aafc,115659af164d6a5b11623c1c4271f56eb3f49b99f08a3b35a6251822cdf766b5,cbe67940028561a529ea194255890e1c31f8d6d61418e2de21daa6180bf57553,5d3a0e5a9694ff42da7472c1c26faaafa79e0f4bc453d6d5288ae74d8c2b5322,13,740,17,17,3,3,0,0,0,0,0,3,1,349029.6891874586,0.33333333333333337,0.009868421052631582,0.009868421052631582,0.18750000000000003,7.450580596923828e-08,1.4901161193847656e-08,0.0,6.705522537231445e-08,0.0,1
a072_proportional_3tier_os4_p64_k16__s033__w0500us,a072_proportional_3tier_os4_p64_k16__s033,proportional_3tier_os4_p64_k16,33,network_maxmin,0.0005,10,0.005399999999999995,3f761e4f765fd8a8,108,adffcb5a374aee0a7aa4e11f2271f4bb107176401e1453d533dabe8b1a5b8710,b041c414a3dfa3a4fe4aa0d2f2bc35892cd097d6ff94645a7df5117e16a6aafc,115659af164d6a5b11623c1c4271f56eb3f49b99f08a3b35a6251822cdf766b5,cbe67940028561a529ea194255890e1c31f8d6d61418e2de21daa6180bf57553,c913e01afea12ef107f77666c64307a9c61477cc63c731a8c85a21317fe1f6de,11,704,0,0,0,0,0,0,0,0,0,0,0,0.0,0.0,0.0,0.0,0.0,1.6391277313232422e-07,7.450580596923828e-09,0.0,5.960464477539063e-08,0.0,0
a072_proportional_3tier_os4_p64_k16__s033__w1000us,a072_proportional_3tier_os4_p64_k16__s033,proportional_3tier_os4_p64_k16,33,link_local_equal_share,0.001,20,0.00629999999999999,3f79ce075f6fd214,126,193f858b522896efd26c4d9a765d21d7fdb14139fe46437dd1e994582ce8ab7f,b041c414a3dfa3a4fe4aa0d2f2bc35892cd097d6ff94645a7df5117e16a6aafc,115659af164d6a5b11623c1c4271f56eb3f49b99f08a3b35a6251822cdf766b5,cbe67940028561a529ea194255890e1c31f8d6d61418e2de21daa6180bf57553,a5582fcb7614cfb1d76bed874b636700ab1b81eaadb287c87c7a804a2de9fd65,7,388,14,14,3,3,0,0,0,0,0,3,1,335662.6237054839,0.33333333333333337,0.009868421052631582,0.009868421052631582,0.18750000000000003,3.725290298461914e-08,1.4901161193847656e-08,0.0,3.725290298461914e-08,0.0,2
a072_proportional_3tier_os4_p64_k16__s033__w1000us,a072_proportional_3tier_os4_p64_k16__s033,proportional_3tier_os4_p64_k16,33,network_maxmin,0.001,20,0.005399999999999995,3f761e4f765fd8a8,108,193f858b522896efd26c4d9a765d21d7fdb14139fe46437dd1e994582ce8ab7f,b041c414a3dfa3a4fe4aa0d2f2bc35892cd097d6ff94645a7df5117e16a6aafc,115659af164d6a5b11623c1c4271f56eb3f49b99f08a3b35a6251822cdf766b5,cbe67940028561a529ea194255890e1c31f8d6d61418e2de21daa6180bf57553,4d85d82d96e9b455c62e13a486a779223fc5c08f09b254b4ab26a187ab715166,6,384,0,0,0,0,0,0,0,0,0,0,0,0.0,0.0,0.0,0.0,0.0,1.4901161193847656e-07,7.450580596923828e-09,0.0,2.9802322387695312e-08,0.0,0
a072_proportional_3tier_os4_p64_k16__s033__w2000us,a072_proportional_3tier_os4_p64_k16__s033,proportional_3tier_os4_p64_k16,33,link_local_equal_share,0.002,40,0.00629999999999999,3f79ce075f6fd214,126,795586ac000aa321ca4c12675535f652379803357b7839d10f869e9c22c4df00,b041c414a3dfa3a4fe4aa0d2f2bc35892cd097d6ff94645a7df5117e16a6aafc,115659af164d6a5b11623c1c4271f56eb3f49b99f08a3b35a6251822cdf766b5,cbe67940028561a529ea194255890e1c31f8d6d61418e2de21daa6180bf57553,b9764d4e6b67a73c32f851e3bd974f29f10988ee48209c48e33accd0b639f745,4,196,14,14,3,3,0,0,0,0,0,3,1,335662.62370547827,0.33333333333333337,0.009868421052631582,0.009868421052631582,0.18750000000000003,2.9802322387695312e-08,1.4901161193847656e-08,0.0,2.2351741790771484e-08,0.0,2
a072_proportional_3tier_os4_p64_k16__s033__w2000us,a072_proportional_3tier_os4_p64_k16__s033,proportional_3tier_os4_p64_k16,33,network_maxmin,0.002,40,0.005399999999999995,3f761e4f765fd8a8,108,795586ac000aa321ca4c12675535f652379803357b7839d10f869e9c22c4df00,b041c414a3dfa3a4fe4aa0d2f2bc35892cd097d6ff94645a7df5117e16a6aafc,115659af164d6a5b11623c1c4271f56eb3f49b99f08a3b35a6251822cdf766b5,cbe67940028561a529ea194255890e1c31f8d6d61418e2de21daa6180bf57553,e53374bd34eb23fa9deace229d66ea50e7ed11e31875a587519ad2b130e69941,3,192,0,0,0,0,0,0,0,0,0,0,0,0.0,0.0,0.0,0.0,0.0,1.1920928955078125e-07,7.450580596923828e-09,0.0,2.9802322387695312e-08,0.0,0
a072_proportional_3tier_os4_p64_k16__s044__w0500us,a072_proportional_3tier_os4_p64_k16__s044,proportional_3tier_os4_p64_k16,44,link_local_equal_share,0.0005,10,0.005799999999999993,3f77c1bda5119cd8,116,628a224122164ba799e4975727af72cd0170dd4d8d02ec67c1057675639d841e,b041c414a3dfa3a4fe4aa0d2f2bc35892cd097d6ff94645a7df5117e16a6aafc,581c6276c39a2c86e524e4278b493f8fc81c7bac082363ae36ff07a6ebcf87be,26197361f7464738c7ca065efa1db3c61bec18ecfc498e7bf12e9140b9749a72,3a3d7e8d11557f36a81b73db586af90464d9c7424cf123f8ae64f995bc7a7d22,12,719,4,4,0,0,0,0,0,0,0,0,0,17413.397435887542,0.125,0.018055555555555554,0.0,0.0,5.960464477539063e-08,1.4901161193847656e-08,0.0,5.21540641784668e-08,0.0,1
a072_proportional_3tier_os4_p64_k16__s044__w0500us,a072_proportional_3tier_os4_p64_k16__s044,proportional_3tier_os4_p64_k16,44,network_maxmin,0.0005,10,0.005399999999999995,3f761e4f765fd8a8,108,628a224122164ba799e4975727af72cd0170dd4d8d02ec67c1057675639d841e,b041c414a3dfa3a4fe4aa0d2f2bc35892cd097d6ff94645a7df5117e16a6aafc,581c6276c39a2c86e524e4278b493f8fc81c7bac082363ae36ff07a6ebcf87be,26197361f7464738c7ca065efa1db3c61bec18ecfc498e7bf12e9140b9749a72,748937f036c143b5dbece460fe2d0611539a21f6bd7cc89e2f8779ddcecfabd5,11,704,0,0,0,0,0,0,0,0,0,0,0,0.0,0.0,0.0,0.0,0.0,1.6391277313232422e-07,1.4901161193847656e-08,0.0,5.960464477539063e-08,0.0,0
a072_proportional_3tier_os4_p64_k16__s044__w1000us,a072_proportional_3tier_os4_p64_k16__s044,proportional_3tier_os4_p64_k16,44,link_local_equal_share,0.001,20,0.005799999999999993,3f77c1bda5119cd8,116,4abb18f05bdd02d69fe44ef21599d0e711ae680385791a23071e88d50e764d0c,b041c414a3dfa3a4fe4aa0d2f2bc35892cd097d6ff94645a7df5117e16a6aafc,581c6276c39a2c86e524e4278b493f8fc81c7bac082363ae36ff07a6ebcf87be,26197361f7464738c7ca065efa1db3c61bec18ecfc498e7bf12e9140b9749a72,3b97171690b77a915a81e7effbd4b2d6b6fa0a627ecb41310f2862ff7b6c6a38,6,384,0,0,0,0,0,0,0,0,0,0,0,0.0,0.0,0.0,0.0,0.0,2.9802322387695312e-08,1.4901161193847656e-08,0.0,2.9802322387695312e-08,0.0,1
a072_proportional_3tier_os4_p64_k16__s044__w1000us,a072_proportional_3tier_os4_p64_k16__s044,proportional_3tier_os4_p64_k16,44,network_maxmin,0.001,20,0.005399999999999995,3f761e4f765fd8a8,108,4abb18f05bdd02d69fe44ef21599d0e711ae680385791a23071e88d50e764d0c,b041c414a3dfa3a4fe4aa0d2f2bc35892cd097d6ff94645a7df5117e16a6aafc,581c6276c39a2c86e524e4278b493f8fc81c7bac082363ae36ff07a6ebcf87be,26197361f7464738c7ca065efa1db3c61bec18ecfc498e7bf12e9140b9749a72,b3452daf21d20f64733f3adc509f4610cd77f1615330e752eb495d7f787712fb,6,384,0,0,0,0,0,0,0,0,0,0,0,0.0,0.0,0.0,0.0,0.0,1.341104507446289e-07,1.4901161193847656e-08,0.0,3.725290298461914e-08,0.0,0
a072_proportional_3tier_os4_p64_k16__s044__w2000us,a072_proportional_3tier_os4_p64_k16__s044,proportional_3tier_os4_p64_k16,44,link_local_equal_share,0.002,40,0.005799999999999993,3f77c1bda5119cd8,116,2307e9c27cc593d89dab1348db009a90de2df1fa047c72c049884c28688de4fe,b041c414a3dfa3a4fe4aa0d2f2bc35892cd097d6ff94645a7df5117e16a6aafc,581c6276c39a2c86e524e4278b493f8fc81c7bac082363ae36ff07a6ebcf87be,26197361f7464738c7ca065efa1db3c61bec18ecfc498e7bf12e9140b9749a72,39f28a87fe9407949e1d4b8b75622c47cf6d34bf33ee944f2df3244ea5a41082,3,192,0,0,0,0,0,0,0,0,0,0,0,0.0,0.0,0.0,0.0,0.0,1.4901161193847656e-08,1.4901161193847656e-08,0.0,2.2351741790771484e-08,0.0,1
a072_proportional_3tier_os4_p64_k16__s044__w2000us,a072_proportional_3tier_os4_p64_k16__s044,proportional_3tier_os4_p64_k16,44,network_maxmin,0.002,40,0.005399999999999995,3f761e4f765fd8a8,108,2307e9c27cc593d89dab1348db009a90de2df1fa047c72c049884c28688de4fe,b041c414a3dfa3a4fe4aa0d2f2bc35892cd097d6ff94645a7df5117e16a6aafc,581c6276c39a2c86e524e4278b493f8fc81c7bac082363ae36ff07a6ebcf87be,26197361f7464738c7ca065efa1db3c61bec18ecfc498e7bf12e9140b9749a72,b362c7066e169babedc7f3d0f6ba973a7e150c732d6c7fb126d11d6135ebe73b,3,192,0,0,0,0,0,0,0,0,0,0,0,0.0,0.0,0.0,0.0,0.0,1.1175870895385742e-07,1.4901161193847656e-08,0.0,2.9802322387695312e-08,0.0,0
a072_proportional_3tier_os4_p64_k16__s055__w0500us,a072_proportional_3tier_os4_p64_k16__s055,proportional_3tier_os4_p64_k16,55,link_local_equal_share,0.0005,10,0.005749999999999993,3f778d4fdf3b6452,115,34d59f0bace8cd4e273af3d7c5c00be2e70647c23e92413e6d3868291e8a75af,b041c414a3dfa3a4fe4aa0d2f2bc35892cd097d6ff94645a7df5117e16a6aafc,44998b2c27ff78c426c9e4bd37f97fab44430d369356ed162bf06fd55a3caf5d,cbe82ddddf85e10c74dfb14480fe920ab96e552e00e4240623be6ee600a18493,e4cb146fb4a1164871d74a08fdb7f4615ceeee30fcd18da20ab8793dfba85e7c,12,715,16,16,0,0,0,0,0,0,0,0,0,69653.58974355017,0.125,0.0,0.0,0.0,4.470348358154297e-08,7.450580596923828e-09,0.0,4.470348358154297e-08,0.0,0
a072_proportional_3tier_os4_p64_k16__s055__w0500us,a072_proportional_3tier_os4_p64_k16__s055,proportional_3tier_os4_p64_k16,55,network_maxmin,0.0005,10,0.005399999999999995,3f761e4f765fd8a8,108,34d59f0bace8cd4e273af3d7c5c00be2e70647c23e92413e6d3868291e8a75af,b041c414a3dfa3a4fe4aa0d2f2bc35892cd097d6ff94645a7df5117e16a6aafc,44998b2c27ff78c426c9e4bd37f97fab44430d369356ed162bf06fd55a3caf5d,cbe82ddddf85e10c74dfb14480fe920ab96e552e00e4240623be6ee600a18493,947604abd8fe204971c3c95f0aacc2b6f1742ed189c29dd5f06aca88707fd575,11,704,0,0,0,0,0,0,0,0,0,0,0,0.0,0.0,0.0,0.0,0.0,1.564621925354004e-07,1.4901161193847656e-08,0.0,4.470348358154297e-08,0.0,0
a072_proportional_3tier_os4_p64_k16__s055__w1000us,a072_proportional_3tier_os4_p64_k16__s055,proportional_3tier_os4_p64_k16,55,link_local_equal_share,0.001,20,0.005749999999999993,3f778d4fdf3b6452,115,c0a972ade1d2881f96d51a787d15c3a8fe99c5cff7fb3b59da7812afb74223f2,b041c414a3dfa3a4fe4aa0d2f2bc35892cd097d6ff94645a7df5117e16a6aafc,44998b2c27ff78c426c9e4bd37f97fab44430d369356ed162bf06fd55a3caf5d,cbe82ddddf85e10c74dfb14480fe920ab96e552e00e4240623be6ee600a18493,a508f93b8923093ba9f613100f283be98f0e5d79ebcf4ca58cdaca37e07306c7,6,384,0,0,0,0,0,0,0,0,0,0,0,0.0,0.0,0.0,0.0,0.0,2.2351741790771484e-08,7.450580596923828e-09,0.0,2.2351741790771484e-08,0.0,1
a072_proportional_3tier_os4_p64_k16__s055__w1000us,a072_proportional_3tier_os4_p64_k16__s055,proportional_3tier_os4_p64_k16,55,network_maxmin,0.001,20,0.005399999999999995,3f761e4f765fd8a8,108,c0a972ade1d2881f96d51a787d15c3a8fe99c5cff7fb3b59da7812afb74223f2,b041c414a3dfa3a4fe4aa0d2f2bc35892cd097d6ff94645a7df5117e16a6aafc,44998b2c27ff78c426c9e4bd37f97fab44430d369356ed162bf06fd55a3caf5d,cbe82ddddf85e10c74dfb14480fe920ab96e552e00e4240623be6ee600a18493,7d74d86eabe835e4c5c83d2e01df9a31eaec4b9913f26db92b01d1a627a75a69,6,384,0,0,0,0,0,0,0,0,0,0,0,0.0,0.0,0.0,0.0,0.0,1.341104507446289e-07,1.4901161193847656e-08,0.0,2.9802322387695312e-08,0.0,0
a072_proportional_3tier_os4_p64_k16__s055__w2000us,a072_proportional_3tier_os4_p64_k16__s055,proportional_3tier_os4_p64_k16,55,link_local_equal_share,0.002,40,0.005749999999999993,3f778d4fdf3b6452,115,069d5d2aac36031dcec3097e0b2a7fdf7bb89ef30b7b81f97a59a7bc6fc81ced,b041c414a3dfa3a4fe4aa0d2f2bc35892cd097d6ff94645a7df5117e16a6aafc,44998b2c27ff78c426c9e4bd37f97fab44430d369356ed162bf06fd55a3caf5d,cbe82ddddf85e10c74dfb14480fe920ab96e552e00e4240623be6ee600a18493,457d24d0c91fd8cda5a58f8c737c1904f267228edf8ad50eae1a400c08cfeb6d,3,192,0,0,0,0,0,0,0,0,0,0,0,0.0,0.0,0.0,0.0,0.0,1.4901161193847656e-08,7.450580596923828e-09,0.0,2.2351741790771484e-08,0.0,1
a072_proportional_3tier_os4_p64_k16__s055__w2000us,a072_proportional_3tier_os4_p64_k16__s055,proportional_3tier_os4_p64_k16,55,network_maxmin,0.002,40,0.005399999999999995,3f761e4f765fd8a8,108,069d5d2aac36031dcec3097e0b2a7fdf7bb89ef30b7b81f97a59a7bc6fc81ced,b041c414a3dfa3a4fe4aa0d2f2bc35892cd097d6ff94645a7df5117e16a6aafc,44998b2c27ff78c426c9e4bd37f97fab44430d369356ed162bf06fd55a3caf5d,cbe82ddddf85e10c74dfb14480fe920ab96e552e00e4240623be6ee600a18493,1b01de30520f97310e7ab38525e5a09863b5722275bdfd39736e3e8a8e479168,3,192,0,0,0,0,0,0,0,0,0,0,0,0.0,0.0,0.0,0.0,0.0,1.1175870895385742e-07,1.4901161193847656e-08,0.0,2.2351741790771484e-08,0.0,0
a072_proportional_3tier_os4_p64_k16__s066__w0500us,a072_proportional_3tier_os4_p64_k16__s066,proportional_3tier_os4_p64_k16,66,link_local_equal_share,0.0005,10,0.005849999999999992,3f77f62b6ae7d55e,117,ff7640b5c8bc99f795d7d50bec1b8df1eadc4d7efdffc6c1a80b4cbf60b7a758,b041c414a3dfa3a4fe4aa0d2f2bc35892cd097d6ff94645a7df5117e16a6aafc,85a17129a15a0147383af484805923e703b5b8c93868593a7581d85302c4bc3e,a09319a83abb4477609837178451e148615a987ade2d94e24ca34b180b6b2873,15ed792b0a6759883d0cb0cc61efdecb11bad3fd6bf5bc261e2ddc0d643c7b7a,12,716,0,0,0,0,0,0,0,0,0,0,0,0.0,0.0,0.02043444183182174,0.0,0.0,4.470348358154297e-08,7.450580596923828e-09,0.0,5.21540641784668e-08,0.0,1
a072_proportional_3tier_os4_p64_k16__s066__w0500us,a072_proportional_3tier_os4_p64_k16__s066,proportional_3tier_os4_p64_k16,66,network_maxmin,0.0005,10,0.005399999999999995,3f761e4f765fd8a8,108,ff7640b5c8bc99f795d7d50bec1b8df1eadc4d7efdffc6c1a80b4cbf60b7a758,b041c414a3dfa3a4fe4aa0d2f2bc35892cd097d6ff94645a7df5117e16a6aafc,85a17129a15a0147383af484805923e703b5b8c93868593a7581d85302c4bc3e,a09319a83abb4477609837178451e148615a987ade2d94e24ca34b180b6b2873,03c01b4688cacf44c17a2b363859adfcab64e3c1894129c88f0bf44144a0cdc6,11,704,0,0,0,0,0,0,0,0,0,0,0,0.0,0.0,0.0,0.0,0.0,1.6391277313232422e-07,1.4901161193847656e-08,0.0,5.960464477539063e-08,0.0,0
a072_proportional_3tier_os4_p64_k16__s066__w1000us,a072_proportional_3tier_os4_p64_k16__s066,proportional_3tier_os4_p64_k16,66,link_local_equal_share,0.001,20,0.005849999999999992,3f77f62b6ae7d55e,117,db74d62d6cffd209fb7c0b1505c8d8574a4ffd861e929ce7fad85c74f3cc4d12,b041c414a3dfa3a4fe4aa0d2f2bc35892cd097d6ff94645a7df5117e16a6aafc,85a17129a15a0147383af484805923e703b5b8c93868593a7581d85302c4bc3e,a09319a83abb4477609837178451e148615a987ade2d94e24ca34b180b6b2873,55d47839a8a9f5904424af6cd8db089ce39e689499dc4d06752ed80fae9bc986,6,384,0,0,0,0,0,0,0,0,0,0,0,0.0,0.0,0.0,0.0,0.0,2.2351741790771484e-08,7.450580596923828e-09,0.0,2.2351741790771484e-08,0.0,1
a072_proportional_3tier_os4_p64_k16__s066__w1000us,a072_proportional_3tier_os4_p64_k16__s066,proportional_3tier_os4_p64_k16,66,network_maxmin,0.001,20,0.005399999999999995,3f761e4f765fd8a8,108,db74d62d6cffd209fb7c0b1505c8d8574a4ffd861e929ce7fad85c74f3cc4d12,b041c414a3dfa3a4fe4aa0d2f2bc35892cd097d6ff94645a7df5117e16a6aafc,85a17129a15a0147383af484805923e703b5b8c93868593a7581d85302c4bc3e,a09319a83abb4477609837178451e148615a987ade2d94e24ca34b180b6b2873,b634a1753095bb577b85872ad0e26be85904e83f08375401716857607bc1498f,6,384,0,0,0,0,0,0,0,0,0,0,0,0.0,0.0,0.0,0.0,0.0,1.4901161193847656e-07,1.4901161193847656e-08,0.0,4.470348358154297e-08,0.0,0
a072_proportional_3tier_os4_p64_k16__s066__w2000us,a072_proportional_3tier_os4_p64_k16__s066,proportional_3tier_os4_p64_k16,66,link_local_equal_share,0.002,40,0.005849999999999992,3f77f62b6ae7d55e,117,527496f9a52ebef46329238bc532e945dbd0b4b630431df225e8d9aa6dd8e51c,b041c414a3dfa3a4fe4aa0d2f2bc35892cd097d6ff94645a7df5117e16a6aafc,85a17129a15a0147383af484805923e703b5b8c93868593a7581d85302c4bc3e,a09319a83abb4477609837178451e148615a987ade2d94e24ca34b180b6b2873,22730ac899820e316a8fe28e6bb8ae908183044fcbd367a33219b35a22fee4e8,3,192,0,0,0,0,0,0,0,0,0,0,0,0.0,0.0,0.0,0.0,0.0,1.4901161193847656e-08,7.450580596923828e-09,0.0,2.2351741790771484e-08,0.0,1
a072_proportional_3tier_os4_p64_k16__s066__w2000us,a072_proportional_3tier_os4_p64_k16__s066,proportional_3tier_os4_p64_k16,66,network_maxmin,0.002,40,0.005399999999999995,3f761e4f765fd8a8,108,527496f9a52ebef46329238bc532e945dbd0b4b630431df225e8d9aa6dd8e51c,b041c414a3dfa3a4fe4aa0d2f2bc35892cd097d6ff94645a7df5117e16a6aafc,85a17129a15a0147383af484805923e703b5b8c93868593a7581d85302c4bc3e,a09319a83abb4477609837178451e148615a987ade2d94e24ca34b180b6b2873,935b3a3b5809bbac666497dde4e2bafb126940fccc559b41de5ed73d2b59ef3f,3,192,0,0,0,0,0,0,0,0,0,0,0,0.0,0.0,0.0,0.0,0.0,1.1920928955078125e-07,1.4901161193847656e-08,0.0,2.9802322387695312e-08,0.0,0
a072_proportional_3tier_os4_p64_k16__s077__w0500us,a072_proportional_3tier_os4_p64_k16__s077,proportional_3tier_os4_p64_k16,77,link_local_equal_share,0.0005,10,0.005899999999999992,3f782a9930be0de4,118,ff33e3b6e4501ec60f0746afb95814108020ab5ace74cd602a53ccf250d931d5,b041c414a3dfa3a4fe4aa0d2f2bc35892cd097d6ff94645a7df5117e16a6aafc,6464260de08f51c1381ba97a68e3855cad4e6d5a20cf15ac75832b77eb0907ca,7a8c74cd571871fb3cbc53b5ddfe69f3f1ef45819b642ad1b4ecaa3619f7f2ee,48e793429270d29b6f4524c5fdd1478b0e03a3f7fb0221c12fbf55093f753156,12,715,4,4,0,0,0,0,0,0,0,0,0,17413.397435887542,0.125,0.0,0.0,0.0,4.470348358154297e-08,7.450580596923828e-09,0.0,5.21540641784668e-08,0.0,1
a072_proportional_3tier_os4_p64_k16__s077__w0500us,a072_proportional_3tier_os4_p64_k16__s077,proportional_3tier_os4_p64_k16,77,network_maxmin,0.0005,10,0.005399999999999995,3f761e4f765fd8a8,108,ff33e3b6e4501ec60f0746afb95814108020ab5ace74cd602a53ccf250d931d5,b041c414a3dfa3a4fe4aa0d2f2bc35892cd097d6ff94645a7df5117e16a6aafc,6464260de08f51c1381ba97a68e3855cad4e6d5a20cf15ac75832b77eb0907ca,7a8c74cd571871fb3cbc53b5ddfe69f3f1ef45819b642ad1b4ecaa3619f7f2ee,8d20410957baef469beabce7cf76273e74cfb022e946587505cd8c40155cba24,11,704,0,0,0,0,0,0,0,0,0,0,0,0.0,0.0,0.0,0.0,0.0,1.6391277313232422e-07,7.450580596923828e-09,0.0,5.960464477539063e-08,0.0,0
a072_proportional_3tier_os4_p64_k16__s077__w1000us,a072_proportional_3tier_os4_p64_k16__s077,proportional_3tier_os4_p64_k16,77,link_local_equal_share,0.001,20,0.005899999999999992,3f782a9930be0de4,118,979115389e7eb553e91564bbb7bd51739a7d0fb5cd057983a64695cb5885e26e,b041c414a3dfa3a4fe4aa0d2f2bc35892cd097d6ff94645a7df5117e16a6aafc,6464260de08f51c1381ba97a68e3855cad4e6d5a20cf15ac75832b77eb0907ca,7a8c74cd571871fb3cbc53b5ddfe69f3f1ef45819b642ad1b4ecaa3619f7f2ee,1569b8661f87f655f8427484d7cd10df1f09d5faf4660c2fceaf69f5eb0eb525,6,384,0,0,0,0,0,0,0,0,0,0,0,0.0,0.0,0.0,0.0,0.0,2.2351741790771484e-08,7.450580596923828e-09,0.0,2.2351741790771484e-08,0.0,1
a072_proportional_3tier_os4_p64_k16__s077__w1000us,a072_proportional_3tier_os4_p64_k16__s077,proportional_3tier_os4_p64_k16,77,network_maxmin,0.001,20,0.005399999999999995,3f761e4f765fd8a8,108,979115389e7eb553e91564bbb7bd51739a7d0fb5cd057983a64695cb5885e26e,b041c414a3dfa3a4fe4aa0d2f2bc35892cd097d6ff94645a7df5117e16a6aafc,6464260de08f51c1381ba97a68e3855cad4e6d5a20cf15ac75832b77eb0907ca,7a8c74cd571871fb3cbc53b5ddfe69f3f1ef45819b642ad1b4ecaa3619f7f2ee,d806cc8db9102ba70a933b23849cd864102478b1173de89caaf83a2ffba9a542,6,384,0,0,0,0,0,0,0,0,0,0,0,0.0,0.0,0.0,0.0,0.0,1.341104507446289e-07,7.450580596923828e-09,0.0,2.9802322387695312e-08,0.0,0
a072_proportional_3tier_os4_p64_k16__s077__w2000us,a072_proportional_3tier_os4_p64_k16__s077,proportional_3tier_os4_p64_k16,77,link_local_equal_share,0.002,40,0.005899999999999992,3f782a9930be0de4,118,3e9315a9b2e197213d786fc0f39034a7d60452833a1abcf2bfd459a1c370764c,b041c414a3dfa3a4fe4aa0d2f2bc35892cd097d6ff94645a7df5117e16a6aafc,6464260de08f51c1381ba97a68e3855cad4e6d5a20cf15ac75832b77eb0907ca,7a8c74cd571871fb3cbc53b5ddfe69f3f1ef45819b642ad1b4ecaa3619f7f2ee,b04446ae7e571df92f83751e4079ed01b12418a251a99cf177f6bc023676f709,3,192,0,0,0,0,0,0,0,0,0,0,0,0.0,0.0,0.0,0.0,0.0,1.4901161193847656e-08,7.450580596923828e-09,0.0,2.2351741790771484e-08,0.0,1
a072_proportional_3tier_os4_p64_k16__s077__w2000us,a072_proportional_3tier_os4_p64_k16__s077,proportional_3tier_os4_p64_k16,77,network_maxmin,0.002,40,0.005399999999999995,3f761e4f765fd8a8,108,3e9315a9b2e197213d786fc0f39034a7d60452833a1abcf2bfd459a1c370764c,b041c414a3dfa3a4fe4aa0d2f2bc35892cd097d6ff94645a7df5117e16a6aafc,6464260de08f51c1381ba97a68e3855cad4e6d5a20cf15ac75832b77eb0907ca,7a8c74cd571871fb3cbc53b5ddfe69f3f1ef45819b642ad1b4ecaa3619f7f2ee,d77fbfc34bcaa37c86584476c19fef4a1c98e0cf91cd6c6f3fa886938777d166,3,192,0,0,0,0,0,0,0,0,0,0,0,0.0,0.0,0.0,0.0,0.0,1.1175870895385742e-07,7.450580596923828e-09,0.0,2.9802322387695312e-08,0.0,0
a072_proportional_3tier_os4_p64_k16__s088__w0500us,a072_proportional_3tier_os4_p64_k16__s088,proportional_3tier_os4_p64_k16,88,link_local_equal_share,0.0005,10,0.005749999999999993,3f778d4fdf3b6452,115,539c506ed99ec50879bf757deeabbb038d8fba3f9492d5c6503114d5dccdaf40,b041c414a3dfa3a4fe4aa0d2f2bc35892cd097d6ff94645a7df5117e16a6aafc,44c1bda499d05d4b86602a0e0442090bc18930bbbbc9464f4250557c5f183461,883190fc8cd58f331bcaf816ead59ecc2f54a20fd2db135e15131ffebaf699fd,185dc76d1baf13f826acf79453011ae1430068ff394192211e4afc660023d8bf,12,719,8,8,0,0,0,0,0,0,0,0,0,34826.794871775084,0.125,0.0,0.0,0.0,4.470348358154297e-08,7.450580596923828e-09,0.0,5.21540641784668e-08,0.0,1
a072_proportional_3tier_os4_p64_k16__s088__w0500us,a072_proportional_3tier_os4_p64_k16__s088,proportional_3tier_os4_p64_k16,88,network_maxmin,0.0005,10,0.005399999999999995,3f761e4f765fd8a8,108,539c506ed99ec50879bf757deeabbb038d8fba3f9492d5c6503114d5dccdaf40,b041c414a3dfa3a4fe4aa0d2f2bc35892cd097d6ff94645a7df5117e16a6aafc,44c1bda499d05d4b86602a0e0442090bc18930bbbbc9464f4250557c5f183461,883190fc8cd58f331bcaf816ead59ecc2f54a20fd2db135e15131ffebaf699fd,f19b63e77969bde044cd5e8e14badf0a4594b25df1fb62071c2744c306262926,11,704,0,0,0,0,0,0,0,0,0,0,0,0.0,0.0,0.0,0.0,0.0,1.564621925354004e-07,1.4901161193847656e-08,0.0,4.470348358154297e-08,0.0,0
a072_proportional_3tier_os4_p64_k16__s088__w1000us,a072_proportional_3tier_os4_p64_k16__s088,proportional_3tier_os4_p64_k16,88,link_local_equal_share,0.001,20,0.005749999999999993,3f778d4fdf3b6452,115,00bb4d4d7e96db0f58dcc13d0eac5da9186be76ae1775ea292e8adea7d26557b,b041c414a3dfa3a4fe4aa0d2f2bc35892cd097d6ff94645a7df5117e16a6aafc,44c1bda499d05d4b86602a0e0442090bc18930bbbbc9464f4250557c5f183461,883190fc8cd58f331bcaf816ead59ecc2f54a20fd2db135e15131ffebaf699fd,758d44467527613b14a5d0062fd0957a3959584c22e5f1f810f4673e3015237c,6,384,0,0,0,0,0,0,0,0,0,0,0,0.0,0.0,0.0,0.0,0.0,2.2351741790771484e-08,7.450580596923828e-09,0.0,2.2351741790771484e-08,0.0,1
a072_proportional_3tier_os4_p64_k16__s088__w1000us,a072_proportional_3tier_os4_p64_k16__s088,proportional_3tier_os4_p64_k16,88,network_maxmin,0.001,20,0.005399999999999995,3f761e4f765fd8a8,108,00bb4d4d7e96db0f58dcc13d0eac5da9186be76ae1775ea292e8adea7d26557b,b041c414a3dfa3a4fe4aa0d2f2bc35892cd097d6ff94645a7df5117e16a6aafc,44c1bda499d05d4b86602a0e0442090bc18930bbbbc9464f4250557c5f183461,883190fc8cd58f331bcaf816ead59ecc2f54a20fd2db135e15131ffebaf699fd,402196ff58bf9c81627db5af4d3fe91b0cc2418861e5ad0bef5598ff4a22be36,6,384,0,0,0,0,0,0,0,0,0,0,0,0.0,0.0,0.0,0.0,0.0,1.341104507446289e-07,1.4901161193847656e-08,0.0,2.9802322387695312e-08,0.0,0
a072_proportional_3tier_os4_p64_k16__s088__w2000us,a072_proportional_3tier_os4_p64_k16__s088,proportional_3tier_os4_p64_k16,88,link_local_equal_share,0.002,40,0.005749999999999993,3f778d4fdf3b6452,115,a41f583b7d61cbc4165b93365d5dd0eceed67a318ec150dabc70cba923178378,b041c414a3dfa3a4fe4aa0d2f2bc35892cd097d6ff94645a7df5117e16a6aafc,44c1bda499d05d4b86602a0e0442090bc18930bbbbc9464f4250557c5f183461,883190fc8cd58f331bcaf816ead59ecc2f54a20fd2db135e15131ffebaf699fd,8c564ced91685d049a4b779fec8696efc347b551c429a27981b1553d5ba07adc,3,192,0,0,0,0,0,0,0,0,0,0,0,0.0,0.0,0.0,0.0,0.0,1.4901161193847656e-08,7.450580596923828e-09,0.0,2.2351741790771484e-08,0.0,1
a072_proportional_3tier_os4_p64_k16__s088__w2000us,a072_proportional_3tier_os4_p64_k16__s088,proportional_3tier_os4_p64_k16,88,network_maxmin,0.002,40,0.005399999999999995,3f761e4f765fd8a8,108,a41f583b7d61cbc4165b93365d5dd0eceed67a318ec150dabc70cba923178378,b041c414a3dfa3a4fe4aa0d2f2bc35892cd097d6ff94645a7df5117e16a6aafc,44c1bda499d05d4b86602a0e0442090bc18930bbbbc9464f4250557c5f183461,883190fc8cd58f331bcaf816ead59ecc2f54a20fd2db135e15131ffebaf699fd,9c61b6d64fb9af58576f3cfe08201efc48c20f33345554e4253168b7b75053da,3,192,0,0,0,0,0,0,0,0,0,0,0,0.0,0.0,0.0,0.0,0.0,1.1175870895385742e-07,1.4901161193847656e-08,0.0,2.2351741790771484e-08,0.0,0
a072_proportional_3tier_os4_p64_k16__s099__w0500us,a072_proportional_3tier_os4_p64_k16__s099,proportional_3tier_os4_p64_k16,99,link_local_equal_share,0.0005,10,0.005649999999999994,3f772474538ef346,113,999740755cf89ee0b103499dc28526597a6cc3c884cc6a28e2ac7c0cbe04afde,b041c414a3dfa3a4fe4aa0d2f2bc35892cd097d6ff94645a7df5117e16a6aafc,6888e4484986ad870b8206d94ea0e28abd921ffdbc89bede6d7cb2ba05aa8c7e,a7456b1e9d2cbe961bed9421d96461d4e405e05310b50f1ff31d1834696045a7,870baeee6b350a17905c1e113f5569de0d0a2eb8a78db2fbf6e609f2a773d870,12,713,13,13,0,0,0,0,0,0,0,0,0,56900.55907169763,0.125,0.0,0.0,0.0,4.470348358154297e-08,7.450580596923828e-09,0.0,4.470348358154297e-08,0.0,0
a072_proportional_3tier_os4_p64_k16__s099__w0500us,a072_proportional_3tier_os4_p64_k16__s099,proportional_3tier_os4_p64_k16,99,network_maxmin,0.0005,10,0.005399999999999995,3f761e4f765fd8a8,108,999740755cf89ee0b103499dc28526597a6cc3c884cc6a28e2ac7c0cbe04afde,b041c414a3dfa3a4fe4aa0d2f2bc35892cd097d6ff94645a7df5117e16a6aafc,6888e4484986ad870b8206d94ea0e28abd921ffdbc89bede6d7cb2ba05aa8c7e,a7456b1e9d2cbe961bed9421d96461d4e405e05310b50f1ff31d1834696045a7,ca90129afff498ffcbbde244555251330f70d9b09dc7659c05335099919af24d,11,704,0,0,0,0,0,0,0,0,0,0,0,0.0,0.0,0.0,0.0,0.0,1.6391277313232422e-07,7.450580596923828e-09,0.0,5.960464477539063e-08,0.0,0
a072_proportional_3tier_os4_p64_k16__s099__w1000us,a072_proportional_3tier_os4_p64_k16__s099,proportional_3tier_os4_p64_k16,99,link_local_equal_share,0.001,20,0.005699999999999993,3f7758e219652bcc,114,4b29e1d623b80985acbdb8e5ee19bfdbcf8498f0e42c281f63c56d9c31c107da,b041c414a3dfa3a4fe4aa0d2f2bc35892cd097d6ff94645a7df5117e16a6aafc,6888e4484986ad870b8206d94ea0e28abd921ffdbc89bede6d7cb2ba05aa8c7e,a7456b1e9d2cbe961bed9421d96461d4e405e05310b50f1ff31d1834696045a7,0cc4bd88f8438c39fc7d4e7ccc127256589ec8a19f6b2415e18176b67258fe8c,6,384,0,0,0,0,0,0,0,0,0,0,0,0.0,0.0,0.0,0.0,0.0,2.2351741790771484e-08,7.450580596923828e-09,0.0,2.2351741790771484e-08,0.0,1
a072_proportional_3tier_os4_p64_k16__s099__w1000us,a072_proportional_3tier_os4_p64_k16__s099,proportional_3tier_os4_p64_k16,99,network_maxmin,0.001,20,0.005399999999999995,3f761e4f765fd8a8,108,4b29e1d623b80985acbdb8e5ee19bfdbcf8498f0e42c281f63c56d9c31c107da,b041c414a3dfa3a4fe4aa0d2f2bc35892cd097d6ff94645a7df5117e16a6aafc,6888e4484986ad870b8206d94ea0e28abd921ffdbc89bede6d7cb2ba05aa8c7e,a7456b1e9d2cbe961bed9421d96461d4e405e05310b50f1ff31d1834696045a7,9b5572f378459c5fbdc7c6c0e43cb4838794d16b19de5723bb9f09c357694a89,6,384,0,0,0,0,0,0,0,0,0,0,0,0.0,0.0,0.0,0.0,0.0,1.341104507446289e-07,7.450580596923828e-09,0.0,2.9802322387695312e-08,0.0,0
a072_proportional_3tier_os4_p64_k16__s099__w2000us,a072_proportional_3tier_os4_p64_k16__s099,proportional_3tier_os4_p64_k16,99,link_local_equal_share,0.002,40,0.005699999999999993,3f7758e219652bcc,114,9574254c2577af7bed4a74e6d1efb5d06432b1ef3c4a1c79403b6e907b31749f,b041c414a3dfa3a4fe4aa0d2f2bc35892cd097d6ff94645a7df5117e16a6aafc,6888e4484986ad870b8206d94ea0e28abd921ffdbc89bede6d7cb2ba05aa8c7e,a7456b1e9d2cbe961bed9421d96461d4e405e05310b50f1ff31d1834696045a7,9e9d00822fe13a89409d0afce170bcee2633af1c981c807153365d84c6708cec,3,192,0,0,0,0,0,0,0,0,0,0,0,0.0,0.0,0.0,0.0,0.0,1.4901161193847656e-08,7.450580596923828e-09,0.0,2.2351741790771484e-08,0.0,1
a072_proportional_3tier_os4_p64_k16__s099__w2000us,a072_proportional_3tier_os4_p64_k16__s099,proportional_3tier_os4_p64_k16,99,network_maxmin,0.002,40,0.005399999999999995,3f761e4f765fd8a8,108,9574254c2577af7bed4a74e6d1efb5d06432b1ef3c4a1c79403b6e907b31749f,b041c414a3dfa3a4fe4aa0d2f2bc35892cd097d6ff94645a7df5117e16a6aafc,6888e4484986ad870b8206d94ea0e28abd921ffdbc89bede6d7cb2ba05aa8c7e,a7456b1e9d2cbe961bed9421d96461d4e405e05310b50f1ff31d1834696045a7,ca1b03aa3faa5b1746b5a6b38fb9886016f85ced728eb3b0f2c163c92cc50a13,3,192,0,0,0,0,0,0,0,0,0,0,0,0.0,0.0,0.0,0.0,0.0,1.1175870895385742e-07,7.450580596923828e-09,0.0,2.9802322387695312e-08,0.0,0
a079_proportional_2tier_p64_k8__s000__w0500us,a079_proportional_2tier_p64_k8__s000,proportional_2tier_p64_k8,0,link_local_equal_share,0.0005,10,0.006349999999999989,3f7a027525460a9a,127,08a98c4ffe223b1bf6976807ceba2cc0ef4e9a091781c1188682a212f72629c3,a442e3459c4db0f144cad2f0088b3d94cabde81045209875e3a2993e0baaf919,aaa59be65272433e16de3263b0a29579b37d4e6ba855b5e0a8eec15ab75704a9,c8facccd1a8fc8acd7f08792bc2f81233bc9ed82dc15a7f885f97922bbac7bd1,a16244490efab82947255a489602c315d25d0cb03128e39795a952528bc9b00d,13,729,0,0,0,0,0,0,0,0,0,0,0,0.0,0.0,0.0,0.0,0.0,8.940696716308594e-08,7.450580596923828e-09,0.0,5.21540641784668e-08,0.0,1
a079_proportional_2tier_p64_k8__s000__w0500us,a079_proportional_2tier_p64_k8__s000,proportional_2tier_p64_k8,0,network_maxmin,0.0005,10,0.005399999999999995,3f761e4f765fd8a8,108,08a98c4ffe223b1bf6976807ceba2cc0ef4e9a091781c1188682a212f72629c3,a442e3459c4db0f144cad2f0088b3d94cabde81045209875e3a2993e0baaf919,aaa59be65272433e16de3263b0a29579b37d4e6ba855b5e0a8eec15ab75704a9,c8facccd1a8fc8acd7f08792bc2f81233bc9ed82dc15a7f885f97922bbac7bd1,5109d4fce6403e70c0e0f565e851f713db747e06d554337fd770742ea64bfe21,11,704,0,0,0,0,0,0,0,0,0,0,0,0.0,0.0,0.0,0.0,0.0,1.341104507446289e-07,1.4901161193847656e-08,0.0,3.725290298461914e-08,0.0,0
a079_proportional_2tier_p64_k8__s000__w1000us,a079_proportional_2tier_p64_k8__s000,proportional_2tier_p64_k8,0,link_local_equal_share,0.001,20,0.006349999999999989,3f7a027525460a9a,127,e3ea0afb96de6caecf639397de51fff366d598ac8c7c1703e28a7aebe6c7ce94,a442e3459c4db0f144cad2f0088b3d94cabde81045209875e3a2993e0baaf919,aaa59be65272433e16de3263b0a29579b37d4e6ba855b5e0a8eec15ab75704a9,c8facccd1a8fc8acd7f08792bc2f81233bc9ed82dc15a7f885f97922bbac7bd1,d8dba4412a7834905c8f8125f90fe8950c533d37f9e2e727f209fd2af3bace70,7,386,0,0,0,0,0,0,0,0,0,0,0,0.0,0.0,0.0,0.0,0.0,8.940696716308594e-08,7.450580596923828e-09,0.0,2.9802322387695312e-08,0.0,1
a079_proportional_2tier_p64_k8__s000__w1000us,a079_proportional_2tier_p64_k8__s000,proportional_2tier_p64_k8,0,network_maxmin,0.001,20,0.005399999999999995,3f761e4f765fd8a8,108,e3ea0afb96de6caecf639397de51fff366d598ac8c7c1703e28a7aebe6c7ce94,a442e3459c4db0f144cad2f0088b3d94cabde81045209875e3a2993e0baaf919,aaa59be65272433e16de3263b0a29579b37d4e6ba855b5e0a8eec15ab75704a9,c8facccd1a8fc8acd7f08792bc2f81233bc9ed82dc15a7f885f97922bbac7bd1,a284369fda563d47e89c80ce35ea24b39abe8433dc655e5e65c6de32d7d850b4,6,384,0,0,0,0,0,0,0,0,0,0,0,0.0,0.0,0.0,0.0,0.0,1.1920928955078125e-07,1.4901161193847656e-08,0.0,2.9802322387695312e-08,0.0,0
a079_proportional_2tier_p64_k8__s000__w2000us,a079_proportional_2tier_p64_k8__s000,proportional_2tier_p64_k8,0,link_local_equal_share,0.002,40,0.006349999999999989,3f7a027525460a9a,127,fe9e909bd704cd08e75bc70b7ee477c1167a4c38be40092ca5a5bc7c412696d3,a442e3459c4db0f144cad2f0088b3d94cabde81045209875e3a2993e0baaf919,aaa59be65272433e16de3263b0a29579b37d4e6ba855b5e0a8eec15ab75704a9,c8facccd1a8fc8acd7f08792bc2f81233bc9ed82dc15a7f885f97922bbac7bd1,ac0b6f4f3f78f4bafb1048fdc9638f8831912a3ddf9774147d4f19954c305dd4,4,194,0,0,0,0,0,0,0,0,0,0,0,0.0,0.0,0.0,0.0,0.0,7.450580596923828e-08,7.450580596923828e-09,0.0,2.9802322387695312e-08,0.0,1
a079_proportional_2tier_p64_k8__s000__w2000us,a079_proportional_2tier_p64_k8__s000,proportional_2tier_p64_k8,0,network_maxmin,0.002,40,0.005399999999999995,3f761e4f765fd8a8,108,fe9e909bd704cd08e75bc70b7ee477c1167a4c38be40092ca5a5bc7c412696d3,a442e3459c4db0f144cad2f0088b3d94cabde81045209875e3a2993e0baaf919,aaa59be65272433e16de3263b0a29579b37d4e6ba855b5e0a8eec15ab75704a9,c8facccd1a8fc8acd7f08792bc2f81233bc9ed82dc15a7f885f97922bbac7bd1,e2f8c06065a615fdf89b0c6dd534cd7308469f1f2ffad953033705edf0292967,3,192,0,0,0,0,0,0,0,0,0,0,0,0.0,0.0,0.0,0.0,0.0,8.940696716308594e-08,1.4901161193847656e-08,0.0,1.4901161193847656e-08,0.0,0
a079_proportional_2tier_p64_k8__s011__w0500us,a079_proportional_2tier_p64_k8__s011,proportional_2tier_p64_k8,11,link_local_equal_share,0.0005,10,0.006349999999999989,3f7a027525460a9a,127,e3e9e4f0e31d31cf1832e67bb486f7262004e66c81fe4f1aea3acec1354b3356,a442e3459c4db0f144cad2f0088b3d94cabde81045209875e3a2993e0baaf919,8b75fe3e4a711ba880443b4f22ec0db33371d47a80bfb8c4827277ffb0c2b699,551333b35fef38939b4f8b6433c0efe0c08887665a7d7c7d66cad51c01e42873,7f7431738da5c4cb58215266421b0b079d882519c3fa02b8513fdaf569040b7f,13,719,0,0,0,0,0,0,0,0,0,0,0,0.0,0.0,0.0,0.0,0.0,1.043081283569336e-07,1.4901161193847656e-08,0.0,5.960464477539063e-08,0.0,2
a079_proportional_2tier_p64_k8__s011__w0500us,a079_proportional_2tier_p64_k8__s011,proportional_2tier_p64_k8,11,network_maxmin,0.0005,10,0.005399999999999995,3f761e4f765fd8a8,108,e3e9e4f0e31d31cf1832e67bb486f7262004e66c81fe4f1aea3acec1354b3356,a442e3459c4db0f144cad2f0088b3d94cabde81045209875e3a2993e0baaf919,8b75fe3e4a711ba880443b4f22ec0db33371d47a80bfb8c4827277ffb0c2b699,551333b35fef38939b4f8b6433c0efe0c08887665a7d7c7d66cad51c01e42873,1dfc47741560c3fc43db37a83a023c59737ba50a9eda4ca4b1fad3399a3f3504,11,704,0,0,0,0,0,0,0,0,0,0,0,0.0,0.0,0.0,0.0,0.0,1.043081283569336e-07,1.4901161193847656e-08,0.0,3.725290298461914e-08,0.0,0
a079_proportional_2tier_p64_k8__s011__w1000us,a079_proportional_2tier_p64_k8__s011,proportional_2tier_p64_k8,11,link_local_equal_share,0.001,20,0.006349999999999989,3f7a027525460a9a,127,5f937c879c5ba9a86b94a797e5e516dbc645451fa567d430bbd662a16f09a385,a442e3459c4db0f144cad2f0088b3d94cabde81045209875e3a2993e0baaf919,8b75fe3e4a711ba880443b4f22ec0db33371d47a80bfb8c4827277ffb0c2b699,551333b35fef38939b4f8b6433c0efe0c08887665a7d7c7d66cad51c01e42873,ebf92123df2166dbf41343a6e3782504d151e54e69eee7d80fe479e0e344d9a8,7,386,0,0,0,0,0,0,0,0,0,0,0,0.0,0.0,0.0,0.0,0.0,8.940696716308594e-08,7.450580596923828e-09,0.0,4.470348358154297e-08,0.0,2
a079_proportional_2tier_p64_k8__s011__w1000us,a079_proportional_2tier_p64_k8__s011,proportional_2tier_p64_k8,11,network_maxmin,0.001,20,0.005399999999999995,3f761e4f765fd8a8,108,5f937c879c5ba9a86b94a797e5e516dbc645451fa567d430bbd662a16f09a385,a442e3459c4db0f144cad2f0088b3d94cabde81045209875e3a2993e0baaf919,8b75fe3e4a711ba880443b4f22ec0db33371d47a80bfb8c4827277ffb0c2b699,551333b35fef38939b4f8b6433c0efe0c08887665a7d7c7d66cad51c01e42873,3fc80c944d7b2b2b589bc24c01cdf9621bac971fec297b2304451e34653199ed,6,384,0,0,0,0,0,0,0,0,0,0,0,0.0,0.0,0.0,0.0,0.0,8.940696716308594e-08,1.4901161193847656e-08,0.0,2.9802322387695312e-08,0.0,0
a079_proportional_2tier_p64_k8__s011__w2000us,a079_proportional_2tier_p64_k8__s011,proportional_2tier_p64_k8,11,link_local_equal_share,0.002,40,0.006349999999999989,3f7a027525460a9a,127,b080caf835333b5deb12f1547afaa9f40bb0a8c89bf7fd2b02ebe2e6a40211a3,a442e3459c4db0f144cad2f0088b3d94cabde81045209875e3a2993e0baaf919,8b75fe3e4a711ba880443b4f22ec0db33371d47a80bfb8c4827277ffb0c2b699,551333b35fef38939b4f8b6433c0efe0c08887665a7d7c7d66cad51c01e42873,e1ce20e759508a56370763be8c44a729303dc5e44e58ecef41a24de4f375bdfb,4,194,0,0,0,0,0,0,0,0,0,0,0,0.0,0.0,0.0,0.0,0.0,7.450580596923828e-08,7.450580596923828e-09,0.0,2.9802322387695312e-08,0.0,2
a079_proportional_2tier_p64_k8__s011__w2000us,a079_proportional_2tier_p64_k8__s011,proportional_2tier_p64_k8,11,network_maxmin,0.002,40,0.005399999999999995,3f761e4f765fd8a8,108,b080caf835333b5deb12f1547afaa9f40bb0a8c89bf7fd2b02ebe2e6a40211a3,a442e3459c4db0f144cad2f0088b3d94cabde81045209875e3a2993e0baaf919,8b75fe3e4a711ba880443b4f22ec0db33371d47a80bfb8c4827277ffb0c2b699,551333b35fef38939b4f8b6433c0efe0c08887665a7d7c7d66cad51c01e42873,5ef31e07e0e0ae07891b2f7c52f3060bde36e6b8f3a9fbe394d02ef7e8f18ea9,3,192,0,0,0,0,0,0,0,0,0,0,0,0.0,0.0,0.0,0.0,0.0,8.940696716308594e-08,1.4901161193847656e-08,0.0,1.4901161193847656e-08,0.0,0
a079_proportional_2tier_p64_k8__s022__w0500us,a079_proportional_2tier_p64_k8__s022,proportional_2tier_p64_k8,22,link_local_equal_share,0.0005,10,0.006449999999999989,3f7a6b50b0f27ba6,129,f7a2515ce08caa33756a1caf0c67f3b1d480f346f6186d75cd3b1e7ebf8dbbea,a442e3459c4db0f144cad2f0088b3d94cabde81045209875e3a2993e0baaf919,16263216492c564ac40011eb57c2ca5d5a2efdccf062b809474c5d7172dab010,bc53edfbea1f459c117544d041fb11ddac6369b5a7d6ab112ba44fbac3b749a6,90f133453822ba375a8be329d7c19bb0dc20568cd7048613db54a50dfa8c98a9,13,727,6,6,0,0,0,0,0,0,0,0,0,5351.925465857203,0.75,0.0,0.0,0.0,1.4901161193847656e-07,7.450580596923828e-09,0.0,7.450580596923828e-08,0.0,2
a079_proportional_2tier_p64_k8__s022__w0500us,a079_proportional_2tier_p64_k8__s022,proportional_2tier_p64_k8,22,network_maxmin,0.0005,10,0.005549999999999994,3f76bb98c7e2823a,111,f7a2515ce08caa33756a1caf0c67f3b1d480f346f6186d75cd3b1e7ebf8dbbea,a442e3459c4db0f144cad2f0088b3d94cabde81045209875e3a2993e0baaf919,16263216492c564ac40011eb57c2ca5d5a2efdccf062b809474c5d7172dab010,bc53edfbea1f459c117544d041fb11ddac6369b5a7d6ab112ba44fbac3b749a6,a6b4c5968d6b2e11a8d3d72c0c4485e7bacaac85a5dafbf2b210708e679025b7,12,705,7,7,0,0,0,0,0,0,0,0,0,46600.78674691987,0.875,0.0,0.0,0.0,1.4901161193847656e-07,7.450580596923828e-09,0.0,4.470348358154297e-08,0.0,0
a079_proportional_2tier_p64_k8__s022__w1000us,a079_proportional_2tier_p64_k8__s022,proportional_2tier_p64_k8,22,link_local_equal_share,0.001,20,0.006449999999999989,3f7a6b50b0f27ba6,129,dcf688da8ced16ad0dd96e33aa16976f0b3f2068189a813ccc3665991d47e011,a442e3459c4db0f144cad2f0088b3d94cabde81045209875e3a2993e0baaf919,16263216492c564ac40011eb57c2ca5d5a2efdccf062b809474c5d7172dab010,bc53edfbea1f459c117544d041fb11ddac6369b5a7d6ab112ba44fbac3b749a6,9babe2277a48f5a71f36b50e44be5f40bd7e911f3806bd5d03c35f1efbaa979a,7,390,6,6,0,0,0,0,0,0,0,0,0,5351.9254658577265,0.75,0.0,0.0,0.0,1.1920928955078125e-07,7.450580596923828e-09,0.0,4.470348358154297e-08,0.0,2
a079_proportional_2tier_p64_k8__s022__w1000us,a079_proportional_2tier_p64_k8__s022,proportional_2tier_p64_k8,22,network_maxmin,0.001,20,0.005549999999999994,3f76bb98c7e2823a,111,dcf688da8ced16ad0dd96e33aa16976f0b3f2068189a813ccc3665991d47e011,a442e3459c4db0f144cad2f0088b3d94cabde81045209875e3a2993e0baaf919,16263216492c564ac40011eb57c2ca5d5a2efdccf062b809474c5d7172dab010,bc53edfbea1f459c117544d041fb11ddac6369b5a7d6ab112ba44fbac3b749a6,dbbedf0ff4995f2484e17af7d2822f57afc984bf7b5cc0f606a341416d6fc9c6,6,384,0,0,0,0,0,0,0,0,0,0,0,0.0,0.0,0.0,0.0,0.0,1.1920928955078125e-07,7.450580596923828e-09,0.0,1.4901161193847656e-08,0.0,1
a079_proportional_2tier_p64_k8__s022__w2000us,a079_proportional_2tier_p64_k8__s022,proportional_2tier_p64_k8,22,link_local_equal_share,0.002,40,0.006449999999999989,3f7a6b50b0f27ba6,129,998fe6bc682b0e883373c9d7bea90eda6b813954d79c51f1e4db49c60872a255,a442e3459c4db0f144cad2f0088b3d94cabde81045209875e3a2993e0baaf919,16263216492c564ac40011eb57c2ca5d5a2efdccf062b809474c5d7172dab010,bc53edfbea1f459c117544d041fb11ddac6369b5a7d6ab112ba44fbac3b749a6,c2cfdc7df3329d63e4fd6237036a1f295e3fc4a2a4e1559434a386a7e3b89ee7,4,198,6,6,0,0,0,0,0,0,0,0,0,5351.925465858774,0.75,0.0,0.0,0.0,1.043081283569336e-07,7.450580596923828e-09,0.0,2.9802322387695312e-08,0.0,2
a079_proportional_2tier_p64_k8__s022__w2000us,a079_proportional_2tier_p64_k8__s022,proportional_2tier_p64_k8,22,network_maxmin,0.002,40,0.005549999999999994,3f76bb98c7e2823a,111,998fe6bc682b0e883373c9d7bea90eda6b813954d79c51f1e4db49c60872a255,a442e3459c4db0f144cad2f0088b3d94cabde81045209875e3a2993e0baaf919,16263216492c564ac40011eb57c2ca5d5a2efdccf062b809474c5d7172dab010,bc53edfbea1f459c117544d041fb11ddac6369b5a7d6ab112ba44fbac3b749a6,9115ed83ff5a268c02e01ee790c289dc1cca8c65d6e6ab8911dba20de7a63eb2,3,192,0,0,0,0,0,0,0,0,0,0,0,0.0,0.0,0.0,0.0,0.0,1.043081283569336e-07,7.450580596923828e-09,0.0,1.4901161193847656e-08,0.0,1
a079_proportional_2tier_p64_k8__s033__w0500us,a079_proportional_2tier_p64_k8__s033,proportional_2tier_p64_k8,33,link_local_equal_share,0.0005,10,0.006799999999999987,3f7bda5119ce0750,136,6346599d1dc8efd75cf66d31df62fc364753d9264dc0772e8c631a4d7315a781,a442e3459c4db0f144cad2f0088b3d94cabde81045209875e3a2993e0baaf919,0089f67486875d766f93288c5ffbaef1d57e765c1985d50124239a4322b6e1e1,0e5da2da3eaaa6d9d6100b55bfeadd4d8dfed320f0f3c8db6b7034d63d570867,305ae1dffa260899fe2eef6cca58c710b4490c0ae6e039ab6a6296c83ea8ef96,14,747,0,0,0,0,0,0,0,0,0,0,0,0.0,0.0,0.0,0.0,0.0,1.1920928955078125e-07,1.4901161193847656e-08,0.0,5.960464477539063e-08,0.0,1
a079_proportional_2tier_p64_k8__s033__w0500us,a079_proportional_2tier_p64_k8__s033,proportional_2tier_p64_k8,33,network_maxmin,0.0005,10,0.005399999999999995,3f761e4f765fd8a8,108,6346599d1dc8efd75cf66d31df62fc364753d9264dc0772e8c631a4d7315a781,a442e3459c4db0f144cad2f0088b3d94cabde81045209875e3a2993e0baaf919,0089f67486875d766f93288c5ffbaef1d57e765c1985d50124239a4322b6e1e1,0e5da2da3eaaa6d9d6100b55bfeadd4d8dfed320f0f3c8db6b7034d63d570867,2c484ccd600291a29a6d9eced20ce1ceb72820b85858923e8e4214fe751c46b3,11,704,0,0,0,0,0,0,0,0,0,0,0,0.0,0.0,0.0,0.0,0.0,1.341104507446289e-07,7.450580596923828e-09,0.0,4.470348358154297e-08,0.0,0
a079_proportional_2tier_p64_k8__s033__w1000us,a079_proportional_2tier_p64_k8__s033,proportional_2tier_p64_k8,33,link_local_equal_share,0.001,20,0.006849999999999986,3f7c0ebedfa43fd6,137,f708c8402d17b095a7992f1fb4469a3cca28a214e1683fc400521ad070ee1546,a442e3459c4db0f144cad2f0088b3d94cabde81045209875e3a2993e0baaf919,0089f67486875d766f93288c5ffbaef1d57e765c1985d50124239a4322b6e1e1,0e5da2da3eaaa6d9d6100b55bfeadd4d8dfed320f0f3c8db6b7034d63d570867,1e548019dcd66df06a393101ec98661b6b9da04db670e56a993ff1d86307b7f1,7,389,0,0,0,0,0,0,0,0,0,0,0,0.0,0.0,0.0,0.0,0.0,1.1920928955078125e-07,7.450580596923828e-09,0.0,2.9802322387695312e-08,0.0,2
a079_proportional_2tier_p64_k8__s033__w1000us,a079_proportional_2tier_p64_k8__s033,proportional_2tier_p64_k8,33,network_maxmin,0.001,20,0.005399999999999995,3f761e4f765fd8a8,108,f708c8402d17b095a7992f1fb4469a3cca28a214e1683fc400521ad070ee1546,a442e3459c4db0f144cad2f0088b3d94cabde81045209875e3a2993e0baaf919,0089f67486875d766f93288c5ffbaef1d57e765c1985d50124239a4322b6e1e1,0e5da2da3eaaa6d9d6100b55bfeadd4d8dfed320f0f3c8db6b7034d63d570867,a7d2758d53337a020bed738875d01b806917696b1074014d683e85fee083dd8c,6,384,0,0,0,0,0,0,0,0,0,0,0,0.0,0.0,0.0,0.0,0.0,1.4901161193847656e-07,7.450580596923828e-09,0.0,2.9802322387695312e-08,0.0,0
a079_proportional_2tier_p64_k8__s033__w2000us,a079_proportional_2tier_p64_k8__s033,proportional_2tier_p64_k8,33,link_local_equal_share,0.002,40,0.006849999999999986,3f7c0ebedfa43fd6,137,861005e9b3e640478b7799086ce9e9fed68e8ae0174b4d2ea0f3f8321be859ef,a442e3459c4db0f144cad2f0088b3d94cabde81045209875e3a2993e0baaf919,0089f67486875d766f93288c5ffbaef1d57e765c1985d50124239a4322b6e1e1,0e5da2da3eaaa6d9d6100b55bfeadd4d8dfed320f0f3c8db6b7034d63d570867,ee778a53c6696d6d50e5bb9b5f0f6222187b84e536f233af14c2d6447b474573,4,197,0,0,0,0,0,0,0,0,0,0,0,0.0,0.0,0.0,0.0,0.0,8.940696716308594e-08,7.450580596923828e-09,0.0,2.9802322387695312e-08,0.0,2
a079_proportional_2tier_p64_k8__s033__w2000us,a079_proportional_2tier_p64_k8__s033,proportional_2tier_p64_k8,33,network_maxmin,0.002,40,0.005399999999999995,3f761e4f765fd8a8,108,861005e9b3e640478b7799086ce9e9fed68e8ae0174b4d2ea0f3f8321be859ef,a442e3459c4db0f144cad2f0088b3d94cabde81045209875e3a2993e0baaf919,0089f67486875d766f93288c5ffbaef1d57e765c1985d50124239a4322b6e1e1,0e5da2da3eaaa6d9d6100b55bfeadd4d8dfed320f0f3c8db6b7034d63d570867,ee9a197a065f4775394a8b7edfaf16c24090989e08aec4229c4eb423b3ded746,3,192,0,0,0,0,0,0,0,0,0,0,0,0.0,0.0,0.0,0.0,0.0,1.1920928955078125e-07,7.450580596923828e-09,0.0,1.4901161193847656e-08,0.0,0
a079_proportional_2tier_p64_k8__s044__w0500us,a079_proportional_2tier_p64_k8__s044,proportional_2tier_p64_k8,44,link_local_equal_share,0.0005,10,0.006499999999999988,3f7a9fbe76c8b42c,130,7df1a887d6714760a1e8d7b9feb82bb60de24633abdb7b864041a1d3654ee10d,a442e3459c4db0f144cad2f0088b3d94cabde81045209875e3a2993e0baaf919,755f3f2750161923d124beeaa3299c1e7eaa8ee4c4afe3706e2db10735b89989,80110bfb58f81c81d34272d6957536860038d9645bd914e76955ee245820be50,a6f0e3825d980d7fa419c07460782b22714b818c28d70f2c67a449514443678a,14,723,0,0,0,0,0,0,0,0,0,0,0,0.0,0.0,0.0,0.0,0.0,8.940696716308594e-08,7.450580596923828e-09,0.0,5.960464477539063e-08,0.0,1
a079_proportional_2tier_p64_k8__s044__w0500us,a079_proportional_2tier_p64_k8__s044,proportional_2tier_p64_k8,44,network_maxmin,0.0005,10,0.005399999999999995,3f761e4f765fd8a8,108,7df1a887d6714760a1e8d7b9feb82bb60de24633abdb7b864041a1d3654ee10d,a442e3459c4db0f144cad2f0088b3d94cabde81045209875e3a2993e0baaf919,755f3f2750161923d124beeaa3299c1e7eaa8ee4c4afe3706e2db10735b89989,80110bfb58f81c81d34272d6957536860038d9645bd914e76955ee245820be50,7ca15ab737f7e92b0cea694c46b287529d62c24aaae037bd670ee7ae7065d0cf,11,704,0,0,0,0,0,0,0,0,0,0,0,0.0,0.0,0.0,0.0,0.0,1.043081283569336e-07,7.450580596923828e-09,0.0,4.470348358154297e-08,0.0,0
a079_proportional_2tier_p64_k8__s044__w1000us,a079_proportional_2tier_p64_k8__s044,proportional_2tier_p64_k8,44,link_local_equal_share,0.001,20,0.006499999999999988,3f7a9fbe76c8b42c,130,1ad3880a86b6e6b9fafb33a4a847b6818bbbea3e0819da9e22e85f89fbe5e2ad,a442e3459c4db0f144cad2f0088b3d94cabde81045209875e3a2993e0baaf919,755f3f2750161923d124beeaa3299c1e7eaa8ee4c4afe3706e2db10735b89989,80110bfb58f81c81d34272d6957536860038d9645bd914e76955ee245820be50,570a48220d2d36851a2c8a462fff720ebb7b163f00070013034c03b37ee042fb,7,386,0,0,0,0,0,0,0,0,0,0,0,0.0,0.0,0.0,0.0,0.0,8.940696716308594e-08,7.450580596923828e-09,0.0,2.9802322387695312e-08,0.0,1
a079_proportional_2tier_p64_k8__s044__w1000us,a079_proportional_2tier_p64_k8__s044,proportional_2tier_p64_k8,44,network_maxmin,0.001,20,0.005399999999999995,3f761e4f765fd8a8,108,1ad3880a86b6e6b9fafb33a4a847b6818bbbea3e0819da9e22e85f89fbe5e2ad,a442e3459c4db0f144cad2f0088b3d94cabde81045209875e3a2993e0baaf919,755f3f2750161923d124beeaa3299c1e7eaa8ee4c4afe3706e2db10735b89989,80110bfb58f81c81d34272d6957536860038d9645bd914e76955ee245820be50,912844c0ac334b52d400fe0de6cea3553d015e478b82a2bb7b72b5ce23997076,6,384,0,0,0,0,0,0,0,0,0,0,0,0.0,0.0,0.0,0.0,0.0,8.940696716308594e-08,7.450580596923828e-09,0.0,2.9802322387695312e-08,0.0,0
a079_proportional_2tier_p64_k8__s044__w2000us,a079_proportional_2tier_p64_k8__s044,proportional_2tier_p64_k8,44,link_local_equal_share,0.002,40,0.006499999999999988,3f7a9fbe76c8b42c,130,590a8ec981e262a831aa25fc3c958bfde21dbe79c3cab5349635a0db62086acf,a442e3459c4db0f144cad2f0088b3d94cabde81045209875e3a2993e0baaf919,755f3f2750161923d124beeaa3299c1e7eaa8ee4c4afe3706e2db10735b89989,80110bfb58f81c81d34272d6957536860038d9645bd914e76955ee245820be50,c3d1c1d42097b09cf02e33d61eafe0dfe5045e30184367b916c29347ff259a1f,4,194,0,0,0,0,0,0,0,0,0,0,0,0.0,0.0,0.0,0.0,0.0,7.450580596923828e-08,7.450580596923828e-09,0.0,1.4901161193847656e-08,0.0,1
a079_proportional_2tier_p64_k8__s044__w2000us,a079_proportional_2tier_p64_k8__s044,proportional_2tier_p64_k8,44,network_maxmin,0.002,40,0.005399999999999995,3f761e4f765fd8a8,108,590a8ec981e262a831aa25fc3c958bfde21dbe79c3cab5349635a0db62086acf,a442e3459c4db0f144cad2f0088b3d94cabde81045209875e3a2993e0baaf919,755f3f2750161923d124beeaa3299c1e7eaa8ee4c4afe3706e2db10735b89989,80110bfb58f81c81d34272d6957536860038d9645bd914e76955ee245820be50,34b53b3018f011c979877c51f8c9568b823b49cb7fb5cd0bec5deeea3b560290,3,192,0,0,0,0,0,0,0,0,0,0,0,0.0,0.0,0.0,0.0,0.0,8.940696716308594e-08,7.450580596923828e-09,0.0,1.4901161193847656e-08,0.0,0
a079_proportional_2tier_p64_k8__s055__w0500us,a079_proportional_2tier_p64_k8__s055,proportional_2tier_p64_k8,55,link_local_equal_share,0.0005,10,0.005899999999999992,3f782a9930be0de4,118,a0cbb82be3b1a07033f04613ce6ec53db09a8c3e41f89be04a5705636511e3fd,a442e3459c4db0f144cad2f0088b3d94cabde81045209875e3a2993e0baaf919,9baa3bb32a084c17dde689c719e01e4707d9304508716b948f3d3a6f39c55b24,e48d96029ea81e6c52b00a5f6aadd2cc7be24e18bcf4e57f370d2c3902b90e78,23f173eeede8c365bd067ea5512c3a5675ea1870ac3ea3705131020abd4b2210,12,722,0,0,0,0,0,0,0,0,0,0,0,0.0,0.0,0.0,0.0,0.0,8.940696716308594e-08,7.450580596923828e-09,0.0,4.470348358154297e-08,0.0,1
a079_proportional_2tier_p64_k8__s055__w0500us,a079_proportional_2tier_p64_k8__s055,proportional_2tier_p64_k8,55,network_maxmin,0.0005,10,0.005399999999999995,3f761e4f765fd8a8,108,a0cbb82be3b1a07033f04613ce6ec53db09a8c3e41f89be04a5705636511e3fd,a442e3459c4db0f144cad2f0088b3d94cabde81045209875e3a2993e0baaf919,9baa3bb32a084c17dde689c719e01e4707d9304508716b948f3d3a6f39c55b24,e48d96029ea81e6c52b00a5f6aadd2cc7be24e18bcf4e57f370d2c3902b90e78,40a6038e3bf5e8792dcfd9226f8d8ebf313abaaf4c86ccb22915c35a27750990,11,704,0,0,0,0,0,0,0,0,0,0,0,0.0,0.0,0.0,0.0,0.0,9.685754776000977e-08,7.450580596923828e-09,0.0,4.470348358154297e-08,0.0,0
a079_proportional_2tier_p64_k8__s055__w1000us,a079_proportional_2tier_p64_k8__s055,proportional_2tier_p64_k8,55,link_local_equal_share,0.001,20,0.005899999999999992,3f782a9930be0de4,118,a50e15a388f3f025014e9a19509fdb15cac7102909d29248715a87a0df442cfc,a442e3459c4db0f144cad2f0088b3d94cabde81045209875e3a2993e0baaf919,9baa3bb32a084c17dde689c719e01e4707d9304508716b948f3d3a6f39c55b24,e48d96029ea81e6c52b00a5f6aadd2cc7be24e18bcf4e57f370d2c3902b90e78,1d841620675cb7e84e4e9e3f0d602a206d408f66d955d7cec25c41389d4cc8e3,6,384,0,0,0,0,0,0,0,0,0,0,0,0.0,0.0,0.0,0.0,0.0,8.940696716308594e-08,7.450580596923828e-09,0.0,2.9802322387695312e-08,0.0,1
a079_proportional_2tier_p64_k8__s055__w1000us,a079_proportional_2tier_p64_k8__s055,proportional_2tier_p64_k8,55,network_maxmin,0.001,20,0.005399999999999995,3f761e4f765fd8a8,108,a50e15a388f3f025014e9a19509fdb15cac7102909d29248715a87a0df442cfc,a442e3459c4db0f144cad2f0088b3d94cabde81045209875e3a2993e0baaf919,9baa3bb32a084c17dde689c719e01e4707d9304508716b948f3d3a6f39c55b24,e48d96029ea81e6c52b00a5f6aadd2cc7be24e18bcf4e57f370d2c3902b90e78,86439474a102e0dea0160a6fa0fb259e40d9a8b8b855165d8c288e7cdb0a8228,6,384,0,0,0,0,0,0,0,0,0,0,0,0.0,0.0,0.0,0.0,0.0,8.940696716308594e-08,7.450580596923828e-09,0.0,2.9802322387695312e-08,0.0,0
a079_proportional_2tier_p64_k8__s055__w2000us,a079_proportional_2tier_p64_k8__s055,proportional_2tier_p64_k8,55,link_local_equal_share,0.002,40,0.005899999999999992,3f782a9930be0de4,118,faf47120388f513ab969c6c317696870f195657bd0c338d31cdeaf43abad14dd,a442e3459c4db0f144cad2f0088b3d94cabde81045209875e3a2993e0baaf919,9baa3bb32a084c17dde689c719e01e4707d9304508716b948f3d3a6f39c55b24,e48d96029ea81e6c52b00a5f6aadd2cc7be24e18bcf4e57f370d2c3902b90e78,926b19f142c29976e9723a0cf5006d01ea20a8bfb268ea8e13764ad34eb85da4,3,192,0,0,0,0,0,0,0,0,0,0,0,0.0,0.0,0.0,0.0,0.0,7.450580596923828e-08,7.450580596923828e-09,0.0,1.4901161193847656e-08,0.0,1
a079_proportional_2tier_p64_k8__s055__w2000us,a079_proportional_2tier_p64_k8__s055,proportional_2tier_p64_k8,55,network_maxmin,0.002,40,0.005399999999999995,3f761e4f765fd8a8,108,faf47120388f513ab969c6c317696870f195657bd0c338d31cdeaf43abad14dd,a442e3459c4db0f144cad2f0088b3d94cabde81045209875e3a2993e0baaf919,9baa3bb32a084c17dde689c719e01e4707d9304508716b948f3d3a6f39c55b24,e48d96029ea81e6c52b00a5f6aadd2cc7be24e18bcf4e57f370d2c3902b90e78,b20b2b688c7c9a7a203102cd3c2ba5f07d5a772977acb33752e5c7d63655931a,3,192,0,0,0,0,0,0,0,0,0,0,0,0.0,0.0,0.0,0.0,0.0,7.450580596923828e-08,7.450580596923828e-09,0.0,1.4901161193847656e-08,0.0,0
a079_proportional_2tier_p64_k8__s066__w0500us,a079_proportional_2tier_p64_k8__s066,proportional_2tier_p64_k8,66,link_local_equal_share,0.0005,10,0.007249999999999984,3f7db22d0e560406,145,f076efef2545e94683552b15d8be1dea49a72ae95fb86e601afc16fdfbddb087,a442e3459c4db0f144cad2f0088b3d94cabde81045209875e3a2993e0baaf919,dfa34f7f46b0fefa2eca6e84da3a34e879d85da930b3327ce65f99d709a7613c,6f95c674dbcfbc2f45c4351173bb59fa776e062b99d8668ceb4e343da704577c,0f2f8e3c1e2ced18d98db8c80846976d5fe00b4cd569a59996ca718e85dc208e,15,756,10,10,0,0,0,0,0,0,0,0,0,784397.8727290705,0.5,0.03474903474903475,0.0,0.0,1.4901161193847656e-07,7.450580596923828e-09,0.0,6.705522537231445e-08,0.0,2
a079_proportional_2tier_p64_k8__s066__w0500us,a079_proportional_2tier_p64_k8__s066,proportional_2tier_p64_k8,66,network_maxmin,0.0005,10,0.006099999999999991,3f78fc504816effc,122,f076efef2545e94683552b15d8be1dea49a72ae95fb86e601afc16fdfbddb087,a442e3459c4db0f144cad2f0088b3d94cabde81045209875e3a2993e0baaf919,dfa34f7f46b0fefa2eca6e84da3a34e879d85da930b3327ce65f99d709a7613c,6f95c674dbcfbc2f45c4351173bb59fa776e062b99d8668ceb4e343da704577c,c12a8db9758fb6f8d0a1c60318b81c8ae08786de1cbb25b1e655c5824ffb6c38,13,706,0,0,0,0,0,0,0,0,0,0,0,0.0,0.0,0.0,0.0,0.0,1.341104507446289e-07,1.4901161193847656e-08,0.0,4.470348358154297e-08,0.0,0
a079_proportional_2tier_p64_k8__s066__w1000us,a079_proportional_2tier_p64_k8__s066,proportional_2tier_p64_k8,66,link_local_equal_share,0.001,20,0.007249999999999984,3f7db22d0e560406,145,00885dad7691dec2c823e9600dfa040af616fdf7745aa6449e3dae8c4f5463f5,a442e3459c4db0f144cad2f0088b3d94cabde81045209875e3a2993e0baaf919,dfa34f7f46b0fefa2eca6e84da3a34e879d85da930b3327ce65f99d709a7613c,6f95c674dbcfbc2f45c4351173bb59fa776e062b99d8668ceb4e343da704577c,048e8741d0951f8b2187ecb99bc1c1df76ba83f72a1502c6abcbffe37840a034,8,399,5,5,0,0,0,0,0,0,0,0,0,172064.34169279048,0.625,0.03474903474903475,0.0,0.0,1.4901161193847656e-07,7.450580596923828e-09,0.0,5.960464477539063e-08,0.0,2
a079_proportional_2tier_p64_k8__s066__w1000us,a079_proportional_2tier_p64_k8__s066,proportional_2tier_p64_k8,66,network_maxmin,0.001,20,0.00619999999999999,3f79652bd3c36108,124,00885dad7691dec2c823e9600dfa040af616fdf7745aa6449e3dae8c4f5463f5,a442e3459c4db0f144cad2f0088b3d94cabde81045209875e3a2993e0baaf919,dfa34f7f46b0fefa2eca6e84da3a34e879d85da930b3327ce65f99d709a7613c,6f95c674dbcfbc2f45c4351173bb59fa776e062b99d8668ceb4e343da704577c,2ff473802e062a16c1fc9a812b59902890fdaac17866012ad4f6a701fbdfcb0d,7,385,7,7,6,6,0,0,0,0,0,4,3,976680.5986104291,0.75,0.125,0.0625,0.75,1.1920928955078125e-07,1.4901161193847656e-08,0.0,2.9802322387695312e-08,0.0,2
a079_proportional_2tier_p64_k8__s066__w2000us,a079_proportional_2tier_p64_k8__s066,proportional_2tier_p64_k8,66,link_local_equal_share,0.002,40,0.007299999999999984,3f7de69ad42c3c8c,146,ef33f64a562bdb4f718ba8bd61d1f263a04f32ef5e2b983c1bbcae03c74d8345,a442e3459c4db0f144cad2f0088b3d94cabde81045209875e3a2993e0baaf919,dfa34f7f46b0fefa2eca6e84da3a34e879d85da930b3327ce65f99d709a7613c,6f95c674dbcfbc2f45c4351173bb59fa776e062b99d8668ceb4e343da704577c,39999c98f6f7d3cd7e0cace46b4a89a64f8c831ec39853b67403111d54b0a076,4,206,5,5,0,0,0,0,0,0,0,0,0,172064.34169279266,0.625,0.03474903474903475,0.0,0.0,1.341104507446289e-07,7.450580596923828e-09,0.0,4.470348358154297e-08,0.0,3
a079_proportional_2tier_p64_k8__s066__w2000us,a079_proportional_2tier_p64_k8__s066,proportional_2tier_p64_k8,66,network_maxmin,0.002,40,0.00619999999999999,3f79652bd3c36108,124,ef33f64a562bdb4f718ba8bd61d1f263a04f32ef5e2b983c1bbcae03c74d8345,a442e3459c4db0f144cad2f0088b3d94cabde81045209875e3a2993e0baaf919,dfa34f7f46b0fefa2eca6e84da3a34e879d85da930b3327ce65f99d709a7613c,6f95c674dbcfbc2f45c4351173bb59fa776e062b99d8668ceb4e343da704577c,b46aae3a1fad33c43fa540564e342135f2391713fb7708a3b705ab4b109f7648,4,193,7,7,6,6,0,0,0,0,0,4,3,976680.5986104257,0.7500000000000001,0.125,0.0625,0.75,9.685754776000977e-08,1.4901161193847656e-08,0.0,1.4901161193847656e-08,0.0,2
a079_proportional_2tier_p64_k8__s077__w0500us,a079_proportional_2tier_p64_k8__s077,proportional_2tier_p64_k8,77,link_local_equal_share,0.0005,10,0.00619999999999999,3f79652bd3c36108,124,ebae65bc0c60da4e9a06d6bf39265afaa37e845802d3d5495690a4e5c1e679c2,a442e3459c4db0f144cad2f0088b3d94cabde81045209875e3a2993e0baaf919,4e421a88092f58bbffba4760c2bf99bbef20d5216b06872b0012156f712eaed4,2047c4ee29a25899e1e6a33818b12780eb6dade32750707aa46327ed9ee5dd9c,a894c554216689be5ec0e847ac072e377d08394d52fbf5352d6112395cee9063,13,740,2,2,0,0,0,0,0,0,0,0,0,94675.60710553419,0.25,0.0,0.0,0.0,1.1920928955078125e-07,7.450580596923828e-09,0.0,4.470348358154297e-08,0.0,1
a079_proportional_2tier_p64_k8__s077__w0500us,a079_proportional_2tier_p64_k8__s077,proportional_2tier_p64_k8,77,network_maxmin,0.0005,10,0.005399999999999995,3f761e4f765fd8a8,108,ebae65bc0c60da4e9a06d6bf39265afaa37e845802d3d5495690a4e5c1e679c2,a442e3459c4db0f144cad2f0088b3d94cabde81045209875e3a2993e0baaf919,4e421a88092f58bbffba4760c2bf99bbef20d5216b06872b0012156f712eaed4,2047c4ee29a25899e1e6a33818b12780eb6dade32750707aa46327ed9ee5dd9c,6d5ba050c87d0de356b3f65ad77c6612d67c80604698f26292a0f6a71c1e6e68,11,704,0,0,0,0,0,0,0,0,0,0,0,0.0,0.0,0.0,0.0,0.0,1.341104507446289e-07,1.4901161193847656e-08,0.0,4.470348358154297e-08,0.0,0
a079_proportional_2tier_p64_k8__s077__w1000us,a079_proportional_2tier_p64_k8__s077,proportional_2tier_p64_k8,77,link_local_equal_share,0.001,20,0.00619999999999999,3f79652bd3c36108,124,851a12aab9ef6b68a2c970850174d51c16090ccad53ea5198d0587b8798cc383,a442e3459c4db0f144cad2f0088b3d94cabde81045209875e3a2993e0baaf919,4e421a88092f58bbffba4760c2bf99bbef20d5216b06872b0012156f712eaed4,2047c4ee29a25899e1e6a33818b12780eb6dade32750707aa46327ed9ee5dd9c,c6642a0169f857e7c81dbd411e2133c153f107e064f5ae6c26d860b7d3d7b52d,7,387,2,2,0,0,0,0,0,0,0,0,0,94675.60710553829,0.25,0.0,0.0,0.0,1.341104507446289e-07,7.450580596923828e-09,0.0,2.9802322387695312e-08,0.0,1
a079_proportional_2tier_p64_k8__s077__w1000us,a079_proportional_2tier_p64_k8__s077,proportional_2tier_p64_k8,77,network_maxmin,0.001,20,0.005399999999999995,3f761e4f765fd8a8,108,851a12aab9ef6b68a2c970850174d51c16090ccad53ea5198d0587b8798cc383,a442e3459c4db0f144cad2f0088b3d94cabde81045209875e3a2993e0baaf919,4e421a88092f58bbffba4760c2bf99bbef20d5216b06872b0012156f712eaed4,2047c4ee29a25899e1e6a33818b12780eb6dade32750707aa46327ed9ee5dd9c,d32198f6d0c67e00cd3fd7140eb02db2cda48771fe4252b9394051cac40afa20,6,384,0,0,0,0,0,0,0,0,0,0,0,0.0,0.0,0.0,0.0,0.0,1.1920928955078125e-07,1.4901161193847656e-08,0.0,2.9802322387695312e-08,0.0,0
a079_proportional_2tier_p64_k8__s077__w2000us,a079_proportional_2tier_p64_k8__s077,proportional_2tier_p64_k8,77,link_local_equal_share,0.002,40,0.00619999999999999,3f79652bd3c36108,124,6f3f420d5a4507cf5b9eb8e8c552e516bdad3b6ec3866b0ecea87aff42bf76f5,a442e3459c4db0f144cad2f0088b3d94cabde81045209875e3a2993e0baaf919,4e421a88092f58bbffba4760c2bf99bbef20d5216b06872b0012156f712eaed4,2047c4ee29a25899e1e6a33818b12780eb6dade32750707aa46327ed9ee5dd9c,44db58365f60b271a5110c0115779e8d8cf092afab2198ae036140a88c745d4b,4,195,2,2,0,0,0,0,0,0,0,0,0,94675.60710553952,0.25,0.0,0.0,0.0,8.940696716308594e-08,7.450580596923828e-09,0.0,2.9802322387695312e-08,0.0,1
a079_proportional_2tier_p64_k8__s077__w2000us,a079_proportional_2tier_p64_k8__s077,proportional_2tier_p64_k8,77,network_maxmin,0.002,40,0.005399999999999995,3f761e4f765fd8a8,108,6f3f420d5a4507cf5b9eb8e8c552e516bdad3b6ec3866b0ecea87aff42bf76f5,a442e3459c4db0f144cad2f0088b3d94cabde81045209875e3a2993e0baaf919,4e421a88092f58bbffba4760c2bf99bbef20d5216b06872b0012156f712eaed4,2047c4ee29a25899e1e6a33818b12780eb6dade32750707aa46327ed9ee5dd9c,c700fd25744ecf792894f4d6e1c0d0b52f6481d65fba3ee7e0fdd64a506cdbdf,3,192,0,0,0,0,0,0,0,0,0,0,0,0.0,0.0,0.0,0.0,0.0,8.940696716308594e-08,1.4901161193847656e-08,0.0,1.4901161193847656e-08,0.0,0
a079_proportional_2tier_p64_k8__s088__w0500us,a079_proportional_2tier_p64_k8__s088,proportional_2tier_p64_k8,88,link_local_equal_share,0.0005,10,0.006849999999999986,3f7c0ebedfa43fd6,137,df9f4e8c2f8bae773881d3a6ef93f9606e5b39b3c086d95fb2d2970260a38939,a442e3459c4db0f144cad2f0088b3d94cabde81045209875e3a2993e0baaf919,7d6ff76f4992cd66c0c80a1d89c9469ac8aaf682846a2f7d28affeac56e9e234,902dac45a8411a7617ef974b71e530bec340e5055c4a6f4aee7453951c8304e2,f4b2acedf0c028d025ae152706a304f3fd555160317814b3d0e1e0e4eb4d79d3,14,744,7,7,0,0,0,0,0,0,0,0,0,226363.15008976293,0.5,0.0,0.0,0.0,8.940696716308594e-08,7.450580596923828e-09,0.0,5.21540641784668e-08,0.0,2
a079_proportional_2tier_p64_k8__s088__w0500us,a079_proportional_2tier_p64_k8__s088,proportional_2tier_p64_k8,88,network_maxmin,0.0005,10,0.005399999999999995,3f761e4f765fd8a8,108,df9f4e8c2f8bae773881d3a6ef93f9606e5b39b3c086d95fb2d2970260a38939,a442e3459c4db0f144cad2f0088b3d94cabde81045209875e3a2993e0baaf919,7d6ff76f4992cd66c0c80a1d89c9469ac8aaf682846a2f7d28affeac56e9e234,902dac45a8411a7617ef974b71e530bec340e5055c4a6f4aee7453951c8304e2,a17adc196f6020104894abf4543254ee6a97e57ade574005b16ff93e3578a547,11,704,0,0,0,0,0,0,0,0,0,0,0,0.0,0.0,0.0,0.0,0.0,1.341104507446289e-07,1.4901161193847656e-08,0.0,2.9802322387695312e-08,0.0,0
a079_proportional_2tier_p64_k8__s088__w1000us,a079_proportional_2tier_p64_k8__s088,proportional_2tier_p64_k8,88,link_local_equal_share,0.001,20,0.006849999999999986,3f7c0ebedfa43fd6,137,67db2ad18b89f828293de4d71323c7bfe9ba37878fc9d782b6cc2869e5649df7,a442e3459c4db0f144cad2f0088b3d94cabde81045209875e3a2993e0baaf919,7d6ff76f4992cd66c0c80a1d89c9469ac8aaf682846a2f7d28affeac56e9e234,902dac45a8411a7617ef974b71e530bec340e5055c4a6f4aee7453951c8304e2,2d0dfc1195ecbab5b6f50f955955dd5abfbc7f95dd04f4bd16e81b3ca71458cd,7,388,7,7,0,0,0,0,0,0,0,0,0,226363.1500897715,0.5,0.0,0.0,0.0,8.940696716308594e-08,7.450580596923828e-09,0.0,2.9802322387695312e-08,0.0,2
a079_proportional_2tier_p64_k8__s088__w1000us,a079_proportional_2tier_p64_k8__s088,proportional_2tier_p64_k8,88,network_maxmin,0.001,20,0.005399999999999995,3f761e4f765fd8a8,108,67db2ad18b89f828293de4d71323c7bfe9ba37878fc9d782b6cc2869e5649df7,a442e3459c4db0f144cad2f0088b3d94cabde81045209875e3a2993e0baaf919,7d6ff76f4992cd66c0c80a1d89c9469ac8aaf682846a2f7d28affeac56e9e234,902dac45a8411a7617ef974b71e530bec340e5055c4a6f4aee7453951c8304e2,323c4b70cde162fc48a22f9ce9424d8b5745091d7b168d307c8627a6518abd18,6,384,0,0,0,0,0,0,0,0,0,0,0,0.0,0.0,0.0,0.0,0.0,1.1920928955078125e-07,1.4901161193847656e-08,0.0,2.2351741790771484e-08,0.0,0
a079_proportional_2tier_p64_k8__s088__w2000us,a079_proportional_2tier_p64_k8__s088,proportional_2tier_p64_k8,88,link_local_equal_share,0.002,40,0.006849999999999986,3f7c0ebedfa43fd6,137,1d5f7e244de6dcb4b8cb0d254c9f48c56d3fc7c13d20ae792eb00042f14500a4,a442e3459c4db0f144cad2f0088b3d94cabde81045209875e3a2993e0baaf919,7d6ff76f4992cd66c0c80a1d89c9469ac8aaf682846a2f7d28affeac56e9e234,902dac45a8411a7617ef974b71e530bec340e5055c4a6f4aee7453951c8304e2,a276ff313713e255a01c5e47f2c378adde1a520e77c1a73b178631fe001f2570,4,196,7,7,0,0,0,0,0,0,0,0,0,226363.1500897736,0.5,0.0,0.0,0.0,7.450580596923828e-08,7.450580596923828e-09,0.0,2.2351741790771484e-08,0.0,2
a079_proportional_2tier_p64_k8__s088__w2000us,a079_proportional_2tier_p64_k8__s088,proportional_2tier_p64_k8,88,network_maxmin,0.002,40,0.005399999999999995,3f761e4f765fd8a8,108,1d5f7e244de6dcb4b8cb0d254c9f48c56d3fc7c13d20ae792eb00042f14500a4,a442e3459c4db0f144cad2f0088b3d94cabde81045209875e3a2993e0baaf919,7d6ff76f4992cd66c0c80a1d89c9469ac8aaf682846a2f7d28affeac56e9e234,902dac45a8411a7617ef974b71e530bec340e5055c4a6f4aee7453951c8304e2,2dc8b970effd719ecc7b3cedd7baa6a96fd9b841fd2c3773ab5dba77670c02ee,3,192,0,0,0,0,0,0,0,0,0,0,0,0.0,0.0,0.0,0.0,0.0,8.940696716308594e-08,1.4901161193847656e-08,0.0,1.4901161193847656e-08,0.0,0
a079_proportional_2tier_p64_k8__s099__w0500us,a079_proportional_2tier_p64_k8__s099,proportional_2tier_p64_k8,99,link_local_equal_share,0.0005,10,0.00619999999999999,3f79652bd3c36108,124,bdb9c34b60cb91c460870effdd5eb16641d093258bbf04eaff9747322513fb92,a442e3459c4db0f144cad2f0088b3d94cabde81045209875e3a2993e0baaf919,c3b8d3b84733ba2ada794bbcb5d5370f143ba129e16caf4c1b4b00a485922c4a,867c1f5fd4beedf447e1643d7faa4450bfff4968269972e7ebfd3a2c48cde369,bddaf23c94519040de6a49c37e935eaad47b4eed3878de34afcc27405f839d32,13,727,0,0,0,0,0,0,0,0,0,0,0,0.0,0.0,0.010714285714285732,0.0,0.0,8.940696716308594e-08,7.450580596923828e-09,0.0,5.21540641784668e-08,0.0,1
a079_proportional_2tier_p64_k8__s099__w0500us,a079_proportional_2tier_p64_k8__s099,proportional_2tier_p64_k8,99,network_maxmin,0.0005,10,0.005449999999999995,3f7652bd3c36112e,109,bdb9c34b60cb91c460870effdd5eb16641d093258bbf04eaff9747322513fb92,a442e3459c4db0f144cad2f0088b3d94cabde81045209875e3a2993e0baaf919,c3b8d3b84733ba2ada794bbcb5d5370f143ba129e16caf4c1b4b00a485922c4a,867c1f5fd4beedf447e1643d7faa4450bfff4968269972e7ebfd3a2c48cde369,90d77bba8fb9757887bbad6fbf9190fcdcbfcff10d31b2bc9d99d203a8784518,11,704,0,0,0,0,0,0,0,0,0,0,0,0.0,0.0,0.0,0.0,0.0,1.1920928955078125e-07,1.4901161193847656e-08,0.0,4.470348358154297e-08,0.0,0
a079_proportional_2tier_p64_k8__s099__w1000us,a079_proportional_2tier_p64_k8__s099,proportional_2tier_p64_k8,99,link_local_equal_share,0.001,20,0.00619999999999999,3f79652bd3c36108,124,01303f1829829c39842b49b0ac39ea215e598f24df3dd3004bf031891e21d906,a442e3459c4db0f144cad2f0088b3d94cabde81045209875e3a2993e0baaf919,c3b8d3b84733ba2ada794bbcb5d5370f143ba129e16caf4c1b4b00a485922c4a,867c1f5fd4beedf447e1643d7faa4450bfff4968269972e7ebfd3a2c48cde369,6ce1bf64fc8b1d79378529384b95352c11b8df2d0d6fe02508c8df0cbb9bda51,7,387,0,0,0,0,0,0,0,0,0,0,0,0.0,0.0,0.010714285714285732,0.0,0.0,8.940696716308594e-08,7.450580596923828e-09,0.0,2.9802322387695312e-08,0.0,1
a079_proportional_2tier_p64_k8__s099__w1000us,a079_proportional_2tier_p64_k8__s099,proportional_2tier_p64_k8,99,network_maxmin,0.001,20,0.005449999999999995,3f7652bd3c36112e,109,01303f1829829c39842b49b0ac39ea215e598f24df3dd3004bf031891e21d906,a442e3459c4db0f144cad2f0088b3d94cabde81045209875e3a2993e0baaf919,c3b8d3b84733ba2ada794bbcb5d5370f143ba129e16caf4c1b4b00a485922c4a,867c1f5fd4beedf447e1643d7faa4450bfff4968269972e7ebfd3a2c48cde369,39346a27ff97333183447c58fc1ff1078f8ee8c793c79fe49e58c91c3ba9356f,6,384,0,0,0,0,0,0,0,0,0,0,0,0.0,0.0,0.0,0.0,0.0,1.043081283569336e-07,1.4901161193847656e-08,0.0,2.9802322387695312e-08,0.0,0
a079_proportional_2tier_p64_k8__s099__w2000us,a079_proportional_2tier_p64_k8__s099,proportional_2tier_p64_k8,99,link_local_equal_share,0.002,40,0.00619999999999999,3f79652bd3c36108,124,d3ad85814f8dcb4a4887ef29ad943fa1a90024accb01db639fe10e4308d2ab37,a442e3459c4db0f144cad2f0088b3d94cabde81045209875e3a2993e0baaf919,c3b8d3b84733ba2ada794bbcb5d5370f143ba129e16caf4c1b4b00a485922c4a,867c1f5fd4beedf447e1643d7faa4450bfff4968269972e7ebfd3a2c48cde369,4071c649c755d6f8419f1ccaf92e116c4e9949ed89cba4b649c81fea71030db8,4,195,0,0,0,0,0,0,0,0,0,0,0,0.0,0.0,0.010714285714285732,0.0,0.0,5.960464477539063e-08,7.450580596923828e-09,0.0,2.2351741790771484e-08,0.0,1
a079_proportional_2tier_p64_k8__s099__w2000us,a079_proportional_2tier_p64_k8__s099,proportional_2tier_p64_k8,99,network_maxmin,0.002,40,0.005449999999999995,3f7652bd3c36112e,109,d3ad85814f8dcb4a4887ef29ad943fa1a90024accb01db639fe10e4308d2ab37,a442e3459c4db0f144cad2f0088b3d94cabde81045209875e3a2993e0baaf919,c3b8d3b84733ba2ada794bbcb5d5370f143ba129e16caf4c1b4b00a485922c4a,867c1f5fd4beedf447e1643d7faa4450bfff4968269972e7ebfd3a2c48cde369,864d0c1d1f071d36f186cbf46a69e13d3bd290d0ab131d5e8ef40c02c196ac4e,3,192,0,0,0,0,0,0,0,0,0,0,0,0.0,0.0,0.0,0.0,0.0,8.940696716308594e-08,1.4901161193847656e-08,0.0,1.4901161193847656e-08,0.0,0
