fabric,P,seed,k,t_sim,opt_time,equal_split_gap,Bstar_Bps,top_used,max_top_contention
3tier_nb,16,0,1,0.005399999999999995,0.00536870912,0.005828380584715909,12500000000.0,30,1
3tier_nb,16,0,2,0.005399999999999995,0.00536870912,0.005828380584715909,12500000000.0,59,2
3tier_nb,16,0,4,0.005399999999999995,0.00536870912,0.005828380584715909,12500000000.0,109,2
3tier_nb,16,0,8,0.005399999999999995,0.00536870912,0.005828380584715909,12500000000.0,219,2
3tier_os2,16,0,1,0.010749999999999963,0.01073741824,0.0011717677116360736,6250000000.0,30,1
3tier_os2,16,0,2,0.010749999999999963,0.007158278826666666,0.501757651567454,9375000000.0,59,2
3tier_os2,16,0,4,0.005399999999999995,0.00536870912,0.005828380584715909,12500000000.0,109,2
3tier_os2,16,0,8,0.005399999999999995,0.00536870912,0.005828380584715909,12500000000.0,219,2
3tier_os4,16,0,1,0.021500000000000102,0.02147483648,0.0011717677116442893,3125000000.0,30,1
3tier_os4,16,0,2,0.021500000000000102,0.014316557653333332,0.5017576515674664,4687500000.0,59,2
3tier_os4,16,0,4,0.010749999999999963,0.008589934592,0.25146470963954504,7812500000.0,109,2
3tier_os4,16,0,8,0.005399999999999995,0.00536870912,0.005828380584715909,12500000000.0,219,2
2tier,16,0,1,0.005399999999999995,0.00536870912,0.005828380584715909,12500000000.0,30,1
2tier,16,0,2,0.005399999999999995,0.00536870912,0.005828380584715909,12500000000.0,51,2
2tier,16,0,4,0.005399999999999995,0.00536870912,0.005828380584715909,12500000000.0,89,3
2tier,16,0,8,0.005399999999999995,0.00536870912,0.005828380584715909,12500000000.0,122,5
3tier_nb,64,0,1,0.010749999999999963,0.01073741824,0.0011717677116360736,6250000000.0,116,2
3tier_nb,64,0,2,0.008099999999999979,0.00805306368,0.005828380584714132,8333333333.333333,228,2
3tier_nb,64,0,4,0.006749999999999987,0.006316128376470588,0.0686926543712596,10625000000.0,418,4
3tier_nb,64,0,8,0.005399999999999995,0.00536870912,0.005828380584715909,12500000000.0,748,4
3tier_os2,64,0,1,0.021500000000000102,0.02147483648,0.0011717677116442893,3125000000.0,116,2
3tier_os2,64,0,2,0.010749999999999963,0.01073741824,0.0011717677116360736,6250000000.0,228,2
3tier_os2,64,0,4,0.010749999999999963,0.008589934592,0.25146470963954504,7812500000.0,418,4
3tier_os2,64,0,8,0.005399999999999995,0.00536870912,0.005828380584715909,12500000000.0,748,4
3tier_os4,64,0,1,0.04295000000000072,0.04294967296,7.614493386709498e-06,1562500000.0,116,2
3tier_os4,64,0,2,0.021500000000000102,0.02147483648,0.0011717677116442893,3125000000.0,228,2
3tier_os4,64,0,4,0.021500000000000102,0.01227133513142857,0.7520505934953774,5468750000.0,418,4
3tier_os4,64,0,8,0.010749999999999963,0.0075793540517647045,0.4183266709248179,8854166666.666668,748,4
2tier,64,0,1,0.01614999999999995,0.01610612736,0.002723972002661945,4166666666.6666665,99,3
2tier,64,0,2,0.010749999999999963,0.01073741824,0.0011717677116360736,6250000000.0,157,4
2tier,64,0,4,0.009399999999999971,0.007911781861052632,0.1881015130451711,8482142857.142857,216,7
2tier,64,0,8,0.007399999999999983,0.006471868528219179,0.14341012456200053,10369318181.81818,248,11
3tier_nb,16,4,1,0.005399999999999995,0.00536870912,0.005828380584715909,12500000000.0,30,1
3tier_nb,16,4,2,0.005399999999999995,0.00536870912,0.005828380584715909,12500000000.0,59,2
3tier_nb,16,4,4,0.005399999999999995,0.00536870912,0.005828380584715909,12500000000.0,115,2
3tier_nb,16,4,8,0.005399999999999995,0.00536870912,0.005828380584715909,12500000000.0,224,3
3tier_os2,16,4,1,0.010749999999999963,0.01073741824,0.0011717677116360736,6250000000.0,30,1
3tier_os2,16,4,2,0.010749999999999963,0.007158278826666666,0.501757651567454,9375000000.0,59,2
3tier_os2,16,4,4,0.005399999999999995,0.00536870912,0.005828380584715909,12500000000.0,115,2
3tier_os2,16,4,8,0.005399999999999995,0.00536870912,0.005828380584715909,12500000000.0,224,3
3tier_os4,16,4,1,0.021500000000000102,0.02147483648,0.0011717677116442893,3125000000.0,30,1
3tier_os4,16,4,2,0.021500000000000102,0.014316557653333332,0.5017576515674664,4687500000.0,59,2
3tier_os4,16,4,4,0.010749999999999963,0.007158278826666666,0.501757651567454,9375000000.0,115,2
3tier_os4,16,4,8,0.008099999999999979,0.005856773585454546,0.3830140233039818,11458333333.333332,224,3
2tier,16,4,1,0.005399999999999995,0.00536870912,0.005828380584715909,12500000000.0,30,1
2tier,16,4,2,0.008099999999999979,0.00805306368,0.005828380584714132,8333333333.333333,51,3
2tier,16,4,4,0.005399999999999995,0.00536870912,0.005828380584715909,12500000000.0,75,4
2tier,16,4,8,0.005399999999999995,0.00536870912,0.005828380584715909,12500000000.0,117,7
3tier_nb,64,4,1,0.010749999999999963,0.01073741824,0.0011717677116360736,6250000000.0,118,2
3tier_nb,64,4,2,0.005399999999999995,0.00536870912,0.005828380584715909,12500000000.0,228,2
3tier_nb,64,4,4,0.005399999999999995,0.00536870912,0.005828380584715909,12500000000.0,427,3
3tier_nb,64,4,8,0.005399999999999995,0.00536870912,0.005828380584715909,12500000000.0,763,4
3tier_os2,64,4,1,0.021500000000000102,0.02147483648,0.0011717677116442893,3125000000.0,118,2
3tier_os2,64,4,2,0.010749999999999963,0.01073741824,0.0011717677116360736,6250000000.0,228,2
3tier_os2,64,4,4,0.008099999999999979,0.005856773585454546,0.3830140233039818,11458333333.333332,427,3
3tier_os2,64,4,8,0.005399999999999995,0.00536870912,0.005828380584715909,12500000000.0,763,4
3tier_os4,64,4,1,0.04295000000000072,0.04294967296,7.614493386709498e-06,1562500000.0,118,2
3tier_os4,64,4,2,0.021500000000000102,0.02147483648,0.0011717677116442893,3125000000.0,228,2
3tier_os4,64,4,4,0.01614999999999995,0.011713547170909092,0.3787454615036603,5729166666.666666,427,3
3tier_os4,64,4,8,0.010749999999999963,0.0067815273094736835,0.5851886322100903,9895833333.333334,763,4
2tier,64,4,1,0.010749999999999963,0.01073741824,0.0011717677116360736,6250000000.0,91,2
2tier,64,4,2,0.010749999999999963,0.01073741824,0.0011717677116360736,6250000000.0,145,4
2tier,64,4,4,0.009399999999999971,0.007911781861052632,0.1881015130451711,8482142857.142857,200,7
2tier,64,4,8,0.007399999999999983,0.006471868528219179,0.14341012456200053,10369318181.81818,242,11
3tier_nb,16,7,1,0.005399999999999995,0.00536870912,0.005828380584715909,12500000000.0,28,1
3tier_nb,16,7,2,0.005399999999999995,0.00536870912,0.005828380584715909,12500000000.0,54,2
3tier_nb,16,7,4,0.005399999999999995,0.00536870912,0.005828380584715909,12500000000.0,107,2
3tier_nb,16,7,8,0.005399999999999995,0.00536870912,0.005828380584715909,12500000000.0,198,3
3tier_os2,16,7,1,0.010749999999999963,0.01073741824,0.0011717677116360736,6250000000.0,28,1
3tier_os2,16,7,2,0.010749999999999963,0.01073741824,0.0011717677116360736,6250000000.0,54,2
3tier_os2,16,7,4,0.005399999999999995,0.00536870912,0.005828380584715909,12500000000.0,107,2
3tier_os2,16,7,8,0.005399999999999995,0.00536870912,0.005828380584715909,12500000000.0,198,3
3tier_os4,16,7,1,0.021500000000000102,0.02147483648,0.0011717677116442893,3125000000.0,28,1
3tier_os4,16,7,2,0.021500000000000102,0.02147483648,0.0011717677116442893,3125000000.0,54,2
3tier_os4,16,7,4,0.010749999999999963,0.007158278826666666,0.501757651567454,9375000000.0,107,2
3tier_os4,16,7,8,0.008099999999999979,0.005856773585454546,0.3830140233039818,11458333333.333332,198,3
2tier,16,7,1,0.010749999999999963,0.01073741824,0.0011717677116360736,6250000000.0,27,2
2tier,16,7,2,0.008099999999999979,0.00805306368,0.005828380584714132,8333333333.333333,42,3
2tier,16,7,4,0.006749999999999987,0.006316128376470588,0.0686926543712596,10625000000.0,73,5
2tier,16,7,8,0.005399999999999995,0.00536870912,0.005828380584715909,12500000000.0,114,7
3tier_nb,64,7,1,0.010749999999999963,0.01073741824,0.0011717677116360736,6250000000.0,106,2
3tier_nb,64,7,2,0.008099999999999979,0.00805306368,0.005828380584714132,8333333333.333333,206,3
3tier_nb,64,7,4,0.005399999999999995,0.00536870912,0.005828380584715909,12500000000.0,384,3
3tier_nb,64,7,8,0.005399999999999995,0.00536870912,0.005828380584715909,12500000000.0,709,4
3tier_os2,64,7,1,0.021500000000000102,0.02147483648,0.0011717677116442893,3125000000.0,106,2
3tier_os2,64,7,2,0.01614999999999995,0.01073741824,0.5040859580039931,6250000000.0,206,3
3tier_os2,64,7,4,0.008099999999999979,0.007158278826666666,0.1315569281578035,9375000000.0,384,3
3tier_os2,64,7,8,0.005399999999999995,0.00536870912,0.005828380584715909,12500000000.0,709,4
3tier_os4,64,7,1,0.04295000000000072,0.04294967296,7.614493386709498e-06,1562500000.0,106,2
3tier_os4,64,7,2,0.03225000000000041,0.02147483648,0.5017576515674782,3125000000.0,206,3
3tier_os4,64,7,4,0.01614999999999995,0.014316557653333332,0.1280644685029948,4687500000.0,384,3
3tier_os4,64,7,8,0.010749999999999963,0.006964811831351352,0.5434731418887719,9635416666.666666,709,4
2tier,64,7,1,0.01614999999999995,0.01610612736,0.002723972002661945,4166666666.6666665,97,3
2tier,64,7,2,0.013449999999999946,0.0134217728,0.002103090286250886,5000000000.0,160,5
2tier,64,7,4,0.009399999999999971,0.007297274532038835,0.28815216677529065,9196428571.428572,218,7
2tier,64,7,8,0.008749999999999975,0.006646973196190476,0.3163886391199515,10096153846.153847,247,13
3tier_nb,16,1,1,0.005399999999999995,0.00536870912,0.005828380584715909,12500000000.0,30,1
3tier_nb,16,1,2,0.005399999999999995,0.00536870912,0.005828380584715909,12500000000.0,59,2
3tier_nb,16,1,4,0.005399999999999995,0.00536870912,0.005828380584715909,12500000000.0,115,2
3tier_nb,16,1,8,0.005399999999999995,0.00536870912,0.005828380584715909,12500000000.0,221,3
3tier_os2,16,1,1,0.010749999999999963,0.01073741824,0.0011717677116360736,6250000000.0,30,1
3tier_os2,16,1,2,0.010749999999999963,0.007158278826666666,0.501757651567454,9375000000.0,59,2
3tier_os2,16,1,4,0.005399999999999995,0.00536870912,0.005828380584715909,12500000000.0,115,2
3tier_os2,16,1,8,0.005399999999999995,0.00536870912,0.005828380584715909,12500000000.0,221,3
3tier_os4,16,1,1,0.021500000000000102,0.02147483648,0.0011717677116442893,3125000000.0,30,1
3tier_os4,16,1,2,0.021500000000000102,0.014316557653333332,0.5017576515674664,4687500000.0,59,2
3tier_os4,16,1,4,0.010749999999999963,0.007158278826666666,0.501757651567454,9375000000.0,115,2
3tier_os4,16,1,8,0.008099999999999979,0.005856773585454546,0.3830140233039818,11458333333.333332,221,3
2tier,16,1,1,0.010749999999999963,0.01073741824,0.0011717677116360736,6250000000.0,29,2
2tier,16,1,2,0.008099999999999979,0.00805306368,0.005828380584714132,8333333333.333333,49,3
2tier,16,1,4,0.005399999999999995,0.00536870912,0.005828380584715909,12500000000.0,83,4
2tier,16,1,8,0.005399999999999995,0.00536870912,0.005828380584715909,12500000000.0,118,5
3tier_nb,64,1,1,0.010749999999999963,0.01073741824,0.0011717677116360736,6250000000.0,120,2
3tier_nb,64,1,2,0.008099999999999979,0.00805306368,0.005828380584714132,8333333333.333333,234,2
3tier_nb,64,1,4,0.005399999999999995,0.00536870912,0.005828380584715909,12500000000.0,446,3
3tier_nb,64,1,8,0.005399999999999995,0.00536870912,0.005828380584715909,12500000000.0,767,4
3tier_os2,64,1,1,0.021500000000000102,0.02147483648,0.0011717677116442893,3125000000.0,120,2
3tier_os2,64,1,2,0.010749999999999963,0.01073741824,0.0011717677116360736,6250000000.0,234,2
3tier_os2,64,1,4,0.008099999999999979,0.005856773585454546,0.3830140233039818,11458333333.333332,446,3
3tier_os2,64,1,8,0.005399999999999995,0.00536870912,0.005828380584715909,12500000000.0,767,4
3tier_os4,64,1,1,0.04295000000000072,0.04294967296,7.614493386709498e-06,1562500000.0,120,2
3tier_os4,64,1,2,0.021500000000000102,0.02147483648,0.0011717677116442893,3125000000.0,234,2
3tier_os4,64,1,4,0.01614999999999995,0.00920350134857143,0.7547669510046584,7291666666.666666,446,3
3tier_os4,64,1,8,0.010749999999999963,0.007158278826666666,0.501757651567454,9375000000.0,767,4
2tier,64,1,1,0.01614999999999995,0.01610612736,0.002723972002661945,4166666666.6666665,90,3
2tier,64,1,2,0.010749999999999963,0.01073741824,0.0011717677116360736,6250000000.0,151,4
2tier,64,1,4,0.009399999999999971,0.007829367466666666,0.20060784476143612,8571428571.428572,214,7
2tier,64,1,8,0.006749999999999987,0.005983700567182662,0.12806446850299635,11215277777.777779,250,10
3tier_nb,16,6,1,0.005399999999999995,0.00536870912,0.005828380584715909,12500000000.0,30,1
3tier_nb,16,6,2,0.005399999999999995,0.00536870912,0.005828380584715909,12500000000.0,60,1
3tier_nb,16,6,4,0.005399999999999995,0.00536870912,0.005828380584715909,12500000000.0,114,2
3tier_nb,16,6,8,0.005399999999999995,0.00536870912,0.005828380584715909,12500000000.0,224,2
3tier_os2,16,6,1,0.010749999999999963,0.01073741824,0.0011717677116360736,6250000000.0,30,1
3tier_os2,16,6,2,0.005399999999999995,0.00536870912,0.005828380584715909,12500000000.0,60,1
3tier_os2,16,6,4,0.005399999999999995,0.00536870912,0.005828380584715909,12500000000.0,114,2
3tier_os2,16,6,8,0.005399999999999995,0.00536870912,0.005828380584715909,12500000000.0,224,2
3tier_os4,16,6,1,0.021500000000000102,0.02147483648,0.0011717677116442893,3125000000.0,30,1
3tier_os4,16,6,2,0.010749999999999963,0.01073741824,0.0011717677116360736,6250000000.0,60,1
3tier_os4,16,6,4,0.010749999999999963,0.007158278826666666,0.501757651567454,9375000000.0,114,2
3tier_os4,16,6,8,0.005399999999999995,0.00536870912,0.005828380584715909,12500000000.0,224,2
2tier,16,6,1,0.010749999999999963,0.01073741824,0.0011717677116360736,6250000000.0,31,2
2tier,16,6,2,0.008099999999999979,0.00805306368,0.005828380584714132,8333333333.333333,47,3
2tier,16,6,4,0.005399999999999995,0.00536870912,0.005828380584715909,12500000000.0,91,4
2tier,16,6,8,0.005399999999999995,0.00536870912,0.005828380584715909,12500000000.0,132,7
3tier_nb,64,6,1,0.010749999999999963,0.01073741824,0.0011717677116360736,6250000000.0,120,2
3tier_nb,64,6,2,0.008099999999999979,0.00805306368,0.005828380584714132,8333333333.333333,233,2
3tier_nb,64,6,4,0.005399999999999995,0.00536870912,0.005828380584715909,12500000000.0,432,3
3tier_nb,64,6,8,0.005399999999999995,0.00536870912,0.005828380584715909,12500000000.0,759,4
3tier_os2,64,6,1,0.021500000000000102,0.02147483648,0.0011717677116442893,3125000000.0,120,2
3tier_os2,64,6,2,0.010749999999999963,0.01073741824,0.0011717677116360736,6250000000.0,233,2
3tier_os2,64,6,4,0.008099999999999979,0.006442450944,0.25728547573089267,10416666666.666666,432,3
3tier_os2,64,6,8,0.005399999999999995,0.00536870912,0.005828380584715909,12500000000.0,759,4
3tier_os4,64,6,1,0.04295000000000072,0.04294967296,7.614493386709498e-06,1562500000.0,120,2
3tier_os4,64,6,2,0.021500000000000102,0.02147483648,0.0011717677116442893,3125000000.0,233,2
3tier_os4,64,6,4,0.01614999999999995,0.01171354717090909,0.3787454615036603,5729166666.666667,432,3
3tier_os4,64,6,8,0.010749999999999963,0.006964811831351352,0.5434731418887719,9635416666.666666,759,4
2tier,64,6,1,0.01614999999999995,0.01610612736,0.002723972002661945,4166666666.6666665,99,3
2tier,64,6,2,0.013449999999999946,0.0134217728,0.002103090286250886,5000000000.0,158,5
2tier,64,6,4,0.008099999999999979,0.00805306368,0.005828380584714132,8333333333.333333,200,6
2tier,64,6,8,0.007399999999999983,0.006471868528219179,0.14341012456200053,10369318181.81818,243,11
3tier_nb,16,2,1,0.005399999999999995,0.00536870912,0.005828380584715909,12500000000.0,26,1
3tier_nb,16,2,2,0.005399999999999995,0.00536870912,0.005828380584715909,12500000000.0,52,1
3tier_nb,16,2,4,0.005399999999999995,0.00536870912,0.005828380584715909,12500000000.0,100,2
3tier_nb,16,2,8,0.005399999999999995,0.00536870912,0.005828380584715909,12500000000.0,190,2
3tier_os2,16,2,1,0.010749999999999963,0.01073741824,0.0011717677116360736,6250000000.0,26,1
3tier_os2,16,2,2,0.005399999999999995,0.00536870912,0.005828380584715909,12500000000.0,52,1
3tier_os2,16,2,4,0.005399999999999995,0.00536870912,0.005828380584715909,12500000000.0,100,2
3tier_os2,16,2,8,0.005399999999999995,0.00536870912,0.005828380584715909,12500000000.0,190,2
3tier_os4,16,2,1,0.021500000000000102,0.02147483648,0.0011717677116442893,3125000000.0,26,1
3tier_os4,16,2,2,0.010749999999999963,0.01073741824,0.0011717677116360736,6250000000.0,52,1
3tier_os4,16,2,4,0.010749999999999963,0.007158278826666666,0.501757651567454,9375000000.0,100,2
3tier_os4,16,2,8,0.005399999999999995,0.00536870912,0.005828380584715909,12500000000.0,190,2
2tier,16,2,1,0.010749999999999963,0.01073741824,0.0011717677116360736,6250000000.0,24,2
2tier,16,2,2,0.008099999999999979,0.00805306368,0.005828380584714132,8333333333.333333,46,3
2tier,16,2,4,0.005399999999999995,0.00536870912,0.005828380584715909,12500000000.0,80,3
2tier,16,2,8,0.005399999999999995,0.00536870912,0.005828380584715909,12500000000.0,127,5
3tier_nb,64,2,1,0.010749999999999963,0.01073741824,0.0011717677116360736,6250000000.0,115,2
3tier_nb,64,2,2,0.008099999999999979,0.00805306368,0.005828380584714132,8333333333.333333,217,2
3tier_nb,64,2,4,0.006749999999999987,0.0067108864,0.0058283805847147985,10000000000.0,389,4
3tier_nb,64,2,8,0.005399999999999995,0.00536870912,0.005828380584715909,12500000000.0,682,6
3tier_os2,64,2,1,0.021500000000000102,0.02147483648,0.0011717677116442893,3125000000.0,115,2
3tier_os2,64,2,2,0.010749999999999963,0.01073741824,0.0011717677116360736,6250000000.0,217,2
3tier_os2,64,2,4,0.010749999999999963,0.007158278826666666,0.501757651567454,9375000000.0,389,4
3tier_os2,64,2,8,0.008099999999999979,0.005856773585454545,0.38301402330398204,11458333333.333334,682,6
3tier_os4,64,2,1,0.04295000000000072,0.04294967296,7.614493386709498e-06,1562500000.0,115,2
3tier_os4,64,2,2,0.021500000000000102,0.02147483648,0.0011717677116442893,3125000000.0,217,2
3tier_os4,64,2,4,0.021500000000000102,0.014316557653333332,0.5017576515674664,4687500000.0,389,4
3tier_os4,64,2,8,0.01614999999999995,0.008206943877707007,0.967845795055224,8177083333.333333,682,6
2tier,64,2,1,0.01614999999999995,0.01610612736,0.002723972002661945,4166666666.6666665,98,3
2tier,64,2,2,0.010749999999999963,0.01073741824,0.0011717677116360736,6250000000.0,154,4
2tier,64,2,4,0.008099999999999979,0.007320966981818182,0.10641121864318559,9166666666.666666,214,6
2tier,64,2,8,0.008099999999999979,0.006135667565714287,0.320149749517437,10937499999.999998,250,12
3tier_nb,16,5,1,0.005399999999999995,0.00536870912,0.005828380584715909,12500000000.0,32,1
3tier_nb,16,5,2,0.005399999999999995,0.00536870912,0.005828380584715909,12500000000.0,64,1
3tier_nb,16,5,4,0.005399999999999995,0.00536870912,0.005828380584715909,12500000000.0,125,2
3tier_nb,16,5,8,0.005399999999999995,0.00536870912,0.005828380584715909,12500000000.0,234,2
3tier_os2,16,5,1,0.010749999999999963,0.01073741824,0.0011717677116360736,6250000000.0,32,1
3tier_os2,16,5,2,0.005399999999999995,0.00536870912,0.005828380584715909,12500000000.0,64,1
3tier_os2,16,5,4,0.005399999999999995,0.00536870912,0.005828380584715909,12500000000.0,125,2
3tier_os2,16,5,8,0.005399999999999995,0.00536870912,0.005828380584715909,12500000000.0,234,2
3tier_os4,16,5,1,0.021500000000000102,0.02147483648,0.0011717677116442893,3125000000.0,32,1
3tier_os4,16,5,2,0.010749999999999963,0.01073741824,0.0011717677116360736,6250000000.0,64,1
3tier_os4,16,5,4,0.010749999999999963,0.007158278826666666,0.501757651567454,9375000000.0,125,2
3tier_os4,16,5,8,0.005399999999999995,0.00536870912,0.005828380584715909,12500000000.0,234,2
2tier,16,5,1,0.005399999999999995,0.00536870912,0.005828380584715909,12500000000.0,30,1
2tier,16,5,2,0.005399999999999995,0.00536870912,0.005828380584715909,12500000000.0,56,2
2tier,16,5,4,0.005399999999999995,0.00536870912,0.005828380584715909,12500000000.0,93,3
2tier,16,5,8,0.005399999999999995,0.00536870912,0.005828380584715909,12500000000.0,145,5
3tier_nb,64,5,1,0.010749999999999963,0.01073741824,0.0011717677116360736,6250000000.0,122,2
3tier_nb,64,5,2,0.005399999999999995,0.00536870912,0.005828380584715909,12500000000.0,232,2
3tier_nb,64,5,4,0.005399999999999995,0.00536870912,0.005828380584715909,12500000000.0,440,3
3tier_nb,64,5,8,0.005399999999999995,0.00536870912,0.005828380584715909,12500000000.0,768,4
3tier_os2,64,5,1,0.021500000000000102,0.02147483648,0.0011717677116442893,3125000000.0,122,2
3tier_os2,64,5,2,0.010749999999999963,0.01073741824,0.0011717677116360736,6250000000.0,232,2
3tier_os2,64,5,4,0.008099999999999979,0.006442450944,0.25728547573089267,10416666666.666666,440,3
3tier_os2,64,5,8,0.005399999999999995,0.00536870912,0.005828380584715909,12500000000.0,768,4
3tier_os4,64,5,1,0.04295000000000072,0.04294967296,7.614493386709498e-06,1562500000.0,122,2
3tier_os4,64,5,2,0.021500000000000102,0.02147483648,0.0011717677116442893,3125000000.0,232,2
3tier_os4,64,5,4,0.01614999999999995,0.011713547170909092,0.3787454615036603,5729166666.666666,440,3
3tier_os4,64,5,8,0.010749999999999963,0.0067815273094736835,0.5851886322100903,9895833333.333334,768,4
2tier,64,5,1,0.010749999999999963,0.01073741824,0.0011717677116360736,6250000000.0,101,2
2tier,64,5,2,0.013449999999999946,0.0134217728,0.002103090286250886,5000000000.0,161,5
2tier,64,5,4,0.010749999999999963,0.01073741824,0.0011717677116360736,6250000000.0,212,8
2tier,64,5,8,0.008749999999999975,0.006696090744944883,0.30673258969879713,10022095959.595959,245,13
3tier_nb,16,9,1,0.005399999999999995,0.00536870912,0.005828380584715909,12500000000.0,30,1
3tier_nb,16,9,2,0.005399999999999995,0.00536870912,0.005828380584715909,12500000000.0,58,2
3tier_nb,16,9,4,0.005399999999999995,0.00536870912,0.005828380584715909,12500000000.0,116,2
3tier_nb,16,9,8,0.005399999999999995,0.00536870912,0.005828380584715909,12500000000.0,215,3
3tier_os2,16,9,1,0.010749999999999963,0.01073741824,0.0011717677116360736,6250000000.0,30,1
3tier_os2,16,9,2,0.010749999999999963,0.01073741824,0.0011717677116360736,6250000000.0,58,2
3tier_os2,16,9,4,0.005399999999999995,0.00536870912,0.005828380584715909,12500000000.0,116,2
3tier_os2,16,9,8,0.005399999999999995,0.00536870912,0.005828380584715909,12500000000.0,215,3
3tier_os4,16,9,1,0.021500000000000102,0.02147483648,0.0011717677116442893,3125000000.0,30,1
3tier_os4,16,9,2,0.021500000000000102,0.02147483648,0.0011717677116442893,3125000000.0,58,2
3tier_os4,16,9,4,0.010749999999999963,0.008589934592,0.25146470963954504,7812500000.0,116,2
3tier_os4,16,9,8,0.008099999999999979,0.005856773585454546,0.3830140233039818,11458333333.333332,215,3
2tier,16,9,1,0.010749999999999963,0.01073741824,0.0011717677116360736,6250000000.0,27,2
2tier,16,9,2,0.008099999999999979,0.00805306368,0.005828380584714132,8333333333.333333,49,3
2tier,16,9,4,0.005399999999999995,0.00536870912,0.005828380584715909,12500000000.0,93,4
2tier,16,9,8,0.005399999999999995,0.00536870912,0.005828380584715909,12500000000.0,139,4
3tier_nb,64,9,1,0.010749999999999963,0.01073741824,0.0011717677116360736,6250000000.0,117,2
3tier_nb,64,9,2,0.010749999999999963,0.01073741824,0.0011717677116360736,6250000000.0,226,2
3tier_nb,64,9,4,0.008099999999999979,0.00805306368,0.005828380584714132,8333333333.333333,427,3
3tier_nb,64,9,8,0.006049999999999991,0.005684515538823529,0.06429474221335352,11805555555.555555,751,4
3tier_os2,64,9,1,0.021500000000000102,0.02147483648,0.0011717677116442893,3125000000.0,117,2
3tier_os2,64,9,2,0.010749999999999963,0.01073741824,0.0011717677116360736,6250000000.0,226,2
3tier_os2,64,9,4,0.008099999999999979,0.00805306368,0.005828380584714132,8333333333.333333,427,3
3tier_os2,64,9,8,0.006049999999999991,0.005684515538823529,0.06429474221335352,11805555555.555555,751,4
3tier_os4,64,9,1,0.04295000000000072,0.04294967296,7.614493386709498e-06,1562500000.0,117,2
3tier_os4,64,9,2,0.021500000000000102,0.02147483648,0.0011717677116442893,3125000000.0,226,2
3tier_os4,64,9,4,0.01614999999999995,0.009911462990769232,0.6294264545043258,6770833333.333333,427,3
3tier_os4,64,9,8,0.010749999999999963,0.007158278826666666,0.501757651567454,9375000000.0,751,4
2tier,64,9,1,0.01614999999999995,0.01610612736,0.002723972002661945,4166666666.6666665,101,3
2tier,64,9,2,0.010749999999999963,0.01073741824,0.0011717677116360736,6250000000.0,157,4
2tier,64,9,4,0.008099999999999979,0.007158278826666666,0.1315569281578035,9375000000.0,203,6
2tier,64,9,8,0.006749999999999987,0.0059652323555555555,0.13155692815780418,11250000000.0,223,10
3tier_nb,16,3,1,0.010749999999999963,0.01073741824,0.0011717677116360736,6250000000.0,31,2
3tier_nb,16,3,2,0.005399999999999995,0.00536870912,0.005828380584715909,12500000000.0,63,2
3tier_nb,16,3,4,0.005399999999999995,0.00536870912,0.005828380584715909,12500000000.0,125,2
3tier_nb,16,3,8,0.005399999999999995,0.00536870912,0.005828380584715909,12500000000.0,238,3
3tier_os2,16,3,1,0.021500000000000102,0.02147483648,0.0011717677116442893,3125000000.0,31,2
3tier_os2,16,3,2,0.010749999999999963,0.007158278826666666,0.501757651567454,9375000000.0,63,2
3tier_os2,16,3,4,0.005399999999999995,0.00536870912,0.005828380584715909,12500000000.0,125,2
3tier_os2,16,3,8,0.005399999999999995,0.00536870912,0.005828380584715909,12500000000.0,238,3
3tier_os4,16,3,1,0.04295000000000072,0.04294967296,7.614493386709498e-06,1562500000.0,31,2
3tier_os4,16,3,2,0.021500000000000102,0.014316557653333332,0.5017576515674664,4687500000.0,63,2
3tier_os4,16,3,4,0.010749999999999963,0.007158278826666666,0.501757651567454,9375000000.0,125,2
3tier_os4,16,3,8,0.008099999999999979,0.005856773585454546,0.3830140233039818,11458333333.333332,238,3
2tier,16,3,1,0.010749999999999963,0.01073741824,0.0011717677116360736,6250000000.0,31,2
2tier,16,3,2,0.008099999999999979,0.00805306368,0.005828380584714132,8333333333.333333,52,3
2tier,16,3,4,0.005399999999999995,0.00536870912,0.005828380584715909,12500000000.0,95,4
2tier,16,3,8,0.005399999999999995,0.00536870912,0.005828380584715909,12500000000.0,140,7
3tier_nb,64,3,1,0.010749999999999963,0.01073741824,0.0011717677116360736,6250000000.0,121,2
3tier_nb,64,3,2,0.008099999999999979,0.00805306368,0.005828380584714132,8333333333.333333,230,2
3tier_nb,64,3,4,0.005399999999999995,0.00536870912,0.005828380584715909,12500000000.0,421,3
3tier_nb,64,3,8,0.006049999999999991,0.005769359054328357,0.04864334894551048,11631944444.444447,748,6
3tier_os2,64,3,1,0.021500000000000102,0.02147483648,0.0011717677116442893,3125000000.0,121,2
3tier_os2,64,3,2,0.010749999999999963,0.01073741824,0.0011717677116360736,6250000000.0,230,2
3tier_os2,64,3,4,0.008099999999999979,0.005856773585454546,0.3830140233039818,11458333333.333332,421,3
3tier_os2,64,3,8,0.008099999999999979,0.005856773585454545,0.38301402330398204,11458333333.333334,748,6
3tier_os4,64,3,1,0.04295000000000072,0.04294967296,7.614493386709498e-06,1562500000.0,121,2
3tier_os4,64,3,2,0.021500000000000102,0.02147483648,0.0011717677116442893,3125000000.0,230,2
3tier_os4,64,3,4,0.01614999999999995,0.01073741824,0.5040859580039931,6250000000.0,421,3
3tier_os4,64,3,8,0.01614999999999995,0.007158278826666665,1.25612893700599,9375000000.000002,748,6
2tier,64,3,1,0.01614999999999995,0.01610612736,0.002723972002661945,4166666666.6666665,100,3
2tier,64,3,2,0.01614999999999995,0.01610612736,0.002723972002661945,4166666666.6666665,150,6
2tier,64,3,4,0.009399999999999971,0.00805306368,0.1672576268513961,8333333333.333333,215,7
2tier,64,3,8,0.006749999999999987,0.006155207908280254,0.09663233160972395,10902777777.777779,240,10
3tier_nb,16,8,1,0.010749999999999963,0.01073741824,0.0011717677116360736,6250000000.0,29,2
3tier_nb,16,8,2,0.005399999999999995,0.00536870912,0.005828380584715909,12500000000.0,58,2
3tier_nb,16,8,4,0.005399999999999995,0.00536870912,0.005828380584715909,12500000000.0,112,3
3tier_nb,16,8,8,0.005399999999999995,0.00536870912,0.005828380584715909,12500000000.0,218,3
3tier_os2,16,8,1,0.021500000000000102,0.02147483648,0.0011717677116442893,3125000000.0,29,2
3tier_os2,16,8,2,0.010749999999999963,0.007158278826666666,0.501757651567454,9375000000.0,58,2
3tier_os2,16,8,4,0.008099999999999979,0.006442450944,0.25728547573089267,10416666666.666666,112,3
3tier_os2,16,8,8,0.005399999999999995,0.00536870912,0.005828380584715909,12500000000.0,218,3
3tier_os4,16,8,1,0.04295000000000072,0.04294967296,7.614493386709498e-06,1562500000.0,29,2
3tier_os4,16,8,2,0.021500000000000102,0.014316557653333332,0.5017576515674664,4687500000.0,58,2
3tier_os4,16,8,4,0.01614999999999995,0.00805306368,1.005447944005324,8333333333.333334,112,3
3tier_os4,16,8,8,0.008099999999999979,0.005856773585454546,0.3830140233039818,11458333333.333332,218,3
2tier,16,8,1,0.010749999999999963,0.01073741824,0.0011717677116360736,6250000000.0,29,2
2tier,16,8,2,0.008099999999999979,0.00805306368,0.005828380584714132,8333333333.333333,48,3
2tier,16,8,4,0.005399999999999995,0.00536870912,0.005828380584715909,12500000000.0,83,3
2tier,16,8,8,0.005399999999999995,0.00536870912,0.005828380584715909,12500000000.0,107,7
3tier_nb,64,8,1,0.01614999999999995,0.01610612736,0.002723972002661945,4166666666.6666665,116,3
3tier_nb,64,8,2,0.008099999999999979,0.00805306368,0.005828380584714132,8333333333.333333,230,3
3tier_nb,64,8,4,0.005399999999999995,0.00536870912,0.005828380584715909,12500000000.0,420,4
3tier_nb,64,8,8,0.005399999999999995,0.00536870912,0.005828380584715909,12500000000.0,763,5
3tier_os2,64,8,1,0.03225000000000041,0.03221225472,0.0011717677116520608,2083333333.3333333,116,3
3tier_os2,64,8,2,0.01614999999999995,0.012884901888,0.25340496500332743,5208333333.333333,230,3
3tier_os2,64,8,4,0.010749999999999963,0.006442450944,0.6686196128527264,10416666666.666666,420,4
3tier_os2,64,8,8,0.006749999999999987,0.005651272757894737,0.19442120194434875,11875000000.0,763,5
3tier_os4,64,8,1,0.06445000000000106,0.06442450944,0.00039566556614301085,1041666666.6666666,116,3
3tier_os4,64,8,2,0.03225000000000041,0.025769803776,0.251464709639565,2604166666.6666665,230,3
3tier_os4,64,8,4,0.021500000000000102,0.012884901888,0.6686196128527402,5208333333.333333,420,4
3tier_os4,64,8,8,0.013449999999999946,0.008103711879245284,0.659733243286603,8281250000.0,763,5
2tier,64,8,1,0.01614999999999995,0.01610612736,0.002723972002661945,4166666666.6666665,100,3
2tier,64,8,2,0.010749999999999963,0.01073741824,0.0011717677116360736,6250000000.0,148,4
2tier,64,8,4,0.008099999999999979,0.007320966981818182,0.10641121864318559,9166666666.666666,206,6
2tier,64,8,8,0.008099999999999979,0.006781527309473685,0.19442120194434787,9895833333.333332,244,12
3tier_nb,16,12,1,0.005399999999999995,0.00536870912,0.005828380584715909,12500000000.0,28,1
3tier_nb,16,12,2,0.005399999999999995,0.00536870912,0.005828380584715909,12500000000.0,56,1
3tier_nb,16,12,4,0.005399999999999995,0.00536870912,0.005828380584715909,12500000000.0,106,2
3tier_nb,16,12,8,0.005399999999999995,0.00536870912,0.005828380584715909,12500000000.0,202,3
3tier_os2,16,12,1,0.010749999999999963,0.01073741824,0.0011717677116360736,6250000000.0,28,1
3tier_os2,16,12,2,0.005399999999999995,0.00536870912,0.005828380584715909,12500000000.0,56,1
3tier_os2,16,12,4,0.005399999999999995,0.00536870912,0.005828380584715909,12500000000.0,106,2
3tier_os2,16,12,8,0.005399999999999995,0.00536870912,0.005828380584715909,12500000000.0,202,3
3tier_os4,16,12,1,0.021500000000000102,0.02147483648,0.0011717677116442893,3125000000.0,28,1
3tier_os4,16,12,2,0.010749999999999963,0.01073741824,0.0011717677116360736,6250000000.0,56,1
3tier_os4,16,12,4,0.010749999999999963,0.007158278826666666,0.501757651567454,9375000000.0,106,2
3tier_os4,16,12,8,0.008099999999999979,0.005856773585454546,0.3830140233039818,11458333333.333332,202,3
2tier,16,12,1,0.005399999999999995,0.00536870912,0.005828380584715909,12500000000.0,28,1
2tier,16,12,2,0.005399999999999995,0.00536870912,0.005828380584715909,12500000000.0,47,2
2tier,16,12,4,0.005399999999999995,0.00536870912,0.005828380584715909,12500000000.0,85,4
2tier,16,12,8,0.005399999999999995,0.00536870912,0.005828380584715909,12500000000.0,122,5
3tier_nb,64,12,1,0.010749999999999963,0.01073741824,0.0011717677116360736,6250000000.0,112,2
3tier_nb,64,12,2,0.008099999999999979,0.00805306368,0.005828380584714132,8333333333.333333,215,3
3tier_nb,64,12,4,0.005399999999999995,0.00536870912,0.005828380584715909,12500000000.0,407,3
3tier_nb,64,12,8,0.005399999999999995,0.00536870912,0.005828380584715909,12500000000.0,727,4
3tier_os2,64,12,1,0.021500000000000102,0.02147483648,0.0011717677116442893,3125000000.0,112,2
3tier_os2,64,12,2,0.01614999999999995,0.01610612736,0.002723972002661945,4166666666.6666665,215,3
3tier_os2,64,12,4,0.008099999999999979,0.007158278826666666,0.1315569281578035,9375000000.0,407,3
3tier_os2,64,12,8,0.005399999999999995,0.00536870912,0.005828380584715909,12500000000.0,727,4
3tier_os4,64,12,1,0.04295000000000072,0.04294967296,7.614493386709498e-06,1562500000.0,112,2
3tier_os4,64,12,2,0.03225000000000041,0.03221225472,0.0011717677116520608,2083333333.3333333,215,3
3tier_os4,64,12,4,0.01614999999999995,0.01073741824,0.5040859580039931,6250000000.0,407,3
3tier_os4,64,12,8,0.010749999999999963,0.006607641993846154,0.6269041225314085,10156250000.0,727,4
2tier,64,12,1,0.01614999999999995,0.01610612736,0.002723972002661945,4166666666.6666665,102,3
2tier,64,12,2,0.010749999999999963,0.01073741824,0.0011717677116360736,6250000000.0,163,4
2tier,64,12,4,0.009399999999999971,0.00805306368,0.1672576268513961,8333333333.333333,208,7
2tier,64,12,8,0.007399999999999983,0.006353881684160192,0.16464239780348677,10561868686.868687,247,11
3tier_nb,16,10,1,0.005399999999999995,0.00536870912,0.005828380584715909,12500000000.0,32,1
3tier_nb,16,10,2,0.005399999999999995,0.00536870912,0.005828380584715909,12500000000.0,58,2
3tier_nb,16,10,4,0.005399999999999995,0.00536870912,0.005828380584715909,12500000000.0,113,3
3tier_nb,16,10,8,0.005399999999999995,0.00536870912,0.005828380584715909,12500000000.0,226,4
3tier_os2,16,10,1,0.010749999999999963,0.01073741824,0.0011717677116360736,6250000000.0,32,1
3tier_os2,16,10,2,0.010749999999999963,0.01073741824,0.0011717677116360736,6250000000.0,58,2
3tier_os2,16,10,4,0.008099999999999979,0.007158278826666666,0.1315569281578035,9375000000.0,113,3
3tier_os2,16,10,8,0.005399999999999995,0.00536870912,0.005828380584715909,12500000000.0,226,4
3tier_os4,16,10,1,0.021500000000000102,0.02147483648,0.0011717677116442893,3125000000.0,32,1
3tier_os4,16,10,2,0.021500000000000102,0.02147483648,0.0011717677116442893,3125000000.0,58,2
3tier_os4,16,10,4,0.01614999999999995,0.01073741824,0.5040859580039931,6250000000.0,113,3
3tier_os4,16,10,8,0.010749999999999963,0.006135667565714285,0.752050593495363,10937500000.0,226,4
2tier,16,10,1,0.005399999999999995,0.00536870912,0.005828380584715909,12500000000.0,32,1
2tier,16,10,2,0.008099999999999979,0.00805306368,0.005828380584714132,8333333333.333333,54,3
2tier,16,10,4,0.005399999999999995,0.00536870912,0.005828380584715909,12500000000.0,93,4
2tier,16,10,8,0.005399999999999995,0.00536870912,0.005828380584715909,12500000000.0,129,6
3tier_nb,64,10,1,0.010749999999999963,0.01073741824,0.0011717677116360736,6250000000.0,116,2
3tier_nb,64,10,2,0.005399999999999995,0.00536870912,0.005828380584715909,12500000000.0,229,2
3tier_nb,64,10,4,0.005399999999999995,0.00536870912,0.005828380584715909,12500000000.0,417,3
3tier_nb,64,10,8,0.005399999999999995,0.00536870912,0.005828380584715909,12500000000.0,738,4
3tier_os2,64,10,1,0.021500000000000102,0.02147483648,0.0011717677116442893,3125000000.0,116,2
3tier_os2,64,10,2,0.010749999999999963,0.01073741824,0.0011717677116360736,6250000000.0,229,2
3tier_os2,64,10,4,0.008099999999999979,0.006442450944,0.25728547573089267,10416666666.666666,417,3
3tier_os2,64,10,8,0.005399999999999995,0.00536870912,0.005828380584715909,12500000000.0,738,4
3tier_os4,64,10,1,0.04295000000000072,0.04294967296,7.614493386709498e-06,1562500000.0,116,2
3tier_os4,64,10,2,0.021500000000000102,0.02147483648,0.0011717677116442893,3125000000.0,229,2
3tier_os4,64,10,4,0.01614999999999995,0.011713547170909092,0.3787454615036603,5729166666.666666,417,3
3tier_os4,64,10,8,0.010749999999999963,0.00696481183135135,0.5434731418887724,9635416666.666668,738,4
2tier,64,10,1,0.010749999999999963,0.01073741824,0.0011717677116360736,6250000000.0,98,2
2tier,64,10,2,0.010749999999999963,0.01073741824,0.0011717677116360736,6250000000.0,164,4
2tier,64,10,4,0.008099999999999979,0.007158278826666666,0.1315569281578035,9375000000.0,219,6
2tier,64,10,8,0.007399999999999983,0.006171288277271408,0.19910133306425948,10874368686.868687,251,11
3tier_nb,16,14,1,0.005399999999999995,0.00536870912,0.005828380584715909,12500000000.0,30,1
3tier_nb,16,14,2,0.005399999999999995,0.00536870912,0.005828380584715909,12500000000.0,57,2
3tier_nb,16,14,4,0.005399999999999995,0.00536870912,0.005828380584715909,12500000000.0,110,3
3tier_nb,16,14,8,0.005399999999999995,0.00536870912,0.005828380584715909,12500000000.0,217,3
3tier_os2,16,14,1,0.010749999999999963,0.01073741824,0.0011717677116360736,6250000000.0,30,1
3tier_os2,16,14,2,0.010749999999999963,0.01073741824,0.0011717677116360736,6250000000.0,57,2
3tier_os2,16,14,4,0.008099999999999979,0.007158278826666666,0.1315569281578035,9375000000.0,110,3
3tier_os2,16,14,8,0.005399999999999995,0.00536870912,0.005828380584715909,12500000000.0,217,3
3tier_os4,16,14,1,0.021500000000000102,0.02147483648,0.0011717677116442893,3125000000.0,30,1
3tier_os4,16,14,2,0.021500000000000102,0.02147483648,0.0011717677116442893,3125000000.0,57,2
3tier_os4,16,14,4,0.01614999999999995,0.01073741824,0.5040859580039931,6250000000.0,110,3
3tier_os4,16,14,8,0.008099999999999979,0.006135667565714285,0.32014974951743747,10937500000.0,217,3
2tier,16,14,1,0.010749999999999963,0.01073741824,0.0011717677116360736,6250000000.0,29,2
2tier,16,14,2,0.010749999999999963,0.01073741824,0.0011717677116360736,6250000000.0,50,4
2tier,16,14,4,0.006749999999999987,0.006316128376470588,0.0686926543712596,10625000000.0,85,5
2tier,16,14,8,0.005399999999999995,0.00536870912,0.005828380584715909,12500000000.0,125,6
3tier_nb,64,14,1,0.010749999999999963,0.01073741824,0.0011717677116360736,6250000000.0,113,2
3tier_nb,64,14,2,0.008099999999999979,0.00805306368,0.005828380584714132,8333333333.333333,220,2
3tier_nb,64,14,4,0.005399999999999995,0.00536870912,0.005828380584715909,12500000000.0,405,3
3tier_nb,64,14,8,0.005399999999999995,0.00536870912,0.005828380584715909,12500000000.0,721,4
3tier_os2,64,14,1,0.021500000000000102,0.02147483648,0.0011717677116442893,3125000000.0,113,2
3tier_os2,64,14,2,0.010749999999999963,0.01073741824,0.0011717677116360736,6250000000.0,220,2
3tier_os2,64,14,4,0.008099999999999979,0.007158278826666666,0.1315569281578035,9375000000.0,405,3
3tier_os2,64,14,8,0.005399999999999995,0.00536870912,0.005828380584715909,12500000000.0,721,4
3tier_os4,64,14,1,0.04295000000000072,0.04294967296,7.614493386709498e-06,1562500000.0,113,2
3tier_os4,64,14,2,0.021500000000000102,0.02147483648,0.0011717677116442893,3125000000.0,220,2
3tier_os4,64,14,4,0.01614999999999995,0.014316557653333332,0.1280644685029948,4687500000.0,405,3
3tier_os4,64,14,8,0.010749999999999963,0.007158278826666666,0.501757651567454,9375000000.0,721,4
2tier,64,14,1,0.01614999999999995,0.01610612736,0.002723972002661945,4166666666.6666665,99,3
2tier,64,14,2,0.013449999999999946,0.0134217728,0.002103090286250886,5000000000.0,160,5
2tier,64,14,4,0.009399999999999971,0.00805306368,0.1672576268513961,8333333333.333333,205,7
2tier,64,14,8,0.007399999999999983,0.006353881684160192,0.16464239780348677,10561868686.868687,245,11
3tier_nb,16,11,1,0.005399999999999995,0.00536870912,0.005828380584715909,12500000000.0,28,1
3tier_nb,16,11,2,0.005399999999999995,0.00536870912,0.005828380584715909,12500000000.0,56,1
3tier_nb,16,11,4,0.005399999999999995,0.00536870912,0.005828380584715909,12500000000.0,110,2
3tier_nb,16,11,8,0.005399999999999995,0.00536870912,0.005828380584715909,12500000000.0,210,3
3tier_os2,16,11,1,0.010749999999999963,0.01073741824,0.0011717677116360736,6250000000.0,28,1
3tier_os2,16,11,2,0.005399999999999995,0.00536870912,0.005828380584715909,12500000000.0,56,1
3tier_os2,16,11,4,0.005399999999999995,0.00536870912,0.005828380584715909,12500000000.0,110,2
3tier_os2,16,11,8,0.005399999999999995,0.00536870912,0.005828380584715909,12500000000.0,210,3
3tier_os4,16,11,1,0.021500000000000102,0.02147483648,0.0011717677116442893,3125000000.0,28,1
3tier_os4,16,11,2,0.010749999999999963,0.01073741824,0.0011717677116360736,6250000000.0,56,1
3tier_os4,16,11,4,0.010749999999999963,0.006135667565714285,0.752050593495363,10937500000.0,110,2
3tier_os4,16,11,8,0.008099999999999979,0.005856773585454546,0.3830140233039818,11458333333.333332,210,3
2tier,16,11,1,0.005399999999999995,0.00536870912,0.005828380584715909,12500000000.0,28,1
2tier,16,11,2,0.005399999999999995,0.00536870912,0.005828380584715909,12500000000.0,49,2
2tier,16,11,4,0.005399999999999995,0.00536870912,0.005828380584715909,12500000000.0,81,4
2tier,16,11,8,0.005399999999999995,0.00536870912,0.005828380584715909,12500000000.0,133,6
3tier_nb,64,11,1,0.010749999999999963,0.01073741824,0.0011717677116360736,6250000000.0,115,2
3tier_nb,64,11,2,0.008099999999999979,0.00805306368,0.005828380584714132,8333333333.333333,218,2
3tier_nb,64,11,4,0.005399999999999995,0.00536870912,0.005828380584715909,12500000000.0,419,4
3tier_nb,64,11,8,0.005399999999999995,0.00536870912,0.005828380584715909,12500000000.0,758,4
3tier_os2,64,11,1,0.021500000000000102,0.02147483648,0.0011717677116442893,3125000000.0,115,2
3tier_os2,64,11,2,0.010749999999999963,0.01073741824,0.0011717677116360736,6250000000.0,218,2
3tier_os2,64,11,4,0.010749999999999963,0.007158278826666666,0.501757651567454,9375000000.0,419,4
3tier_os2,64,11,8,0.005399999999999995,0.00536870912,0.005828380584715909,12500000000.0,758,4
3tier_os4,64,11,1,0.04295000000000072,0.04294967296,7.614493386709498e-06,1562500000.0,115,2
3tier_os4,64,11,2,0.021500000000000102,0.02147483648,0.0011717677116442893,3125000000.0,218,2
3tier_os4,64,11,4,0.021500000000000102,0.01227133513142857,0.7520505934953774,5468750000.0,419,4
3tier_os4,64,11,8,0.010749999999999963,0.007158278826666666,0.501757651567454,9375000000.0,758,4
2tier,64,11,1,0.021500000000000102,0.02147483648,0.0011717677116442893,3125000000.0,100,4
2tier,64,11,2,0.01614999999999995,0.01610612736,0.002723972002661945,4166666666.6666665,154,6
2tier,64,11,4,0.009399999999999971,0.007158278826666666,0.3131648302078207,9375000000.0,203,7
2tier,64,11,8,0.008099999999999979,0.006442450944,0.25728547573089267,10416666666.666666,229,12
3tier_nb,16,13,1,0.005399999999999995,0.00536870912,0.005828380584715909,12500000000.0,32,1
3tier_nb,16,13,2,0.005399999999999995,0.00536870912,0.005828380584715909,12500000000.0,63,2
3tier_nb,16,13,4,0.005399999999999995,0.00536870912,0.005828380584715909,12500000000.0,120,2
3tier_nb,16,13,8,0.005399999999999995,0.00536870912,0.005828380584715909,12500000000.0,226,3
3tier_os2,16,13,1,0.010749999999999963,0.01073741824,0.0011717677116360736,6250000000.0,32,1
3tier_os2,16,13,2,0.010749999999999963,0.007158278826666666,0.501757651567454,9375000000.0,63,2
3tier_os2,16,13,4,0.005399999999999995,0.00536870912,0.005828380584715909,12500000000.0,120,2
3tier_os2,16,13,8,0.005399999999999995,0.00536870912,0.005828380584715909,12500000000.0,226,3
3tier_os4,16,13,1,0.021500000000000102,0.02147483648,0.0011717677116442893,3125000000.0,32,1
3tier_os4,16,13,2,0.021500000000000102,0.014316557653333332,0.5017576515674664,4687500000.0,63,2
3tier_os4,16,13,4,0.010749999999999963,0.007158278826666666,0.501757651567454,9375000000.0,120,2
3tier_os4,16,13,8,0.008099999999999979,0.006135667565714285,0.32014974951743747,10937500000.0,226,3
2tier,16,13,1,0.005399999999999995,0.00536870912,0.005828380584715909,12500000000.0,32,1
2tier,16,13,2,0.008099999999999979,0.00805306368,0.005828380584714132,8333333333.333333,57,3
2tier,16,13,4,0.005399999999999995,0.00536870912,0.005828380584715909,12500000000.0,90,4
2tier,16,13,8,0.005399999999999995,0.00536870912,0.005828380584715909,12500000000.0,126,6
3tier_nb,64,13,1,0.005399999999999995,0.00536870912,0.005828380584715909,12500000000.0,128,1
3tier_nb,64,13,2,0.008099999999999979,0.00805306368,0.005828380584714132,8333333333.333333,236,3
3tier_nb,64,13,4,0.006749999999999987,0.006316128376470588,0.0686926543712596,10625000000.0,444,3
3tier_nb,64,13,8,0.005399999999999995,0.00536870912,0.005828380584715909,12500000000.0,764,4
3tier_os2,64,13,1,0.010749999999999963,0.01073741824,0.0011717677116360736,6250000000.0,128,1
3tier_os2,64,13,2,0.01614999999999995,0.012884901888,0.25340496500332743,5208333333.333333,236,3
3tier_os2,64,13,4,0.008099999999999979,0.006853671217021277,0.18184834718703913,9791666666.666666,444,3
3tier_os2,64,13,8,0.005399999999999995,0.00536870912,0.005828380584715909,12500000000.0,764,4
3tier_os4,64,13,1,0.021500000000000102,0.02147483648,0.0011717677116442893,3125000000.0,128,1
3tier_os4,64,13,2,0.03225000000000041,0.025769803776,0.251464709639565,2604166666.6666665,236,3
3tier_os4,64,13,4,0.01614999999999995,0.011713547170909092,0.3787454615036603,5729166666.666666,444,3
3tier_os4,64,13,8,0.010749999999999963,0.008312839927741934,0.2931801999608632,8072916666.666667,764,4
2tier,64,13,1,0.01614999999999995,0.01610612736,0.002723972002661945,4166666666.6666665,101,3
2tier,64,13,2,0.008099999999999979,0.00805306368,0.005828380584714132,8333333333.333333,160,3
2tier,64,13,4,0.008099999999999979,0.006853671217021277,0.18184834718703913,9791666666.666666,218,6
2tier,64,13,8,0.007399999999999983,0.006135667565714285,0.206062734127042,10937500000.0,249,11
3tier_nb,16,16,1,0.005399999999999995,0.00536870912,0.005828380584715909,12500000000.0,32,1
3tier_nb,16,16,2,0.005399999999999995,0.00536870912,0.005828380584715909,12500000000.0,64,1
3tier_nb,16,16,4,0.005399999999999995,0.00536870912,0.005828380584715909,12500000000.0,123,2
3tier_nb,16,16,8,0.005399999999999995,0.00536870912,0.005828380584715909,12500000000.0,229,3
3tier_os2,16,16,1,0.010749999999999963,0.01073741824,0.0011717677116360736,6250000000.0,32,1
3tier_os2,16,16,2,0.005399999999999995,0.00536870912,0.005828380584715909,12500000000.0,64,1
3tier_os2,16,16,4,0.005399999999999995,0.00536870912,0.005828380584715909,12500000000.0,123,2
3tier_os2,16,16,8,0.005399999999999995,0.00536870912,0.005828380584715909,12500000000.0,229,3
3tier_os4,16,16,1,0.021500000000000102,0.02147483648,0.0011717677116442893,3125000000.0,32,1
3tier_os4,16,16,2,0.010749999999999963,0.01073741824,0.0011717677116360736,6250000000.0,64,1
3tier_os4,16,16,4,0.010749999999999963,0.008589934592,0.25146470963954504,7812500000.0,123,2
3tier_os4,16,16,8,0.008099999999999979,0.005856773585454546,0.3830140233039818,11458333333.333332,229,3
2tier,16,16,1,0.010749999999999963,0.01073741824,0.0011717677116360736,6250000000.0,29,2
2tier,16,16,2,0.010749999999999963,0.01073741824,0.0011717677116360736,6250000000.0,43,4
2tier,16,16,4,0.005399999999999995,0.00536870912,0.005828380584715909,12500000000.0,81,4
2tier,16,16,8,0.005399999999999995,0.00536870912,0.005828380584715909,12500000000.0,108,6
3tier_nb,64,16,1,0.010749999999999963,0.01073741824,0.0011717677116360736,6250000000.0,121,2
3tier_nb,64,16,2,0.005399999999999995,0.00536870912,0.005828380584715909,12500000000.0,237,2
3tier_nb,64,16,4,0.005399999999999995,0.00536870912,0.005828380584715909,12500000000.0,445,3
3tier_nb,64,16,8,0.005399999999999995,0.00536870912,0.005828380584715909,12500000000.0,768,4
3tier_os2,64,16,1,0.021500000000000102,0.02147483648,0.0011717677116442893,3125000000.0,121,2
3tier_os2,64,16,2,0.010749999999999963,0.01073741824,0.0011717677116360736,6250000000.0,237,2
3tier_os2,64,16,4,0.008099999999999979,0.006442450944,0.25728547573089267,10416666666.666666,445,3
3tier_os2,64,16,8,0.005399999999999995,0.00536870912,0.005828380584715909,12500000000.0,768,4
3tier_os4,64,16,1,0.04295000000000072,0.04294967296,7.614493386709498e-06,1562500000.0,121,2
3tier_os4,64,16,2,0.021500000000000102,0.02147483648,0.0011717677116442893,3125000000.0,237,2
3tier_os4,64,16,4,0.01614999999999995,0.009911462990769232,0.6294264545043258,6770833333.333333,445,3
3tier_os4,64,16,8,0.010749999999999963,0.006964811831351352,0.5434731418887719,9635416666.666666,768,4
2tier,64,16,1,0.01614999999999995,0.01610612736,0.002723972002661945,4166666666.6666665,103,3
2tier,64,16,2,0.010749999999999963,0.01073741824,0.0011717677116360736,6250000000.0,156,4
2tier,64,16,4,0.008099999999999979,0.007158278826666666,0.1315569281578035,9375000000.0,220,6
2tier,64,16,8,0.006749999999999987,0.0059652323555555555,0.13155692815780418,11250000000.0,247,10
3tier_nb,16,15,1,0.005399999999999995,0.00536870912,0.005828380584715909,12500000000.0,30,1
3tier_nb,16,15,2,0.005399999999999995,0.00536870912,0.005828380584715909,12500000000.0,58,2
3tier_nb,16,15,4,0.005399999999999995,0.00536870912,0.005828380584715909,12500000000.0,111,2
3tier_nb,16,15,8,0.005399999999999995,0.00536870912,0.005828380584715909,12500000000.0,205,3
3tier_os2,16,15,1,0.010749999999999963,0.01073741824,0.0011717677116360736,6250000000.0,30,1
3tier_os2,16,15,2,0.010749999999999963,0.007158278826666666,0.501757651567454,9375000000.0,58,2
3tier_os2,16,15,4,0.005399999999999995,0.00536870912,0.005828380584715909,12500000000.0,111,2
3tier_os2,16,15,8,0.005399999999999995,0.00536870912,0.005828380584715909,12500000000.0,205,3
3tier_os4,16,15,1,0.021500000000000102,0.02147483648,0.0011717677116442893,3125000000.0,30,1
3tier_os4,16,15,2,0.021500000000000102,0.014316557653333332,0.5017576515674664,4687500000.0,58,2
3tier_os4,16,15,4,0.010749999999999963,0.007158278826666666,0.501757651567454,9375000000.0,111,2
3tier_os4,16,15,8,0.008099999999999979,0.006135667565714285,0.32014974951743747,10937500000.0,205,3
2tier,16,15,1,0.010749999999999963,0.01073741824,0.0011717677116360736,6250000000.0,29,2
2tier,16,15,2,0.005399999999999995,0.00536870912,0.005828380584715909,12500000000.0,49,2
2tier,16,15,4,0.006749999999999987,0.0059652323555555555,0.13155692815780418,11250000000.0,78,5
2tier,16,15,8,0.005399999999999995,0.00536870912,0.005828380584715909,12500000000.0,100,7
3tier_nb,64,15,1,0.010749999999999963,0.01073741824,0.0011717677116360736,6250000000.0,119,2
3tier_nb,64,15,2,0.008099999999999979,0.00805306368,0.005828380584714132,8333333333.333333,219,2
3tier_nb,64,15,4,0.008099999999999979,0.007158278826666666,0.1315569281578035,9375000000.0,417,3
3tier_nb,64,15,8,0.005399999999999995,0.00536870912,0.005828380584715909,12500000000.0,716,4
3tier_os2,64,15,1,0.021500000000000102,0.02147483648,0.0011717677116442893,3125000000.0,119,2
3tier_os2,64,15,2,0.010749999999999963,0.01073741824,0.0011717677116360736,6250000000.0,219,2
3tier_os2,64,15,4,0.008099999999999979,0.007158278826666666,0.1315569281578035,9375000000.0,417,3
3tier_os2,64,15,8,0.005399999999999995,0.00536870912,0.005828380584715909,12500000000.0,716,4
3tier_os4,64,15,1,0.04295000000000072,0.04294967296,7.614493386709498e-06,1562500000.0,119,2
3tier_os4,64,15,2,0.021500000000000102,0.02147483648,0.0011717677116442893,3125000000.0,219,2
3tier_os4,64,15,4,0.01614999999999995,0.01073741824,0.5040859580039931,6250000000.0,417,3
3tier_os4,64,15,8,0.010749999999999963,0.006781527309473685,0.5851886322100899,9895833333.333332,716,4
2tier,64,15,1,0.01614999999999995,0.01610612736,0.002723972002661945,4166666666.6666665,102,3
2tier,64,15,2,0.010749999999999963,0.01073741824,0.0011717677116360736,6250000000.0,159,4
2tier,64,15,4,0.009399999999999971,0.007911781861052632,0.1881015130451711,8482142857.142858,216,7
2tier,64,15,8,0.007399999999999983,0.006216400033684211,0.19039958173578153,10795454545.454544,246,11
3tier_nb,16,17,1,0.005399999999999995,0.00536870912,0.005828380584715909,12500000000.0,30,1
3tier_nb,16,17,2,0.005399999999999995,0.00536870912,0.005828380584715909,12500000000.0,60,1
3tier_nb,16,17,4,0.005399999999999995,0.00536870912,0.005828380584715909,12500000000.0,118,2
3tier_nb,16,17,8,0.005399999999999995,0.00536870912,0.005828380584715909,12500000000.0,214,2
3tier_os2,16,17,1,0.010749999999999963,0.01073741824,0.0011717677116360736,6250000000.0,30,1
3tier_os2,16,17,2,0.005399999999999995,0.00536870912,0.005828380584715909,12500000000.0,60,1
3tier_os2,16,17,4,0.005399999999999995,0.00536870912,0.005828380584715909,12500000000.0,118,2
3tier_os2,16,17,8,0.005399999999999995,0.00536870912,0.005828380584715909,12500000000.0,214,2
3tier_os4,16,17,1,0.021500000000000102,0.02147483648,0.0011717677116442893,3125000000.0,30,1
3tier_os4,16,17,2,0.010749999999999963,0.01073741824,0.0011717677116360736,6250000000.0,60,1
3tier_os4,16,17,4,0.010749999999999963,0.007158278826666666,0.501757651567454,9375000000.0,118,2
3tier_os4,16,17,8,0.005399999999999995,0.00536870912,0.005828380584715909,12500000000.0,214,2
2tier,16,17,1,0.010749999999999963,0.01073741824,0.0011717677116360736,6250000000.0,28,2
2tier,16,17,2,0.008099999999999979,0.00805306368,0.005828380584714132,8333333333.333333,52,3
2tier,16,17,4,0.005399999999999995,0.00536870912,0.005828380584715909,12500000000.0,89,4
2tier,16,17,8,0.005399999999999995,0.00536870912,0.005828380584715909,12500000000.0,132,5
3tier_nb,64,17,1,0.010749999999999963,0.01073741824,0.0011717677116360736,6250000000.0,112,2
3tier_nb,64,17,2,0.010749999999999963,0.01073741824,0.0011717677116360736,6250000000.0,221,2
3tier_nb,64,17,4,0.006749999999999987,0.0059652323555555555,0.13155692815780418,11250000000.0,415,3
3tier_nb,64,17,8,0.006049999999999991,0.0056845155388235286,0.06429474221335374,11805555555.555557,731,4
3tier_os2,64,17,1,0.021500000000000102,0.02147483648,0.0011717677116442893,3125000000.0,112,2
3tier_os2,64,17,2,0.010749999999999963,0.01073741824,0.0011717677116360736,6250000000.0,221,2
3tier_os2,64,17,4,0.008099999999999979,0.006442450944,0.25728547573089267,10416666666.666666,415,3
3tier_os2,64,17,8,0.006049999999999991,0.0056845155388235286,0.06429474221335374,11805555555.555557,731,4
3tier_os4,64,17,1,0.04295000000000072,0.04294967296,7.614493386709498e-06,1562500000.0,112,2
3tier_os4,64,17,2,0.021500000000000102,0.02147483648,0.0011717677116442893,3125000000.0,221,2
3tier_os4,64,17,4,0.01614999999999995,0.01171354717090909,0.3787454615036603,5729166666.666667,415,3
3tier_os4,64,17,8,0.010749999999999963,0.007809031447272728,0.3766111806034993,8593750000.0,731,4
2tier,64,17,1,0.01614999999999995,0.01610612736,0.002723972002661945,4166666666.6666665,99,3
2tier,64,17,2,0.010749999999999963,0.01073741824,0.0011717677116360736,6250000000.0,156,4
2tier,64,17,4,0.009399999999999971,0.008541128145454546,0.10055719103131633,7857142857.142857,208,7
2tier,64,17,8,0.007399999999999983,0.006471868528219178,0.14341012456200075,10369318181.818182,250,11
3tier_nb,16,18,1,0.005399999999999995,0.00536870912,0.005828380584715909,12500000000.0,32,1
3tier_nb,16,18,2,0.008099999999999979,0.00805306368,0.005828380584714132,8333333333.333333,58,2
3tier_nb,16,18,4,0.006749999999999987,0.006316128376470588,0.0686926543712596,10625000000.0,114,3
3tier_nb,16,18,8,0.005399999999999995,0.00536870912,0.005828380584715909,12500000000.0,227,3
3tier_os2,16,18,1,0.010749999999999963,0.01073741824,0.0011717677116360736,6250000000.0,32,1
3tier_os2,16,18,2,0.010749999999999963,0.01073741824,0.0011717677116360736,6250000000.0,58,2
3tier_os2,16,18,4,0.008099999999999979,0.006442450944,0.25728547573089267,10416666666.666666,114,3
3tier_os2,16,18,8,0.005399999999999995,0.00536870912,0.005828380584715909,12500000000.0,227,3
3tier_os4,16,18,1,0.021500000000000102,0.02147483648,0.0011717677116442893,3125000000.0,32,1
3tier_os4,16,18,2,0.021500000000000102,0.02147483648,0.0011717677116442893,3125000000.0,58,2
3tier_os4,16,18,4,0.01614999999999995,0.009911462990769232,0.6294264545043258,6770833333.333333,114,3
3tier_os4,16,18,8,0.008099999999999979,0.005856773585454546,0.3830140233039818,11458333333.333332,227,3
2tier,16,18,1,0.010749999999999963,0.01073741824,0.0011717677116360736,6250000000.0,29,2
2tier,16,18,2,0.005399999999999995,0.00536870912,0.005828380584715909,12500000000.0,55,2
2tier,16,18,4,0.006749999999999987,0.0059652323555555555,0.13155692815780418,11250000000.0,86,5
2tier,16,18,8,0.005399999999999995,0.00536870912,0.005828380584715909,12500000000.0,127,5
3tier_nb,64,18,1,0.010749999999999963,0.01073741824,0.0011717677116360736,6250000000.0,121,2
3tier_nb,64,18,2,0.008099999999999979,0.00805306368,0.005828380584714132,8333333333.333333,232,3
3tier_nb,64,18,4,0.006749999999999987,0.006316128376470588,0.0686926543712596,10625000000.0,425,3
3tier_nb,64,18,8,0.005399999999999995,0.00536870912,0.005828380584715909,12500000000.0,741,4
3tier_os2,64,18,1,0.021500000000000102,0.02147483648,0.0011717677116442893,3125000000.0,121,2
3tier_os2,64,18,2,0.01614999999999995,0.01073741824,0.5040859580039931,6250000000.0,232,3
3tier_os2,64,18,4,0.008099999999999979,0.006573929534693877,0.23213976621627497,10208333333.333334,425,3
3tier_os2,64,18,8,0.005399999999999995,0.00536870912,0.005828380584715909,12500000000.0,741,4
3tier_os4,64,18,1,0.04295000000000072,0.04294967296,7.614493386709498e-06,1562500000.0,121,2
3tier_os4,64,18,2,0.03225000000000041,0.02147483648,0.5017576515674782,3125000000.0,232,3
3tier_os4,64,18,4,0.01614999999999995,0.01073741824,0.5040859580039931,6250000000.0,425,3
3tier_os4,64,18,8,0.010749999999999963,0.00805306368,0.33489569028218136,8333333333.333333,741,4
2tier,64,18,1,0.01614999999999995,0.01610612736,0.002723972002661945,4166666666.6666665,101,3
2tier,64,18,2,0.010749999999999963,0.01073741824,0.0011717677116360736,6250000000.0,160,4
2tier,64,18,4,0.008099999999999979,0.007320966981818182,0.10641121864318559,9166666666.666666,213,6
2tier,64,18,8,0.006049999999999991,0.005769359054328358,0.048643348945510256,11631944444.444445,247,9
3tier_nb,16,19,1,0.005399999999999995,0.00536870912,0.005828380584715909,12500000000.0,32,1
3tier_nb,16,19,2,0.005399999999999995,0.00536870912,0.005828380584715909,12500000000.0,64,1
3tier_nb,16,19,4,0.005399999999999995,0.00536870912,0.005828380584715909,12500000000.0,121,2
3tier_nb,16,19,8,0.005399999999999995,0.00536870912,0.005828380584715909,12500000000.0,229,3
3tier_os2,16,19,1,0.010749999999999963,0.01073741824,0.0011717677116360736,6250000000.0,32,1
3tier_os2,16,19,2,0.005399999999999995,0.00536870912,0.005828380584715909,12500000000.0,64,1
3tier_os2,16,19,4,0.005399999999999995,0.00536870912,0.005828380584715909,12500000000.0,121,2
3tier_os2,16,19,8,0.005399999999999995,0.00536870912,0.005828380584715909,12500000000.0,229,3
3tier_os4,16,19,1,0.021500000000000102,0.02147483648,0.0011717677116442893,3125000000.0,32,1
3tier_os4,16,19,2,0.010749999999999963,0.01073741824,0.0011717677116360736,6250000000.0,64,1
3tier_os4,16,19,4,0.010749999999999963,0.007158278826666666,0.501757651567454,9375000000.0,121,2
3tier_os4,16,19,8,0.008099999999999979,0.005856773585454546,0.3830140233039818,11458333333.333332,229,3
2tier,16,19,1,0.005399999999999995,0.00536870912,0.005828380584715909,12500000000.0,32,1
2tier,16,19,2,0.005399999999999995,0.00536870912,0.005828380584715909,12500000000.0,59,2
2tier,16,19,4,0.006749999999999987,0.006316128376470588,0.0686926543712596,10625000000.0,95,5
2tier,16,19,8,0.005399999999999995,0.00536870912,0.005828380584715909,12500000000.0,139,8
3tier_nb,64,19,1,0.010749999999999963,0.01073741824,0.0011717677116360736,6250000000.0,116,2
3tier_nb,64,19,2,0.008099999999999979,0.006442450944,0.25728547573089267,10416666666.666666,224,3
3tier_nb,64,19,4,0.005399999999999995,0.00536870912,0.005828380584715909,12500000000.0,422,3
3tier_nb,64,19,8,0.005399999999999995,0.00536870912,0.005828380584715909,12500000000.0,754,4
3tier_os2,64,19,1,0.021500000000000102,0.02147483648,0.0011717677116442893,3125000000.0,116,2
3tier_os2,64,19,2,0.01614999999999995,0.012884901888,0.25340496500332743,5208333333.333333,224,3
3tier_os2,64,19,4,0.008099999999999979,0.007158278826666666,0.1315569281578035,9375000000.0,422,3
3tier_os2,64,19,8,0.005399999999999995,0.00536870912,0.005828380584715909,12500000000.0,754,4
3tier_os4,64,19,1,0.04295000000000072,0.04294967296,7.614493386709498e-06,1562500000.0,116,2
3tier_os4,64,19,2,0.03225000000000041,0.025769803776,0.251464709639565,2604166666.6666665,224,3
3tier_os4,64,19,4,0.01614999999999995,0.01073741824,0.5040859580039931,6250000000.0,422,3
3tier_os4,64,19,8,0.010749999999999963,0.006442450944,0.6686196128527264,10416666666.666666,754,4
2tier,64,19,1,0.021500000000000102,0.02147483648,0.0011717677116442893,3125000000.0,98,4
2tier,64,19,2,0.010749999999999963,0.01073741824,0.0011717677116360736,6250000000.0,160,4
2tier,64,19,4,0.008099999999999979,0.0076695844571428575,0.05611979961394975,8750000000.0,221,6
2tier,64,19,8,0.007399999999999983,0.006316128376470588,0.1716037988662693,10625000000.0,248,11
3tier_nb,16,20,1,0.005399999999999995,0.00536870912,0.005828380584715909,12500000000.0,30,1
3tier_nb,16,20,2,0.005399999999999995,0.00536870912,0.005828380584715909,12500000000.0,60,1
3tier_nb,16,20,4,0.005399999999999995,0.00536870912,0.005828380584715909,12500000000.0,115,2
3tier_nb,16,20,8,0.005399999999999995,0.00536870912,0.005828380584715909,12500000000.0,220,3
3tier_os2,16,20,1,0.010749999999999963,0.01073741824,0.0011717677116360736,6250000000.0,30,1
3tier_os2,16,20,2,0.005399999999999995,0.00536870912,0.005828380584715909,12500000000.0,60,1
3tier_os2,16,20,4,0.005399999999999995,0.00536870912,0.005828380584715909,12500000000.0,115,2
3tier_os2,16,20,8,0.005399999999999995,0.00536870912,0.005828380584715909,12500000000.0,220,3
3tier_os4,16,20,1,0.021500000000000102,0.02147483648,0.0011717677116442893,3125000000.0,30,1
3tier_os4,16,20,2,0.010749999999999963,0.01073741824,0.0011717677116360736,6250000000.0,60,1
3tier_os4,16,20,4,0.010749999999999963,0.007158278826666666,0.501757651567454,9375000000.0,115,2
3tier_os4,16,20,8,0.008099999999999979,0.005856773585454546,0.3830140233039818,11458333333.333332,220,3
2tier,16,20,1,0.010749999999999963,0.01073741824,0.0011717677116360736,6250000000.0,28,2
2tier,16,20,2,0.005399999999999995,0.00536870912,0.005828380584715909,12500000000.0,55,2
2tier,16,20,4,0.005399999999999995,0.00536870912,0.005828380584715909,12500000000.0,85,4
2tier,16,20,8,0.005399999999999995,0.00536870912,0.005828380584715909,12500000000.0,140,6
3tier_nb,64,20,1,0.010749999999999963,0.01073741824,0.0011717677116360736,6250000000.0,115,2
3tier_nb,64,20,2,0.008099999999999979,0.00805306368,0.005828380584714132,8333333333.333333,225,2
3tier_nb,64,20,4,0.005399999999999995,0.00536870912,0.005828380584715909,12500000000.0,426,4
3tier_nb,64,20,8,0.005399999999999995,0.00536870912,0.005828380584715909,12500000000.0,746,6
3tier_os2,64,20,1,0.021500000000000102,0.02147483648,0.0011717677116442893,3125000000.0,115,2
3tier_os2,64,20,2,0.010749999999999963,0.01073741824,0.0011717677116360736,6250000000.0,225,2
3tier_os2,64,20,4,0.010749999999999963,0.00805306368,0.33489569028218136,8333333333.333333,426,4
3tier_os2,64,20,8,0.008099999999999979,0.00619466436923077,0.3075768947601283,10833333333.333332,746,6
3tier_os4,64,20,1,0.04295000000000072,0.04294967296,7.614493386709498e-06,1562500000.0,115,2
3tier_os4,64,20,2,0.021500000000000102,0.02147483648,0.0011717677116442893,3125000000.0,225,2
3tier_os4,64,20,4,0.021500000000000102,0.01171354717090909,0.8354815741380144,5729166666.666667,426,4
3tier_os4,64,20,8,0.01614999999999995,0.008647585159731545,0.8675733978549578,7760416666.666666,746,6
2tier,64,20,1,0.021500000000000102,0.02147483648,0.0011717677116442893,3125000000.0,101,4
2tier,64,20,2,0.013449999999999946,0.01073741824,0.2526288628578137,6250000000.0,154,5
2tier,64,20,4,0.009399999999999971,0.007911781861052632,0.1881015130451711,8482142857.142858,201,7
2tier,64,20,8,0.008099999999999979,0.00633683699409836,0.27824023365974093,10590277777.777779,239,12
3tier_nb,16,23,1,0.005399999999999995,0.00536870912,0.005828380584715909,12500000000.0,30,1
3tier_nb,16,23,2,0.005399999999999995,0.00536870912,0.005828380584715909,12500000000.0,59,2
3tier_nb,16,23,4,0.005399999999999995,0.00536870912,0.005828380584715909,12500000000.0,110,2
3tier_nb,16,23,8,0.005399999999999995,0.00536870912,0.005828380584715909,12500000000.0,214,3
3tier_os2,16,23,1,0.010749999999999963,0.01073741824,0.0011717677116360736,6250000000.0,30,1
3tier_os2,16,23,2,0.010749999999999963,0.007158278826666666,0.501757651567454,9375000000.0,59,2
3tier_os2,16,23,4,0.005399999999999995,0.00536870912,0.005828380584715909,12500000000.0,110,2
3tier_os2,16,23,8,0.005399999999999995,0.00536870912,0.005828380584715909,12500000000.0,214,3
3tier_os4,16,23,1,0.021500000000000102,0.02147483648,0.0011717677116442893,3125000000.0,30,1
3tier_os4,16,23,2,0.021500000000000102,0.014316557653333332,0.5017576515674664,4687500000.0,59,2
3tier_os4,16,23,4,0.010749999999999963,0.008589934592,0.25146470963954504,7812500000.0,110,2
3tier_os4,16,23,8,0.008099999999999979,0.005856773585454546,0.3830140233039818,11458333333.333332,214,3
2tier,16,23,1,0.010749999999999963,0.01073741824,0.0011717677116360736,6250000000.0,29,2
2tier,16,23,2,0.005399999999999995,0.00536870912,0.005828380584715909,12500000000.0,53,2
2tier,16,23,4,0.005399999999999995,0.00536870912,0.005828380584715909,12500000000.0,84,4
2tier,16,23,8,0.005399999999999995,0.00536870912,0.005828380584715909,12500000000.0,121,7
3tier_nb,64,23,1,0.010749999999999963,0.01073741824,0.0011717677116360736,6250000000.0,116,1
3tier_nb,64,23,2,0.008099999999999979,0.00805306368,0.005828380584714132,8333333333.333333,221,2
3tier_nb,64,23,4,0.005399999999999995,0.00536870912,0.005828380584715909,12500000000.0,409,3
3tier_nb,64,23,8,0.005399999999999995,0.00536870912,0.005828380584715909,12500000000.0,715,5
3tier_os2,64,23,1,0.010749999999999963,0.01073741824,0.0011717677116360736,6250000000.0,116,1
3tier_os2,64,23,2,0.010749999999999963,0.01073741824,0.0011717677116360736,6250000000.0,221,2
3tier_os2,64,23,4,0.008099999999999979,0.006442450944,0.25728547573089267,10416666666.666666,409,3
3tier_os2,64,23,8,0.006749999999999987,0.005651272757894737,0.19442120194434875,11875000000.0,715,5
3tier_os4,64,23,1,0.021500000000000102,0.02147483648,0.0011717677116442893,3125000000.0,116,1
3tier_os4,64,23,2,0.021500000000000102,0.02147483648,0.0011717677116442893,3125000000.0,221,2
3tier_os4,64,23,4,0.01614999999999995,0.011713547170909092,0.3787454615036603,5729166666.666666,409,3
3tier_os4,64,23,8,0.013449999999999946,0.00805306368,0.6701718171437514,8333333333.333334,715,5
2tier,64,23,1,0.021500000000000102,0.02147483648,0.0011717677116442893,3125000000.0,99,4
2tier,64,23,2,0.013449999999999946,0.0134217728,0.002103090286250886,5000000000.0,157,5
2tier,64,23,4,0.009399999999999971,0.007911781861052632,0.1881015130451711,8482142857.142857,219,7
2tier,64,23,8,0.006749999999999987,0.005983700567182662,0.12806446850299635,11215277777.777779,250,10
3tier_nb,16,22,1,0.005399999999999995,0.00536870912,0.005828380584715909,12500000000.0,26,1
3tier_nb,16,22,2,0.005399999999999995,0.00536870912,0.005828380584715909,12500000000.0,50,2
3tier_nb,16,22,4,0.005399999999999995,0.00536870912,0.005828380584715909,12500000000.0,97,2
3tier_nb,16,22,8,0.005399999999999995,0.00536870912,0.005828380584715909,12500000000.0,185,4
3tier_os2,16,22,1,0.010749999999999963,0.01073741824,0.0011717677116360736,6250000000.0,26,1
3tier_os2,16,22,2,0.010749999999999963,0.01073741824,0.0011717677116360736,6250000000.0,50,2
3tier_os2,16,22,4,0.005399999999999995,0.00536870912,0.005828380584715909,12500000000.0,97,2
3tier_os2,16,22,8,0.005399999999999995,0.00536870912,0.005828380584715909,12500000000.0,185,4
3tier_os4,16,22,1,0.021500000000000102,0.02147483648,0.0011717677116442893,3125000000.0,26,1
3tier_os4,16,22,2,0.021500000000000102,0.02147483648,0.0011717677116442893,3125000000.0,50,2
3tier_os4,16,22,4,0.010749999999999963,0.007158278826666666,0.501757651567454,9375000000.0,97,2
3tier_os4,16,22,8,0.010749999999999963,0.006607641993846154,0.6269041225314085,10156250000.0,185,4
2tier,16,22,1,0.010749999999999963,0.01073741824,0.0011717677116360736,6250000000.0,25,2
2tier,16,22,2,0.008099999999999979,0.00805306368,0.005828380584714132,8333333333.333333,46,3
2tier,16,22,4,0.005399999999999995,0.00536870912,0.005828380584715909,12500000000.0,87,4
2tier,16,22,8,0.005399999999999995,0.00536870912,0.005828380584715909,12500000000.0,127,5
3tier_nb,64,22,1,0.010749999999999963,0.01073741824,0.0011717677116360736,6250000000.0,118,2
3tier_nb,64,22,2,0.008099999999999979,0.00805306368,0.005828380584714132,8333333333.333333,219,3
3tier_nb,64,22,4,0.005399999999999995,0.00536870912,0.005828380584715909,12500000000.0,419,3
3tier_nb,64,22,8,0.005399999999999995,0.00536870912,0.005828380584715909,12500000000.0,746,5
3tier_os2,64,22,1,0.021500000000000102,0.02147483648,0.0011717677116442893,3125000000.0,118,2
3tier_os2,64,22,2,0.01614999999999995,0.01610612736,0.002723972002661945,4166666666.6666665,219,3
3tier_os2,64,22,4,0.008099999999999979,0.007158278826666666,0.1315569281578035,9375000000.0,419,3
3tier_os2,64,22,8,0.006749999999999987,0.005651272757894737,0.19442120194434875,11875000000.0,746,5
3tier_os4,64,22,1,0.04295000000000072,0.04294967296,7.614493386709498e-06,1562500000.0,118,2
3tier_os4,64,22,2,0.03225000000000041,0.03221225472,0.0011717677116520608,2083333333.3333333,219,3
3tier_os4,64,22,4,0.01614999999999995,0.012884901888,0.25340496500332743,5208333333.333333,419,3
3tier_os4,64,22,8,0.013449999999999946,0.0073628010788571435,0.8267504250009781,9114583333.333332,746,5
2tier,64,22,1,0.026850000000000256,0.0268435456,0.0002404451370334737,2500000000.0,99,5
2tier,64,22,2,0.01614999999999995,0.0134217728,0.20326876640319447,5000000000.0,163,6
2tier,64,22,4,0.009399999999999971,0.007158278826666666,0.3131648302078207,9375000000.0,215,7
2tier,64,22,8,0.008099999999999979,0.0065295110918918925,0.24052166938781405,10277777777.777777,248,12
3tier_nb,16,25,1,0.005399999999999995,0.00536870912,0.005828380584715909,12500000000.0,28,1
3tier_nb,16,25,2,0.005399999999999995,0.00536870912,0.005828380584715909,12500000000.0,56,1
3tier_nb,16,25,4,0.005399999999999995,0.00536870912,0.005828380584715909,12500000000.0,110,2
3tier_nb,16,25,8,0.005399999999999995,0.00536870912,0.005828380584715909,12500000000.0,212,3
3tier_os2,16,25,1,0.010749999999999963,0.01073741824,0.0011717677116360736,6250000000.0,28,1
3tier_os2,16,25,2,0.005399999999999995,0.00536870912,0.005828380584715909,12500000000.0,56,1
3tier_os2,16,25,4,0.005399999999999995,0.00536870912,0.005828380584715909,12500000000.0,110,2
3tier_os2,16,25,8,0.005399999999999995,0.00536870912,0.005828380584715909,12500000000.0,212,3
3tier_os4,16,25,1,0.021500000000000102,0.02147483648,0.0011717677116442893,3125000000.0,28,1
3tier_os4,16,25,2,0.010749999999999963,0.01073741824,0.0011717677116360736,6250000000.0,56,1
3tier_os4,16,25,4,0.010749999999999963,0.007158278826666666,0.501757651567454,9375000000.0,110,2
3tier_os4,16,25,8,0.008099999999999979,0.005856773585454546,0.3830140233039818,11458333333.333332,212,3
2tier,16,25,1,0.005399999999999995,0.00536870912,0.005828380584715909,12500000000.0,28,1
2tier,16,25,2,0.005399999999999995,0.00536870912,0.005828380584715909,12500000000.0,53,2
2tier,16,25,4,0.005399999999999995,0.00536870912,0.005828380584715909,12500000000.0,94,3
2tier,16,25,8,0.005399999999999995,0.00536870912,0.005828380584715909,12500000000.0,148,5
3tier_nb,64,25,1,0.010749999999999963,0.01073741824,0.0011717677116360736,6250000000.0,116,2
3tier_nb,64,25,2,0.008099999999999979,0.00805306368,0.005828380584714132,8333333333.333333,221,2
3tier_nb,64,25,4,0.008099999999999979,0.00805306368,0.005828380584714132,8333333333.333333,412,3
3tier_nb,64,25,8,0.005399999999999995,0.00536870912,0.005828380584715909,12500000000.0,722,4
3tier_os2,64,25,1,0.021500000000000102,0.02147483648,0.0011717677116442893,3125000000.0,116,2
3tier_os2,64,25,2,0.010749999999999963,0.01073741824,0.0011717677116360736,6250000000.0,221,2
3tier_os2,64,25,4,0.008099999999999979,0.00805306368,0.005828380584714132,8333333333.333333,412,3
3tier_os2,64,25,8,0.005399999999999995,0.00536870912,0.005828380584715909,12500000000.0,722,4
3tier_os4,64,25,1,0.04295000000000072,0.04294967296,7.614493386709498e-06,1562500000.0,116,2
3tier_os4,64,25,2,0.021500000000000102,0.02147483648,0.0011717677116442893,3125000000.0,221,2
3tier_os4,64,25,4,0.01614999999999995,0.011713547170909092,0.3787454615036603,5729166666.666666,412,3
3tier_os4,64,25,8,0.010749999999999963,0.008312839927741934,0.2931801999608632,8072916666.666667,722,4
2tier,64,25,1,0.021500000000000102,0.02147483648,0.0011717677116442893,3125000000.0,102,4
2tier,64,25,2,0.010749999999999963,0.01073741824,0.0011717677116360736,6250000000.0,160,4
2tier,64,25,4,0.009399999999999971,0.008541128145454545,0.10055719103131655,7857142857.142858,222,7
2tier,64,25,8,0.008749999999999975,0.006594634824566928,0.3268361680018561,10176282051.282053,246,13
3tier_nb,16,21,1,0.005399999999999995,0.00536870912,0.005828380584715909,12500000000.0,28,1
3tier_nb,16,21,2,0.005399999999999995,0.00536870912,0.005828380584715909,12500000000.0,56,1
3tier_nb,16,21,4,0.005399999999999995,0.00536870912,0.005828380584715909,12500000000.0,109,2
3tier_nb,16,21,8,0.005399999999999995,0.00536870912,0.005828380584715909,12500000000.0,208,3
3tier_os2,16,21,1,0.010749999999999963,0.01073741824,0.0011717677116360736,6250000000.0,28,1
3tier_os2,16,21,2,0.005399999999999995,0.00536870912,0.005828380584715909,12500000000.0,56,1
3tier_os2,16,21,4,0.005399999999999995,0.00536870912,0.005828380584715909,12500000000.0,109,2
3tier_os2,16,21,8,0.005399999999999995,0.00536870912,0.005828380584715909,12500000000.0,208,3
3tier_os4,16,21,1,0.021500000000000102,0.02147483648,0.0011717677116442893,3125000000.0,28,1
3tier_os4,16,21,2,0.010749999999999963,0.01073741824,0.0011717677116360736,6250000000.0,56,1
3tier_os4,16,21,4,0.010749999999999963,0.006135667565714285,0.752050593495363,10937500000.0,109,2
3tier_os4,16,21,8,0.008099999999999979,0.005856773585454546,0.3830140233039818,11458333333.333332,208,3
2tier,16,21,1,0.005399999999999995,0.00536870912,0.005828380584715909,12500000000.0,30,1
2tier,16,21,2,0.005399999999999995,0.00536870912,0.005828380584715909,12500000000.0,51,2
2tier,16,21,4,0.005399999999999995,0.00536870912,0.005828380584715909,12500000000.0,86,4
2tier,16,21,8,0.005399999999999995,0.00536870912,0.005828380584715909,12500000000.0,122,6
3tier_nb,64,21,1,0.010749999999999963,0.01073741824,0.0011717677116360736,6250000000.0,111,2
3tier_nb,64,21,2,0.008099999999999979,0.00805306368,0.005828380584714132,8333333333.333333,217,3
3tier_nb,64,21,4,0.005399999999999995,0.00536870912,0.005828380584715909,12500000000.0,408,3
3tier_nb,64,21,8,0.005399999999999995,0.00536870912,0.005828380584715909,12500000000.0,721,6
3tier_os2,64,21,1,0.021500000000000102,0.02147483648,0.0011717677116442893,3125000000.0,111,2
3tier_os2,64,21,2,0.01614999999999995,0.01610612736,0.002723972002661945,4166666666.6666665,217,3
3tier_os2,64,21,4,0.008099999999999979,0.006442450944,0.25728547573089267,10416666666.666666,408,3
3tier_os2,64,21,8,0.008099999999999979,0.006135667565714287,0.320149749517437,10937499999.999998,721,6
3tier_os4,64,21,1,0.04295000000000072,0.04294967296,7.614493386709498e-06,1562500000.0,111,2
3tier_os4,64,21,2,0.03225000000000041,0.03221225472,0.0011717677116520608,2083333333.3333333,217,3
3tier_os4,64,21,4,0.01614999999999995,0.01073741824,0.5040859580039931,6250000000.0,408,3
3tier_os4,64,21,8,0.01614999999999995,0.007198269211173185,1.2435948873559561,9322916666.666666,721,6
2tier,64,21,1,0.01614999999999995,0.01610612736,0.002723972002661945,4166666666.6666665,107,3
2tier,64,21,2,0.010749999999999963,0.01073741824,0.0011717677116360736,6250000000.0,163,4
2tier,64,21,4,0.008099999999999979,0.007158278826666666,0.1315569281578035,9375000000.0,226,6
2tier,64,21,8,0.007399999999999983,0.005983700567182662,0.23669289880328437,11215277777.777779,250,11
3tier_nb,16,24,1,0.010749999999999963,0.01073741824,0.0011717677116360736,6250000000.0,27,2
3tier_nb,16,24,2,0.005399999999999995,0.00536870912,0.005828380584715909,12500000000.0,55,2
3tier_nb,16,24,4,0.005399999999999995,0.00536870912,0.005828380584715909,12500000000.0,108,2
3tier_nb,16,24,8,0.005399999999999995,0.00536870912,0.005828380584715909,12500000000.0,207,3
3tier_os2,16,24,1,0.021500000000000102,0.02147483648,0.0011717677116442893,3125000000.0,27,2
3tier_os2,16,24,2,0.010749999999999963,0.007158278826666666,0.501757651567454,9375000000.0,55,2
3tier_os2,16,24,4,0.005399999999999995,0.00536870912,0.005828380584715909,12500000000.0,108,2
3tier_os2,16,24,8,0.005399999999999995,0.00536870912,0.005828380584715909,12500000000.0,207,3
3tier_os4,16,24,1,0.04295000000000072,0.04294967296,7.614493386709498e-06,1562500000.0,27,2
3tier_os4,16,24,2,0.021500000000000102,0.014316557653333332,0.5017576515674664,4687500000.0,55,2
3tier_os4,16,24,4,0.010749999999999963,0.007158278826666666,0.501757651567454,9375000000.0,108,2
3tier_os4,16,24,8,0.008099999999999979,0.0056021312556521746,0.4458782970905264,11979166666.666666,207,3
2tier,16,24,1,0.010749999999999963,0.01073741824,0.0011717677116360736,6250000000.0,29,2
2tier,16,24,2,0.008099999999999979,0.00805306368,0.005828380584714132,8333333333.333333,48,3
2tier,16,24,4,0.005399999999999995,0.00536870912,0.005828380584715909,12500000000.0,81,4
2tier,16,24,8,0.005399999999999995,0.00536870912,0.005828380584715909,12500000000.0,125,6
3tier_nb,64,24,1,0.010749999999999963,0.01073741824,0.0011717677116360736,6250000000.0,116,2
3tier_nb,64,24,2,0.008099999999999979,0.00805306368,0.005828380584714132,8333333333.333333,220,2
3tier_nb,64,24,4,0.006749999999999987,0.006316128376470588,0.0686926543712596,10625000000.0,417,3
3tier_nb,64,24,8,0.005399999999999995,0.00536870912,0.005828380584715909,12500000000.0,737,4
3tier_os2,64,24,1,0.021500000000000102,0.02147483648,0.0011717677116442893,3125000000.0,116,2
3tier_os2,64,24,2,0.010749999999999963,0.01073741824,0.0011717677116360736,6250000000.0,220,2
3tier_os2,64,24,4,0.008099999999999979,0.006442450944,0.25728547573089267,10416666666.666666,417,3
3tier_os2,64,24,8,0.005399999999999995,0.00536870912,0.005828380584715909,12500000000.0,737,4
3tier_os4,64,24,1,0.04295000000000072,0.04294967296,7.614493386709498e-06,1562500000.0,116,2
3tier_os4,64,24,2,0.021500000000000102,0.02147483648,0.0011717677116442893,3125000000.0,220,2
3tier_os4,64,24,4,0.01614999999999995,0.01073741824,0.5040859580039931,6250000000.0,417,3
3tier_os4,64,24,8,0.010749999999999963,0.00696481183135135,0.5434731418887724,9635416666.666668,737,4
2tier,64,24,1,0.01614999999999995,0.01610612736,0.002723972002661945,4166666666.6666665,98,3
2tier,64,24,2,0.010749999999999963,0.01073741824,0.0011717677116360736,6250000000.0,152,4
2tier,64,24,4,0.009399999999999971,0.007158278826666666,0.3131648302078207,9375000000.0,214,7
2tier,64,24,8,0.006049999999999991,0.005769359054328358,0.048643348945510256,11631944444.444445,247,9
3tier_nb,16,26,1,0.005399999999999995,0.00536870912,0.005828380584715909,12500000000.0,32,1
3tier_nb,16,26,2,0.005399999999999995,0.00536870912,0.005828380584715909,12500000000.0,64,1
3tier_nb,16,26,4,0.005399999999999995,0.00536870912,0.005828380584715909,12500000000.0,122,2
3tier_nb,16,26,8,0.005399999999999995,0.00536870912,0.005828380584715909,12500000000.0,222,3
3tier_os2,16,26,1,0.010749999999999963,0.01073741824,0.0011717677116360736,6250000000.0,32,1
3tier_os2,16,26,2,0.005399999999999995,0.00536870912,0.005828380584715909,12500000000.0,64,1
3tier_os2,16,26,4,0.005399999999999995,0.00536870912,0.005828380584715909,12500000000.0,122,2
3tier_os2,16,26,8,0.005399999999999995,0.00536870912,0.005828380584715909,12500000000.0,222,3
3tier_os4,16,26,1,0.021500000000000102,0.02147483648,0.0011717677116442893,3125000000.0,32,1
3tier_os4,16,26,2,0.010749999999999963,0.01073741824,0.0011717677116360736,6250000000.0,64,1
3tier_os4,16,26,4,0.010749999999999963,0.007158278826666666,0.501757651567454,9375000000.0,122,2
3tier_os4,16,26,8,0.008099999999999979,0.006135667565714287,0.320149749517437,10937499999.999998,222,3
2tier,16,26,1,0.010749999999999963,0.01073741824,0.0011717677116360736,6250000000.0,29,2
2tier,16,26,2,0.005399999999999995,0.00536870912,0.005828380584715909,12500000000.0,52,2
2tier,16,26,4,0.005399999999999995,0.00536870912,0.005828380584715909,12500000000.0,86,4
2tier,16,26,8,0.005399999999999995,0.00536870912,0.005828380584715909,12500000000.0,118,6
3tier_nb,64,26,1,0.010749999999999963,0.01073741824,0.0011717677116360736,6250000000.0,119,2
3tier_nb,64,26,2,0.008099999999999979,0.00805306368,0.005828380584714132,8333333333.333333,227,2
3tier_nb,64,26,4,0.005399999999999995,0.00536870912,0.005828380584715909,12500000000.0,416,3
3tier_nb,64,26,8,0.005399999999999995,0.00536870912,0.005828380584715909,12500000000.0,735,4
3tier_os2,64,26,1,0.021500000000000102,0.02147483648,0.0011717677116442893,3125000000.0,119,2
3tier_os2,64,26,2,0.010749999999999963,0.01073741824,0.0011717677116360736,6250000000.0,227,2
3tier_os2,64,26,4,0.008099999999999979,0.006442450944,0.25728547573089267,10416666666.666666,416,3
3tier_os2,64,26,8,0.005399999999999995,0.00536870912,0.005828380584715909,12500000000.0,735,4
3tier_os4,64,26,1,0.04295000000000072,0.04294967296,7.614493386709498e-06,1562500000.0,119,2
3tier_os4,64,26,2,0.021500000000000102,0.02147483648,0.0011717677116442893,3125000000.0,227,2
3tier_os4,64,26,4,0.01614999999999995,0.01171354717090909,0.3787454615036603,5729166666.666667,416,3
3tier_os4,64,26,8,0.010749999999999963,0.0073628010788571435,0.4600421612461356,9114583333.333332,735,4
2tier,64,26,1,0.01614999999999995,0.01610612736,0.002723972002661945,4166666666.6666665,99,3
2tier,64,26,2,0.010749999999999963,0.01073741824,0.0011717677116360736,6250000000.0,160,4
2tier,64,26,4,0.008099999999999979,0.00805306368,0.005828380584714132,8333333333.333333,221,6
2tier,64,26,8,0.006749999999999987,0.0059652323555555555,0.13155692815780418,11250000000.0,253,10
3tier_nb,16,27,1,0.010749999999999963,0.01073741824,0.0011717677116360736,6250000000.0,27,2
3tier_nb,16,27,2,0.008099999999999979,0.00805306368,0.005828380584714132,8333333333.333333,55,2
3tier_nb,16,27,4,0.005399999999999995,0.00536870912,0.005828380584715909,12500000000.0,108,2
3tier_nb,16,27,8,0.005399999999999995,0.00536870912,0.005828380584715909,12500000000.0,204,4
3tier_os2,16,27,1,0.021500000000000102,0.02147483648,0.0011717677116442893,3125000000.0,27,2
3tier_os2,16,27,2,0.010749999999999963,0.00920350134857143,0.1680337289969085,7291666666.666666,55,2
3tier_os2,16,27,4,0.005399999999999995,0.00536870912,0.005828380584715909,12500000000.0,108,2
3tier_os2,16,27,8,0.005399999999999995,0.00536870912,0.005828380584715909,12500000000.0,204,4
3tier_os4,16,27,1,0.04295000000000072,0.04294967296,7.614493386709498e-06,1562500000.0,27,2
3tier_os4,16,27,2,0.021500000000000102,0.014316557653333332,0.5017576515674664,4687500000.0,55,2
3tier_os4,16,27,4,0.010749999999999963,0.007158278826666666,0.501757651567454,9375000000.0,108,2
3tier_os4,16,27,8,0.010749999999999963,0.006135667565714285,0.752050593495363,10937500000.0,204,4
2tier,16,27,1,0.010749999999999963,0.01073741824,0.0011717677116360736,6250000000.0,29,2
2tier,16,27,2,0.005399999999999995,0.00536870912,0.005828380584715909,12500000000.0,54,2
2tier,16,27,4,0.005399999999999995,0.00536870912,0.005828380584715909,12500000000.0,97,3
2tier,16,27,8,0.005399999999999995,0.00536870912,0.005828380584715909,12500000000.0,141,5
3tier_nb,64,27,1,0.010749999999999963,0.01073741824,0.0011717677116360736,6250000000.0,118,1
3tier_nb,64,27,2,0.008099999999999979,0.00805306368,0.005828380584714132,8333333333.333333,226,3
3tier_nb,64,27,4,0.006749999999999987,0.006316128376470588,0.0686926543712596,10625000000.0,409,3
3tier_nb,64,27,8,0.005399999999999995,0.00536870912,0.005828380584715909,12500000000.0,730,4
3tier_os2,64,27,1,0.010749999999999963,0.01073741824,0.0011717677116360736,6250000000.0,118,1
3tier_os2,64,27,2,0.01614999999999995,0.01073741824,0.5040859580039931,6250000000.0,226,3
3tier_os2,64,27,4,0.008099999999999979,0.007002664069565217,0.15670263767242143,9583333333.333334,409,3
3tier_os2,64,27,8,0.005399999999999995,0.00536870912,0.005828380584715909,12500000000.0,730,4
3tier_os4,64,27,1,0.021500000000000102,0.02147483648,0.0011717677116442893,3125000000.0,118,1
3tier_os4,64,27,2,0.03225000000000041,0.02147483648,0.5017576515674782,3125000000.0,226,3
3tier_os4,64,27,4,0.01614999999999995,0.01073741824,0.5040859580039931,6250000000.0,409,3
3tier_os4,64,27,8,0.010749999999999963,0.006964811831351352,0.5434731418887719,9635416666.666666,730,4
2tier,64,27,1,0.01614999999999995,0.01610612736,0.002723972002661945,4166666666.6666665,103,3
2tier,64,27,2,0.013449999999999946,0.0134217728,0.002103090286250886,5000000000.0,156,5
2tier,64,27,4,0.012099999999999955,0.00920350134857143,0.31471703449884547,7291666666.666666,215,9
2tier,64,27,8,0.008749999999999975,0.006749234322285715,0.296443356709043,9943181818.181816,250,13
3tier_nb,16,29,1,0.010749999999999963,0.01073741824,0.0011717677116360736,6250000000.0,28,1
3tier_nb,16,29,2,0.005399999999999995,0.00536870912,0.005828380584715909,12500000000.0,56,1
3tier_nb,16,29,4,0.005399999999999995,0.00536870912,0.005828380584715909,12500000000.0,108,2
3tier_nb,16,29,8,0.005399999999999995,0.00536870912,0.005828380584715909,12500000000.0,206,3
3tier_os2,16,29,1,0.010749999999999963,0.01073741824,0.0011717677116360736,6250000000.0,28,1
3tier_os2,16,29,2,0.005399999999999995,0.00536870912,0.005828380584715909,12500000000.0,56,1
3tier_os2,16,29,4,0.005399999999999995,0.00536870912,0.005828380584715909,12500000000.0,108,2
3tier_os2,16,29,8,0.005399999999999995,0.00536870912,0.005828380584715909,12500000000.0,206,3
3tier_os4,16,29,1,0.021500000000000102,0.02147483648,0.0011717677116442893,3125000000.0,28,1
3tier_os4,16,29,2,0.010749999999999963,0.01073741824,0.0011717677116360736,6250000000.0,56,1
3tier_os4,16,29,4,0.010749999999999963,0.007158278826666666,0.501757651567454,9375000000.0,108,2
3tier_os4,16,29,8,0.008099999999999979,0.005856773585454546,0.3830140233039818,11458333333.333332,206,3
2tier,16,29,1,0.005399999999999995,0.00536870912,0.005828380584715909,12500000000.0,28,1
2tier,16,29,2,0.005399999999999995,0.00536870912,0.005828380584715909,12500000000.0,52,2
2tier,16,29,4,0.005399999999999995,0.00536870912,0.005828380584715909,12500000000.0,80,4
2tier,16,29,8,0.005399999999999995,0.00536870912,0.005828380584715909,12500000000.0,119,6
3tier_nb,64,29,1,0.010749999999999963,0.01073741824,0.0011717677116360736,6250000000.0,116,2
3tier_nb,64,29,2,0.008099999999999979,0.00805306368,0.005828380584714132,8333333333.333333,216,3
3tier_nb,64,29,4,0.005399999999999995,0.00536870912,0.005828380584715909,12500000000.0,407,3
3tier_nb,64,29,8,0.005399999999999995,0.00536870912,0.005828380584715909,12500000000.0,730,5
3tier_os2,64,29,1,0.021500000000000102,0.02147483648,0.0011717677116442893,3125000000.0,116,2
3tier_os2,64,29,2,0.01614999999999995,0.012884901888,0.25340496500332743,5208333333.333333,216,3
3tier_os2,64,29,4,0.008099999999999979,0.006442450944,0.25728547573089267,10416666666.666666,407,3
3tier_os2,64,29,8,0.006749999999999987,0.005651272757894737,0.19442120194434875,11875000000.0,730,5
3tier_os4,64,29,1,0.04295000000000072,0.04294967296,7.614493386709498e-06,1562500000.0,116,2
3tier_os4,64,29,2,0.03225000000000041,0.025769803776,0.251464709639565,2604166666.6666665,216,3
3tier_os4,64,29,4,0.01614999999999995,0.011713547170909092,0.3787454615036603,5729166666.666666,407,3
3tier_os4,64,29,8,0.013449999999999946,0.007002664069565219,0.9206975897153138,9583333333.333332,730,5
2tier,64,29,1,0.01614999999999995,0.01610612736,0.002723972002661945,4166666666.6666665,97,3
2tier,64,29,2,0.010749999999999963,0.01073741824,0.0011717677116360736,6250000000.0,158,4
2tier,64,29,4,0.008099999999999979,0.007320966981818182,0.10641121864318559,9166666666.666666,220,6
2tier,64,29,8,0.006749999999999987,0.0059652323555555555,0.13155692815780418,11250000000.0,252,10
3tier_nb,16,28,1,0.005399999999999995,0.00536870912,0.005828380584715909,12500000000.0,30,1
3tier_nb,16,28,2,0.005399999999999995,0.00536870912,0.005828380584715909,12500000000.0,58,2
3tier_nb,16,28,4,0.005399999999999995,0.00536870912,0.005828380584715909,12500000000.0,116,2
3tier_nb,16,28,8,0.005399999999999995,0.00536870912,0.005828380584715909,12500000000.0,228,2
3tier_os2,16,28,1,0.010749999999999963,0.01073741824,0.0011717677116360736,6250000000.0,30,1
3tier_os2,16,28,2,0.010749999999999963,0.01073741824,0.0011717677116360736,6250000000.0,58,2
3tier_os2,16,28,4,0.005399999999999995,0.00536870912,0.005828380584715909,12500000000.0,116,2
3tier_os2,16,28,8,0.005399999999999995,0.00536870912,0.005828380584715909,12500000000.0,228,2
3tier_os4,16,28,1,0.021500000000000102,0.02147483648,0.0011717677116442893,3125000000.0,30,1
3tier_os4,16,28,2,0.021500000000000102,0.02147483648,0.0011717677116442893,3125000000.0,58,2
3tier_os4,16,28,4,0.010749999999999963,0.007158278826666666,0.501757651567454,9375000000.0,116,2
3tier_os4,16,28,8,0.005399999999999995,0.00536870912,0.005828380584715909,12500000000.0,228,2
2tier,16,28,1,0.010749999999999963,0.01073741824,0.0011717677116360736,6250000000.0,29,2
2tier,16,28,2,0.005399999999999995,0.00536870912,0.005828380584715909,12500000000.0,53,2
2tier,16,28,4,0.005399999999999995,0.00536870912,0.005828380584715909,12500000000.0,87,4
2tier,16,28,8,0.005399999999999995,0.00536870912,0.005828380584715909,12500000000.0,129,6
3tier_nb,64,28,1,0.010749999999999963,0.01073741824,0.0011717677116360736,6250000000.0,115,2
3tier_nb,64,28,2,0.008099999999999979,0.00805306368,0.005828380584714132,8333333333.333333,222,2
3tier_nb,64,28,4,0.005399999999999995,0.00536870912,0.005828380584715909,12500000000.0,418,3
3tier_nb,64,28,8,0.005399999999999995,0.00536870912,0.005828380584715909,12500000000.0,736,5
3tier_os2,64,28,1,0.021500000000000102,0.02147483648,0.0011717677116442893,3125000000.0,115,2
3tier_os2,64,28,2,0.010749999999999963,0.01073741824,0.0011717677116360736,6250000000.0,222,2
3tier_os2,64,28,4,0.008099999999999979,0.006442450944,0.25728547573089267,10416666666.666666,418,3
3tier_os2,64,28,8,0.006749999999999987,0.005651272757894737,0.19442120194434875,11875000000.0,736,5
3tier_os4,64,28,1,0.04295000000000072,0.04294967296,7.614493386709498e-06,1562500000.0,115,2
3tier_os4,64,28,2,0.021500000000000102,0.02147483648,0.0011717677116442893,3125000000.0,222,2
3tier_os4,64,28,4,0.01614999999999995,0.011713547170909092,0.3787454615036603,5729166666.666666,418,3
3tier_os4,64,28,8,0.013449999999999946,0.007002664069565217,0.9206975897153142,9583333333.333334,736,5
2tier,64,28,1,0.01614999999999995,0.01610612736,0.002723972002661945,4166666666.6666665,104,3
2tier,64,28,2,0.010749999999999963,0.01073741824,0.0011717677116360736,6250000000.0,159,4
2tier,64,28,4,0.008099999999999979,0.007158278826666666,0.1315569281578035,9375000000.0,215,6
2tier,64,28,8,0.006049999999999991,0.005856773585454545,0.03299195567766677,11458333333.333334,241,9
3tier_nb,16,31,1,0.005399999999999995,0.00536870912,0.005828380584715909,12500000000.0,32,1
3tier_nb,16,31,2,0.005399999999999995,0.00536870912,0.005828380584715909,12500000000.0,63,2
3tier_nb,16,31,4,0.005399999999999995,0.00536870912,0.005828380584715909,12500000000.0,123,2
3tier_nb,16,31,8,0.005399999999999995,0.00536870912,0.005828380584715909,12500000000.0,236,3
3tier_os2,16,31,1,0.010749999999999963,0.01073741824,0.0011717677116360736,6250000000.0,32,1
3tier_os2,16,31,2,0.010749999999999963,0.007158278826666666,0.501757651567454,9375000000.0,63,2
3tier_os2,16,31,4,0.005399999999999995,0.00536870912,0.005828380584715909,12500000000.0,123,2
3tier_os2,16,31,8,0.005399999999999995,0.00536870912,0.005828380584715909,12500000000.0,236,3
3tier_os4,16,31,1,0.021500000000000102,0.02147483648,0.0011717677116442893,3125000000.0,32,1
3tier_os4,16,31,2,0.021500000000000102,0.014316557653333332,0.5017576515674664,4687500000.0,63,2
3tier_os4,16,31,4,0.010749999999999963,0.007158278826666666,0.501757651567454,9375000000.0,123,2
3tier_os4,16,31,8,0.008099999999999979,0.005856773585454546,0.3830140233039818,11458333333.333332,236,3
2tier,16,31,1,0.005399999999999995,0.00536870912,0.005828380584715909,12500000000.0,32,1
2tier,16,31,2,0.005399999999999995,0.00536870912,0.005828380584715909,12500000000.0,60,2
2tier,16,31,4,0.005399999999999995,0.00536870912,0.005828380584715909,12500000000.0,98,3
2tier,16,31,8,0.005399999999999995,0.00536870912,0.005828380584715909,12500000000.0,151,4
3tier_nb,64,31,1,0.010749999999999963,0.01073741824,0.0011717677116360736,6250000000.0,114,2
3tier_nb,64,31,2,0.008099999999999979,0.00805306368,0.005828380584714132,8333333333.333333,220,3
3tier_nb,64,31,4,0.005399999999999995,0.00536870912,0.005828380584715909,12500000000.0,415,3
3tier_nb,64,31,8,0.005399999999999995,0.00536870912,0.005828380584715909,12500000000.0,749,5
3tier_os2,64,31,1,0.021500000000000102,0.02147483648,0.0011717677116442893,3125000000.0,114,2
3tier_os2,64,31,2,0.01614999999999995,0.01073741824,0.5040859580039931,6250000000.0,220,3
3tier_os2,64,31,4,0.008099999999999979,0.006442450944,0.25728547573089267,10416666666.666666,415,3
3tier_os2,64,31,8,0.006749999999999987,0.005506368328205128,0.22585333883762115,12187500000.0,749,5
3tier_os4,64,31,1,0.04295000000000072,0.04294967296,7.614493386709498e-06,1562500000.0,114,2
3tier_os4,64,31,2,0.03225000000000041,0.02147483648,0.5017576515674782,3125000000.0,220,3
3tier_os4,64,31,4,0.01614999999999995,0.009911462990769232,0.6294264545043258,6770833333.333333,415,3
3tier_os4,64,31,8,0.013449999999999946,0.006710886400000001,1.0042061805725013,9999999999.999998,749,5
2tier,64,31,1,0.01614999999999995,0.01610612736,0.002723972002661945,4166666666.6666665,101,3
2tier,64,31,2,0.010749999999999963,0.01073741824,0.0011717677116360736,6250000000.0,153,4
2tier,64,31,4,0.009399999999999971,0.007297274532038835,0.28815216677529065,9196428571.428572,206,7
2tier,64,31,8,0.008099999999999979,0.006442450944,0.25728547573089267,10416666666.666666,240,12
3tier_nb,16,32,1,0.005399999999999995,0.00536870912,0.005828380584715909,12500000000.0,32,1
3tier_nb,16,32,2,0.005399999999999995,0.00536870912,0.005828380584715909,12500000000.0,64,1
3tier_nb,16,32,4,0.005399999999999995,0.00536870912,0.005828380584715909,12500000000.0,125,2
3tier_nb,16,32,8,0.005399999999999995,0.00536870912,0.005828380584715909,12500000000.0,242,2
3tier_os2,16,32,1,0.010749999999999963,0.01073741824,0.0011717677116360736,6250000000.0,32,1
3tier_os2,16,32,2,0.005399999999999995,0.00536870912,0.005828380584715909,12500000000.0,64,1
3tier_os2,16,32,4,0.005399999999999995,0.00536870912,0.005828380584715909,12500000000.0,125,2
3tier_os2,16,32,8,0.005399999999999995,0.00536870912,0.005828380584715909,12500000000.0,242,2
3tier_os4,16,32,1,0.021500000000000102,0.02147483648,0.0011717677116442893,3125000000.0,32,1
3tier_os4,16,32,2,0.010749999999999963,0.01073741824,0.0011717677116360736,6250000000.0,64,1
3tier_os4,16,32,4,0.010749999999999963,0.007158278826666666,0.501757651567454,9375000000.0,125,2
3tier_os4,16,32,8,0.005399999999999995,0.00536870912,0.005828380584715909,12500000000.0,242,2
2tier,16,32,1,0.010749999999999963,0.01073741824,0.0011717677116360736,6250000000.0,31,2
2tier,16,32,2,0.005399999999999995,0.00536870912,0.005828380584715909,12500000000.0,58,2
2tier,16,32,4,0.005399999999999995,0.00536870912,0.005828380584715909,12500000000.0,92,2
2tier,16,32,8,0.005399999999999995,0.00536870912,0.005828380584715909,12500000000.0,125,6
3tier_nb,64,32,1,0.010749999999999963,0.01073741824,0.0011717677116360736,6250000000.0,120,2
3tier_nb,64,32,2,0.008099999999999979,0.00805306368,0.005828380584714132,8333333333.333333,229,3
3tier_nb,64,32,4,0.005399999999999995,0.00536870912,0.005828380584715909,12500000000.0,440,3
3tier_nb,64,32,8,0.005399999999999995,0.00536870912,0.005828380584715909,12500000000.0,752,4
3tier_os2,64,32,1,0.021500000000000102,0.02147483648,0.0011717677116442893,3125000000.0,120,2
3tier_os2,64,32,2,0.01614999999999995,0.012884901888,0.25340496500332743,5208333333.333333,229,3
3tier_os2,64,32,4,0.008099999999999979,0.005856773585454546,0.3830140233039818,11458333333.333332,440,3
3tier_os2,64,32,8,0.005399999999999995,0.00536870912,0.005828380584715909,12500000000.0,752,4
3tier_os4,64,32,1,0.04295000000000072,0.04294967296,7.614493386709498e-06,1562500000.0,120,2
3tier_os4,64,32,2,0.03225000000000041,0.025769803776,0.251464709639565,2604166666.6666665,229,3
3tier_os4,64,32,4,0.01614999999999995,0.011713547170909092,0.3787454615036603,5729166666.666666,440,3
3tier_os4,64,32,8,0.010749999999999963,0.007579354051764706,0.41832667092481746,8854166666.666666,752,4
2tier,64,32,1,0.01614999999999995,0.01610612736,0.002723972002661945,4166666666.6666665,102,3
2tier,64,32,2,0.013449999999999946,0.010066329600000002,0.33613745371500103,6666666666.666666,162,5
2tier,64,32,4,0.009399999999999971,0.007643585865762713,0.2297892854327208,8779761904.761904,212,7
2tier,64,32,8,0.008749999999999975,0.006646973196190476,0.3163886391199515,10096153846.153847,240,13
3tier_nb,16,33,1,0.005399999999999995,0.00536870912,0.005828380584715909,12500000000.0,32,1
3tier_nb,16,33,2,0.005399999999999995,0.00536870912,0.005828380584715909,12500000000.0,62,2
3tier_nb,16,33,4,0.005399999999999995,0.00536870912,0.005828380584715909,12500000000.0,120,2
3tier_nb,16,33,8,0.005399999999999995,0.00536870912,0.005828380584715909,12500000000.0,229,3
3tier_os2,16,33,1,0.010749999999999963,0.01073741824,0.0011717677116360736,6250000000.0,32,1
3tier_os2,16,33,2,0.010749999999999963,0.007158278826666666,0.501757651567454,9375000000.0,62,2
3tier_os2,16,33,4,0.005399999999999995,0.00536870912,0.005828380584715909,12500000000.0,120,2
3tier_os2,16,33,8,0.005399999999999995,0.00536870912,0.005828380584715909,12500000000.0,229,3
3tier_os4,16,33,1,0.021500000000000102,0.02147483648,0.0011717677116442893,3125000000.0,32,1
3tier_os4,16,33,2,0.021500000000000102,0.014316557653333332,0.5017576515674664,4687500000.0,62,2
3tier_os4,16,33,4,0.010749999999999963,0.007158278826666666,0.501757651567454,9375000000.0,120,2
3tier_os4,16,33,8,0.008099999999999979,0.0056021312556521746,0.4458782970905264,11979166666.666666,229,3
2tier,16,33,1,0.010749999999999963,0.01073741824,0.0011717677116360736,6250000000.0,31,2
2tier,16,33,2,0.005399999999999995,0.00536870912,0.005828380584715909,12500000000.0,56,2
2tier,16,33,4,0.005399999999999995,0.00536870912,0.005828380584715909,12500000000.0,90,4
2tier,16,33,8,0.005399999999999995,0.00536870912,0.005828380584715909,12500000000.0,130,6
3tier_nb,64,33,1,0.010749999999999963,0.01073741824,0.0011717677116360736,6250000000.0,125,2
3tier_nb,64,33,2,0.008099999999999979,0.006442450944,0.25728547573089267,10416666666.666666,243,2
3tier_nb,64,33,4,0.006749999999999987,0.0059652323555555555,0.13155692815780418,11250000000.0,435,3
3tier_nb,64,33,8,0.005399999999999995,0.00536870912,0.005828380584715909,12500000000.0,757,5
3tier_os2,64,33,1,0.021500000000000102,0.02147483648,0.0011717677116442893,3125000000.0,125,2
3tier_os2,64,33,2,0.010749999999999963,0.01073741824,0.0011717677116360736,6250000000.0,243,2
3tier_os2,64,33,4,0.008099999999999979,0.006442450944,0.25728547573089267,10416666666.666666,435,3
3tier_os2,64,33,8,0.006749999999999987,0.005651272757894737,0.19442120194434875,11875000000.0,757,5
3tier_os4,64,33,1,0.04295000000000072,0.04294967296,7.614493386709498e-06,1562500000.0,125,2
3tier_os4,64,33,2,0.021500000000000102,0.02147483648,0.0011717677116442893,3125000000.0,243,2
3tier_os4,64,33,4,0.01614999999999995,0.01073741824,0.5040859580039931,6250000000.0,435,3
3tier_os4,64,33,8,0.013449999999999946,0.008647585159731543,0.5553475047151186,7760416666.666667,757,5
2tier,64,33,1,0.01614999999999995,0.01610612736,0.002723972002661945,4166666666.6666665,97,3
2tier,64,33,2,0.010749999999999963,0.01073741824,0.0011717677116360736,6250000000.0,148,4
2tier,64,33,4,0.009399999999999971,0.00939524096,0.0005065373011965413,7142857142.857142,207,7
2tier,64,33,8,0.008099999999999979,0.006947741214117647,0.16584653204137334,9659090909.09091,242,12
3tier_nb,16,34,1,0.010749999999999963,0.01073741824,0.0011717677116360736,6250000000.0,28,1
3tier_nb,16,34,2,0.005399999999999995,0.00536870912,0.005828380584715909,12500000000.0,56,1
3tier_nb,16,34,4,0.005399999999999995,0.00536870912,0.005828380584715909,12500000000.0,109,2
3tier_nb,16,34,8,0.005399999999999995,0.00536870912,0.005828380584715909,12500000000.0,203,2
3tier_os2,16,34,1,0.010749999999999963,0.01073741824,0.0011717677116360736,6250000000.0,28,1
3tier_os2,16,34,2,0.005399999999999995,0.00536870912,0.005828380584715909,12500000000.0,56,1
3tier_os2,16,34,4,0.005399999999999995,0.00536870912,0.005828380584715909,12500000000.0,109,2
3tier_os2,16,34,8,0.005399999999999995,0.00536870912,0.005828380584715909,12500000000.0,203,2
3tier_os4,16,34,1,0.021500000000000102,0.02147483648,0.0011717677116442893,3125000000.0,28,1
3tier_os4,16,34,2,0.010749999999999963,0.01073741824,0.0011717677116360736,6250000000.0,56,1
3tier_os4,16,34,4,0.010749999999999963,0.007158278826666666,0.501757651567454,9375000000.0,109,2
3tier_os4,16,34,8,0.005399999999999995,0.00536870912,0.005828380584715909,12500000000.0,203,2
2tier,16,34,1,0.010749999999999963,0.01073741824,0.0011717677116360736,6250000000.0,28,2
2tier,16,34,2,0.008099999999999979,0.00805306368,0.005828380584714132,8333333333.333333,54,3
2tier,16,34,4,0.005399999999999995,0.00536870912,0.005828380584715909,12500000000.0,80,4
2tier,16,34,8,0.005399999999999995,0.00536870912,0.005828380584715909,12500000000.0,113,5
3tier_nb,64,34,1,0.010749999999999963,0.01073741824,0.0011717677116360736,6250000000.0,115,2
3tier_nb,64,34,2,0.008099999999999979,0.00805306368,0.005828380584714132,8333333333.333333,224,2
3tier_nb,64,34,4,0.006749999999999987,0.0059652323555555555,0.13155692815780418,11250000000.0,417,3
3tier_nb,64,34,8,0.005399999999999995,0.00536870912,0.005828380584715909,12500000000.0,729,5
3tier_os2,64,34,1,0.021500000000000102,0.02147483648,0.0011717677116442893,3125000000.0,115,2
3tier_os2,64,34,2,0.010749999999999963,0.01073741824,0.0011717677116360736,6250000000.0,224,2
3tier_os2,64,34,4,0.008099999999999979,0.006442450944,0.25728547573089267,10416666666.666666,417,3
3tier_os2,64,34,8,0.006749999999999987,0.005506368328205128,0.22585333883762115,12187500000.0,729,5
3tier_os4,64,34,1,0.04295000000000072,0.04294967296,7.614493386709498e-06,1562500000.0,115,2
3tier_os4,64,34,2,0.021500000000000102,0.02147483648,0.0011717677116442893,3125000000.0,224,2
3tier_os4,64,34,4,0.01614999999999995,0.01073741824,0.5040859580039931,6250000000.0,417,3
3tier_os4,64,34,8,0.013449999999999946,0.007158278826666666,0.8789432942867206,9375000000.0,729,5
2tier,64,34,1,0.01614999999999995,0.01610612736,0.002723972002661945,4166666666.6666665,100,3
2tier,64,34,2,0.013449999999999946,0.0134217728,0.002103090286250886,5000000000.0,158,5
2tier,64,34,4,0.010749999999999963,0.00870601478918919,0.23477851351101764,7708333333.333333,207,8
2tier,64,34,8,0.008099999999999979,0.006336836994098361,0.2782402336597407,10590277777.777777,233,12
3tier_nb,16,30,1,0.005399999999999995,0.00536870912,0.005828380584715909,12500000000.0,30,1
3tier_nb,16,30,2,0.005399999999999995,0.00536870912,0.005828380584715909,12500000000.0,60,1
3tier_nb,16,30,4,0.005399999999999995,0.00536870912,0.005828380584715909,12500000000.0,111,2
3tier_nb,16,30,8,0.005399999999999995,0.00536870912,0.005828380584715909,12500000000.0,215,3
3tier_os2,16,30,1,0.010749999999999963,0.01073741824,0.0011717677116360736,6250000000.0,30,1
3tier_os2,16,30,2,0.005399999999999995,0.00536870912,0.005828380584715909,12500000000.0,60,1
3tier_os2,16,30,4,0.005399999999999995,0.00536870912,0.005828380584715909,12500000000.0,111,2
3tier_os2,16,30,8,0.005399999999999995,0.00536870912,0.005828380584715909,12500000000.0,215,3
3tier_os4,16,30,1,0.021500000000000102,0.02147483648,0.0011717677116442893,3125000000.0,30,1
3tier_os4,16,30,2,0.010749999999999963,0.01073741824,0.0011717677116360736,6250000000.0,60,1
3tier_os4,16,30,4,0.010749999999999963,0.008589934592,0.25146470963954504,7812500000.0,111,2
3tier_os4,16,30,8,0.008099999999999979,0.006135667565714285,0.32014974951743747,10937500000.0,215,3
2tier,16,30,1,0.005399999999999995,0.00536870912,0.005828380584715909,12500000000.0,30,1
2tier,16,30,2,0.005399999999999995,0.00536870912,0.005828380584715909,12500000000.0,49,2
2tier,16,30,4,0.005399999999999995,0.00536870912,0.005828380584715909,12500000000.0,85,4
2tier,16,30,8,0.005399999999999995,0.00536870912,0.005828380584715909,12500000000.0,136,5
3tier_nb,64,30,1,0.01614999999999995,0.01610612736,0.002723972002661945,4166666666.6666665,117,3
3tier_nb,64,30,2,0.008099999999999979,0.006442450944,0.25728547573089267,10416666666.666666,235,3
3tier_nb,64,30,4,0.005399999999999995,0.00536870912,0.005828380584715909,12500000000.0,428,4
3tier_nb,64,30,8,0.005399999999999995,0.00536870912,0.005828380584715909,12500000000.0,765,5
3tier_os2,64,30,1,0.03225000000000041,0.03221225472,0.0011717677116520608,2083333333.3333333,117,3
3tier_os2,64,30,2,0.01614999999999995,0.01073741824,0.5040859580039931,6250000000.0,235,3
3tier_os2,64,30,4,0.010749999999999963,0.007158278826666666,0.501757651567454,9375000000.0,428,4
3tier_os2,64,30,8,0.006749999999999987,0.005651272757894737,0.19442120194434875,11875000000.0,765,5
3tier_os4,64,30,1,0.06445000000000106,0.06442450944,0.00039566556614301085,1041666666.6666666,117,3
3tier_os4,64,30,2,0.03225000000000041,0.02147483648,0.5017576515674782,3125000000.0,235,3
3tier_os4,64,30,4,0.021500000000000102,0.014316557653333332,0.5017576515674664,4687500000.0,428,4
3tier_os4,64,30,8,0.013449999999999946,0.007198269211173183,0.8685047204295722,9322916666.666668,765,5
2tier,64,30,1,0.021500000000000102,0.02147483648,0.0011717677116442893,3125000000.0,100,4
2tier,64,30,2,0.013449999999999946,0.0134217728,0.002103090286250886,5000000000.0,157,5
2tier,64,30,4,0.010749999999999963,0.00805306368,0.33489569028218136,8333333333.333333,216,8
2tier,64,30,8,0.007399999999999983,0.006271412423362831,0.17995748014160817,10700757575.757576,243,11
3tier_nb,16,36,1,0.005399999999999995,0.00536870912,0.005828380584715909,12500000000.0,30,1
3tier_nb,16,36,2,0.005399999999999995,0.00536870912,0.005828380584715909,12500000000.0,57,2
3tier_nb,16,36,4,0.005399999999999995,0.00536870912,0.005828380584715909,12500000000.0,113,3
3tier_nb,16,36,8,0.005399999999999995,0.00536870912,0.005828380584715909,12500000000.0,220,3
3tier_os2,16,36,1,0.010749999999999963,0.01073741824,0.0011717677116360736,6250000000.0,30,1
3tier_os2,16,36,2,0.010749999999999963,0.01073741824,0.0011717677116360736,6250000000.0,57,2
3tier_os2,16,36,4,0.008099999999999979,0.006442450944,0.25728547573089267,10416666666.666666,113,3
3tier_os2,16,36,8,0.005399999999999995,0.00536870912,0.005828380584715909,12500000000.0,220,3
3tier_os4,16,36,1,0.021500000000000102,0.02147483648,0.0011717677116442893,3125000000.0,30,1
3tier_os4,16,36,2,0.021500000000000102,0.02147483648,0.0011717677116442893,3125000000.0,57,2
3tier_os4,16,36,4,0.01614999999999995,0.00805306368,1.005447944005324,8333333333.333333,113,3
3tier_os4,16,36,8,0.008099999999999979,0.005856773585454546,0.3830140233039818,11458333333.333332,220,3
2tier,16,36,1,0.005399999999999995,0.00536870912,0.005828380584715909,12500000000.0,30,1
2tier,16,36,2,0.008099999999999979,0.006442450944,0.25728547573089267,10416666666.666666,51,3
2tier,16,36,4,0.006749999999999987,0.006316128376470588,0.0686926543712596,10625000000.0,79,5
2tier,16,36,8,0.005399999999999995,0.00536870912,0.005828380584715909,12500000000.0,119,6
3tier_nb,64,36,1,0.010749999999999963,0.01073741824,0.0011717677116360736,6250000000.0,116,2
3tier_nb,64,36,2,0.008099999999999979,0.00805306368,0.005828380584714132,8333333333.333333,227,2
3tier_nb,64,36,4,0.005399999999999995,0.00536870912,0.005828380584715909,12500000000.0,426,3
3tier_nb,64,36,8,0.005399999999999995,0.00536870912,0.005828380584715909,12500000000.0,748,5
3tier_os2,64,36,1,0.021500000000000102,0.02147483648,0.0011717677116442893,3125000000.0,116,2
3tier_os2,64,36,2,0.010749999999999963,0.01073741824,0.0011717677116360736,6250000000.0,227,2
3tier_os2,64,36,4,0.008099999999999979,0.006442450944,0.25728547573089267,10416666666.666666,426,3
3tier_os2,64,36,8,0.006749999999999987,0.005804009859459459,0.16298906505107658,11562500000.0,748,5
3tier_os4,64,36,1,0.04295000000000072,0.04294967296,7.614493386709498e-06,1562500000.0,116,2
3tier_os4,64,36,2,0.021500000000000102,0.02147483648,0.0011717677116442893,3125000000.0,227,2
3tier_os4,64,36,4,0.01614999999999995,0.01073741824,0.5040859580039931,6250000000.0,426,3
3tier_os4,64,36,8,0.013449999999999946,0.0073209669818181805,0.8371889988581269,9166666666.666668,748,5
2tier,64,36,1,0.021500000000000102,0.02147483648,0.0011717677116442893,3125000000.0,100,4
2tier,64,36,2,0.013449999999999946,0.01073741824,0.2526288628578137,6250000000.0,156,5
2tier,64,36,4,0.009399999999999971,0.007297274532038835,0.28815216677529065,9196428571.428572,215,7
2tier,64,36,8,0.008099999999999979,0.0065516450277966105,0.2363307178020444,10243055555.555555,250,12
3tier_nb,16,35,1,0.005399999999999995,0.00536870912,0.005828380584715909,12500000000.0,30,1
3tier_nb,16,35,2,0.005399999999999995,0.00536870912,0.005828380584715909,12500000000.0,57,2
3tier_nb,16,35,4,0.005399999999999995,0.00536870912,0.005828380584715909,12500000000.0,110,2
3tier_nb,16,35,8,0.005399999999999995,0.00536870912,0.005828380584715909,12500000000.0,215,3
3tier_os2,16,35,1,0.010749999999999963,0.01073741824,0.0011717677116360736,6250000000.0,30,1
3tier_os2,16,35,2,0.010749999999999963,0.01073741824,0.0011717677116360736,6250000000.0,57,2
3tier_os2,16,35,4,0.005399999999999995,0.00536870912,0.005828380584715909,12500000000.0,110,2
3tier_os2,16,35,8,0.005399999999999995,0.00536870912,0.005828380584715909,12500000000.0,215,3
3tier_os4,16,35,1,0.021500000000000102,0.02147483648,0.0011717677116442893,3125000000.0,30,1
3tier_os4,16,35,2,0.021500000000000102,0.02147483648,0.0011717677116442893,3125000000.0,57,2
3tier_os4,16,35,4,0.010749999999999963,0.01073741824,0.0011717677116360736,6250000000.0,110,2
3tier_os4,16,35,8,0.008099999999999979,0.005856773585454546,0.3830140233039818,11458333333.333332,215,3
2tier,16,35,1,0.010749999999999963,0.01073741824,0.0011717677116360736,6250000000.0,29,2
2tier,16,35,2,0.008099999999999979,0.00805306368,0.005828380584714132,8333333333.333333,50,3
2tier,16,35,4,0.005399999999999995,0.00536870912,0.005828380584715909,12500000000.0,81,4
2tier,16,35,8,0.005399999999999995,0.00536870912,0.005828380584715909,12500000000.0,120,6
3tier_nb,64,35,1,0.010749999999999963,0.01073741824,0.0011717677116360736,6250000000.0,116,2
3tier_nb,64,35,2,0.008099999999999979,0.00805306368,0.005828380584714132,8333333333.333333,222,3
3tier_nb,64,35,4,0.008099999999999979,0.007158278826666666,0.1315569281578035,9375000000.0,416,4
3tier_nb,64,35,8,0.006049999999999991,0.005684515538823529,0.06429474221335352,11805555555.555555,711,5
3tier_os2,64,35,1,0.021500000000000102,0.02147483648,0.0011717677116442893,3125000000.0,116,2
3tier_os2,64,35,2,0.01614999999999995,0.01073741824,0.5040859580039931,6250000000.0,222,3
3tier_os2,64,35,4,0.010749999999999963,0.007158278826666666,0.501757651567454,9375000000.0,416,4
3tier_os2,64,35,8,0.006749999999999987,0.005684515538823529,0.1874362826347329,11805555555.555555,711,5
3tier_os4,64,35,1,0.04295000000000072,0.04294967296,7.614493386709498e-06,1562500000.0,116,2
3tier_os4,64,35,2,0.03225000000000041,0.02147483648,0.5017576515674782,3125000000.0,222,3
3tier_os4,64,35,4,0.021500000000000102,0.012884901888,0.6686196128527402,5208333333.333333,416,4
3tier_os4,64,35,8,0.013449999999999946,0.00696481183135135,0.9311361635724629,9635416666.666668,711,5
2tier,64,35,1,0.01614999999999995,0.01610612736,0.002723972002661945,4166666666.6666665,107,3
2tier,64,35,2,0.013449999999999946,0.0134217728,0.002103090286250886,5000000000.0,160,5
2tier,64,35,4,0.008099999999999979,0.007158278826666666,0.1315569281578035,9375000000.0,207,6
2tier,64,35,8,0.007399999999999983,0.006171288277271408,0.19910133306425948,10874368686.868687,240,11
3tier_nb,16,39,1,0.005399999999999995,0.00536870912,0.005828380584715909,12500000000.0,28,1
3tier_nb,16,39,2,0.008099999999999979,0.00805306368,0.005828380584714132,8333333333.333333,53,2
3tier_nb,16,39,4,0.005399999999999995,0.00536870912,0.005828380584715909,12500000000.0,105,2
3tier_nb,16,39,8,0.005399999999999995,0.00536870912,0.005828380584715909,12500000000.0,200,3
3tier_os2,16,39,1,0.010749999999999963,0.01073741824,0.0011717677116360736,6250000000.0,28,1
3tier_os2,16,39,2,0.010749999999999963,0.01073741824,0.0011717677116360736,6250000000.0,53,2
3tier_os2,16,39,4,0.005399999999999995,0.00536870912,0.005828380584715909,12500000000.0,105,2
3tier_os2,16,39,8,0.005399999999999995,0.00536870912,0.005828380584715909,12500000000.0,200,3
3tier_os4,16,39,1,0.021500000000000102,0.02147483648,0.0011717677116442893,3125000000.0,28,1
3tier_os4,16,39,2,0.021500000000000102,0.02147483648,0.0011717677116442893,3125000000.0,53,2
3tier_os4,16,39,4,0.010749999999999963,0.007158278826666666,0.501757651567454,9375000000.0,105,2
3tier_os4,16,39,8,0.008099999999999979,0.006135667565714285,0.32014974951743747,10937500000.0,200,3
2tier,16,39,1,0.010749999999999963,0.01073741824,0.0011717677116360736,6250000000.0,28,2
2tier,16,39,2,0.005399999999999995,0.00536870912,0.005828380584715909,12500000000.0,54,2
2tier,16,39,4,0.005399999999999995,0.00536870912,0.005828380584715909,12500000000.0,86,4
2tier,16,39,8,0.005399999999999995,0.00536870912,0.005828380584715909,12500000000.0,116,6
3tier_nb,64,39,1,0.010749999999999963,0.01073741824,0.0011717677116360736,6250000000.0,114,2
3tier_nb,64,39,2,0.008099999999999979,0.00805306368,0.005828380584714132,8333333333.333333,219,2
3tier_nb,64,39,4,0.006749999999999987,0.006316128376470588,0.0686926543712596,10625000000.0,415,3
3tier_nb,64,39,8,0.005399999999999995,0.00536870912,0.005828380584715909,12500000000.0,731,5
3tier_os2,64,39,1,0.021500000000000102,0.02147483648,0.0011717677116442893,3125000000.0,114,2
3tier_os2,64,39,2,0.010749999999999963,0.01073741824,0.0011717677116360736,6250000000.0,219,2
3tier_os2,64,39,4,0.008099999999999979,0.007158278826666666,0.1315569281578035,9375000000.0,415,3
3tier_os2,64,39,8,0.006749999999999987,0.005651272757894737,0.19442120194434875,11875000000.0,731,5
3tier_os4,64,39,1,0.04295000000000072,0.04294967296,7.614493386709498e-06,1562500000.0,114,2
3tier_os4,64,39,2,0.021500000000000102,0.02147483648,0.0011717677116442893,3125000000.0,219,2
3tier_os4,64,39,4,0.01614999999999995,0.014316557653333332,0.1280644685029948,4687500000.0,415,3
3tier_os4,64,39,8,0.013449999999999946,0.00926971358848921,0.45096176614363404,7239583333.333333,731,5
2tier,64,39,1,0.01614999999999995,0.01610612736,0.002723972002661945,4166666666.6666665,99,3
2tier,64,39,2,0.013449999999999946,0.0134217728,0.002103090286250886,5000000000.0,151,5
2tier,64,39,4,0.010749999999999963,0.009336885426086957,0.15134753286838132,7187500000.0,209,8
2tier,64,39,8,0.008749999999999975,0.007067667702278481,0.23803217250566866,9495192307.692308,236,13
3tier_nb,16,38,1,0.005399999999999995,0.00536870912,0.005828380584715909,12500000000.0,32,1
3tier_nb,16,38,2,0.005399999999999995,0.00536870912,0.005828380584715909,12500000000.0,61,2
3tier_nb,16,38,4,0.005399999999999995,0.00536870912,0.005828380584715909,12500000000.0,120,3
3tier_nb,16,38,8,0.005399999999999995,0.00536870912,0.005828380584715909,12500000000.0,224,3
3tier_os2,16,38,1,0.010749999999999963,0.01073741824,0.0011717677116360736,6250000000.0,32,1
3tier_os2,16,38,2,0.010749999999999963,0.01073741824,0.0011717677116360736,6250000000.0,61,2
3tier_os2,16,38,4,0.008099999999999979,0.005856773585454546,0.3830140233039818,11458333333.333332,120,3
3tier_os2,16,38,8,0.005399999999999995,0.00536870912,0.005828380584715909,12500000000.0,224,3
3tier_os4,16,38,1,0.021500000000000102,0.02147483648,0.0011717677116442893,3125000000.0,32,1
3tier_os4,16,38,2,0.021500000000000102,0.02147483648,0.0011717677116442893,3125000000.0,61,2
3tier_os4,16,38,4,0.01614999999999995,0.008589934592,0.8801074475049913,7812500000.0,120,3
3tier_os4,16,38,8,0.008099999999999979,0.005856773585454546,0.3830140233039818,11458333333.333332,224,3
2tier,16,38,1,0.010749999999999963,0.01073741824,0.0011717677116360736,6250000000.0,30,2
2tier,16,38,2,0.010749999999999963,0.01073741824,0.0011717677116360736,6250000000.0,53,4
2tier,16,38,4,0.006749999999999987,0.0067108864,0.0058283805847147985,10000000000.0,82,5
2tier,16,38,8,0.005399999999999995,0.00536870912,0.005828380584715909,12500000000.0,122,7
3tier_nb,64,38,1,0.010749999999999963,0.01073741824,0.0011717677116360736,6250000000.0,122,2
3tier_nb,64,38,2,0.008099999999999979,0.00805306368,0.005828380584714132,8333333333.333333,237,3
3tier_nb,64,38,4,0.005399999999999995,0.00536870912,0.005828380584715909,12500000000.0,443,3
3tier_nb,64,38,8,0.005399999999999995,0.00536870912,0.005828380584715909,12500000000.0,777,4
3tier_os2,64,38,1,0.021500000000000102,0.02147483648,0.0011717677116442893,3125000000.0,122,2
3tier_os2,64,38,2,0.01614999999999995,0.012884901888,0.25340496500332743,5208333333.333333,237,3
3tier_os2,64,38,4,0.008099999999999979,0.005856773585454546,0.3830140233039818,11458333333.333332,443,3
3tier_os2,64,38,8,0.005399999999999995,0.00536870912,0.005828380584715909,12500000000.0,777,4
3tier_os4,64,38,1,0.04295000000000072,0.04294967296,7.614493386709498e-06,1562500000.0,122,2
3tier_os4,64,38,2,0.03225000000000041,0.025769803776,0.251464709639565,2604166666.6666665,237,3
3tier_os4,64,38,4,0.01614999999999995,0.011713547170909092,0.3787454615036603,5729166666.666666,443,3
3tier_os4,64,38,8,0.010749999999999963,0.007158278826666666,0.501757651567454,9375000000.0,777,4
2tier,64,38,1,0.01614999999999995,0.01610612736,0.002723972002661945,4166666666.6666665,104,3
2tier,64,38,2,0.010749999999999963,0.01073741824,0.0011717677116360736,6250000000.0,154,4
2tier,64,38,4,0.010749999999999963,0.008351325297777778,0.28722084420067473,8035714285.714286,213,8
2tier,64,38,8,0.008099999999999979,0.0067815273094736835,0.1944212019443481,9895833333.333334,248,12
3tier_nb,16,37,1,0.010749999999999963,0.01073741824,0.0011717677116360736,6250000000.0,31,2
3tier_nb,16,37,2,0.010749999999999963,0.01073741824,0.0011717677116360736,6250000000.0,56,4
3tier_nb,16,37,4,0.008099999999999979,0.007158278826666666,0.1315569281578035,9375000000.0,115,4
3tier_nb,16,37,8,0.005399999999999995,0.00536870912,0.005828380584715909,12500000000.0,224,4
3tier_os2,16,37,1,0.021500000000000102,0.02147483648,0.0011717677116442893,3125000000.0,31,2
3tier_os2,16,37,2,0.021500000000000102,0.02147483648,0.0011717677116442893,3125000000.0,56,4
3tier_os2,16,37,4,0.010749999999999963,0.007238708925842698,0.4850714554389264,9270833333.333332,115,4
3tier_os2,16,37,8,0.005399999999999995,0.00536870912,0.005828380584715909,12500000000.0,224,4
3tier_os4,16,37,1,0.04295000000000072,0.04294967296,7.614493386709498e-06,1562500000.0,31,2
3tier_os4,16,37,2,0.04295000000000072,0.04294967296,7.614493386709498e-06,1562500000.0,56,4
3tier_os4,16,37,4,0.021500000000000102,0.01073741824,1.0023435354232886,6250000000.0,115,4
3tier_os4,16,37,8,0.010749999999999963,0.0064424509439999994,0.6686196128527266,10416666666.666668,224,4
2tier,16,37,1,0.010749999999999963,0.01073741824,0.0011717677116360736,6250000000.0,31,2
2tier,16,37,2,0.005399999999999995,0.00536870912,0.005828380584715909,12500000000.0,52,2
2tier,16,37,4,0.005399999999999995,0.00536870912,0.005828380584715909,12500000000.0,92,4
2tier,16,37,8,0.005399999999999995,0.00536870912,0.005828380584715909,12500000000.0,132,6
3tier_nb,64,37,1,0.010749999999999963,0.01073741824,0.0011717677116360736,6250000000.0,118,2
3tier_nb,64,37,2,0.010749999999999963,0.01073741824,0.0011717677116360736,6250000000.0,223,4
3tier_nb,64,37,4,0.006749999999999987,0.0059652323555555555,0.13155692815780418,11250000000.0,418,4
3tier_nb,64,37,8,0.005399999999999995,0.00536870912,0.005828380584715909,12500000000.0,759,6
3tier_os2,64,37,1,0.021500000000000102,0.02147483648,0.0011717677116442893,3125000000.0,118,2
3tier_os2,64,37,2,0.021500000000000102,0.02147483648,0.0011717677116442893,3125000000.0,223,4
3tier_os2,64,37,4,0.010749999999999963,0.007238708925842698,0.4850714554389264,9270833333.333332,418,4
3tier_os2,64,37,8,0.008099999999999979,0.006135667565714285,0.32014974951743747,10937500000.0,759,6
3tier_os4,64,37,1,0.04295000000000072,0.04294967296,7.614493386709498e-06,1562500000.0,118,2
3tier_os4,64,37,2,0.04295000000000072,0.04294967296,7.614493386709498e-06,1562500000.0,223,4
3tier_os4,64,37,4,0.021500000000000102,0.014316557653333332,0.5017576515674664,4687500000.0,418,4
3tier_os4,64,37,8,0.01614999999999995,0.007158278826666666,1.2561289370059896,9375000000.0,759,6
2tier,64,37,1,0.01614999999999995,0.01610612736,0.002723972002661945,4166666666.6666665,102,3
2tier,64,37,2,0.010749999999999963,0.01073741824,0.0011717677116360736,6250000000.0,163,4
2tier,64,37,4,0.008099999999999979,0.006442450944,0.25728547573089267,10416666666.666666,220,6
2tier,64,37,8,0.007399999999999983,0.006171288277271408,0.19910133306425948,10874368686.868687,247,11
3tier_nb,16,41,1,0.005399999999999995,0.00536870912,0.005828380584715909,12500000000.0,28,1
3tier_nb,16,41,2,0.005399999999999995,0.00536870912,0.005828380584715909,12500000000.0,55,2
3tier_nb,16,41,4,0.005399999999999995,0.00536870912,0.005828380584715909,12500000000.0,110,2
3tier_nb,16,41,8,0.005399999999999995,0.00536870912,0.005828380584715909,12500000000.0,210,3
3tier_os2,16,41,1,0.010749999999999963,0.01073741824,0.0011717677116360736,6250000000.0,28,1
3tier_os2,16,41,2,0.010749999999999963,0.007158278826666666,0.501757651567454,9375000000.0,55,2
3tier_os2,16,41,4,0.005399999999999995,0.00536870912,0.005828380584715909,12500000000.0,110,2
3tier_os2,16,41,8,0.005399999999999995,0.00536870912,0.005828380584715909,12500000000.0,210,3
3tier_os4,16,41,1,0.021500000000000102,0.02147483648,0.0011717677116442893,3125000000.0,28,1
3tier_os4,16,41,2,0.021500000000000102,0.014316557653333332,0.5017576515674664,4687500000.0,55,2
3tier_os4,16,41,4,0.010749999999999963,0.007158278826666666,0.501757651567454,9375000000.0,110,2
3tier_os4,16,41,8,0.008099999999999979,0.005856773585454546,0.3830140233039818,11458333333.333332,210,3
2tier,16,41,1,0.010749999999999963,0.01073741824,0.0011717677116360736,6250000000.0,28,2
2tier,16,41,2,0.008099999999999979,0.006442450944,0.25728547573089267,10416666666.666666,51,3
2tier,16,41,4,0.006749999999999987,0.006316128376470588,0.0686926543712596,10625000000.0,84,5
2tier,16,41,8,0.005399999999999995,0.00536870912,0.005828380584715909,12500000000.0,130,7
3tier_nb,64,41,1,0.010749999999999963,0.01073741824,0.0011717677116360736,6250000000.0,122,1
3tier_nb,64,41,2,0.008099999999999979,0.00805306368,0.005828380584714132,8333333333.333333,234,2
3tier_nb,64,41,4,0.005399999999999995,0.00536870912,0.005828380584715909,12500000000.0,431,3
3tier_nb,64,41,8,0.005399999999999995,0.00536870912,0.005828380584715909,12500000000.0,775,4
3tier_os2,64,41,1,0.010749999999999963,0.01073741824,0.0011717677116360736,6250000000.0,122,1
3tier_os2,64,41,2,0.010749999999999963,0.01073741824,0.0011717677116360736,6250000000.0,234,2
3tier_os2,64,41,4,0.008099999999999979,0.006442450944,0.25728547573089267,10416666666.666666,431,3
3tier_os2,64,41,8,0.005399999999999995,0.00536870912,0.005828380584715909,12500000000.0,775,4
3tier_os4,64,41,1,0.021500000000000102,0.02147483648,0.0011717677116442893,3125000000.0,122,1
3tier_os4,64,41,2,0.021500000000000102,0.02147483648,0.0011717677116442893,3125000000.0,234,2
3tier_os4,64,41,4,0.01614999999999995,0.01073741824,0.5040859580039931,6250000000.0,431,3
3tier_os4,64,41,8,0.010749999999999963,0.007362801078857143,0.46004216124613584,9114583333.333334,775,4
2tier,64,41,1,0.01614999999999995,0.01610612736,0.002723972002661945,4166666666.6666665,108,3
2tier,64,41,2,0.010749999999999963,0.01073741824,0.0011717677116360736,6250000000.0,157,4
2tier,64,41,4,0.008099999999999979,0.007158278826666666,0.1315569281578035,9375000000.0,222,6
2tier,64,41,8,0.008099999999999979,0.006471868528219179,0.2515705417502976,10369318181.81818,253,12
3tier_nb,16,40,1,0.005399999999999995,0.00536870912,0.005828380584715909,12500000000.0,32,1
3tier_nb,16,40,2,0.005399999999999995,0.00536870912,0.005828380584715909,12500000000.0,64,1
3tier_nb,16,40,4,0.005399999999999995,0.00536870912,0.005828380584715909,12500000000.0,125,2
3tier_nb,16,40,8,0.005399999999999995,0.00536870912,0.005828380584715909,12500000000.0,227,3
3tier_os2,16,40,1,0.010749999999999963,0.01073741824,0.0011717677116360736,6250000000.0,32,1
3tier_os2,16,40,2,0.005399999999999995,0.00536870912,0.005828380584715909,12500000000.0,64,1
3tier_os2,16,40,4,0.005399999999999995,0.00536870912,0.005828380584715909,12500000000.0,125,2
3tier_os2,16,40,8,0.005399999999999995,0.00536870912,0.005828380584715909,12500000000.0,227,3
3tier_os4,16,40,1,0.021500000000000102,0.02147483648,0.0011717677116442893,3125000000.0,32,1
3tier_os4,16,40,2,0.010749999999999963,0.01073741824,0.0011717677116360736,6250000000.0,64,1
3tier_os4,16,40,4,0.010749999999999963,0.007158278826666666,0.501757651567454,9375000000.0,125,2
3tier_os4,16,40,8,0.008099999999999979,0.005856773585454546,0.3830140233039818,11458333333.333332,227,3
2tier,16,40,1,0.010749999999999963,0.01073741824,0.0011717677116360736,6250000000.0,31,2
2tier,16,40,2,0.005399999999999995,0.00536870912,0.005828380584715909,12500000000.0,56,2
2tier,16,40,4,0.005399999999999995,0.00536870912,0.005828380584715909,12500000000.0,88,4
2tier,16,40,8,0.005399999999999995,0.00536870912,0.005828380584715909,12500000000.0,137,7
3tier_nb,64,40,1,0.010749999999999963,0.01073741824,0.0011717677116360736,6250000000.0,115,2
3tier_nb,64,40,2,0.010749999999999963,0.01073741824,0.0011717677116360736,6250000000.0,220,3
3tier_nb,64,40,4,0.006749999999999987,0.006316128376470588,0.0686926543712596,10625000000.0,439,3
3tier_nb,64,40,8,0.005399999999999995,0.00536870912,0.005828380584715909,12500000000.0,736,5
3tier_os2,64,40,1,0.021500000000000102,0.02147483648,0.0011717677116442893,3125000000.0,115,2
3tier_os2,64,40,2,0.01614999999999995,0.01610612736,0.002723972002661945,4166666666.6666665,220,3
3tier_os2,64,40,4,0.008099999999999979,0.006442450944,0.25728547573089267,10416666666.666666,439,3
3tier_os2,64,40,8,0.006749999999999987,0.005651272757894737,0.19442120194434875,11875000000.0,736,5
3tier_os4,64,40,1,0.04295000000000072,0.04294967296,7.614493386709498e-06,1562500000.0,115,2
3tier_os4,64,40,2,0.03225000000000041,0.03221225472,0.0011717677116520608,2083333333.3333333,220,3
3tier_os4,64,40,4,0.01614999999999995,0.009911462990769232,0.6294264545043258,6770833333.333333,439,3
3tier_os4,64,40,8,0.013449999999999946,0.0074051160275862065,0.8163118511438299,9062500000.0,736,5
2tier,64,40,1,0.01614999999999995,0.01610612736,0.002723972002661945,4166666666.6666665,105,3
2tier,64,40,2,0.013449999999999946,0.0134217728,0.002103090286250886,5000000000.0,161,5
2tier,64,40,4,0.009399999999999971,0.007911781861052632,0.1881015130451711,8482142857.142858,213,7
2tier,64,40,8,0.007399999999999983,0.006135667565714285,0.206062734127042,10937500000.0,246,11
3tier_nb,16,42,1,0.005399999999999995,0.00536870912,0.005828380584715909,12500000000.0,32,1
3tier_nb,16,42,2,0.005399999999999995,0.00536870912,0.005828380584715909,12500000000.0,64,1
3tier_nb,16,42,4,0.005399999999999995,0.00536870912,0.005828380584715909,12500000000.0,128,1
3tier_nb,16,42,8,0.005399999999999995,0.00536870912,0.005828380584715909,12500000000.0,239,2
3tier_os2,16,42,1,0.010749999999999963,0.01073741824,0.0011717677116360736,6250000000.0,32,1
3tier_os2,16,42,2,0.005399999999999995,0.00536870912,0.005828380584715909,12500000000.0,64,1
3tier_os2,16,42,4,0.005399999999999995,0.00536870912,0.005828380584715909,12500000000.0,128,1
3tier_os2,16,42,8,0.005399999999999995,0.00536870912,0.005828380584715909,12500000000.0,239,2
3tier_os4,16,42,1,0.021500000000000102,0.02147483648,0.0011717677116442893,3125000000.0,32,1
3tier_os4,16,42,2,0.010749999999999963,0.01073741824,0.0011717677116360736,6250000000.0,64,1
3tier_os4,16,42,4,0.005399999999999995,0.00536870912,0.005828380584715909,12500000000.0,128,1
3tier_os4,16,42,8,0.005399999999999995,0.00536870912,0.005828380584715909,12500000000.0,239,2
2tier,16,42,1,0.005399999999999995,0.00536870912,0.005828380584715909,12500000000.0,32,1
2tier,16,42,2,0.005399999999999995,0.00536870912,0.005828380584715909,12500000000.0,56,2
2tier,16,42,4,0.005399999999999995,0.00536870912,0.005828380584715909,12500000000.0,101,3
2tier,16,42,8,0.005399999999999995,0.00536870912,0.005828380584715909,12500000000.0,147,5
3tier_nb,64,42,1,0.010749999999999963,0.01073741824,0.0011717677116360736,6250000000.0,121,2
3tier_nb,64,42,2,0.008099999999999979,0.00805306368,0.005828380584714132,8333333333.333333,237,2
3tier_nb,64,42,4,0.005399999999999995,0.00536870912,0.005828380584715909,12500000000.0,445,3
3tier_nb,64,42,8,0.005399999999999995,0.00536870912,0.005828380584715909,12500000000.0,787,4
3tier_os2,64,42,1,0.021500000000000102,0.02147483648,0.0011717677116442893,3125000000.0,121,2
3tier_os2,64,42,2,0.010749999999999963,0.00920350134857143,0.1680337289969085,7291666666.666666,237,2
3tier_os2,64,42,4,0.008099999999999979,0.005856773585454546,0.3830140233039818,11458333333.333332,445,3
3tier_os2,64,42,8,0.005399999999999995,0.00536870912,0.005828380584715909,12500000000.0,787,4
3tier_os4,64,42,1,0.04295000000000072,0.04294967296,7.614493386709498e-06,1562500000.0,121,2
3tier_os4,64,42,2,0.021500000000000102,0.014316557653333332,0.5017576515674664,4687500000.0,237,2
3tier_os4,64,42,4,0.01614999999999995,0.00920350134857143,0.7547669510046584,7291666666.666666,445,3
3tier_os4,64,42,8,0.010749999999999963,0.006607641993846154,0.6269041225314085,10156250000.0,787,4
2tier,64,42,1,0.01614999999999995,0.01610612736,0.002723972002661945,4166666666.6666665,99,3
2tier,64,42,2,0.013449999999999946,0.0134217728,0.002103090286250886,5000000000.0,151,5
2tier,64,42,4,0.009399999999999971,0.007911781861052632,0.1881015130451711,8482142857.142858,203,7
2tier,64,42,8,0.006749999999999987,0.006316128376470588,0.0686926543712596,10625000000.0,231,10
3tier_nb,16,48,1,0.005399999999999995,0.00536870912,0.005828380584715909,12500000000.0,26,1
3tier_nb,16,48,2,0.005399999999999995,0.00536870912,0.005828380584715909,12500000000.0,52,1
3tier_nb,16,48,4,0.005399999999999995,0.00536870912,0.005828380584715909,12500000000.0,104,1
3tier_nb,16,48,8,0.005399999999999995,0.00536870912,0.005828380584715909,12500000000.0,201,2
3tier_os2,16,48,1,0.010749999999999963,0.01073741824,0.0011717677116360736,6250000000.0,26,1
3tier_os2,16,48,2,0.005399999999999995,0.00536870912,0.005828380584715909,12500000000.0,52,1
3tier_os2,16,48,4,0.005399999999999995,0.00536870912,0.005828380584715909,12500000000.0,104,1
3tier_os2,16,48,8,0.005399999999999995,0.00536870912,0.005828380584715909,12500000000.0,201,2
3tier_os4,16,48,1,0.021500000000000102,0.02147483648,0.0011717677116442893,3125000000.0,26,1
3tier_os4,16,48,2,0.010749999999999963,0.01073741824,0.0011717677116360736,6250000000.0,52,1
3tier_os4,16,48,4,0.005399999999999995,0.00536870912,0.005828380584715909,12500000000.0,104,1
3tier_os4,16,48,8,0.005399999999999995,0.00536870912,0.005828380584715909,12500000000.0,201,2
2tier,16,48,1,0.010749999999999963,0.01073741824,0.0011717677116360736,6250000000.0,27,2
2tier,16,48,2,0.005399999999999995,0.00536870912,0.005828380584715909,12500000000.0,51,2
2tier,16,48,4,0.005399999999999995,0.00536870912,0.005828380584715909,12500000000.0,84,4
2tier,16,48,8,0.005399999999999995,0.00536870912,0.005828380584715909,12500000000.0,127,8
3tier_nb,64,48,1,0.010749999999999963,0.01073741824,0.0011717677116360736,6250000000.0,109,2
3tier_nb,64,48,2,0.005399999999999995,0.00536870912,0.005828380584715909,12500000000.0,212,2
3tier_nb,64,48,4,0.005399999999999995,0.00536870912,0.005828380584715909,12500000000.0,395,3
3tier_nb,64,48,8,0.005399999999999995,0.00536870912,0.005828380584715909,12500000000.0,713,4
3tier_os2,64,48,1,0.021500000000000102,0.02147483648,0.0011717677116442893,3125000000.0,109,2
3tier_os2,64,48,2,0.010749999999999963,0.01073741824,0.0011717677116360736,6250000000.0,212,2
3tier_os2,64,48,4,0.008099999999999979,0.006442450944,0.25728547573089267,10416666666.666666,395,3
3tier_os2,64,48,8,0.005399999999999995,0.00536870912,0.005828380584715909,12500000000.0,713,4
3tier_os4,64,48,1,0.04295000000000072,0.04294967296,7.614493386709498e-06,1562500000.0,109,2
3tier_os4,64,48,2,0.021500000000000102,0.02147483648,0.0011717677116442893,3125000000.0,212,2
3tier_os4,64,48,4,0.01614999999999995,0.01073741824,0.5040859580039931,6250000000.0,395,3
3tier_os4,64,48,8,0.010749999999999963,0.006781527309473685,0.5851886322100899,9895833333.333332,713,4
2tier,64,48,1,0.01614999999999995,0.01610612736,0.002723972002661945,4166666666.6666665,99,3
2tier,64,48,2,0.010749999999999963,0.01073741824,0.0011717677116360736,6250000000.0,158,4
2tier,64,48,4,0.012099999999999955,0.009203501348571426,0.3147170344988459,7291666666.666668,211,9
2tier,64,48,8,0.007399999999999983,0.006216400033684211,0.19039958173578153,10795454545.454544,239,11
3tier_nb,16,45,1,0.005399999999999995,0.00536870912,0.005828380584715909,12500000000.0,30,1
3tier_nb,16,45,2,0.005399999999999995,0.00536870912,0.005828380584715909,12500000000.0,60,1
3tier_nb,16,45,4,0.005399999999999995,0.00536870912,0.005828380584715909,12500000000.0,115,2
3tier_nb,16,45,8,0.005399999999999995,0.00536870912,0.005828380584715909,12500000000.0,218,2
3tier_os2,16,45,1,0.010749999999999963,0.01073741824,0.0011717677116360736,6250000000.0,30,1
3tier_os2,16,45,2,0.005399999999999995,0.00536870912,0.005828380584715909,12500000000.0,60,1
3tier_os2,16,45,4,0.005399999999999995,0.00536870912,0.005828380584715909,12500000000.0,115,2
3tier_os2,16,45,8,0.005399999999999995,0.00536870912,0.005828380584715909,12500000000.0,218,2
3tier_os4,16,45,1,0.021500000000000102,0.02147483648,0.0011717677116442893,3125000000.0,30,1
3tier_os4,16,45,2,0.010749999999999963,0.01073741824,0.0011717677116360736,6250000000.0,60,1
3tier_os4,16,45,4,0.010749999999999963,0.007158278826666666,0.501757651567454,9375000000.0,115,2
3tier_os4,16,45,8,0.005399999999999995,0.00536870912,0.005828380584715909,12500000000.0,218,2
2tier,16,45,1,0.005399999999999995,0.00536870912,0.005828380584715909,12500000000.0,30,1
2tier,16,45,2,0.005399999999999995,0.00536870912,0.005828380584715909,12500000000.0,57,2
2tier,16,45,4,0.005399999999999995,0.00536870912,0.005828380584715909,12500000000.0,83,4
2tier,16,45,8,0.005399999999999995,0.00536870912,0.005828380584715909,12500000000.0,135,5
3tier_nb,64,45,1,0.010749999999999963,0.01073741824,0.0011717677116360736,6250000000.0,120,2
3tier_nb,64,45,2,0.008099999999999979,0.006442450944,0.25728547573089267,10416666666.666666,230,2
3tier_nb,64,45,4,0.005399999999999995,0.00536870912,0.005828380584715909,12500000000.0,422,3
3tier_nb,64,45,8,0.005399999999999995,0.00536870912,0.005828380584715909,12500000000.0,749,4
3tier_os2,64,45,1,0.021500000000000102,0.02147483648,0.0011717677116442893,3125000000.0,120,2
3tier_os2,64,45,2,0.010749999999999963,0.01073741824,0.0011717677116360736,6250000000.0,230,2
3tier_os2,64,45,4,0.008099999999999979,0.007158278826666666,0.1315569281578035,9375000000.0,422,3
3tier_os2,64,45,8,0.005399999999999995,0.00536870912,0.005828380584715909,12500000000.0,749,4
3tier_os4,64,45,1,0.04295000000000072,0.04294967296,7.614493386709498e-06,1562500000.0,120,2
3tier_os4,64,45,2,0.021500000000000102,0.02147483648,0.0011717677116442893,3125000000.0,230,2
3tier_os4,64,45,4,0.01614999999999995,0.012884901888,0.25340496500332743,5208333333.333333,422,3
3tier_os4,64,45,8,0.010749999999999963,0.007579354051764706,0.41832667092481746,8854166666.666666,749,4
2tier,64,45,1,0.01614999999999995,0.01610612736,0.002723972002661945,4166666666.6666665,99,3
2tier,64,45,2,0.013449999999999946,0.0134217728,0.002103090286250886,5000000000.0,160,5
2tier,64,45,4,0.010749999999999963,0.008589934592,0.25146470963954504,7812500000.0,214,8
2tier,64,45,8,0.007399999999999983,0.006074310890057143,0.218245185986911,11047979797.979797,251,11
3tier_nb,16,43,1,0.010749999999999963,0.01073741824,0.0011717677116360736,6250000000.0,29,2
3tier_nb,16,43,2,0.005399999999999995,0.00536870912,0.005828380584715909,12500000000.0,58,2
3tier_nb,16,43,4,0.005399999999999995,0.00536870912,0.005828380584715909,12500000000.0,116,2
3tier_nb,16,43,8,0.005399999999999995,0.00536870912,0.005828380584715909,12500000000.0,224,2
3tier_os2,16,43,1,0.021500000000000102,0.02147483648,0.0011717677116442893,3125000000.0,29,2
3tier_os2,16,43,2,0.010749999999999963,0.007158278826666666,0.501757651567454,9375000000.0,58,2
3tier_os2,16,43,4,0.005399999999999995,0.00536870912,0.005828380584715909,12500000000.0,116,2
3tier_os2,16,43,8,0.005399999999999995,0.00536870912,0.005828380584715909,12500000000.0,224,2
3tier_os4,16,43,1,0.04295000000000072,0.04294967296,7.614493386709498e-06,1562500000.0,29,2
3tier_os4,16,43,2,0.021500000000000102,0.014316557653333332,0.5017576515674664,4687500000.0,58,2
3tier_os4,16,43,4,0.010749999999999963,0.007158278826666666,0.501757651567454,9375000000.0,116,2
3tier_os4,16,43,8,0.005399999999999995,0.00536870912,0.005828380584715909,12500000000.0,224,2
2tier,16,43,1,0.005399999999999995,0.00536870912,0.005828380584715909,12500000000.0,30,1
2tier,16,43,2,0.008099999999999979,0.00805306368,0.005828380584714132,8333333333.333333,51,3
2tier,16,43,4,0.005399999999999995,0.00536870912,0.005828380584715909,12500000000.0,93,3
2tier,16,43,8,0.005399999999999995,0.00536870912,0.005828380584715909,12500000000.0,141,5
3tier_nb,64,43,1,0.010749999999999963,0.01073741824,0.0011717677116360736,6250000000.0,116,2
3tier_nb,64,43,2,0.008099999999999979,0.00805306368,0.005828380584714132,8333333333.333333,227,2
3tier_nb,64,43,4,0.005399999999999995,0.00536870912,0.005828380584715909,12500000000.0,436,3
3tier_nb,64,43,8,0.005399999999999995,0.00536870912,0.005828380584715909,12500000000.0,776,5
3tier_os2,64,43,1,0.021500000000000102,0.02147483648,0.0011717677116442893,3125000000.0,116,2
3tier_os2,64,43,2,0.010749999999999963,0.01073741824,0.0011717677116360736,6250000000.0,227,2
3tier_os2,64,43,4,0.008099999999999979,0.006442450944,0.25728547573089267,10416666666.666666,436,3
3tier_os2,64,43,8,0.006749999999999987,0.005651272757894737,0.19442120194434875,11875000000.0,776,5
3tier_os4,64,43,1,0.04295000000000072,0.04294967296,7.614493386709498e-06,1562500000.0,116,2
3tier_os4,64,43,2,0.021500000000000102,0.02147483648,0.0011717677116442893,3125000000.0,227,2
3tier_os4,64,43,4,0.01614999999999995,0.009911462990769232,0.6294264545043258,6770833333.333333,436,3
3tier_os4,64,43,8,0.013449999999999946,0.007002664069565219,0.9206975897153138,9583333333.333332,776,5
2tier,64,43,1,0.021500000000000102,0.02147483648,0.0011717677116442893,3125000000.0,100,4
2tier,64,43,2,0.010749999999999963,0.01073741824,0.0011717677116360736,6250000000.0,161,4
2tier,64,43,4,0.008099999999999979,0.00805306368,0.005828380584714132,8333333333.333333,216,6
2tier,64,43,8,0.007399999999999983,0.006318005383417534,0.17125572881313023,10621843434.343433,247,11
3tier_nb,16,46,1,0.005399999999999995,0.00536870912,0.005828380584715909,12500000000.0,30,1
3tier_nb,16,46,2,0.005399999999999995,0.00536870912,0.005828380584715909,12500000000.0,60,1
3tier_nb,16,46,4,0.005399999999999995,0.00536870912,0.005828380584715909,12500000000.0,116,2
3tier_nb,16,46,8,0.005399999999999995,0.00536870912,0.005828380584715909,12500000000.0,219,3
3tier_os2,16,46,1,0.010749999999999963,0.01073741824,0.0011717677116360736,6250000000.0,30,1
3tier_os2,16,46,2,0.005399999999999995,0.00536870912,0.005828380584715909,12500000000.0,60,1
3tier_os2,16,46,4,0.005399999999999995,0.00536870912,0.005828380584715909,12500000000.0,116,2
3tier_os2,16,46,8,0.005399999999999995,0.00536870912,0.005828380584715909,12500000000.0,219,3
3tier_os4,16,46,1,0.021500000000000102,0.02147483648,0.0011717677116442893,3125000000.0,30,1
3tier_os4,16,46,2,0.010749999999999963,0.01073741824,0.0011717677116360736,6250000000.0,60,1
3tier_os4,16,46,4,0.010749999999999963,0.007158278826666666,0.501757651567454,9375000000.0,116,2
3tier_os4,16,46,8,0.008099999999999979,0.0056021312556521746,0.4458782970905264,11979166666.666666,219,3
2tier,16,46,1,0.010749999999999963,0.01073741824,0.0011717677116360736,6250000000.0,28,2
2tier,16,46,2,0.008099999999999979,0.00805306368,0.005828380584714132,8333333333.333333,50,3
2tier,16,46,4,0.005399999999999995,0.00536870912,0.005828380584715909,12500000000.0,93,4
2tier,16,46,8,0.005399999999999995,0.00536870912,0.005828380584715909,12500000000.0,124,6
3tier_nb,64,46,1,0.010749999999999963,0.01073741824,0.0011717677116360736,6250000000.0,120,2
3tier_nb,64,46,2,0.008099999999999979,0.00805306368,0.005828380584714132,8333333333.333333,227,3
3tier_nb,64,46,4,0.005399999999999995,0.00536870912,0.005828380584715909,12500000000.0,423,4
3tier_nb,64,46,8,0.005399999999999995,0.00536870912,0.005828380584715909,12500000000.0,755,5
3tier_os2,64,46,1,0.021500000000000102,0.02147483648,0.0011717677116442893,3125000000.0,120,2
3tier_os2,64,46,2,0.01614999999999995,0.01610612736,0.002723972002661945,4166666666.6666665,227,3
3tier_os2,64,46,4,0.010749999999999963,0.006442450944,0.6686196128527264,10416666666.666666,423,4
3tier_os2,64,46,8,0.006749999999999987,0.005651272757894737,0.19442120194434875,11875000000.0,755,5
3tier_os4,64,46,1,0.04295000000000072,0.04294967296,7.614493386709498e-06,1562500000.0,120,2
3tier_os4,64,46,2,0.03225000000000041,0.03221225472,0.0011717677116520608,2083333333.3333333,227,3
3tier_os4,64,46,4,0.021500000000000102,0.012884901888,0.6686196128527402,5208333333.333333,423,4
3tier_os4,64,46,8,0.013449999999999946,0.006781527309473685,0.9833290328582045,9895833333.333332,755,5
2tier,64,46,1,0.010749999999999963,0.01073741824,0.0011717677116360736,6250000000.0,93,2
2tier,64,46,2,0.010749999999999963,0.01073741824,0.0011717677116360736,6250000000.0,154,4
2tier,64,46,4,0.009399999999999971,0.008672530116923077,0.08388208207629644,7738095238.095238,216,7
2tier,64,46,8,0.007399999999999983,0.005980334209620254,0.2373890389095623,11221590909.090908,243,11
3tier_nb,16,44,1,0.010749999999999963,0.01073741824,0.0011717677116360736,6250000000.0,29,2
3tier_nb,16,44,2,0.005399999999999995,0.00536870912,0.005828380584715909,12500000000.0,58,2
3tier_nb,16,44,4,0.005399999999999995,0.00536870912,0.005828380584715909,12500000000.0,115,3
3tier_nb,16,44,8,0.005399999999999995,0.00536870912,0.005828380584715909,12500000000.0,219,3
3tier_os2,16,44,1,0.021500000000000102,0.02147483648,0.0011717677116442893,3125000000.0,29,2
3tier_os2,16,44,2,0.010749999999999963,0.01073741824,0.0011717677116360736,6250000000.0,58,2
3tier_os2,16,44,4,0.008099999999999979,0.006442450944,0.25728547573089267,10416666666.666666,115,3
3tier_os2,16,44,8,0.005399999999999995,0.00536870912,0.005828380584715909,12500000000.0,219,3
3tier_os4,16,44,1,0.04295000000000072,0.04294967296,7.614493386709498e-06,1562500000.0,29,2
3tier_os4,16,44,2,0.021500000000000102,0.02147483648,0.0011717677116442893,3125000000.0,58,2
3tier_os4,16,44,4,0.01614999999999995,0.00805306368,1.005447944005324,8333333333.333334,115,3
3tier_os4,16,44,8,0.008099999999999979,0.005856773585454546,0.3830140233039818,11458333333.333332,219,3
2tier,16,44,1,0.010749999999999963,0.01073741824,0.0011717677116360736,6250000000.0,30,2
2tier,16,44,2,0.008099999999999979,0.00805306368,0.005828380584714132,8333333333.333333,55,3
2tier,16,44,4,0.005399999999999995,0.00536870912,0.005828380584715909,12500000000.0,87,4
2tier,16,44,8,0.005399999999999995,0.00536870912,0.005828380584715909,12500000000.0,121,5
3tier_nb,64,44,1,0.01614999999999995,0.01610612736,0.002723972002661945,4166666666.6666665,123,2
3tier_nb,64,44,2,0.013449999999999946,0.0134217728,0.002103090286250886,5000000000.0,234,3
3tier_nb,64,44,4,0.008099999999999979,0.007158278826666666,0.1315569281578035,9375000000.0,451,3
3tier_nb,64,44,8,0.005399999999999995,0.00536870912,0.005828380584715909,12500000000.0,776,5
3tier_os2,64,44,1,0.021500000000000102,0.02147483648,0.0011717677116442893,3125000000.0,123,2
3tier_os2,64,44,2,0.01614999999999995,0.0134217728,0.20326876640319447,5000000000.0,234,3
3tier_os2,64,44,4,0.008099999999999979,0.007158278826666666,0.1315569281578035,9375000000.0,451,3
3tier_os2,64,44,8,0.006749999999999987,0.005651272757894737,0.19442120194434875,11875000000.0,776,5
3tier_os4,64,44,1,0.04295000000000072,0.04294967296,7.614493386709498e-06,1562500000.0,123,2
3tier_os4,64,44,2,0.03225000000000041,0.02147483648,0.5017576515674782,3125000000.0,234,3
3tier_os4,64,44,4,0.01614999999999995,0.01073741824,0.5040859580039931,6250000000.0,451,3
3tier_os4,64,44,8,0.013449999999999946,0.006781527309473685,0.9833290328582045,9895833333.333332,776,5
2tier,64,44,1,0.010749999999999963,0.01073741824,0.0011717677116360736,6250000000.0,106,2
2tier,64,44,2,0.008099999999999979,0.00805306368,0.005828380584714132,8333333333.333333,163,3
2tier,64,44,4,0.009399999999999971,0.007911781861052632,0.1881015130451711,8482142857.142858,221,7
2tier,64,44,8,0.008749999999999975,0.006646973196190476,0.3163886391199515,10096153846.153847,251,13
3tier_nb,16,47,1,0.005399999999999995,0.00536870912,0.005828380584715909,12500000000.0,30,1
3tier_nb,16,47,2,0.005399999999999995,0.00536870912,0.005828380584715909,12500000000.0,60,1
3tier_nb,16,47,4,0.005399999999999995,0.00536870912,0.005828380584715909,12500000000.0,117,2
3tier_nb,16,47,8,0.005399999999999995,0.00536870912,0.005828380584715909,12500000000.0,217,2
3tier_os2,16,47,1,0.010749999999999963,0.01073741824,0.0011717677116360736,6250000000.0,30,1
3tier_os2,16,47,2,0.005399999999999995,0.00536870912,0.005828380584715909,12500000000.0,60,1
3tier_os2,16,47,4,0.005399999999999995,0.00536870912,0.005828380584715909,12500000000.0,117,2
3tier_os2,16,47,8,0.005399999999999995,0.00536870912,0.005828380584715909,12500000000.0,217,2
3tier_os4,16,47,1,0.021500000000000102,0.02147483648,0.0011717677116442893,3125000000.0,30,1
3tier_os4,16,47,2,0.010749999999999963,0.01073741824,0.0011717677116360736,6250000000.0,60,1
3tier_os4,16,47,4,0.010749999999999963,0.006135667565714285,0.752050593495363,10937500000.0,117,2
3tier_os4,16,47,8,0.005399999999999995,0.00536870912,0.005828380584715909,12500000000.0,217,2
2tier,16,47,1,0.010749999999999963,0.01073741824,0.0011717677116360736,6250000000.0,29,2
2tier,16,47,2,0.008099999999999979,0.00805306368,0.005828380584714132,8333333333.333333,49,3
2tier,16,47,4,0.005399999999999995,0.00536870912,0.005828380584715909,12500000000.0,88,4
2tier,16,47,8,0.005399999999999995,0.00536870912,0.005828380584715909,12500000000.0,129,7
3tier_nb,64,47,1,0.010749999999999963,0.01073741824,0.0011717677116360736,6250000000.0,113,2
3tier_nb,64,47,2,0.008099999999999979,0.00805306368,0.005828380584714132,8333333333.333333,222,2
3tier_nb,64,47,4,0.006749999999999987,0.006316128376470588,0.0686926543712596,10625000000.0,411,3
3tier_nb,64,47,8,0.005399999999999995,0.00536870912,0.005828380584715909,12500000000.0,747,4
3tier_os2,64,47,1,0.021500000000000102,0.02147483648,0.0011717677116442893,3125000000.0,113,2
3tier_os2,64,47,2,0.010749999999999963,0.01073741824,0.0011717677116360736,6250000000.0,222,2
3tier_os2,64,47,4,0.008099999999999979,0.006573929534693879,0.23213976621627475,10208333333.333332,411,3
3tier_os2,64,47,8,0.005399999999999995,0.00536870912,0.005828380584715909,12500000000.0,747,4
3tier_os4,64,47,1,0.04295000000000072,0.04294967296,7.614493386709498e-06,1562500000.0,113,2
3tier_os4,64,47,2,0.021500000000000102,0.02147483648,0.0011717677116442893,3125000000.0,222,2
3tier_os4,64,47,4,0.01614999999999995,0.012884901888,0.25340496500332743,5208333333.333333,411,3
3tier_os4,64,47,8,0.010749999999999963,0.006607641993846155,0.6269041225314083,10156249999.999998,747,4
2tier,64,47,1,0.01614999999999995,0.01610612736,0.002723972002661945,4166666666.6666665,106,3
2tier,64,47,2,0.010749999999999963,0.01073741824,0.0011717677116360736,6250000000.0,149,4
2tier,64,47,4,0.009399999999999971,0.00939524096,0.0005065373011965413,7142857142.857142,201,7
2tier,64,47,8,0.008099999999999979,0.006442450944,0.25728547573089267,10416666666.666666,243,12
3tier_nb,16,49,1,0.010749999999999963,0.01073741824,0.0011717677116360736,6250000000.0,29,2
3tier_nb,16,49,2,0.005399999999999995,0.00536870912,0.005828380584715909,12500000000.0,58,2
3tier_nb,16,49,4,0.005399999999999995,0.00536870912,0.005828380584715909,12500000000.0,112,3
3tier_nb,16,49,8,0.005399999999999995,0.00536870912,0.005828380584715909,12500000000.0,219,3
3tier_os2,16,49,1,0.021500000000000102,0.02147483648,0.0011717677116442893,3125000000.0,29,2
3tier_os2,16,49,2,0.010749999999999963,0.007158278826666666,0.501757651567454,9375000000.0,58,2
3tier_os2,16,49,4,0.008099999999999979,0.006442450944,0.25728547573089267,10416666666.666666,112,3
3tier_os2,16,49,8,0.005399999999999995,0.00536870912,0.005828380584715909,12500000000.0,219,3
3tier_os4,16,49,1,0.04295000000000072,0.04294967296,7.614493386709498e-06,1562500000.0,29,2
3tier_os4,16,49,2,0.021500000000000102,0.014316557653333332,0.5017576515674664,4687500000.0,58,2
3tier_os4,16,49,4,0.01614999999999995,0.009911462990769232,0.6294264545043258,6770833333.333333,112,3
3tier_os4,16,49,8,0.008099999999999979,0.005856773585454546,0.3830140233039818,11458333333.333332,219,3
2tier,16,49,1,0.010749999999999963,0.01073741824,0.0011717677116360736,6250000000.0,24,2
2tier,16,49,2,0.008099999999999979,0.00805306368,0.005828380584714132,8333333333.333333,46,3
2tier,16,49,4,0.005399999999999995,0.00536870912,0.005828380584715909,12500000000.0,84,3
2tier,16,49,8,0.005399999999999995,0.00536870912,0.005828380584715909,12500000000.0,125,5
3tier_nb,64,49,1,0.010749999999999963,0.01073741824,0.0011717677116360736,6250000000.0,120,2
3tier_nb,64,49,2,0.005399999999999995,0.00536870912,0.005828380584715909,12500000000.0,239,2
3tier_nb,64,49,4,0.005399999999999995,0.00536870912,0.005828380584715909,12500000000.0,447,3
3tier_nb,64,49,8,0.005399999999999995,0.00536870912,0.005828380584715909,12500000000.0,769,4
3tier_os2,64,49,1,0.021500000000000102,0.02147483648,0.0011717677116442893,3125000000.0,120,2
3tier_os2,64,49,2,0.010749999999999963,0.01073741824,0.0011717677116360736,6250000000.0,239,2
3tier_os2,64,49,4,0.008099999999999979,0.006442450944,0.25728547573089267,10416666666.666666,447,3
3tier_os2,64,49,8,0.005399999999999995,0.00536870912,0.005828380584715909,12500000000.0,769,4
3tier_os4,64,49,1,0.04295000000000072,0.04294967296,7.614493386709498e-06,1562500000.0,120,2
3tier_os4,64,49,2,0.021500000000000102,0.02147483648,0.0011717677116442893,3125000000.0,239,2
3tier_os4,64,49,4,0.01614999999999995,0.009911462990769232,0.6294264545043258,6770833333.333333,447,3
3tier_os4,64,49,8,0.010749999999999963,0.007158278826666666,0.501757651567454,9375000000.0,769,4
2tier,64,49,1,0.01614999999999995,0.01610612736,0.002723972002661945,4166666666.6666665,91,3
2tier,64,49,2,0.01614999999999995,0.01610612736,0.002723972002661945,4166666666.6666665,152,6
2tier,64,49,4,0.008099999999999979,0.007320966981818182,0.10641121864318559,9166666666.666666,211,6
2tier,64,49,8,0.007399999999999983,0.006216400033684211,0.19039958173578153,10795454545.454544,246,11
3tier_nb,16,51,1,0.005399999999999995,0.00536870912,0.005828380584715909,12500000000.0,32,1
3tier_nb,16,51,2,0.005399999999999995,0.00536870912,0.005828380584715909,12500000000.0,64,1
3tier_nb,16,51,4,0.005399999999999995,0.00536870912,0.005828380584715909,12500000000.0,124,2
3tier_nb,16,51,8,0.005399999999999995,0.00536870912,0.005828380584715909,12500000000.0,227,3
3tier_os2,16,51,1,0.010749999999999963,0.01073741824,0.0011717677116360736,6250000000.0,32,1
3tier_os2,16,51,2,0.005399999999999995,0.00536870912,0.005828380584715909,12500000000.0,64,1
3tier_os2,16,51,4,0.005399999999999995,0.00536870912,0.005828380584715909,12500000000.0,124,2
3tier_os2,16,51,8,0.005399999999999995,0.00536870912,0.005828380584715909,12500000000.0,227,3
3tier_os4,16,51,1,0.021500000000000102,0.02147483648,0.0011717677116442893,3125000000.0,32,1
3tier_os4,16,51,2,0.010749999999999963,0.01073741824,0.0011717677116360736,6250000000.0,64,1
3tier_os4,16,51,4,0.010749999999999963,0.007158278826666666,0.501757651567454,9375000000.0,124,2
3tier_os4,16,51,8,0.008099999999999979,0.006135667565714285,0.32014974951743747,10937500000.0,227,3
2tier,16,51,1,0.010749999999999963,0.01073741824,0.0011717677116360736,6250000000.0,30,2
2tier,16,51,2,0.008099999999999979,0.00805306368,0.005828380584714132,8333333333.333333,53,3
2tier,16,51,4,0.005399999999999995,0.00536870912,0.005828380584715909,12500000000.0,94,3
2tier,16,51,8,0.005399999999999995,0.00536870912,0.005828380584715909,12500000000.0,128,7
3tier_nb,64,51,1,0.010749999999999963,0.01073741824,0.0011717677116360736,6250000000.0,120,2
3tier_nb,64,51,2,0.005399999999999995,0.00536870912,0.005828380584715909,12500000000.0,235,2
3tier_nb,64,51,4,0.005399999999999995,0.00536870912,0.005828380584715909,12500000000.0,431,4
3tier_nb,64,51,8,0.005399999999999995,0.00536870912,0.005828380584715909,12500000000.0,746,5
3tier_os2,64,51,1,0.021500000000000102,0.02147483648,0.0011717677116442893,3125000000.0,120,2
3tier_os2,64,51,2,0.010749999999999963,0.007158278826666666,0.501757651567454,9375000000.0,235,2
3tier_os2,64,51,4,0.010749999999999963,0.007158278826666666,0.501757651567454,9375000000.0,431,4
3tier_os2,64,51,8,0.006749999999999987,0.005804009859459459,0.16298906505107658,11562500000.0,746,5
3tier_os4,64,51,1,0.04295000000000072,0.04294967296,7.614493386709498e-06,1562500000.0,120,2
3tier_os4,64,51,2,0.021500000000000102,0.014316557653333332,0.5017576515674664,4687500000.0,235,2
3tier_os4,64,51,4,0.021500000000000102,0.01073741824,1.0023435354232886,6250000000.0,431,4
3tier_os4,64,51,8,0.013449999999999946,0.0073209669818181805,0.8371889988581269,9166666666.666668,746,5
2tier,64,51,1,0.01614999999999995,0.01610612736,0.002723972002661945,4166666666.6666665,99,3
2tier,64,51,2,0.010749999999999963,0.01073741824,0.0011717677116360736,6250000000.0,157,4
2tier,64,51,4,0.008099999999999979,0.007158278826666666,0.1315569281578035,9375000000.0,218,6
2tier,64,51,8,0.006749999999999987,0.006135667565714285,0.100124791264532,10937500000.0,249,10
3tier_nb,16,50,1,0.010749999999999963,0.01073741824,0.0011717677116360736,6250000000.0,30,1
3tier_nb,16,50,2,0.005399999999999995,0.00536870912,0.005828380584715909,12500000000.0,60,1
3tier_nb,16,50,4,0.005399999999999995,0.00536870912,0.005828380584715909,12500000000.0,115,2
3tier_nb,16,50,8,0.005399999999999995,0.00536870912,0.005828380584715909,12500000000.0,215,3
3tier_os2,16,50,1,0.010749999999999963,0.01073741824,0.0011717677116360736,6250000000.0,30,1
3tier_os2,16,50,2,0.005399999999999995,0.00536870912,0.005828380584715909,12500000000.0,60,1
3tier_os2,16,50,4,0.005399999999999995,0.00536870912,0.005828380584715909,12500000000.0,115,2
3tier_os2,16,50,8,0.005399999999999995,0.00536870912,0.005828380584715909,12500000000.0,215,3
3tier_os4,16,50,1,0.021500000000000102,0.02147483648,0.0011717677116442893,3125000000.0,30,1
3tier_os4,16,50,2,0.010749999999999963,0.01073741824,0.0011717677116360736,6250000000.0,60,1
3tier_os4,16,50,4,0.010749999999999963,0.007158278826666666,0.501757651567454,9375000000.0,115,2
3tier_os4,16,50,8,0.008099999999999979,0.005856773585454546,0.3830140233039818,11458333333.333332,215,3
2tier,16,50,1,0.005399999999999995,0.00536870912,0.005828380584715909,12500000000.0,30,1
2tier,16,50,2,0.005399999999999995,0.00536870912,0.005828380584715909,12500000000.0,52,2
2tier,16,50,4,0.005399999999999995,0.00536870912,0.005828380584715909,12500000000.0,91,4
2tier,16,50,8,0.005399999999999995,0.00536870912,0.005828380584715909,12500000000.0,141,7
3tier_nb,64,50,1,0.010749999999999963,0.01073741824,0.0011717677116360736,6250000000.0,121,2
3tier_nb,64,50,2,0.008099999999999979,0.00805306368,0.005828380584714132,8333333333.333333,235,2
3tier_nb,64,50,4,0.005399999999999995,0.00536870912,0.005828380584715909,12500000000.0,432,4
3tier_nb,64,50,8,0.005399999999999995,0.00536870912,0.005828380584715909,12500000000.0,738,4
3tier_os2,64,50,1,0.021500000000000102,0.02147483648,0.0011717677116442893,3125000000.0,121,2
3tier_os2,64,50,2,0.010749999999999963,0.01073741824,0.0011717677116360736,6250000000.0,235,2
3tier_os2,64,50,4,0.010749999999999963,0.0067815273094736835,0.5851886322100903,9895833333.333334,432,4
3tier_os2,64,50,8,0.005399999999999995,0.00536870912,0.005828380584715909,12500000000.0,738,4
3tier_os4,64,50,1,0.04295000000000072,0.04294967296,7.614493386709498e-06,1562500000.0,121,2
3tier_os4,64,50,2,0.021500000000000102,0.02147483648,0.0011717677116442893,3125000000.0,235,2
3tier_os4,64,50,4,0.021500000000000102,0.01171354717090909,0.8354815741380144,5729166666.666667,432,4
3tier_os4,64,50,8,0.010749999999999963,0.007579354051764706,0.41832667092481746,8854166666.666666,738,4
2tier,64,50,1,0.01614999999999995,0.01610612736,0.002723972002661945,4166666666.6666665,104,3
2tier,64,50,2,0.013449999999999946,0.0134217728,0.002103090286250886,5000000000.0,162,5
2tier,64,50,4,0.008099999999999979,0.006573929534693879,0.23213976621627475,10208333333.333332,220,6
2tier,64,50,8,0.008099999999999979,0.006135667565714285,0.32014974951743747,10937500000.0,245,12
3tier_nb,16,53,1,0.005399999999999995,0.00536870912,0.005828380584715909,12500000000.0,30,1
3tier_nb,16,53,2,0.005399999999999995,0.00536870912,0.005828380584715909,12500000000.0,60,1
3tier_nb,16,53,4,0.005399999999999995,0.00536870912,0.005828380584715909,12500000000.0,116,2
3tier_nb,16,53,8,0.005399999999999995,0.00536870912,0.005828380584715909,12500000000.0,212,3
3tier_os2,16,53,1,0.010749999999999963,0.01073741824,0.0011717677116360736,6250000000.0,30,1
3tier_os2,16,53,2,0.005399999999999995,0.00536870912,0.005828380584715909,12500000000.0,60,1
3tier_os2,16,53,4,0.005399999999999995,0.00536870912,0.005828380584715909,12500000000.0,116,2
3tier_os2,16,53,8,0.005399999999999995,0.00536870912,0.005828380584715909,12500000000.0,212,3
3tier_os4,16,53,1,0.021500000000000102,0.02147483648,0.0011717677116442893,3125000000.0,30,1
3tier_os4,16,53,2,0.010749999999999963,0.01073741824,0.0011717677116360736,6250000000.0,60,1
3tier_os4,16,53,4,0.010749999999999963,0.007158278826666666,0.501757651567454,9375000000.0,116,2
3tier_os4,16,53,8,0.008099999999999979,0.006135667565714287,0.320149749517437,10937499999.999998,212,3
2tier,16,53,1,0.010749999999999963,0.01073741824,0.0011717677116360736,6250000000.0,28,2
2tier,16,53,2,0.005399999999999995,0.00536870912,0.005828380584715909,12500000000.0,53,2
2tier,16,53,4,0.006749999999999987,0.006316128376470588,0.0686926543712596,10625000000.0,81,5
2tier,16,53,8,0.005399999999999995,0.00536870912,0.005828380584715909,12500000000.0,120,5
3tier_nb,64,53,1,0.010749999999999963,0.01073741824,0.0011717677116360736,6250000000.0,118,2
3tier_nb,64,53,2,0.008099999999999979,0.00805306368,0.005828380584714132,8333333333.333333,228,3
3tier_nb,64,53,4,0.005399999999999995,0.00536870912,0.005828380584715909,12500000000.0,429,3
3tier_nb,64,53,8,0.005399999999999995,0.00536870912,0.005828380584715909,12500000000.0,754,5
3tier_os2,64,53,1,0.021500000000000102,0.02147483648,0.0011717677116442893,3125000000.0,118,2
3tier_os2,64,53,2,0.01614999999999995,0.01073741824,0.5040859580039931,6250000000.0,228,3
3tier_os2,64,53,4,0.008099999999999979,0.005856773585454546,0.3830140233039818,11458333333.333332,429,3
3tier_os2,64,53,8,0.006749999999999987,0.005804009859459459,0.16298906505107658,11562500000.0,754,5
3tier_os4,64,53,1,0.04295000000000072,0.04294967296,7.614493386709498e-06,1562500000.0,118,2
3tier_os4,64,53,2,0.03225000000000041,0.02147483648,0.5017576515674782,3125000000.0,228,3
3tier_os4,64,53,4,0.01614999999999995,0.01073741824,0.5040859580039931,6250000000.0,429,3
3tier_os4,64,53,8,0.013449999999999946,0.007535030343859649,0.7849961295723844,8906250000.0,754,5
2tier,64,53,1,0.01614999999999995,0.01610612736,0.002723972002661945,4166666666.6666665,104,3
2tier,64,53,2,0.010749999999999963,0.01073741824,0.0011717677116360736,6250000000.0,159,4
2tier,64,53,4,0.008099999999999979,0.007158278826666666,0.1315569281578035,9375000000.0,215,6
2tier,64,53,8,0.006749999999999987,0.006155207908280254,0.09663233160972395,10902777777.777779,243,10
3tier_nb,16,52,1,0.005399999999999995,0.00536870912,0.005828380584715909,12500000000.0,30,1
3tier_nb,16,52,2,0.005399999999999995,0.00536870912,0.005828380584715909,12500000000.0,59,2
3tier_nb,16,52,4,0.005399999999999995,0.00536870912,0.005828380584715909,12500000000.0,115,2
3tier_nb,16,52,8,0.005399999999999995,0.00536870912,0.005828380584715909,12500000000.0,212,3
3tier_os2,16,52,1,0.010749999999999963,0.01073741824,0.0011717677116360736,6250000000.0,30,1
3tier_os2,16,52,2,0.010749999999999963,0.007158278826666666,0.501757651567454,9375000000.0,59,2
3tier_os2,16,52,4,0.005399999999999995,0.00536870912,0.005828380584715909,12500000000.0,115,2
3tier_os2,16,52,8,0.005399999999999995,0.00536870912,0.005828380584715909,12500000000.0,212,3
3tier_os4,16,52,1,0.021500000000000102,0.02147483648,0.0011717677116442893,3125000000.0,30,1
3tier_os4,16,52,2,0.021500000000000102,0.014316557653333332,0.5017576515674664,4687500000.0,59,2
3tier_os4,16,52,4,0.010749999999999963,0.007158278826666666,0.501757651567454,9375000000.0,115,2
3tier_os4,16,52,8,0.008099999999999979,0.006135667565714285,0.32014974951743747,10937500000.0,212,3
2tier,16,52,1,0.010749999999999963,0.01073741824,0.0011717677116360736,6250000000.0,29,2
2tier,16,52,2,0.008099999999999979,0.006442450944,0.25728547573089267,10416666666.666666,52,3
2tier,16,52,4,0.005399999999999995,0.00536870912,0.005828380584715909,12500000000.0,87,4
2tier,16,52,8,0.005399999999999995,0.00536870912,0.005828380584715909,12500000000.0,118,7
3tier_nb,64,52,1,0.010749999999999963,0.01073741824,0.0011717677116360736,6250000000.0,122,2
3tier_nb,64,52,2,0.008099999999999979,0.00805306368,0.005828380584714132,8333333333.333333,237,3
3tier_nb,64,52,4,0.005399999999999995,0.00536870912,0.005828380584715909,12500000000.0,436,3
3tier_nb,64,52,8,0.005399999999999995,0.00536870912,0.005828380584715909,12500000000.0,754,5
3tier_os2,64,52,1,0.021500000000000102,0.02147483648,0.0011717677116442893,3125000000.0,122,2
3tier_os2,64,52,2,0.01614999999999995,0.01610612736,0.002723972002661945,4166666666.6666665,237,3
3tier_os2,64,52,4,0.008099999999999979,0.006442450944,0.25728547573089267,10416666666.666666,436,3
3tier_os2,64,52,8,0.006749999999999987,0.005651272757894737,0.19442120194434875,11875000000.0,754,5
3tier_os4,64,52,1,0.04295000000000072,0.04294967296,7.614493386709498e-06,1562500000.0,122,2
3tier_os4,64,52,2,0.03225000000000041,0.03221225472,0.0011717677116520608,2083333333.3333333,237,3
3tier_os4,64,52,4,0.01614999999999995,0.01073741824,0.5040859580039931,6250000000.0,436,3
3tier_os4,64,52,8,0.013449999999999946,0.0074051160275862065,0.8163118511438299,9062500000.0,754,5
2tier,64,52,1,0.01614999999999995,0.01610612736,0.002723972002661945,4166666666.6666665,101,3
2tier,64,52,2,0.010749999999999963,0.01073741824,0.0011717677116360736,6250000000.0,165,4
2tier,64,52,4,0.008099999999999979,0.00805306368,0.005828380584714132,8333333333.333333,223,6
2tier,64,52,8,0.006749999999999987,0.005821491816867469,0.15949660539626853,11527777777.777779,249,10
3tier_nb,16,55,1,0.005399999999999995,0.00536870912,0.005828380584715909,12500000000.0,28,1
3tier_nb,16,55,2,0.005399999999999995,0.00536870912,0.005828380584715909,12500000000.0,56,1
3tier_nb,16,55,4,0.005399999999999995,0.00536870912,0.005828380584715909,12500000000.0,108,2
3tier_nb,16,55,8,0.005399999999999995,0.00536870912,0.005828380584715909,12500000000.0,208,3
3tier_os2,16,55,1,0.010749999999999963,0.01073741824,0.0011717677116360736,6250000000.0,28,1
3tier_os2,16,55,2,0.005399999999999995,0.00536870912,0.005828380584715909,12500000000.0,56,1
3tier_os2,16,55,4,0.005399999999999995,0.00536870912,0.005828380584715909,12500000000.0,108,2
3tier_os2,16,55,8,0.005399999999999995,0.00536870912,0.005828380584715909,12500000000.0,208,3
3tier_os4,16,55,1,0.021500000000000102,0.02147483648,0.0011717677116442893,3125000000.0,28,1
3tier_os4,16,55,2,0.010749999999999963,0.01073741824,0.0011717677116360736,6250000000.0,56,1
3tier_os4,16,55,4,0.010749999999999963,0.007158278826666666,0.501757651567454,9375000000.0,108,2
3tier_os4,16,55,8,0.008099999999999979,0.006135667565714285,0.32014974951743747,10937500000.0,208,3
2tier,16,55,1,0.010749999999999963,0.01073741824,0.0011717677116360736,6250000000.0,26,2
2tier,16,55,2,0.005399999999999995,0.00536870912,0.005828380584715909,12500000000.0,54,2
2tier,16,55,4,0.005399999999999995,0.00536870912,0.005828380584715909,12500000000.0,92,4
2tier,16,55,8,0.005399999999999995,0.00536870912,0.005828380584715909,12500000000.0,122,5
3tier_nb,64,55,1,0.010749999999999963,0.01073741824,0.0011717677116360736,6250000000.0,118,2
3tier_nb,64,55,2,0.010749999999999963,0.01073741824,0.0011717677116360736,6250000000.0,223,2
3tier_nb,64,55,4,0.006749999999999987,0.0067108864,0.0058283805847147985,10000000000.0,425,3
3tier_nb,64,55,8,0.005399999999999995,0.00536870912,0.005828380584715909,12500000000.0,752,4
3tier_os2,64,55,1,0.021500000000000102,0.02147483648,0.0011717677116442893,3125000000.0,118,2
3tier_os2,64,55,2,0.010749999999999963,0.01073741824,0.0011717677116360736,6250000000.0,223,2
3tier_os2,64,55,4,0.008099999999999979,0.007320966981818182,0.10641121864318559,9166666666.666666,425,3
3tier_os2,64,55,8,0.005399999999999995,0.00536870912,0.005828380584715909,12500000000.0,752,4
3tier_os4,64,55,1,0.04295000000000072,0.04294967296,7.614493386709498e-06,1562500000.0,118,2
3tier_os4,64,55,2,0.021500000000000102,0.02147483648,0.0011717677116442893,3125000000.0,223,2
3tier_os4,64,55,4,0.01614999999999995,0.0100663296,0.6043583552042593,6666666666.666667,425,3
3tier_os4,64,55,8,0.010749999999999963,0.007809031447272728,0.3766111806034993,8593750000.0,752,4
2tier,64,55,1,0.01614999999999995,0.01610612736,0.002723972002661945,4166666666.6666665,99,3
2tier,64,55,2,0.013449999999999946,0.0134217728,0.002103090286250886,5000000000.0,155,5
2tier,64,55,4,0.009399999999999971,0.007911781861052632,0.1881015130451711,8482142857.142858,215,7
2tier,64,55,8,0.006749999999999987,0.005892485619512195,0.14552676677703635,11388888888.88889,245,10
3tier_nb,16,54,1,0.005399999999999995,0.00536870912,0.005828380584715909,12500000000.0,30,1
3tier_nb,16,54,2,0.005399999999999995,0.00536870912,0.005828380584715909,12500000000.0,60,1
3tier_nb,16,54,4,0.005399999999999995,0.00536870912,0.005828380584715909,12500000000.0,116,3
3tier_nb,16,54,8,0.005399999999999995,0.00536870912,0.005828380584715909,12500000000.0,218,3
3tier_os2,16,54,1,0.010749999999999963,0.01073741824,0.0011717677116360736,6250000000.0,30,1
3tier_os2,16,54,2,0.005399999999999995,0.00536870912,0.005828380584715909,12500000000.0,60,1
3tier_os2,16,54,4,0.008099999999999979,0.006442450944,0.25728547573089267,10416666666.666666,116,3
3tier_os2,16,54,8,0.005399999999999995,0.00536870912,0.005828380584715909,12500000000.0,218,3
3tier_os4,16,54,1,0.021500000000000102,0.02147483648,0.0011717677116442893,3125000000.0,30,1
3tier_os4,16,54,2,0.010749999999999963,0.01073741824,0.0011717677116360736,6250000000.0,60,1
3tier_os4,16,54,4,0.01614999999999995,0.00805306368,1.005447944005324,8333333333.333334,116,3
3tier_os4,16,54,8,0.008099999999999979,0.005856773585454546,0.3830140233039818,11458333333.333332,218,3
2tier,16,54,1,0.010749999999999963,0.01073741824,0.0011717677116360736,6250000000.0,31,2
2tier,16,54,2,0.005399999999999995,0.00536870912,0.005828380584715909,12500000000.0,55,2
2tier,16,54,4,0.005399999999999995,0.00536870912,0.005828380584715909,12500000000.0,96,3
2tier,16,54,8,0.005399999999999995,0.00536870912,0.005828380584715909,12500000000.0,150,5
3tier_nb,64,54,1,0.010749999999999963,0.01073741824,0.0011717677116360736,6250000000.0,122,2
3tier_nb,64,54,2,0.010749999999999963,0.01073741824,0.0011717677116360736,6250000000.0,240,2
3tier_nb,64,54,4,0.008099999999999979,0.007158278826666666,0.1315569281578035,9375000000.0,447,3
3tier_nb,64,54,8,0.005399999999999995,0.00536870912,0.005828380584715909,12500000000.0,765,5
3tier_os2,64,54,1,0.021500000000000102,0.02147483648,0.0011717677116442893,3125000000.0,122,2
3tier_os2,64,54,2,0.010749999999999963,0.01073741824,0.0011717677116360736,6250000000.0,240,2
3tier_os2,64,54,4,0.008099999999999979,0.007158278826666666,0.1315569281578035,9375000000.0,447,3
3tier_os2,64,54,8,0.006749999999999987,0.005651272757894737,0.19442120194434875,11875000000.0,765,5
3tier_os4,64,54,1,0.04295000000000072,0.04294967296,7.614493386709498e-06,1562500000.0,122,2
3tier_os4,64,54,2,0.021500000000000102,0.02147483648,0.0011717677116442893,3125000000.0,240,2
3tier_os4,64,54,4,0.01614999999999995,0.01073741824,0.5040859580039931,6250000000.0,447,3
3tier_os4,64,54,8,0.013449999999999946,0.00805306368,0.6701718171437514,8333333333.333333,765,5
2tier,64,54,1,0.010749999999999963,0.01073741824,0.0011717677116360736,6250000000.0,101,2
2tier,64,54,2,0.010749999999999963,0.01073741824,0.0011717677116360736,6250000000.0,155,4
2tier,64,54,4,0.008099999999999979,0.007320966981818182,0.10641121864318559,9166666666.666666,220,6
2tier,64,54,8,0.007399999999999983,0.006216400033684211,0.19039958173578153,10795454545.454544,245,11
3tier_nb,16,56,1,0.005399999999999995,0.00536870912,0.005828380584715909,12500000000.0,30,1
3tier_nb,16,56,2,0.005399999999999995,0.00536870912,0.005828380584715909,12500000000.0,59,2
3tier_nb,16,56,4,0.005399999999999995,0.00536870912,0.005828380584715909,12500000000.0,112,2
3tier_nb,16,56,8,0.005399999999999995,0.00536870912,0.005828380584715909,12500000000.0,213,3
3tier_os2,16,56,1,0.010749999999999963,0.01073741824,0.0011717677116360736,6250000000.0,30,1
3tier_os2,16,56,2,0.010749999999999963,0.007158278826666666,0.501757651567454,9375000000.0,59,2
3tier_os2,16,56,4,0.005399999999999995,0.00536870912,0.005828380584715909,12500000000.0,112,2
3tier_os2,16,56,8,0.005399999999999995,0.00536870912,0.005828380584715909,12500000000.0,213,3
3tier_os4,16,56,1,0.021500000000000102,0.02147483648,0.0011717677116442893,3125000000.0,30,1
3tier_os4,16,56,2,0.021500000000000102,0.014316557653333332,0.5017576515674664,4687500000.0,59,2
3tier_os4,16,56,4,0.010749999999999963,0.007158278826666666,0.501757651567454,9375000000.0,112,2
3tier_os4,16,56,8,0.008099999999999979,0.006135667565714285,0.32014974951743747,10937500000.0,213,3
2tier,16,56,1,0.010749999999999963,0.01073741824,0.0011717677116360736,6250000000.0,30,2
2tier,16,56,2,0.008099999999999979,0.00805306368,0.005828380584714132,8333333333.333333,54,3
2tier,16,56,4,0.005399999999999995,0.00536870912,0.005828380584715909,12500000000.0,87,4
2tier,16,56,8,0.005399999999999995,0.00536870912,0.005828380584715909,12500000000.0,135,7
3tier_nb,64,56,1,0.010749999999999963,0.01073741824,0.0011717677116360736,6250000000.0,117,2
3tier_nb,64,56,2,0.008099999999999979,0.00805306368,0.005828380584714132,8333333333.333333,229,2
3tier_nb,64,56,4,0.005399999999999995,0.00536870912,0.005828380584715909,12500000000.0,428,3
3tier_nb,64,56,8,0.006049999999999991,0.005769359054328357,0.04864334894551048,11631944444.444447,751,4
3tier_os2,64,56,1,0.021500000000000102,0.02147483648,0.0011717677116442893,3125000000.0,117,2
3tier_os2,64,56,2,0.010749999999999963,0.01073741824,0.0011717677116360736,6250000000.0,229,2
3tier_os2,64,56,4,0.008099999999999979,0.006442450944,0.25728547573089267,10416666666.666666,428,3
3tier_os2,64,56,8,0.006049999999999991,0.005769359054328357,0.04864334894551048,11631944444.444447,751,4
3tier_os4,64,56,1,0.04295000000000072,0.04294967296,7.614493386709498e-06,1562500000.0,117,2
3tier_os4,64,56,2,0.021500000000000102,0.02147483648,0.0011717677116442893,3125000000.0,229,2
3tier_os4,64,56,4,0.01614999999999995,0.009911462990769232,0.6294264545043258,6770833333.333333,428,3
3tier_os4,64,56,8,0.010749999999999963,0.007809031447272728,0.3766111806034993,8593750000.0,751,4
2tier,64,56,1,0.01614999999999995,0.01610612736,0.002723972002661945,4166666666.6666665,104,3
2tier,64,56,2,0.013449999999999946,0.0134217728,0.002103090286250886,5000000000.0,161,5
2tier,64,56,4,0.012099999999999955,0.010066329600000002,0.2020270029703728,6666666666.666666,223,9
2tier,64,56,8,0.008749999999999975,0.00741166922761062,0.18057076365519453,9054487179.487179,244,13
3tier_nb,16,57,1,0.005399999999999995,0.00536870912,0.005828380584715909,12500000000.0,30,1
3tier_nb,16,57,2,0.005399999999999995,0.00536870912,0.005828380584715909,12500000000.0,60,1
3tier_nb,16,57,4,0.005399999999999995,0.00536870912,0.005828380584715909,12500000000.0,116,2
3tier_nb,16,57,8,0.005399999999999995,0.00536870912,0.005828380584715909,12500000000.0,225,3
3tier_os2,16,57,1,0.010749999999999963,0.01073741824,0.0011717677116360736,6250000000.0,30,1
3tier_os2,16,57,2,0.005399999999999995,0.00536870912,0.005828380584715909,12500000000.0,60,1
3tier_os2,16,57,4,0.005399999999999995,0.00536870912,0.005828380584715909,12500000000.0,116,2
3tier_os2,16,57,8,0.005399999999999995,0.00536870912,0.005828380584715909,12500000000.0,225,3
3tier_os4,16,57,1,0.021500000000000102,0.02147483648,0.0011717677116442893,3125000000.0,30,1
3tier_os4,16,57,2,0.010749999999999963,0.01073741824,0.0011717677116360736,6250000000.0,60,1
3tier_os4,16,57,4,0.010749999999999963,0.007158278826666666,0.501757651567454,9375000000.0,116,2
3tier_os4,16,57,8,0.008099999999999979,0.0056021312556521746,0.4458782970905264,11979166666.666666,225,3
2tier,16,57,1,0.010749999999999963,0.01073741824,0.0011717677116360736,6250000000.0,31,2
2tier,16,57,2,0.005399999999999995,0.00536870912,0.005828380584715909,12500000000.0,49,2
2tier,16,57,4,0.008099999999999979,0.007158278826666666,0.1315569281578035,9375000000.0,81,6
2tier,16,57,8,0.005399999999999995,0.00536870912,0.005828380584715909,12500000000.0,117,7
3tier_nb,64,57,1,0.010749999999999963,0.01073741824,0.0011717677116360736,6250000000.0,120,1
3tier_nb,64,57,2,0.010749999999999963,0.01073741824,0.0011717677116360736,6250000000.0,236,2
3tier_nb,64,57,4,0.006749999999999987,0.006316128376470588,0.0686926543712596,10625000000.0,423,3
3tier_nb,64,57,8,0.005399999999999995,0.00536870912,0.005828380584715909,12500000000.0,741,4
3tier_os2,64,57,1,0.010749999999999963,0.01073741824,0.0011717677116360736,6250000000.0,120,1
3tier_os2,64,57,2,0.010749999999999963,0.01073741824,0.0011717677116360736,6250000000.0,236,2
3tier_os2,64,57,4,0.008099999999999979,0.006442450944,0.25728547573089267,10416666666.666666,423,3
3tier_os2,64,57,8,0.005399999999999995,0.00536870912,0.005828380584715909,12500000000.0,741,4
3tier_os4,64,57,1,0.021500000000000102,0.02147483648,0.0011717677116442893,3125000000.0,120,1
3tier_os4,64,57,2,0.021500000000000102,0.014316557653333332,0.5017576515674664,4687500000.0,236,2
3tier_os4,64,57,4,0.01614999999999995,0.01073741824,0.5040859580039931,6250000000.0,423,3
3tier_os4,64,57,8,0.010749999999999963,0.006781527309473685,0.5851886322100899,9895833333.333332,741,4
2tier,64,57,1,0.01614999999999995,0.01610612736,0.002723972002661945,4166666666.6666665,95,3
2tier,64,57,2,0.013449999999999946,0.0134217728,0.002103090286250886,5000000000.0,159,5
2tier,64,57,4,0.014799999999999938,0.010270573968695653,0.44101001999594325,6534090909.090908,213,11
2tier,64,57,8,0.010749999999999963,0.007158278826666666,0.501757651567454,9375000000.0,250,16
3tier_nb,16,58,1,0.005399999999999995,0.00536870912,0.005828380584715909,12500000000.0,32,1
3tier_nb,16,58,2,0.005399999999999995,0.00536870912,0.005828380584715909,12500000000.0,64,1
3tier_nb,16,58,4,0.005399999999999995,0.00536870912,0.005828380584715909,12500000000.0,126,2
3tier_nb,16,58,8,0.005399999999999995,0.00536870912,0.005828380584715909,12500000000.0,234,3
3tier_os2,16,58,1,0.010749999999999963,0.01073741824,0.0011717677116360736,6250000000.0,32,1
3tier_os2,16,58,2,0.005399999999999995,0.00536870912,0.005828380584715909,12500000000.0,64,1
3tier_os2,16,58,4,0.005399999999999995,0.00536870912,0.005828380584715909,12500000000.0,126,2
3tier_os2,16,58,8,0.005399999999999995,0.00536870912,0.005828380584715909,12500000000.0,234,3
3tier_os4,16,58,1,0.021500000000000102,0.02147483648,0.0011717677116442893,3125000000.0,32,1
3tier_os4,16,58,2,0.010749999999999963,0.01073741824,0.0011717677116360736,6250000000.0,64,1
3tier_os4,16,58,4,0.010749999999999963,0.006135667565714285,0.752050593495363,10937500000.0,126,2
3tier_os4,16,58,8,0.008099999999999979,0.006135667565714285,0.32014974951743747,10937500000.0,234,3
2tier,16,58,1,0.005399999999999995,0.00536870912,0.005828380584715909,12500000000.0,32,1
2tier,16,58,2,0.005399999999999995,0.00536870912,0.005828380584715909,12500000000.0,51,2
2tier,16,58,4,0.005399999999999995,0.00536870912,0.005828380584715909,12500000000.0,88,4
2tier,16,58,8,0.005399999999999995,0.00536870912,0.005828380584715909,12500000000.0,131,7
3tier_nb,64,58,1,0.010749999999999963,0.01073741824,0.0011717677116360736,6250000000.0,119,2
3tier_nb,64,58,2,0.008099999999999979,0.00805306368,0.005828380584714132,8333333333.333333,233,2
3tier_nb,64,58,4,0.006749999999999987,0.0059652323555555555,0.13155692815780418,11250000000.0,434,3
3tier_nb,64,58,8,0.005399999999999995,0.00536870912,0.005828380584715909,12500000000.0,728,6
3tier_os2,64,58,1,0.021500000000000102,0.02147483648,0.0011717677116442893,3125000000.0,119,2
3tier_os2,64,58,2,0.010749999999999963,0.01073741824,0.0011717677116360736,6250000000.0,233,2
3tier_os2,64,58,4,0.008099999999999979,0.006442450944,0.25728547573089267,10416666666.666666,434,3
3tier_os2,64,58,8,0.008099999999999979,0.006135667565714287,0.320149749517437,10937499999.999998,728,6
3tier_os4,64,58,1,0.04295000000000072,0.04294967296,7.614493386709498e-06,1562500000.0,119,2
3tier_os4,64,58,2,0.021500000000000102,0.02147483648,0.0011717677116442893,3125000000.0,233,2
3tier_os4,64,58,4,0.01614999999999995,0.01073741824,0.5040859580039931,6250000000.0,434,3
3tier_os4,64,58,8,0.01614999999999995,0.007579354051764706,1.1307884405056567,8854166666.666666,728,6
2tier,64,58,1,0.010749999999999963,0.01073741824,0.0011717677116360736,6250000000.0,98,2
2tier,64,58,2,0.010749999999999963,0.01073741824,0.0011717677116360736,6250000000.0,161,4
2tier,64,58,4,0.009399999999999971,0.007911781861052632,0.1881015130451711,8482142857.142858,206,7
2tier,64,58,8,0.006749999999999987,0.0059652323555555555,0.13155692815780418,11250000000.0,243,10
3tier_nb,16,59,1,0.010749999999999963,0.01073741824,0.0011717677116360736,6250000000.0,30,1
3tier_nb,16,59,2,0.005399999999999995,0.00536870912,0.005828380584715909,12500000000.0,60,1
3tier_nb,16,59,4,0.005399999999999995,0.00536870912,0.005828380584715909,12500000000.0,119,2
3tier_nb,16,59,8,0.005399999999999995,0.00536870912,0.005828380584715909,12500000000.0,219,2
3tier_os2,16,59,1,0.010749999999999963,0.01073741824,0.0011717677116360736,6250000000.0,30,1
3tier_os2,16,59,2,0.005399999999999995,0.00536870912,0.005828380584715909,12500000000.0,60,1
3tier_os2,16,59,4,0.005399999999999995,0.00536870912,0.005828380584715909,12500000000.0,119,2
3tier_os2,16,59,8,0.005399999999999995,0.00536870912,0.005828380584715909,12500000000.0,219,2
3tier_os4,16,59,1,0.021500000000000102,0.02147483648,0.0011717677116442893,3125000000.0,30,1
3tier_os4,16,59,2,0.010749999999999963,0.01073741824,0.0011717677116360736,6250000000.0,60,1
3tier_os4,16,59,4,0.010749999999999963,0.006135667565714285,0.752050593495363,10937500000.0,119,2
3tier_os4,16,59,8,0.005399999999999995,0.00536870912,0.005828380584715909,12500000000.0,219,2
2tier,16,59,1,0.005399999999999995,0.00536870912,0.005828380584715909,12500000000.0,30,1
2tier,16,59,2,0.005399999999999995,0.00536870912,0.005828380584715909,12500000000.0,54,2
2tier,16,59,4,0.005399999999999995,0.00536870912,0.005828380584715909,12500000000.0,94,3
2tier,16,59,8,0.005399999999999995,0.00536870912,0.005828380584715909,12500000000.0,136,6
3tier_nb,64,59,1,0.010749999999999963,0.01073741824,0.0011717677116360736,6250000000.0,117,2
3tier_nb,64,59,2,0.008099999999999979,0.00805306368,0.005828380584714132,8333333333.333333,224,3
3tier_nb,64,59,4,0.005399999999999995,0.00536870912,0.005828380584715909,12500000000.0,427,3
3tier_nb,64,59,8,0.005399999999999995,0.00536870912,0.005828380584715909,12500000000.0,748,4
3tier_os2,64,59,1,0.021500000000000102,0.02147483648,0.0011717677116442893,3125000000.0,117,2
3tier_os2,64,59,2,0.01614999999999995,0.01610612736,0.002723972002661945,4166666666.6666665,224,3
3tier_os2,64,59,4,0.008099999999999979,0.00805306368,0.005828380584714132,8333333333.333333,427,3
3tier_os2,64,59,8,0.005399999999999995,0.00536870912,0.005828380584715909,12500000000.0,748,4
3tier_os4,64,59,1,0.04295000000000072,0.04294967296,7.614493386709498e-06,1562500000.0,117,2
3tier_os4,64,59,2,0.03225000000000041,0.03221225472,0.0011717677116520608,2083333333.3333333,224,3
3tier_os4,64,59,4,0.01614999999999995,0.01610612736,0.002723972002661945,4166666666.6666665,427,3
3tier_os4,64,59,8,0.010749999999999963,0.007158278826666666,0.501757651567454,9375000000.0,748,4
2tier,64,59,1,0.01614999999999995,0.01610612736,0.002723972002661945,4166666666.6666665,96,3
2tier,64,59,2,0.013449999999999946,0.0134217728,0.002103090286250886,5000000000.0,155,5
2tier,64,59,4,0.010749999999999963,0.01073741824,0.0011717677116360736,6250000000.0,210,8
2tier,64,59,8,0.007399999999999983,0.006422987345981873,0.1521118758904787,10448232323.232323,240,11
3tier_nb,16,60,1,0.005399999999999995,0.00536870912,0.005828380584715909,12500000000.0,32,1
3tier_nb,16,60,2,0.005399999999999995,0.00536870912,0.005828380584715909,12500000000.0,63,2
3tier_nb,16,60,4,0.005399999999999995,0.00536870912,0.005828380584715909,12500000000.0,121,2
3tier_nb,16,60,8,0.005399999999999995,0.00536870912,0.005828380584715909,12500000000.0,233,2
3tier_os2,16,60,1,0.010749999999999963,0.01073741824,0.0011717677116360736,6250000000.0,32,1
3tier_os2,16,60,2,0.010749999999999963,0.007158278826666666,0.501757651567454,9375000000.0,63,2
3tier_os2,16,60,4,0.005399999999999995,0.00536870912,0.005828380584715909,12500000000.0,121,2
3tier_os2,16,60,8,0.005399999999999995,0.00536870912,0.005828380584715909,12500000000.0,233,2
3tier_os4,16,60,1,0.021500000000000102,0.02147483648,0.0011717677116442893,3125000000.0,32,1
3tier_os4,16,60,2,0.021500000000000102,0.014316557653333332,0.5017576515674664,4687500000.0,63,2
3tier_os4,16,60,4,0.010749999999999963,0.008589934592,0.25146470963954504,7812500000.0,121,2
3tier_os4,16,60,8,0.005399999999999995,0.00536870912,0.005828380584715909,12500000000.0,233,2
2tier,16,60,1,0.010749999999999963,0.01073741824,0.0011717677116360736,6250000000.0,30,2
2tier,16,60,2,0.005399999999999995,0.00536870912,0.005828380584715909,12500000000.0,59,2
2tier,16,60,4,0.005399999999999995,0.00536870912,0.005828380584715909,12500000000.0,98,3
2tier,16,60,8,0.005399999999999995,0.00536870912,0.005828380584715909,12500000000.0,145,6
3tier_nb,64,60,1,0.010749999999999963,0.01073741824,0.0011717677116360736,6250000000.0,118,2
3tier_nb,64,60,2,0.005399999999999995,0.00536870912,0.005828380584715909,12500000000.0,232,2
3tier_nb,64,60,4,0.005399999999999995,0.00536870912,0.005828380584715909,12500000000.0,441,4
3tier_nb,64,60,8,0.005399999999999995,0.00536870912,0.005828380584715909,12500000000.0,764,4
3tier_os2,64,60,1,0.021500000000000102,0.02147483648,0.0011717677116442893,3125000000.0,118,2
3tier_os2,64,60,2,0.010749999999999963,0.01073741824,0.0011717677116360736,6250000000.0,232,2
3tier_os2,64,60,4,0.010749999999999963,0.007158278826666666,0.501757651567454,9375000000.0,441,4
3tier_os2,64,60,8,0.005399999999999995,0.00536870912,0.005828380584715909,12500000000.0,764,4
3tier_os4,64,60,1,0.04295000000000072,0.04294967296,7.614493386709498e-06,1562500000.0,118,2
3tier_os4,64,60,2,0.021500000000000102,0.02147483648,0.0011717677116442893,3125000000.0,232,2
3tier_os4,64,60,4,0.021500000000000102,0.01073741824,1.0023435354232886,6250000000.0,441,4
3tier_os4,64,60,8,0.010749999999999963,0.0075793540517647045,0.4183266709248179,8854166666.666668,764,4
2tier,64,60,1,0.01614999999999995,0.01610612736,0.002723972002661945,4166666666.6666665,101,3
2tier,64,60,2,0.010749999999999963,0.00805306368,0.33489569028218136,8333333333.333333,158,4
2tier,64,60,4,0.008099999999999979,0.006853671217021277,0.18184834718703913,9791666666.666666,212,6
2tier,64,60,8,0.006749999999999987,0.006135667565714285,0.100124791264532,10937500000.0,244,10
3tier_nb,16,65,1,0.005399999999999995,0.00536870912,0.005828380584715909,12500000000.0,28,1
3tier_nb,16,65,2,0.008099999999999979,0.006442450944,0.25728547573089267,10416666666.666666,56,1
3tier_nb,16,65,4,0.005399999999999995,0.00536870912,0.005828380584715909,12500000000.0,106,3
3tier_nb,16,65,8,0.005399999999999995,0.00536870912,0.005828380584715909,12500000000.0,202,3
3tier_os2,16,65,1,0.010749999999999963,0.01073741824,0.0011717677116360736,6250000000.0,28,1
3tier_os2,16,65,2,0.008099999999999979,0.006442450944,0.25728547573089267,10416666666.666666,56,1
3tier_os2,16,65,4,0.008099999999999979,0.006442450944,0.25728547573089267,10416666666.666666,106,3
3tier_os2,16,65,8,0.005399999999999995,0.00536870912,0.005828380584715909,12500000000.0,202,3
3tier_os4,16,65,1,0.021500000000000102,0.02147483648,0.0011717677116442893,3125000000.0,28,1
3tier_os4,16,65,2,0.010749999999999963,0.01073741824,0.0011717677116360736,6250000000.0,56,1
3tier_os4,16,65,4,0.01614999999999995,0.00805306368,1.005447944005324,8333333333.333333,106,3
3tier_os4,16,65,8,0.008099999999999979,0.005856773585454546,0.3830140233039818,11458333333.333332,202,3
2tier,16,65,1,0.010749999999999963,0.01073741824,0.0011717677116360736,6250000000.0,25,2
2tier,16,65,2,0.008099999999999979,0.00805306368,0.005828380584714132,8333333333.333333,43,3
2tier,16,65,4,0.005399999999999995,0.00536870912,0.005828380584715909,12500000000.0,72,3
2tier,16,65,8,0.005399999999999995,0.00536870912,0.005828380584715909,12500000000.0,108,6
3tier_nb,64,65,1,0.010749999999999963,0.01073741824,0.0011717677116360736,6250000000.0,118,1
3tier_nb,64,65,2,0.008099999999999979,0.00805306368,0.005828380584714132,8333333333.333333,228,2
3tier_nb,64,65,4,0.005399999999999995,0.00536870912,0.005828380584715909,12500000000.0,428,3
3tier_nb,64,65,8,0.005399999999999995,0.00536870912,0.005828380584715909,12500000000.0,748,5
3tier_os2,64,65,1,0.010749999999999963,0.01073741824,0.0011717677116360736,6250000000.0,118,1
3tier_os2,64,65,2,0.010749999999999963,0.01073741824,0.0011717677116360736,6250000000.0,228,2
3tier_os2,64,65,4,0.008099999999999979,0.006442450944,0.25728547573089267,10416666666.666666,428,3
3tier_os2,64,65,8,0.006749999999999987,0.005651272757894737,0.19442120194434875,11875000000.0,748,5
3tier_os4,64,65,1,0.021500000000000102,0.02147483648,0.0011717677116442893,3125000000.0,118,1
3tier_os4,64,65,2,0.021500000000000102,0.02147483648,0.0011717677116442893,3125000000.0,228,2
3tier_os4,64,65,4,0.01614999999999995,0.00920350134857143,0.7547669510046584,7291666666.666666,428,3
3tier_os4,64,65,8,0.013449999999999946,0.008103711879245284,0.659733243286603,8281250000.0,748,5
2tier,64,65,1,0.021500000000000102,0.02147483648,0.0011717677116442893,3125000000.0,94,4
2tier,64,65,2,0.010749999999999963,0.00920350134857143,0.1680337289969085,7291666666.666666,154,4
2tier,64,65,4,0.012099999999999955,0.009663676416000001,0.25211146142747176,6944444444.444444,204,9
2tier,64,65,8,0.010099999999999967,0.007491222027906976,0.34824464718500336,8958333333.333334,242,15
3tier_nb,16,61,1,0.005399999999999995,0.00536870912,0.005828380584715909,12500000000.0,28,1
3tier_nb,16,61,2,0.005399999999999995,0.00536870912,0.005828380584715909,12500000000.0,55,2
3tier_nb,16,61,4,0.005399999999999995,0.00536870912,0.005828380584715909,12500000000.0,107,3
3tier_nb,16,61,8,0.005399999999999995,0.00536870912,0.005828380584715909,12500000000.0,211,3
3tier_os2,16,61,1,0.010749999999999963,0.01073741824,0.0011717677116360736,6250000000.0,28,1
3tier_os2,16,61,2,0.010749999999999963,0.007158278826666666,0.501757651567454,9375000000.0,55,2
3tier_os2,16,61,4,0.008099999999999979,0.006442450944,0.25728547573089267,10416666666.666666,107,3
3tier_os2,16,61,8,0.005399999999999995,0.00536870912,0.005828380584715909,12500000000.0,211,3
3tier_os4,16,61,1,0.021500000000000102,0.02147483648,0.0011717677116442893,3125000000.0,28,1
3tier_os4,16,61,2,0.021500000000000102,0.014316557653333332,0.5017576515674664,4687500000.0,55,2
3tier_os4,16,61,4,0.01614999999999995,0.00805306368,1.005447944005324,8333333333.333333,107,3
3tier_os4,16,61,8,0.008099999999999979,0.005856773585454546,0.3830140233039818,11458333333.333332,211,3
2tier,16,61,1,0.005399999999999995,0.00536870912,0.005828380584715909,12500000000.0,28,1
2tier,16,61,2,0.005399999999999995,0.00536870912,0.005828380584715909,12500000000.0,53,2
2tier,16,61,4,0.005399999999999995,0.00536870912,0.005828380584715909,12500000000.0,91,4
2tier,16,61,8,0.005399999999999995,0.00536870912,0.005828380584715909,12500000000.0,140,7
3tier_nb,64,61,1,0.010749999999999963,0.01073741824,0.0011717677116360736,6250000000.0,119,2
3tier_nb,64,61,2,0.005399999999999995,0.00536870912,0.005828380584715909,12500000000.0,232,2
3tier_nb,64,61,4,0.005399999999999995,0.00536870912,0.005828380584715909,12500000000.0,438,3
3tier_nb,64,61,8,0.005399999999999995,0.00536870912,0.005828380584715909,12500000000.0,757,5
3tier_os2,64,61,1,0.021500000000000102,0.02147483648,0.0011717677116442893,3125000000.0,119,2
3tier_os2,64,61,2,0.010749999999999963,0.01073741824,0.0011717677116360736,6250000000.0,232,2
3tier_os2,64,61,4,0.008099999999999979,0.006442450944,0.25728547573089267,10416666666.666666,438,3
3tier_os2,64,61,8,0.006749999999999987,0.005651272757894737,0.19442120194434875,11875000000.0,757,5
3tier_os4,64,61,1,0.04295000000000072,0.04294967296,7.614493386709498e-06,1562500000.0,119,2
3tier_os4,64,61,2,0.021500000000000102,0.02147483648,0.0011717677116442893,3125000000.0,232,2
3tier_os4,64,61,4,0.01614999999999995,0.01171354717090909,0.3787454615036603,5729166666.666667,438,3
3tier_os4,64,61,8,0.013449999999999946,0.007715510112574849,0.743241834143791,8697916666.666668,757,5
2tier,64,61,1,0.01614999999999995,0.01610612736,0.002723972002661945,4166666666.6666665,105,3
2tier,64,61,2,0.013449999999999946,0.0134217728,0.002103090286250886,5000000000.0,170,5
2tier,64,61,4,0.009399999999999971,0.007829367466666666,0.20060784476143612,8571428571.428572,217,7
2tier,64,61,8,0.007399999999999983,0.00621640003368421,0.19039958173578175,10795454545.454546,247,11
3tier_nb,16,67,1,0.005399999999999995,0.00536870912,0.005828380584715909,12500000000.0,28,1
3tier_nb,16,67,2,0.005399999999999995,0.00536870912,0.005828380584715909,12500000000.0,54,2
3tier_nb,16,67,4,0.005399999999999995,0.00536870912,0.005828380584715909,12500000000.0,105,3
3tier_nb,16,67,8,0.005399999999999995,0.00536870912,0.005828380584715909,12500000000.0,197,3
3tier_os2,16,67,1,0.010749999999999963,0.01073741824,0.0011717677116360736,6250000000.0,28,1
3tier_os2,16,67,2,0.010749999999999963,0.007158278826666666,0.501757651567454,9375000000.0,54,2
3tier_os2,16,67,4,0.008099999999999979,0.006442450944,0.25728547573089267,10416666666.666666,105,3
3tier_os2,16,67,8,0.005399999999999995,0.00536870912,0.005828380584715909,12500000000.0,197,3
3tier_os4,16,67,1,0.021500000000000102,0.02147483648,0.0011717677116442893,3125000000.0,28,1
3tier_os4,16,67,2,0.021500000000000102,0.014316557653333332,0.5017576515674664,4687500000.0,54,2
3tier_os4,16,67,4,0.01614999999999995,0.009911462990769232,0.6294264545043258,6770833333.333333,105,3
3tier_os4,16,67,8,0.008099999999999979,0.006135667565714285,0.32014974951743747,10937500000.0,197,3
2tier,16,67,1,0.005399999999999995,0.00536870912,0.005828380584715909,12500000000.0,30,1
2tier,16,67,2,0.005399999999999995,0.00536870912,0.005828380584715909,12500000000.0,53,2
2tier,16,67,4,0.005399999999999995,0.00536870912,0.005828380584715909,12500000000.0,89,3
2tier,16,67,8,0.005399999999999995,0.00536870912,0.005828380584715909,12500000000.0,120,5
3tier_nb,64,67,1,0.010749999999999963,0.01073741824,0.0011717677116360736,6250000000.0,111,2
3tier_nb,64,67,2,0.008099999999999979,0.00805306368,0.005828380584714132,8333333333.333333,218,2
3tier_nb,64,67,4,0.005399999999999995,0.00536870912,0.005828380584715909,12500000000.0,408,3
3tier_nb,64,67,8,0.005399999999999995,0.00536870912,0.005828380584715909,12500000000.0,718,5
3tier_os2,64,67,1,0.021500000000000102,0.02147483648,0.0011717677116442893,3125000000.0,111,2
3tier_os2,64,67,2,0.010749999999999963,0.01073741824,0.0011717677116360736,6250000000.0,218,2
3tier_os2,64,67,4,0.008099999999999979,0.006442450944,0.25728547573089267,10416666666.666666,408,3
3tier_os2,64,67,8,0.006749999999999987,0.005506368328205128,0.22585333883762115,12187500000.0,718,5
3tier_os4,64,67,1,0.04295000000000072,0.04294967296,7.614493386709498e-06,1562500000.0,111,2
3tier_os4,64,67,2,0.021500000000000102,0.02147483648,0.0011717677116442893,3125000000.0,218,2
3tier_os4,64,67,4,0.01614999999999995,0.011713547170909092,0.3787454615036603,5729166666.666666,408,3
3tier_os4,64,67,8,0.013449999999999946,0.0067108864,1.0042061805725018,10000000000.0,718,5
2tier,64,67,1,0.01614999999999995,0.01610612736,0.002723972002661945,4166666666.6666665,94,3
2tier,64,67,2,0.010749999999999963,0.01073741824,0.0011717677116360736,6250000000.0,145,4
2tier,64,67,4,0.009399999999999971,0.008672530116923077,0.08388208207629644,7738095238.095238,208,7
2tier,64,67,8,0.007399999999999983,0.006422987345981873,0.1521118758904787,10448232323.232323,237,11
3tier_nb,16,63,1,0.005399999999999995,0.00536870912,0.005828380584715909,12500000000.0,30,1
3tier_nb,16,63,2,0.005399999999999995,0.00536870912,0.005828380584715909,12500000000.0,59,2
3tier_nb,16,63,4,0.005399999999999995,0.00536870912,0.005828380584715909,12500000000.0,113,2
3tier_nb,16,63,8,0.005399999999999995,0.00536870912,0.005828380584715909,12500000000.0,223,4
3tier_os2,16,63,1,0.010749999999999963,0.01073741824,0.0011717677116360736,6250000000.0,30,1
3tier_os2,16,63,2,0.010749999999999963,0.007158278826666666,0.501757651567454,9375000000.0,59,2
3tier_os2,16,63,4,0.005399999999999995,0.00536870912,0.005828380584715909,12500000000.0,113,2
3tier_os2,16,63,8,0.005399999999999995,0.00536870912,0.005828380584715909,12500000000.0,223,4
3tier_os4,16,63,1,0.021500000000000102,0.02147483648,0.0011717677116442893,3125000000.0,30,1
3tier_os4,16,63,2,0.021500000000000102,0.014316557653333332,0.5017576515674664,4687500000.0,59,2
3tier_os4,16,63,4,0.010749999999999963,0.008589934592,0.25146470963954504,7812500000.0,113,2
3tier_os4,16,63,8,0.010749999999999963,0.0057266230613333335,0.8771970644593172,11718750000.0,223,4
2tier,16,63,1,0.010749999999999963,0.01073741824,0.0011717677116360736,6250000000.0,29,2
2tier,16,63,2,0.010749999999999963,0.007158278826666666,0.501757651567454,9375000000.0,51,4
2tier,16,63,4,0.008099999999999979,0.006442450944,0.25728547573089267,10416666666.666666,80,6
2tier,16,63,8,0.005399999999999995,0.00536870912,0.005828380584715909,12500000000.0,118,8
3tier_nb,64,63,1,0.010749999999999963,0.01073741824,0.0011717677116360736,6250000000.0,117,2
3tier_nb,64,63,2,0.008099999999999979,0.00805306368,0.005828380584714132,8333333333.333333,227,2
3tier_nb,64,63,4,0.006749999999999987,0.006316128376470588,0.0686926543712596,10625000000.0,415,4
3tier_nb,64,63,8,0.005399999999999995,0.00536870912,0.005828380584715909,12500000000.0,722,5
3tier_os2,64,63,1,0.021500000000000102,0.02147483648,0.0011717677116442893,3125000000.0,117,2
3tier_os2,64,63,2,0.010749999999999963,0.01073741824,0.0011717677116360736,6250000000.0,227,2
3tier_os2,64,63,4,0.010749999999999963,0.006573929534693879,0.6352472205956718,10208333333.333332,415,4
3tier_os2,64,63,8,0.006749999999999987,0.005651272757894737,0.19442120194434875,11875000000.0,722,5
3tier_os4,64,63,1,0.04295000000000072,0.04294967296,7.614493386709498e-06,1562500000.0,117,2
3tier_os4,64,63,2,0.021500000000000102,0.02147483648,0.0011717677116442893,3125000000.0,227,2
3tier_os4,64,63,4,0.021500000000000102,0.011713547170909092,0.8354815741380142,5729166666.666666,415,4
3tier_os4,64,63,8,0.013449999999999946,0.007491222027906978,0.7954347034295326,8958333333.333332,722,5
2tier,64,63,1,0.01614999999999995,0.01610612736,0.002723972002661945,4166666666.6666665,99,3
2tier,64,63,2,0.010749999999999963,0.01073741824,0.0011717677116360736,6250000000.0,153,4
2tier,64,63,4,0.008099999999999979,0.006853671217021277,0.18184834718703913,9791666666.666666,214,6
2tier,64,63,8,0.006749999999999987,0.0059652323555555555,0.13155692815780418,11250000000.0,245,10
3tier_nb,16,66,1,0.010749999999999963,0.01073741824,0.0011717677116360736,6250000000.0,32,1
3tier_nb,16,66,2,0.005399999999999995,0.00536870912,0.005828380584715909,12500000000.0,64,1
3tier_nb,16,66,4,0.005399999999999995,0.00536870912,0.005828380584715909,12500000000.0,122,2
3tier_nb,16,66,8,0.005399999999999995,0.00536870912,0.005828380584715909,12500000000.0,236,2
3tier_os2,16,66,1,0.010749999999999963,0.01073741824,0.0011717677116360736,6250000000.0,32,1
3tier_os2,16,66,2,0.005399999999999995,0.00536870912,0.005828380584715909,12500000000.0,64,1
3tier_os2,16,66,4,0.005399999999999995,0.00536870912,0.005828380584715909,12500000000.0,122,2
3tier_os2,16,66,8,0.005399999999999995,0.00536870912,0.005828380584715909,12500000000.0,236,2
3tier_os4,16,66,1,0.021500000000000102,0.02147483648,0.0011717677116442893,3125000000.0,32,1
3tier_os4,16,66,2,0.010749999999999963,0.01073741824,0.0011717677116360736,6250000000.0,64,1
3tier_os4,16,66,4,0.010749999999999963,0.008589934592,0.25146470963954504,7812500000.0,122,2
3tier_os4,16,66,8,0.005399999999999995,0.00536870912,0.005828380584715909,12500000000.0,236,2
2tier,16,66,1,0.010749999999999963,0.01073741824,0.0011717677116360736,6250000000.0,31,2
2tier,16,66,2,0.005399999999999995,0.00536870912,0.005828380584715909,12500000000.0,59,2
2tier,16,66,4,0.005399999999999995,0.00536870912,0.005828380584715909,12500000000.0,101,4
2tier,16,66,8,0.005399999999999995,0.00536870912,0.005828380584715909,12500000000.0,139,6
3tier_nb,64,66,1,0.010749999999999963,0.01073741824,0.0011717677116360736,6250000000.0,119,2
3tier_nb,64,66,2,0.008099999999999979,0.00805306368,0.005828380584714132,8333333333.333333,228,2
3tier_nb,64,66,4,0.006749999999999987,0.0059652323555555555,0.13155692815780418,11250000000.0,432,3
3tier_nb,64,66,8,0.005399999999999995,0.00536870912,0.005828380584715909,12500000000.0,738,4
3tier_os2,64,66,1,0.021500000000000102,0.02147483648,0.0011717677116442893,3125000000.0,119,2
3tier_os2,64,66,2,0.010749999999999963,0.01073741824,0.0011717677116360736,6250000000.0,228,2
3tier_os2,64,66,4,0.008099999999999979,0.006442450944,0.25728547573089267,10416666666.666666,432,3
3tier_os2,64,66,8,0.005399999999999995,0.00536870912,0.005828380584715909,12500000000.0,738,4
3tier_os4,64,66,1,0.04295000000000072,0.04294967296,7.614493386709498e-06,1562500000.0,119,2
3tier_os4,64,66,2,0.021500000000000102,0.02147483648,0.0011717677116442893,3125000000.0,228,2
3tier_os4,64,66,4,0.01614999999999995,0.008589934592,0.8801074475049913,7812500000.0,432,3
3tier_os4,64,66,8,0.010749999999999963,0.006781527309473685,0.5851886322100899,9895833333.333332,738,4
2tier,64,66,1,0.01614999999999995,0.01610612736,0.002723972002661945,4166666666.6666665,99,3
2tier,64,66,2,0.013449999999999946,0.0134217728,0.002103090286250886,5000000000.0,155,5
2tier,64,66,4,0.010749999999999963,0.0090194313216,0.19187115203766192,7440476190.476191,211,8
2tier,64,66,8,0.009399999999999971,0.007643585865762713,0.2297892854327208,8779761904.761904,244,14
3tier_nb,16,68,1,0.005399999999999995,0.00536870912,0.005828380584715909,12500000000.0,28,1
3tier_nb,16,68,2,0.005399999999999995,0.00536870912,0.005828380584715909,12500000000.0,55,2
3tier_nb,16,68,4,0.005399999999999995,0.00536870912,0.005828380584715909,12500000000.0,105,2
3tier_nb,16,68,8,0.005399999999999995,0.00536870912,0.005828380584715909,12500000000.0,195,3
3tier_os2,16,68,1,0.010749999999999963,0.01073741824,0.0011717677116360736,6250000000.0,28,1
3tier_os2,16,68,2,0.010749999999999963,0.007158278826666666,0.501757651567454,9375000000.0,55,2
3tier_os2,16,68,4,0.005399999999999995,0.00536870912,0.005828380584715909,12500000000.0,105,2
3tier_os2,16,68,8,0.005399999999999995,0.00536870912,0.005828380584715909,12500000000.0,195,3
3tier_os4,16,68,1,0.021500000000000102,0.02147483648,0.0011717677116442893,3125000000.0,28,1
3tier_os4,16,68,2,0.021500000000000102,0.014316557653333332,0.5017576515674664,4687500000.0,55,2
3tier_os4,16,68,4,0.010749999999999963,0.007158278826666666,0.501757651567454,9375000000.0,105,2
3tier_os4,16,68,8,0.008099999999999979,0.005856773585454546,0.3830140233039818,11458333333.333332,195,3
2tier,16,68,1,0.010749999999999963,0.01073741824,0.0011717677116360736,6250000000.0,26,2
2tier,16,68,2,0.008099999999999979,0.00805306368,0.005828380584714132,8333333333.333333,45,3
2tier,16,68,4,0.005399999999999995,0.00536870912,0.005828380584715909,12500000000.0,73,3
2tier,16,68,8,0.005399999999999995,0.00536870912,0.005828380584715909,12500000000.0,111,6
3tier_nb,64,68,1,0.010749999999999963,0.01073741824,0.0011717677116360736,6250000000.0,119,2
3tier_nb,64,68,2,0.008099999999999979,0.00805306368,0.005828380584714132,8333333333.333333,225,3
3tier_nb,64,68,4,0.005399999999999995,0.00536870912,0.005828380584715909,12500000000.0,416,3
3tier_nb,64,68,8,0.005399999999999995,0.00536870912,0.005828380584715909,12500000000.0,741,4
3tier_os2,64,68,1,0.021500000000000102,0.02147483648,0.0011717677116442893,3125000000.0,119,2
3tier_os2,64,68,2,0.01614999999999995,0.01610612736,0.002723972002661945,4166666666.6666665,225,3
3tier_os2,64,68,4,0.008099999999999979,0.007158278826666666,0.1315569281578035,9375000000.0,416,3
3tier_os2,64,68,8,0.005399999999999995,0.00536870912,0.005828380584715909,12500000000.0,741,4
3tier_os4,64,68,1,0.04295000000000072,0.04294967296,7.614493386709498e-06,1562500000.0,119,2
3tier_os4,64,68,2,0.03225000000000041,0.03221225472,0.0011717677116520608,2083333333.3333333,225,3
3tier_os4,64,68,4,0.01614999999999995,0.01073741824,0.5040859580039931,6250000000.0,416,3
3tier_os4,64,68,8,0.010749999999999963,0.007158278826666666,0.501757651567454,9375000000.0,741,4
2tier,64,68,1,0.01614999999999995,0.01610612736,0.002723972002661945,4166666666.6666665,105,3
2tier,64,68,2,0.010749999999999963,0.01073741824,0.0011717677116360736,6250000000.0,165,4
2tier,64,68,4,0.009399999999999971,0.007158278826666666,0.3131648302078207,9375000000.0,222,7
2tier,64,68,8,0.007399999999999983,0.006225501644275257,0.1886592314700859,10779671717.171717,252,11
3tier_nb,16,64,1,0.005399999999999995,0.00536870912,0.005828380584715909,12500000000.0,28,1
3tier_nb,16,64,2,0.005399999999999995,0.00536870912,0.005828380584715909,12500000000.0,56,1
3tier_nb,16,64,4,0.005399999999999995,0.00536870912,0.005828380584715909,12500000000.0,109,2
3tier_nb,16,64,8,0.005399999999999995,0.00536870912,0.005828380584715909,12500000000.0,211,2
3tier_os2,16,64,1,0.010749999999999963,0.01073741824,0.0011717677116360736,6250000000.0,28,1
3tier_os2,16,64,2,0.005399999999999995,0.00536870912,0.005828380584715909,12500000000.0,56,1
3tier_os2,16,64,4,0.005399999999999995,0.00536870912,0.005828380584715909,12500000000.0,109,2
3tier_os2,16,64,8,0.005399999999999995,0.00536870912,0.005828380584715909,12500000000.0,211,2
3tier_os4,16,64,1,0.021500000000000102,0.02147483648,0.0011717677116442893,3125000000.0,28,1
3tier_os4,16,64,2,0.010749999999999963,0.01073741824,0.0011717677116360736,6250000000.0,56,1
3tier_os4,16,64,4,0.010749999999999963,0.007158278826666666,0.501757651567454,9375000000.0,109,2
3tier_os4,16,64,8,0.005399999999999995,0.00536870912,0.005828380584715909,12500000000.0,211,2
2tier,16,64,1,0.005399999999999995,0.00536870912,0.005828380584715909,12500000000.0,30,1
2tier,16,64,2,0.008099999999999979,0.00805306368,0.005828380584714132,8333333333.333333,52,3
2tier,16,64,4,0.005399999999999995,0.00536870912,0.005828380584715909,12500000000.0,89,4
2tier,16,64,8,0.005399999999999995,0.00536870912,0.005828380584715909,12500000000.0,148,6
3tier_nb,64,64,1,0.010749999999999963,0.01073741824,0.0011717677116360736,6250000000.0,119,2
3tier_nb,64,64,2,0.008099999999999979,0.00805306368,0.005828380584714132,8333333333.333333,234,3
3tier_nb,64,64,4,0.005399999999999995,0.00536870912,0.005828380584715909,12500000000.0,431,4
3tier_nb,64,64,8,0.005399999999999995,0.00536870912,0.005828380584715909,12500000000.0,776,4
3tier_os2,64,64,1,0.021500000000000102,0.02147483648,0.0011717677116442893,3125000000.0,119,2
3tier_os2,64,64,2,0.01614999999999995,0.01073741824,0.5040859580039931,6250000000.0,234,3
3tier_os2,64,64,4,0.010749999999999963,0.007158278826666666,0.501757651567454,9375000000.0,431,4
3tier_os2,64,64,8,0.005399999999999995,0.00536870912,0.005828380584715909,12500000000.0,776,4
3tier_os4,64,64,1,0.04295000000000072,0.04294967296,7.614493386709498e-06,1562500000.0,119,2
3tier_os4,64,64,2,0.03225000000000041,0.02147483648,0.5017576515674782,3125000000.0,234,3
3tier_os4,64,64,4,0.021500000000000102,0.01171354717090909,0.8354815741380144,5729166666.666667,431,4
3tier_os4,64,64,8,0.010749999999999963,0.006781527309473685,0.5851886322100899,9895833333.333332,776,4
2tier,64,64,1,0.01614999999999995,0.01610612736,0.002723972002661945,4166666666.6666665,104,3
2tier,64,64,2,0.010749999999999963,0.01073741824,0.0011717677116360736,6250000000.0,156,4
2tier,64,64,4,0.009399999999999971,0.007911781861052632,0.1881015130451711,8482142857.142858,217,7
2tier,64,64,8,0.008749999999999975,0.006646973196190476,0.3163886391199515,10096153846.153847,251,13
3tier_nb,16,62,1,0.005399999999999995,0.00536870912,0.005828380584715909,12500000000.0,32,1
3tier_nb,16,62,2,0.005399999999999995,0.00536870912,0.005828380584715909,12500000000.0,64,1
3tier_nb,16,62,4,0.005399999999999995,0.00536870912,0.005828380584715909,12500000000.0,121,2
3tier_nb,16,62,8,0.005399999999999995,0.00536870912,0.005828380584715909,12500000000.0,228,3
3tier_os2,16,62,1,0.010749999999999963,0.01073741824,0.0011717677116360736,6250000000.0,32,1
3tier_os2,16,62,2,0.005399999999999995,0.00536870912,0.005828380584715909,12500000000.0,64,1
3tier_os2,16,62,4,0.005399999999999995,0.00536870912,0.005828380584715909,12500000000.0,121,2
3tier_os2,16,62,8,0.005399999999999995,0.00536870912,0.005828380584715909,12500000000.0,228,3
3tier_os4,16,62,1,0.021500000000000102,0.02147483648,0.0011717677116442893,3125000000.0,32,1
3tier_os4,16,62,2,0.010749999999999963,0.01073741824,0.0011717677116360736,6250000000.0,64,1
3tier_os4,16,62,4,0.010749999999999963,0.007158278826666666,0.501757651567454,9375000000.0,121,2
3tier_os4,16,62,8,0.008099999999999979,0.005856773585454546,0.3830140233039818,11458333333.333332,228,3
2tier,16,62,1,0.010749999999999963,0.01073741824,0.0011717677116360736,6250000000.0,26,2
2tier,16,62,2,0.005399999999999995,0.00536870912,0.005828380584715909,12500000000.0,53,2
2tier,16,62,4,0.006749999999999987,0.006316128376470588,0.0686926543712596,10625000000.0,78,5
2tier,16,62,8,0.005399999999999995,0.00536870912,0.005828380584715909,12500000000.0,113,7
3tier_nb,64,62,1,0.010749999999999963,0.01073741824,0.0011717677116360736,6250000000.0,118,2
3tier_nb,64,62,2,0.008099999999999979,0.00805306368,0.005828380584714132,8333333333.333333,229,3
3tier_nb,64,62,4,0.005399999999999995,0.00536870912,0.005828380584715909,12500000000.0,417,3
3tier_nb,64,62,8,0.005399999999999995,0.00536870912,0.005828380584715909,12500000000.0,738,5
3tier_os2,64,62,1,0.021500000000000102,0.02147483648,0.0011717677116442893,3125000000.0,118,2
3tier_os2,64,62,2,0.01614999999999995,0.012884901888,0.25340496500332743,5208333333.333333,229,3
3tier_os2,64,62,4,0.008099999999999979,0.007158278826666666,0.1315569281578035,9375000000.0,417,3
3tier_os2,64,62,8,0.006749999999999987,0.005651272757894737,0.19442120194434875,11875000000.0,738,5
3tier_os4,64,62,1,0.04295000000000072,0.04294967296,7.614493386709498e-06,1562500000.0,118,2
3tier_os4,64,62,2,0.03225000000000041,0.025769803776,0.251464709639565,2604166666.6666665,229,3
3tier_os4,64,62,4,0.01614999999999995,0.014316557653333332,0.1280644685029948,4687500000.0,417,3
3tier_os4,64,62,8,0.013449999999999946,0.006964811831351352,0.9311361635724624,9635416666.666666,738,5
2tier,64,62,1,0.01614999999999995,0.01610612736,0.002723972002661945,4166666666.6666665,99,3
2tier,64,62,2,0.010749999999999963,0.01073741824,0.0011717677116360736,6250000000.0,158,4
2tier,64,62,4,0.013449999999999946,0.009761289309090909,0.37789174914359513,6875000000.0,206,10
2tier,64,62,8,0.007399999999999983,0.006216400033684211,0.19039958173578153,10795454545.454544,242,11
3tier_nb,16,69,1,0.005399999999999995,0.00536870912,0.005828380584715909,12500000000.0,28,1
3tier_nb,16,69,2,0.005399999999999995,0.00536870912,0.005828380584715909,12500000000.0,56,1
3tier_nb,16,69,4,0.005399999999999995,0.00536870912,0.005828380584715909,12500000000.0,107,2
3tier_nb,16,69,8,0.005399999999999995,0.00536870912,0.005828380584715909,12500000000.0,205,3
3tier_os2,16,69,1,0.010749999999999963,0.01073741824,0.0011717677116360736,6250000000.0,28,1
3tier_os2,16,69,2,0.005399999999999995,0.00536870912,0.005828380584715909,12500000000.0,56,1
3tier_os2,16,69,4,0.005399999999999995,0.00536870912,0.005828380584715909,12500000000.0,107,2
3tier_os2,16,69,8,0.005399999999999995,0.00536870912,0.005828380584715909,12500000000.0,205,3
3tier_os4,16,69,1,0.021500000000000102,0.02147483648,0.0011717677116442893,3125000000.0,28,1
3tier_os4,16,69,2,0.010749999999999963,0.01073741824,0.0011717677116360736,6250000000.0,56,1
3tier_os4,16,69,4,0.010749999999999963,0.007158278826666666,0.501757651567454,9375000000.0,107,2
3tier_os4,16,69,8,0.008099999999999979,0.005856773585454546,0.3830140233039818,11458333333.333332,205,3
2tier,16,69,1,0.010749999999999963,0.01073741824,0.0011717677116360736,6250000000.0,27,2
2tier,16,69,2,0.005399999999999995,0.00536870912,0.005828380584715909,12500000000.0,49,2
2tier,16,69,4,0.005399999999999995,0.00536870912,0.005828380584715909,12500000000.0,76,4
2tier,16,69,8,0.005399999999999995,0.00536870912,0.005828380584715909,12500000000.0,115,6
3tier_nb,64,69,1,0.010749999999999963,0.01073741824,0.0011717677116360736,6250000000.0,117,2
3tier_nb,64,69,2,0.008099999999999979,0.00805306368,0.005828380584714132,8333333333.333333,216,3
3tier_nb,64,69,4,0.006749999999999987,0.006316128376470588,0.0686926543712596,10625000000.0,411,3
3tier_nb,64,69,8,0.006049999999999991,0.0056021312556521746,0.079946135481197,11979166666.666666,712,4
3tier_os2,64,69,1,0.021500000000000102,0.02147483648,0.0011717677116442893,3125000000.0,117,2
3tier_os2,64,69,2,0.01614999999999995,0.01610612736,0.002723972002661945,4166666666.6666665,216,3
3tier_os2,64,69,4,0.008099999999999979,0.006442450944,0.25728547573089267,10416666666.666666,411,3
3tier_os2,64,69,8,0.006049999999999991,0.0056021312556521746,0.079946135481197,11979166666.666666,712,4
3tier_os4,64,69,1,0.04295000000000072,0.04294967296,7.614493386709498e-06,1562500000.0,117,2
3tier_os4,64,69,2,0.03225000000000041,0.03221225472,0.0011717677116520608,2083333333.3333333,216,3
3tier_os4,64,69,4,0.01614999999999995,0.011713547170909092,0.3787454615036603,5729166666.666666,411,3
3tier_os4,64,69,8,0.010749999999999963,0.007809031447272728,0.3766111806034993,8593750000.0,712,4
2tier,64,69,1,0.010749999999999963,0.01073741824,0.0011717677116360736,6250000000.0,103,2
2tier,64,69,2,0.013449999999999946,0.0134217728,0.002103090286250886,5000000000.0,166,5
2tier,64,69,4,0.009399999999999971,0.007911781861052632,0.1881015130451711,8482142857.142858,225,7
2tier,64,69,8,0.006749999999999987,0.0059652323555555555,0.13155692815780418,11250000000.0,251,10
3tier_nb,16,70,1,0.005399999999999995,0.00536870912,0.005828380584715909,12500000000.0,28,1
3tier_nb,16,70,2,0.005399999999999995,0.00536870912,0.005828380584715909,12500000000.0,56,1
3tier_nb,16,70,4,0.005399999999999995,0.00536870912,0.005828380584715909,12500000000.0,111,2
3tier_nb,16,70,8,0.005399999999999995,0.00536870912,0.005828380584715909,12500000000.0,214,2
3tier_os2,16,70,1,0.010749999999999963,0.01073741824,0.0011717677116360736,6250000000.0,28,1
3tier_os2,16,70,2,0.005399999999999995,0.00536870912,0.005828380584715909,12500000000.0,56,1
3tier_os2,16,70,4,0.005399999999999995,0.00536870912,0.005828380584715909,12500000000.0,111,2
3tier_os2,16,70,8,0.005399999999999995,0.00536870912,0.005828380584715909,12500000000.0,214,2
3tier_os4,16,70,1,0.021500000000000102,0.02147483648,0.0011717677116442893,3125000000.0,28,1
3tier_os4,16,70,2,0.010749999999999963,0.01073741824,0.0011717677116360736,6250000000.0,56,1
3tier_os4,16,70,4,0.010749999999999963,0.006135667565714285,0.752050593495363,10937500000.0,111,2
3tier_os4,16,70,8,0.005399999999999995,0.00536870912,0.005828380584715909,12500000000.0,214,2
2tier,16,70,1,0.005399999999999995,0.00536870912,0.005828380584715909,12500000000.0,28,1
2tier,16,70,2,0.005399999999999995,0.00536870912,0.005828380584715909,12500000000.0,53,2
2tier,16,70,4,0.005399999999999995,0.00536870912,0.005828380584715909,12500000000.0,84,3
2tier,16,70,8,0.005399999999999995,0.00536870912,0.005828380584715909,12500000000.0,128,6
3tier_nb,64,70,1,0.010749999999999963,0.01073741824,0.0011717677116360736,6250000000.0,117,2
3tier_nb,64,70,2,0.008099999999999979,0.00805306368,0.005828380584714132,8333333333.333333,224,2
3tier_nb,64,70,4,0.006749999999999987,0.006316128376470588,0.0686926543712596,10625000000.0,414,3
3tier_nb,64,70,8,0.005399999999999995,0.00536870912,0.005828380584715909,12500000000.0,752,4
3tier_os2,64,70,1,0.021500000000000102,0.02147483648,0.0011717677116442893,3125000000.0,117,2
3tier_os2,64,70,2,0.010749999999999963,0.01073741824,0.0011717677116360736,6250000000.0,224,2
3tier_os2,64,70,4,0.008099999999999979,0.007158278826666666,0.1315569281578035,9375000000.0,414,3
3tier_os2,64,70,8,0.005399999999999995,0.00536870912,0.005828380584715909,12500000000.0,752,4
3tier_os4,64,70,1,0.04295000000000072,0.04294967296,7.614493386709498e-06,1562500000.0,117,2
3tier_os4,64,70,2,0.021500000000000102,0.02147483648,0.0011717677116442893,3125000000.0,224,2
3tier_os4,64,70,4,0.01614999999999995,0.014316557653333332,0.1280644685029948,4687500000.0,414,3
3tier_os4,64,70,8,0.010749999999999963,0.00805306368,0.33489569028218136,8333333333.333333,752,4
2tier,64,70,1,0.01614999999999995,0.01610612736,0.002723972002661945,4166666666.6666665,91,3
2tier,64,70,2,0.010749999999999963,0.01073741824,0.0011717677116360736,6250000000.0,157,4
2tier,64,70,4,0.008099999999999979,0.006442450944,0.25728547573089267,10416666666.666666,211,6
2tier,64,70,8,0.007399999999999983,0.006031230670978723,0.22694693731538895,11126893939.39394,243,11
3tier_nb,16,71,1,0.010749999999999963,0.01073741824,0.0011717677116360736,6250000000.0,32,1
3tier_nb,16,71,2,0.005399999999999995,0.00536870912,0.005828380584715909,12500000000.0,64,1
3tier_nb,16,71,4,0.005399999999999995,0.00536870912,0.005828380584715909,12500000000.0,126,2
3tier_nb,16,71,8,0.005399999999999995,0.00536870912,0.005828380584715909,12500000000.0,239,3
3tier_os2,16,71,1,0.010749999999999963,0.01073741824,0.0011717677116360736,6250000000.0,32,1
3tier_os2,16,71,2,0.005399999999999995,0.00536870912,0.005828380584715909,12500000000.0,64,1
3tier_os2,16,71,4,0.005399999999999995,0.00536870912,0.005828380584715909,12500000000.0,126,2
3tier_os2,16,71,8,0.005399999999999995,0.00536870912,0.005828380584715909,12500000000.0,239,3
3tier_os4,16,71,1,0.021500000000000102,0.02147483648,0.0011717677116442893,3125000000.0,32,1
3tier_os4,16,71,2,0.010749999999999963,0.01073741824,0.0011717677116360736,6250000000.0,64,1
3tier_os4,16,71,4,0.010749999999999963,0.007158278826666666,0.501757651567454,9375000000.0,126,2
3tier_os4,16,71,8,0.008099999999999979,0.0056021312556521746,0.4458782970905264,11979166666.666666,239,3
2tier,16,71,1,0.005399999999999995,0.00536870912,0.005828380584715909,12500000000.0,32,1
2tier,16,71,2,0.008099999999999979,0.00805306368,0.005828380584714132,8333333333.333333,61,3
2tier,16,71,4,0.005399999999999995,0.00536870912,0.005828380584715909,12500000000.0,107,4
2tier,16,71,8,0.005399999999999995,0.00536870912,0.005828380584715909,12500000000.0,158,5
3tier_nb,64,71,1,0.010749999999999963,0.01073741824,0.0011717677116360736,6250000000.0,116,2
3tier_nb,64,71,2,0.008099999999999979,0.00805306368,0.005828380584714132,8333333333.333333,225,3
3tier_nb,64,71,4,0.008099999999999979,0.007158278826666666,0.1315569281578035,9375000000.0,423,4
3tier_nb,64,71,8,0.005399999999999995,0.00536870912,0.005828380584715909,12500000000.0,746,4
3tier_os2,64,71,1,0.021500000000000102,0.02147483648,0.0011717677116442893,3125000000.0,116,2
3tier_os2,64,71,2,0.01614999999999995,0.012884901888,0.25340496500332743,5208333333.333333,225,3
3tier_os2,64,71,4,0.010749999999999963,0.007158278826666666,0.501757651567454,9375000000.0,423,4
3tier_os2,64,71,8,0.005399999999999995,0.00536870912,0.005828380584715909,12500000000.0,746,4
3tier_os4,64,71,1,0.04295000000000072,0.04294967296,7.614493386709498e-06,1562500000.0,116,2
3tier_os4,64,71,2,0.03225000000000041,0.025769803776,0.251464709639565,2604166666.6666665,225,3
3tier_os4,64,71,4,0.021500000000000102,0.009911462990769232,1.169205496708562,6770833333.333333,423,4
3tier_os4,64,71,8,0.010749999999999963,0.007158278826666666,0.501757651567454,9375000000.0,746,4
2tier,64,71,1,0.01614999999999995,0.01610612736,0.002723972002661945,4166666666.6666665,94,3
2tier,64,71,2,0.010749999999999963,0.01073741824,0.0011717677116360736,6250000000.0,154,4
2tier,64,71,4,0.008099999999999979,0.007158278826666666,0.1315569281578035,9375000000.0,205,6
2tier,64,71,8,0.006749999999999987,0.005684515538823529,0.1874362826347329,11805555555.555555,242,10
3tier_nb,16,75,1,0.010749999999999963,0.01073741824,0.0011717677116360736,6250000000.0,27,2
3tier_nb,16,75,2,0.005399999999999995,0.00536870912,0.005828380584715909,12500000000.0,54,2
3tier_nb,16,75,4,0.005399999999999995,0.00536870912,0.005828380584715909,12500000000.0,108,2
3tier_nb,16,75,8,0.005399999999999995,0.00536870912,0.005828380584715909,12500000000.0,199,2
3tier_os2,16,75,1,0.021500000000000102,0.02147483648,0.0011717677116442893,3125000000.0,27,2
3tier_os2,16,75,2,0.010749999999999963,0.007158278826666666,0.501757651567454,9375000000.0,54,2
3tier_os2,16,75,4,0.005399999999999995,0.00536870912,0.005828380584715909,12500000000.0,108,2
3tier_os2,16,75,8,0.005399999999999995,0.00536870912,0.005828380584715909,12500000000.0,199,2
3tier_os4,16,75,1,0.04295000000000072,0.04294967296,7.614493386709498e-06,1562500000.0,27,2
3tier_os4,16,75,2,0.021500000000000102,0.014316557653333332,0.5017576515674664,4687500000.0,54,2
3tier_os4,16,75,4,0.010749999999999963,0.007158278826666666,0.501757651567454,9375000000.0,108,2
3tier_os4,16,75,8,0.005399999999999995,0.00536870912,0.005828380584715909,12500000000.0,199,2
2tier,16,75,1,0.005399999999999995,0.00536870912,0.005828380584715909,12500000000.0,26,1
2tier,16,75,2,0.005399999999999995,0.00536870912,0.005828380584715909,12500000000.0,47,2
2tier,16,75,4,0.005399999999999995,0.00536870912,0.005828380584715909,12500000000.0,79,4
2tier,16,75,8,0.005399999999999995,0.00536870912,0.005828380584715909,12500000000.0,119,5
3tier_nb,64,75,1,0.010749999999999963,0.01073741824,0.0011717677116360736,6250000000.0,114,2
3tier_nb,64,75,2,0.008099999999999979,0.006442450944,0.25728547573089267,10416666666.666666,224,3
3tier_nb,64,75,4,0.005399999999999995,0.00536870912,0.005828380584715909,12500000000.0,421,3
3tier_nb,64,75,8,0.005399999999999995,0.00536870912,0.005828380584715909,12500000000.0,740,4
3tier_os2,64,75,1,0.021500000000000102,0.02147483648,0.0011717677116442893,3125000000.0,114,2
3tier_os2,64,75,2,0.01614999999999995,0.00805306368,1.005447944005324,8333333333.333333,224,3
3tier_os2,64,75,4,0.008099999999999979,0.006442450944,0.25728547573089267,10416666666.666666,421,3
3tier_os2,64,75,8,0.005399999999999995,0.00536870912,0.005828380584715909,12500000000.0,740,4
3tier_os4,64,75,1,0.04295000000000072,0.04294967296,7.614493386709498e-06,1562500000.0,114,2
3tier_os4,64,75,2,0.03225000000000041,0.01610612736,1.0023435354233041,4166666666.6666665,224,3
3tier_os4,64,75,4,0.01614999999999995,0.00991146299076923,0.629426454504326,6770833333.333334,421,3
3tier_os4,64,75,8,0.010749999999999963,0.0067815273094736835,0.5851886322100903,9895833333.333334,740,4
2tier,64,75,1,0.010749999999999963,0.01073741824,0.0011717677116360736,6250000000.0,102,2
2tier,64,75,2,0.010749999999999963,0.00805306368,0.33489569028218136,8333333333.333333,161,4
2tier,64,75,4,0.008099999999999979,0.007320966981818182,0.10641121864318559,9166666666.666666,217,6
2tier,64,75,8,0.006049999999999991,0.0056845155388235286,0.06429474221335374,11805555555.555557,247,9
3tier_nb,16,72,1,0.005399999999999995,0.00536870912,0.005828380584715909,12500000000.0,32,1
3tier_nb,16,72,2,0.005399999999999995,0.00536870912,0.005828380584715909,12500000000.0,64,1
3tier_nb,16,72,4,0.005399999999999995,0.00536870912,0.005828380584715909,12500000000.0,122,2
3tier_nb,16,72,8,0.005399999999999995,0.00536870912,0.005828380584715909,12500000000.0,236,3
3tier_os2,16,72,1,0.010749999999999963,0.01073741824,0.0011717677116360736,6250000000.0,32,1
3tier_os2,16,72,2,0.005399999999999995,0.00536870912,0.005828380584715909,12500000000.0,64,1
3tier_os2,16,72,4,0.005399999999999995,0.00536870912,0.005828380584715909,12500000000.0,122,2
3tier_os2,16,72,8,0.005399999999999995,0.00536870912,0.005828380584715909,12500000000.0,236,3
3tier_os4,16,72,1,0.021500000000000102,0.02147483648,0.0011717677116442893,3125000000.0,32,1
3tier_os4,16,72,2,0.010749999999999963,0.01073741824,0.0011717677116360736,6250000000.0,64,1
3tier_os4,16,72,4,0.010749999999999963,0.007158278826666666,0.501757651567454,9375000000.0,122,2
3tier_os4,16,72,8,0.008099999999999979,0.005856773585454546,0.3830140233039818,11458333333.333332,236,3
2tier,16,72,1,0.010749999999999963,0.01073741824,0.0011717677116360736,6250000000.0,30,2
2tier,16,72,2,0.005399999999999995,0.00536870912,0.005828380584715909,12500000000.0,52,2
2tier,16,72,4,0.005399999999999995,0.00536870912,0.005828380584715909,12500000000.0,97,3
2tier,16,72,8,0.005399999999999995,0.00536870912,0.005828380584715909,12500000000.0,144,5
3tier_nb,64,72,1,0.010749999999999963,0.01073741824,0.0011717677116360736,6250000000.0,120,2
3tier_nb,64,72,2,0.008099999999999979,0.00805306368,0.005828380584714132,8333333333.333333,229,3
3tier_nb,64,72,4,0.006749999999999987,0.006316128376470588,0.0686926543712596,10625000000.0,434,3
3tier_nb,64,72,8,0.005399999999999995,0.00536870912,0.005828380584715909,12500000000.0,760,4
3tier_os2,64,72,1,0.021500000000000102,0.02147483648,0.0011717677116442893,3125000000.0,120,2
3tier_os2,64,72,2,0.01614999999999995,0.01610612736,0.002723972002661945,4166666666.6666665,229,3
3tier_os2,64,72,4,0.008099999999999979,0.006442450944,0.25728547573089267,10416666666.666666,434,3
3tier_os2,64,72,8,0.005399999999999995,0.00536870912,0.005828380584715909,12500000000.0,760,4
3tier_os4,64,72,1,0.04295000000000072,0.04294967296,7.614493386709498e-06,1562500000.0,120,2
3tier_os4,64,72,2,0.03225000000000041,0.03221225472,0.0011717677116520608,2083333333.3333333,229,3
3tier_os4,64,72,4,0.01614999999999995,0.009911462990769232,0.6294264545043258,6770833333.333333,434,3
3tier_os4,64,72,8,0.010749999999999963,0.007579354051764706,0.41832667092481746,8854166666.666666,760,4
2tier,64,72,1,0.01614999999999995,0.01610612736,0.002723972002661945,4166666666.6666665,95,3
2tier,64,72,2,0.010749999999999963,0.01073741824,0.0011717677116360736,6250000000.0,143,4
2tier,64,72,4,0.009399999999999971,0.007911781861052632,0.1881015130451711,8482142857.142857,207,7
2tier,64,72,8,0.006749999999999987,0.0059652323555555555,0.13155692815780418,11250000000.0,232,10
3tier_nb,16,73,1,0.005399999999999995,0.00536870912,0.005828380584715909,12500000000.0,30,1
3tier_nb,16,73,2,0.005399999999999995,0.00536870912,0.005828380584715909,12500000000.0,58,2
3tier_nb,16,73,4,0.005399999999999995,0.00536870912,0.005828380584715909,12500000000.0,114,2
3tier_nb,16,73,8,0.005399999999999995,0.00536870912,0.005828380584715909,12500000000.0,212,3
3tier_os2,16,73,1,0.010749999999999963,0.01073741824,0.0011717677116360736,6250000000.0,30,1
3tier_os2,16,73,2,0.010749999999999963,0.007158278826666666,0.501757651567454,9375000000.0,58,2
3tier_os2,16,73,4,0.005399999999999995,0.00536870912,0.005828380584715909,12500000000.0,114,2
3tier_os2,16,73,8,0.005399999999999995,0.00536870912,0.005828380584715909,12500000000.0,212,3
3tier_os4,16,73,1,0.021500000000000102,0.02147483648,0.0011717677116442893,3125000000.0,30,1
3tier_os4,16,73,2,0.021500000000000102,0.014316557653333332,0.5017576515674664,4687500000.0,58,2
3tier_os4,16,73,4,0.010749999999999963,0.007158278826666666,0.501757651567454,9375000000.0,114,2
3tier_os4,16,73,8,0.008099999999999979,0.005856773585454546,0.3830140233039818,11458333333.333332,212,3
2tier,16,73,1,0.010749999999999963,0.01073741824,0.0011717677116360736,6250000000.0,27,2
2tier,16,73,2,0.008099999999999979,0.006442450944,0.25728547573089267,10416666666.666666,54,3
2tier,16,73,4,0.006749999999999987,0.006316128376470588,0.0686926543712596,10625000000.0,95,5
2tier,16,73,8,0.006049999999999991,0.005769359054328358,0.048643348945510256,11631944444.444445,140,9
3tier_nb,64,73,1,0.010749999999999963,0.01073741824,0.0011717677116360736,6250000000.0,117,2
3tier_nb,64,73,2,0.008099999999999979,0.00805306368,0.005828380584714132,8333333333.333333,221,3
3tier_nb,64,73,4,0.005399999999999995,0.00536870912,0.005828380584715909,12500000000.0,431,3
3tier_nb,64,73,8,0.005399999999999995,0.00536870912,0.005828380584715909,12500000000.0,753,5
3tier_os2,64,73,1,0.021500000000000102,0.02147483648,0.0011717677116442893,3125000000.0,117,2
3tier_os2,64,73,2,0.01614999999999995,0.01610612736,0.002723972002661945,4166666666.6666665,221,3
3tier_os2,64,73,4,0.008099999999999979,0.006442450944,0.25728547573089267,10416666666.666666,431,3
3tier_os2,64,73,8,0.006749999999999987,0.005651272757894737,0.19442120194434875,11875000000.0,753,5
3tier_os4,64,73,1,0.04295000000000072,0.04294967296,7.614493386709498e-06,1562500000.0,117,2
3tier_os4,64,73,2,0.03225000000000041,0.03221225472,0.0011717677116520608,2083333333.3333333,221,3
3tier_os4,64,73,4,0.01614999999999995,0.01073741824,0.5040859580039931,6250000000.0,431,3
3tier_os4,64,73,8,0.013449999999999946,0.007579354051764706,0.7745575557152358,8854166666.666666,753,5
2tier,64,73,1,0.010749999999999963,0.01073741824,0.0011717677116360736,6250000000.0,112,2
2tier,64,73,2,0.010749999999999963,0.01073741824,0.0011717677116360736,6250000000.0,171,4
2tier,64,73,4,0.009399999999999971,0.00805306368,0.1672576268513961,8333333333.333333,219,7
2tier,64,73,8,0.007399999999999983,0.0067300057344729354,0.09955329786647171,9971590909.090908,247,11
3tier_nb,16,78,1,0.010749999999999963,0.01073741824,0.0011717677116360736,6250000000.0,29,2
3tier_nb,16,78,2,0.005399999999999995,0.00536870912,0.005828380584715909,12500000000.0,59,2
3tier_nb,16,78,4,0.005399999999999995,0.00536870912,0.005828380584715909,12500000000.0,116,2
3tier_nb,16,78,8,0.005399999999999995,0.00536870912,0.005828380584715909,12500000000.0,223,3
3tier_os2,16,78,1,0.021500000000000102,0.02147483648,0.0011717677116442893,3125000000.0,29,2
3tier_os2,16,78,2,0.010749999999999963,0.007158278826666666,0.501757651567454,9375000000.0,59,2
3tier_os2,16,78,4,0.005399999999999995,0.00536870912,0.005828380584715909,12500000000.0,116,2
3tier_os2,16,78,8,0.005399999999999995,0.00536870912,0.005828380584715909,12500000000.0,223,3
3tier_os4,16,78,1,0.04295000000000072,0.04294967296,7.614493386709498e-06,1562500000.0,29,2
3tier_os4,16,78,2,0.021500000000000102,0.014316557653333332,0.5017576515674664,4687500000.0,59,2
3tier_os4,16,78,4,0.010749999999999963,0.008589934592,0.25146470963954504,7812500000.0,116,2
3tier_os4,16,78,8,0.008099999999999979,0.005856773585454545,0.38301402330398204,11458333333.333334,223,3
2tier,16,78,1,0.010749999999999963,0.01073741824,0.0011717677116360736,6250000000.0,29,2
2tier,16,78,2,0.008099999999999979,0.006442450944,0.25728547573089267,10416666666.666666,52,3
2tier,16,78,4,0.005399999999999995,0.00536870912,0.005828380584715909,12500000000.0,82,4
2tier,16,78,8,0.005399999999999995,0.00536870912,0.005828380584715909,12500000000.0,118,7
3tier_nb,64,78,1,0.010749999999999963,0.01073741824,0.0011717677116360736,6250000000.0,116,2
3tier_nb,64,78,2,0.008099999999999979,0.00805306368,0.005828380584714132,8333333333.333333,223,2
3tier_nb,64,78,4,0.005399999999999995,0.00536870912,0.005828380584715909,12500000000.0,425,3
3tier_nb,64,78,8,0.005399999999999995,0.00536870912,0.005828380584715909,12500000000.0,738,4
3tier_os2,64,78,1,0.021500000000000102,0.02147483648,0.0011717677116442893,3125000000.0,116,2
3tier_os2,64,78,2,0.010749999999999963,0.01073741824,0.0011717677116360736,6250000000.0,223,2
3tier_os2,64,78,4,0.008099999999999979,0.005856773585454546,0.3830140233039818,11458333333.333332,425,3
3tier_os2,64,78,8,0.005399999999999995,0.00536870912,0.005828380584715909,12500000000.0,738,4
3tier_os4,64,78,1,0.04295000000000072,0.04294967296,7.614493386709498e-06,1562500000.0,116,2
3tier_os4,64,78,2,0.021500000000000102,0.02147483648,0.0011717677116442893,3125000000.0,223,2
3tier_os4,64,78,4,0.01614999999999995,0.01073741824,0.5040859580039931,6250000000.0,425,3
3tier_os4,64,78,8,0.010749999999999963,0.006781527309473685,0.5851886322100899,9895833333.333332,738,4
2tier,64,78,1,0.01614999999999995,0.01610612736,0.002723972002661945,4166666666.6666665,101,3
2tier,64,78,2,0.013449999999999946,0.0134217728,0.002103090286250886,5000000000.0,159,5
2tier,64,78,4,0.009399999999999971,0.007911781861052632,0.1881015130451711,8482142857.142858,221,7
2tier,64,78,8,0.009399999999999971,0.007911781861052633,0.18810151304517087,8482142857.142856,249,14
3tier_nb,16,76,1,0.005399999999999995,0.00536870912,0.005828380584715909,12500000000.0,32,1
3tier_nb,16,76,2,0.005399999999999995,0.00536870912,0.005828380584715909,12500000000.0,63,2
3tier_nb,16,76,4,0.005399999999999995,0.00536870912,0.005828380584715909,12500000000.0,121,3
3tier_nb,16,76,8,0.005399999999999995,0.00536870912,0.005828380584715909,12500000000.0,226,3
3tier_os2,16,76,1,0.010749999999999963,0.01073741824,0.0011717677116360736,6250000000.0,32,1
3tier_os2,16,76,2,0.010749999999999963,0.007158278826666666,0.501757651567454,9375000000.0,63,2
3tier_os2,16,76,4,0.008099999999999979,0.006442450944,0.25728547573089267,10416666666.666666,121,3
3tier_os2,16,76,8,0.005399999999999995,0.00536870912,0.005828380584715909,12500000000.0,226,3
3tier_os4,16,76,1,0.021500000000000102,0.02147483648,0.0011717677116442893,3125000000.0,32,1
3tier_os4,16,76,2,0.021500000000000102,0.014316557653333332,0.5017576515674664,4687500000.0,63,2
3tier_os4,16,76,4,0.01614999999999995,0.009911462990769232,0.6294264545043258,6770833333.333333,121,3
3tier_os4,16,76,8,0.008099999999999979,0.005856773585454546,0.3830140233039818,11458333333.333332,226,3
2tier,16,76,1,0.010749999999999963,0.01073741824,0.0011717677116360736,6250000000.0,29,2
2tier,16,76,2,0.005399999999999995,0.00536870912,0.005828380584715909,12500000000.0,58,2
2tier,16,76,4,0.005399999999999995,0.00536870912,0.005828380584715909,12500000000.0,95,3
2tier,16,76,8,0.005399999999999995,0.00536870912,0.005828380584715909,12500000000.0,147,5
3tier_nb,64,76,1,0.010749999999999963,0.01073741824,0.0011717677116360736,6250000000.0,116,2
3tier_nb,64,76,2,0.008099999999999979,0.00805306368,0.005828380584714132,8333333333.333333,229,2
3tier_nb,64,76,4,0.005399999999999995,0.00536870912,0.005828380584715909,12500000000.0,428,3
3tier_nb,64,76,8,0.005399999999999995,0.00536870912,0.005828380584715909,12500000000.0,746,4
3tier_os2,64,76,1,0.021500000000000102,0.02147483648,0.0011717677116442893,3125000000.0,116,2
3tier_os2,64,76,2,0.010749999999999963,0.01073741824,0.0011717677116360736,6250000000.0,229,2
3tier_os2,64,76,4,0.008099999999999979,0.006442450944,0.25728547573089267,10416666666.666666,428,3
3tier_os2,64,76,8,0.005399999999999995,0.00536870912,0.005828380584715909,12500000000.0,746,4
3tier_os4,64,76,1,0.04295000000000072,0.04294967296,7.614493386709498e-06,1562500000.0,116,2
3tier_os4,64,76,2,0.021500000000000102,0.02147483648,0.0011717677116442893,3125000000.0,229,2
3tier_os4,64,76,4,0.01614999999999995,0.01073741824,0.5040859580039931,6250000000.0,428,3
3tier_os4,64,76,8,0.010749999999999963,0.007809031447272728,0.3766111806034993,8593750000.0,746,4
2tier,64,76,1,0.01614999999999995,0.01610612736,0.002723972002661945,4166666666.6666665,106,3
2tier,64,76,2,0.013449999999999946,0.0134217728,0.002103090286250886,5000000000.0,159,5
2tier,64,76,4,0.012099999999999955,0.009203501348571426,0.3147170344988459,7291666666.666668,217,9
2tier,64,76,8,0.010099999999999967,0.007618422887083079,0.3257337049541269,8808760683.760685,247,15
3tier_nb,16,74,1,0.010749999999999963,0.01073741824,0.0011717677116360736,6250000000.0,31,2
3tier_nb,16,74,2,0.005399999999999995,0.00536870912,0.005828380584715909,12500000000.0,62,2
3tier_nb,16,74,4,0.005399999999999995,0.00536870912,0.005828380584715909,12500000000.0,123,3
3tier_nb,16,74,8,0.005399999999999995,0.00536870912,0.005828380584715909,12500000000.0,233,3
3tier_os2,16,74,1,0.021500000000000102,0.02147483648,0.0011717677116442893,3125000000.0,31,2
3tier_os2,16,74,2,0.010749999999999963,0.007158278826666666,0.501757651567454,9375000000.0,62,2
3tier_os2,16,74,4,0.008099999999999979,0.006442450944,0.25728547573089267,10416666666.666666,123,3
3tier_os2,16,74,8,0.005399999999999995,0.00536870912,0.005828380584715909,12500000000.0,233,3
3tier_os4,16,74,1,0.04295000000000072,0.04294967296,7.614493386709498e-06,1562500000.0,31,2
3tier_os4,16,74,2,0.021500000000000102,0.014316557653333332,0.5017576515674664,4687500000.0,62,2
3tier_os4,16,74,4,0.01614999999999995,0.00805306368,1.005447944005324,8333333333.333333,123,3
3tier_os4,16,74,8,0.008099999999999979,0.005856773585454546,0.3830140233039818,11458333333.333332,233,3
2tier,16,74,1,0.010749999999999963,0.01073741824,0.0011717677116360736,6250000000.0,29,2
2tier,16,74,2,0.010749999999999963,0.01073741824,0.0011717677116360736,6250000000.0,50,4
2tier,16,74,4,0.005399999999999995,0.00536870912,0.005828380584715909,12500000000.0,99,4
2tier,16,74,8,0.005399999999999995,0.00536870912,0.005828380584715909,12500000000.0,143,6
3tier_nb,64,74,1,0.010749999999999963,0.01073741824,0.0011717677116360736,6250000000.0,120,2
3tier_nb,64,74,2,0.008099999999999979,0.00805306368,0.005828380584714132,8333333333.333333,231,2
3tier_nb,64,74,4,0.005399999999999995,0.00536870912,0.005828380584715909,12500000000.0,437,3
3tier_nb,64,74,8,0.005399999999999995,0.00536870912,0.005828380584715909,12500000000.0,765,5
3tier_os2,64,74,1,0.021500000000000102,0.02147483648,0.0011717677116442893,3125000000.0,120,2
3tier_os2,64,74,2,0.010749999999999963,0.01073741824,0.0011717677116360736,6250000000.0,231,2
3tier_os2,64,74,4,0.008099999999999979,0.006442450944,0.25728547573089267,10416666666.666666,437,3
3tier_os2,64,74,8,0.006749999999999987,0.005651272757894737,0.19442120194434875,11875000000.0,765,5
3tier_os4,64,74,1,0.04295000000000072,0.04294967296,7.614493386709498e-06,1562500000.0,120,2
3tier_os4,64,74,2,0.021500000000000102,0.02147483648,0.0011717677116442893,3125000000.0,231,2
3tier_os4,64,74,4,0.01614999999999995,0.00991146299076923,0.629426454504326,6770833333.333334,437,3
3tier_os4,64,74,8,0.013449999999999946,0.0067108864,1.0042061805725018,10000000000.0,765,5
2tier,64,74,1,0.01614999999999995,0.01610612736,0.002723972002661945,4166666666.6666665,102,3
2tier,64,74,2,0.01614999999999995,0.01610612736,0.002723972002661945,4166666666.6666665,162,6
2tier,64,74,4,0.009399999999999971,0.007320966981818182,0.28398338953653557,9166666666.666666,218,7
2tier,64,74,8,0.008749999999999975,0.007067667702278481,0.23803217250566866,9495192307.692308,250,13
3tier_nb,16,77,1,0.005399999999999995,0.00536870912,0.005828380584715909,12500000000.0,30,1
3tier_nb,16,77,2,0.005399999999999995,0.00536870912,0.005828380584715909,12500000000.0,58,2
3tier_nb,16,77,4,0.005399999999999995,0.00536870912,0.005828380584715909,12500000000.0,111,2
3tier_nb,16,77,8,0.005399999999999995,0.00536870912,0.005828380584715909,12500000000.0,205,3
3tier_os2,16,77,1,0.010749999999999963,0.01073741824,0.0011717677116360736,6250000000.0,30,1
3tier_os2,16,77,2,0.010749999999999963,0.01073741824,0.0011717677116360736,6250000000.0,58,2
3tier_os2,16,77,4,0.005399999999999995,0.00536870912,0.005828380584715909,12500000000.0,111,2
3tier_os2,16,77,8,0.005399999999999995,0.00536870912,0.005828380584715909,12500000000.0,205,3
3tier_os4,16,77,1,0.021500000000000102,0.02147483648,0.0011717677116442893,3125000000.0,30,1
3tier_os4,16,77,2,0.021500000000000102,0.02147483648,0.0011717677116442893,3125000000.0,58,2
3tier_os4,16,77,4,0.010749999999999963,0.007158278826666666,0.501757651567454,9375000000.0,111,2
3tier_os4,16,77,8,0.008099999999999979,0.005856773585454546,0.3830140233039818,11458333333.333332,205,3
2tier,16,77,1,0.010749999999999963,0.01073741824,0.0011717677116360736,6250000000.0,28,2
2tier,16,77,2,0.008099999999999979,0.00805306368,0.005828380584714132,8333333333.333333,51,3
2tier,16,77,4,0.005399999999999995,0.00536870912,0.005828380584715909,12500000000.0,82,4
2tier,16,77,8,0.005399999999999995,0.00536870912,0.005828380584715909,12500000000.0,119,5
3tier_nb,64,77,1,0.010749999999999963,0.01073741824,0.0011717677116360736,6250000000.0,117,2
3tier_nb,64,77,2,0.008099999999999979,0.00805306368,0.005828380584714132,8333333333.333333,225,2
3tier_nb,64,77,4,0.005399999999999995,0.00536870912,0.005828380584715909,12500000000.0,421,3
3tier_nb,64,77,8,0.005399999999999995,0.00536870912,0.005828380584715909,12500000000.0,729,4
3tier_os2,64,77,1,0.021500000000000102,0.02147483648,0.0011717677116442893,3125000000.0,117,2
3tier_os2,64,77,2,0.010749999999999963,0.01073741824,0.0011717677116360736,6250000000.0,225,2
3tier_os2,64,77,4,0.008099999999999979,0.006442450944,0.25728547573089267,10416666666.666666,421,3
3tier_os2,64,77,8,0.005399999999999995,0.00536870912,0.005828380584715909,12500000000.0,729,4
3tier_os4,64,77,1,0.04295000000000072,0.04294967296,7.614493386709498e-06,1562500000.0,117,2
3tier_os4,64,77,2,0.021500000000000102,0.02147483648,0.0011717677116442893,3125000000.0,225,2
3tier_os4,64,77,4,0.01614999999999995,0.00991146299076923,0.629426454504326,6770833333.333334,421,3
3tier_os4,64,77,8,0.010749999999999963,0.006964811831351352,0.5434731418887719,9635416666.666666,729,4
2tier,64,77,1,0.01614999999999995,0.01610612736,0.002723972002661945,4166666666.6666665,101,3
2tier,64,77,2,0.013449999999999946,0.01073741824,0.2526288628578137,6250000000.0,161,5
2tier,64,77,4,0.009399999999999971,0.007158278826666666,0.3131648302078207,9375000000.0,215,7
2tier,64,77,8,0.007399999999999983,0.006234629945806452,0.18691888120439049,10763888888.88889,249,11
3tier_nb,16,79,1,0.005399999999999995,0.00536870912,0.005828380584715909,12500000000.0,28,1
3tier_nb,16,79,2,0.005399999999999995,0.00536870912,0.005828380584715909,12500000000.0,56,1
3tier_nb,16,79,4,0.005399999999999995,0.00536870912,0.005828380584715909,12500000000.0,108,2
3tier_nb,16,79,8,0.005399999999999995,0.00536870912,0.005828380584715909,12500000000.0,210,2
3tier_os2,16,79,1,0.010749999999999963,0.01073741824,0.0011717677116360736,6250000000.0,28,1
3tier_os2,16,79,2,0.005399999999999995,0.00536870912,0.005828380584715909,12500000000.0,56,1
3tier_os2,16,79,4,0.005399999999999995,0.00536870912,0.005828380584715909,12500000000.0,108,2
3tier_os2,16,79,8,0.005399999999999995,0.00536870912,0.005828380584715909,12500000000.0,210,2
3tier_os4,16,79,1,0.021500000000000102,0.02147483648,0.0011717677116442893,3125000000.0,28,1
3tier_os4,16,79,2,0.010749999999999963,0.01073741824,0.0011717677116360736,6250000000.0,56,1
3tier_os4,16,79,4,0.010749999999999963,0.007158278826666666,0.501757651567454,9375000000.0,108,2
3tier_os4,16,79,8,0.005399999999999995,0.00536870912,0.005828380584715909,12500000000.0,210,2
2tier,16,79,1,0.005399999999999995,0.00536870912,0.005828380584715909,12500000000.0,28,1
2tier,16,79,2,0.005399999999999995,0.00536870912,0.005828380584715909,12500000000.0,48,2
2tier,16,79,4,0.005399999999999995,0.00536870912,0.005828380584715909,12500000000.0,70,4
2tier,16,79,8,0.005399999999999995,0.00536870912,0.005828380584715909,12500000000.0,116,7
3tier_nb,64,79,1,0.010749999999999963,0.01073741824,0.0011717677116360736,6250000000.0,116,2
3tier_nb,64,79,2,0.008099999999999979,0.00805306368,0.005828380584714132,8333333333.333333,230,2
3tier_nb,64,79,4,0.005399999999999995,0.00536870912,0.005828380584715909,12500000000.0,415,3
3tier_nb,64,79,8,0.005399999999999995,0.00536870912,0.005828380584715909,12500000000.0,734,4
3tier_os2,64,79,1,0.021500000000000102,0.02147483648,0.0011717677116442893,3125000000.0,116,2
3tier_os2,64,79,2,0.010749999999999963,0.00920350134857143,0.1680337289969085,7291666666.666666,230,2
3tier_os2,64,79,4,0.008099999999999979,0.006442450944,0.25728547573089267,10416666666.666666,415,3
3tier_os2,64,79,8,0.005399999999999995,0.00536870912,0.005828380584715909,12500000000.0,734,4
3tier_os4,64,79,1,0.04295000000000072,0.04294967296,7.614493386709498e-06,1562500000.0,116,2
3tier_os4,64,79,2,0.021500000000000102,0.014316557653333332,0.5017576515674664,4687500000.0,230,2
3tier_os4,64,79,4,0.01614999999999995,0.009911462990769232,0.6294264545043258,6770833333.333333,415,3
3tier_os4,64,79,8,0.010749999999999963,0.0073628010788571435,0.4600421612461356,9114583333.333332,734,4
2tier,64,79,1,0.01614999999999995,0.01610612736,0.002723972002661945,4166666666.6666665,106,3
2tier,64,79,2,0.010749999999999963,0.01073741824,0.0011717677116360736,6250000000.0,163,4
2tier,64,79,4,0.009399999999999971,0.006853671217021277,0.3715277115503903,9791666666.666666,226,7
2tier,64,79,8,0.008099999999999979,0.006664604424827585,0.21537595987319658,10069444444.444447,248,12
3tier_nb,16,80,1,0.010749999999999963,0.01073741824,0.0011717677116360736,6250000000.0,31,2
3tier_nb,16,80,2,0.005399999999999995,0.00536870912,0.005828380584715909,12500000000.0,63,2
3tier_nb,16,80,4,0.005399999999999995,0.00536870912,0.005828380584715909,12500000000.0,124,2
3tier_nb,16,80,8,0.005399999999999995,0.00536870912,0.005828380584715909,12500000000.0,241,3
3tier_os2,16,80,1,0.021500000000000102,0.02147483648,0.0011717677116442893,3125000000.0,31,2
3tier_os2,16,80,2,0.010749999999999963,0.007158278826666666,0.501757651567454,9375000000.0,63,2
3tier_os2,16,80,4,0.005399999999999995,0.00536870912,0.005828380584715909,12500000000.0,124,2
3tier_os2,16,80,8,0.005399999999999995,0.00536870912,0.005828380584715909,12500000000.0,241,3
3tier_os4,16,80,1,0.04295000000000072,0.04294967296,7.614493386709498e-06,1562500000.0,31,2
3tier_os4,16,80,2,0.021500000000000102,0.014316557653333332,0.5017576515674664,4687500000.0,63,2
3tier_os4,16,80,4,0.010749999999999963,0.007158278826666666,0.501757651567454,9375000000.0,124,2
3tier_os4,16,80,8,0.008099999999999979,0.006135667565714285,0.32014974951743747,10937500000.0,241,3
2tier,16,80,1,0.010749999999999963,0.01073741824,0.0011717677116360736,6250000000.0,31,2
2tier,16,80,2,0.005399999999999995,0.00536870912,0.005828380584715909,12500000000.0,61,2
2tier,16,80,4,0.005399999999999995,0.00536870912,0.005828380584715909,12500000000.0,100,3
2tier,16,80,8,0.005399999999999995,0.00536870912,0.005828380584715909,12500000000.0,157,4
3tier_nb,64,80,1,0.01614999999999995,0.01610612736,0.002723972002661945,4166666666.6666665,124,2
3tier_nb,64,80,2,0.008099999999999979,0.006442450944,0.25728547573089267,10416666666.666666,240,2
3tier_nb,64,80,4,0.005399999999999995,0.00536870912,0.005828380584715909,12500000000.0,444,3
3tier_nb,64,80,8,0.005399999999999995,0.00536870912,0.005828380584715909,12500000000.0,779,4
3tier_os2,64,80,1,0.021500000000000102,0.02147483648,0.0011717677116442893,3125000000.0,124,2
3tier_os2,64,80,2,0.010749999999999963,0.01073741824,0.0011717677116360736,6250000000.0,240,2
3tier_os2,64,80,4,0.008099999999999979,0.005856773585454546,0.3830140233039818,11458333333.333332,444,3
3tier_os2,64,80,8,0.005399999999999995,0.00536870912,0.005828380584715909,12500000000.0,779,4
3tier_os4,64,80,1,0.04295000000000072,0.04294967296,7.614493386709498e-06,1562500000.0,124,2
3tier_os4,64,80,2,0.021500000000000102,0.02147483648,0.0011717677116442893,3125000000.0,240,2
3tier_os4,64,80,4,0.01614999999999995,0.011713547170909092,0.3787454615036603,5729166666.666666,444,3
3tier_os4,64,80,8,0.010749999999999963,0.006442450944,0.6686196128527264,10416666666.666666,779,4
2tier,64,80,1,0.01614999999999995,0.01610612736,0.002723972002661945,4166666666.6666665,99,3
2tier,64,80,2,0.013449999999999946,0.0134217728,0.002103090286250886,5000000000.0,158,5
2tier,64,80,4,0.008099999999999979,0.0067108864,0.20699405670165705,10000000000.0,214,6
2tier,64,80,8,0.006749999999999987,0.0059652323555555555,0.13155692815780418,11250000000.0,249,10
3tier_nb,16,81,1,0.005399999999999995,0.00536870912,0.005828380584715909,12500000000.0,32,1
3tier_nb,16,81,2,0.005399999999999995,0.00536870912,0.005828380584715909,12500000000.0,63,2
3tier_nb,16,81,4,0.005399999999999995,0.00536870912,0.005828380584715909,12500000000.0,122,2
3tier_nb,16,81,8,0.005399999999999995,0.00536870912,0.005828380584715909,12500000000.0,235,2
3tier_os2,16,81,1,0.010749999999999963,0.01073741824,0.0011717677116360736,6250000000.0,32,1
3tier_os2,16,81,2,0.010749999999999963,0.007158278826666666,0.501757651567454,9375000000.0,63,2
3tier_os2,16,81,4,0.005399999999999995,0.00536870912,0.005828380584715909,12500000000.0,122,2
3tier_os2,16,81,8,0.005399999999999995,0.00536870912,0.005828380584715909,12500000000.0,235,2
3tier_os4,16,81,1,0.021500000000000102,0.02147483648,0.0011717677116442893,3125000000.0,32,1
3tier_os4,16,81,2,0.021500000000000102,0.014316557653333332,0.5017576515674664,4687500000.0,63,2
3tier_os4,16,81,4,0.010749999999999963,0.008589934592,0.25146470963954504,7812500000.0,122,2
3tier_os4,16,81,8,0.005399999999999995,0.00536870912,0.005828380584715909,12500000000.0,235,2
2tier,16,81,1,0.005399999999999995,0.00536870912,0.005828380584715909,12500000000.0,32,1
2tier,16,81,2,0.008099999999999979,0.00805306368,0.005828380584714132,8333333333.333333,57,3
2tier,16,81,4,0.005399999999999995,0.00536870912,0.005828380584715909,12500000000.0,96,4
2tier,16,81,8,0.005399999999999995,0.00536870912,0.005828380584715909,12500000000.0,148,6
3tier_nb,64,81,1,0.010749999999999963,0.01073741824,0.0011717677116360736,6250000000.0,121,2
3tier_nb,64,81,2,0.010749999999999963,0.01073741824,0.0011717677116360736,6250000000.0,232,2
3tier_nb,64,81,4,0.006749999999999987,0.0059652323555555555,0.13155692815780418,11250000000.0,437,3
3tier_nb,64,81,8,0.005399999999999995,0.00536870912,0.005828380584715909,12500000000.0,759,5
3tier_os2,64,81,1,0.021500000000000102,0.02147483648,0.0011717677116442893,3125000000.0,121,2
3tier_os2,64,81,2,0.010749999999999963,0.01073741824,0.0011717677116360736,6250000000.0,232,2
3tier_os2,64,81,4,0.008099999999999979,0.006573929534693877,0.23213976621627497,10208333333.333334,437,3
3tier_os2,64,81,8,0.006749999999999987,0.005651272757894737,0.19442120194434875,11875000000.0,759,5
3tier_os4,64,81,1,0.04295000000000072,0.04294967296,7.614493386709498e-06,1562500000.0,121,2
3tier_os4,64,81,2,0.021500000000000102,0.02147483648,0.0011717677116442893,3125000000.0,232,2
3tier_os4,64,81,4,0.01614999999999995,0.00920350134857143,0.7547669510046584,7291666666.666666,437,3
3tier_os4,64,81,8,0.013449999999999946,0.007624202300591717,0.7641189818580871,8802083333.333332,759,5
2tier,64,81,1,0.01614999999999995,0.01610612736,0.002723972002661945,4166666666.6666665,96,3
2tier,64,81,2,0.010749999999999963,0.00920350134857143,0.1680337289969085,7291666666.666666,160,4
2tier,64,81,4,0.006749999999999987,0.006316128376470588,0.0686926543712596,10625000000.0,213,5
2tier,64,81,8,0.007399999999999983,0.006171288277271408,0.19910133306425948,10874368686.868687,246,11
3tier_nb,16,82,1,0.005399999999999995,0.00536870912,0.005828380584715909,12500000000.0,32,1
3tier_nb,16,82,2,0.005399999999999995,0.00536870912,0.005828380584715909,12500000000.0,63,2
3tier_nb,16,82,4,0.005399999999999995,0.00536870912,0.005828380584715909,12500000000.0,127,2
3tier_nb,16,82,8,0.005399999999999995,0.00536870912,0.005828380584715909,12500000000.0,242,3
3tier_os2,16,82,1,0.010749999999999963,0.01073741824,0.0011717677116360736,6250000000.0,32,1
3tier_os2,16,82,2,0.010749999999999963,0.007158278826666666,0.501757651567454,9375000000.0,63,2
3tier_os2,16,82,4,0.005399999999999995,0.00536870912,0.005828380584715909,12500000000.0,127,2
3tier_os2,16,82,8,0.005399999999999995,0.00536870912,0.005828380584715909,12500000000.0,242,3
3tier_os4,16,82,1,0.021500000000000102,0.02147483648,0.0011717677116442893,3125000000.0,32,1
3tier_os4,16,82,2,0.021500000000000102,0.014316557653333332,0.5017576515674664,4687500000.0,63,2
3tier_os4,16,82,4,0.010749999999999963,0.006135667565714285,0.752050593495363,10937500000.0,127,2
3tier_os4,16,82,8,0.008099999999999979,0.006135667565714287,0.320149749517437,10937499999.999998,242,3
2tier,16,82,1,0.005399999999999995,0.00536870912,0.005828380584715909,12500000000.0,32,1
2tier,16,82,2,0.005399999999999995,0.00536870912,0.005828380584715909,12500000000.0,60,2
2tier,16,82,4,0.005399999999999995,0.00536870912,0.005828380584715909,12500000000.0,101,3
2tier,16,82,8,0.005399999999999995,0.00536870912,0.005828380584715909,12500000000.0,143,6
3tier_nb,64,82,1,0.010749999999999963,0.01073741824,0.0011717677116360736,6250000000.0,124,2
3tier_nb,64,82,2,0.008099999999999979,0.00805306368,0.005828380584714132,8333333333.333333,241,2
3tier_nb,64,82,4,0.005399999999999995,0.00536870912,0.005828380584715909,12500000000.0,449,3
3tier_nb,64,82,8,0.005399999999999995,0.00536870912,0.005828380584715909,12500000000.0,762,4
3tier_os2,64,82,1,0.021500000000000102,0.02147483648,0.0011717677116442893,3125000000.0,124,2
3tier_os2,64,82,2,0.010749999999999963,0.01073741824,0.0011717677116360736,6250000000.0,241,2
3tier_os2,64,82,4,0.008099999999999979,0.006442450944,0.25728547573089267,10416666666.666666,449,3
3tier_os2,64,82,8,0.005399999999999995,0.00536870912,0.005828380584715909,12500000000.0,762,4
3tier_os4,64,82,1,0.04295000000000072,0.04294967296,7.614493386709498e-06,1562500000.0,124,2
3tier_os4,64,82,2,0.021500000000000102,0.02147483648,0.0011717677116442893,3125000000.0,241,2
3tier_os4,64,82,4,0.01614999999999995,0.009911462990769232,0.6294264545043258,6770833333.333333,449,3
3tier_os4,64,82,8,0.010749999999999963,0.007809031447272728,0.3766111806034993,8593750000.0,762,4
2tier,64,82,1,0.021500000000000102,0.02147483648,0.0011717677116442893,3125000000.0,97,4
2tier,64,82,2,0.013449999999999946,0.0134217728,0.002103090286250886,5000000000.0,167,5
2tier,64,82,4,0.009399999999999971,0.007320966981818182,0.28398338953653557,9166666666.666666,221,7
2tier,64,82,8,0.008099999999999979,0.006672971787570622,0.21385197747837092,10056818181.81818,245,12
3tier_nb,16,86,1,0.005399999999999995,0.00536870912,0.005828380584715909,12500000000.0,26,1
3tier_nb,16,86,2,0.005399999999999995,0.00536870912,0.005828380584715909,12500000000.0,52,1
3tier_nb,16,86,4,0.005399999999999995,0.00536870912,0.005828380584715909,12500000000.0,98,2
3tier_nb,16,86,8,0.005399999999999995,0.00536870912,0.005828380584715909,12500000000.0,185,3
3tier_os2,16,86,1,0.010749999999999963,0.01073741824,0.0011717677116360736,6250000000.0,26,1
3tier_os2,16,86,2,0.005399999999999995,0.00536870912,0.005828380584715909,12500000000.0,52,1
3tier_os2,16,86,4,0.005399999999999995,0.00536870912,0.005828380584715909,12500000000.0,98,2
3tier_os2,16,86,8,0.005399999999999995,0.00536870912,0.005828380584715909,12500000000.0,185,3
3tier_os4,16,86,1,0.021500000000000102,0.02147483648,0.0011717677116442893,3125000000.0,26,1
3tier_os4,16,86,2,0.010749999999999963,0.01073741824,0.0011717677116360736,6250000000.0,52,1
3tier_os4,16,86,4,0.010749999999999963,0.008589934592,0.25146470963954504,7812500000.0,98,2
3tier_os4,16,86,8,0.008099999999999979,0.005856773585454545,0.38301402330398204,11458333333.333334,185,3
2tier,16,86,1,0.010749999999999963,0.01073741824,0.0011717677116360736,6250000000.0,24,2
2tier,16,86,2,0.008099999999999979,0.00805306368,0.005828380584714132,8333333333.333333,43,3
2tier,16,86,4,0.005399999999999995,0.00536870912,0.005828380584715909,12500000000.0,69,4
2tier,16,86,8,0.005399999999999995,0.00536870912,0.005828380584715909,12500000000.0,119,5
3tier_nb,64,86,1,0.010749999999999963,0.01073741824,0.0011717677116360736,6250000000.0,115,2
3tier_nb,64,86,2,0.008099999999999979,0.00805306368,0.005828380584714132,8333333333.333333,225,2
3tier_nb,64,86,4,0.006749999999999987,0.0067108864,0.0058283805847147985,10000000000.0,426,3
3tier_nb,64,86,8,0.005399999999999995,0.00536870912,0.005828380584715909,12500000000.0,753,4
3tier_os2,64,86,1,0.021500000000000102,0.02147483648,0.0011717677116442893,3125000000.0,115,2
3tier_os2,64,86,2,0.010749999999999963,0.01073741824,0.0011717677116360736,6250000000.0,225,2
3tier_os2,64,86,4,0.008099999999999979,0.0067108864,0.20699405670165705,10000000000.0,426,3
3tier_os2,64,86,8,0.005399999999999995,0.00536870912,0.005828380584715909,12500000000.0,753,4
3tier_os4,64,86,1,0.04295000000000072,0.04294967296,7.614493386709498e-06,1562500000.0,115,2
3tier_os4,64,86,2,0.021500000000000102,0.02147483648,0.0011717677116442893,3125000000.0,225,2
3tier_os4,64,86,4,0.01614999999999995,0.01171354717090909,0.3787454615036603,5729166666.666667,426,3
3tier_os4,64,86,8,0.010749999999999963,0.007158278826666666,0.501757651567454,9375000000.0,753,4
2tier,64,86,1,0.01614999999999995,0.01610612736,0.002723972002661945,4166666666.6666665,89,3
2tier,64,86,2,0.010749999999999963,0.01073741824,0.0011717677116360736,6250000000.0,156,4
2tier,64,86,4,0.008099999999999979,0.007158278826666666,0.1315569281578035,9375000000.0,214,6
2tier,64,86,8,0.007399999999999983,0.006471868528219179,0.14341012456200053,10369318181.81818,239,11
3tier_nb,16,83,1,0.010749999999999963,0.01073741824,0.0011717677116360736,6250000000.0,31,2
3tier_nb,16,83,2,0.005399999999999995,0.00536870912,0.005828380584715909,12500000000.0,60,2
3tier_nb,16,83,4,0.005399999999999995,0.00536870912,0.005828380584715909,12500000000.0,120,2
3tier_nb,16,83,8,0.005399999999999995,0.00536870912,0.005828380584715909,12500000000.0,229,3
3tier_os2,16,83,1,0.021500000000000102,0.02147483648,0.0011717677116442893,3125000000.0,31,2
3tier_os2,16,83,2,0.010749999999999963,0.01073741824,0.0011717677116360736,6250000000.0,60,2
3tier_os2,16,83,4,0.005399999999999995,0.00536870912,0.005828380584715909,12500000000.0,120,2
3tier_os2,16,83,8,0.005399999999999995,0.00536870912,0.005828380584715909,12500000000.0,229,3
3tier_os4,16,83,1,0.04295000000000072,0.04294967296,7.614493386709498e-06,1562500000.0,31,2
3tier_os4,16,83,2,0.021500000000000102,0.02147483648,0.0011717677116442893,3125000000.0,60,2
3tier_os4,16,83,4,0.010749999999999963,0.008589934592,0.25146470963954504,7812500000.0,120,2
3tier_os4,16,83,8,0.008099999999999979,0.006135667565714287,0.320149749517437,10937499999.999998,229,3
2tier,16,83,1,0.010749999999999963,0.01073741824,0.0011717677116360736,6250000000.0,29,2
2tier,16,83,2,0.005399999999999995,0.00536870912,0.005828380584715909,12500000000.0,53,2
2tier,16,83,4,0.005399999999999995,0.00536870912,0.005828380584715909,12500000000.0,89,3
2tier,16,83,8,0.005399999999999995,0.00536870912,0.005828380584715909,12500000000.0,117,7
3tier_nb,64,83,1,0.010749999999999963,0.01073741824,0.0011717677116360736,6250000000.0,116,2
3tier_nb,64,83,2,0.008099999999999979,0.00805306368,0.005828380584714132,8333333333.333333,219,2
3tier_nb,64,83,4,0.005399999999999995,0.00536870912,0.005828380584715909,12500000000.0,412,3
3tier_nb,64,83,8,0.005399999999999995,0.00536870912,0.005828380584715909,12500000000.0,735,4
3tier_os2,64,83,1,0.021500000000000102,0.02147483648,0.0011717677116442893,3125000000.0,116,2
3tier_os2,64,83,2,0.010749999999999963,0.01073741824,0.0011717677116360736,6250000000.0,219,2
3tier_os2,64,83,4,0.008099999999999979,0.006442450944,0.25728547573089267,10416666666.666666,412,3
3tier_os2,64,83,8,0.005399999999999995,0.00536870912,0.005828380584715909,12500000000.0,735,4
3tier_os4,64,83,1,0.04295000000000072,0.04294967296,7.614493386709498e-06,1562500000.0,116,2
3tier_os4,64,83,2,0.021500000000000102,0.02147483648,0.0011717677116442893,3125000000.0,219,2
3tier_os4,64,83,4,0.01614999999999995,0.01073741824,0.5040859580039931,6250000000.0,412,3
3tier_os4,64,83,8,0.010749999999999963,0.007809031447272728,0.3766111806034993,8593750000.0,735,4
2tier,64,83,1,0.021500000000000102,0.02147483648,0.0011717677116442893,3125000000.0,88,4
2tier,64,83,2,0.013449999999999946,0.0134217728,0.002103090286250886,5000000000.0,150,5
2tier,64,83,4,0.010749999999999963,0.008589934592,0.25146470963954504,7812500000.0,213,8
2tier,64,83,8,0.008099999999999979,0.006442450944,0.25728547573089267,10416666666.666666,247,12
3tier_nb,16,84,1,0.010749999999999963,0.01073741824,0.0011717677116360736,6250000000.0,29,2
3tier_nb,16,84,2,0.008099999999999979,0.00805306368,0.005828380584714132,8333333333.333333,59,3
3tier_nb,16,84,4,0.005399999999999995,0.00536870912,0.005828380584715909,12500000000.0,121,3
3tier_nb,16,84,8,0.005399999999999995,0.00536870912,0.005828380584715909,12500000000.0,234,3
3tier_os2,16,84,1,0.021500000000000102,0.02147483648,0.0011717677116442893,3125000000.0,29,2
3tier_os2,16,84,2,0.01614999999999995,0.01610612736,0.002723972002661945,4166666666.6666665,59,3
3tier_os2,16,84,4,0.008099999999999979,0.006442450944,0.25728547573089267,10416666666.666666,121,3
3tier_os2,16,84,8,0.005399999999999995,0.00536870912,0.005828380584715909,12500000000.0,234,3
3tier_os4,16,84,1,0.04295000000000072,0.04294967296,7.614493386709498e-06,1562500000.0,29,2
3tier_os4,16,84,2,0.03225000000000041,0.03221225472,0.0011717677116520608,2083333333.3333333,59,3
3tier_os4,16,84,4,0.01614999999999995,0.008589934592,0.8801074475049913,7812500000.0,121,3
3tier_os4,16,84,8,0.008099999999999979,0.005856773585454546,0.3830140233039818,11458333333.333332,234,3
2tier,16,84,1,0.005399999999999995,0.00536870912,0.005828380584715909,12500000000.0,30,1
2tier,16,84,2,0.005399999999999995,0.00536870912,0.005828380584715909,12500000000.0,54,2
2tier,16,84,4,0.005399999999999995,0.00536870912,0.005828380584715909,12500000000.0,88,4
2tier,16,84,8,0.005399999999999995,0.00536870912,0.005828380584715909,12500000000.0,124,7
3tier_nb,64,84,1,0.010749999999999963,0.01073741824,0.0011717677116360736,6250000000.0,111,2
3tier_nb,64,84,2,0.008099999999999979,0.00805306368,0.005828380584714132,8333333333.333333,217,3
3tier_nb,64,84,4,0.005399999999999995,0.00536870912,0.005828380584715909,12500000000.0,414,4
3tier_nb,64,84,8,0.005399999999999995,0.00536870912,0.005828380584715909,12500000000.0,712,5
3tier_os2,64,84,1,0.021500000000000102,0.02147483648,0.0011717677116442893,3125000000.0,111,2
3tier_os2,64,84,2,0.01614999999999995,0.01610612736,0.002723972002661945,4166666666.6666665,217,3
3tier_os2,64,84,4,0.010749999999999963,0.007158278826666666,0.501757651567454,9375000000.0,414,4
3tier_os2,64,84,8,0.006749999999999987,0.005506368328205128,0.22585333883762115,12187500000.0,712,5
3tier_os4,64,84,1,0.04295000000000072,0.04294967296,7.614493386709498e-06,1562500000.0,111,2
3tier_os4,64,84,2,0.03225000000000041,0.03221225472,0.0011717677116520608,2083333333.3333333,217,3
3tier_os4,64,84,4,0.021500000000000102,0.01227133513142857,0.7520505934953774,5468750000.0,414,4
3tier_os4,64,84,8,0.013449999999999946,0.007079616421978021,0.8998204420010176,9479166666.666668,712,5
2tier,64,84,1,0.01614999999999995,0.01610612736,0.002723972002661945,4166666666.6666665,106,3
2tier,64,84,2,0.013449999999999946,0.0134217728,0.002103090286250886,5000000000.0,162,5
2tier,64,84,4,0.009399999999999971,0.007911781861052632,0.1881015130451711,8482142857.142857,214,7
2tier,64,84,8,0.008099999999999979,0.006573929534693879,0.23213976621627475,10208333333.333332,251,12
3tier_nb,16,89,1,0.005399999999999995,0.00536870912,0.005828380584715909,12500000000.0,30,1
3tier_nb,16,89,2,0.005399999999999995,0.00536870912,0.005828380584715909,12500000000.0,58,2
3tier_nb,16,89,4,0.005399999999999995,0.00536870912,0.005828380584715909,12500000000.0,115,2
3tier_nb,16,89,8,0.005399999999999995,0.00536870912,0.005828380584715909,12500000000.0,225,2
3tier_os2,16,89,1,0.010749999999999963,0.01073741824,0.0011717677116360736,6250000000.0,30,1
3tier_os2,16,89,2,0.010749999999999963,0.01073741824,0.0011717677116360736,6250000000.0,58,2
3tier_os2,16,89,4,0.005399999999999995,0.00536870912,0.005828380584715909,12500000000.0,115,2
3tier_os2,16,89,8,0.005399999999999995,0.00536870912,0.005828380584715909,12500000000.0,225,2
3tier_os4,16,89,1,0.021500000000000102,0.02147483648,0.0011717677116442893,3125000000.0,30,1
3tier_os4,16,89,2,0.021500000000000102,0.02147483648,0.0011717677116442893,3125000000.0,58,2
3tier_os4,16,89,4,0.010749999999999963,0.007158278826666666,0.501757651567454,9375000000.0,115,2
3tier_os4,16,89,8,0.005399999999999995,0.00536870912,0.005828380584715909,12500000000.0,225,2
2tier,16,89,1,0.010749999999999963,0.01073741824,0.0011717677116360736,6250000000.0,28,2
2tier,16,89,2,0.005399999999999995,0.00536870912,0.005828380584715909,12500000000.0,55,2
2tier,16,89,4,0.005399999999999995,0.00536870912,0.005828380584715909,12500000000.0,94,4
2tier,16,89,8,0.005399999999999995,0.00536870912,0.005828380584715909,12500000000.0,131,5
3tier_nb,64,89,1,0.010749999999999963,0.01073741824,0.0011717677116360736,6250000000.0,113,2
3tier_nb,64,89,2,0.008099999999999979,0.00805306368,0.005828380584714132,8333333333.333333,211,3
3tier_nb,64,89,4,0.005399999999999995,0.00536870912,0.005828380584715909,12500000000.0,406,3
3tier_nb,64,89,8,0.005399999999999995,0.00536870912,0.005828380584715909,12500000000.0,725,4
3tier_os2,64,89,1,0.021500000000000102,0.02147483648,0.0011717677116442893,3125000000.0,113,2
3tier_os2,64,89,2,0.01614999999999995,0.01610612736,0.002723972002661945,4166666666.6666665,211,3
3tier_os2,64,89,4,0.008099999999999979,0.006442450944,0.25728547573089267,10416666666.666666,406,3
3tier_os2,64,89,8,0.005399999999999995,0.00536870912,0.005828380584715909,12500000000.0,725,4
3tier_os4,64,89,1,0.04295000000000072,0.04294967296,7.614493386709498e-06,1562500000.0,113,2
3tier_os4,64,89,2,0.03225000000000041,0.03221225472,0.0011717677116520608,2083333333.3333333,211,3
3tier_os4,64,89,4,0.01614999999999995,0.011713547170909092,0.3787454615036603,5729166666.666666,406,3
3tier_os4,64,89,8,0.010749999999999963,0.0067815273094736835,0.5851886322100903,9895833333.333334,725,4
2tier,64,89,1,0.01614999999999995,0.01610612736,0.002723972002661945,4166666666.6666665,104,3
2tier,64,89,2,0.013449999999999946,0.0134217728,0.002103090286250886,5000000000.0,169,5
2tier,64,89,4,0.012099999999999955,0.01073741824,0.12690031528472479,6250000000.0,220,9
2tier,64,89,8,0.009399999999999971,0.007332870993170732,0.28189900091715825,9151785714.285713,252,14
3tier_nb,16,88,1,0.005399999999999995,0.00536870912,0.005828380584715909,12500000000.0,32,1
3tier_nb,16,88,2,0.005399999999999995,0.00536870912,0.005828380584715909,12500000000.0,64,1
3tier_nb,16,88,4,0.005399999999999995,0.00536870912,0.005828380584715909,12500000000.0,124,2
3tier_nb,16,88,8,0.005399999999999995,0.00536870912,0.005828380584715909,12500000000.0,242,3
3tier_os2,16,88,1,0.010749999999999963,0.01073741824,0.0011717677116360736,6250000000.0,32,1
3tier_os2,16,88,2,0.005399999999999995,0.00536870912,0.005828380584715909,12500000000.0,64,1
3tier_os2,16,88,4,0.005399999999999995,0.00536870912,0.005828380584715909,12500000000.0,124,2
3tier_os2,16,88,8,0.005399999999999995,0.00536870912,0.005828380584715909,12500000000.0,242,3
3tier_os4,16,88,1,0.021500000000000102,0.02147483648,0.0011717677116442893,3125000000.0,32,1
3tier_os4,16,88,2,0.010749999999999963,0.01073741824,0.0011717677116360736,6250000000.0,64,1
3tier_os4,16,88,4,0.010749999999999963,0.007158278826666666,0.501757651567454,9375000000.0,124,2
3tier_os4,16,88,8,0.008099999999999979,0.005856773585454546,0.3830140233039818,11458333333.333332,242,3
2tier,16,88,1,0.005399999999999995,0.00536870912,0.005828380584715909,12500000000.0,32,1
2tier,16,88,2,0.005399999999999995,0.00536870912,0.005828380584715909,12500000000.0,60,2
2tier,16,88,4,0.005399999999999995,0.00536870912,0.005828380584715909,12500000000.0,96,3
2tier,16,88,8,0.005399999999999995,0.00536870912,0.005828380584715909,12500000000.0,135,5
3tier_nb,64,88,1,0.010749999999999963,0.01073741824,0.0011717677116360736,6250000000.0,120,2
3tier_nb,64,88,2,0.008099999999999979,0.00805306368,0.005828380584714132,8333333333.333333,230,3
3tier_nb,64,88,4,0.006749999999999987,0.006316128376470588,0.0686926543712596,10625000000.0,428,3
3tier_nb,64,88,8,0.005399999999999995,0.00536870912,0.005828380584715909,12500000000.0,763,4
3tier_os2,64,88,1,0.021500000000000102,0.02147483648,0.0011717677116442893,3125000000.0,120,2
3tier_os2,64,88,2,0.01614999999999995,0.01610612736,0.002723972002661945,4166666666.6666665,230,3
3tier_os2,64,88,4,0.008099999999999979,0.006442450944,0.25728547573089267,10416666666.666666,428,3
3tier_os2,64,88,8,0.005399999999999995,0.00536870912,0.005828380584715909,12500000000.0,763,4
3tier_os4,64,88,1,0.04295000000000072,0.04294967296,7.614493386709498e-06,1562500000.0,120,2
3tier_os4,64,88,2,0.03225000000000041,0.03221225472,0.0011717677116520608,2083333333.3333333,230,3
3tier_os4,64,88,4,0.01614999999999995,0.01073741824,0.5040859580039931,6250000000.0,428,3
3tier_os4,64,88,8,0.010749999999999963,0.007158278826666666,0.501757651567454,9375000000.0,763,4
2tier,64,88,1,0.01614999999999995,0.01610612736,0.002723972002661945,4166666666.6666665,95,3
2tier,64,88,2,0.010749999999999963,0.01073741824,0.0011717677116360736,6250000000.0,149,4
2tier,64,88,4,0.009399999999999971,0.007911781861052632,0.1881015130451711,8482142857.142858,210,7
2tier,64,88,8,0.008749999999999975,0.007067667702278481,0.23803217250566866,9495192307.692308,239,13
3tier_nb,16,85,1,0.005399999999999995,0.00536870912,0.005828380584715909,12500000000.0,30,1
3tier_nb,16,85,2,0.005399999999999995,0.00536870912,0.005828380584715909,12500000000.0,60,1
3tier_nb,16,85,4,0.005399999999999995,0.00536870912,0.005828380584715909,12500000000.0,116,2
3tier_nb,16,85,8,0.005399999999999995,0.00536870912,0.005828380584715909,12500000000.0,226,2
3tier_os2,16,85,1,0.010749999999999963,0.01073741824,0.0011717677116360736,6250000000.0,30,1
3tier_os2,16,85,2,0.005399999999999995,0.00536870912,0.005828380584715909,12500000000.0,60,1
3tier_os2,16,85,4,0.005399999999999995,0.00536870912,0.005828380584715909,12500000000.0,116,2
3tier_os2,16,85,8,0.005399999999999995,0.00536870912,0.005828380584715909,12500000000.0,226,2
3tier_os4,16,85,1,0.021500000000000102,0.02147483648,0.0011717677116442893,3125000000.0,30,1
3tier_os4,16,85,2,0.010749999999999963,0.01073741824,0.0011717677116360736,6250000000.0,60,1
3tier_os4,16,85,4,0.010749999999999963,0.007158278826666666,0.501757651567454,9375000000.0,116,2
3tier_os4,16,85,8,0.005399999999999995,0.00536870912,0.005828380584715909,12500000000.0,226,2
2tier,16,85,1,0.010749999999999963,0.01073741824,0.0011717677116360736,6250000000.0,29,2
2tier,16,85,2,0.008099999999999979,0.00805306368,0.005828380584714132,8333333333.333333,52,3
2tier,16,85,4,0.005399999999999995,0.00536870912,0.005828380584715909,12500000000.0,85,4
2tier,16,85,8,0.005399999999999995,0.00536870912,0.005828380584715909,12500000000.0,124,6
3tier_nb,64,85,1,0.010749999999999963,0.01073741824,0.0011717677116360736,6250000000.0,118,2
3tier_nb,64,85,2,0.008099999999999979,0.00805306368,0.005828380584714132,8333333333.333333,231,3
3tier_nb,64,85,4,0.005399999999999995,0.00536870912,0.005828380584715909,12500000000.0,440,3
3tier_nb,64,85,8,0.005399999999999995,0.00536870912,0.005828380584715909,12500000000.0,782,4
3tier_os2,64,85,1,0.021500000000000102,0.02147483648,0.0011717677116442893,3125000000.0,118,2
3tier_os2,64,85,2,0.01614999999999995,0.012884901888,0.25340496500332743,5208333333.333333,231,3
3tier_os2,64,85,4,0.008099999999999979,0.007158278826666666,0.1315569281578035,9375000000.0,440,3
3tier_os2,64,85,8,0.005399999999999995,0.00536870912,0.005828380584715909,12500000000.0,782,4
3tier_os4,64,85,1,0.04295000000000072,0.04294967296,7.614493386709498e-06,1562500000.0,118,2
3tier_os4,64,85,2,0.03225000000000041,0.025769803776,0.251464709639565,2604166666.6666665,231,3
3tier_os4,64,85,4,0.01614999999999995,0.011713547170909092,0.3787454615036603,5729166666.666666,440,3
3tier_os4,64,85,8,0.010749999999999963,0.006781527309473685,0.5851886322100899,9895833333.333332,782,4
2tier,64,85,1,0.01614999999999995,0.01610612736,0.002723972002661945,4166666666.6666665,93,3
2tier,64,85,2,0.013449999999999946,0.0134217728,0.002103090286250886,5000000000.0,155,5
2tier,64,85,4,0.009399999999999971,0.007643585865762713,0.2297892854327208,8779761904.761904,208,7
2tier,64,85,8,0.009399999999999971,0.006593151550877193,0.4257218156542053,10178571428.571428,247,14
3tier_nb,16,87,1,0.005399999999999995,0.00536870912,0.005828380584715909,12500000000.0,32,1
3tier_nb,16,87,2,0.005399999999999995,0.00536870912,0.005828380584715909,12500000000.0,63,2
3tier_nb,16,87,4,0.005399999999999995,0.00536870912,0.005828380584715909,12500000000.0,125,2
3tier_nb,16,87,8,0.005399999999999995,0.00536870912,0.005828380584715909,12500000000.0,232,2
3tier_os2,16,87,1,0.010749999999999963,0.01073741824,0.0011717677116360736,6250000000.0,32,1
3tier_os2,16,87,2,0.010749999999999963,0.007158278826666666,0.501757651567454,9375000000.0,63,2
3tier_os2,16,87,4,0.005399999999999995,0.00536870912,0.005828380584715909,12500000000.0,125,2
3tier_os2,16,87,8,0.005399999999999995,0.00536870912,0.005828380584715909,12500000000.0,232,2
3tier_os4,16,87,1,0.021500000000000102,0.02147483648,0.0011717677116442893,3125000000.0,32,1
3tier_os4,16,87,2,0.021500000000000102,0.014316557653333332,0.5017576515674664,4687500000.0,63,2
3tier_os4,16,87,4,0.010749999999999963,0.006135667565714285,0.752050593495363,10937500000.0,125,2
3tier_os4,16,87,8,0.005399999999999995,0.00536870912,0.005828380584715909,12500000000.0,232,2
2tier,16,87,1,0.010749999999999963,0.01073741824,0.0011717677116360736,6250000000.0,31,2
2tier,16,87,2,0.005399999999999995,0.00536870912,0.005828380584715909,12500000000.0,53,2
2tier,16,87,4,0.005399999999999995,0.00536870912,0.005828380584715909,12500000000.0,90,4
2tier,16,87,8,0.005399999999999995,0.00536870912,0.005828380584715909,12500000000.0,125,8
3tier_nb,64,87,1,0.010749999999999963,0.01073741824,0.0011717677116360736,6250000000.0,120,2
3tier_nb,64,87,2,0.008099999999999979,0.00805306368,0.005828380584714132,8333333333.333333,225,2
3tier_nb,64,87,4,0.006749999999999987,0.006316128376470588,0.0686926543712596,10625000000.0,426,3
3tier_nb,64,87,8,0.005399999999999995,0.00536870912,0.005828380584715909,12500000000.0,741,4
3tier_os2,64,87,1,0.021500000000000102,0.02147483648,0.0011717677116442893,3125000000.0,120,2
3tier_os2,64,87,2,0.010749999999999963,0.01073741824,0.0011717677116360736,6250000000.0,225,2
3tier_os2,64,87,4,0.008099999999999979,0.006573929534693879,0.23213976621627475,10208333333.333332,426,3
3tier_os2,64,87,8,0.005399999999999995,0.00536870912,0.005828380584715909,12500000000.0,741,4
3tier_os4,64,87,1,0.04295000000000072,0.04294967296,7.614493386709498e-06,1562500000.0,120,2
3tier_os4,64,87,2,0.021500000000000102,0.02147483648,0.0011717677116442893,3125000000.0,225,2
3tier_os4,64,87,4,0.01614999999999995,0.012884901888,0.25340496500332743,5208333333.333333,426,3
3tier_os4,64,87,8,0.010749999999999963,0.007158278826666666,0.501757651567454,9375000000.0,741,4
2tier,64,87,1,0.01614999999999995,0.01610612736,0.002723972002661945,4166666666.6666665,107,3
2tier,64,87,2,0.01614999999999995,0.01610612736,0.002723972002661945,4166666666.6666665,165,6
2tier,64,87,4,0.012099999999999955,0.00920350134857143,0.31471703449884547,7291666666.666666,208,9
2tier,64,87,8,0.006749999999999987,0.006135667565714285,0.100124791264532,10937500000.0,250,10
3tier_nb,16,91,1,0.005399999999999995,0.00536870912,0.005828380584715909,12500000000.0,28,1
3tier_nb,16,91,2,0.005399999999999995,0.00536870912,0.005828380584715909,12500000000.0,53,2
3tier_nb,16,91,4,0.005399999999999995,0.00536870912,0.005828380584715909,12500000000.0,103,2
3tier_nb,16,91,8,0.005399999999999995,0.00536870912,0.005828380584715909,12500000000.0,197,3
3tier_os2,16,91,1,0.010749999999999963,0.01073741824,0.0011717677116360736,6250000000.0,28,1
3tier_os2,16,91,2,0.010749999999999963,0.01073741824,0.0011717677116360736,6250000000.0,53,2
3tier_os2,16,91,4,0.005399999999999995,0.00536870912,0.005828380584715909,12500000000.0,103,2
3tier_os2,16,91,8,0.005399999999999995,0.00536870912,0.005828380584715909,12500000000.0,197,3
3tier_os4,16,91,1,0.021500000000000102,0.02147483648,0.0011717677116442893,3125000000.0,28,1
3tier_os4,16,91,2,0.021500000000000102,0.02147483648,0.0011717677116442893,3125000000.0,53,2
3tier_os4,16,91,4,0.010749999999999963,0.007158278826666666,0.501757651567454,9375000000.0,103,2
3tier_os4,16,91,8,0.008099999999999979,0.006135667565714287,0.320149749517437,10937499999.999998,197,3
2tier,16,91,1,0.010749999999999963,0.01073741824,0.0011717677116360736,6250000000.0,27,2
2tier,16,91,2,0.005399999999999995,0.00536870912,0.005828380584715909,12500000000.0,51,2
2tier,16,91,4,0.005399999999999995,0.00536870912,0.005828380584715909,12500000000.0,86,3
2tier,16,91,8,0.005399999999999995,0.00536870912,0.005828380584715909,12500000000.0,124,7
3tier_nb,64,91,1,0.010749999999999963,0.01073741824,0.0011717677116360736,6250000000.0,105,2
3tier_nb,64,91,2,0.008099999999999979,0.00805306368,0.005828380584714132,8333333333.333333,202,2
3tier_nb,64,91,4,0.006749999999999987,0.0059652323555555555,0.13155692815780418,11250000000.0,382,4
3tier_nb,64,91,8,0.006049999999999991,0.0056845155388235286,0.06429474221335374,11805555555.555557,708,6
3tier_os2,64,91,1,0.021500000000000102,0.02147483648,0.0011717677116442893,3125000000.0,105,2
3tier_os2,64,91,2,0.010749999999999963,0.01073741824,0.0011717677116360736,6250000000.0,202,2
3tier_os2,64,91,4,0.010749999999999963,0.006442450944,0.6686196128527264,10416666666.666666,382,4
3tier_os2,64,91,8,0.008099999999999979,0.005856773585454546,0.3830140233039818,11458333333.333332,708,6
3tier_os4,64,91,1,0.04295000000000072,0.04294967296,7.614493386709498e-06,1562500000.0,105,2
3tier_os4,64,91,2,0.021500000000000102,0.02147483648,0.0011717677116442893,3125000000.0,202,2
3tier_os4,64,91,4,0.021500000000000102,0.012884901888,0.6686196128527402,5208333333.333333,382,4
3tier_os4,64,91,8,0.01614999999999995,0.007158278826666666,1.2561289370059896,9375000000.0,708,6
2tier,64,91,1,0.01614999999999995,0.01610612736,0.002723972002661945,4166666666.6666665,103,3
2tier,64,91,2,0.010749999999999963,0.01073741824,0.0011717677116360736,6250000000.0,161,4
2tier,64,91,4,0.010749999999999963,0.009336885426086957,0.15134753286838132,7187500000.0,218,8
2tier,64,91,8,0.007399999999999983,0.005980334209620254,0.2373890389095623,11221590909.090908,247,11
3tier_nb,16,90,1,0.005399999999999995,0.00536870912,0.005828380584715909,12500000000.0,32,1
3tier_nb,16,90,2,0.005399999999999995,0.00536870912,0.005828380584715909,12500000000.0,64,1
3tier_nb,16,90,4,0.005399999999999995,0.00536870912,0.005828380584715909,12500000000.0,127,2
3tier_nb,16,90,8,0.005399999999999995,0.00536870912,0.005828380584715909,12500000000.0,232,3
3tier_os2,16,90,1,0.010749999999999963,0.01073741824,0.0011717677116360736,6250000000.0,32,1
3tier_os2,16,90,2,0.005399999999999995,0.00536870912,0.005828380584715909,12500000000.0,64,1
3tier_os2,16,90,4,0.005399999999999995,0.00536870912,0.005828380584715909,12500000000.0,127,2
3tier_os2,16,90,8,0.005399999999999995,0.00536870912,0.005828380584715909,12500000000.0,232,3
3tier_os4,16,90,1,0.021500000000000102,0.02147483648,0.0011717677116442893,3125000000.0,32,1
3tier_os4,16,90,2,0.010749999999999963,0.01073741824,0.0011717677116360736,6250000000.0,64,1
3tier_os4,16,90,4,0.010749999999999963,0.006135667565714285,0.752050593495363,10937500000.0,127,2
3tier_os4,16,90,8,0.008099999999999979,0.005856773585454545,0.38301402330398204,11458333333.333334,232,3
2tier,16,90,1,0.005399999999999995,0.00536870912,0.005828380584715909,12500000000.0,32,1
2tier,16,90,2,0.008099999999999979,0.006442450944,0.25728547573089267,10416666666.666666,52,3
2tier,16,90,4,0.005399999999999995,0.00536870912,0.005828380584715909,12500000000.0,84,4
2tier,16,90,8,0.005399999999999995,0.00536870912,0.005828380584715909,12500000000.0,123,8
3tier_nb,64,90,1,0.010749999999999963,0.01073741824,0.0011717677116360736,6250000000.0,116,2
3tier_nb,64,90,2,0.005399999999999995,0.00536870912,0.005828380584715909,12500000000.0,227,2
3tier_nb,64,90,4,0.006749999999999987,0.006316128376470588,0.0686926543712596,10625000000.0,429,4
3tier_nb,64,90,8,0.005399999999999995,0.00536870912,0.005828380584715909,12500000000.0,774,4
3tier_os2,64,90,1,0.021500000000000102,0.02147483648,0.0011717677116442893,3125000000.0,116,2
3tier_os2,64,90,2,0.010749999999999963,0.01073741824,0.0011717677116360736,6250000000.0,227,2
3tier_os2,64,90,4,0.010749999999999963,0.009911462990769232,0.08460274835427217,6770833333.333333,429,4
3tier_os2,64,90,8,0.005399999999999995,0.00536870912,0.005828380584715909,12500000000.0,774,4
3tier_os4,64,90,1,0.04295000000000072,0.04294967296,7.614493386709498e-06,1562500000.0,116,2
3tier_os4,64,90,2,0.021500000000000102,0.02147483648,0.0011717677116442893,3125000000.0,227,2
3tier_os4,64,90,4,0.021500000000000102,0.019822925981538463,0.08460274835428105,3385416666.6666665,429,4
3tier_os4,64,90,8,0.010749999999999963,0.0073628010788571435,0.4600421612461356,9114583333.333332,774,4
2tier,64,90,1,0.01614999999999995,0.01610612736,0.002723972002661945,4166666666.6666665,97,3
2tier,64,90,2,0.010749999999999963,0.01073741824,0.0011717677116360736,6250000000.0,160,4
2tier,64,90,4,0.008099999999999979,0.00805306368,0.005828380584714132,8333333333.333333,213,6
2tier,64,90,8,0.006749999999999987,0.0062751145558441555,0.07567757368087569,10694444444.444445,243,10
3tier_nb,16,92,1,0.005399999999999995,0.00536870912,0.005828380584715909,12500000000.0,30,1
3tier_nb,16,92,2,0.005399999999999995,0.00536870912,0.005828380584715909,12500000000.0,57,2
3tier_nb,16,92,4,0.005399999999999995,0.00536870912,0.005828380584715909,12500000000.0,115,3
3tier_nb,16,92,8,0.005399999999999995,0.00536870912,0.005828380584715909,12500000000.0,222,3
3tier_os2,16,92,1,0.010749999999999963,0.01073741824,0.0011717677116360736,6250000000.0,30,1
3tier_os2,16,92,2,0.010749999999999963,0.01073741824,0.0011717677116360736,6250000000.0,57,2
3tier_os2,16,92,4,0.008099999999999979,0.006442450944,0.25728547573089267,10416666666.666666,115,3
3tier_os2,16,92,8,0.005399999999999995,0.00536870912,0.005828380584715909,12500000000.0,222,3
3tier_os4,16,92,1,0.021500000000000102,0.02147483648,0.0011717677116442893,3125000000.0,30,1
3tier_os4,16,92,2,0.021500000000000102,0.02147483648,0.0011717677116442893,3125000000.0,57,2
3tier_os4,16,92,4,0.01614999999999995,0.00805306368,1.005447944005324,8333333333.333333,115,3
3tier_os4,16,92,8,0.008099999999999979,0.005856773585454546,0.3830140233039818,11458333333.333332,222,3
2tier,16,92,1,0.010749999999999963,0.01073741824,0.0011717677116360736,6250000000.0,31,2
2tier,16,92,2,0.008099999999999979,0.00805306368,0.005828380584714132,8333333333.333333,53,3
2tier,16,92,4,0.005399999999999995,0.00536870912,0.005828380584715909,12500000000.0,95,4
2tier,16,92,8,0.005399999999999995,0.00536870912,0.005828380584715909,12500000000.0,134,5
3tier_nb,64,92,1,0.010749999999999963,0.01073741824,0.0011717677116360736,6250000000.0,114,2
3tier_nb,64,92,2,0.008099999999999979,0.00805306368,0.005828380584714132,8333333333.333333,222,2
3tier_nb,64,92,4,0.005399999999999995,0.00536870912,0.005828380584715909,12500000000.0,425,3
3tier_nb,64,92,8,0.005399999999999995,0.00536870912,0.005828380584715909,12500000000.0,726,4
3tier_os2,64,92,1,0.021500000000000102,0.02147483648,0.0011717677116442893,3125000000.0,114,2
3tier_os2,64,92,2,0.010749999999999963,0.01073741824,0.0011717677116360736,6250000000.0,222,2
3tier_os2,64,92,4,0.008099999999999979,0.006442450944,0.25728547573089267,10416666666.666666,425,3
3tier_os2,64,92,8,0.005399999999999995,0.00536870912,0.005828380584715909,12500000000.0,726,4
3tier_os4,64,92,1,0.04295000000000072,0.04294967296,7.614493386709498e-06,1562500000.0,114,2
3tier_os4,64,92,2,0.021500000000000102,0.02147483648,0.0011717677116442893,3125000000.0,222,2
3tier_os4,64,92,4,0.01614999999999995,0.01073741824,0.5040859580039931,6250000000.0,425,3
3tier_os4,64,92,8,0.010749999999999963,0.007158278826666666,0.501757651567454,9375000000.0,726,4
2tier,64,92,1,0.01614999999999995,0.01610612736,0.002723972002661945,4166666666.6666665,102,3
2tier,64,92,2,0.010749999999999963,0.00920350134857143,0.1680337289969085,7291666666.666666,158,4
2tier,64,92,4,0.012099999999999955,0.009203501348571426,0.3147170344988459,7291666666.666668,216,9
2tier,64,92,8,0.007399999999999983,0.006074310890057143,0.218245185986911,11047979797.979797,242,11
3tier_nb,16,94,1,0.005399999999999995,0.00536870912,0.005828380584715909,12500000000.0,32,1
3tier_nb,16,94,2,0.005399999999999995,0.00536870912,0.005828380584715909,12500000000.0,61,2
3tier_nb,16,94,4,0.005399999999999995,0.00536870912,0.005828380584715909,12500000000.0,118,2
3tier_nb,16,94,8,0.005399999999999995,0.00536870912,0.005828380584715909,12500000000.0,236,3
3tier_os2,16,94,1,0.010749999999999963,0.01073741824,0.0011717677116360736,6250000000.0,32,1
3tier_os2,16,94,2,0.010749999999999963,0.01073741824,0.0011717677116360736,6250000000.0,61,2
3tier_os2,16,94,4,0.005399999999999995,0.00536870912,0.005828380584715909,12500000000.0,118,2
3tier_os2,16,94,8,0.005399999999999995,0.00536870912,0.005828380584715909,12500000000.0,236,3
3tier_os4,16,94,1,0.021500000000000102,0.02147483648,0.0011717677116442893,3125000000.0,32,1
3tier_os4,16,94,2,0.021500000000000102,0.02147483648,0.0011717677116442893,3125000000.0,61,2
3tier_os4,16,94,4,0.010749999999999963,0.008589934592,0.25146470963954504,7812500000.0,118,2
3tier_os4,16,94,8,0.008099999999999979,0.005856773585454545,0.38301402330398204,11458333333.333334,236,3
2tier,16,94,1,0.010749999999999963,0.01073741824,0.0011717677116360736,6250000000.0,30,2
2tier,16,94,2,0.010749999999999963,0.01073741824,0.0011717677116360736,6250000000.0,51,4
2tier,16,94,4,0.005399999999999995,0.00536870912,0.005828380584715909,12500000000.0,90,4
2tier,16,94,8,0.005399999999999995,0.00536870912,0.005828380584715909,12500000000.0,133,8
3tier_nb,64,94,1,0.010749999999999963,0.01073741824,0.0011717677116360736,6250000000.0,121,2
3tier_nb,64,94,2,0.008099999999999979,0.00805306368,0.005828380584714132,8333333333.333333,231,2
3tier_nb,64,94,4,0.005399999999999995,0.00536870912,0.005828380584715909,12500000000.0,432,3
3tier_nb,64,94,8,0.005399999999999995,0.00536870912,0.005828380584715909,12500000000.0,771,5
3tier_os2,64,94,1,0.021500000000000102,0.02147483648,0.0011717677116442893,3125000000.0,121,2
3tier_os2,64,94,2,0.010749999999999963,0.01073741824,0.0011717677116360736,6250000000.0,231,2
3tier_os2,64,94,4,0.008099999999999979,0.006442450944,0.25728547573089267,10416666666.666666,432,3
3tier_os2,64,94,8,0.006749999999999987,0.005651272757894737,0.19442120194434875,11875000000.0,771,5
3tier_os4,64,94,1,0.04295000000000072,0.04294967296,7.614493386709498e-06,1562500000.0,121,2
3tier_os4,64,94,2,0.021500000000000102,0.02147483648,0.0011717677116442893,3125000000.0,231,2
3tier_os4,64,94,4,0.01614999999999995,0.01073741824,0.5040859580039931,6250000000.0,432,3
3tier_os4,64,94,8,0.013449999999999946,0.0074051160275862065,0.8163118511438299,9062500000.0,771,5
2tier,64,94,1,0.01614999999999995,0.01610612736,0.002723972002661945,4166666666.6666665,100,3
2tier,64,94,2,0.013449999999999946,0.0134217728,0.002103090286250886,5000000000.0,161,5
2tier,64,94,4,0.008099999999999979,0.007320966981818182,0.10641121864318559,9166666666.666666,217,6
2tier,64,94,8,0.007399999999999983,0.006031230670978723,0.22694693731538895,11126893939.39394,250,11
3tier_nb,16,93,1,0.005399999999999995,0.00536870912,0.005828380584715909,12500000000.0,32,1
3tier_nb,16,93,2,0.005399999999999995,0.00536870912,0.005828380584715909,12500000000.0,62,2
3tier_nb,16,93,4,0.005399999999999995,0.00536870912,0.005828380584715909,12500000000.0,121,3
3tier_nb,16,93,8,0.005399999999999995,0.00536870912,0.005828380584715909,12500000000.0,233,3
3tier_os2,16,93,1,0.010749999999999963,0.01073741824,0.0011717677116360736,6250000000.0,32,1
3tier_os2,16,93,2,0.010749999999999963,0.01073741824,0.0011717677116360736,6250000000.0,62,2
3tier_os2,16,93,4,0.008099999999999979,0.007158278826666666,0.1315569281578035,9375000000.0,121,3
3tier_os2,16,93,8,0.005399999999999995,0.00536870912,0.005828380584715909,12500000000.0,233,3
3tier_os4,16,93,1,0.021500000000000102,0.02147483648,0.0011717677116442893,3125000000.0,32,1
3tier_os4,16,93,2,0.021500000000000102,0.02147483648,0.0011717677116442893,3125000000.0,62,2
3tier_os4,16,93,4,0.01614999999999995,0.01073741824,0.5040859580039931,6250000000.0,121,3
3tier_os4,16,93,8,0.008099999999999979,0.006135667565714285,0.32014974951743747,10937500000.0,233,3
2tier,16,93,1,0.010749999999999963,0.01073741824,0.0011717677116360736,6250000000.0,31,2
2tier,16,93,2,0.005399999999999995,0.00536870912,0.005828380584715909,12500000000.0,51,2
2tier,16,93,4,0.005399999999999995,0.00536870912,0.005828380584715909,12500000000.0,86,4
2tier,16,93,8,0.005399999999999995,0.00536870912,0.005828380584715909,12500000000.0,129,6
3tier_nb,64,93,1,0.010749999999999963,0.01073741824,0.0011717677116360736,6250000000.0,124,2
3tier_nb,64,93,2,0.008099999999999979,0.00805306368,0.005828380584714132,8333333333.333333,235,3
3tier_nb,64,93,4,0.005399999999999995,0.00536870912,0.005828380584715909,12500000000.0,436,3
3tier_nb,64,93,8,0.005399999999999995,0.00536870912,0.005828380584715909,12500000000.0,757,4
3tier_os2,64,93,1,0.021500000000000102,0.02147483648,0.0011717677116442893,3125000000.0,124,2
3tier_os2,64,93,2,0.01614999999999995,0.01610612736,0.002723972002661945,4166666666.6666665,235,3
3tier_os2,64,93,4,0.008099999999999979,0.007158278826666666,0.1315569281578035,9375000000.0,436,3
3tier_os2,64,93,8,0.005399999999999995,0.00536870912,0.005828380584715909,12500000000.0,757,4
3tier_os4,64,93,1,0.04295000000000072,0.04294967296,7.614493386709498e-06,1562500000.0,124,2
3tier_os4,64,93,2,0.03225000000000041,0.03221225472,0.0011717677116520608,2083333333.3333333,235,3
3tier_os4,64,93,4,0.01614999999999995,0.01073741824,0.5040859580039931,6250000000.0,436,3
3tier_os4,64,93,8,0.010749999999999963,0.007158278826666666,0.501757651567454,9375000000.0,757,4
2tier,64,93,1,0.01614999999999995,0.01610612736,0.002723972002661945,4166666666.6666665,105,3
2tier,64,93,2,0.010749999999999963,0.01073741824,0.0011717677116360736,6250000000.0,170,4
2tier,64,93,4,0.009399999999999971,0.007297274532038835,0.28815216677529065,9196428571.428572,222,7
2tier,64,93,8,0.007399999999999983,0.006401712771815719,0.15594064647500883,10482954545.454544,248,11
3tier_nb,16,98,1,0.005399999999999995,0.00536870912,0.005828380584715909,12500000000.0,30,1
3tier_nb,16,98,2,0.005399999999999995,0.00536870912,0.005828380584715909,12500000000.0,59,2
3tier_nb,16,98,4,0.005399999999999995,0.00536870912,0.005828380584715909,12500000000.0,115,2
3tier_nb,16,98,8,0.005399999999999995,0.00536870912,0.005828380584715909,12500000000.0,221,3
3tier_os2,16,98,1,0.010749999999999963,0.01073741824,0.0011717677116360736,6250000000.0,30,1
3tier_os2,16,98,2,0.010749999999999963,0.007158278826666666,0.501757651567454,9375000000.0,59,2
3tier_os2,16,98,4,0.005399999999999995,0.00536870912,0.005828380584715909,12500000000.0,115,2
3tier_os2,16,98,8,0.005399999999999995,0.00536870912,0.005828380584715909,12500000000.0,221,3
3tier_os4,16,98,1,0.021500000000000102,0.02147483648,0.0011717677116442893,3125000000.0,30,1
3tier_os4,16,98,2,0.021500000000000102,0.014316557653333332,0.5017576515674664,4687500000.0,59,2
3tier_os4,16,98,4,0.010749999999999963,0.008589934592,0.25146470963954504,7812500000.0,115,2
3tier_os4,16,98,8,0.008099999999999979,0.005856773585454545,0.38301402330398204,11458333333.333334,221,3
2tier,16,98,1,0.005399999999999995,0.00536870912,0.005828380584715909,12500000000.0,30,1
2tier,16,98,2,0.005399999999999995,0.00536870912,0.005828380584715909,12500000000.0,53,2
2tier,16,98,4,0.005399999999999995,0.00536870912,0.005828380584715909,12500000000.0,94,3
2tier,16,98,8,0.005399999999999995,0.00536870912,0.005828380584715909,12500000000.0,146,4
3tier_nb,64,98,1,0.010749999999999963,0.01073741824,0.0011717677116360736,6250000000.0,117,2
3tier_nb,64,98,2,0.008099999999999979,0.006442450944,0.25728547573089267,10416666666.666666,227,3
3tier_nb,64,98,4,0.005399999999999995,0.00536870912,0.005828380584715909,12500000000.0,431,3
3tier_nb,64,98,8,0.005399999999999995,0.00536870912,0.005828380584715909,12500000000.0,779,4
3tier_os2,64,98,1,0.021500000000000102,0.02147483648,0.0011717677116442893,3125000000.0,117,2
3tier_os2,64,98,2,0.01614999999999995,0.01073741824,0.5040859580039931,6250000000.0,227,3
3tier_os2,64,98,4,0.008099999999999979,0.007158278826666666,0.1315569281578035,9375000000.0,431,3
3tier_os2,64,98,8,0.005399999999999995,0.00536870912,0.005828380584715909,12500000000.0,779,4
3tier_os4,64,98,1,0.04295000000000072,0.04294967296,7.614493386709498e-06,1562500000.0,117,2
3tier_os4,64,98,2,0.03225000000000041,0.02147483648,0.5017576515674782,3125000000.0,227,3
3tier_os4,64,98,4,0.01614999999999995,0.014316557653333332,0.1280644685029948,4687500000.0,431,3
3tier_os4,64,98,8,0.010749999999999963,0.0075793540517647045,0.4183266709248179,8854166666.666668,779,4
2tier,64,98,1,0.01614999999999995,0.01610612736,0.002723972002661945,4166666666.6666665,102,3
2tier,64,98,2,0.013449999999999946,0.0134217728,0.002103090286250886,5000000000.0,161,5
2tier,64,98,4,0.012099999999999955,0.01207959552,0.0016891691419775867,5555555555.555555,217,9
2tier,64,98,8,0.007399999999999983,0.006318005383417534,0.17125572881313023,10621843434.343433,247,11
3tier_nb,16,96,1,0.010749999999999963,0.01073741824,0.0011717677116360736,6250000000.0,30,1
3tier_nb,16,96,2,0.008099999999999979,0.00805306368,0.005828380584714132,8333333333.333333,60,1
3tier_nb,16,96,4,0.005399999999999995,0.00536870912,0.005828380584715909,12500000000.0,120,1
3tier_nb,16,96,8,0.005399999999999995,0.00536870912,0.005828380584715909,12500000000.0,228,3
3tier_os2,16,96,1,0.010749999999999963,0.01073741824,0.0011717677116360736,6250000000.0,30,1
3tier_os2,16,96,2,0.008099999999999979,0.00805306368,0.005828380584714132,8333333333.333333,60,1
3tier_os2,16,96,4,0.005399999999999995,0.00536870912,0.005828380584715909,12500000000.0,120,1
3tier_os2,16,96,8,0.005399999999999995,0.00536870912,0.005828380584715909,12500000000.0,228,3
3tier_os4,16,96,1,0.021500000000000102,0.02147483648,0.0011717677116442893,3125000000.0,30,1
3tier_os4,16,96,2,0.010749999999999963,0.01073741824,0.0011717677116360736,6250000000.0,60,1
3tier_os4,16,96,4,0.005399999999999995,0.00536870912,0.005828380584715909,12500000000.0,120,1
3tier_os4,16,96,8,0.008099999999999979,0.005856773585454546,0.3830140233039818,11458333333.333332,228,3
2tier,16,96,1,0.010749999999999963,0.01073741824,0.0011717677116360736,6250000000.0,30,2
2tier,16,96,2,0.005399999999999995,0.00536870912,0.005828380584715909,12500000000.0,55,2
2tier,16,96,4,0.005399999999999995,0.00536870912,0.005828380584715909,12500000000.0,96,3
2tier,16,96,8,0.005399999999999995,0.00536870912,0.005828380584715909,12500000000.0,155,6
3tier_nb,64,96,1,0.010749999999999963,0.01073741824,0.0011717677116360736,6250000000.0,113,2
3tier_nb,64,96,2,0.010749999999999963,0.01073741824,0.0011717677116360736,6250000000.0,222,2
3tier_nb,64,96,4,0.006749999999999987,0.006316128376470588,0.0686926543712596,10625000000.0,424,3
3tier_nb,64,96,8,0.005399999999999995,0.00536870912,0.005828380584715909,12500000000.0,756,4
3tier_os2,64,96,1,0.021500000000000102,0.02147483648,0.0011717677116442893,3125000000.0,113,2
3tier_os2,64,96,2,0.010749999999999963,0.01073741824,0.0011717677116360736,6250000000.0,222,2
3tier_os2,64,96,4,0.008099999999999979,0.006442450944,0.25728547573089267,10416666666.666666,424,3
3tier_os2,64,96,8,0.005399999999999995,0.00536870912,0.005828380584715909,12500000000.0,756,4
3tier_os4,64,96,1,0.04295000000000072,0.04294967296,7.614493386709498e-06,1562500000.0,113,2
3tier_os4,64,96,2,0.021500000000000102,0.02147483648,0.0011717677116442893,3125000000.0,222,2
3tier_os4,64,96,4,0.01614999999999995,0.01073741824,0.5040859580039931,6250000000.0,424,3
3tier_os4,64,96,8,0.010749999999999963,0.006442450944,0.6686196128527264,10416666666.666666,756,4
2tier,64,96,1,0.01614999999999995,0.01610612736,0.002723972002661945,4166666666.6666665,108,3
2tier,64,96,2,0.010749999999999963,0.00920350134857143,0.1680337289969085,7291666666.666666,168,4
2tier,64,96,4,0.010749999999999963,0.008589934592,0.25146470963954504,7812500000.0,224,8
2tier,64,96,8,0.008099999999999979,0.0067815273094736835,0.1944212019443481,9895833333.333334,252,12
3tier_nb,16,95,1,0.005399999999999995,0.00536870912,0.005828380584715909,12500000000.0,32,1
3tier_nb,16,95,2,0.005399999999999995,0.00536870912,0.005828380584715909,12500000000.0,64,1
3tier_nb,16,95,4,0.005399999999999995,0.00536870912,0.005828380584715909,12500000000.0,124,2
3tier_nb,16,95,8,0.005399999999999995,0.00536870912,0.005828380584715909,12500000000.0,223,3
3tier_os2,16,95,1,0.010749999999999963,0.01073741824,0.0011717677116360736,6250000000.0,32,1
3tier_os2,16,95,2,0.005399999999999995,0.00536870912,0.005828380584715909,12500000000.0,64,1
3tier_os2,16,95,4,0.005399999999999995,0.00536870912,0.005828380584715909,12500000000.0,124,2
3tier_os2,16,95,8,0.005399999999999995,0.00536870912,0.005828380584715909,12500000000.0,223,3
3tier_os4,16,95,1,0.021500000000000102,0.02147483648,0.0011717677116442893,3125000000.0,32,1
3tier_os4,16,95,2,0.010749999999999963,0.01073741824,0.0011717677116360736,6250000000.0,64,1
3tier_os4,16,95,4,0.010749999999999963,0.007158278826666666,0.501757651567454,9375000000.0,124,2
3tier_os4,16,95,8,0.008099999999999979,0.005856773585454546,0.3830140233039818,11458333333.333332,223,3
2tier,16,95,1,0.010749999999999963,0.01073741824,0.0011717677116360736,6250000000.0,31,2
2tier,16,95,2,0.008099999999999979,0.00805306368,0.005828380584714132,8333333333.333333,55,3
2tier,16,95,4,0.006749999999999987,0.006316128376470588,0.0686926543712596,10625000000.0,83,5
2tier,16,95,8,0.005399999999999995,0.00536870912,0.005828380584715909,12500000000.0,126,5
3tier_nb,64,95,1,0.010749999999999963,0.01073741824,0.0011717677116360736,6250000000.0,122,2
3tier_nb,64,95,2,0.008099999999999979,0.00805306368,0.005828380584714132,8333333333.333333,234,3
3tier_nb,64,95,4,0.005399999999999995,0.00536870912,0.005828380584715909,12500000000.0,441,3
3tier_nb,64,95,8,0.005399999999999995,0.00536870912,0.005828380584715909,12500000000.0,777,4
3tier_os2,64,95,1,0.021500000000000102,0.02147483648,0.0011717677116442893,3125000000.0,122,2
3tier_os2,64,95,2,0.01614999999999995,0.012884901888,0.25340496500332743,5208333333.333333,234,3
3tier_os2,64,95,4,0.008099999999999979,0.007158278826666666,0.1315569281578035,9375000000.0,441,3
3tier_os2,64,95,8,0.005399999999999995,0.00536870912,0.005828380584715909,12500000000.0,777,4
3tier_os4,64,95,1,0.04295000000000072,0.04294967296,7.614493386709498e-06,1562500000.0,122,2
3tier_os4,64,95,2,0.03225000000000041,0.025769803776,0.251464709639565,2604166666.6666665,234,3
3tier_os4,64,95,4,0.01614999999999995,0.012884901888,0.25340496500332743,5208333333.333333,441,3
3tier_os4,64,95,8,0.010749999999999963,0.0073628010788571435,0.4600421612461356,9114583333.333332,777,4
2tier,64,95,1,0.01614999999999995,0.01610612736,0.002723972002661945,4166666666.6666665,104,3
2tier,64,95,2,0.010749999999999963,0.01073741824,0.0011717677116360736,6250000000.0,161,4
2tier,64,95,4,0.009399999999999971,0.0076695844571428575,0.22562050819396595,8750000000.0,226,7
2tier,64,95,8,0.007399999999999983,0.006216400033684211,0.19039958173578153,10795454545.454544,249,11
3tier_nb,16,97,1,0.005399999999999995,0.00536870912,0.005828380584715909,12500000000.0,30,1
3tier_nb,16,97,2,0.005399999999999995,0.00536870912,0.005828380584715909,12500000000.0,60,1
3tier_nb,16,97,4,0.005399999999999995,0.00536870912,0.005828380584715909,12500000000.0,111,3
3tier_nb,16,97,8,0.005399999999999995,0.00536870912,0.005828380584715909,12500000000.0,222,3
3tier_os2,16,97,1,0.010749999999999963,0.01073741824,0.0011717677116360736,6250000000.0,30,1
3tier_os2,16,97,2,0.005399999999999995,0.00536870912,0.005828380584715909,12500000000.0,60,1
3tier_os2,16,97,4,0.008099999999999979,0.007158278826666666,0.1315569281578035,9375000000.0,111,3
3tier_os2,16,97,8,0.005399999999999995,0.00536870912,0.005828380584715909,12500000000.0,222,3
3tier_os4,16,97,1,0.021500000000000102,0.02147483648,0.0011717677116442893,3125000000.0,30,1
3tier_os4,16,97,2,0.010749999999999963,0.01073741824,0.0011717677116360736,6250000000.0,60,1
3tier_os4,16,97,4,0.01614999999999995,0.01073741824,0.5040859580039931,6250000000.0,111,3
3tier_os4,16,97,8,0.008099999999999979,0.006135667565714285,0.32014974951743747,10937500000.0,222,3
2tier,16,97,1,0.010749999999999963,0.01073741824,0.0011717677116360736,6250000000.0,28,2
2tier,16,97,2,0.005399999999999995,0.00536870912,0.005828380584715909,12500000000.0,53,2
2tier,16,97,4,0.005399999999999995,0.00536870912,0.005828380584715909,12500000000.0,93,4
2tier,16,97,8,0.005399999999999995,0.00536870912,0.005828380584715909,12500000000.0,144,6
3tier_nb,64,97,1,0.010749999999999963,0.01073741824,0.0011717677116360736,6250000000.0,121,2
3tier_nb,64,97,2,0.008099999999999979,0.00805306368,0.005828380584714132,8333333333.333333,236,3
3tier_nb,64,97,4,0.005399999999999995,0.00536870912,0.005828380584715909,12500000000.0,430,4
3tier_nb,64,97,8,0.005399999999999995,0.00536870912,0.005828380584715909,12500000000.0,758,4
3tier_os2,64,97,1,0.021500000000000102,0.02147483648,0.0011717677116442893,3125000000.0,121,2
3tier_os2,64,97,2,0.01614999999999995,0.01610612736,0.002723972002661945,4166666666.6666665,236,3
3tier_os2,64,97,4,0.010749999999999963,0.008589934592,0.25146470963954504,7812500000.0,430,4
3tier_os2,64,97,8,0.005399999999999995,0.00536870912,0.005828380584715909,12500000000.0,758,4
3tier_os4,64,97,1,0.04295000000000072,0.04294967296,7.614493386709498e-06,1562500000.0,121,2
3tier_os4,64,97,2,0.03225000000000041,0.03221225472,0.0011717677116520608,2083333333.3333333,236,3
3tier_os4,64,97,4,0.021500000000000102,0.012884901888,0.6686196128527402,5208333333.333333,430,4
3tier_os4,64,97,8,0.010749999999999963,0.007362801078857143,0.46004216124613584,9114583333.333334,758,4
2tier,64,97,1,0.01614999999999995,0.01610612736,0.002723972002661945,4166666666.6666665,103,3
2tier,64,97,2,0.010749999999999963,0.01073741824,0.0011717677116360736,6250000000.0,159,4
2tier,64,97,4,0.009399999999999971,0.008541128145454546,0.10055719103131633,7857142857.142857,211,7
2tier,64,97,8,0.007399999999999983,0.005983700567182662,0.23669289880328437,11215277777.777779,251,11
3tier_nb,16,99,1,0.010749999999999963,0.01073741824,0.0011717677116360736,6250000000.0,32,1
3tier_nb,16,99,2,0.008099999999999979,0.00805306368,0.005828380584714132,8333333333.333333,64,1
3tier_nb,16,99,4,0.005399999999999995,0.00536870912,0.005828380584715909,12500000000.0,126,2
3tier_nb,16,99,8,0.005399999999999995,0.00536870912,0.005828380584715909,12500000000.0,232,3
3tier_os2,16,99,1,0.010749999999999963,0.01073741824,0.0011717677116360736,6250000000.0,32,1
3tier_os2,16,99,2,0.008099999999999979,0.00805306368,0.005828380584714132,8333333333.333333,64,1
3tier_os2,16,99,4,0.005399999999999995,0.00536870912,0.005828380584715909,12500000000.0,126,2
3tier_os2,16,99,8,0.005399999999999995,0.00536870912,0.005828380584715909,12500000000.0,232,3
3tier_os4,16,99,1,0.021500000000000102,0.02147483648,0.0011717677116442893,3125000000.0,32,1
3tier_os4,16,99,2,0.010749999999999963,0.01073741824,0.0011717677116360736,6250000000.0,64,1
3tier_os4,16,99,4,0.010749999999999963,0.006135667565714285,0.752050593495363,10937500000.0,126,2
3tier_os4,16,99,8,0.008099999999999979,0.005856773585454546,0.3830140233039818,11458333333.333332,232,3
2tier,16,99,1,0.010749999999999963,0.01073741824,0.0011717677116360736,6250000000.0,30,2
2tier,16,99,2,0.010749999999999963,0.01073741824,0.0011717677116360736,6250000000.0,50,4
2tier,16,99,4,0.006749999999999987,0.0059652323555555555,0.13155692815780418,11250000000.0,81,5
2tier,16,99,8,0.005399999999999995,0.00536870912,0.005828380584715909,12500000000.0,116,7
3tier_nb,64,99,1,0.01614999999999995,0.01610612736,0.002723972002661945,4166666666.6666665,119,2
3tier_nb,64,99,2,0.010749999999999963,0.01073741824,0.0011717677116360736,6250000000.0,227,3
3tier_nb,64,99,4,0.006749999999999987,0.006316128376470588,0.0686926543712596,10625000000.0,432,4
3tier_nb,64,99,8,0.005399999999999995,0.00536870912,0.005828380584715909,12500000000.0,778,4
3tier_os2,64,99,1,0.021500000000000102,0.02147483648,0.0011717677116442893,3125000000.0,119,2
3tier_os2,64,99,2,0.01614999999999995,0.012884901888,0.25340496500332743,5208333333.333333,227,3
3tier_os2,64,99,4,0.010749999999999963,0.007158278826666666,0.501757651567454,9375000000.0,432,4
3tier_os2,64,99,8,0.005399999999999995,0.00536870912,0.005828380584715909,12500000000.0,778,4
3tier_os4,64,99,1,0.04295000000000072,0.04294967296,7.614493386709498e-06,1562500000.0,119,2
3tier_os4,64,99,2,0.03225000000000041,0.025769803776,0.251464709639565,2604166666.6666665,227,3
3tier_os4,64,99,4,0.021500000000000102,0.012884901888,0.6686196128527402,5208333333.333333,432,4
3tier_os4,64,99,8,0.010749999999999963,0.006781527309473685,0.5851886322100899,9895833333.333332,778,4
2tier,64,99,1,0.01614999999999995,0.01610612736,0.002723972002661945,4166666666.6666665,98,3
2tier,64,99,2,0.013449999999999946,0.0134217728,0.002103090286250886,5000000000.0,150,5
2tier,64,99,4,0.009399999999999971,0.007911781861052632,0.1881015130451711,8482142857.142858,209,7
2tier,64,99,8,0.007399999999999983,0.006216400033684211,0.19039958173578153,10795454545.454544,249,11
