pair_id,arm_id,sample_id,family,runner,policy,allocator,execution_position,completion_time_s,completion_time_hex,simulated_ticks,wall_time_s,cpu_time_s,simulation_wall_time_s,simulation_cpu_time_s,config_sha256,topology_sha256,ring_sha256,route_sha256,process_initial_sha256,conservation_max_error_B,conservation_remaining_B,foreground_flow_count,adaptive_event_count,final_k_mean,final_k_max,step_count,mean_step_s,p99_step_s,max_step_s,oracle_status,pilot_use
a01_nb_p64_equal_k8__s000,nb_p64_equal_k8,0,static_split,simple,equal,link_local_equal_share,0,0.005399999999999995,3f761e4f765fd8a8,108,0.23154690000228584,0.234375,0.20720099998288788,0.203125,8c21bcdad614155603a3a9248278b7ff3508f172e0ba6de874f6b1b88c365764,5abd8f8f5ebc82c57e6a2d89ae8534ea4c2a9dae978bc2ec2e422703ca0457d5,02b8b93c846ec5f679f63d5afcacddba0972d2f5532fd0d0b699941360977e2e,7a39face303516e2672a762e20dafa23d460b68d54ba82102c715d2efae375bc,698c3f32f5decd4eed9d7881a4431e6d4ff17b48140f84b30bc4d9d9be2563fa,0.0,0.0,512,,,,,,,,exact_binary64_match,timing_and_coverage_only_not_a_scientific_estimate
a01_nb_p64_equal_k8__s000,nb_p64_equal_k8,0,static_split,simple,equal,network_maxmin,1,0.005399999999999995,3f761e4f765fd8a8,108,0.2523489999875892,0.25,0.2280105999961961,0.21875,8c21bcdad614155603a3a9248278b7ff3508f172e0ba6de874f6b1b88c365764,5abd8f8f5ebc82c57e6a2d89ae8534ea4c2a9dae978bc2ec2e422703ca0457d5,02b8b93c846ec5f679f63d5afcacddba0972d2f5532fd0d0b699941360977e2e,7a39face303516e2672a762e20dafa23d460b68d54ba82102c715d2efae375bc,698c3f32f5decd4eed9d7881a4431e6d4ff17b48140f84b30bc4d9d9be2563fa,0.0,0.0,512,,,,,,,,not_applicable_new_allocator,timing_and_coverage_only_not_a_scientific_estimate
a01_nb_p64_equal_k8__s017,nb_p64_equal_k8,17,static_split,simple,equal,link_local_equal_share,1,0.006049999999999991,3f78c7e28240b776,121,0.24232700001448393,0.234375,0.21865019999677315,0.21875,a385fc7d7dd8c9e58e8c150a3498a981ef25ef9a60b398d26c3d9cf0312271ff,5abd8f8f5ebc82c57e6a2d89ae8534ea4c2a9dae978bc2ec2e422703ca0457d5,8aad60a6b37bb6d9996fcabb23d91516898a899adb2970cd2de78c5871a3a939,1e6903bfd6119844df04b9c9a887cda295cd3d6c81e410371a9ddb9ec325a81a,698c3f32f5decd4eed9d7881a4431e6d4ff17b48140f84b30bc4d9d9be2563fa,0.0,0.0,512,,,,,,,,exact_binary64_match,timing_and_coverage_only_not_a_scientific_estimate
a01_nb_p64_equal_k8__s017,nb_p64_equal_k8,17,static_split,simple,equal,network_maxmin,0,0.006049999999999991,3f78c7e28240b776,121,0.2768766999943182,0.28125,0.2473290000052657,0.25,a385fc7d7dd8c9e58e8c150a3498a981ef25ef9a60b398d26c3d9cf0312271ff,5abd8f8f5ebc82c57e6a2d89ae8534ea4c2a9dae978bc2ec2e422703ca0457d5,8aad60a6b37bb6d9996fcabb23d91516898a899adb2970cd2de78c5871a3a939,1e6903bfd6119844df04b9c9a887cda295cd3d6c81e410371a9ddb9ec325a81a,698c3f32f5decd4eed9d7881a4431e6d4ff17b48140f84b30bc4d9d9be2563fa,0.0,0.0,512,,,,,,,,not_applicable_new_allocator,timing_and_coverage_only_not_a_scientific_estimate
a01_nb_p64_equal_k8__s043,nb_p64_equal_k8,43,static_split,simple,equal,link_local_equal_share,0,0.005399999999999995,3f761e4f765fd8a8,108,0.2170654000074137,0.21875,0.1931922000076156,0.1875,c65768ac4618fcc1ceef73895d5a0d2534ca28d1f6362af82ef77001d4c921c3,5abd8f8f5ebc82c57e6a2d89ae8534ea4c2a9dae978bc2ec2e422703ca0457d5,9376389ee8765153822c3333940c852c3858d941681ef804728140da78af67d2,a26b905d997fb7d3b7453a1ac0b4925b83d92edc65f691a654f210b14be0816a,698c3f32f5decd4eed9d7881a4431e6d4ff17b48140f84b30bc4d9d9be2563fa,0.0,0.0,512,,,,,,,,exact_binary64_match,timing_and_coverage_only_not_a_scientific_estimate
a01_nb_p64_equal_k8__s043,nb_p64_equal_k8,43,static_split,simple,equal,network_maxmin,1,0.005399999999999995,3f761e4f765fd8a8,108,0.2603573999949731,0.25,0.23468979998142458,0.234375,c65768ac4618fcc1ceef73895d5a0d2534ca28d1f6362af82ef77001d4c921c3,5abd8f8f5ebc82c57e6a2d89ae8534ea4c2a9dae978bc2ec2e422703ca0457d5,9376389ee8765153822c3333940c852c3858d941681ef804728140da78af67d2,a26b905d997fb7d3b7453a1ac0b4925b83d92edc65f691a654f210b14be0816a,698c3f32f5decd4eed9d7881a4431e6d4ff17b48140f84b30bc4d9d9be2563fa,0.0,0.0,512,,,,,,,,not_applicable_new_allocator,timing_and_coverage_only_not_a_scientific_estimate
a01_nb_p64_equal_k8__s071,nb_p64_equal_k8,71,static_split,simple,equal,link_local_equal_share,1,0.005399999999999995,3f761e4f765fd8a8,108,0.24253309998312034,0.25,0.21887159999459982,0.21875,4814d602a00add3b43dbcfd85a5794981c274108392196940b0a4cd7b5ee69c8,5abd8f8f5ebc82c57e6a2d89ae8534ea4c2a9dae978bc2ec2e422703ca0457d5,37aa37a245ec0711166c2d0df3aa67ea5c5b461debb393d1fd036fd7c8b181cd,97f80072d50687c78096137d7780a7d9e23992407804f91e358ba88dc2a254dd,698c3f32f5decd4eed9d7881a4431e6d4ff17b48140f84b30bc4d9d9be2563fa,0.0,0.0,512,,,,,,,,exact_binary64_match,timing_and_coverage_only_not_a_scientific_estimate
a01_nb_p64_equal_k8__s071,nb_p64_equal_k8,71,static_split,simple,equal,network_maxmin,0,0.005399999999999995,3f761e4f765fd8a8,108,0.2874156000034418,0.28125,0.2646928000031039,0.265625,4814d602a00add3b43dbcfd85a5794981c274108392196940b0a4cd7b5ee69c8,5abd8f8f5ebc82c57e6a2d89ae8534ea4c2a9dae978bc2ec2e422703ca0457d5,37aa37a245ec0711166c2d0df3aa67ea5c5b461debb393d1fd036fd7c8b181cd,97f80072d50687c78096137d7780a7d9e23992407804f91e358ba88dc2a254dd,698c3f32f5decd4eed9d7881a4431e6d4ff17b48140f84b30bc4d9d9be2563fa,0.0,0.0,512,,,,,,,,not_applicable_new_allocator,timing_and_coverage_only_not_a_scientific_estimate
a01_nb_p64_equal_k8__s099,nb_p64_equal_k8,99,static_split,simple,equal,link_local_equal_share,0,0.005399999999999995,3f761e4f765fd8a8,108,0.23200710001401603,0.234375,0.20681259999400936,0.203125,fdd1de256cd178e28edcc016b17b8be9447a29ee2c6c585c56ebbbc70339d61b,5abd8f8f5ebc82c57e6a2d89ae8534ea4c2a9dae978bc2ec2e422703ca0457d5,6888e4484986ad870b8206d94ea0e28abd921ffdbc89bede6d7cb2ba05aa8c7e,61f91a65b5e4e39f6dfc66b0ed9de1fcd59e7296bd4752bd389352357f3488aa,698c3f32f5decd4eed9d7881a4431e6d4ff17b48140f84b30bc4d9d9be2563fa,0.0,0.0,512,,,,,,,,exact_binary64_match,timing_and_coverage_only_not_a_scientific_estimate
a01_nb_p64_equal_k8__s099,nb_p64_equal_k8,99,static_split,simple,equal,network_maxmin,1,0.005399999999999995,3f761e4f765fd8a8,108,0.2819579000060912,0.25,0.253388500015717,0.234375,fdd1de256cd178e28edcc016b17b8be9447a29ee2c6c585c56ebbbc70339d61b,5abd8f8f5ebc82c57e6a2d89ae8534ea4c2a9dae978bc2ec2e422703ca0457d5,6888e4484986ad870b8206d94ea0e28abd921ffdbc89bede6d7cb2ba05aa8c7e,61f91a65b5e4e39f6dfc66b0ed9de1fcd59e7296bd4752bd389352357f3488aa,698c3f32f5decd4eed9d7881a4431e6d4ff17b48140f84b30bc4d9d9be2563fa,0.0,0.0,512,,,,,,,,not_applicable_new_allocator,timing_and_coverage_only_not_a_scientific_estimate
a02_os4_p64_equal_k1__s000,os4_p64_equal_k1,0,static_split,simple,equal,link_local_equal_share,1,0.04295000000000072,3fa5fd8adab9f5c1,859,0.12200050000683405,0.109375,0.11449240002548322,0.109375,32f4b67e76011d441a2ac2e8d4df6eeedb5a84dcfabf8097e4a05789df55c6bb,b041c414a3dfa3a4fe4aa0d2f2bc35892cd097d6ff94645a7df5117e16a6aafc,02b8b93c846ec5f679f63d5afcacddba0972d2f5532fd0d0b699941360977e2e,5eb5123992b49f6a3a73f7eb86a5930d5335e8ccf33f0f99068abd5d5908b827,698c3f32f5decd4eed9d7881a4431e6d4ff17b48140f84b30bc4d9d9be2563fa,0.0,0.0,64,,,,,,,,exact_binary64_match,timing_and_coverage_only_not_a_scientific_estimate
a02_os4_p64_equal_k1__s000,os4_p64_equal_k1,0,static_split,simple,equal,network_maxmin,0,0.04295000000000072,3fa5fd8adab9f5c1,859,0.19159430000581779,0.1875,0.18348489998606965,0.171875,32f4b67e76011d441a2ac2e8d4df6eeedb5a84dcfabf8097e4a05789df55c6bb,b041c414a3dfa3a4fe4aa0d2f2bc35892cd097d6ff94645a7df5117e16a6aafc,02b8b93c846ec5f679f63d5afcacddba0972d2f5532fd0d0b699941360977e2e,5eb5123992b49f6a3a73f7eb86a5930d5335e8ccf33f0f99068abd5d5908b827,698c3f32f5decd4eed9d7881a4431e6d4ff17b48140f84b30bc4d9d9be2563fa,0.0,0.0,64,,,,,,,,not_applicable_new_allocator,timing_and_coverage_only_not_a_scientific_estimate
a02_os4_p64_equal_k1__s017,os4_p64_equal_k1,17,static_split,simple,equal,link_local_equal_share,0,0.04295000000000072,3fa5fd8adab9f5c1,859,0.12164550001034513,0.109375,0.11452619999181479,0.109375,ebac849544be65b41682c0f76ac7c06a150424c4e1fdf55ea496feb01dd51b89,b041c414a3dfa3a4fe4aa0d2f2bc35892cd097d6ff94645a7df5117e16a6aafc,8aad60a6b37bb6d9996fcabb23d91516898a899adb2970cd2de78c5871a3a939,cef3c64b6420ea8349d9d3de8d12bf4f121189434ca20262742f9621f0b0ceee,698c3f32f5decd4eed9d7881a4431e6d4ff17b48140f84b30bc4d9d9be2563fa,0.0,0.0,64,,,,,,,,exact_binary64_match,timing_and_coverage_only_not_a_scientific_estimate
a02_os4_p64_equal_k1__s017,os4_p64_equal_k1,17,static_split,simple,equal,network_maxmin,1,0.04295000000000072,3fa5fd8adab9f5c1,859,0.20788820000598207,0.203125,0.19947760002105497,0.203125,ebac849544be65b41682c0f76ac7c06a150424c4e1fdf55ea496feb01dd51b89,b041c414a3dfa3a4fe4aa0d2f2bc35892cd097d6ff94645a7df5117e16a6aafc,8aad60a6b37bb6d9996fcabb23d91516898a899adb2970cd2de78c5871a3a939,cef3c64b6420ea8349d9d3de8d12bf4f121189434ca20262742f9621f0b0ceee,698c3f32f5decd4eed9d7881a4431e6d4ff17b48140f84b30bc4d9d9be2563fa,0.0,0.0,64,,,,,,,,not_applicable_new_allocator,timing_and_coverage_only_not_a_scientific_estimate
a02_os4_p64_equal_k1__s043,os4_p64_equal_k1,43,static_split,simple,equal,link_local_equal_share,1,0.04295000000000072,3fa5fd8adab9f5c1,859,0.1395683999871835,0.140625,0.1320428000180982,0.140625,226c81156ef0e53f89211c3e9a49108d59fcd62413e944e89947ae8374f99242,b041c414a3dfa3a4fe4aa0d2f2bc35892cd097d6ff94645a7df5117e16a6aafc,9376389ee8765153822c3333940c852c3858d941681ef804728140da78af67d2,8bff1f0d3cffeefa8164ec594f6897703cf09210982eaa5bf96f31da11dc9d73,698c3f32f5decd4eed9d7881a4431e6d4ff17b48140f84b30bc4d9d9be2563fa,0.0,0.0,64,,,,,,,,exact_binary64_match,timing_and_coverage_only_not_a_scientific_estimate
a02_os4_p64_equal_k1__s043,os4_p64_equal_k1,43,static_split,simple,equal,network_maxmin,0,0.04295000000000072,3fa5fd8adab9f5c1,859,0.18675449999864213,0.1875,0.17709889999241568,0.171875,226c81156ef0e53f89211c3e9a49108d59fcd62413e944e89947ae8374f99242,b041c414a3dfa3a4fe4aa0d2f2bc35892cd097d6ff94645a7df5117e16a6aafc,9376389ee8765153822c3333940c852c3858d941681ef804728140da78af67d2,8bff1f0d3cffeefa8164ec594f6897703cf09210982eaa5bf96f31da11dc9d73,698c3f32f5decd4eed9d7881a4431e6d4ff17b48140f84b30bc4d9d9be2563fa,0.0,0.0,64,,,,,,,,not_applicable_new_allocator,timing_and_coverage_only_not_a_scientific_estimate
a02_os4_p64_equal_k1__s071,os4_p64_equal_k1,71,static_split,simple,equal,link_local_equal_share,0,0.04295000000000072,3fa5fd8adab9f5c1,859,0.11393749999115244,0.109375,0.1054186999972444,0.109375,10bbd268f2bdd198ceffe7f217d8fd1e0e816fe0ee51e4fc59a0fb77087f7a85,b041c414a3dfa3a4fe4aa0d2f2bc35892cd097d6ff94645a7df5117e16a6aafc,37aa37a245ec0711166c2d0df3aa67ea5c5b461debb393d1fd036fd7c8b181cd,6d68c7bad20c98557a1cd7f412dc426359c3a1b846cfd4afc50f5f38516d1617,698c3f32f5decd4eed9d7881a4431e6d4ff17b48140f84b30bc4d9d9be2563fa,0.0,0.0,64,,,,,,,,exact_binary64_match,timing_and_coverage_only_not_a_scientific_estimate
a02_os4_p64_equal_k1__s071,os4_p64_equal_k1,71,static_split,simple,equal,network_maxmin,1,0.04295000000000072,3fa5fd8adab9f5c1,859,0.19621149997692555,0.203125,0.182856899977196,0.171875,10bbd268f2bdd198ceffe7f217d8fd1e0e816fe0ee51e4fc59a0fb77087f7a85,b041c414a3dfa3a4fe4aa0d2f2bc35892cd097d6ff94645a7df5117e16a6aafc,37aa37a245ec0711166c2d0df3aa67ea5c5b461debb393d1fd036fd7c8b181cd,6d68c7bad20c98557a1cd7f412dc426359c3a1b846cfd4afc50f5f38516d1617,698c3f32f5decd4eed9d7881a4431e6d4ff17b48140f84b30bc4d9d9be2563fa,0.0,0.0,64,,,,,,,,not_applicable_new_allocator,timing_and_coverage_only_not_a_scientific_estimate
a02_os4_p64_equal_k1__s099,os4_p64_equal_k1,99,static_split,simple,equal,link_local_equal_share,1,0.04295000000000072,3fa5fd8adab9f5c1,859,0.1616931999742519,0.15625,0.14954680000664666,0.15625,fdf2d2586cc35e8da24562be992694d9a4201dd72ec550dec24307f4423206e0,b041c414a3dfa3a4fe4aa0d2f2bc35892cd097d6ff94645a7df5117e16a6aafc,6888e4484986ad870b8206d94ea0e28abd921ffdbc89bede6d7cb2ba05aa8c7e,63c3c3d5a7abd1a80883c9e0279b2df1ccf82a62b49640c9886ade282c059af6,698c3f32f5decd4eed9d7881a4431e6d4ff17b48140f84b30bc4d9d9be2563fa,0.0,0.0,64,,,,,,,,exact_binary64_match,timing_and_coverage_only_not_a_scientific_estimate
a02_os4_p64_equal_k1__s099,os4_p64_equal_k1,99,static_split,simple,equal,network_maxmin,0,0.04295000000000072,3fa5fd8adab9f5c1,859,0.21398530001170002,0.1875,0.2063913999882061,0.1875,fdf2d2586cc35e8da24562be992694d9a4201dd72ec550dec24307f4423206e0,b041c414a3dfa3a4fe4aa0d2f2bc35892cd097d6ff94645a7df5117e16a6aafc,6888e4484986ad870b8206d94ea0e28abd921ffdbc89bede6d7cb2ba05aa8c7e,63c3c3d5a7abd1a80883c9e0279b2df1ccf82a62b49640c9886ade282c059af6,698c3f32f5decd4eed9d7881a4431e6d4ff17b48140f84b30bc4d9d9be2563fa,0.0,0.0,64,,,,,,,,not_applicable_new_allocator,timing_and_coverage_only_not_a_scientific_estimate
a03_os4_p64_equal_k32__s000,os4_p64_equal_k32,0,static_split,simple,equal,link_local_equal_share,0,0.006749999999999987,3f7ba5e353f7ceca,135,0.928591800009599,0.921875,0.8583014000032563,0.84375,27b6eb99269f39425637b90fb638ae3e9e10db0ddad15b98a1ed740d725ebb4e,b041c414a3dfa3a4fe4aa0d2f2bc35892cd097d6ff94645a7df5117e16a6aafc,02b8b93c846ec5f679f63d5afcacddba0972d2f5532fd0d0b699941360977e2e,31fe9e5498096c62f1e729091c3ae7dad971734bfef4838ead6e5ce7a9775cdc,698c3f32f5decd4eed9d7881a4431e6d4ff17b48140f84b30bc4d9d9be2563fa,0.0,0.0,2048,,,,,,,,exact_binary64_match,timing_and_coverage_only_not_a_scientific_estimate
a03_os4_p64_equal_k32__s000,os4_p64_equal_k32,0,static_split,simple,equal,network_maxmin,1,0.006749999999999987,3f7ba5e353f7ceca,135,0.9159208000055514,0.890625,0.8270063000090886,0.8125,27b6eb99269f39425637b90fb638ae3e9e10db0ddad15b98a1ed740d725ebb4e,b041c414a3dfa3a4fe4aa0d2f2bc35892cd097d6ff94645a7df5117e16a6aafc,02b8b93c846ec5f679f63d5afcacddba0972d2f5532fd0d0b699941360977e2e,31fe9e5498096c62f1e729091c3ae7dad971734bfef4838ead6e5ce7a9775cdc,698c3f32f5decd4eed9d7881a4431e6d4ff17b48140f84b30bc4d9d9be2563fa,7.450580596923828e-09,0.0,2048,,,,,,,,not_applicable_new_allocator,timing_and_coverage_only_not_a_scientific_estimate
a03_os4_p64_equal_k32__s017,os4_p64_equal_k32,17,static_split,simple,equal,link_local_equal_share,1,0.006049999999999991,3f78c7e28240b776,121,0.8132299999997485,0.8125,0.7471720000030473,0.75,64101d0504604a664b157b1b7f1662a629193a652100673e7aa0af390fe70d38,b041c414a3dfa3a4fe4aa0d2f2bc35892cd097d6ff94645a7df5117e16a6aafc,8aad60a6b37bb6d9996fcabb23d91516898a899adb2970cd2de78c5871a3a939,524da2a708df5cdb188d8d5eaf2b94335c9fc0644e060d6164771c9ee2c88d42,698c3f32f5decd4eed9d7881a4431e6d4ff17b48140f84b30bc4d9d9be2563fa,0.0,0.0,2048,,,,,,,,exact_binary64_match,timing_and_coverage_only_not_a_scientific_estimate
a03_os4_p64_equal_k32__s017,os4_p64_equal_k32,17,static_split,simple,equal,network_maxmin,0,0.006049999999999991,3f78c7e28240b776,121,0.9229592000192497,0.921875,0.8523465000034776,0.84375,64101d0504604a664b157b1b7f1662a629193a652100673e7aa0af390fe70d38,b041c414a3dfa3a4fe4aa0d2f2bc35892cd097d6ff94645a7df5117e16a6aafc,8aad60a6b37bb6d9996fcabb23d91516898a899adb2970cd2de78c5871a3a939,524da2a708df5cdb188d8d5eaf2b94335c9fc0644e060d6164771c9ee2c88d42,698c3f32f5decd4eed9d7881a4431e6d4ff17b48140f84b30bc4d9d9be2563fa,0.0,0.0,2048,,,,,,,,not_applicable_new_allocator,timing_and_coverage_only_not_a_scientific_estimate
a03_os4_p64_equal_k32__s043,os4_p64_equal_k32,43,static_split,simple,equal,link_local_equal_share,0,0.006049999999999991,3f78c7e28240b776,121,0.9013054999813903,0.875,0.8310469999851193,0.8125,2543ab830ddddb2ba2071791c45c4208d1a6a50eb9e41aa200e1c106846af512,b041c414a3dfa3a4fe4aa0d2f2bc35892cd097d6ff94645a7df5117e16a6aafc,9376389ee8765153822c3333940c852c3858d941681ef804728140da78af67d2,54fd9d2e592c4f3024f5e4c8c92ebe9f9646573a95645af127690770280a9df7,698c3f32f5decd4eed9d7881a4431e6d4ff17b48140f84b30bc4d9d9be2563fa,0.0,0.0,2048,,,,,,,,exact_binary64_match,timing_and_coverage_only_not_a_scientific_estimate
a03_os4_p64_equal_k32__s043,os4_p64_equal_k32,43,static_split,simple,equal,network_maxmin,1,0.006049999999999991,3f78c7e28240b776,121,0.8535218000179157,0.828125,0.7697357999859378,0.75,2543ab830ddddb2ba2071791c45c4208d1a6a50eb9e41aa200e1c106846af512,b041c414a3dfa3a4fe4aa0d2f2bc35892cd097d6ff94645a7df5117e16a6aafc,9376389ee8765153822c3333940c852c3858d941681ef804728140da78af67d2,54fd9d2e592c4f3024f5e4c8c92ebe9f9646573a95645af127690770280a9df7,698c3f32f5decd4eed9d7881a4431e6d4ff17b48140f84b30bc4d9d9be2563fa,7.450580596923828e-09,0.0,2048,,,,,,,,not_applicable_new_allocator,timing_and_coverage_only_not_a_scientific_estimate
a03_os4_p64_equal_k32__s071,os4_p64_equal_k32,71,static_split,simple,equal,link_local_equal_share,1,0.006049999999999991,3f78c7e28240b776,121,0.859364200005075,0.84375,0.7913944000029005,0.78125,1ddc743ed1f72af00decf008f488457dd9a9a06fb0dee16b172315735b9bfcf6,b041c414a3dfa3a4fe4aa0d2f2bc35892cd097d6ff94645a7df5117e16a6aafc,37aa37a245ec0711166c2d0df3aa67ea5c5b461debb393d1fd036fd7c8b181cd,db1e6a749b88426e2a5bc36f363bdd7f709615241d304a51966199263b905df5,698c3f32f5decd4eed9d7881a4431e6d4ff17b48140f84b30bc4d9d9be2563fa,0.0,0.0,2048,,,,,,,,exact_binary64_match,timing_and_coverage_only_not_a_scientific_estimate
a03_os4_p64_equal_k32__s071,os4_p64_equal_k32,71,static_split,simple,equal,network_maxmin,0,0.006049999999999991,3f78c7e28240b776,121,0.891953000013018,0.875,0.8178575999918394,0.796875,1ddc743ed1f72af00decf008f488457dd9a9a06fb0dee16b172315735b9bfcf6,b041c414a3dfa3a4fe4aa0d2f2bc35892cd097d6ff94645a7df5117e16a6aafc,37aa37a245ec0711166c2d0df3aa67ea5c5b461debb393d1fd036fd7c8b181cd,db1e6a749b88426e2a5bc36f363bdd7f709615241d304a51966199263b905df5,698c3f32f5decd4eed9d7881a4431e6d4ff17b48140f84b30bc4d9d9be2563fa,7.450580596923828e-09,0.0,2048,,,,,,,,not_applicable_new_allocator,timing_and_coverage_only_not_a_scientific_estimate
a03_os4_p64_equal_k32__s099,os4_p64_equal_k32,99,static_split,simple,equal,link_local_equal_share,0,0.006049999999999991,3f78c7e28240b776,121,0.8899787999980617,0.890625,0.8187428000092041,0.8125,5e54e879c37db231f1ffb79af7f4d223026cdb02fd555bd23468abb0fb9d39b4,b041c414a3dfa3a4fe4aa0d2f2bc35892cd097d6ff94645a7df5117e16a6aafc,6888e4484986ad870b8206d94ea0e28abd921ffdbc89bede6d7cb2ba05aa8c7e,73f6983bcb34334644dad53b6b987d6bdcb21f19dc9872e2445817b32fb05484,698c3f32f5decd4eed9d7881a4431e6d4ff17b48140f84b30bc4d9d9be2563fa,0.0,0.0,2048,,,,,,,,exact_binary64_match,timing_and_coverage_only_not_a_scientific_estimate
a03_os4_p64_equal_k32__s099,os4_p64_equal_k32,99,static_split,simple,equal,network_maxmin,1,0.006049999999999991,3f78c7e28240b776,121,0.9173449999943841,0.90625,0.8308418999949936,0.8125,5e54e879c37db231f1ffb79af7f4d223026cdb02fd555bd23468abb0fb9d39b4,b041c414a3dfa3a4fe4aa0d2f2bc35892cd097d6ff94645a7df5117e16a6aafc,6888e4484986ad870b8206d94ea0e28abd921ffdbc89bede6d7cb2ba05aa8c7e,73f6983bcb34334644dad53b6b987d6bdcb21f19dc9872e2445817b32fb05484,698c3f32f5decd4eed9d7881a4431e6d4ff17b48140f84b30bc4d9d9be2563fa,7.450580596923828e-09,0.0,2048,,,,,,,,not_applicable_new_allocator,timing_and_coverage_only_not_a_scientific_estimate
a04_os4_p64_prop_k16__s000,os4_p64_prop_k16,0,static_split,proportional,proportional,link_local_equal_share,1,0.005899999999999992,3f782a9930be0de4,118,0.4164864999765996,0.421875,0.3910097999905702,0.390625,79c53459eeefe4b9db2774ff7481e2bbf564281c2fddc3b260241dda71a021c4,b041c414a3dfa3a4fe4aa0d2f2bc35892cd097d6ff94645a7df5117e16a6aafc,02b8b93c846ec5f679f63d5afcacddba0972d2f5532fd0d0b699941360977e2e,2c9bfc09fe35ec684fc0ae4a07f97ab5956b5ef62a09f788bb47cba48e59551a,698c3f32f5decd4eed9d7881a4431e6d4ff17b48140f84b30bc4d9d9be2563fa,2.9802322387695312e-08,0.0,1024,,,,,,,,exact_binary64_match,timing_and_coverage_only_not_a_scientific_estimate
a04_os4_p64_prop_k16__s000,os4_p64_prop_k16,0,static_split,proportional,proportional,network_maxmin,0,0.005399999999999995,3f761e4f765fd8a8,108,0.6253918999864254,0.609375,0.6035825999861117,0.578125,79c53459eeefe4b9db2774ff7481e2bbf564281c2fddc3b260241dda71a021c4,b041c414a3dfa3a4fe4aa0d2f2bc35892cd097d6ff94645a7df5117e16a6aafc,02b8b93c846ec5f679f63d5afcacddba0972d2f5532fd0d0b699941360977e2e,2c9bfc09fe35ec684fc0ae4a07f97ab5956b5ef62a09f788bb47cba48e59551a,698c3f32f5decd4eed9d7881a4431e6d4ff17b48140f84b30bc4d9d9be2563fa,2.9802322387695312e-08,0.0,1024,,,,,,,,not_applicable_new_allocator,timing_and_coverage_only_not_a_scientific_estimate
a04_os4_p64_prop_k16__s017,os4_p64_prop_k16,17,static_split,proportional,proportional,link_local_equal_share,0,0.005849999999999992,3f77f62b6ae7d55e,117,0.48650969998561777,0.484375,0.45927179997670464,0.46875,13308136b8e8677be1350c6e8fa758c14f20384e24238dba54a6ae0d0b660556,b041c414a3dfa3a4fe4aa0d2f2bc35892cd097d6ff94645a7df5117e16a6aafc,8aad60a6b37bb6d9996fcabb23d91516898a899adb2970cd2de78c5871a3a939,7fd2726e8c9dc045c237cced15af99a306731e8f8ce3680bdd11dfaa6642f20f,698c3f32f5decd4eed9d7881a4431e6d4ff17b48140f84b30bc4d9d9be2563fa,2.9802322387695312e-08,0.0,1024,,,,,,,,exact_binary64_match,timing_and_coverage_only_not_a_scientific_estimate
a04_os4_p64_prop_k16__s017,os4_p64_prop_k16,17,static_split,proportional,proportional,network_maxmin,1,0.005399999999999995,3f761e4f765fd8a8,108,0.4505957000073977,0.4375,0.43232740001985803,0.421875,13308136b8e8677be1350c6e8fa758c14f20384e24238dba54a6ae0d0b660556,b041c414a3dfa3a4fe4aa0d2f2bc35892cd097d6ff94645a7df5117e16a6aafc,8aad60a6b37bb6d9996fcabb23d91516898a899adb2970cd2de78c5871a3a939,7fd2726e8c9dc045c237cced15af99a306731e8f8ce3680bdd11dfaa6642f20f,698c3f32f5decd4eed9d7881a4431e6d4ff17b48140f84b30bc4d9d9be2563fa,2.9802322387695312e-08,0.0,1024,,,,,,,,not_applicable_new_allocator,timing_and_coverage_only_not_a_scientific_estimate
a04_os4_p64_prop_k16__s043,os4_p64_prop_k16,43,static_split,proportional,proportional,link_local_equal_share,1,0.005799999999999993,3f77c1bda5119cd8,116,0.39622419999795966,0.390625,0.37546130002010614,0.375,d4688bf341bf3f158a6b5487bd8f806048914298a6c012f74cc2d430574ea38e,b041c414a3dfa3a4fe4aa0d2f2bc35892cd097d6ff94645a7df5117e16a6aafc,9376389ee8765153822c3333940c852c3858d941681ef804728140da78af67d2,cfb484d866101868097e49b8008d5e0f0ee09501fedd2fb3b10167600312f340,698c3f32f5decd4eed9d7881a4431e6d4ff17b48140f84b30bc4d9d9be2563fa,2.9802322387695312e-08,0.0,1024,,,,,,,,exact_binary64_match,timing_and_coverage_only_not_a_scientific_estimate
a04_os4_p64_prop_k16__s043,os4_p64_prop_k16,43,static_split,proportional,proportional,network_maxmin,0,0.005399999999999995,3f761e4f765fd8a8,108,0.5985609999916051,0.59375,0.5760214000183623,0.5625,d4688bf341bf3f158a6b5487bd8f806048914298a6c012f74cc2d430574ea38e,b041c414a3dfa3a4fe4aa0d2f2bc35892cd097d6ff94645a7df5117e16a6aafc,9376389ee8765153822c3333940c852c3858d941681ef804728140da78af67d2,cfb484d866101868097e49b8008d5e0f0ee09501fedd2fb3b10167600312f340,698c3f32f5decd4eed9d7881a4431e6d4ff17b48140f84b30bc4d9d9be2563fa,2.9802322387695312e-08,0.0,1024,,,,,,,,not_applicable_new_allocator,timing_and_coverage_only_not_a_scientific_estimate
a04_os4_p64_prop_k16__s071,os4_p64_prop_k16,71,static_split,proportional,proportional,link_local_equal_share,0,0.005849999999999992,3f77f62b6ae7d55e,117,0.4011822000029497,0.40625,0.3773759999894537,0.375,6766b294fe0126e798de3fca93f37238cd4614bb8f121a943842aa4e0a3a3f42,b041c414a3dfa3a4fe4aa0d2f2bc35892cd097d6ff94645a7df5117e16a6aafc,37aa37a245ec0711166c2d0df3aa67ea5c5b461debb393d1fd036fd7c8b181cd,6ca91bdcf41adf8ee030e992c82d2ca2b61483a2b9eb3412034a278916847677,698c3f32f5decd4eed9d7881a4431e6d4ff17b48140f84b30bc4d9d9be2563fa,2.9802322387695312e-08,0.0,1024,,,,,,,,exact_binary64_match,timing_and_coverage_only_not_a_scientific_estimate
a04_os4_p64_prop_k16__s071,os4_p64_prop_k16,71,static_split,proportional,proportional,network_maxmin,1,0.005399999999999995,3f761e4f765fd8a8,108,0.484453700017184,0.484375,0.4612003000220284,0.46875,6766b294fe0126e798de3fca93f37238cd4614bb8f121a943842aa4e0a3a3f42,b041c414a3dfa3a4fe4aa0d2f2bc35892cd097d6ff94645a7df5117e16a6aafc,37aa37a245ec0711166c2d0df3aa67ea5c5b461debb393d1fd036fd7c8b181cd,6ca91bdcf41adf8ee030e992c82d2ca2b61483a2b9eb3412034a278916847677,698c3f32f5decd4eed9d7881a4431e6d4ff17b48140f84b30bc4d9d9be2563fa,4.470348358154297e-08,0.0,1024,,,,,,,,not_applicable_new_allocator,timing_and_coverage_only_not_a_scientific_estimate
a04_os4_p64_prop_k16__s099,os4_p64_prop_k16,99,static_split,proportional,proportional,link_local_equal_share,1,0.005699999999999993,3f7758e219652bcc,114,0.45951919999788515,0.4375,0.4378556000010576,0.4375,9035de35c5d40331ecd0a3598d09796af6ad79edbe6b550131cf5c9a4cd0aa64,b041c414a3dfa3a4fe4aa0d2f2bc35892cd097d6ff94645a7df5117e16a6aafc,6888e4484986ad870b8206d94ea0e28abd921ffdbc89bede6d7cb2ba05aa8c7e,a7456b1e9d2cbe961bed9421d96461d4e405e05310b50f1ff31d1834696045a7,698c3f32f5decd4eed9d7881a4431e6d4ff17b48140f84b30bc4d9d9be2563fa,2.2351741790771484e-08,0.0,1024,,,,,,,,exact_binary64_match,timing_and_coverage_only_not_a_scientific_estimate
a04_os4_p64_prop_k16__s099,os4_p64_prop_k16,99,static_split,proportional,proportional,network_maxmin,0,0.005399999999999995,3f761e4f765fd8a8,108,0.47865299999830313,0.484375,0.4594416000181809,0.46875,9035de35c5d40331ecd0a3598d09796af6ad79edbe6b550131cf5c9a4cd0aa64,b041c414a3dfa3a4fe4aa0d2f2bc35892cd097d6ff94645a7df5117e16a6aafc,6888e4484986ad870b8206d94ea0e28abd921ffdbc89bede6d7cb2ba05aa8c7e,a7456b1e9d2cbe961bed9421d96461d4e405e05310b50f1ff31d1834696045a7,698c3f32f5decd4eed9d7881a4431e6d4ff17b48140f84b30bc4d9d9be2563fa,2.9802322387695312e-08,0.0,1024,,,,,,,,not_applicable_new_allocator,timing_and_coverage_only_not_a_scientific_estimate
a05_2tier_p64_equal_k32__s000,2tier_p64_equal_k32,0,static_split,simple,equal,link_local_equal_share,0,0.005399999999999995,3f761e4f765fd8a8,108,0.5001264000020456,0.5,0.4805759000009857,0.484375,7e1f09f29877269a4133a25ef0539ead20fcd44c74dd7227b69274b67534de8a,a442e3459c4db0f144cad2f0088b3d94cabde81045209875e3a2993e0baaf919,aaa59be65272433e16de3263b0a29579b37d4e6ba855b5e0a8eec15ab75704a9,4c0621776dd5d20e73b4ff64c387ee7455b73bda67cdbb1a91d8b8070925bb53,698c3f32f5decd4eed9d7881a4431e6d4ff17b48140f84b30bc4d9d9be2563fa,0.0,0.0,2048,,,,,,,,exact_binary64_match,timing_and_coverage_only_not_a_scientific_estimate
a05_2tier_p64_equal_k32__s000,2tier_p64_equal_k32,0,static_split,simple,equal,network_maxmin,1,0.005399999999999995,3f761e4f765fd8a8,108,0.36257289999048226,0.375,0.3372910000034608,0.34375,7e1f09f29877269a4133a25ef0539ead20fcd44c74dd7227b69274b67534de8a,a442e3459c4db0f144cad2f0088b3d94cabde81045209875e3a2993e0baaf919,aaa59be65272433e16de3263b0a29579b37d4e6ba855b5e0a8eec15ab75704a9,4c0621776dd5d20e73b4ff64c387ee7455b73bda67cdbb1a91d8b8070925bb53,698c3f32f5decd4eed9d7881a4431e6d4ff17b48140f84b30bc4d9d9be2563fa,0.0,0.0,2048,,,,,,,,not_applicable_new_allocator,timing_and_coverage_only_not_a_scientific_estimate
a05_2tier_p64_equal_k32__s017,2tier_p64_equal_k32,17,static_split,simple,equal,link_local_equal_share,1,0.006049999999999991,3f78c7e28240b776,121,0.6285196999961045,0.625,0.5983872000069823,0.609375,fb9c22751bcb13024ed9ed597f168ee1ef6aca66ca0a20be47f490e1e72a5a4f,a442e3459c4db0f144cad2f0088b3d94cabde81045209875e3a2993e0baaf919,397607c52699ad96960ddd40f3ac0c49a31a056bddbad1770cd6294d3393d68b,f7f42bbb63b548bbff84361b1746b949373d57ca4e1e8d07b4d5f17121a27831,698c3f32f5decd4eed9d7881a4431e6d4ff17b48140f84b30bc4d9d9be2563fa,0.0,0.0,2048,,,,,,,,exact_binary64_match,timing_and_coverage_only_not_a_scientific_estimate
a05_2tier_p64_equal_k32__s017,2tier_p64_equal_k32,17,static_split,simple,equal,network_maxmin,0,0.006049999999999991,3f78c7e28240b776,121,0.4529243000142742,0.453125,0.42676279999432154,0.4375,fb9c22751bcb13024ed9ed597f168ee1ef6aca66ca0a20be47f490e1e72a5a4f,a442e3459c4db0f144cad2f0088b3d94cabde81045209875e3a2993e0baaf919,397607c52699ad96960ddd40f3ac0c49a31a056bddbad1770cd6294d3393d68b,f7f42bbb63b548bbff84361b1746b949373d57ca4e1e8d07b4d5f17121a27831,698c3f32f5decd4eed9d7881a4431e6d4ff17b48140f84b30bc4d9d9be2563fa,7.450580596923828e-09,0.0,2048,,,,,,,,not_applicable_new_allocator,timing_and_coverage_only_not_a_scientific_estimate
a05_2tier_p64_equal_k32__s043,2tier_p64_equal_k32,43,static_split,simple,equal,link_local_equal_share,0,0.006549999999999988,3f7ad42c3c9eecb2,131,0.549043899984099,0.546875,0.5282635999901686,0.53125,32367b72676c646fc8f252a015cd1f8042176bcbc6f999181ec13ee1acfa5dc8,a442e3459c4db0f144cad2f0088b3d94cabde81045209875e3a2993e0baaf919,770c4a35691c7634189548fe5a2a8e9ebb7d1844e879bcda301b025849837295,57da3cb7694121a8eef6e0e4e7bbe8e75cb98c6bc6050b1f4343e51a1b470112,698c3f32f5decd4eed9d7881a4431e6d4ff17b48140f84b30bc4d9d9be2563fa,0.0,0.0,2048,,,,,,,,exact_binary64_match,timing_and_coverage_only_not_a_scientific_estimate
a05_2tier_p64_equal_k32__s043,2tier_p64_equal_k32,43,static_split,simple,equal,network_maxmin,1,0.006549999999999988,3f7ad42c3c9eecb2,131,0.47138870001072064,0.453125,0.4465562000114005,0.421875,32367b72676c646fc8f252a015cd1f8042176bcbc6f999181ec13ee1acfa5dc8,a442e3459c4db0f144cad2f0088b3d94cabde81045209875e3a2993e0baaf919,770c4a35691c7634189548fe5a2a8e9ebb7d1844e879bcda301b025849837295,57da3cb7694121a8eef6e0e4e7bbe8e75cb98c6bc6050b1f4343e51a1b470112,698c3f32f5decd4eed9d7881a4431e6d4ff17b48140f84b30bc4d9d9be2563fa,7.450580596923828e-09,0.0,2048,,,,,,,,not_applicable_new_allocator,timing_and_coverage_only_not_a_scientific_estimate
a05_2tier_p64_equal_k32__s071,2tier_p64_equal_k32,71,static_split,simple,equal,link_local_equal_share,1,0.005549999999999994,3f76bb98c7e2823a,111,0.6033484000072349,0.609375,0.5774723000067752,0.578125,e6b6389d045742d899cae946cb5fb7b85f23517cfc30959262e00f37d73f84bb,a442e3459c4db0f144cad2f0088b3d94cabde81045209875e3a2993e0baaf919,2fdca83147b0603987a3ef469ae6eeda3e13e5eba0278fb2fc7da15f80477226,ccfa27e508f50badd3604244719d007512296210740b643691f2f1fa840de459,698c3f32f5decd4eed9d7881a4431e6d4ff17b48140f84b30bc4d9d9be2563fa,0.0,0.0,2048,,,,,,,,exact_binary64_match,timing_and_coverage_only_not_a_scientific_estimate
a05_2tier_p64_equal_k32__s071,2tier_p64_equal_k32,71,static_split,simple,equal,network_maxmin,0,0.005549999999999994,3f76bb98c7e2823a,111,0.4067223999882117,0.40625,0.3806829000241123,0.390625,e6b6389d045742d899cae946cb5fb7b85f23517cfc30959262e00f37d73f84bb,a442e3459c4db0f144cad2f0088b3d94cabde81045209875e3a2993e0baaf919,2fdca83147b0603987a3ef469ae6eeda3e13e5eba0278fb2fc7da15f80477226,ccfa27e508f50badd3604244719d007512296210740b643691f2f1fa840de459,698c3f32f5decd4eed9d7881a4431e6d4ff17b48140f84b30bc4d9d9be2563fa,7.450580596923828e-09,0.0,2048,,,,,,,,not_applicable_new_allocator,timing_and_coverage_only_not_a_scientific_estimate
a05_2tier_p64_equal_k32__s099,2tier_p64_equal_k32,99,static_split,simple,equal,link_local_equal_share,0,0.005749999999999993,3f778d4fdf3b6452,115,0.5301670000189915,0.53125,0.5054431999742519,0.5,e94aca21789581e1799e52043c1b5525687e17e10c34c8805b1ee876923c06cf,a442e3459c4db0f144cad2f0088b3d94cabde81045209875e3a2993e0baaf919,c3b8d3b84733ba2ada794bbcb5d5370f143ba129e16caf4c1b4b00a485922c4a,5c472a133e4c96c172009e42cb861ed0aceaf2fe916476f4b0ac8d785f05b219,698c3f32f5decd4eed9d7881a4431e6d4ff17b48140f84b30bc4d9d9be2563fa,0.0,0.0,2048,,,,,,,,exact_binary64_match,timing_and_coverage_only_not_a_scientific_estimate
a05_2tier_p64_equal_k32__s099,2tier_p64_equal_k32,99,static_split,simple,equal,network_maxmin,1,0.005749999999999993,3f778d4fdf3b6452,115,0.5030133999825921,0.5,0.4763495000079274,0.46875,e94aca21789581e1799e52043c1b5525687e17e10c34c8805b1ee876923c06cf,a442e3459c4db0f144cad2f0088b3d94cabde81045209875e3a2993e0baaf919,c3b8d3b84733ba2ada794bbcb5d5370f143ba129e16caf4c1b4b00a485922c4a,5c472a133e4c96c172009e42cb861ed0aceaf2fe916476f4b0ac8d785f05b219,698c3f32f5decd4eed9d7881a4431e6d4ff17b48140f84b30bc4d9d9be2563fa,7.450580596923828e-09,0.0,2048,,,,,,,,not_applicable_new_allocator,timing_and_coverage_only_not_a_scientific_estimate
a06_congestion_onoff_p16_equal_k8__s000,congestion_onoff_p16_equal_k8,0,congestion,simple,equal,link_local_equal_share,1,0.029650000000000336,3f9e5c91d14e3c2e,593,0.44407859997591004,0.4375,0.43653720000293106,0.4375,1e932a3f032199b934ef1b98cba7e7e8a58b9fbc3bf9fbcf6579c443ed7569d4,5abd8f8f5ebc82c57e6a2d89ae8534ea4c2a9dae978bc2ec2e422703ca0457d5,37c8432e7e1de92c24cadb7af2950de4263654719dddeeff74b4124657e22388,c7483980ef4745b48c315999b9efa7f02f891a9974f8669b22593d7e9e76cb5d,ee8bfb920a549b25ee791e29710ee15aa91d75934a6d9970cbc34a65fd1610a9,1.1920928955078125e-07,0.0,128,,,,,,,,exact_binary64_match,timing_and_coverage_only_not_a_scientific_estimate
a06_congestion_onoff_p16_equal_k8__s000,congestion_onoff_p16_equal_k8,0,congestion,simple,equal,network_maxmin,0,0.028550000000000304,3f9d3c3611340542,571,0.5336196999996901,0.546875,0.5277295999985654,0.53125,1e932a3f032199b934ef1b98cba7e7e8a58b9fbc3bf9fbcf6579c443ed7569d4,5abd8f8f5ebc82c57e6a2d89ae8534ea4c2a9dae978bc2ec2e422703ca0457d5,37c8432e7e1de92c24cadb7af2950de4263654719dddeeff74b4124657e22388,c7483980ef4745b48c315999b9efa7f02f891a9974f8669b22593d7e9e76cb5d,ee8bfb920a549b25ee791e29710ee15aa91d75934a6d9970cbc34a65fd1610a9,2.682209014892578e-07,0.0,128,,,,,,,,not_applicable_new_allocator,timing_and_coverage_only_not_a_scientific_estimate
a06_congestion_onoff_p16_equal_k8__s017,congestion_onoff_p16_equal_k8,17,congestion,simple,equal,link_local_equal_share,0,0.04120000000000067,3fa5182a9930be6e,824,0.5222680000006221,0.5,0.5122923000017181,0.484375,a62f770d12f19a2e168a27c9a3760aa6f8d7552657e9e7f15ecc28c8f4d3d045,5abd8f8f5ebc82c57e6a2d89ae8534ea4c2a9dae978bc2ec2e422703ca0457d5,094d79ae1399522524e88e5cc0538f3527c3bb5ee3dd43d25ac4b76ee933706a,9149c9ca5c565a11df1098d356cd7012e5ffc828367e9aeeaa77ca60feb234e9,218bb37cb041a7d77dc26b7b4a33b8ffc7a90cf3c72afd97d77dc5489b79a2cc,3.5762786865234375e-07,0.0,128,,,,,,,,exact_binary64_match,timing_and_coverage_only_not_a_scientific_estimate
a06_congestion_onoff_p16_equal_k8__s017,congestion_onoff_p16_equal_k8,17,congestion,simple,equal,network_maxmin,1,0.04095000000000066,3fa4f765fd8adb19,819,0.6165872999990825,0.625,0.608899199985899,0.609375,a62f770d12f19a2e168a27c9a3760aa6f8d7552657e9e7f15ecc28c8f4d3d045,5abd8f8f5ebc82c57e6a2d89ae8534ea4c2a9dae978bc2ec2e422703ca0457d5,094d79ae1399522524e88e5cc0538f3527c3bb5ee3dd43d25ac4b76ee933706a,9149c9ca5c565a11df1098d356cd7012e5ffc828367e9aeeaa77ca60feb234e9,218bb37cb041a7d77dc26b7b4a33b8ffc7a90cf3c72afd97d77dc5489b79a2cc,3.5762786865234375e-07,0.0,128,,,,,,,,not_applicable_new_allocator,timing_and_coverage_only_not_a_scientific_estimate
a06_congestion_onoff_p16_equal_k8__s043,congestion_onoff_p16_equal_k8,43,congestion,simple,equal,link_local_equal_share,1,0.03230000000000041,3fa089a02752549c,646,0.48549620000994764,0.484375,0.47827749999123625,0.46875,e2818079f7478128749c297acff66b059d79a3d5ea90aa4837c5a3e3ef4aefa7,5abd8f8f5ebc82c57e6a2d89ae8534ea4c2a9dae978bc2ec2e422703ca0457d5,bbac004dbd3dfac1e6c9167d53d70bd20a54955ad8c461b7a9f7f576b32917b9,63d2ebc129c8e34cd53664f98fa7c220ebedefe26ccd651a9e7ad627b2044297,0ef36f2213d03ddb7eb7aba90f0812ad966972d7d0465b24be622a855a84feb5,1.7881393432617188e-07,0.0,128,,,,,,,,exact_binary64_match,timing_and_coverage_only_not_a_scientific_estimate
a06_congestion_onoff_p16_equal_k8__s043,congestion_onoff_p16_equal_k8,43,congestion,simple,equal,network_maxmin,0,0.030950000000000373,3f9fb15b573eaba2,619,0.5264584999822546,0.515625,0.51997520000441,0.515625,e2818079f7478128749c297acff66b059d79a3d5ea90aa4837c5a3e3ef4aefa7,5abd8f8f5ebc82c57e6a2d89ae8534ea4c2a9dae978bc2ec2e422703ca0457d5,bbac004dbd3dfac1e6c9167d53d70bd20a54955ad8c461b7a9f7f576b32917b9,63d2ebc129c8e34cd53664f98fa7c220ebedefe26ccd651a9e7ad627b2044297,0ef36f2213d03ddb7eb7aba90f0812ad966972d7d0465b24be622a855a84feb5,2.086162567138672e-07,0.0,128,,,,,,,,not_applicable_new_allocator,timing_and_coverage_only_not_a_scientific_estimate
a06_congestion_onoff_p16_equal_k8__s071,congestion_onoff_p16_equal_k8,71,congestion,simple,equal,link_local_equal_share,0,0.04410000000000075,3fa694467381d848,882,0.5594602000201121,0.53125,0.5528442999930121,0.53125,3f20341f40632ed4fbb80e442537a5c57871b85f3a4a3b1f2c55286d99f9721c,5abd8f8f5ebc82c57e6a2d89ae8534ea4c2a9dae978bc2ec2e422703ca0457d5,195933579c8e284f584872b9710e6392de21688320a1dceb28496cfab6476e36,e40f171b91061398e365edf430890e9e0eb8a0593615553ed45fbffefd898806,6b81be4cbf1d8a418e19675160a5d3b4ee805d09c4f6ce7ff9c0b3c70d35e675,2.980232238769531e-07,0.0,128,,,,,,,,exact_binary64_match,timing_and_coverage_only_not_a_scientific_estimate
a06_congestion_onoff_p16_equal_k8__s071,congestion_onoff_p16_equal_k8,71,congestion,simple,equal,network_maxmin,1,0.04300000000000072,3fa604189374bcd2,860,0.6460458000074141,0.640625,0.6330495000001974,0.625,3f20341f40632ed4fbb80e442537a5c57871b85f3a4a3b1f2c55286d99f9721c,5abd8f8f5ebc82c57e6a2d89ae8534ea4c2a9dae978bc2ec2e422703ca0457d5,195933579c8e284f584872b9710e6392de21688320a1dceb28496cfab6476e36,e40f171b91061398e365edf430890e9e0eb8a0593615553ed45fbffefd898806,6b81be4cbf1d8a418e19675160a5d3b4ee805d09c4f6ce7ff9c0b3c70d35e675,1.7881393432617188e-07,0.0,128,,,,,,,,not_applicable_new_allocator,timing_and_coverage_only_not_a_scientific_estimate
a06_congestion_onoff_p16_equal_k8__s099,congestion_onoff_p16_equal_k8,99,congestion,simple,equal,link_local_equal_share,1,0.028150000000000293,3f9cd35a85879432,563,0.4231087999942247,0.421875,0.4161846000060905,0.421875,c29b7bea282c628e2040865347f86286612d9fd7d365230604a681022edcd862,5abd8f8f5ebc82c57e6a2d89ae8534ea4c2a9dae978bc2ec2e422703ca0457d5,b878b968a0be6c21b6c30d4a741d74cd2d9af1a9886618420afa060efde75070,cec5d2252b3465e7d5b352b1375b0eb531d14b8c5c5617658e9b494bb642673a,5c30dfc1293a8788c67c080222aea638df959987cf0f1025f874b5f9678f84be,2.980232238769531e-07,0.0,128,,,,,,,,exact_binary64_match,timing_and_coverage_only_not_a_scientific_estimate
a06_congestion_onoff_p16_equal_k8__s099,congestion_onoff_p16_equal_k8,99,congestion,simple,equal,network_maxmin,0,0.026150000000000236,3f9ac710cb295ee2,523,0.5674776000087149,0.578125,0.5587508000025991,0.5625,c29b7bea282c628e2040865347f86286612d9fd7d365230604a681022edcd862,5abd8f8f5ebc82c57e6a2d89ae8534ea4c2a9dae978bc2ec2e422703ca0457d5,b878b968a0be6c21b6c30d4a741d74cd2d9af1a9886618420afa060efde75070,cec5d2252b3465e7d5b352b1375b0eb531d14b8c5c5617658e9b494bb642673a,5c30dfc1293a8788c67c080222aea638df959987cf0f1025f874b5f9678f84be,4.172325134277344e-07,0.0,128,,,,,,,,not_applicable_new_allocator,timing_and_coverage_only_not_a_scientific_estimate
a07_congestion_iid_p16_equal_k8__s000,congestion_iid_p16_equal_k8,0,congestion,simple,equal,link_local_equal_share,0,0.021900000000000114,3f966cf41f212d98,438,0.3784092999994755,0.390625,0.3694332999875769,0.375,ca8c7c5889937cf95b94df153c21497569e0753023884a4bdb8a2654e509d3e7,5abd8f8f5ebc82c57e6a2d89ae8534ea4c2a9dae978bc2ec2e422703ca0457d5,37c8432e7e1de92c24cadb7af2950de4263654719dddeeff74b4124657e22388,c7483980ef4745b48c315999b9efa7f02f891a9974f8669b22593d7e9e76cb5d,a9e4d1765afb1a1454544d8d3696720883deb756b6ab9023286f29b5699757c1,2.9802322387695312e-08,0.0,128,,,,,,,,exact_binary64_match,timing_and_coverage_only_not_a_scientific_estimate
a07_congestion_iid_p16_equal_k8__s000,congestion_iid_p16_equal_k8,0,congestion,simple,equal,network_maxmin,1,0.021600000000000105,3f961e4f765fd8cc,432,0.3813713999988977,0.328125,0.37358020001556724,0.328125,ca8c7c5889937cf95b94df153c21497569e0753023884a4bdb8a2654e509d3e7,5abd8f8f5ebc82c57e6a2d89ae8534ea4c2a9dae978bc2ec2e422703ca0457d5,37c8432e7e1de92c24cadb7af2950de4263654719dddeeff74b4124657e22388,c7483980ef4745b48c315999b9efa7f02f891a9974f8669b22593d7e9e76cb5d,a9e4d1765afb1a1454544d8d3696720883deb756b6ab9023286f29b5699757c1,8.940696716308594e-08,0.0,128,,,,,,,,not_applicable_new_allocator,timing_and_coverage_only_not_a_scientific_estimate
a07_congestion_iid_p16_equal_k8__s017,congestion_iid_p16_equal_k8,17,congestion,simple,equal,link_local_equal_share,1,0.022250000000000124,3f96c8b439581086,445,0.32969990000128746,0.328125,0.3222509000042919,0.328125,3a169ac20c10ee266efc913b7554e9a442a0b83d9318b6b316f515a4958adb25,5abd8f8f5ebc82c57e6a2d89ae8534ea4c2a9dae978bc2ec2e422703ca0457d5,094d79ae1399522524e88e5cc0538f3527c3bb5ee3dd43d25ac4b76ee933706a,9149c9ca5c565a11df1098d356cd7012e5ffc828367e9aeeaa77ca60feb234e9,aaa9b971fd1345ef148ade32c0b5bf444e274dddce21bbc76c8b3fab6d2a7fec,5.960464477539063e-08,0.0,128,,,,,,,,exact_binary64_match,timing_and_coverage_only_not_a_scientific_estimate
a07_congestion_iid_p16_equal_k8__s017,congestion_iid_p16_equal_k8,17,congestion,simple,equal,network_maxmin,0,0.021600000000000105,3f961e4f765fd8cc,432,0.39604200000758283,0.40625,0.38804540000273846,0.390625,3a169ac20c10ee266efc913b7554e9a442a0b83d9318b6b316f515a4958adb25,5abd8f8f5ebc82c57e6a2d89ae8534ea4c2a9dae978bc2ec2e422703ca0457d5,094d79ae1399522524e88e5cc0538f3527c3bb5ee3dd43d25ac4b76ee933706a,9149c9ca5c565a11df1098d356cd7012e5ffc828367e9aeeaa77ca60feb234e9,aaa9b971fd1345ef148ade32c0b5bf444e274dddce21bbc76c8b3fab6d2a7fec,1.1920928955078125e-07,0.0,128,,,,,,,,not_applicable_new_allocator,timing_and_coverage_only_not_a_scientific_estimate
a07_congestion_iid_p16_equal_k8__s043,congestion_iid_p16_equal_k8,43,congestion,simple,equal,link_local_equal_share,0,0.021850000000000112,3f965fd8adab9f76,437,0.36240829998860136,0.359375,0.3533754000090994,0.359375,0f6245f87bd9062f5eb78d60657dfce208e68fbb16960c4445cdcda8e5ff7b84,5abd8f8f5ebc82c57e6a2d89ae8534ea4c2a9dae978bc2ec2e422703ca0457d5,bbac004dbd3dfac1e6c9167d53d70bd20a54955ad8c461b7a9f7f576b32917b9,63d2ebc129c8e34cd53664f98fa7c220ebedefe26ccd651a9e7ad627b2044297,f2fe128af451ed2df8dbf6abc375503e83f0d74bb5a1c7282aef54ac14183d78,2.9802322387695312e-08,0.0,128,,,,,,,,exact_binary64_match,timing_and_coverage_only_not_a_scientific_estimate
a07_congestion_iid_p16_equal_k8__s043,congestion_iid_p16_equal_k8,43,congestion,simple,equal,network_maxmin,1,0.021600000000000105,3f961e4f765fd8cc,432,0.4048072999867145,0.390625,0.39689350000116974,0.390625,0f6245f87bd9062f5eb78d60657dfce208e68fbb16960c4445cdcda8e5ff7b84,5abd8f8f5ebc82c57e6a2d89ae8534ea4c2a9dae978bc2ec2e422703ca0457d5,bbac004dbd3dfac1e6c9167d53d70bd20a54955ad8c461b7a9f7f576b32917b9,63d2ebc129c8e34cd53664f98fa7c220ebedefe26ccd651a9e7ad627b2044297,f2fe128af451ed2df8dbf6abc375503e83f0d74bb5a1c7282aef54ac14183d78,5.960464477539063e-08,0.0,128,,,,,,,,not_applicable_new_allocator,timing_and_coverage_only_not_a_scientific_estimate
a07_congestion_iid_p16_equal_k8__s071,congestion_iid_p16_equal_k8,71,congestion,simple,equal,link_local_equal_share,1,0.02215000000000012,3f96ae7d566cf442,443,0.3495407000009436,0.359375,0.3435227999871131,0.34375,e7a71f2f8490d12ca0f2ee9aa88e1bb555f4275dd508035dbab57f31ef59c3d6,5abd8f8f5ebc82c57e6a2d89ae8534ea4c2a9dae978bc2ec2e422703ca0457d5,195933579c8e284f584872b9710e6392de21688320a1dceb28496cfab6476e36,e40f171b91061398e365edf430890e9e0eb8a0593615553ed45fbffefd898806,9b83934d842b3fde78c15cb64e921012ae2c1a3ac19d68647565b89c36ab7760,5.960464477539063e-08,0.0,128,,,,,,,,exact_binary64_match,timing_and_coverage_only_not_a_scientific_estimate
a07_congestion_iid_p16_equal_k8__s071,congestion_iid_p16_equal_k8,71,congestion,simple,equal,network_maxmin,0,0.021650000000000107,3f962b6ae7d566ee,433,0.4199374000017997,0.421875,0.41153439998743124,0.40625,e7a71f2f8490d12ca0f2ee9aa88e1bb555f4275dd508035dbab57f31ef59c3d6,5abd8f8f5ebc82c57e6a2d89ae8534ea4c2a9dae978bc2ec2e422703ca0457d5,195933579c8e284f584872b9710e6392de21688320a1dceb28496cfab6476e36,e40f171b91061398e365edf430890e9e0eb8a0593615553ed45fbffefd898806,9b83934d842b3fde78c15cb64e921012ae2c1a3ac19d68647565b89c36ab7760,1.1920928955078125e-07,0.0,128,,,,,,,,not_applicable_new_allocator,timing_and_coverage_only_not_a_scientific_estimate
a07_congestion_iid_p16_equal_k8__s099,congestion_iid_p16_equal_k8,99,congestion,simple,equal,link_local_equal_share,0,0.02180000000000011,3f9652bd3c361154,436,0.3444417999999132,0.34375,0.3360365999978967,0.34375,e317e06fb8db4c1148d0c96a6b72f5619c1f07383e6f68ae78753b32c8dadc42,5abd8f8f5ebc82c57e6a2d89ae8534ea4c2a9dae978bc2ec2e422703ca0457d5,b878b968a0be6c21b6c30d4a741d74cd2d9af1a9886618420afa060efde75070,cec5d2252b3465e7d5b352b1375b0eb531d14b8c5c5617658e9b494bb642673a,9c70c9e90aeb75d6eb7c2100281ab42754000ed3c4b4be4960f15961e1fc4d28,5.960464477539063e-08,0.0,128,,,,,,,,exact_binary64_match,timing_and_coverage_only_not_a_scientific_estimate
a07_congestion_iid_p16_equal_k8__s099,congestion_iid_p16_equal_k8,99,congestion,simple,equal,network_maxmin,1,0.021600000000000105,3f961e4f765fd8cc,432,0.4147083999996539,0.40625,0.40723549999529496,0.40625,e317e06fb8db4c1148d0c96a6b72f5619c1f07383e6f68ae78753b32c8dadc42,5abd8f8f5ebc82c57e6a2d89ae8534ea4c2a9dae978bc2ec2e422703ca0457d5,b878b968a0be6c21b6c30d4a741d74cd2d9af1a9886618420afa060efde75070,cec5d2252b3465e7d5b352b1375b0eb531d14b8c5c5617658e9b494bb642673a,9c70c9e90aeb75d6eb7c2100281ab42754000ed3c4b4be4960f15961e1fc4d28,1.1920928955078125e-07,0.0,128,,,,,,,,not_applicable_new_allocator,timing_and_coverage_only_not_a_scientific_estimate
a08_congestion_hot_spot_p16_equal_k8__s000,congestion_hot_spot_p16_equal_k8,0,congestion,simple,equal,link_local_equal_share,1,0.03855000000000059,3fa3bcd35a8587e9,771,0.4066586999979336,0.40625,0.39859210001304746,0.40625,86008a21c7682e2bd93d73acb7f3bebed63e42d044654f575af5b91c171d7202,5abd8f8f5ebc82c57e6a2d89ae8534ea4c2a9dae978bc2ec2e422703ca0457d5,37c8432e7e1de92c24cadb7af2950de4263654719dddeeff74b4124657e22388,c7483980ef4745b48c315999b9efa7f02f891a9974f8669b22593d7e9e76cb5d,526d694e82550df010fa332c28e4efefb328fb724985ff5bf1811fe7ab7342e2,2.086162567138672e-07,0.0,128,,,,,,,,exact_binary64_match,timing_and_coverage_only_not_a_scientific_estimate
a08_congestion_hot_spot_p16_equal_k8__s000,congestion_hot_spot_p16_equal_k8,0,congestion,simple,equal,network_maxmin,0,0.03650000000000053,3fa2b020c49ba630,730,0.49314180001965724,0.484375,0.4849498000112362,0.46875,86008a21c7682e2bd93d73acb7f3bebed63e42d044654f575af5b91c171d7202,5abd8f8f5ebc82c57e6a2d89ae8534ea4c2a9dae978bc2ec2e422703ca0457d5,37c8432e7e1de92c24cadb7af2950de4263654719dddeeff74b4124657e22388,c7483980ef4745b48c315999b9efa7f02f891a9974f8669b22593d7e9e76cb5d,526d694e82550df010fa332c28e4efefb328fb724985ff5bf1811fe7ab7342e2,2.384185791015625e-07,0.0,128,,,,,,,,not_applicable_new_allocator,timing_and_coverage_only_not_a_scientific_estimate
a08_congestion_hot_spot_p16_equal_k8__s017,congestion_hot_spot_p16_equal_k8,17,congestion,simple,equal,link_local_equal_share,0,0.05430000000000104,3fabcd35a85879d4,1086,0.4512963999877684,0.4375,0.4453992999915499,0.421875,534095573a4c0d2b77b87f144f69b1869e53c6290acabd24c1ac4e3012dba854,5abd8f8f5ebc82c57e6a2d89ae8534ea4c2a9dae978bc2ec2e422703ca0457d5,094d79ae1399522524e88e5cc0538f3527c3bb5ee3dd43d25ac4b76ee933706a,9149c9ca5c565a11df1098d356cd7012e5ffc828367e9aeeaa77ca60feb234e9,d702d4a8bbcdd73b0d5dd39c5845b7b01c24646f41847fb53ec9fb124516c3ed,1.4901161193847656e-07,0.0,128,,,,,,,,exact_binary64_match,timing_and_coverage_only_not_a_scientific_estimate
a08_congestion_hot_spot_p16_equal_k8__s017,congestion_hot_spot_p16_equal_k8,17,congestion,simple,equal,network_maxmin,1,0.05415000000000104,3fabb98c7e2824a1,1083,0.5322735000227112,0.515625,0.5263520999869797,0.5,534095573a4c0d2b77b87f144f69b1869e53c6290acabd24c1ac4e3012dba854,5abd8f8f5ebc82c57e6a2d89ae8534ea4c2a9dae978bc2ec2e422703ca0457d5,094d79ae1399522524e88e5cc0538f3527c3bb5ee3dd43d25ac4b76ee933706a,9149c9ca5c565a11df1098d356cd7012e5ffc828367e9aeeaa77ca60feb234e9,d702d4a8bbcdd73b0d5dd39c5845b7b01c24646f41847fb53ec9fb124516c3ed,8.940696716308594e-08,0.0,128,,,,,,,,not_applicable_new_allocator,timing_and_coverage_only_not_a_scientific_estimate
a08_congestion_hot_spot_p16_equal_k8__s043,congestion_hot_spot_p16_equal_k8,43,congestion,simple,equal,link_local_equal_share,1,0.034500000000000475,3fa1a9fbe76c8b88,690,0.3753109000099357,0.375,0.3673986000067089,0.375,1e28e46742142294dc963cdcc3e3d64771e1c9fdb91314bad9dc80b9d48d3950,5abd8f8f5ebc82c57e6a2d89ae8534ea4c2a9dae978bc2ec2e422703ca0457d5,bbac004dbd3dfac1e6c9167d53d70bd20a54955ad8c461b7a9f7f576b32917b9,63d2ebc129c8e34cd53664f98fa7c220ebedefe26ccd651a9e7ad627b2044297,2b28dff5b8565c673b7809c0c283ca8f5802ee55537d771679be0b03f532f1e6,1.4901161193847656e-07,0.0,128,,,,,,,,exact_binary64_match,timing_and_coverage_only_not_a_scientific_estimate
a08_congestion_hot_spot_p16_equal_k8__s043,congestion_hot_spot_p16_equal_k8,43,congestion,simple,equal,network_maxmin,0,0.033100000000000435,3fa0f27bb2fec5ac,662,0.49623720001545735,0.484375,0.4852227999945171,0.46875,1e28e46742142294dc963cdcc3e3d64771e1c9fdb91314bad9dc80b9d48d3950,5abd8f8f5ebc82c57e6a2d89ae8534ea4c2a9dae978bc2ec2e422703ca0457d5,bbac004dbd3dfac1e6c9167d53d70bd20a54955ad8c461b7a9f7f576b32917b9,63d2ebc129c8e34cd53664f98fa7c220ebedefe26ccd651a9e7ad627b2044297,2b28dff5b8565c673b7809c0c283ca8f5802ee55537d771679be0b03f532f1e6,5.364418029785156e-07,0.0,128,,,,,,,,not_applicable_new_allocator,timing_and_coverage_only_not_a_scientific_estimate
a08_congestion_hot_spot_p16_equal_k8__s071,congestion_hot_spot_p16_equal_k8,71,congestion,simple,equal,link_local_equal_share,0,0.05765000000000114,3fad844d013a9347,1153,0.5273127999971621,0.5,0.513909799978137,0.484375,307e450c842d036120f96f845dd51160a4a480cae7f1496949f3451001aa40c5,5abd8f8f5ebc82c57e6a2d89ae8534ea4c2a9dae978bc2ec2e422703ca0457d5,195933579c8e284f584872b9710e6392de21688320a1dceb28496cfab6476e36,e40f171b91061398e365edf430890e9e0eb8a0593615553ed45fbffefd898806,266eaf245da4482f8ff58077276ea293d81cd4c59cd5de1252fb2ad2713b41c4,1.7881393432617188e-07,0.0,128,,,,,,,,exact_binary64_match,timing_and_coverage_only_not_a_scientific_estimate
a08_congestion_hot_spot_p16_equal_k8__s071,congestion_hot_spot_p16_equal_k8,71,congestion,simple,equal,network_maxmin,1,0.05590000000000109,3fac9eecbfb15bf4,1118,0.5805743999953847,0.578125,0.5735664000094403,0.5625,307e450c842d036120f96f845dd51160a4a480cae7f1496949f3451001aa40c5,5abd8f8f5ebc82c57e6a2d89ae8534ea4c2a9dae978bc2ec2e422703ca0457d5,195933579c8e284f584872b9710e6392de21688320a1dceb28496cfab6476e36,e40f171b91061398e365edf430890e9e0eb8a0593615553ed45fbffefd898806,266eaf245da4482f8ff58077276ea293d81cd4c59cd5de1252fb2ad2713b41c4,2.384185791015625e-07,0.0,128,,,,,,,,not_applicable_new_allocator,timing_and_coverage_only_not_a_scientific_estimate
a08_congestion_hot_spot_p16_equal_k8__s099,congestion_hot_spot_p16_equal_k8,99,congestion,simple,equal,link_local_equal_share,1,0.04050000000000065,3fa4bc6a7ef9db80,810,0.3879791999934241,0.390625,0.37990639999043196,0.375,23554691711bc9b0484d876aec49233bc2c9a84464067f05dcf514051c6bc650,5abd8f8f5ebc82c57e6a2d89ae8534ea4c2a9dae978bc2ec2e422703ca0457d5,b878b968a0be6c21b6c30d4a741d74cd2d9af1a9886618420afa060efde75070,cec5d2252b3465e7d5b352b1375b0eb531d14b8c5c5617658e9b494bb642673a,0e60a3a7125279c12e61a1e6ad46ad6aa8d75e3bbbd6d7e6e9ba72cb0cd7c050,2.384185791015625e-07,0.0,128,,,,,,,,exact_binary64_match,timing_and_coverage_only_not_a_scientific_estimate
a08_congestion_hot_spot_p16_equal_k8__s099,congestion_hot_spot_p16_equal_k8,99,congestion,simple,equal,network_maxmin,0,0.039750000000000625,3fa45a1cac083181,795,0.5315526000049431,0.515625,0.5231363999773748,0.515625,23554691711bc9b0484d876aec49233bc2c9a84464067f05dcf514051c6bc650,5abd8f8f5ebc82c57e6a2d89ae8534ea4c2a9dae978bc2ec2e422703ca0457d5,b878b968a0be6c21b6c30d4a741d74cd2d9af1a9886618420afa060efde75070,cec5d2252b3465e7d5b352b1375b0eb531d14b8c5c5617658e9b494bb642673a,0e60a3a7125279c12e61a1e6ad46ad6aa8d75e3bbbd6d7e6e9ba72cb0cd7c050,2.980232238769531e-07,0.0,128,,,,,,,,not_applicable_new_allocator,timing_and_coverage_only_not_a_scientific_estimate
a09_congestion_microburst_p16_equal_k8__s000,congestion_microburst_p16_equal_k8,0,congestion,simple,equal,link_local_equal_share,0,0.021600000000000105,3f961e4f765fd8cc,432,0.3762738000077661,0.375,0.36814229999436066,0.375,c5a8227c814ab250619904643808625900fbb8d6e4700da5401c2a2f894c717c,5abd8f8f5ebc82c57e6a2d89ae8534ea4c2a9dae978bc2ec2e422703ca0457d5,37c8432e7e1de92c24cadb7af2950de4263654719dddeeff74b4124657e22388,c7483980ef4745b48c315999b9efa7f02f891a9974f8669b22593d7e9e76cb5d,2154dbc0201595e6fdb17838ae53f9e188c345a771ebbd060430ea5a3f66af52,0.0,0.0,128,,,,,,,,exact_binary64_match,timing_and_coverage_only_not_a_scientific_estimate
a09_congestion_microburst_p16_equal_k8__s000,congestion_microburst_p16_equal_k8,0,congestion,simple,equal,network_maxmin,1,0.021550000000000104,3f96113404ea4aaa,431,0.4004351999901701,0.390625,0.3927148000220768,0.390625,c5a8227c814ab250619904643808625900fbb8d6e4700da5401c2a2f894c717c,5abd8f8f5ebc82c57e6a2d89ae8534ea4c2a9dae978bc2ec2e422703ca0457d5,37c8432e7e1de92c24cadb7af2950de4263654719dddeeff74b4124657e22388,c7483980ef4745b48c315999b9efa7f02f891a9974f8669b22593d7e9e76cb5d,2154dbc0201595e6fdb17838ae53f9e188c345a771ebbd060430ea5a3f66af52,5.960464477539063e-08,0.0,128,,,,,,,,not_applicable_new_allocator,timing_and_coverage_only_not_a_scientific_estimate
a09_congestion_microburst_p16_equal_k8__s017,congestion_microburst_p16_equal_k8,17,congestion,simple,equal,link_local_equal_share,1,0.021650000000000107,3f962b6ae7d566ee,433,0.3868256999994628,0.375,0.3803611999901477,0.359375,f69eb2702b369829c46ed46d5a57c47d70fafad4675345a4c1be944ed938a6d6,5abd8f8f5ebc82c57e6a2d89ae8534ea4c2a9dae978bc2ec2e422703ca0457d5,094d79ae1399522524e88e5cc0538f3527c3bb5ee3dd43d25ac4b76ee933706a,9149c9ca5c565a11df1098d356cd7012e5ffc828367e9aeeaa77ca60feb234e9,8a4a47f30a98243a4f95837dae5c7e9b410fbf686d6ee0e3d2afcdca30f4b55f,0.0,0.0,128,,,,,,,,exact_binary64_match,timing_and_coverage_only_not_a_scientific_estimate
a09_congestion_microburst_p16_equal_k8__s017,congestion_microburst_p16_equal_k8,17,congestion,simple,equal,network_maxmin,0,0.021550000000000104,3f96113404ea4aaa,431,0.4219906000071205,0.390625,0.4146525000105612,0.375,f69eb2702b369829c46ed46d5a57c47d70fafad4675345a4c1be944ed938a6d6,5abd8f8f5ebc82c57e6a2d89ae8534ea4c2a9dae978bc2ec2e422703ca0457d5,094d79ae1399522524e88e5cc0538f3527c3bb5ee3dd43d25ac4b76ee933706a,9149c9ca5c565a11df1098d356cd7012e5ffc828367e9aeeaa77ca60feb234e9,8a4a47f30a98243a4f95837dae5c7e9b410fbf686d6ee0e3d2afcdca30f4b55f,5.960464477539063e-08,0.0,128,,,,,,,,not_applicable_new_allocator,timing_and_coverage_only_not_a_scientific_estimate
a09_congestion_microburst_p16_equal_k8__s043,congestion_microburst_p16_equal_k8,43,congestion,simple,equal,link_local_equal_share,0,0.021600000000000105,3f961e4f765fd8cc,432,0.37699059999431483,0.359375,0.3661697000206914,0.359375,1eac3d530159a6474323ce89872a9a46b7a530f6a677281d266a9f5bc12a57b2,5abd8f8f5ebc82c57e6a2d89ae8534ea4c2a9dae978bc2ec2e422703ca0457d5,bbac004dbd3dfac1e6c9167d53d70bd20a54955ad8c461b7a9f7f576b32917b9,63d2ebc129c8e34cd53664f98fa7c220ebedefe26ccd651a9e7ad627b2044297,2f1c17c81653f12ee989bf12868eabed52c8f9005bbf789c47f32dd50563d023,0.0,0.0,128,,,,,,,,exact_binary64_match,timing_and_coverage_only_not_a_scientific_estimate
a09_congestion_microburst_p16_equal_k8__s043,congestion_microburst_p16_equal_k8,43,congestion,simple,equal,network_maxmin,1,0.021550000000000104,3f96113404ea4aaa,431,0.4259435999847483,0.421875,0.41844809998292476,0.421875,1eac3d530159a6474323ce89872a9a46b7a530f6a677281d266a9f5bc12a57b2,5abd8f8f5ebc82c57e6a2d89ae8534ea4c2a9dae978bc2ec2e422703ca0457d5,bbac004dbd3dfac1e6c9167d53d70bd20a54955ad8c461b7a9f7f576b32917b9,63d2ebc129c8e34cd53664f98fa7c220ebedefe26ccd651a9e7ad627b2044297,2f1c17c81653f12ee989bf12868eabed52c8f9005bbf789c47f32dd50563d023,5.960464477539063e-08,0.0,128,,,,,,,,not_applicable_new_allocator,timing_and_coverage_only_not_a_scientific_estimate
a09_congestion_microburst_p16_equal_k8__s071,congestion_microburst_p16_equal_k8,71,congestion,simple,equal,link_local_equal_share,1,0.021600000000000105,3f961e4f765fd8cc,432,0.3362388000241481,0.328125,0.32881540001835674,0.328125,688b9e258eed4bf8dc057b600a62e737bd938ffb42e30cc9172edeb81da897a3,5abd8f8f5ebc82c57e6a2d89ae8534ea4c2a9dae978bc2ec2e422703ca0457d5,195933579c8e284f584872b9710e6392de21688320a1dceb28496cfab6476e36,e40f171b91061398e365edf430890e9e0eb8a0593615553ed45fbffefd898806,0ffc46beec3f633c05cdcad5598e20a992b240ea619c8aa36639369008a18672,0.0,0.0,128,,,,,,,,exact_binary64_match,timing_and_coverage_only_not_a_scientific_estimate
a09_congestion_microburst_p16_equal_k8__s071,congestion_microburst_p16_equal_k8,71,congestion,simple,equal,network_maxmin,0,0.021550000000000104,3f96113404ea4aaa,431,0.4176461999886669,0.421875,0.40542230001301505,0.40625,688b9e258eed4bf8dc057b600a62e737bd938ffb42e30cc9172edeb81da897a3,5abd8f8f5ebc82c57e6a2d89ae8534ea4c2a9dae978bc2ec2e422703ca0457d5,195933579c8e284f584872b9710e6392de21688320a1dceb28496cfab6476e36,e40f171b91061398e365edf430890e9e0eb8a0593615553ed45fbffefd898806,0ffc46beec3f633c05cdcad5598e20a992b240ea619c8aa36639369008a18672,2.9802322387695312e-08,0.0,128,,,,,,,,not_applicable_new_allocator,timing_and_coverage_only_not_a_scientific_estimate
a09_congestion_microburst_p16_equal_k8__s099,congestion_microburst_p16_equal_k8,99,congestion,simple,equal,link_local_equal_share,0,0.021600000000000105,3f961e4f765fd8cc,432,0.3704673000029288,0.359375,0.36285529998713173,0.359375,84bc506dc8cda801fc2d85be1dcf8cb10e363cfc6428c82c94622150248e299b,5abd8f8f5ebc82c57e6a2d89ae8534ea4c2a9dae978bc2ec2e422703ca0457d5,b878b968a0be6c21b6c30d4a741d74cd2d9af1a9886618420afa060efde75070,cec5d2252b3465e7d5b352b1375b0eb531d14b8c5c5617658e9b494bb642673a,05730d899a31f8a2682ebafb79559e6e31ca7cec70c4d05fa62a90ae157491ce,0.0,0.0,128,,,,,,,,exact_binary64_match,timing_and_coverage_only_not_a_scientific_estimate
a09_congestion_microburst_p16_equal_k8__s099,congestion_microburst_p16_equal_k8,99,congestion,simple,equal,network_maxmin,1,0.021550000000000104,3f96113404ea4aaa,431,0.40428720001364127,0.390625,0.3974418000143487,0.375,84bc506dc8cda801fc2d85be1dcf8cb10e363cfc6428c82c94622150248e299b,5abd8f8f5ebc82c57e6a2d89ae8534ea4c2a9dae978bc2ec2e422703ca0457d5,b878b968a0be6c21b6c30d4a741d74cd2d9af1a9886618420afa060efde75070,cec5d2252b3465e7d5b352b1375b0eb531d14b8c5c5617658e9b494bb642673a,05730d899a31f8a2682ebafb79559e6e31ca7cec70c4d05fa62a90ae157491ce,2.9802322387695312e-08,0.0,128,,,,,,,,not_applicable_new_allocator,timing_and_coverage_only_not_a_scientific_estimate
a10_xoh_os4_p16_hotspot_prop_k8__s000,xoh_os4_p16_hotspot_prop_k8,0,congestion,proportional,proportional,link_local_equal_share,1,0.011049999999999961,3f86a161e4f765e7,221,0.13261220001732,0.140625,0.12617589998990297,0.125,20216d3ee2c99b4532466952cd68ee3faab8eac55810021443418e2f698f5a2b,b041c414a3dfa3a4fe4aa0d2f2bc35892cd097d6ff94645a7df5117e16a6aafc,37c8432e7e1de92c24cadb7af2950de4263654719dddeeff74b4124657e22388,c7483980ef4745b48c315999b9efa7f02f891a9974f8669b22593d7e9e76cb5d,526d694e82550df010fa332c28e4efefb328fb724985ff5bf1811fe7ab7342e2,4.470348358154297e-08,0.0,128,,,,,,,,new_diagnostic,timing_and_coverage_only_not_a_scientific_estimate
a10_xoh_os4_p16_hotspot_prop_k8__s000,xoh_os4_p16_hotspot_prop_k8,0,congestion,proportional,proportional,network_maxmin,0,0.008999999999999973,3f826e978d4fdf2c,180,0.16269649998866953,0.15625,0.1511560999788344,0.15625,20216d3ee2c99b4532466952cd68ee3faab8eac55810021443418e2f698f5a2b,b041c414a3dfa3a4fe4aa0d2f2bc35892cd097d6ff94645a7df5117e16a6aafc,37c8432e7e1de92c24cadb7af2950de4263654719dddeeff74b4124657e22388,c7483980ef4745b48c315999b9efa7f02f891a9974f8669b22593d7e9e76cb5d,526d694e82550df010fa332c28e4efefb328fb724985ff5bf1811fe7ab7342e2,2.9802322387695312e-08,0.0,128,,,,,,,,not_applicable_new_allocator,timing_and_coverage_only_not_a_scientific_estimate
a10_xoh_os4_p16_hotspot_prop_k8__s017,xoh_os4_p16_hotspot_prop_k8,17,congestion,proportional,proportional,link_local_equal_share,0,0.010199999999999966,3f84e3bcd35a8574,204,0.12242750002769753,0.125,0.11670149999554269,0.125,4b2ec5b0704c6f63b9505212b2e92c8f036f2d9cba6527bc615bb05e4e64d74a,b041c414a3dfa3a4fe4aa0d2f2bc35892cd097d6ff94645a7df5117e16a6aafc,094d79ae1399522524e88e5cc0538f3527c3bb5ee3dd43d25ac4b76ee933706a,9149c9ca5c565a11df1098d356cd7012e5ffc828367e9aeeaa77ca60feb234e9,d702d4a8bbcdd73b0d5dd39c5845b7b01c24646f41847fb53ec9fb124516c3ed,2.9802322387695312e-08,0.0,128,,,,,,,,new_diagnostic,timing_and_coverage_only_not_a_scientific_estimate
a10_xoh_os4_p16_hotspot_prop_k8__s017,xoh_os4_p16_hotspot_prop_k8,17,congestion,proportional,proportional,network_maxmin,1,0.009149999999999972,3f82bd3c361133f5,183,0.14552649998222478,0.140625,0.13944130000891164,0.140625,4b2ec5b0704c6f63b9505212b2e92c8f036f2d9cba6527bc615bb05e4e64d74a,b041c414a3dfa3a4fe4aa0d2f2bc35892cd097d6ff94645a7df5117e16a6aafc,094d79ae1399522524e88e5cc0538f3527c3bb5ee3dd43d25ac4b76ee933706a,9149c9ca5c565a11df1098d356cd7012e5ffc828367e9aeeaa77ca60feb234e9,d702d4a8bbcdd73b0d5dd39c5845b7b01c24646f41847fb53ec9fb124516c3ed,2.2351741790771484e-08,0.0,128,,,,,,,,not_applicable_new_allocator,timing_and_coverage_only_not_a_scientific_estimate
a10_xoh_os4_p16_hotspot_prop_k8__s043,xoh_os4_p16_hotspot_prop_k8,43,congestion,proportional,proportional,link_local_equal_share,1,0.00954999999999997,3f838ef34d6a160d,191,0.1288891999865882,0.140625,0.11713369999779388,0.125,5f6523913132c573160fe72e29b29ce1fe87f771ff9f165e5abaf88cfdfd1561,b041c414a3dfa3a4fe4aa0d2f2bc35892cd097d6ff94645a7df5117e16a6aafc,bbac004dbd3dfac1e6c9167d53d70bd20a54955ad8c461b7a9f7f576b32917b9,63d2ebc129c8e34cd53664f98fa7c220ebedefe26ccd651a9e7ad627b2044297,2b28dff5b8565c673b7809c0c283ca8f5802ee55537d771679be0b03f532f1e6,2.9802322387695312e-08,0.0,128,,,,,,,,new_diagnostic,timing_and_coverage_only_not_a_scientific_estimate
a10_xoh_os4_p16_hotspot_prop_k8__s043,xoh_os4_p16_hotspot_prop_k8,43,congestion,proportional,proportional,network_maxmin,0,0.00784999999999998,3f8013a92a305527,157,0.15799379997770302,0.140625,0.1500792000151705,0.125,5f6523913132c573160fe72e29b29ce1fe87f771ff9f165e5abaf88cfdfd1561,b041c414a3dfa3a4fe4aa0d2f2bc35892cd097d6ff94645a7df5117e16a6aafc,bbac004dbd3dfac1e6c9167d53d70bd20a54955ad8c461b7a9f7f576b32917b9,63d2ebc129c8e34cd53664f98fa7c220ebedefe26ccd651a9e7ad627b2044297,2b28dff5b8565c673b7809c0c283ca8f5802ee55537d771679be0b03f532f1e6,2.9802322387695312e-08,0.0,128,,,,,,,,not_applicable_new_allocator,timing_and_coverage_only_not_a_scientific_estimate
a10_xoh_os4_p16_hotspot_prop_k8__s071,xoh_os4_p16_hotspot_prop_k8,71,congestion,proportional,proportional,link_local_equal_share,0,0.012049999999999955,3f88adab9f559b23,241,0.13739199997507967,0.140625,0.13144789999932982,0.140625,d55d9d302e0ea4abb9bd12c81a5bbecb38389b861164e8cc58fd2fbedc34cee9,b041c414a3dfa3a4fe4aa0d2f2bc35892cd097d6ff94645a7df5117e16a6aafc,195933579c8e284f584872b9710e6392de21688320a1dceb28496cfab6476e36,e40f171b91061398e365edf430890e9e0eb8a0593615553ed45fbffefd898806,266eaf245da4482f8ff58077276ea293d81cd4c59cd5de1252fb2ad2713b41c4,2.9802322387695312e-08,0.0,128,,,,,,,,new_diagnostic,timing_and_coverage_only_not_a_scientific_estimate
a10_xoh_os4_p16_hotspot_prop_k8__s071,xoh_os4_p16_hotspot_prop_k8,71,congestion,proportional,proportional,network_maxmin,1,0.009049999999999973,3f8288ce703afb6f,181,0.16828779998468235,0.171875,0.15792040000087582,0.15625,d55d9d302e0ea4abb9bd12c81a5bbecb38389b861164e8cc58fd2fbedc34cee9,b041c414a3dfa3a4fe4aa0d2f2bc35892cd097d6ff94645a7df5117e16a6aafc,195933579c8e284f584872b9710e6392de21688320a1dceb28496cfab6476e36,e40f171b91061398e365edf430890e9e0eb8a0593615553ed45fbffefd898806,266eaf245da4482f8ff58077276ea293d81cd4c59cd5de1252fb2ad2713b41c4,2.9802322387695312e-08,0.0,128,,,,,,,,not_applicable_new_allocator,timing_and_coverage_only_not_a_scientific_estimate
a10_xoh_os4_p16_hotspot_prop_k8__s099,xoh_os4_p16_hotspot_prop_k8,99,congestion,proportional,proportional,link_local_equal_share,1,0.011049999999999961,3f86a161e4f765e7,221,0.1251263000012841,0.125,0.11779700001352467,0.125,72d536c995bdefd06f13ad0b8b9043be7ae8578ebbffa6124d71422fbc357a51,b041c414a3dfa3a4fe4aa0d2f2bc35892cd097d6ff94645a7df5117e16a6aafc,b878b968a0be6c21b6c30d4a741d74cd2d9af1a9886618420afa060efde75070,cec5d2252b3465e7d5b352b1375b0eb531d14b8c5c5617658e9b494bb642673a,0e60a3a7125279c12e61a1e6ad46ad6aa8d75e3bbbd6d7e6e9ba72cb0cd7c050,4.470348358154297e-08,0.0,128,,,,,,,,new_diagnostic,timing_and_coverage_only_not_a_scientific_estimate
a10_xoh_os4_p16_hotspot_prop_k8__s099,xoh_os4_p16_hotspot_prop_k8,99,congestion,proportional,proportional,network_maxmin,0,0.009699999999999969,3f83dd97f62b6ad6,194,0.17415959999198094,0.171875,0.16744509999989532,0.15625,72d536c995bdefd06f13ad0b8b9043be7ae8578ebbffa6124d71422fbc357a51,b041c414a3dfa3a4fe4aa0d2f2bc35892cd097d6ff94645a7df5117e16a6aafc,b878b968a0be6c21b6c30d4a741d74cd2d9af1a9886618420afa060efde75070,cec5d2252b3465e7d5b352b1375b0eb531d14b8c5c5617658e9b494bb642673a,0e60a3a7125279c12e61a1e6ad46ad6aa8d75e3bbbd6d7e6e9ba72cb0cd7c050,4.470348358154297e-08,0.0,128,,,,,,,,not_applicable_new_allocator,timing_and_coverage_only_not_a_scientific_estimate
a11_controller_af01_adaptive__s000,controller_af01_adaptive,0,controller,adaptive,adaptive,link_local_equal_share,0,0.042550000000000705,3fa5c91d14e3bd39,851,0.352030999987619,0.328125,0.34082860001944937,0.328125,8549da16b608be72300918151bc858be4d6c0e1a1414605407ff9723f50896ff,5abd8f8f5ebc82c57e6a2d89ae8534ea4c2a9dae978bc2ec2e422703ca0457d5,02b8b93c846ec5f679f63d5afcacddba0972d2f5532fd0d0b699941360977e2e,f4b28bcfbc45ff4233e5e216fd540f1ed64409efc60762866a42cd7e6a8845ba,45508ae22703ae360b1d283864fdfe739b8e84e6ef3bf973c72c579f0728ba7b,1.430511474609375e-06,0.0,138,74,2.15625,4,,,,,exact_binary64_match,timing_and_coverage_only_not_a_scientific_estimate
a11_controller_af01_adaptive__s000,controller_af01_adaptive,0,controller,adaptive,adaptive,network_maxmin,1,0.04035000000000064,3fa4a8c154c9864d,807,0.47370390000287443,0.484375,0.46368419998907484,0.46875,8549da16b608be72300918151bc858be4d6c0e1a1414605407ff9723f50896ff,5abd8f8f5ebc82c57e6a2d89ae8534ea4c2a9dae978bc2ec2e422703ca0457d5,02b8b93c846ec5f679f63d5afcacddba0972d2f5532fd0d0b699941360977e2e,f4b28bcfbc45ff4233e5e216fd540f1ed64409efc60762866a42cd7e6a8845ba,45508ae22703ae360b1d283864fdfe739b8e84e6ef3bf973c72c579f0728ba7b,8.344650268554688e-07,0.0,133,69,2.078125,4,,,,,not_applicable_new_allocator,timing_and_coverage_only_not_a_scientific_estimate
a11_controller_af01_adaptive__s017,controller_af01_adaptive,17,controller,adaptive,adaptive,link_local_equal_share,1,0.0389500000000006,3fa3f141205bc071,779,0.29628340000635944,0.296875,0.2885093000077177,0.28125,86bf530d1e755513177e778e2e28dbd1e428add7e6370794487da294a30b28f2,5abd8f8f5ebc82c57e6a2d89ae8534ea4c2a9dae978bc2ec2e422703ca0457d5,8aad60a6b37bb6d9996fcabb23d91516898a899adb2970cd2de78c5871a3a939,72a1f946d6d9a49c68774b7d1b90e56e5a2c6e1b086f4e1a880c3e7309f1c6ee,b3a39d171dca4d2dace5ca7999c87e43486eb10bab00a86648d85b655fec1ccc,1.5497207641601562e-06,0.0,137,73,2.140625,4,,,,,exact_binary64_match,timing_and_coverage_only_not_a_scientific_estimate
a11_controller_af01_adaptive__s017,controller_af01_adaptive,17,controller,adaptive,adaptive,network_maxmin,0,0.0389500000000006,3fa3f141205bc071,779,0.46396990001085214,0.453125,0.45380990000558086,0.4375,86bf530d1e755513177e778e2e28dbd1e428add7e6370794487da294a30b28f2,5abd8f8f5ebc82c57e6a2d89ae8534ea4c2a9dae978bc2ec2e422703ca0457d5,8aad60a6b37bb6d9996fcabb23d91516898a899adb2970cd2de78c5871a3a939,72a1f946d6d9a49c68774b7d1b90e56e5a2c6e1b086f4e1a880c3e7309f1c6ee,b3a39d171dca4d2dace5ca7999c87e43486eb10bab00a86648d85b655fec1ccc,3.5762786865234375e-07,0.0,129,65,2.015625,4,,,,,not_applicable_new_allocator,timing_and_coverage_only_not_a_scientific_estimate
a11_controller_af01_adaptive__s043,controller_af01_adaptive,43,controller,adaptive,adaptive,link_local_equal_share,0,0.045350000000000786,3fa7381d7dbf48f1,907,0.32796689998940565,0.328125,0.3184715999814216,0.328125,640096def19afebab2089258660268d88886a236bd19a818e4267f8c5c6c2640,5abd8f8f5ebc82c57e6a2d89ae8534ea4c2a9dae978bc2ec2e422703ca0457d5,9376389ee8765153822c3333940c852c3858d941681ef804728140da78af67d2,74e5b1d193dc5f8c83efb48a3ebe26fdd5f022d5370b421741cf8b411dc16171,a74c710fd8a8b21c8f28d4e844538c952d0d2e5049a207614fe4b948c6633c15,1.5497207641601562e-06,0.0,128,64,2.0,4,,,,,exact_binary64_match,timing_and_coverage_only_not_a_scientific_estimate
a11_controller_af01_adaptive__s043,controller_af01_adaptive,43,controller,adaptive,adaptive,network_maxmin,1,0.048500000000000876,3fa8d4fdf3b64620,970,0.4751523000013549,0.46875,0.46463000000221655,0.453125,640096def19afebab2089258660268d88886a236bd19a818e4267f8c5c6c2640,5abd8f8f5ebc82c57e6a2d89ae8534ea4c2a9dae978bc2ec2e422703ca0457d5,9376389ee8765153822c3333940c852c3858d941681ef804728140da78af67d2,74e5b1d193dc5f8c83efb48a3ebe26fdd5f022d5370b421741cf8b411dc16171,a74c710fd8a8b21c8f28d4e844538c952d0d2e5049a207614fe4b948c6633c15,6.556510925292969e-07,0.0,125,61,1.953125,4,,,,,not_applicable_new_allocator,timing_and_coverage_only_not_a_scientific_estimate
a11_controller_af01_adaptive__s071,controller_af01_adaptive,71,controller,adaptive,adaptive,link_local_equal_share,1,0.038400000000000586,3fa3a92a305532b6,768,0.2999134999990929,0.296875,0.29210399999283254,0.296875,c69a43c3e6be78f6c8f9c6d5bf7d6f6cfe4e3a492626c189613050bd49764eac,5abd8f8f5ebc82c57e6a2d89ae8534ea4c2a9dae978bc2ec2e422703ca0457d5,37aa37a245ec0711166c2d0df3aa67ea5c5b461debb393d1fd036fd7c8b181cd,163b023f5f97a211db095ee23f788f3a3a1c78c6be5a7ef171db66d63e5b4db1,cd0325b0e7af928777d2c16edf008b6c421cb9a5f2aa0b3b8de1482bc49fef7e,2.384185791015625e-06,0.0,136,72,2.125,4,,,,,exact_binary64_match,timing_and_coverage_only_not_a_scientific_estimate
a11_controller_af01_adaptive__s071,controller_af01_adaptive,71,controller,adaptive,adaptive,network_maxmin,0,0.036250000000000525,3fa28f5c28f5c2db,725,0.4579935999936424,0.4375,0.4479684999969322,0.4375,c69a43c3e6be78f6c8f9c6d5bf7d6f6cfe4e3a492626c189613050bd49764eac,5abd8f8f5ebc82c57e6a2d89ae8534ea4c2a9dae978bc2ec2e422703ca0457d5,37aa37a245ec0711166c2d0df3aa67ea5c5b461debb393d1fd036fd7c8b181cd,163b023f5f97a211db095ee23f788f3a3a1c78c6be5a7ef171db66d63e5b4db1,cd0325b0e7af928777d2c16edf008b6c421cb9a5f2aa0b3b8de1482bc49fef7e,1.0132789611816406e-06,0.0,133,69,2.078125,4,,,,,not_applicable_new_allocator,timing_and_coverage_only_not_a_scientific_estimate
a11_controller_af01_adaptive__s099,controller_af01_adaptive,99,controller,adaptive,adaptive,link_local_equal_share,0,0.04455000000000076,3fa6cf41f212d7e1,891,0.3425820999837015,0.34375,0.3343395999982022,0.34375,4dabed10efc4a5b015fd6f21a3de225bef335dad6a33aacaec520b5eae36da96,5abd8f8f5ebc82c57e6a2d89ae8534ea4c2a9dae978bc2ec2e422703ca0457d5,6888e4484986ad870b8206d94ea0e28abd921ffdbc89bede6d7cb2ba05aa8c7e,bf91cd1fac725b01cd577960d5f866dcd92d5e3b76dd96db7a8b25c0f453f7ca,8a147a85f0c32416d508812fa22d59730f251708f8502303924d52dc0dadaeb6,2.9802322387695312e-06,0.0,141,77,2.203125,4,,,,,exact_binary64_match,timing_and_coverage_only_not_a_scientific_estimate
a11_controller_af01_adaptive__s099,controller_af01_adaptive,99,controller,adaptive,adaptive,network_maxmin,1,0.04210000000000069,3fa58e219652bda0,842,0.5147332999913488,0.515625,0.5062352000095416,0.515625,4dabed10efc4a5b015fd6f21a3de225bef335dad6a33aacaec520b5eae36da96,5abd8f8f5ebc82c57e6a2d89ae8534ea4c2a9dae978bc2ec2e422703ca0457d5,6888e4484986ad870b8206d94ea0e28abd921ffdbc89bede6d7cb2ba05aa8c7e,bf91cd1fac725b01cd577960d5f866dcd92d5e3b76dd96db7a8b25c0f453f7ca,8a147a85f0c32416d508812fa22d59730f251708f8502303924d52dc0dadaeb6,2.205371856689453e-06,0.0,139,75,2.171875,4,,,,,not_applicable_new_allocator,timing_and_coverage_only_not_a_scientific_estimate
a12_controller_af05_baseline__s000,controller_af05_baseline,0,controller,simple,equal,link_local_equal_share,1,0.12509999999999438,3fc00346dc5d62be,2502,1.8579564999963623,1.828125,1.8498082000005525,1.828125,564ee8af1ba08019d18ab6f15dc193f257e9a8309d6dc141ba670fa4bff4b91f,5abd8f8f5ebc82c57e6a2d89ae8534ea4c2a9dae978bc2ec2e422703ca0457d5,02b8b93c846ec5f679f63d5afcacddba0972d2f5532fd0d0b699941360977e2e,5eb5123992b49f6a3a73f7eb86a5930d5335e8ccf33f0f99068abd5d5908b827,9010ec9dc10428f1c90cfb88f1fed328515ad5348c10f1d3242dda90b9520d2e,1.2814998626708984e-06,0.0,64,0,1.0,1,,,,,exact_binary64_match,timing_and_coverage_only_not_a_scientific_estimate
a12_controller_af05_baseline__s000,controller_af05_baseline,0,controller,simple,equal,network_maxmin,0,0.12509999999999438,3fc00346dc5d62be,2502,2.075339500006521,2.078125,2.0689682999800425,2.078125,564ee8af1ba08019d18ab6f15dc193f257e9a8309d6dc141ba670fa4bff4b91f,5abd8f8f5ebc82c57e6a2d89ae8534ea4c2a9dae978bc2ec2e422703ca0457d5,02b8b93c846ec5f679f63d5afcacddba0972d2f5532fd0d0b699941360977e2e,5eb5123992b49f6a3a73f7eb86a5930d5335e8ccf33f0f99068abd5d5908b827,9010ec9dc10428f1c90cfb88f1fed328515ad5348c10f1d3242dda90b9520d2e,1.2814998626708984e-06,0.0,64,0,1.0,1,,,,,not_applicable_new_allocator,timing_and_coverage_only_not_a_scientific_estimate
a12_controller_af05_baseline__s017,controller_af05_baseline,17,controller,simple,equal,link_local_equal_share,0,0.12409999999999449,3fbfc504816efedc,2482,1.718853600003058,1.71875,1.7133381000021473,1.71875,9480a309f504ba7b601106e9384148fb4bb900a4336bf1447e17b8b6eeaad2d6,5abd8f8f5ebc82c57e6a2d89ae8534ea4c2a9dae978bc2ec2e422703ca0457d5,8aad60a6b37bb6d9996fcabb23d91516898a899adb2970cd2de78c5871a3a939,cef3c64b6420ea8349d9d3de8d12bf4f121189434ca20262742f9621f0b0ceee,8abf81eaab0cf00a49608859d097fe7e735a248c3d0a4e6021d734499b389be2,1.2516975402832031e-06,0.0,64,0,1.0,1,,,,,exact_binary64_match,timing_and_coverage_only_not_a_scientific_estimate
a12_controller_af05_baseline__s017,controller_af05_baseline,17,controller,simple,equal,network_maxmin,1,0.119449999999995,3fbe94467381d674,2389,2.068973299989011,2.03125,2.061952599993674,2.03125,9480a309f504ba7b601106e9384148fb4bb900a4336bf1447e17b8b6eeaad2d6,5abd8f8f5ebc82c57e6a2d89ae8534ea4c2a9dae978bc2ec2e422703ca0457d5,8aad60a6b37bb6d9996fcabb23d91516898a899adb2970cd2de78c5871a3a939,cef3c64b6420ea8349d9d3de8d12bf4f121189434ca20262742f9621f0b0ceee,8abf81eaab0cf00a49608859d097fe7e735a248c3d0a4e6021d734499b389be2,1.2218952178955078e-06,0.0,64,0,1.0,1,,,,,not_applicable_new_allocator,timing_and_coverage_only_not_a_scientific_estimate
a12_controller_af05_baseline__s043,controller_af05_baseline,43,controller,simple,equal,link_local_equal_share,1,0.14284999999999243,3fc248e8a71de58a,2857,1.989077800011728,1.96875,1.9816292999894358,1.953125,91c98d9fcb91eb03793030f33beaa60a9eb0da3746f926edfc676cb18501820b,5abd8f8f5ebc82c57e6a2d89ae8534ea4c2a9dae978bc2ec2e422703ca0457d5,9376389ee8765153822c3333940c852c3858d941681ef804728140da78af67d2,8bff1f0d3cffeefa8164ec594f6897703cf09210982eaa5bf96f31da11dc9d73,0e3e683f9b00af99629ec5b87d0e16640567294ce414b0fe38591b13f05d4bba,1.043081283569336e-06,0.0,64,0,1.0,1,,,,,exact_binary64_match,timing_and_coverage_only_not_a_scientific_estimate
a12_controller_af05_baseline__s043,controller_af05_baseline,43,controller,simple,equal,network_maxmin,0,0.13709999999999306,3fc18c7e28240a7e,2742,2.2798554000037257,2.265625,2.2741966000176035,2.25,91c98d9fcb91eb03793030f33beaa60a9eb0da3746f926edfc676cb18501820b,5abd8f8f5ebc82c57e6a2d89ae8534ea4c2a9dae978bc2ec2e422703ca0457d5,9376389ee8765153822c3333940c852c3858d941681ef804728140da78af67d2,8bff1f0d3cffeefa8164ec594f6897703cf09210982eaa5bf96f31da11dc9d73,0e3e683f9b00af99629ec5b87d0e16640567294ce414b0fe38591b13f05d4bba,1.043081283569336e-06,0.0,64,0,1.0,1,,,,,not_applicable_new_allocator,timing_and_coverage_only_not_a_scientific_estimate
a12_controller_af05_baseline__s071,controller_af05_baseline,71,controller,simple,equal,link_local_equal_share,0,0.13104999999999373,3fc0c63f141204da,2621,1.8711983000102919,1.828125,1.864682100014761,1.8125,f7e060492a41cec1cbf29f0879f604d133df0c110a21d6c61f1c95864bf30222,5abd8f8f5ebc82c57e6a2d89ae8534ea4c2a9dae978bc2ec2e422703ca0457d5,37aa37a245ec0711166c2d0df3aa67ea5c5b461debb393d1fd036fd7c8b181cd,6d68c7bad20c98557a1cd7f412dc426359c3a1b846cfd4afc50f5f38516d1617,c1662b9c99722d0fe8fd2eb8d9b702eec27f038a4ced401c60f5b9564e8aee9b,9.834766387939453e-07,0.0,64,0,1.0,1,,,,,exact_binary64_match,timing_and_coverage_only_not_a_scientific_estimate
a12_controller_af05_baseline__s071,controller_af05_baseline,71,controller,simple,equal,network_maxmin,1,0.11889999999999507,3fbe703afb7e8f9c,2378,2.135992499999702,2.109375,2.1293833999952767,2.09375,f7e060492a41cec1cbf29f0879f604d133df0c110a21d6c61f1c95864bf30222,5abd8f8f5ebc82c57e6a2d89ae8534ea4c2a9dae978bc2ec2e422703ca0457d5,37aa37a245ec0711166c2d0df3aa67ea5c5b461debb393d1fd036fd7c8b181cd,6d68c7bad20c98557a1cd7f412dc426359c3a1b846cfd4afc50f5f38516d1617,c1662b9c99722d0fe8fd2eb8d9b702eec27f038a4ced401c60f5b9564e8aee9b,9.834766387939453e-07,0.0,64,0,1.0,1,,,,,not_applicable_new_allocator,timing_and_coverage_only_not_a_scientific_estimate
a12_controller_af05_baseline__s099,controller_af05_baseline,99,controller,simple,equal,link_local_equal_share,1,0.1675999999999897,3fc573eab3679f86,3352,2.484378299996024,2.453125,2.4773872999940068,2.4375,76c11c7eae1a11af3c3ab0d49b5df3c4acab12f259e79b70b9feeeb2365c0018,5abd8f8f5ebc82c57e6a2d89ae8534ea4c2a9dae978bc2ec2e422703ca0457d5,6888e4484986ad870b8206d94ea0e28abd921ffdbc89bede6d7cb2ba05aa8c7e,63c3c3d5a7abd1a80883c9e0279b2df1ccf82a62b49640c9886ade282c059af6,2b2e555439662ff0f783488071df64b95b890ec6396d55a65b0443dbb9b68eaa,1.4603137969970703e-06,0.0,64,0,1.0,1,,,,,exact_binary64_match,timing_and_coverage_only_not_a_scientific_estimate
a12_controller_af05_baseline__s099,controller_af05_baseline,99,controller,simple,equal,network_maxmin,0,0.1565999999999909,3fc40b780346db16,3132,2.6135639999993145,2.5625,2.601053200021852,2.546875,76c11c7eae1a11af3c3ab0d49b5df3c4acab12f259e79b70b9feeeb2365c0018,5abd8f8f5ebc82c57e6a2d89ae8534ea4c2a9dae978bc2ec2e422703ca0457d5,6888e4484986ad870b8206d94ea0e28abd921ffdbc89bede6d7cb2ba05aa8c7e,63c3c3d5a7abd1a80883c9e0279b2df1ccf82a62b49640c9886ade282c059af6,2b2e555439662ff0f783488071df64b95b890ec6396d55a65b0443dbb9b68eaa,1.4603137969970703e-06,0.0,64,0,1.0,1,,,,,not_applicable_new_allocator,timing_and_coverage_only_not_a_scientific_estimate
a13_controller_af05_static_k4__s000,controller_af05_static_k4,0,controller,simple,equal,link_local_equal_share,0,0.08869999999999839,3fb6b50b0f27babc,1774,1.786971800000174,1.734375,1.7793183000176214,1.734375,021f27b3461d3b685883fda21d2962cd325ad50fc8a83a3f51012b7c7cf45495,5abd8f8f5ebc82c57e6a2d89ae8534ea4c2a9dae978bc2ec2e422703ca0457d5,02b8b93c846ec5f679f63d5afcacddba0972d2f5532fd0d0b699941360977e2e,f4b28bcfbc45ff4233e5e216fd540f1ed64409efc60762866a42cd7e6a8845ba,9010ec9dc10428f1c90cfb88f1fed328515ad5348c10f1d3242dda90b9520d2e,4.76837158203125e-07,0.0,256,0,4.0,4,,,,,exact_binary64_match,timing_and_coverage_only_not_a_scientific_estimate
a13_controller_af05_static_k4__s000,controller_af05_static_k4,0,controller,simple,equal,network_maxmin,1,0.07869999999999949,3fb425aee631f87c,1574,1.9943652999936603,1.984375,1.983714300004067,1.96875,021f27b3461d3b685883fda21d2962cd325ad50fc8a83a3f51012b7c7cf45495,5abd8f8f5ebc82c57e6a2d89ae8534ea4c2a9dae978bc2ec2e422703ca0457d5,02b8b93c846ec5f679f63d5afcacddba0972d2f5532fd0d0b699941360977e2e,f4b28bcfbc45ff4233e5e216fd540f1ed64409efc60762866a42cd7e6a8845ba,9010ec9dc10428f1c90cfb88f1fed328515ad5348c10f1d3242dda90b9520d2e,8.344650268554688e-07,0.0,256,0,4.0,4,,,,,not_applicable_new_allocator,timing_and_coverage_only_not_a_scientific_estimate
a13_controller_af05_static_k4__s017,controller_af05_static_k4,17,controller,simple,equal,link_local_equal_share,1,0.060700000000001225,3faf141205bc0254,1214,1.4036092000023928,1.40625,1.3932991000183392,1.390625,ea81594db23f021880d9331eb4bf40e3e75b6d78632ea4582a580b0cf5f680fa,5abd8f8f5ebc82c57e6a2d89ae8534ea4c2a9dae978bc2ec2e422703ca0457d5,8aad60a6b37bb6d9996fcabb23d91516898a899adb2970cd2de78c5871a3a939,72a1f946d6d9a49c68774b7d1b90e56e5a2c6e1b086f4e1a880c3e7309f1c6ee,8abf81eaab0cf00a49608859d097fe7e735a248c3d0a4e6021d734499b389be2,5.364418029785156e-07,0.0,256,0,4.0,4,,,,,exact_binary64_match,timing_and_coverage_only_not_a_scientific_estimate
a13_controller_af05_static_k4__s017,controller_af05_static_k4,17,controller,simple,equal,network_maxmin,0,0.056200000000001096,3facc63f1412065a,1124,1.806884399993578,1.765625,1.7987635000026785,1.75,ea81594db23f021880d9331eb4bf40e3e75b6d78632ea4582a580b0cf5f680fa,5abd8f8f5ebc82c57e6a2d89ae8534ea4c2a9dae978bc2ec2e422703ca0457d5,8aad60a6b37bb6d9996fcabb23d91516898a899adb2970cd2de78c5871a3a939,72a1f946d6d9a49c68774b7d1b90e56e5a2c6e1b086f4e1a880c3e7309f1c6ee,8abf81eaab0cf00a49608859d097fe7e735a248c3d0a4e6021d734499b389be2,5.364418029785156e-07,0.0,256,0,4.0,4,,,,,not_applicable_new_allocator,timing_and_coverage_only_not_a_scientific_estimate
a13_controller_af05_static_k4__s043,controller_af05_static_k4,43,controller,simple,equal,link_local_equal_share,0,0.04860000000000088,3fa8e219652bd442,972,1.2755298000120092,1.25,1.265508199983742,1.25,d4ab84c6d06a0cd5fc753798b5517cd8e0f8a17d5676df1239a83220f41c3cb0,5abd8f8f5ebc82c57e6a2d89ae8534ea4c2a9dae978bc2ec2e422703ca0457d5,9376389ee8765153822c3333940c852c3858d941681ef804728140da78af67d2,74e5b1d193dc5f8c83efb48a3ebe26fdd5f022d5370b421741cf8b411dc16171,0e3e683f9b00af99629ec5b87d0e16640567294ce414b0fe38591b13f05d4bba,5.960464477539062e-07,0.0,256,0,4.0,4,,,,,exact_binary64_match,timing_and_coverage_only_not_a_scientific_estimate
a13_controller_af05_static_k4__s043,controller_af05_static_k4,43,controller,simple,equal,network_maxmin,1,0.04730000000000084,3fa837b4a2339c88,946,1.6723721000016667,1.640625,1.6614266000106,1.640625,d4ab84c6d06a0cd5fc753798b5517cd8e0f8a17d5676df1239a83220f41c3cb0,5abd8f8f5ebc82c57e6a2d89ae8534ea4c2a9dae978bc2ec2e422703ca0457d5,9376389ee8765153822c3333940c852c3858d941681ef804728140da78af67d2,74e5b1d193dc5f8c83efb48a3ebe26fdd5f022d5370b421741cf8b411dc16171,0e3e683f9b00af99629ec5b87d0e16640567294ce414b0fe38591b13f05d4bba,3.5762786865234375e-07,0.0,256,0,4.0,4,,,,,not_applicable_new_allocator,timing_and_coverage_only_not_a_scientific_estimate
a13_controller_af05_static_k4__s071,controller_af05_static_k4,71,controller,simple,equal,link_local_equal_share,1,0.08374999999999894,3fb570a3d70a3d24,1675,1.6928036000172142,1.6875,1.682434700021986,1.671875,6ecf4d12c3c37de0d560eb1361de805dfe1df9dbc49e702c3df8ccb13d12f4d3,5abd8f8f5ebc82c57e6a2d89ae8534ea4c2a9dae978bc2ec2e422703ca0457d5,37aa37a245ec0711166c2d0df3aa67ea5c5b461debb393d1fd036fd7c8b181cd,163b023f5f97a211db095ee23f788f3a3a1c78c6be5a7ef171db66d63e5b4db1,c1662b9c99722d0fe8fd2eb8d9b702eec27f038a4ced401c60f5b9564e8aee9b,5.662441253662109e-07,0.0,256,0,4.0,4,,,,,exact_binary64_match,timing_and_coverage_only_not_a_scientific_estimate
a13_controller_af05_static_k4__s071,controller_af05_static_k4,71,controller,simple,equal,network_maxmin,0,0.08094999999999924,3fb4b923a29c7764,1619,2.290853100013919,2.265625,2.279384699999355,2.265625,6ecf4d12c3c37de0d560eb1361de805dfe1df9dbc49e702c3df8ccb13d12f4d3,5abd8f8f5ebc82c57e6a2d89ae8534ea4c2a9dae978bc2ec2e422703ca0457d5,37aa37a245ec0711166c2d0df3aa67ea5c5b461debb393d1fd036fd7c8b181cd,163b023f5f97a211db095ee23f788f3a3a1c78c6be5a7ef171db66d63e5b4db1,c1662b9c99722d0fe8fd2eb8d9b702eec27f038a4ced401c60f5b9564e8aee9b,6.556510925292969e-07,0.0,256,0,4.0,4,,,,,not_applicable_new_allocator,timing_and_coverage_only_not_a_scientific_estimate
a13_controller_af05_static_k4__s099,controller_af05_static_k4,99,controller,simple,equal,link_local_equal_share,0,0.0598500000000012,3faea4a8c154ca33,1197,1.6171220999967773,1.625,1.6047169000084978,1.609375,07d9e3fdff11fa4929913083707fb933c4cc1a9d2f7cf7e4d638389ac6ea32d7,5abd8f8f5ebc82c57e6a2d89ae8534ea4c2a9dae978bc2ec2e422703ca0457d5,6888e4484986ad870b8206d94ea0e28abd921ffdbc89bede6d7cb2ba05aa8c7e,bf91cd1fac725b01cd577960d5f866dcd92d5e3b76dd96db7a8b25c0f453f7ca,2b2e555439662ff0f783488071df64b95b890ec6396d55a65b0443dbb9b68eaa,4.172325134277344e-07,0.0,256,0,4.0,4,,,,,exact_binary64_match,timing_and_coverage_only_not_a_scientific_estimate
a13_controller_af05_static_k4__s099,controller_af05_static_k4,99,controller,simple,equal,network_maxmin,1,0.054100000000001036,3fabb2fec56d5d90,1082,1.8701725999999326,1.84375,1.8604174999927636,1.828125,07d9e3fdff11fa4929913083707fb933c4cc1a9d2f7cf7e4d638389ac6ea32d7,5abd8f8f5ebc82c57e6a2d89ae8534ea4c2a9dae978bc2ec2e422703ca0457d5,6888e4484986ad870b8206d94ea0e28abd921ffdbc89bede6d7cb2ba05aa8c7e,bf91cd1fac725b01cd577960d5f866dcd92d5e3b76dd96db7a8b25c0f453f7ca,2b2e555439662ff0f783488071df64b95b890ec6396d55a65b0443dbb9b68eaa,3.2782554626464844e-07,0.0,256,0,4.0,4,,,,,not_applicable_new_allocator,timing_and_coverage_only_not_a_scientific_estimate
a14_controller_af05_adaptive__s000,controller_af05_adaptive,0,controller,adaptive,adaptive,link_local_equal_share,1,0.05805000000000115,3fadb8bac710cbcf,1161,1.1636793999932706,1.15625,1.153925699996762,1.140625,2f4e95cc0bfefaf022a367de10a717466d79356cd07761b6b7039a9d04c765a7,5abd8f8f5ebc82c57e6a2d89ae8534ea4c2a9dae978bc2ec2e422703ca0457d5,02b8b93c846ec5f679f63d5afcacddba0972d2f5532fd0d0b699941360977e2e,f4b28bcfbc45ff4233e5e216fd540f1ed64409efc60762866a42cd7e6a8845ba,9010ec9dc10428f1c90cfb88f1fed328515ad5348c10f1d3242dda90b9520d2e,1.5795230865478516e-06,0.0,220,156,3.4375,4,,,,,exact_binary64_match,timing_and_coverage_only_not_a_scientific_estimate
a14_controller_af05_adaptive__s000,controller_af05_adaptive,0,controller,adaptive,adaptive,network_maxmin,0,0.05205000000000098,3faaa64c2f837bd7,1041,1.5437043000129052,1.53125,1.5353798000141978,1.515625,2f4e95cc0bfefaf022a367de10a717466d79356cd07761b6b7039a9d04c765a7,5abd8f8f5ebc82c57e6a2d89ae8534ea4c2a9dae978bc2ec2e422703ca0457d5,02b8b93c846ec5f679f63d5afcacddba0972d2f5532fd0d0b699941360977e2e,f4b28bcfbc45ff4233e5e216fd540f1ed64409efc60762866a42cd7e6a8845ba,9010ec9dc10428f1c90cfb88f1fed328515ad5348c10f1d3242dda90b9520d2e,7.152557373046875e-07,0.0,217,153,3.390625,4,,,,,not_applicable_new_allocator,timing_and_coverage_only_not_a_scientific_estimate
a14_controller_af05_adaptive__s017,controller_af05_adaptive,17,controller,adaptive,adaptive,link_local_equal_share,0,0.057850000000001144,3fad9e83e425af8b,1157,1.2435095999971963,1.25,1.2335325999883935,1.21875,80b69c94de9d2c67834ead4b27cec402f75a76e59cd24c81833a3b38266b3b03,5abd8f8f5ebc82c57e6a2d89ae8534ea4c2a9dae978bc2ec2e422703ca0457d5,8aad60a6b37bb6d9996fcabb23d91516898a899adb2970cd2de78c5871a3a939,72a1f946d6d9a49c68774b7d1b90e56e5a2c6e1b086f4e1a880c3e7309f1c6ee,8abf81eaab0cf00a49608859d097fe7e735a248c3d0a4e6021d734499b389be2,1.1920928955078125e-06,0.0,241,177,3.765625,4,,,,,exact_binary64_match,timing_and_coverage_only_not_a_scientific_estimate
a14_controller_af05_adaptive__s017,controller_af05_adaptive,17,controller,adaptive,adaptive,network_maxmin,1,0.05455000000000105,3fabedfa43fe5d29,1091,1.632045799982734,1.609375,1.622423599998001,1.609375,80b69c94de9d2c67834ead4b27cec402f75a76e59cd24c81833a3b38266b3b03,5abd8f8f5ebc82c57e6a2d89ae8534ea4c2a9dae978bc2ec2e422703ca0457d5,8aad60a6b37bb6d9996fcabb23d91516898a899adb2970cd2de78c5871a3a939,72a1f946d6d9a49c68774b7d1b90e56e5a2c6e1b086f4e1a880c3e7309f1c6ee,8abf81eaab0cf00a49608859d097fe7e735a248c3d0a4e6021d734499b389be2,1.0728836059570312e-06,0.0,227,163,3.546875,4,,,,,not_applicable_new_allocator,timing_and_coverage_only_not_a_scientific_estimate
a14_controller_af05_adaptive__s043,controller_af05_adaptive,43,controller,adaptive,adaptive,link_local_equal_share,1,0.05395000000000103,3fab9f559b3d085d,1079,1.1703365000139456,1.15625,1.1620221000048332,1.15625,a47b2f5e496286c4b1869d011c497e59382e875f1cc559ee32796f4a2b69e908,5abd8f8f5ebc82c57e6a2d89ae8534ea4c2a9dae978bc2ec2e422703ca0457d5,9376389ee8765153822c3333940c852c3858d941681ef804728140da78af67d2,74e5b1d193dc5f8c83efb48a3ebe26fdd5f022d5370b421741cf8b411dc16171,0e3e683f9b00af99629ec5b87d0e16640567294ce414b0fe38591b13f05d4bba,1.4603137969970703e-06,0.0,238,174,3.71875,4,,,,,exact_binary64_match,timing_and_coverage_only_not_a_scientific_estimate
a14_controller_af05_adaptive__s043,controller_af05_adaptive,43,controller,adaptive,adaptive,network_maxmin,0,0.05030000000000093,3fa9c0ebedfa4484,1006,1.5477376999915577,1.546875,1.5370804999838583,1.546875,a47b2f5e496286c4b1869d011c497e59382e875f1cc559ee32796f4a2b69e908,5abd8f8f5ebc82c57e6a2d89ae8534ea4c2a9dae978bc2ec2e422703ca0457d5,9376389ee8765153822c3333940c852c3858d941681ef804728140da78af67d2,74e5b1d193dc5f8c83efb48a3ebe26fdd5f022d5370b421741cf8b411dc16171,0e3e683f9b00af99629ec5b87d0e16640567294ce414b0fe38591b13f05d4bba,4.76837158203125e-07,0.0,233,169,3.640625,4,,,,,not_applicable_new_allocator,timing_and_coverage_only_not_a_scientific_estimate
a14_controller_af05_adaptive__s071,controller_af05_adaptive,71,controller,adaptive,adaptive,link_local_equal_share,0,0.06665000000000082,3fb10ff972474574,1333,1.3253772000025492,1.328125,1.3139834000030532,1.3125,452600868e454d4b9717e484b21c5bd7428676a48d6fb63df4481744d0f8ef18,5abd8f8f5ebc82c57e6a2d89ae8534ea4c2a9dae978bc2ec2e422703ca0457d5,37aa37a245ec0711166c2d0df3aa67ea5c5b461debb393d1fd036fd7c8b181cd,163b023f5f97a211db095ee23f788f3a3a1c78c6be5a7ef171db66d63e5b4db1,c1662b9c99722d0fe8fd2eb8d9b702eec27f038a4ced401c60f5b9564e8aee9b,1.7285346984863281e-06,0.0,228,164,3.5625,4,,,,,exact_binary64_match,timing_and_coverage_only_not_a_scientific_estimate
a14_controller_af05_adaptive__s071,controller_af05_adaptive,71,controller,adaptive,adaptive,network_maxmin,1,0.06290000000000123,3fb01a36e2eb1c9c,1258,1.6266814999980852,1.625,1.6159777000139002,1.625,452600868e454d4b9717e484b21c5bd7428676a48d6fb63df4481744d0f8ef18,5abd8f8f5ebc82c57e6a2d89ae8534ea4c2a9dae978bc2ec2e422703ca0457d5,37aa37a245ec0711166c2d0df3aa67ea5c5b461debb393d1fd036fd7c8b181cd,163b023f5f97a211db095ee23f788f3a3a1c78c6be5a7ef171db66d63e5b4db1,c1662b9c99722d0fe8fd2eb8d9b702eec27f038a4ced401c60f5b9564e8aee9b,4.76837158203125e-07,0.0,223,159,3.484375,4,,,,,not_applicable_new_allocator,timing_and_coverage_only_not_a_scientific_estimate
a14_controller_af05_adaptive__s099,controller_af05_adaptive,99,controller,adaptive,adaptive,link_local_equal_share,1,0.0776999999999996,3fb3e425aee631dc,1554,1.5819861000054516,1.5625,1.5646996999857947,1.546875,4ce603b633c660d6d994a2f95b4deeba6fb8529bfc3ec1294944e12b20fc2b10,5abd8f8f5ebc82c57e6a2d89ae8534ea4c2a9dae978bc2ec2e422703ca0457d5,6888e4484986ad870b8206d94ea0e28abd921ffdbc89bede6d7cb2ba05aa8c7e,bf91cd1fac725b01cd577960d5f866dcd92d5e3b76dd96db7a8b25c0f453f7ca,2b2e555439662ff0f783488071df64b95b890ec6396d55a65b0443dbb9b68eaa,1.5497207641601562e-06,0.0,243,179,3.796875,4,,,,,exact_binary64_match,timing_and_coverage_only_not_a_scientific_estimate
a14_controller_af05_adaptive__s099,controller_af05_adaptive,99,controller,adaptive,adaptive,network_maxmin,0,0.07195000000000024,3fb26b50b0f27bc4,1439,1.918292400019709,1.921875,1.907467099983478,1.90625,4ce603b633c660d6d994a2f95b4deeba6fb8529bfc3ec1294944e12b20fc2b10,5abd8f8f5ebc82c57e6a2d89ae8534ea4c2a9dae978bc2ec2e422703ca0457d5,6888e4484986ad870b8206d94ea0e28abd921ffdbc89bede6d7cb2ba05aa8c7e,bf91cd1fac725b01cd577960d5f866dcd92d5e3b76dd96db7a8b25c0f453f7ca,2b2e555439662ff0f783488071df64b95b890ec6396d55a65b0443dbb9b68eaa,4.76837158203125e-07,0.0,240,176,3.75,4,,,,,not_applicable_new_allocator,timing_and_coverage_only_not_a_scientific_estimate
a15_background_p16_k1_rate0__s000,background_p16_k1_rate0,0,background,allreduce,pipelined_allreduce,link_local_equal_share,0,0.04050000000000065,3fa4bc6a7ef9db80,810,0.2351077999919653,0.234375,0.20866999999270774,0.203125,7f6924dd920ec31327ba21ae5afdd4bf3c4b91c3fb25fbefb996e5b2e3268924,5abd8f8f5ebc82c57e6a2d89ae8534ea4c2a9dae978bc2ec2e422703ca0457d5,37c8432e7e1de92c24cadb7af2950de4263654719dddeeff74b4124657e22388,de6da2efe1422798e34ae3ab65fdadb1be643aa2c0ddbf028a3ca074541eab9f,698c3f32f5decd4eed9d7881a4431e6d4ff17b48140f84b30bc4d9d9be2563fa,0.0,0.0,480,,,,30,0.005220000000000082,0.005400000000000155,0.005400000000000155,exact_binary64_match,timing_and_coverage_only_not_a_scientific_estimate
a15_background_p16_k1_rate0__s000,background_p16_k1_rate0,0,background,allreduce,pipelined_allreduce,network_maxmin,1,0.04050000000000065,3fa4bc6a7ef9db80,810,0.3081899000098929,0.28125,0.29315690000657924,0.28125,7f6924dd920ec31327ba21ae5afdd4bf3c4b91c3fb25fbefb996e5b2e3268924,5abd8f8f5ebc82c57e6a2d89ae8534ea4c2a9dae978bc2ec2e422703ca0457d5,37c8432e7e1de92c24cadb7af2950de4263654719dddeeff74b4124657e22388,de6da2efe1422798e34ae3ab65fdadb1be643aa2c0ddbf028a3ca074541eab9f,698c3f32f5decd4eed9d7881a4431e6d4ff17b48140f84b30bc4d9d9be2563fa,0.0,0.0,480,,,,30,0.005220000000000082,0.005400000000000155,0.005400000000000155,not_applicable_new_allocator,timing_and_coverage_only_not_a_scientific_estimate
a15_background_p16_k1_rate0__s017,background_p16_k1_rate0,17,background,allreduce,pipelined_allreduce,link_local_equal_share,1,0.04050000000000065,3fa4bc6a7ef9db80,810,0.22239829998579808,0.21875,0.20729510000091977,0.203125,2a4bf0ccb7630b15423b7b9ac302a6483969da24af39045f1c8e1b2e70769575,5abd8f8f5ebc82c57e6a2d89ae8534ea4c2a9dae978bc2ec2e422703ca0457d5,094d79ae1399522524e88e5cc0538f3527c3bb5ee3dd43d25ac4b76ee933706a,f007a2ae6bdf218066683cec7fca48b959828b7721471a524ebd25e88ef820ec,698c3f32f5decd4eed9d7881a4431e6d4ff17b48140f84b30bc4d9d9be2563fa,0.0,0.0,480,,,,30,0.005220000000000082,0.005400000000000155,0.005400000000000155,exact_binary64_match,timing_and_coverage_only_not_a_scientific_estimate
a15_background_p16_k1_rate0__s017,background_p16_k1_rate0,17,background,allreduce,pipelined_allreduce,network_maxmin,0,0.04050000000000065,3fa4bc6a7ef9db80,810,0.28645730001153424,0.28125,0.2664117999956943,0.265625,2a4bf0ccb7630b15423b7b9ac302a6483969da24af39045f1c8e1b2e70769575,5abd8f8f5ebc82c57e6a2d89ae8534ea4c2a9dae978bc2ec2e422703ca0457d5,094d79ae1399522524e88e5cc0538f3527c3bb5ee3dd43d25ac4b76ee933706a,f007a2ae6bdf218066683cec7fca48b959828b7721471a524ebd25e88ef820ec,698c3f32f5decd4eed9d7881a4431e6d4ff17b48140f84b30bc4d9d9be2563fa,0.0,0.0,480,,,,30,0.005220000000000082,0.005400000000000155,0.005400000000000155,not_applicable_new_allocator,timing_and_coverage_only_not_a_scientific_estimate
a15_background_p16_k1_rate0__s043,background_p16_k1_rate0,43,background,allreduce,pipelined_allreduce,link_local_equal_share,0,0.04050000000000065,3fa4bc6a7ef9db80,810,0.22243239998351783,0.203125,0.20191639999393374,0.1875,60b57a3f735918822c5ad6a300b8872bf17681ddd702ecee5c770e2be6baac9c,5abd8f8f5ebc82c57e6a2d89ae8534ea4c2a9dae978bc2ec2e422703ca0457d5,bbac004dbd3dfac1e6c9167d53d70bd20a54955ad8c461b7a9f7f576b32917b9,a97d0b41fcb99dc5af341a26b4ce0d39b35942168fde331855ba54a18da7de28,698c3f32f5decd4eed9d7881a4431e6d4ff17b48140f84b30bc4d9d9be2563fa,0.0,0.0,480,,,,30,0.005220000000000082,0.005400000000000155,0.005400000000000155,exact_binary64_match,timing_and_coverage_only_not_a_scientific_estimate
a15_background_p16_k1_rate0__s043,background_p16_k1_rate0,43,background,allreduce,pipelined_allreduce,network_maxmin,1,0.04050000000000065,3fa4bc6a7ef9db80,810,0.2896371000097133,0.28125,0.2763742999813985,0.265625,60b57a3f735918822c5ad6a300b8872bf17681ddd702ecee5c770e2be6baac9c,5abd8f8f5ebc82c57e6a2d89ae8534ea4c2a9dae978bc2ec2e422703ca0457d5,bbac004dbd3dfac1e6c9167d53d70bd20a54955ad8c461b7a9f7f576b32917b9,a97d0b41fcb99dc5af341a26b4ce0d39b35942168fde331855ba54a18da7de28,698c3f32f5decd4eed9d7881a4431e6d4ff17b48140f84b30bc4d9d9be2563fa,0.0,0.0,480,,,,30,0.005220000000000082,0.005400000000000155,0.005400000000000155,not_applicable_new_allocator,timing_and_coverage_only_not_a_scientific_estimate
a15_background_p16_k1_rate0__s071,background_p16_k1_rate0,71,background,allreduce,pipelined_allreduce,link_local_equal_share,1,0.041850000000000685,3fa56d5cfaacda4b,837,0.20023899999796413,0.1875,0.1848774000245612,0.171875,2154282e66ea2344f544c1d28c8a01bd6277e3696bb9eda4cffae97d41e10521,5abd8f8f5ebc82c57e6a2d89ae8534ea4c2a9dae978bc2ec2e422703ca0457d5,195933579c8e284f584872b9710e6392de21688320a1dceb28496cfab6476e36,77661e7634d5e732ca15050d047246294d332e621c9536a19d6a0057676b977b,698c3f32f5decd4eed9d7881a4431e6d4ff17b48140f84b30bc4d9d9be2563fa,0.0,0.0,480,,,,30,0.005310000000000083,0.005400000000000155,0.005400000000000155,exact_binary64_match,timing_and_coverage_only_not_a_scientific_estimate
a15_background_p16_k1_rate0__s071,background_p16_k1_rate0,71,background,allreduce,pipelined_allreduce,network_maxmin,0,0.041850000000000685,3fa56d5cfaacda4b,837,0.32997920000343584,0.34375,0.3152165000210516,0.3125,2154282e66ea2344f544c1d28c8a01bd6277e3696bb9eda4cffae97d41e10521,5abd8f8f5ebc82c57e6a2d89ae8534ea4c2a9dae978bc2ec2e422703ca0457d5,195933579c8e284f584872b9710e6392de21688320a1dceb28496cfab6476e36,77661e7634d5e732ca15050d047246294d332e621c9536a19d6a0057676b977b,698c3f32f5decd4eed9d7881a4431e6d4ff17b48140f84b30bc4d9d9be2563fa,0.0,0.0,480,,,,30,0.005310000000000083,0.005400000000000155,0.005400000000000155,not_applicable_new_allocator,timing_and_coverage_only_not_a_scientific_estimate
a15_background_p16_k1_rate0__s099,background_p16_k1_rate0,99,background,allreduce,pipelined_allreduce,link_local_equal_share,0,0.04050000000000065,3fa4bc6a7ef9db80,810,0.2645218000106979,0.265625,0.23528340001939796,0.234375,6b282159c0483dd60329afcc01dbe9aa8ebe9b148ff77404ae7dd06caa18b207,5abd8f8f5ebc82c57e6a2d89ae8534ea4c2a9dae978bc2ec2e422703ca0457d5,b878b968a0be6c21b6c30d4a741d74cd2d9af1a9886618420afa060efde75070,114936d1a22f9ab9c6214c85df6eb67a0b68e37353ba2e2a0b0c9fd75651efd5,698c3f32f5decd4eed9d7881a4431e6d4ff17b48140f84b30bc4d9d9be2563fa,0.0,0.0,480,,,,30,0.005220000000000082,0.005400000000000155,0.005400000000000155,exact_binary64_match,timing_and_coverage_only_not_a_scientific_estimate
a15_background_p16_k1_rate0__s099,background_p16_k1_rate0,99,background,allreduce,pipelined_allreduce,network_maxmin,1,0.04050000000000065,3fa4bc6a7ef9db80,810,0.3407633999886457,0.328125,0.3240617999981623,0.3125,6b282159c0483dd60329afcc01dbe9aa8ebe9b148ff77404ae7dd06caa18b207,5abd8f8f5ebc82c57e6a2d89ae8534ea4c2a9dae978bc2ec2e422703ca0457d5,b878b968a0be6c21b6c30d4a741d74cd2d9af1a9886618420afa060efde75070,114936d1a22f9ab9c6214c85df6eb67a0b68e37353ba2e2a0b0c9fd75651efd5,698c3f32f5decd4eed9d7881a4431e6d4ff17b48140f84b30bc4d9d9be2563fa,0.0,0.0,480,,,,30,0.005220000000000082,0.005400000000000155,0.005400000000000155,not_applicable_new_allocator,timing_and_coverage_only_not_a_scientific_estimate
a16_background_p16_k1_rate1000__s000,background_p16_k1_rate1000,0,background,allreduce,pipelined_allreduce,link_local_equal_share,1,0.04760000000000085,3fa85f06f69446ee,952,0.27626439998857677,0.265625,0.2571231000183616,0.25,660337de6ffa5841fffe1a78641938f14f807c413a9a9ec26717dfb24972f516,5abd8f8f5ebc82c57e6a2d89ae8534ea4c2a9dae978bc2ec2e422703ca0457d5,37c8432e7e1de92c24cadb7af2950de4263654719dddeeff74b4124657e22388,de6da2efe1422798e34ae3ab65fdadb1be643aa2c0ddbf028a3ca074541eab9f,7a83e91cc3923825d4e2c05b2b7a8e21466b47e570d7d0559ffc21dda6c78a06,2.0489096641540527e-08,0.0,480,,,,30,0.006133333333333441,0.006750000000000193,0.006750000000000193,exact_binary64_match,timing_and_coverage_only_not_a_scientific_estimate
a16_background_p16_k1_rate1000__s000,background_p16_k1_rate1000,0,background,allreduce,pipelined_allreduce,network_maxmin,0,0.04760000000000085,3fa85f06f69446ee,952,0.3889816000009887,0.390625,0.3738452999969013,0.375,660337de6ffa5841fffe1a78641938f14f807c413a9a9ec26717dfb24972f516,5abd8f8f5ebc82c57e6a2d89ae8534ea4c2a9dae978bc2ec2e422703ca0457d5,37c8432e7e1de92c24cadb7af2950de4263654719dddeeff74b4124657e22388,de6da2efe1422798e34ae3ab65fdadb1be643aa2c0ddbf028a3ca074541eab9f,7a83e91cc3923825d4e2c05b2b7a8e21466b47e570d7d0559ffc21dda6c78a06,2.0489096641540527e-08,0.0,480,,,,30,0.006133333333333441,0.006750000000000193,0.006750000000000193,not_applicable_new_allocator,timing_and_coverage_only_not_a_scientific_estimate
a16_background_p16_k1_rate1000__s017,background_p16_k1_rate1000,17,background,allreduce,pipelined_allreduce,link_local_equal_share,0,0.04820000000000087,3fa8adab9f559bba,964,0.26098580000689253,0.265625,0.23375600000144914,0.234375,838a73e185cade5b3daa00b4b5179804d2376a58bb6eced65bcb6e176c0c56fc,5abd8f8f5ebc82c57e6a2d89ae8534ea4c2a9dae978bc2ec2e422703ca0457d5,094d79ae1399522524e88e5cc0538f3527c3bb5ee3dd43d25ac4b76ee933706a,f007a2ae6bdf218066683cec7fca48b959828b7721471a524ebd25e88ef820ec,9e58b8d9be6c7dd91c4dd7131fa9b5a34b3873b28c58cc1ddd69731a6ddfd699,3.3527612686157227e-08,0.0,480,,,,30,0.006066666666666771,0.007650000000000219,0.007650000000000219,exact_binary64_match,timing_and_coverage_only_not_a_scientific_estimate
a16_background_p16_k1_rate1000__s017,background_p16_k1_rate1000,17,background,allreduce,pipelined_allreduce,network_maxmin,1,0.04820000000000087,3fa8adab9f559bba,964,0.39474640000844374,0.390625,0.38187460001790896,0.375,838a73e185cade5b3daa00b4b5179804d2376a58bb6eced65bcb6e176c0c56fc,5abd8f8f5ebc82c57e6a2d89ae8534ea4c2a9dae978bc2ec2e422703ca0457d5,094d79ae1399522524e88e5cc0538f3527c3bb5ee3dd43d25ac4b76ee933706a,f007a2ae6bdf218066683cec7fca48b959828b7721471a524ebd25e88ef820ec,9e58b8d9be6c7dd91c4dd7131fa9b5a34b3873b28c58cc1ddd69731a6ddfd699,3.3527612686157227e-08,0.0,480,,,,30,0.006066666666666771,0.007650000000000219,0.007650000000000219,not_applicable_new_allocator,timing_and_coverage_only_not_a_scientific_estimate
a16_background_p16_k1_rate1000__s043,background_p16_k1_rate1000,43,background,allreduce,pipelined_allreduce,link_local_equal_share,1,0.04835000000000087,3fa8c154c985f0ed,967,0.28190689999610186,0.28125,0.2674813999910839,0.265625,9a4a59c0dd99db7a753ded7031a2b0332a74b3909bdee4fbd477b83c24b51598,5abd8f8f5ebc82c57e6a2d89ae8534ea4c2a9dae978bc2ec2e422703ca0457d5,bbac004dbd3dfac1e6c9167d53d70bd20a54955ad8c461b7a9f7f576b32917b9,a97d0b41fcb99dc5af341a26b4ce0d39b35942168fde331855ba54a18da7de28,2da7186914379492a85970b4b23ef1f0f9fdb42adeae358ef9a728caf42979d4,0.0,0.0,480,,,,30,0.0061766666666667755,0.006750000000000193,0.006750000000000193,exact_binary64_match,timing_and_coverage_only_not_a_scientific_estimate
a16_background_p16_k1_rate1000__s043,background_p16_k1_rate1000,43,background,allreduce,pipelined_allreduce,network_maxmin,0,0.04835000000000087,3fa8c154c985f0ed,967,0.3817519000149332,0.375,0.3664832999929786,0.359375,9a4a59c0dd99db7a753ded7031a2b0332a74b3909bdee4fbd477b83c24b51598,5abd8f8f5ebc82c57e6a2d89ae8534ea4c2a9dae978bc2ec2e422703ca0457d5,bbac004dbd3dfac1e6c9167d53d70bd20a54955ad8c461b7a9f7f576b32917b9,a97d0b41fcb99dc5af341a26b4ce0d39b35942168fde331855ba54a18da7de28,2da7186914379492a85970b4b23ef1f0f9fdb42adeae358ef9a728caf42979d4,0.0,0.0,480,,,,30,0.0061766666666667755,0.006750000000000193,0.006750000000000193,not_applicable_new_allocator,timing_and_coverage_only_not_a_scientific_estimate
a16_background_p16_k1_rate1000__s071,background_p16_k1_rate1000,71,background,allreduce,pipelined_allreduce,link_local_equal_share,0,0.053350000000001015,3fab50b0f27bb391,1067,0.28639759999350645,0.28125,0.26806630002101883,0.265625,9f04bf42717198936780030296a04c281c9b9d0abdf8a0be0a9e11dd03c02d30,5abd8f8f5ebc82c57e6a2d89ae8534ea4c2a9dae978bc2ec2e422703ca0457d5,195933579c8e284f584872b9710e6392de21688320a1dceb28496cfab6476e36,77661e7634d5e732ca15050d047246294d332e621c9536a19d6a0057676b977b,96d873e57abd7ece12cb72347c77d84b6e38f47bc7054a9ca91cec5a2cac10b0,5.960464477539063e-08,0.0,480,,,,30,0.0067533333333334574,0.008100000000000232,0.008100000000000232,exact_binary64_match,timing_and_coverage_only_not_a_scientific_estimate
a16_background_p16_k1_rate1000__s071,background_p16_k1_rate1000,71,background,allreduce,pipelined_allreduce,network_maxmin,1,0.053350000000001015,3fab50b0f27bb391,1067,0.43728339998051524,0.4375,0.4199137999967206,0.421875,9f04bf42717198936780030296a04c281c9b9d0abdf8a0be0a9e11dd03c02d30,5abd8f8f5ebc82c57e6a2d89ae8534ea4c2a9dae978bc2ec2e422703ca0457d5,195933579c8e284f584872b9710e6392de21688320a1dceb28496cfab6476e36,77661e7634d5e732ca15050d047246294d332e621c9536a19d6a0057676b977b,96d873e57abd7ece12cb72347c77d84b6e38f47bc7054a9ca91cec5a2cac10b0,5.960464477539063e-08,0.0,480,,,,30,0.0067533333333334574,0.008100000000000232,0.008100000000000232,not_applicable_new_allocator,timing_and_coverage_only_not_a_scientific_estimate
a16_background_p16_k1_rate1000__s099,background_p16_k1_rate1000,99,background,allreduce,pipelined_allreduce,link_local_equal_share,1,0.04415000000000075,3fa69ad42c3c9f59,883,0.2704175000253599,0.265625,0.25457530000130646,0.25,b89f45ec09f45e448b3a4a3288ff925a4a4cc2cee2e893664bdceb56b767a439,5abd8f8f5ebc82c57e6a2d89ae8534ea4c2a9dae978bc2ec2e422703ca0457d5,b878b968a0be6c21b6c30d4a741d74cd2d9af1a9886618420afa060efde75070,114936d1a22f9ab9c6214c85df6eb67a0b68e37353ba2e2a0b0c9fd75651efd5,0c34b39c2c16b65546048e07a1cc6819b3c678ca35a9baedbab01610b62b3887,0.0,0.0,480,,,,30,0.005616666666666759,0.006750000000000193,0.006750000000000193,exact_binary64_match,timing_and_coverage_only_not_a_scientific_estimate
a16_background_p16_k1_rate1000__s099,background_p16_k1_rate1000,99,background,allreduce,pipelined_allreduce,network_maxmin,0,0.04415000000000075,3fa69ad42c3c9f59,883,0.3818339000281412,0.375,0.3654359999927692,0.359375,b89f45ec09f45e448b3a4a3288ff925a4a4cc2cee2e893664bdceb56b767a439,5abd8f8f5ebc82c57e6a2d89ae8534ea4c2a9dae978bc2ec2e422703ca0457d5,b878b968a0be6c21b6c30d4a741d74cd2d9af1a9886618420afa060efde75070,114936d1a22f9ab9c6214c85df6eb67a0b68e37353ba2e2a0b0c9fd75651efd5,0c34b39c2c16b65546048e07a1cc6819b3c678ca35a9baedbab01610b62b3887,0.0,0.0,480,,,,30,0.005616666666666759,0.006750000000000193,0.006750000000000193,not_applicable_new_allocator,timing_and_coverage_only_not_a_scientific_estimate
a17_background_p16_k4_rate0__s000,background_p16_k4_rate0,0,background,allreduce,pipelined_allreduce,link_local_equal_share,0,0.04050000000000065,3fa4bc6a7ef9db80,810,0.8576208000013139,0.859375,0.7928097000112757,0.78125,8e899a4cb03967098a27c1439a45b3ac30bf8d4ecf25376f9dbc683a70b811d9,5abd8f8f5ebc82c57e6a2d89ae8534ea4c2a9dae978bc2ec2e422703ca0457d5,37c8432e7e1de92c24cadb7af2950de4263654719dddeeff74b4124657e22388,43cd0bbc330d1e27f5f819a20b3c9a49c5ead3e46e3b1be264d702b20e68a409,698c3f32f5decd4eed9d7881a4431e6d4ff17b48140f84b30bc4d9d9be2563fa,0.0,0.0,1920,,,,30,0.005220000000000082,0.005400000000000155,0.005400000000000155,exact_binary64_match,timing_and_coverage_only_not_a_scientific_estimate
a17_background_p16_k4_rate0__s000,background_p16_k4_rate0,0,background,allreduce,pipelined_allreduce,network_maxmin,1,0.04050000000000065,3fa4bc6a7ef9db80,810,1.0286836000159383,1.015625,0.9853132999851368,0.96875,8e899a4cb03967098a27c1439a45b3ac30bf8d4ecf25376f9dbc683a70b811d9,5abd8f8f5ebc82c57e6a2d89ae8534ea4c2a9dae978bc2ec2e422703ca0457d5,37c8432e7e1de92c24cadb7af2950de4263654719dddeeff74b4124657e22388,43cd0bbc330d1e27f5f819a20b3c9a49c5ead3e46e3b1be264d702b20e68a409,698c3f32f5decd4eed9d7881a4431e6d4ff17b48140f84b30bc4d9d9be2563fa,0.0,0.0,1920,,,,30,0.005220000000000082,0.005400000000000155,0.005400000000000155,not_applicable_new_allocator,timing_and_coverage_only_not_a_scientific_estimate
a17_background_p16_k4_rate0__s017,background_p16_k4_rate0,17,background,allreduce,pipelined_allreduce,link_local_equal_share,1,0.04050000000000065,3fa4bc6a7ef9db80,810,0.8855344000039622,0.890625,0.8348231999843847,0.828125,d5eff83a40fb3179b79f615a2417b02c1d9075b5a73f7f331e0ead87fee2b6d8,5abd8f8f5ebc82c57e6a2d89ae8534ea4c2a9dae978bc2ec2e422703ca0457d5,094d79ae1399522524e88e5cc0538f3527c3bb5ee3dd43d25ac4b76ee933706a,9721cbf2ceab656787f9cce51247e70583af81244ccd9c0a967f4ddffe8ab36d,698c3f32f5decd4eed9d7881a4431e6d4ff17b48140f84b30bc4d9d9be2563fa,0.0,0.0,1920,,,,30,0.005220000000000082,0.005400000000000155,0.005400000000000155,exact_binary64_match,timing_and_coverage_only_not_a_scientific_estimate
a17_background_p16_k4_rate0__s017,background_p16_k4_rate0,17,background,allreduce,pipelined_allreduce,network_maxmin,0,0.04050000000000065,3fa4bc6a7ef9db80,810,1.0221828000212554,1.0,0.9799246999900788,0.96875,d5eff83a40fb3179b79f615a2417b02c1d9075b5a73f7f331e0ead87fee2b6d8,5abd8f8f5ebc82c57e6a2d89ae8534ea4c2a9dae978bc2ec2e422703ca0457d5,094d79ae1399522524e88e5cc0538f3527c3bb5ee3dd43d25ac4b76ee933706a,9721cbf2ceab656787f9cce51247e70583af81244ccd9c0a967f4ddffe8ab36d,698c3f32f5decd4eed9d7881a4431e6d4ff17b48140f84b30bc4d9d9be2563fa,0.0,0.0,1920,,,,30,0.005220000000000082,0.005400000000000155,0.005400000000000155,not_applicable_new_allocator,timing_and_coverage_only_not_a_scientific_estimate
a17_background_p16_k4_rate0__s043,background_p16_k4_rate0,43,background,allreduce,pipelined_allreduce,link_local_equal_share,0,0.04050000000000065,3fa4bc6a7ef9db80,810,0.8935408999968786,0.875,0.8486456999962684,0.828125,395c3d1e126965c6b5ff4ff61e636979fcab73d8bd7840be46b1911da084f350,5abd8f8f5ebc82c57e6a2d89ae8534ea4c2a9dae978bc2ec2e422703ca0457d5,bbac004dbd3dfac1e6c9167d53d70bd20a54955ad8c461b7a9f7f576b32917b9,51b55640cf46f8d1e5aa10507ebedd1fbaf32b49ba2626085d151ffd9df113a7,698c3f32f5decd4eed9d7881a4431e6d4ff17b48140f84b30bc4d9d9be2563fa,0.0,0.0,1920,,,,30,0.005220000000000082,0.005400000000000155,0.005400000000000155,exact_binary64_match,timing_and_coverage_only_not_a_scientific_estimate
a17_background_p16_k4_rate0__s043,background_p16_k4_rate0,43,background,allreduce,pipelined_allreduce,network_maxmin,1,0.04050000000000065,3fa4bc6a7ef9db80,810,1.0136757000000216,1.015625,0.9739054999954533,0.96875,395c3d1e126965c6b5ff4ff61e636979fcab73d8bd7840be46b1911da084f350,5abd8f8f5ebc82c57e6a2d89ae8534ea4c2a9dae978bc2ec2e422703ca0457d5,bbac004dbd3dfac1e6c9167d53d70bd20a54955ad8c461b7a9f7f576b32917b9,51b55640cf46f8d1e5aa10507ebedd1fbaf32b49ba2626085d151ffd9df113a7,698c3f32f5decd4eed9d7881a4431e6d4ff17b48140f84b30bc4d9d9be2563fa,0.0,0.0,1920,,,,30,0.005220000000000082,0.005400000000000155,0.005400000000000155,not_applicable_new_allocator,timing_and_coverage_only_not_a_scientific_estimate
a17_background_p16_k4_rate0__s071,background_p16_k4_rate0,71,background,allreduce,pipelined_allreduce,link_local_equal_share,1,0.04050000000000065,3fa4bc6a7ef9db80,810,0.8920799000188708,0.890625,0.8412113999947906,0.84375,cb065198a8dd4d441415c8ceb2040d9b1e0781b7aeb0a7df08fe7c8a1527b775,5abd8f8f5ebc82c57e6a2d89ae8534ea4c2a9dae978bc2ec2e422703ca0457d5,195933579c8e284f584872b9710e6392de21688320a1dceb28496cfab6476e36,e98f071cbc601f6b7972c7813e1855591aaf313eba1e27685d56cb70be4c0701,698c3f32f5decd4eed9d7881a4431e6d4ff17b48140f84b30bc4d9d9be2563fa,0.0,0.0,1920,,,,30,0.005220000000000082,0.005400000000000155,0.005400000000000155,exact_binary64_match,timing_and_coverage_only_not_a_scientific_estimate
a17_background_p16_k4_rate0__s071,background_p16_k4_rate0,71,background,allreduce,pipelined_allreduce,network_maxmin,0,0.04050000000000065,3fa4bc6a7ef9db80,810,1.001696199993603,1.0,0.959738000005018,0.96875,cb065198a8dd4d441415c8ceb2040d9b1e0781b7aeb0a7df08fe7c8a1527b775,5abd8f8f5ebc82c57e6a2d89ae8534ea4c2a9dae978bc2ec2e422703ca0457d5,195933579c8e284f584872b9710e6392de21688320a1dceb28496cfab6476e36,e98f071cbc601f6b7972c7813e1855591aaf313eba1e27685d56cb70be4c0701,698c3f32f5decd4eed9d7881a4431e6d4ff17b48140f84b30bc4d9d9be2563fa,0.0,0.0,1920,,,,30,0.005220000000000082,0.005400000000000155,0.005400000000000155,not_applicable_new_allocator,timing_and_coverage_only_not_a_scientific_estimate
a17_background_p16_k4_rate0__s099,background_p16_k4_rate0,99,background,allreduce,pipelined_allreduce,link_local_equal_share,0,0.04050000000000065,3fa4bc6a7ef9db80,810,0.914234399999259,0.921875,0.8698681000096258,0.875,091e9a7620fbba4aceb8e00e8ffb26785f9c3e1cb0952d762fa4d80cc78d3c86,5abd8f8f5ebc82c57e6a2d89ae8534ea4c2a9dae978bc2ec2e422703ca0457d5,b878b968a0be6c21b6c30d4a741d74cd2d9af1a9886618420afa060efde75070,8f1e0b7cfb90159d35fe2a7d2e40882c43bca5e2089ed1fdc61017a0388f86dc,698c3f32f5decd4eed9d7881a4431e6d4ff17b48140f84b30bc4d9d9be2563fa,0.0,0.0,1920,,,,30,0.005220000000000082,0.005400000000000155,0.005400000000000155,exact_binary64_match,timing_and_coverage_only_not_a_scientific_estimate
a17_background_p16_k4_rate0__s099,background_p16_k4_rate0,99,background,allreduce,pipelined_allreduce,network_maxmin,1,0.04050000000000065,3fa4bc6a7ef9db80,810,1.0207918000232894,1.015625,0.9820142000098713,0.984375,091e9a7620fbba4aceb8e00e8ffb26785f9c3e1cb0952d762fa4d80cc78d3c86,5abd8f8f5ebc82c57e6a2d89ae8534ea4c2a9dae978bc2ec2e422703ca0457d5,b878b968a0be6c21b6c30d4a741d74cd2d9af1a9886618420afa060efde75070,8f1e0b7cfb90159d35fe2a7d2e40882c43bca5e2089ed1fdc61017a0388f86dc,698c3f32f5decd4eed9d7881a4431e6d4ff17b48140f84b30bc4d9d9be2563fa,0.0,0.0,1920,,,,30,0.005220000000000082,0.005400000000000155,0.005400000000000155,not_applicable_new_allocator,timing_and_coverage_only_not_a_scientific_estimate
a18_background_p16_k4_rate1000__s000,background_p16_k4_rate1000,0,background,allreduce,pipelined_allreduce,link_local_equal_share,1,0.042550000000000705,3fa5c91d14e3bd39,851,0.9090473000251222,0.921875,0.8719049999781419,0.859375,31f68cee6ab252f05f88308f8b6ce8a3792b845f67c3c3f66a3f3bfd488b9027,5abd8f8f5ebc82c57e6a2d89ae8534ea4c2a9dae978bc2ec2e422703ca0457d5,37c8432e7e1de92c24cadb7af2950de4263654719dddeeff74b4124657e22388,43cd0bbc330d1e27f5f819a20b3c9a49c5ead3e46e3b1be264d702b20e68a409,7a83e91cc3923825d4e2c05b2b7a8e21466b47e570d7d0559ffc21dda6c78a06,1.3969838619232178e-09,0.0,1920,,,,30,0.0054700000000000885,0.005750000000000165,0.005750000000000165,exact_binary64_match,timing_and_coverage_only_not_a_scientific_estimate
a18_background_p16_k4_rate1000__s000,background_p16_k4_rate1000,0,background,allreduce,pipelined_allreduce,network_maxmin,0,0.042550000000000705,3fa5c91d14e3bd39,851,1.2479397999995854,1.234375,1.2072094000177458,1.1875,31f68cee6ab252f05f88308f8b6ce8a3792b845f67c3c3f66a3f3bfd488b9027,5abd8f8f5ebc82c57e6a2d89ae8534ea4c2a9dae978bc2ec2e422703ca0457d5,37c8432e7e1de92c24cadb7af2950de4263654719dddeeff74b4124657e22388,43cd0bbc330d1e27f5f819a20b3c9a49c5ead3e46e3b1be264d702b20e68a409,7a83e91cc3923825d4e2c05b2b7a8e21466b47e570d7d0559ffc21dda6c78a06,1.3969838619232178e-09,0.0,1920,,,,30,0.0054700000000000885,0.005750000000000165,0.005750000000000165,not_applicable_new_allocator,timing_and_coverage_only_not_a_scientific_estimate
a18_background_p16_k4_rate1000__s017,background_p16_k4_rate1000,17,background,allreduce,pipelined_allreduce,link_local_equal_share,0,0.04345000000000073,3fa63f141205bc6b,869,1.0197786000207998,1.015625,0.9782329000008758,0.96875,62008df1af34e4b4737a3b34d4db4c94a57ef5ea3b4d15f976f8a13fed1f035e,5abd8f8f5ebc82c57e6a2d89ae8534ea4c2a9dae978bc2ec2e422703ca0457d5,094d79ae1399522524e88e5cc0538f3527c3bb5ee3dd43d25ac4b76ee933706a,9721cbf2ceab656787f9cce51247e70583af81244ccd9c0a967f4ddffe8ab36d,9e58b8d9be6c7dd91c4dd7131fa9b5a34b3873b28c58cc1ddd69731a6ddfd699,3.725290298461914e-09,0.0,1920,,,,30,0.005566666666666759,0.005900000000000169,0.005900000000000169,exact_binary64_match,timing_and_coverage_only_not_a_scientific_estimate
a18_background_p16_k4_rate1000__s017,background_p16_k4_rate1000,17,background,allreduce,pipelined_allreduce,network_maxmin,1,0.04345000000000073,3fa63f141205bc6b,869,1.2640876999939792,1.25,1.2111855000257492,1.203125,62008df1af34e4b4737a3b34d4db4c94a57ef5ea3b4d15f976f8a13fed1f035e,5abd8f8f5ebc82c57e6a2d89ae8534ea4c2a9dae978bc2ec2e422703ca0457d5,094d79ae1399522524e88e5cc0538f3527c3bb5ee3dd43d25ac4b76ee933706a,9721cbf2ceab656787f9cce51247e70583af81244ccd9c0a967f4ddffe8ab36d,9e58b8d9be6c7dd91c4dd7131fa9b5a34b3873b28c58cc1ddd69731a6ddfd699,3.725290298461914e-09,0.0,1920,,,,30,0.005566666666666759,0.005900000000000169,0.005900000000000169,not_applicable_new_allocator,timing_and_coverage_only_not_a_scientific_estimate
a18_background_p16_k4_rate1000__s043,background_p16_k4_rate1000,43,background,allreduce,pipelined_allreduce,link_local_equal_share,1,0.042550000000000705,3fa5c91d14e3bd39,851,0.9376718000276014,0.9375,0.898372700001346,0.90625,96210533d1e402b6d4aa2b770f62a61b3b28176c0aa1eb142b1ae7d1a305819e,5abd8f8f5ebc82c57e6a2d89ae8534ea4c2a9dae978bc2ec2e422703ca0457d5,bbac004dbd3dfac1e6c9167d53d70bd20a54955ad8c461b7a9f7f576b32917b9,51b55640cf46f8d1e5aa10507ebedd1fbaf32b49ba2626085d151ffd9df113a7,2da7186914379492a85970b4b23ef1f0f9fdb42adeae358ef9a728caf42979d4,4.190951585769653e-09,0.0,1920,,,,30,0.0054700000000000885,0.005750000000000165,0.005750000000000165,exact_binary64_match,timing_and_coverage_only_not_a_scientific_estimate
a18_background_p16_k4_rate1000__s043,background_p16_k4_rate1000,43,background,allreduce,pipelined_allreduce,network_maxmin,0,0.042550000000000705,3fa5c91d14e3bd39,851,1.268736900005024,1.28125,1.2173618999950122,1.21875,96210533d1e402b6d4aa2b770f62a61b3b28176c0aa1eb142b1ae7d1a305819e,5abd8f8f5ebc82c57e6a2d89ae8534ea4c2a9dae978bc2ec2e422703ca0457d5,bbac004dbd3dfac1e6c9167d53d70bd20a54955ad8c461b7a9f7f576b32917b9,51b55640cf46f8d1e5aa10507ebedd1fbaf32b49ba2626085d151ffd9df113a7,2da7186914379492a85970b4b23ef1f0f9fdb42adeae358ef9a728caf42979d4,4.190951585769653e-09,0.0,1920,,,,30,0.0054700000000000885,0.005750000000000165,0.005750000000000165,not_applicable_new_allocator,timing_and_coverage_only_not_a_scientific_estimate
a18_background_p16_k4_rate1000__s071,background_p16_k4_rate1000,71,background,allreduce,pipelined_allreduce,link_local_equal_share,0,0.043550000000000734,3fa64c2f837b4a8d,871,0.9038297999941278,0.90625,0.8643939000030514,0.875,971a6b756beca8d39e143d2dfe3ef3e018c6e81ee464ff9df48ffd9d8148d7e0,5abd8f8f5ebc82c57e6a2d89ae8534ea4c2a9dae978bc2ec2e422703ca0457d5,195933579c8e284f584872b9710e6392de21688320a1dceb28496cfab6476e36,e98f071cbc601f6b7972c7813e1855591aaf313eba1e27685d56cb70be4c0701,96d873e57abd7ece12cb72347c77d84b6e38f47bc7054a9ca91cec5a2cac10b0,3.725290298461914e-09,0.0,1920,,,,30,0.00558000000000009,0.006050000000000173,0.006050000000000173,exact_binary64_match,timing_and_coverage_only_not_a_scientific_estimate
a18_background_p16_k4_rate1000__s071,background_p16_k4_rate1000,71,background,allreduce,pipelined_allreduce,network_maxmin,1,0.043550000000000734,3fa64c2f837b4a8d,871,1.2319155000150204,1.15625,1.1822317000187468,1.109375,971a6b756beca8d39e143d2dfe3ef3e018c6e81ee464ff9df48ffd9d8148d7e0,5abd8f8f5ebc82c57e6a2d89ae8534ea4c2a9dae978bc2ec2e422703ca0457d5,195933579c8e284f584872b9710e6392de21688320a1dceb28496cfab6476e36,e98f071cbc601f6b7972c7813e1855591aaf313eba1e27685d56cb70be4c0701,96d873e57abd7ece12cb72347c77d84b6e38f47bc7054a9ca91cec5a2cac10b0,3.725290298461914e-09,0.0,1920,,,,30,0.00558000000000009,0.006050000000000173,0.006050000000000173,not_applicable_new_allocator,timing_and_coverage_only_not_a_scientific_estimate
a18_background_p16_k4_rate1000__s099,background_p16_k4_rate1000,99,background,allreduce,pipelined_allreduce,link_local_equal_share,1,0.04155000000000068,3fa5460aa64c2fe5,831,0.9079354999994393,0.890625,0.8621165000076871,0.84375,0fbfbcca16f54ed17d9bca5f40581f199d218b7e07cf881286e1c41e40f81721,5abd8f8f5ebc82c57e6a2d89ae8534ea4c2a9dae978bc2ec2e422703ca0457d5,b878b968a0be6c21b6c30d4a741d74cd2d9af1a9886618420afa060efde75070,8f1e0b7cfb90159d35fe2a7d2e40882c43bca5e2089ed1fdc61017a0388f86dc,0c34b39c2c16b65546048e07a1cc6819b3c678ca35a9baedbab01610b62b3887,1.862645149230957e-09,0.0,1920,,,,30,0.005336666666666752,0.005750000000000165,0.005750000000000165,exact_binary64_match,timing_and_coverage_only_not_a_scientific_estimate
a18_background_p16_k4_rate1000__s099,background_p16_k4_rate1000,99,background,allreduce,pipelined_allreduce,network_maxmin,0,0.04155000000000068,3fa5460aa64c2fe5,831,1.1692317000124604,1.15625,1.1305685999977868,1.109375,0fbfbcca16f54ed17d9bca5f40581f199d218b7e07cf881286e1c41e40f81721,5abd8f8f5ebc82c57e6a2d89ae8534ea4c2a9dae978bc2ec2e422703ca0457d5,b878b968a0be6c21b6c30d4a741d74cd2d9af1a9886618420afa060efde75070,8f1e0b7cfb90159d35fe2a7d2e40882c43bca5e2089ed1fdc61017a0388f86dc,0c34b39c2c16b65546048e07a1cc6819b3c678ca35a9baedbab01610b62b3887,1.862645149230957e-09,0.0,1920,,,,30,0.005336666666666752,0.005750000000000165,0.005750000000000165,not_applicable_new_allocator,timing_and_coverage_only_not_a_scientific_estimate
