run,k,affected_fraction,completion_time_s
0,1,0.0,0.04295000000000072
0,2,0.0,0.03225000000000041
0,4,0.0,0.026850000000000256
0,8,0.0,0.021500000000000102
1,1,0.0,0.04295000000000072
1,2,0.0,0.03225000000000041
1,4,0.0,0.021500000000000102
1,8,0.0,0.021500000000000102
2,1,0.0,0.04295000000000072
2,2,0.0,0.03225000000000041
2,4,0.0,0.026850000000000256
2,8,0.0,0.021500000000000102
3,1,0.0,0.04295000000000072
3,2,0.0,0.03225000000000041
3,4,0.0,0.021500000000000102
3,8,0.0,0.02420000000000018
4,1,0.0,0.04295000000000072
4,2,0.0,0.021500000000000102
4,4,0.0,0.024450000000000187
4,8,0.0,0.021850000000000112
5,1,0.0,0.04295000000000072
5,2,0.0,0.021500000000000102
5,4,0.0,0.021500000000000102
5,8,0.0,0.021500000000000102
6,1,0.0,0.04295000000000072
6,2,0.0,0.03225000000000041
6,4,0.0,0.021500000000000102
6,8,0.0,0.021500000000000102
7,1,0.0,0.04295000000000072
7,2,0.0,0.03225000000000041
7,4,0.0,0.021500000000000102
7,8,0.0,0.021500000000000102
8,1,0.0,0.06445000000000106
8,2,0.0,0.03225000000000041
8,4,0.0,0.021500000000000102
8,8,0.0,0.021500000000000102
9,1,0.0,0.04295000000000072
9,2,0.0,0.04295000000000072
9,4,0.0,0.03225000000000041
9,8,0.0,0.02420000000000018
10,1,0.0,0.04295000000000072
10,2,0.0,0.021500000000000102
10,4,0.0,0.04165000000000068
10,8,0.0,0.028200000000000294
11,1,0.0,0.04295000000000072
11,2,0.0,0.03225000000000041
11,4,0.0,0.021500000000000102
11,8,0.0,0.021500000000000102
12,1,0.0,0.04295000000000072
12,2,0.0,0.03225000000000041
12,4,0.0,0.021500000000000102
12,8,0.0,0.021500000000000102
13,1,0.0,0.021500000000000102
13,2,0.0,0.03225000000000041
13,4,0.0,0.026850000000000256
13,8,0.0,0.02180000000000011
14,1,0.0,0.04295000000000072
14,2,0.0,0.03225000000000041
14,4,0.0,0.02175000000000011
14,8,0.0,0.021550000000000104
15,1,0.0,0.04295000000000072
15,2,0.0,0.03225000000000041
15,4,0.0,0.03225000000000041
15,8,0.0,0.024050000000000175
16,1,0.0,0.04295000000000072
16,2,0.0,0.021500000000000102
16,4,0.0,0.021500000000000102
16,8,0.0,0.021500000000000102
17,1,0.0,0.04295000000000072
17,2,0.0,0.04295000000000072
17,4,0.0,0.026850000000000256
17,8,0.0,0.02420000000000018
18,1,0.0,0.04295000000000072
18,2,0.0,0.03225000000000041
18,4,0.0,0.026850000000000256
18,8,0.0,0.021500000000000102
19,1,0.0,0.04295000000000072
19,2,0.0,0.03225000000000041
19,4,0.0,0.021500000000000102
19,8,0.0,0.021500000000000102
20,1,0.0,0.04295000000000072
20,2,0.0,0.03225000000000041
20,4,0.0,0.022700000000000137
20,8,0.0,0.02175000000000011
21,1,0.0,0.04295000000000072
21,2,0.0,0.03225000000000041
21,4,0.0,0.022000000000000117
21,8,0.0,0.02280000000000014
22,1,0.0,0.04295000000000072
22,2,0.0,0.03225000000000041
22,4,0.0,0.021500000000000102
22,8,0.0,0.021600000000000105
23,1,0.0,0.04295000000000072
23,2,0.0,0.03225000000000041
23,4,0.0,0.021500000000000102
23,8,0.0,0.021500000000000102
24,1,0.0,0.04295000000000072
24,2,0.0,0.03405000000000046
24,4,0.0,0.026850000000000256
24,8,0.0,0.021650000000000107
25,1,0.0,0.04295000000000072
25,2,0.0,0.03225000000000041
25,4,0.0,0.03225000000000041
25,8,0.0,0.021550000000000104
26,1,0.0,0.04295000000000072
26,2,0.0,0.03225000000000041
26,4,0.0,0.023600000000000163
26,8,0.0,0.023600000000000163
27,1,0.0,0.04295000000000072
27,2,0.0,0.03225000000000041
27,4,0.0,0.026850000000000256
27,8,0.0,0.021550000000000104
28,1,0.0,0.04295000000000072
28,2,0.0,0.03225000000000041
28,4,0.0,0.023400000000000157
28,8,0.0,0.023400000000000157
29,1,0.0,0.04295000000000072
29,2,0.0,0.03225000000000041
29,4,0.0,0.021500000000000102
29,8,0.0,0.021500000000000102
30,1,0.0,0.06445000000000106
30,2,0.0,0.03225000000000041
30,4,0.0,0.021500000000000102
30,8,0.0,0.021500000000000102
31,1,0.0,0.04295000000000072
31,2,0.0,0.03225000000000041
31,4,0.0,0.023600000000000163
31,8,0.0,0.02175000000000011
32,1,0.0,0.04295000000000072
32,2,0.0,0.03225000000000041
32,4,0.0,0.021500000000000102
32,8,0.0,0.021500000000000102
33,1,0.0,0.04295000000000072
33,2,0.0,0.03225000000000041
33,4,0.0,0.026850000000000256
33,8,0.0,0.021500000000000102
34,1,0.0,0.04295000000000072
34,2,0.0,0.03225000000000041
34,4,0.0,0.026850000000000256
34,8,0.0,0.021500000000000102
35,1,0.0,0.04295000000000072
35,2,0.0,0.03225000000000041
35,4,0.0,0.03225000000000041
35,8,0.0,0.02420000000000018
36,1,0.0,0.04295000000000072
36,2,0.0,0.03225000000000041
36,4,0.0,0.021500000000000102
36,8,0.0,0.021500000000000102
37,1,0.0,0.04295000000000072
37,2,0.0,0.04295000000000072
37,4,0.0,0.026850000000000256
37,8,0.0,0.021500000000000102
38,1,0.0,0.04295000000000072
38,2,0.0,0.03225000000000041
38,4,0.0,0.02425000000000018
38,8,0.0,0.021950000000000115
39,1,0.0,0.04295000000000072
39,2,0.0,0.03225000000000041
39,4,0.0,0.026850000000000256
39,8,0.0,0.021500000000000102
40,1,0.0,0.04295000000000072
40,2,0.0,0.04295000000000072
40,4,0.0,0.026850000000000256
40,8,0.0,0.021500000000000102
41,1,0.0,0.04295000000000072
41,2,0.0,0.03225000000000041
41,4,0.0,0.021500000000000102
41,8,0.0,0.021500000000000102
42,1,0.0,0.04295000000000072
42,2,0.0,0.03225000000000041
42,4,0.0,0.021500000000000102
42,8,0.0,0.02180000000000011
43,1,0.0,0.04295000000000072
43,2,0.0,0.03225000000000041
43,4,0.0,0.021500000000000102
43,8,0.0,0.021500000000000102
44,1,0.0,0.06445000000000106
44,2,0.0,0.053700000000001025
44,4,0.0,0.03225000000000041
44,8,0.0,0.021500000000000102
45,1,0.0,0.04295000000000072
45,2,0.0,0.03225000000000041
45,4,0.0,0.021500000000000102
45,8,0.0,0.021500000000000102
46,1,0.0,0.04295000000000072
46,2,0.0,0.03225000000000041
46,4,0.0,0.021500000000000102
46,8,0.0,0.021500000000000102
47,1,0.0,0.04295000000000072
47,2,0.0,0.03225000000000041
47,4,0.0,0.026850000000000256
47,8,0.0,0.022050000000000118
48,1,0.0,0.04295000000000072
48,2,0.0,0.021500000000000102
48,4,0.0,0.021500000000000102
48,8,0.0,0.021500000000000102
49,1,0.0,0.04295000000000072
49,2,0.0,0.021500000000000102
49,4,0.0,0.021500000000000102
49,8,0.0,0.021500000000000102
50,1,0.0,0.04295000000000072
50,2,0.0,0.03225000000000041
50,4,0.0,0.021500000000000102
50,8,0.0,0.021500000000000102
51,1,0.0,0.04295000000000072
51,2,0.0,0.021500000000000102
51,4,0.0,0.021500000000000102
51,8,0.0,0.021500000000000102
52,1,0.0,0.04295000000000072
52,2,0.0,0.03225000000000041
52,4,0.0,0.021500000000000102
52,8,0.0,0.021500000000000102
53,1,0.0,0.04295000000000072
53,2,0.0,0.03225000000000041
53,4,0.0,0.021500000000000102
53,8,0.0,0.021500000000000102
54,1,0.0,0.04295000000000072
54,2,0.0,0.04295000000000072
54,4,0.0,0.03225000000000041
54,8,0.0,0.021500000000000102
55,1,0.0,0.04295000000000072
55,2,0.0,0.04295000000000072
55,4,0.0,0.026850000000000256
55,8,0.0,0.02175000000000011
56,1,0.0,0.04295000000000072
56,2,0.0,0.03225000000000041
56,4,0.0,0.021500000000000102
56,8,0.0,0.02420000000000018
57,1,0.0,0.04295000000000072
57,2,0.0,0.04295000000000072
57,4,0.0,0.026850000000000256
57,8,0.0,0.021500000000000102
58,1,0.0,0.04295000000000072
58,2,0.0,0.03225000000000041
58,4,0.0,0.026850000000000256
58,8,0.0,0.021500000000000102
59,1,0.0,0.04295000000000072
59,2,0.0,0.03225000000000041
59,4,0.0,0.021500000000000102
59,8,0.0,0.021600000000000105
60,1,0.0,0.04295000000000072
60,2,0.0,0.021500000000000102
60,4,0.0,0.021500000000000102
60,8,0.0,0.021500000000000102
61,1,0.0,0.04295000000000072
61,2,0.0,0.021500000000000102
61,4,0.0,0.021500000000000102
61,8,0.0,0.021500000000000102
62,1,0.0,0.04295000000000072
62,2,0.0,0.03225000000000041
62,4,0.0,0.021500000000000102
62,8,0.0,0.021550000000000104
63,1,0.0,0.04295000000000072
63,2,0.0,0.03225000000000041
63,4,0.0,0.026850000000000256
63,8,0.0,0.021500000000000102
64,1,0.0,0.04295000000000072
64,2,0.0,0.03225000000000041
64,4,0.0,0.021500000000000102
64,8,0.0,0.021500000000000102
65,1,0.0,0.04295000000000072
65,2,0.0,0.03225000000000041
65,4,0.0,0.023650000000000164
65,8,0.0,0.023650000000000164
66,1,0.0,0.04295000000000072
66,2,0.0,0.03225000000000041
66,4,0.0,0.026850000000000256
66,8,0.0,0.021550000000000104
67,1,0.0,0.04295000000000072
67,2,0.0,0.03225000000000041
67,4,0.0,0.021500000000000102
67,8,0.0,0.021500000000000102
68,1,0.0,0.04295000000000072
68,2,0.0,0.03225000000000041
68,4,0.0,0.022900000000000142
68,8,0.0,0.025000000000000203
69,1,0.0,0.04295000000000072
69,2,0.0,0.03225000000000041
69,4,0.0,0.026850000000000256
69,8,0.0,0.02420000000000018
70,1,0.0,0.04295000000000072
70,2,0.0,0.03225000000000041
70,4,0.0,0.026850000000000256
70,8,0.0,0.021500000000000102
71,1,0.0,0.04295000000000072
71,2,0.0,0.03225000000000041
71,4,0.0,0.03225000000000041
71,8,0.0,0.022000000000000117
72,1,0.0,0.04295000000000072
72,2,0.0,0.03225000000000041
72,4,0.0,0.026850000000000256
72,8,0.0,0.021500000000000102
73,1,0.0,0.04295000000000072
73,2,0.0,0.03225000000000041
73,4,0.0,0.021500000000000102
73,8,0.0,0.021500000000000102
74,1,0.0,0.04295000000000072
74,2,0.0,0.03225000000000041
74,4,0.0,0.021500000000000102
74,8,0.0,0.021500000000000102
75,1,0.0,0.04295000000000072
75,2,0.0,0.03225000000000041
75,4,0.0,0.022300000000000125
75,8,0.0,0.022300000000000125
76,1,0.0,0.04295000000000072
76,2,0.0,0.03225000000000041
76,4,0.0,0.021500000000000102
76,8,0.0,0.021500000000000102
77,1,0.0,0.04295000000000072
77,2,0.0,0.03225000000000041
77,4,0.0,0.021500000000000102
77,8,0.0,0.021500000000000102
78,1,0.0,0.04295000000000072
78,2,0.0,0.03225000000000041
78,4,0.0,0.021950000000000115
78,8,0.0,0.021600000000000105
79,1,0.0,0.04295000000000072
79,2,0.0,0.03225000000000041
79,4,0.0,0.021700000000000108
79,8,0.0,0.021550000000000104
80,1,0.0,0.06445000000000106
80,2,0.0,0.03225000000000041
80,4,0.0,0.021500000000000102
80,8,0.0,0.021500000000000102
81,1,0.0,0.04295000000000072
81,2,0.0,0.04295000000000072
81,4,0.0,0.026850000000000256
81,8,0.0,0.021500000000000102
82,1,0.0,0.04295000000000072
82,2,0.0,0.03225000000000041
82,4,0.0,0.021500000000000102
82,8,0.0,0.021500000000000102
83,1,0.0,0.04295000000000072
83,2,0.0,0.03225000000000041
83,4,0.0,0.021500000000000102
83,8,0.0,0.021550000000000104
84,1,0.0,0.04295000000000072
84,2,0.0,0.03225000000000041
84,4,0.0,0.02315000000000015
84,8,0.0,0.02315000000000015
85,1,0.0,0.04295000000000072
85,2,0.0,0.03225000000000041
85,4,0.0,0.021500000000000102
85,8,0.0,0.021850000000000112
86,1,0.0,0.04295000000000072
86,2,0.0,0.03225000000000041
86,4,0.0,0.026850000000000256
86,8,0.0,0.021650000000000107
87,1,0.0,0.04295000000000072
87,2,0.0,0.03225000000000041
87,4,0.0,0.026850000000000256
87,8,0.0,0.021500000000000102
88,1,0.0,0.04295000000000072
88,2,0.0,0.03225000000000041
88,4,0.0,0.026850000000000256
88,8,0.0,0.021500000000000102
89,1,0.0,0.04295000000000072
89,2,0.0,0.03225000000000041
89,4,0.0,0.021500000000000102
89,8,0.0,0.021500000000000102
90,1,0.0,0.04295000000000072
90,2,0.0,0.02350000000000016
90,4,0.0,0.026850000000000256
90,8,0.0,0.021550000000000104
91,1,0.0,0.04295000000000072
91,2,0.0,0.03225000000000041
91,4,0.0,0.026850000000000256
91,8,0.0,0.02420000000000018
92,1,0.0,0.04295000000000072
92,2,0.0,0.03225000000000041
92,4,0.0,0.021500000000000102
92,8,0.0,0.021500000000000102
93,1,0.0,0.04295000000000072
93,2,0.0,0.03225000000000041
93,4,0.0,0.021500000000000102
93,8,0.0,0.021500000000000102
94,1,0.0,0.04295000000000072
94,2,0.0,0.03225000000000041
94,4,0.0,0.023350000000000155
94,8,0.0,0.02180000000000011
95,1,0.0,0.04295000000000072
95,2,0.0,0.03225000000000041
95,4,0.0,0.021850000000000112
95,8,0.0,0.021850000000000112
96,1,0.0,0.04295000000000072
96,2,0.0,0.04295000000000072
96,4,0.0,0.026850000000000256
96,8,0.0,0.021500000000000102
97,1,0.0,0.04295000000000072
97,2,0.0,0.03225000000000041
97,4,0.0,0.021500000000000102
97,8,0.0,0.021600000000000105
98,1,0.0,0.04295000000000072
98,2,0.0,0.03225000000000041
98,4,0.0,0.021500000000000102
98,8,0.0,0.021500000000000102
99,1,0.0,0.06445000000000106
99,2,0.0,0.04295000000000072
99,4,0.0,0.026850000000000256
99,8,0.0,0.021500000000000102
100,1,0.0,0.04295000000000072
100,2,0.0,0.03225000000000041
100,4,0.0,0.021500000000000102
100,8,0.0,0.021500000000000102
101,1,0.0,0.04295000000000072
101,2,0.0,0.03225000000000041
101,4,0.0,0.021500000000000102
101,8,0.0,0.021500000000000102
102,1,0.0,0.04295000000000072
102,2,0.0,0.03225000000000041
102,4,0.0,0.026850000000000256
102,8,0.0,0.021500000000000102
103,1,0.0,0.04295000000000072
103,2,0.0,0.021500000000000102
103,4,0.0,0.021500000000000102
103,8,0.0,0.021600000000000105
104,1,0.0,0.04295000000000072
104,2,0.0,0.03225000000000041
104,4,0.0,0.022050000000000118
104,8,0.0,0.022050000000000118
105,1,0.0,0.04295000000000072
105,2,0.0,0.03225000000000041
105,4,0.0,0.026850000000000256
105,8,0.0,0.021500000000000102
106,1,0.0,0.04295000000000072
106,2,0.0,0.03225000000000041
106,4,0.0,0.021500000000000102
106,8,0.0,0.021500000000000102
107,1,0.0,0.06925000000000053
107,2,0.0,0.036650000000000536
107,4,0.0,0.02450000000000019
107,8,0.0,0.021900000000000114
108,1,0.0,0.04295000000000072
108,2,0.0,0.03225000000000041
108,4,0.0,0.026850000000000256
108,8,0.0,0.021500000000000102
109,1,0.0,0.04295000000000072
109,2,0.0,0.022000000000000117
109,4,0.0,0.021650000000000107
109,8,0.0,0.021650000000000107
110,1,0.0,0.04295000000000072
110,2,0.0,0.04295000000000072
110,4,0.0,0.026850000000000256
110,8,0.0,0.021850000000000112
111,1,0.0,0.04295000000000072
111,2,0.0,0.03225000000000041
111,4,0.0,0.021500000000000102
111,8,0.0,0.021500000000000102
112,1,0.0,0.04295000000000072
112,2,0.0,0.03225000000000041
112,4,0.0,0.021500000000000102
112,8,0.0,0.021500000000000102
113,1,0.0,0.04295000000000072
113,2,0.0,0.03225000000000041
113,4,0.0,0.026850000000000256
113,8,0.0,0.02355000000000016
114,1,0.0,0.04295000000000072
114,2,0.0,0.03225000000000041
114,4,0.0,0.021500000000000102
114,8,0.0,0.021500000000000102
115,1,0.0,0.04295000000000072
115,2,0.0,0.03225000000000041
115,4,0.0,0.021500000000000102
115,8,0.0,0.021500000000000102
116,1,0.0,0.04295000000000072
116,2,0.0,0.021500000000000102
116,4,0.0,0.026850000000000256
116,8,0.0,0.021850000000000112
117,1,0.0,0.04295000000000072
117,2,0.0,0.03225000000000041
117,4,0.0,0.03225000000000041
117,8,0.0,0.021500000000000102
118,1,0.0,0.04295000000000072
118,2,0.0,0.04295000000000072
118,4,0.0,0.021500000000000102
118,8,0.0,0.023100000000000148
119,1,0.0,0.04295000000000072
119,2,0.0,0.03225000000000041
119,4,0.0,0.026850000000000256
119,8,0.0,0.021500000000000102
120,1,0.0,0.04295000000000072
120,2,0.0,0.03225000000000041
120,4,0.0,0.021500000000000102
120,8,0.0,0.021500000000000102
121,1,0.0,0.04295000000000072
121,2,0.0,0.03225000000000041
121,4,0.0,0.021500000000000102
121,8,0.0,0.021500000000000102
122,1,0.0,0.06445000000000106
122,2,0.0,0.03225000000000041
122,4,0.0,0.021500000000000102
122,8,0.0,0.021500000000000102
123,1,0.0,0.04295000000000072
123,2,0.0,0.03225000000000041
123,4,0.0,0.021500000000000102
123,8,0.0,0.021500000000000102
124,1,0.0,0.04295000000000072
124,2,0.0,0.03225000000000041
124,4,0.0,0.021500000000000102
124,8,0.0,0.021500000000000102
125,1,0.0,0.04295000000000072
125,2,0.0,0.03225000000000041
125,4,0.0,0.021850000000000112
125,8,0.0,0.021850000000000112
126,1,0.0,0.04295000000000072
126,2,0.0,0.03225000000000041
126,4,0.0,0.021500000000000102
126,8,0.0,0.021500000000000102
127,1,0.0,0.06455000000000105
127,2,0.0,0.03225000000000041
127,4,0.0,0.022750000000000138
127,8,0.0,0.023400000000000157
128,1,0.0,0.04295000000000072
128,2,0.0,0.03225000000000041
128,4,0.0,0.021500000000000102
128,8,0.0,0.021500000000000102
129,1,0.0,0.04295000000000072
129,2,0.0,0.03225000000000041
129,4,0.0,0.023100000000000148
129,8,0.0,0.021700000000000108
130,1,0.0,0.04295000000000072
130,2,0.0,0.03225000000000041
130,4,0.0,0.026850000000000256
130,8,0.0,0.021650000000000107
131,1,0.0,0.06445000000000106
131,2,0.0,0.03225000000000041
131,4,0.0,0.026850000000000256
131,8,0.0,0.021500000000000102
132,1,0.0,0.04295000000000072
132,2,0.0,0.04295000000000072
132,4,0.0,0.026850000000000256
132,8,0.0,0.021500000000000102
133,1,0.0,0.04295000000000072
133,2,0.0,0.03225000000000041
133,4,0.0,0.021500000000000102
133,8,0.0,0.021500000000000102
134,1,0.0,0.04295000000000072
134,2,0.0,0.021500000000000102
134,4,0.0,0.021650000000000107
134,8,0.0,0.021550000000000104
135,1,0.0,0.04295000000000072
135,2,0.0,0.03225000000000041
135,4,0.0,0.021500000000000102
135,8,0.0,0.021500000000000102
136,1,0.0,0.04295000000000072
136,2,0.0,0.03225000000000041
136,4,0.0,0.021500000000000102
136,8,0.0,0.021500000000000102
137,1,0.0,0.0858999999999987
137,2,0.0,0.04295000000000072
137,4,0.0,0.021500000000000102
137,8,0.0,0.021500000000000102
138,1,0.0,0.04295000000000072
138,2,0.0,0.03225000000000041
138,4,0.0,0.026850000000000256
138,8,0.0,0.021500000000000102
139,1,0.0,0.04295000000000072
139,2,0.0,0.03225000000000041
139,4,0.0,0.021500000000000102
139,8,0.0,0.021500000000000102
140,1,0.0,0.04295000000000072
140,2,0.0,0.03225000000000041
140,4,0.0,0.023350000000000155
140,8,0.0,0.023350000000000155
141,1,0.0,0.04295000000000072
141,2,0.0,0.04295000000000072
141,4,0.0,0.021500000000000102
141,8,0.0,0.021500000000000102
142,1,0.0,0.06445000000000106
142,2,0.0,0.03225000000000041
142,4,0.0,0.021500000000000102
142,8,0.0,0.021550000000000104
143,1,0.0,0.04295000000000072
143,2,0.0,0.03225000000000041
143,4,0.0,0.021500000000000102
143,8,0.0,0.021500000000000102
144,1,0.0,0.05595000000000109
144,2,0.0,0.034200000000000466
144,4,0.0,0.024100000000000177
144,8,0.0,0.021900000000000114
145,1,0.0,0.04295000000000072
145,2,0.0,0.04295000000000072
145,4,0.0,0.026850000000000256
145,8,0.0,0.02175000000000011
146,1,0.0,0.04295000000000072
146,2,0.0,0.03225000000000041
146,4,0.0,0.026850000000000256
146,8,0.0,0.021500000000000102
147,1,0.0,0.04295000000000072
147,2,0.0,0.021500000000000102
147,4,0.0,0.021500000000000102
147,8,0.0,0.021500000000000102
148,1,0.0,0.04295000000000072
148,2,0.0,0.03225000000000041
148,4,0.0,0.021500000000000102
148,8,0.0,0.021500000000000102
149,1,0.0,0.04295000000000072
149,2,0.0,0.03225000000000041
149,4,0.0,0.021500000000000102
149,8,0.0,0.021500000000000102
150,1,0.0,0.04295000000000072
150,2,0.0,0.03225000000000041
150,4,0.0,0.021500000000000102
150,8,0.0,0.021500000000000102
151,1,0.0,0.04295000000000072
151,2,0.0,0.03225000000000041
151,4,0.0,0.026850000000000256
151,8,0.0,0.022050000000000118
152,1,0.0,0.04295000000000072
152,2,0.0,0.03225000000000041
152,4,0.0,0.026850000000000256
152,8,0.0,0.021500000000000102
153,1,0.0,0.04295000000000072
153,2,0.0,0.03225000000000041
153,4,0.0,0.03225000000000041
153,8,0.0,0.021500000000000102
154,1,0.0,0.04295000000000072
154,2,0.0,0.03225000000000041
154,4,0.0,0.021500000000000102
154,8,0.0,0.021500000000000102
155,1,0.0,0.06445000000000106
155,2,0.0,0.04295000000000072
155,4,0.0,0.026850000000000256
155,8,0.0,0.02420000000000018
156,1,0.0,0.04295000000000072
156,2,0.0,0.03225000000000041
156,4,0.0,0.021500000000000102
156,8,0.0,0.021500000000000102
157,1,0.0,0.04295000000000072
157,2,0.0,0.03225000000000041
157,4,0.0,0.026850000000000256
157,8,0.0,0.02180000000000011
158,1,0.0,0.04295000000000072
158,2,0.0,0.03225000000000041
158,4,0.0,0.02315000000000015
158,8,0.0,0.02315000000000015
159,1,0.0,0.04295000000000072
159,2,0.0,0.03225000000000041
159,4,0.0,0.026850000000000256
159,8,0.0,0.021500000000000102
160,1,0.0,0.04295000000000072
160,2,0.0,0.021500000000000102
160,4,0.0,0.021500000000000102
160,8,0.0,0.021500000000000102
161,1,0.0,0.06445000000000106
161,2,0.0,0.03225000000000041
161,4,0.0,0.026850000000000256
161,8,0.0,0.021700000000000108
162,1,0.0,0.04295000000000072
162,2,0.0,0.03225000000000041
162,4,0.0,0.026850000000000256
162,8,0.0,0.021850000000000112
163,1,0.0,0.04295000000000072
163,2,0.0,0.03225000000000041
163,4,0.0,0.021500000000000102
163,8,0.0,0.021850000000000112
164,1,0.0,0.04295000000000072
164,2,0.0,0.03225000000000041
164,4,0.0,0.021500000000000102
164,8,0.0,0.021500000000000102
165,1,0.0,0.04295000000000072
165,2,0.0,0.03225000000000041
165,4,0.0,0.021500000000000102
165,8,0.0,0.021600000000000105
166,1,0.0,0.04295000000000072
166,2,0.0,0.04295000000000072
166,4,0.0,0.026850000000000256
166,8,0.0,0.021500000000000102
167,1,0.0,0.04295000000000072
167,2,0.0,0.03225000000000041
167,4,0.0,0.03225000000000041
167,8,0.0,0.021500000000000102
168,1,0.0,0.04295000000000072
168,2,0.0,0.03225000000000041
168,4,0.0,0.021500000000000102
168,8,0.0,0.02175000000000011
169,1,0.0,0.04295000000000072
169,2,0.0,0.03225000000000041
169,4,0.0,0.021500000000000102
169,8,0.0,0.021500000000000102
170,1,0.0,0.06445000000000106
170,2,0.0,0.04295000000000072
170,4,0.0,0.021500000000000102
170,8,0.0,0.021500000000000102
171,1,0.0,0.06445000000000106
171,2,0.0,0.03225000000000041
171,4,0.0,0.021500000000000102
171,8,0.0,0.021500000000000102
172,1,0.0,0.04295000000000072
172,2,0.0,0.021500000000000102
172,4,0.0,0.021500000000000102
172,8,0.0,0.021500000000000102
173,1,0.0,0.04295000000000072
173,2,0.0,0.03225000000000041
173,4,0.0,0.021500000000000102
173,8,0.0,0.021500000000000102
174,1,0.0,0.04295000000000072
174,2,0.0,0.03225000000000041
174,4,0.0,0.021500000000000102
174,8,0.0,0.021500000000000102
175,1,0.0,0.04295000000000072
175,2,0.0,0.03225000000000041
175,4,0.0,0.023450000000000158
175,8,0.0,0.02175000000000011
176,1,0.0,0.04295000000000072
176,2,0.0,0.03225000000000041
176,4,0.0,0.021500000000000102
176,8,0.0,0.021500000000000102
177,1,0.0,0.04295000000000072
177,2,0.0,0.03225000000000041
177,4,0.0,0.021500000000000102
177,8,0.0,0.021500000000000102
178,1,0.0,0.04295000000000072
178,2,0.0,0.03225000000000041
178,4,0.0,0.026850000000000256
178,8,0.0,0.021550000000000104
179,1,0.0,0.04295000000000072
179,2,0.0,0.03225000000000041
179,4,0.0,0.026850000000000256
179,8,0.0,0.021500000000000102
180,1,0.0,0.04295000000000072
180,2,0.0,0.03225000000000041
180,4,0.0,0.021500000000000102
180,8,0.0,0.021500000000000102
181,1,0.0,0.04295000000000072
181,2,0.0,0.03225000000000041
181,4,0.0,0.026850000000000256
181,8,0.0,0.021500000000000102
182,1,0.0,0.06445000000000106
182,2,0.0,0.03225000000000041
182,4,0.0,0.021500000000000102
182,8,0.0,0.021500000000000102
183,1,0.0,0.04295000000000072
183,2,0.0,0.03225000000000041
183,4,0.0,0.037600000000000564
183,8,0.0,0.02420000000000018
184,1,0.0,0.04295000000000072
184,2,0.0,0.04295000000000072
184,4,0.0,0.021500000000000102
184,8,0.0,0.021500000000000102
185,1,0.0,0.06445000000000106
185,2,0.0,0.04295000000000072
185,4,0.0,0.026850000000000256
185,8,0.0,0.021500000000000102
186,1,0.0,0.04295000000000072
186,2,0.0,0.03225000000000041
186,4,0.0,0.021500000000000102
186,8,0.0,0.021500000000000102
187,1,0.0,0.06300000000000122
187,2,0.0,0.04295000000000072
187,4,0.0,0.026850000000000256
187,8,0.0,0.021550000000000104
188,1,0.0,0.04295000000000072
188,2,0.0,0.03225000000000041
188,4,0.0,0.021500000000000102
188,8,0.0,0.021500000000000102
189,1,0.0,0.04295000000000072
189,2,0.0,0.03225000000000041
189,4,0.0,0.026850000000000256
189,8,0.0,0.021500000000000102
190,1,0.0,0.04295000000000072
190,2,0.0,0.03225000000000041
190,4,0.0,0.021500000000000102
190,8,0.0,0.021600000000000105
191,1,0.0,0.04295000000000072
191,2,0.0,0.021500000000000102
191,4,0.0,0.026850000000000256
191,8,0.0,0.021500000000000102
192,1,0.0,0.04295000000000072
192,2,0.0,0.03225000000000041
192,4,0.0,0.021500000000000102
192,8,0.0,0.021500000000000102
193,1,0.0,0.04295000000000072
193,2,0.0,0.03225000000000041
193,4,0.0,0.03225000000000041
193,8,0.0,0.021500000000000102
194,1,0.0,0.04295000000000072
194,2,0.0,0.021500000000000102
194,4,0.0,0.026850000000000256
194,8,0.0,0.021600000000000105
195,1,0.0,0.04295000000000072
195,2,0.0,0.03225000000000041
195,4,0.0,0.023950000000000173
195,8,0.0,0.025500000000000217
196,1,0.0,0.04295000000000072
196,2,0.0,0.03225000000000041
196,4,0.0,0.021500000000000102
196,8,0.0,0.021500000000000102
197,1,0.0,0.06445000000000106
197,2,0.0,0.03225000000000041
197,4,0.0,0.026850000000000256
197,8,0.0,0.021500000000000102
198,1,0.0,0.04295000000000072
198,2,0.0,0.03225000000000041
198,4,0.0,0.026850000000000256
198,8,0.0,0.021500000000000102
199,1,0.0,0.04295000000000072
199,2,0.0,0.03225000000000041
199,4,0.0,0.04835000000000087
199,8,0.0,0.034900000000000486
200,1,0.0,0.04295000000000072
200,2,0.0,0.03225000000000041
200,4,0.0,0.026850000000000256
200,8,0.0,0.021500000000000102
201,1,0.0,0.04295000000000072
201,2,0.0,0.03225000000000041
201,4,0.0,0.021500000000000102
201,8,0.0,0.021500000000000102
202,1,0.0,0.04295000000000072
202,2,0.0,0.04295000000000072
202,4,0.0,0.03225000000000041
202,8,0.0,0.021500000000000102
203,1,0.0,0.04295000000000072
203,2,0.0,0.021500000000000102
203,4,0.0,0.021500000000000102
203,8,0.0,0.021500000000000102
204,1,0.0,0.04295000000000072
204,2,0.0,0.03225000000000041
204,4,0.0,0.026850000000000256
204,8,0.0,0.021500000000000102
205,1,0.0,0.04295000000000072
205,2,0.0,0.04295000000000072
205,4,0.0,0.03225000000000041
205,8,0.0,0.021850000000000112
206,1,0.0,0.04295000000000072
206,2,0.0,0.03225000000000041
206,4,0.0,0.021500000000000102
206,8,0.0,0.021500000000000102
207,1,0.0,0.04295000000000072
207,2,0.0,0.021500000000000102
207,4,0.0,0.021500000000000102
207,8,0.0,0.021500000000000102
208,1,0.0,0.04295000000000072
208,2,0.0,0.03225000000000041
208,4,0.0,0.026850000000000256
208,8,0.0,0.02420000000000018
209,1,0.0,0.04295000000000072
209,2,0.0,0.04295000000000072
209,4,0.0,0.021500000000000102
209,8,0.0,0.02420000000000018
210,1,0.0,0.06445000000000106
210,2,0.0,0.053700000000001025
210,4,0.0,0.026850000000000256
210,8,0.0,0.021500000000000102
211,1,0.0,0.04295000000000072
211,2,0.0,0.03225000000000041
211,4,0.0,0.026850000000000256
211,8,0.0,0.021500000000000102
212,1,0.0,0.04295000000000072
212,2,0.0,0.03225000000000041
212,4,0.0,0.021500000000000102
212,8,0.0,0.02180000000000011
213,1,0.0,0.04295000000000072
213,2,0.0,0.03225000000000041
213,4,0.0,0.026850000000000256
213,8,0.0,0.023650000000000164
214,1,0.0,0.04295000000000072
214,2,0.0,0.021500000000000102
214,4,0.0,0.021500000000000102
214,8,0.0,0.021950000000000115
215,1,0.0,0.06445000000000106
215,2,0.0,0.03225000000000041
215,4,0.0,0.021500000000000102
215,8,0.0,0.021500000000000102
216,1,0.0,0.04295000000000072
216,2,0.0,0.03225000000000041
216,4,0.0,0.021500000000000102
216,8,0.0,0.021500000000000102
217,1,0.0,0.045650000000000794
217,2,0.0,0.03225000000000041
217,4,0.0,0.0249500000000002
217,8,0.0,0.022000000000000117
218,1,0.0,0.04295000000000072
218,2,0.0,0.03225000000000041
218,4,0.0,0.026850000000000256
218,8,0.0,0.021500000000000102
219,1,0.0,0.04295000000000072
219,2,0.0,0.03225000000000041
219,4,0.0,0.021500000000000102
219,8,0.0,0.021500000000000102
220,1,0.0,0.04295000000000072
220,2,0.0,0.03225000000000041
220,4,0.0,0.026850000000000256
220,8,0.0,0.021500000000000102
221,1,0.0,0.04295000000000072
221,2,0.0,0.04295000000000072
221,4,0.0,0.026850000000000256
221,8,0.0,0.021850000000000112
222,1,0.0,0.04295000000000072
222,2,0.0,0.021500000000000102
222,4,0.0,0.021500000000000102
222,8,0.0,0.021500000000000102
223,1,0.0,0.04295000000000072
223,2,0.0,0.03225000000000041
223,4,0.0,0.021500000000000102
223,8,0.0,0.021500000000000102
224,1,0.0,0.04295000000000072
224,2,0.0,0.03225000000000041
224,4,0.0,0.026850000000000256
224,8,0.0,0.025050000000000204
225,1,0.0,0.04295000000000072
225,2,0.0,0.03225000000000041
225,4,0.0,0.026850000000000256
225,8,0.0,0.021500000000000102
226,1,0.0,0.04295000000000072
226,2,0.0,0.03225000000000041
226,4,0.0,0.021500000000000102
226,8,0.0,0.021500000000000102
227,1,0.0,0.04295000000000072
227,2,0.0,0.03225000000000041
227,4,0.0,0.023800000000000168
227,8,0.0,0.02180000000000011
228,1,0.0,0.0858999999999987
228,2,0.0,0.04295000000000072
228,4,0.0,0.021500000000000102
228,8,0.0,0.021500000000000102
229,1,0.0,0.04295000000000072
229,2,0.0,0.03225000000000041
229,4,0.0,0.02215000000000012
229,8,0.0,0.02215000000000012
230,1,0.0,0.06445000000000106
230,2,0.0,0.03225000000000041
230,4,0.0,0.026850000000000256
230,8,0.0,0.026850000000000256
231,1,0.0,0.04295000000000072
231,2,0.0,0.02765000000000028
231,4,0.0,0.02765000000000028
231,8,0.0,0.025150000000000207
232,1,0.0,0.04295000000000072
232,2,0.0,0.03225000000000041
232,4,0.0,0.03225000000000041
232,8,0.0,0.021500000000000102
233,1,0.0,0.04295000000000072
233,2,0.0,0.03225000000000041
233,4,0.0,0.021500000000000102
233,8,0.0,0.021900000000000114
234,1,0.0,0.04295000000000072
234,2,0.0,0.03225000000000041
234,4,0.0,0.021500000000000102
234,8,0.0,0.021550000000000104
235,1,0.0,0.04295000000000072
235,2,0.0,0.03225000000000041
235,4,0.0,0.021500000000000102
235,8,0.0,0.021500000000000102
236,1,0.0,0.04295000000000072
236,2,0.0,0.03225000000000041
236,4,0.0,0.026850000000000256
236,8,0.0,0.022000000000000117
237,1,0.0,0.04295000000000072
237,2,0.0,0.03225000000000041
237,4,0.0,0.021500000000000102
237,8,0.0,0.021900000000000114
238,1,0.0,0.04295000000000072
238,2,0.0,0.03225000000000041
238,4,0.0,0.021500000000000102
238,8,0.0,0.021500000000000102
239,1,0.0,0.06445000000000106
239,2,0.0,0.03225000000000041
239,4,0.0,0.021500000000000102
239,8,0.0,0.021500000000000102
240,1,0.0,0.04295000000000072
240,2,0.0,0.03225000000000041
240,4,0.0,0.022050000000000118
240,8,0.0,0.021600000000000105
241,1,0.0,0.04295000000000072
241,2,0.0,0.04295000000000072
241,4,0.0,0.021500000000000102
241,8,0.0,0.02180000000000011
242,1,0.0,0.04295000000000072
242,2,0.0,0.03225000000000041
242,4,0.0,0.021500000000000102
242,8,0.0,0.021700000000000108
243,1,0.0,0.04295000000000072
243,2,0.0,0.03225000000000041
243,4,0.0,0.021500000000000102
243,8,0.0,0.021500000000000102
244,1,0.0,0.04295000000000072
244,2,0.0,0.03225000000000041
244,4,0.0,0.03225000000000041
244,8,0.0,0.022050000000000118
245,1,0.0,0.04295000000000072
245,2,0.0,0.03225000000000041
245,4,0.0,0.026850000000000256
245,8,0.0,0.021500000000000102
246,1,0.0,0.04295000000000072
246,2,0.0,0.03225000000000041
246,4,0.0,0.021500000000000102
246,8,0.0,0.021500000000000102
247,1,0.0,0.04295000000000072
247,2,0.0,0.04295000000000072
247,4,0.0,0.026850000000000256
247,8,0.0,0.026850000000000256
248,1,0.0,0.04295000000000072
248,2,0.0,0.03225000000000041
248,4,0.0,0.021500000000000102
248,8,0.0,0.021500000000000102
249,1,0.0,0.04295000000000072
249,2,0.0,0.03225000000000041
249,4,0.0,0.021500000000000102
249,8,0.0,0.021500000000000102
250,1,0.0,0.04295000000000072
250,2,0.0,0.021500000000000102
250,4,0.0,0.021500000000000102
250,8,0.0,0.021500000000000102
251,1,0.0,0.04295000000000072
251,2,0.0,0.03225000000000041
251,4,0.0,0.026850000000000256
251,8,0.0,0.021500000000000102
252,1,0.0,0.04295000000000072
252,2,0.0,0.053700000000001025
252,4,0.0,0.03225000000000041
252,8,0.0,0.021500000000000102
253,1,0.0,0.04295000000000072
253,2,0.0,0.03225000000000041
253,4,0.0,0.026850000000000256
253,8,0.0,0.02420000000000018
254,1,0.0,0.04295000000000072
254,2,0.0,0.024000000000000174
254,4,0.0,0.022000000000000117
254,8,0.0,0.022000000000000117
255,1,0.0,0.04625000000000081
255,2,0.0,0.04295000000000072
255,4,0.0,0.026850000000000256
255,8,0.0,0.026850000000000256
256,1,0.0,0.04295000000000072
256,2,0.0,0.03225000000000041
256,4,0.0,0.021500000000000102
256,8,0.0,0.021500000000000102
257,1,0.0,0.04295000000000072
257,2,0.0,0.021500000000000102
257,4,0.0,0.021500000000000102
257,8,0.0,0.021500000000000102
258,1,0.0,0.04295000000000072
258,2,0.0,0.03225000000000041
258,4,0.0,0.021500000000000102
258,8,0.0,0.021500000000000102
259,1,0.0,0.04295000000000072
259,2,0.0,0.03225000000000041
259,4,0.0,0.021500000000000102
259,8,0.0,0.021500000000000102
260,1,0.0,0.04295000000000072
260,2,0.0,0.03225000000000041
260,4,0.0,0.021500000000000102
260,8,0.0,0.021500000000000102
261,1,0.0,0.04295000000000072
261,2,0.0,0.03225000000000041
261,4,0.0,0.021500000000000102
261,8,0.0,0.021500000000000102
262,1,0.0,0.04295000000000072
262,2,0.0,0.021500000000000102
262,4,0.0,0.026850000000000256
262,8,0.0,0.021850000000000112
263,1,0.0,0.04295000000000072
263,2,0.0,0.03225000000000041
263,4,0.0,0.021500000000000102
263,8,0.0,0.021500000000000102
264,1,0.0,0.06445000000000106
264,2,0.0,0.03225000000000041
264,4,0.0,0.03225000000000041
264,8,0.0,0.021500000000000102
265,1,0.0,0.04295000000000072
265,2,0.0,0.03225000000000041
265,4,0.0,0.021500000000000102
265,8,0.0,0.022050000000000118
266,1,0.0,0.04295000000000072
266,2,0.0,0.03225000000000041
266,4,0.0,0.026850000000000256
266,8,0.0,0.021500000000000102
267,1,0.0,0.04295000000000072
267,2,0.0,0.03225000000000041
267,4,0.0,0.021500000000000102
267,8,0.0,0.021500000000000102
268,1,0.0,0.04295000000000072
268,2,0.0,0.03225000000000041
268,4,0.0,0.021500000000000102
268,8,0.0,0.021500000000000102
269,1,0.0,0.04295000000000072
269,2,0.0,0.03225000000000041
269,4,0.0,0.024450000000000187
269,8,0.0,0.021850000000000112
270,1,0.0,0.04295000000000072
270,2,0.0,0.03225000000000041
270,4,0.0,0.026850000000000256
270,8,0.0,0.021500000000000102
271,1,0.0,0.04295000000000072
271,2,0.0,0.03225000000000041
271,4,0.0,0.026850000000000256
271,8,0.0,0.021500000000000102
272,1,0.0,0.04295000000000072
272,2,0.0,0.021500000000000102
272,4,0.0,0.021500000000000102
272,8,0.0,0.021500000000000102
273,1,0.0,0.04295000000000072
273,2,0.0,0.03225000000000041
273,4,0.0,0.021500000000000102
273,8,0.0,0.024700000000000194
274,1,0.0,0.04295000000000072
274,2,0.0,0.03225000000000041
274,4,0.0,0.021500000000000102
274,8,0.0,0.021550000000000104
275,1,0.0,0.04295000000000072
275,2,0.0,0.03370000000000045
275,4,0.0,0.03370000000000045
275,8,0.0,0.02355000000000016
276,1,0.0,0.04295000000000072
276,2,0.0,0.03225000000000041
276,4,0.0,0.021500000000000102
276,8,0.0,0.021500000000000102
277,1,0.0,0.04295000000000072
277,2,0.0,0.021500000000000102
277,4,0.0,0.021500000000000102
277,8,0.0,0.02180000000000011
278,1,0.0,0.04295000000000072
278,2,0.0,0.03225000000000041
278,4,0.0,0.021500000000000102
278,8,0.0,0.02180000000000011
279,1,0.0,0.04295000000000072
279,2,0.0,0.04295000000000072
279,4,0.0,0.026850000000000256
279,8,0.0,0.021500000000000102
280,1,0.0,0.04295000000000072
280,2,0.0,0.03225000000000041
280,4,0.0,0.026850000000000256
280,8,0.0,0.02420000000000018
281,1,0.0,0.04295000000000072
281,2,0.0,0.021500000000000102
281,4,0.0,0.021500000000000102
281,8,0.0,0.021500000000000102
282,1,0.0,0.06445000000000106
282,2,0.0,0.03225000000000041
282,4,0.0,0.021500000000000102
282,8,0.0,0.021500000000000102
283,1,0.0,0.04295000000000072
283,2,0.0,0.021500000000000102
283,4,0.0,0.021500000000000102
283,8,0.0,0.021500000000000102
284,1,0.0,0.04295000000000072
284,2,0.0,0.03225000000000041
284,4,0.0,0.021500000000000102
284,8,0.0,0.021500000000000102
285,1,0.0,0.04295000000000072
285,2,0.0,0.03225000000000041
285,4,0.0,0.02210000000000012
285,8,0.0,0.021600000000000105
286,1,0.0,0.04295000000000072
286,2,0.0,0.03225000000000041
286,4,0.0,0.021500000000000102
286,8,0.0,0.021500000000000102
287,1,0.0,0.04295000000000072
287,2,0.0,0.03225000000000041
287,4,0.0,0.021500000000000102
287,8,0.0,0.021500000000000102
288,1,0.0,0.04295000000000072
288,2,0.0,0.021500000000000102
288,4,0.0,0.021500000000000102
288,8,0.0,0.021500000000000102
289,1,0.0,0.04295000000000072
289,2,0.0,0.03225000000000041
289,4,0.0,0.021500000000000102
289,8,0.0,0.021500000000000102
290,1,0.0,0.04295000000000072
290,2,0.0,0.03225000000000041
290,4,0.0,0.03225000000000041
290,8,0.0,0.02180000000000011
291,1,0.0,0.04295000000000072
291,2,0.0,0.03225000000000041
291,4,0.0,0.026850000000000256
291,8,0.0,0.021500000000000102
292,1,0.0,0.04295000000000072
292,2,0.0,0.03225000000000041
292,4,0.0,0.021500000000000102
292,8,0.0,0.021500000000000102
293,1,0.0,0.04295000000000072
293,2,0.0,0.021500000000000102
293,4,0.0,0.03225000000000041
293,8,0.0,0.02420000000000018
294,1,0.0,0.04295000000000072
294,2,0.0,0.03225000000000041
294,4,0.0,0.021500000000000102
294,8,0.0,0.021500000000000102
295,1,0.0,0.04295000000000072
295,2,0.0,0.04295000000000072
295,4,0.0,0.026850000000000256
295,8,0.0,0.021500000000000102
296,1,0.0,0.04295000000000072
296,2,0.0,0.03225000000000041
296,4,0.0,0.021500000000000102
296,8,0.0,0.021500000000000102
297,1,0.0,0.04295000000000072
297,2,0.0,0.03225000000000041
297,4,0.0,0.021500000000000102
297,8,0.0,0.021500000000000102
298,1,0.0,0.04295000000000072
298,2,0.0,0.04295000000000072
298,4,0.0,0.021500000000000102
298,8,0.0,0.021500000000000102
299,1,0.0,0.06445000000000106
299,2,0.0,0.03225000000000041
299,4,0.0,0.021500000000000102
299,8,0.0,0.021500000000000102
300,1,0.0,0.04295000000000072
300,2,0.0,0.021500000000000102
300,4,0.0,0.021500000000000102
300,8,0.0,0.021500000000000102
301,1,0.0,0.04295000000000072
301,2,0.0,0.021500000000000102
301,4,0.0,0.021500000000000102
301,8,0.0,0.021500000000000102
302,1,0.0,0.04295000000000072
302,2,0.0,0.03225000000000041
302,4,0.0,0.021500000000000102
302,8,0.0,0.021500000000000102
303,1,0.0,0.04295000000000072
303,2,0.0,0.04295000000000072
303,4,0.0,0.026850000000000256
303,8,0.0,0.02420000000000018
304,1,0.0,0.04295000000000072
304,2,0.0,0.03225000000000041
304,4,0.0,0.021500000000000102
304,8,0.0,0.021500000000000102
305,1,0.0,0.04295000000000072
305,2,0.0,0.03225000000000041
305,4,0.0,0.026850000000000256
305,8,0.0,0.021500000000000102
306,1,0.0,0.04295000000000072
306,2,0.0,0.03225000000000041
306,4,0.0,0.021500000000000102
306,8,0.0,0.021500000000000102
307,1,0.0,0.04295000000000072
307,2,0.0,0.03225000000000041
307,4,0.0,0.026850000000000256
307,8,0.0,0.021500000000000102
308,1,0.0,0.04295000000000072
308,2,0.0,0.021500000000000102
308,4,0.0,0.021500000000000102
308,8,0.0,0.021900000000000114
309,1,0.0,0.04295000000000072
309,2,0.0,0.04295000000000072
309,4,0.0,0.03225000000000041
309,8,0.0,0.026050000000000233
310,1,0.0,0.04295000000000072
310,2,0.0,0.021500000000000102
310,4,0.0,0.021500000000000102
310,8,0.0,0.021500000000000102
311,1,0.0,0.04295000000000072
311,2,0.0,0.03225000000000041
311,4,0.0,0.026850000000000256
311,8,0.0,0.021550000000000104
312,1,0.0,0.04630000000000081
312,2,0.0,0.03225000000000041
312,4,0.0,0.02630000000000024
312,8,0.0,0.023050000000000147
313,1,0.0,0.05010000000000092
313,2,0.0,0.03225000000000041
313,4,0.0,0.022700000000000137
313,8,0.0,0.021700000000000108
314,1,0.0,0.04295000000000072
314,2,0.0,0.03225000000000041
314,4,0.0,0.021500000000000102
314,8,0.0,0.021500000000000102
315,1,0.0,0.04295000000000072
315,2,0.0,0.03225000000000041
315,4,0.0,0.022350000000000127
315,8,0.0,0.021600000000000105
316,1,0.0,0.04295000000000072
316,2,0.0,0.03225000000000041
316,4,0.0,0.03225000000000041
316,8,0.0,0.02420000000000018
317,1,0.0,0.04295000000000072
317,2,0.0,0.04295000000000072
317,4,0.0,0.026850000000000256
317,8,0.0,0.02420000000000018
318,1,0.0,0.04295000000000072
318,2,0.0,0.03225000000000041
318,4,0.0,0.021500000000000102
318,8,0.0,0.021500000000000102
319,1,0.0,0.06445000000000106
319,2,0.0,0.03225000000000041
319,4,0.0,0.026850000000000256
319,8,0.0,0.021500000000000102
320,1,0.0,0.04295000000000072
320,2,0.0,0.03225000000000041
320,4,0.0,0.021500000000000102
320,8,0.0,0.021500000000000102
321,1,0.0,0.04295000000000072
321,2,0.0,0.03225000000000041
321,4,0.0,0.021500000000000102
321,8,0.0,0.021500000000000102
322,1,0.0,0.04295000000000072
322,2,0.0,0.03225000000000041
322,4,0.0,0.023100000000000148
322,8,0.0,0.02210000000000012
323,1,0.0,0.04295000000000072
323,2,0.0,0.02385000000000017
323,4,0.0,0.026850000000000256
323,8,0.0,0.021600000000000105
324,1,0.0,0.04295000000000072
324,2,0.0,0.03225000000000041
324,4,0.0,0.021500000000000102
324,8,0.0,0.021500000000000102
325,1,0.0,0.04295000000000072
325,2,0.0,0.03225000000000041
325,4,0.0,0.026850000000000256
325,8,0.0,0.02180000000000011
326,1,0.0,0.04295000000000072
326,2,0.0,0.03225000000000041
326,4,0.0,0.026850000000000256
326,8,0.0,0.021500000000000102
327,1,0.0,0.04295000000000072
327,2,0.0,0.03225000000000041
327,4,0.0,0.021500000000000102
327,8,0.0,0.021500000000000102
328,1,0.0,0.04295000000000072
328,2,0.0,0.03225000000000041
328,4,0.0,0.021500000000000102
328,8,0.0,0.021550000000000104
329,1,0.0,0.04295000000000072
329,2,0.0,0.03225000000000041
329,4,0.0,0.026850000000000256
329,8,0.0,0.021650000000000107
330,1,0.0,0.04295000000000072
330,2,0.0,0.03225000000000041
330,4,0.0,0.021500000000000102
330,8,0.0,0.021500000000000102
331,1,0.0,0.04295000000000072
331,2,0.0,0.021500000000000102
331,4,0.0,0.021500000000000102
331,8,0.0,0.021500000000000102
332,1,0.0,0.04295000000000072
332,2,0.0,0.03225000000000041
332,4,0.0,0.021500000000000102
332,8,0.0,0.021500000000000102
333,1,0.0,0.04295000000000072
333,2,0.0,0.03225000000000041
333,4,0.0,0.021500000000000102
333,8,0.0,0.021500000000000102
334,1,0.0,0.04295000000000072
334,2,0.0,0.03225000000000041
334,4,0.0,0.021500000000000102
334,8,0.0,0.021500000000000102
335,1,0.0,0.04295000000000072
335,2,0.0,0.03225000000000041
335,4,0.0,0.02250000000000013
335,8,0.0,0.02250000000000013
336,1,0.0,0.04295000000000072
336,2,0.0,0.03225000000000041
336,4,0.0,0.021500000000000102
336,8,0.0,0.021500000000000102
337,1,0.0,0.04295000000000072
337,2,0.0,0.03225000000000041
337,4,0.0,0.022350000000000127
337,8,0.0,0.021700000000000108
338,1,0.0,0.04295000000000072
338,2,0.0,0.03225000000000041
338,4,0.0,0.026850000000000256
338,8,0.0,0.021500000000000102
339,1,0.0,0.04295000000000072
339,2,0.0,0.03225000000000041
339,4,0.0,0.021500000000000102
339,8,0.0,0.021500000000000102
340,1,0.0,0.04295000000000072
340,2,0.0,0.03225000000000041
340,4,0.0,0.021500000000000102
340,8,0.0,0.021500000000000102
341,1,0.0,0.06445000000000106
341,2,0.0,0.03225000000000041
341,4,0.0,0.03225000000000041
341,8,0.0,0.02525000000000021
342,1,0.0,0.04295000000000072
342,2,0.0,0.03225000000000041
342,4,0.0,0.021500000000000102
342,8,0.0,0.021500000000000102
343,1,0.0,0.04295000000000072
343,2,0.0,0.03225000000000041
343,4,0.0,0.023750000000000167
343,8,0.0,0.021850000000000112
344,1,0.0,0.04295000000000072
344,2,0.0,0.03225000000000041
344,4,0.0,0.026850000000000256
344,8,0.0,0.021950000000000115
345,1,0.0,0.04295000000000072
345,2,0.0,0.03225000000000041
345,4,0.0,0.026850000000000256
345,8,0.0,0.021500000000000102
346,1,0.0,0.04295000000000072
346,2,0.0,0.03225000000000041
346,4,0.0,0.026850000000000256
346,8,0.0,0.021500000000000102
347,1,0.0,0.04295000000000072
347,2,0.0,0.04295000000000072
347,4,0.0,0.026850000000000256
347,8,0.0,0.02175000000000011
348,1,0.0,0.04295000000000072
348,2,0.0,0.03225000000000041
348,4,0.0,0.021500000000000102
348,8,0.0,0.021500000000000102
349,1,0.0,0.04295000000000072
349,2,0.0,0.03225000000000041
349,4,0.0,0.021500000000000102
349,8,0.0,0.021500000000000102
350,1,0.0,0.04295000000000072
350,2,0.0,0.021500000000000102
350,4,0.0,0.023450000000000158
350,8,0.0,0.02175000000000011
351,1,0.0,0.04295000000000072
351,2,0.0,0.04295000000000072
351,4,0.0,0.03235000000000041
351,8,0.0,0.024000000000000174
352,1,0.0,0.04295000000000072
352,2,0.0,0.03225000000000041
352,4,0.0,0.026850000000000256
352,8,0.0,0.021500000000000102
353,1,0.0,0.04295000000000072
353,2,0.0,0.03225000000000041
353,4,0.0,0.021500000000000102
353,8,0.0,0.023650000000000164
354,1,0.0,0.04295000000000072
354,2,0.0,0.03225000000000041
354,4,0.0,0.02245000000000013
354,8,0.0,0.021650000000000107
355,1,0.0,0.04295000000000072
355,2,0.0,0.021500000000000102
355,4,0.0,0.021500000000000102
355,8,0.0,0.021500000000000102
356,1,0.0,0.04295000000000072
356,2,0.0,0.03225000000000041
356,4,0.0,0.021500000000000102
356,8,0.0,0.021500000000000102
357,1,0.0,0.04295000000000072
357,2,0.0,0.03225000000000041
357,4,0.0,0.021500000000000102
357,8,0.0,0.021500000000000102
358,1,0.0,0.04295000000000072
358,2,0.0,0.04295000000000072
358,4,0.0,0.024050000000000175
358,8,0.0,0.024050000000000175
359,1,0.0,0.04295000000000072
359,2,0.0,0.03225000000000041
359,4,0.0,0.03225000000000041
359,8,0.0,0.021500000000000102
360,1,0.0,0.04295000000000072
360,2,0.0,0.021500000000000102
360,4,0.0,0.026850000000000256
360,8,0.0,0.021500000000000102
361,1,0.0,0.04295000000000072
361,2,0.0,0.03225000000000041
361,4,0.0,0.021500000000000102
361,8,0.0,0.021500000000000102
362,1,0.0,0.04295000000000072
362,2,0.0,0.03405000000000046
362,4,0.0,0.024650000000000193
362,8,0.0,0.024650000000000193
363,1,0.0,0.05350000000000102
363,2,0.0,0.03330000000000044
363,4,0.0,0.03330000000000044
363,8,0.0,0.02775000000000028
364,1,0.0,0.04295000000000072
364,2,0.0,0.03225000000000041
364,4,0.0,0.021500000000000102
364,8,0.0,0.021500000000000102
365,1,0.0,0.04295000000000072
365,2,0.0,0.03225000000000041
365,4,0.0,0.021500000000000102
365,8,0.0,0.021500000000000102
366,1,0.0,0.06445000000000106
366,2,0.0,0.04295000000000072
366,4,0.0,0.021500000000000102
366,8,0.0,0.023000000000000145
367,1,0.0,0.06445000000000106
367,2,0.0,0.03225000000000041
367,4,0.0,0.021500000000000102
367,8,0.0,0.021500000000000102
368,1,0.0,0.04295000000000072
368,2,0.0,0.03225000000000041
368,4,0.0,0.026850000000000256
368,8,0.0,0.021500000000000102
369,1,0.0,0.06445000000000106
369,2,0.0,0.03225000000000041
369,4,0.0,0.021500000000000102
369,8,0.0,0.021500000000000102
370,1,0.0,0.04295000000000072
370,2,0.0,0.021500000000000102
370,4,0.0,0.021500000000000102
370,8,0.0,0.021500000000000102
371,1,0.0,0.04295000000000072
371,2,0.0,0.03225000000000041
371,4,0.0,0.021500000000000102
371,8,0.0,0.021500000000000102
372,1,0.0,0.06445000000000106
372,2,0.0,0.034900000000000486
372,4,0.0,0.023650000000000164
372,8,0.0,0.021850000000000112
373,1,0.0,0.04295000000000072
373,2,0.0,0.03225000000000041
373,4,0.0,0.026850000000000256
373,8,0.0,0.021500000000000102
374,1,0.0,0.04295000000000072
374,2,0.0,0.03225000000000041
374,4,0.0,0.02210000000000012
374,8,0.0,0.02210000000000012
375,1,0.0,0.04295000000000072
375,2,0.0,0.03225000000000041
375,4,0.0,0.024050000000000175
375,8,0.0,0.024050000000000175
376,1,0.0,0.06445000000000106
376,2,0.0,0.03225000000000041
376,4,0.0,0.021500000000000102
376,8,0.0,0.021500000000000102
377,1,0.0,0.04295000000000072
377,2,0.0,0.03225000000000041
377,4,0.0,0.026850000000000256
377,8,0.0,0.021500000000000102
378,1,0.0,0.04295000000000072
378,2,0.0,0.03225000000000041
378,4,0.0,0.026850000000000256
378,8,0.0,0.022300000000000125
379,1,0.0,0.04295000000000072
379,2,0.0,0.03225000000000041
379,4,0.0,0.021500000000000102
379,8,0.0,0.021500000000000102
380,1,0.0,0.04295000000000072
380,2,0.0,0.03225000000000041
380,4,0.0,0.021500000000000102
380,8,0.0,0.021500000000000102
381,1,0.0,0.04295000000000072
381,2,0.0,0.03225000000000041
381,4,0.0,0.021500000000000102
381,8,0.0,0.021500000000000102
382,1,0.0,0.04295000000000072
382,2,0.0,0.03225000000000041
382,4,0.0,0.021500000000000102
382,8,0.0,0.021500000000000102
383,1,0.0,0.04295000000000072
383,2,0.0,0.03225000000000041
383,4,0.0,0.021500000000000102
383,8,0.0,0.021500000000000102
384,1,0.0,0.04295000000000072
384,2,0.0,0.04295000000000072
384,4,0.0,0.026850000000000256
384,8,0.0,0.021500000000000102
385,1,0.0,0.04295000000000072
385,2,0.0,0.03225000000000041
385,4,0.0,0.021500000000000102
385,8,0.0,0.021500000000000102
386,1,0.0,0.04295000000000072
386,2,0.0,0.03225000000000041
386,4,0.0,0.026850000000000256
386,8,0.0,0.021500000000000102
387,1,0.0,0.04295000000000072
387,2,0.0,0.03225000000000041
387,4,0.0,0.026850000000000256
387,8,0.0,0.021500000000000102
388,1,0.0,0.055850000000001086
388,2,0.0,0.033500000000000446
388,4,0.0,0.026850000000000256
388,8,0.0,0.02420000000000018
389,1,0.0,0.04295000000000072
389,2,0.0,0.053700000000001025
389,4,0.0,0.026850000000000256
389,8,0.0,0.021550000000000104
390,1,0.0,0.04295000000000072
390,2,0.0,0.03225000000000041
390,4,0.0,0.021500000000000102
390,8,0.0,0.021700000000000108
391,1,0.0,0.04295000000000072
391,2,0.0,0.03255000000000042
391,4,0.0,0.023700000000000165
391,8,0.0,0.02180000000000011
392,1,0.0,0.04295000000000072
392,2,0.0,0.03225000000000041
392,4,0.0,0.026850000000000256
392,8,0.0,0.021500000000000102
393,1,0.0,0.04295000000000072
393,2,0.0,0.03225000000000041
393,4,0.0,0.021500000000000102
393,8,0.0,0.021500000000000102
394,1,0.0,0.04295000000000072
394,2,0.0,0.03225000000000041
394,4,0.0,0.026850000000000256
394,8,0.0,0.021550000000000104
395,1,0.0,0.06445000000000106
395,2,0.0,0.03225000000000041
395,4,0.0,0.021500000000000102
395,8,0.0,0.021500000000000102
396,1,0.0,0.04295000000000072
396,2,0.0,0.03225000000000041
396,4,0.0,0.022250000000000124
396,8,0.0,0.021600000000000105
397,1,0.0,0.04295000000000072
397,2,0.0,0.03225000000000041
397,4,0.0,0.026850000000000256
397,8,0.0,0.021500000000000102
398,1,0.0,0.04295000000000072
398,2,0.0,0.03225000000000041
398,4,0.0,0.021500000000000102
398,8,0.0,0.021500000000000102
399,1,0.0,0.06445000000000106
399,2,0.0,0.04295000000000072
399,4,0.0,0.026850000000000256
399,8,0.0,0.026850000000000256
400,1,0.0,0.04295000000000072
400,2,0.0,0.03225000000000041
400,4,0.0,0.021500000000000102
400,8,0.0,0.021500000000000102
401,1,0.0,0.06445000000000106
401,2,0.0,0.04295000000000072
401,4,0.0,0.021500000000000102
401,8,0.0,0.021500000000000102
402,1,0.0,0.04295000000000072
402,2,0.0,0.03225000000000041
402,4,0.0,0.021500000000000102
402,8,0.0,0.021500000000000102
403,1,0.0,0.04295000000000072
403,2,0.0,0.03225000000000041
403,4,0.0,0.026850000000000256
403,8,0.0,0.021500000000000102
404,1,0.0,0.04295000000000072
404,2,0.0,0.03225000000000041
404,4,0.0,0.021500000000000102
404,8,0.0,0.021500000000000102
405,1,0.0,0.06445000000000106
405,2,0.0,0.04295000000000072
405,4,0.0,0.021500000000000102
405,8,0.0,0.021500000000000102
406,1,0.0,0.04295000000000072
406,2,0.0,0.03225000000000041
406,4,0.0,0.026850000000000256
406,8,0.0,0.021500000000000102
407,1,0.0,0.04295000000000072
407,2,0.0,0.03225000000000041
407,4,0.0,0.026850000000000256
407,8,0.0,0.021500000000000102
408,1,0.0,0.04295000000000072
408,2,0.0,0.03340000000000044
408,4,0.0,0.024100000000000177
408,8,0.0,0.024100000000000177
409,1,0.0,0.04295000000000072
409,2,0.0,0.03225000000000041
409,4,0.0,0.021500000000000102
409,8,0.0,0.021500000000000102
410,1,0.0,0.04295000000000072
410,2,0.0,0.03225000000000041
410,4,0.0,0.021500000000000102
410,8,0.0,0.021500000000000102
411,1,0.0,0.04295000000000072
411,2,0.0,0.03225000000000041
411,4,0.0,0.021500000000000102
411,8,0.0,0.021600000000000105
412,1,0.0,0.04295000000000072
412,2,0.0,0.03225000000000041
412,4,0.0,0.021500000000000102
412,8,0.0,0.021500000000000102
413,1,0.0,0.04295000000000072
413,2,0.0,0.021500000000000102
413,4,0.0,0.021500000000000102
413,8,0.0,0.021500000000000102
414,1,0.0,0.04295000000000072
414,2,0.0,0.03225000000000041
414,4,0.0,0.026850000000000256
414,8,0.0,0.02175000000000011
415,1,0.0,0.04295000000000072
415,2,0.0,0.03225000000000041
415,4,0.0,0.021500000000000102
415,8,0.0,0.021500000000000102
416,1,0.0,0.04295000000000072
416,2,0.0,0.021500000000000102
416,4,0.0,0.021950000000000115
416,8,0.0,0.021600000000000105
417,1,0.0,0.04295000000000072
417,2,0.0,0.03225000000000041
417,4,0.0,0.022000000000000117
417,8,0.0,0.022000000000000117
418,1,0.0,0.04295000000000072
418,2,0.0,0.03225000000000041
418,4,0.0,0.021500000000000102
418,8,0.0,0.021500000000000102
419,1,0.0,0.04295000000000072
419,2,0.0,0.03225000000000041
419,4,0.0,0.02530000000000021
419,8,0.0,0.026850000000000256
420,1,0.0,0.04295000000000072
420,2,0.0,0.021500000000000102
420,4,0.0,0.021500000000000102
420,8,0.0,0.021500000000000102
421,1,0.0,0.04295000000000072
421,2,0.0,0.03225000000000041
421,4,0.0,0.021500000000000102
421,8,0.0,0.021500000000000102
422,1,0.0,0.04295000000000072
422,2,0.0,0.03225000000000041
422,4,0.0,0.026850000000000256
422,8,0.0,0.02175000000000011
423,1,0.0,0.04295000000000072
423,2,0.0,0.03225000000000041
423,4,0.0,0.021500000000000102
423,8,0.0,0.021500000000000102
424,1,0.0,0.04295000000000072
424,2,0.0,0.03225000000000041
424,4,0.0,0.026850000000000256
424,8,0.0,0.021500000000000102
425,1,0.0,0.04295000000000072
425,2,0.0,0.03225000000000041
425,4,0.0,0.021500000000000102
425,8,0.0,0.021500000000000102
426,1,0.0,0.04295000000000072
426,2,0.0,0.03225000000000041
426,4,0.0,0.021500000000000102
426,8,0.0,0.021500000000000102
427,1,0.0,0.04295000000000072
427,2,0.0,0.03225000000000041
427,4,0.0,0.026850000000000256
427,8,0.0,0.021600000000000105
428,1,0.0,0.04295000000000072
428,2,0.0,0.03225000000000041
428,4,0.0,0.026850000000000256
428,8,0.0,0.021500000000000102
429,1,0.0,0.04295000000000072
429,2,0.0,0.03225000000000041
429,4,0.0,0.026850000000000256
429,8,0.0,0.021500000000000102
430,1,0.0,0.04295000000000072
430,2,0.0,0.03225000000000041
430,4,0.0,0.023100000000000148
430,8,0.0,0.022350000000000127
431,1,0.0,0.04295000000000072
431,2,0.0,0.03225000000000041
431,4,0.0,0.026850000000000256
431,8,0.0,0.021500000000000102
432,1,0.0,0.04295000000000072
432,2,0.0,0.03225000000000041
432,4,0.0,0.026850000000000256
432,8,0.0,0.023250000000000152
433,1,0.0,0.04295000000000072
433,2,0.0,0.04295000000000072
433,4,0.0,0.021500000000000102
433,8,0.0,0.021850000000000112
434,1,0.0,0.04295000000000072
434,2,0.0,0.03225000000000041
434,4,0.0,0.021500000000000102
434,8,0.0,0.021500000000000102
435,1,0.0,0.04295000000000072
435,2,0.0,0.03225000000000041
435,4,0.0,0.027450000000000273
435,8,0.0,0.022600000000000134
436,1,0.0,0.04295000000000072
436,2,0.0,0.021500000000000102
436,4,0.0,0.021500000000000102
436,8,0.0,0.021500000000000102
437,1,0.0,0.04295000000000072
437,2,0.0,0.03225000000000041
437,4,0.0,0.026850000000000256
437,8,0.0,0.022400000000000128
438,1,0.0,0.04295000000000072
438,2,0.0,0.03225000000000041
438,4,0.0,0.026850000000000256
438,8,0.0,0.021500000000000102
439,1,0.0,0.04295000000000072
439,2,0.0,0.03225000000000041
439,4,0.0,0.021500000000000102
439,8,0.0,0.021500000000000102
440,1,0.0,0.04295000000000072
440,2,0.0,0.03225000000000041
440,4,0.0,0.021500000000000102
440,8,0.0,0.021500000000000102
441,1,0.0,0.04295000000000072
441,2,0.0,0.04295000000000072
441,4,0.0,0.026850000000000256
441,8,0.0,0.021500000000000102
442,1,0.0,0.04295000000000072
442,2,0.0,0.03225000000000041
442,4,0.0,0.021500000000000102
442,8,0.0,0.021500000000000102
443,1,0.0,0.06445000000000106
443,2,0.0,0.03225000000000041
443,4,0.0,0.026850000000000256
443,8,0.0,0.021500000000000102
444,1,0.0,0.06445000000000106
444,2,0.0,0.04295000000000072
444,4,0.0,0.021500000000000102
444,8,0.0,0.021500000000000102
445,1,0.0,0.04295000000000072
445,2,0.0,0.04295000000000072
445,4,0.0,0.02420000000000018
445,8,0.0,0.02420000000000018
446,1,0.0,0.04295000000000072
446,2,0.0,0.02280000000000014
446,4,0.0,0.02280000000000014
446,8,0.0,0.02180000000000011
447,1,0.0,0.04295000000000072
447,2,0.0,0.03225000000000041
447,4,0.0,0.026850000000000256
447,8,0.0,0.02420000000000018
448,1,0.0,0.04295000000000072
448,2,0.0,0.03225000000000041
448,4,0.0,0.026850000000000256
448,8,0.0,0.021500000000000102
449,1,0.0,0.04295000000000072
449,2,0.0,0.021500000000000102
449,4,0.0,0.021500000000000102
449,8,0.0,0.021500000000000102
450,1,0.0,0.04295000000000072
450,2,0.0,0.03225000000000041
450,4,0.0,0.021500000000000102
450,8,0.0,0.021500000000000102
451,1,0.0,0.04295000000000072
451,2,0.0,0.021500000000000102
451,4,0.0,0.021500000000000102
451,8,0.0,0.021500000000000102
452,1,0.0,0.04295000000000072
452,2,0.0,0.03225000000000041
452,4,0.0,0.024300000000000183
452,8,0.0,0.024300000000000183
453,1,0.0,0.04295000000000072
453,2,0.0,0.03225000000000041
453,4,0.0,0.021500000000000102
453,8,0.0,0.021500000000000102
454,1,0.0,0.04295000000000072
454,2,0.0,0.03225000000000041
454,4,0.0,0.021500000000000102
454,8,0.0,0.021500000000000102
455,1,0.0,0.04295000000000072
455,2,0.0,0.021500000000000102
455,4,0.0,0.021500000000000102
455,8,0.0,0.021600000000000105
456,1,0.0,0.04295000000000072
456,2,0.0,0.021500000000000102
456,4,0.0,0.026850000000000256
456,8,0.0,0.02175000000000011
457,1,0.0,0.06445000000000106
457,2,0.0,0.03225000000000041
457,4,0.0,0.021500000000000102
457,8,0.0,0.021600000000000105
458,1,0.0,0.04295000000000072
458,2,0.0,0.03225000000000041
458,4,0.0,0.026850000000000256
458,8,0.0,0.021500000000000102
459,1,0.0,0.04295000000000072
459,2,0.0,0.021500000000000102
459,4,0.0,0.021500000000000102
459,8,0.0,0.021500000000000102
460,1,0.0,0.04295000000000072
460,2,0.0,0.03225000000000041
460,4,0.0,0.026850000000000256
460,8,0.0,0.021500000000000102
461,1,0.0,0.04295000000000072
461,2,0.0,0.021500000000000102
461,4,0.0,0.021500000000000102
461,8,0.0,0.021500000000000102
462,1,0.0,0.04295000000000072
462,2,0.0,0.03225000000000041
462,4,0.0,0.021500000000000102
462,8,0.0,0.021500000000000102
463,1,0.0,0.04295000000000072
463,2,0.0,0.03225000000000041
463,4,0.0,0.026850000000000256
463,8,0.0,0.021500000000000102
464,1,0.0,0.04295000000000072
464,2,0.0,0.03225000000000041
464,4,0.0,0.026850000000000256
464,8,0.0,0.02455000000000019
465,1,0.0,0.04295000000000072
465,2,0.0,0.04295000000000072
465,4,0.0,0.02175000000000011
465,8,0.0,0.02175000000000011
466,1,0.0,0.04295000000000072
466,2,0.0,0.03225000000000041
466,4,0.0,0.021500000000000102
466,8,0.0,0.021500000000000102
467,1,0.0,0.04295000000000072
467,2,0.0,0.03225000000000041
467,4,0.0,0.03225000000000041
467,8,0.0,0.021500000000000102
468,1,0.0,0.06445000000000106
468,2,0.0,0.03225000000000041
468,4,0.0,0.026850000000000256
468,8,0.0,0.02420000000000018
469,1,0.0,0.04295000000000072
469,2,0.0,0.03225000000000041
469,4,0.0,0.023350000000000155
469,8,0.0,0.02180000000000011
470,1,0.0,0.04295000000000072
470,2,0.0,0.03225000000000041
470,4,0.0,0.023750000000000167
470,8,0.0,0.02420000000000018
471,1,0.0,0.04295000000000072
471,2,0.0,0.021500000000000102
471,4,0.0,0.026850000000000256
471,8,0.0,0.02420000000000018
472,1,0.0,0.04295000000000072
472,2,0.0,0.03225000000000041
472,4,0.0,0.021500000000000102
472,8,0.0,0.021500000000000102
473,1,0.0,0.06445000000000106
473,2,0.0,0.03225000000000041
473,4,0.0,0.021500000000000102
473,8,0.0,0.022200000000000122
474,1,0.0,0.04295000000000072
474,2,0.0,0.03225000000000041
474,4,0.0,0.026850000000000256
474,8,0.0,0.021650000000000107
475,1,0.0,0.04295000000000072
475,2,0.0,0.03225000000000041
475,4,0.0,0.026850000000000256
475,8,0.0,0.021600000000000105
476,1,0.0,0.04295000000000072
476,2,0.0,0.03250000000000042
476,4,0.0,0.023300000000000154
476,8,0.0,0.021600000000000105
477,1,0.0,0.06445000000000106
477,2,0.0,0.03225000000000041
477,4,0.0,0.021500000000000102
477,8,0.0,0.021550000000000104
478,1,0.0,0.04295000000000072
478,2,0.0,0.03225000000000041
478,4,0.0,0.021500000000000102
478,8,0.0,0.021500000000000102
479,1,0.0,0.04295000000000072
479,2,0.0,0.03225000000000041
479,4,0.0,0.026850000000000256
479,8,0.0,0.021500000000000102
480,1,0.0,0.04295000000000072
480,2,0.0,0.04295000000000072
480,4,0.0,0.021500000000000102
480,8,0.0,0.021500000000000102
481,1,0.0,0.04295000000000072
481,2,0.0,0.04295000000000072
481,4,0.0,0.021500000000000102
481,8,0.0,0.021500000000000102
482,1,0.0,0.04295000000000072
482,2,0.0,0.03225000000000041
482,4,0.0,0.022250000000000124
482,8,0.0,0.022250000000000124
483,1,0.0,0.04295000000000072
483,2,0.0,0.03225000000000041
483,4,0.0,0.026850000000000256
483,8,0.0,0.021500000000000102
484,1,0.0,0.04295000000000072
484,2,0.0,0.03225000000000041
484,4,0.0,0.021500000000000102
484,8,0.0,0.021500000000000102
485,1,0.0,0.04295000000000072
485,2,0.0,0.03225000000000041
485,4,0.0,0.021500000000000102
485,8,0.0,0.02180000000000011
486,1,0.0,0.04295000000000072
486,2,0.0,0.04295000000000072
486,4,0.0,0.03225000000000041
486,8,0.0,0.021500000000000102
487,1,0.0,0.04295000000000072
487,2,0.0,0.03225000000000041
487,4,0.0,0.021700000000000108
487,8,0.0,0.021550000000000104
488,1,0.0,0.04295000000000072
488,2,0.0,0.03225000000000041
488,4,0.0,0.022000000000000117
488,8,0.0,0.021600000000000105
489,1,0.0,0.04295000000000072
489,2,0.0,0.03225000000000041
489,4,0.0,0.021500000000000102
489,8,0.0,0.021500000000000102
490,1,0.0,0.04295000000000072
490,2,0.0,0.053700000000001025
490,4,0.0,0.026850000000000256
490,8,0.0,0.021500000000000102
491,1,0.0,0.04295000000000072
491,2,0.0,0.03225000000000041
491,4,0.0,0.026850000000000256
491,8,0.0,0.021500000000000102
492,1,0.0,0.04295000000000072
492,2,0.0,0.03225000000000041
492,4,0.0,0.021500000000000102
492,8,0.0,0.021500000000000102
493,1,0.0,0.04295000000000072
493,2,0.0,0.03225000000000041
493,4,0.0,0.021500000000000102
493,8,0.0,0.021500000000000102
494,1,0.0,0.04295000000000072
494,2,0.0,0.04295000000000072
494,4,0.0,0.027450000000000273
494,8,0.0,0.02385000000000017
495,1,0.0,0.06445000000000106
495,2,0.0,0.03225000000000041
495,4,0.0,0.021500000000000102
495,8,0.0,0.021500000000000102
496,1,0.0,0.04295000000000072
496,2,0.0,0.04295000000000072
496,4,0.0,0.026850000000000256
496,8,0.0,0.021500000000000102
497,1,0.0,0.04295000000000072
497,2,0.0,0.03225000000000041
497,4,0.0,0.026850000000000256
497,8,0.0,0.021500000000000102
498,1,0.0,0.04295000000000072
498,2,0.0,0.04295000000000072
498,4,0.0,0.03225000000000041
498,8,0.0,0.021500000000000102
499,1,0.0,0.04295000000000072
499,2,0.0,0.03225000000000041
499,4,0.0,0.026850000000000256
499,8,0.0,0.021500000000000102
500,1,0.0,0.04295000000000072
500,2,0.0,0.04295000000000072
500,4,0.0,0.02385000000000017
500,8,0.0,0.02180000000000011
501,1,0.0,0.04295000000000072
501,2,0.0,0.03225000000000041
501,4,0.0,0.026850000000000256
501,8,0.0,0.021500000000000102
502,1,0.0,0.04295000000000072
502,2,0.0,0.04295000000000072
502,4,0.0,0.021500000000000102
502,8,0.0,0.021500000000000102
503,1,0.0,0.04295000000000072
503,2,0.0,0.03225000000000041
503,4,0.0,0.021500000000000102
503,8,0.0,0.021500000000000102
504,1,0.0,0.04295000000000072
504,2,0.0,0.03225000000000041
504,4,0.0,0.026850000000000256
504,8,0.0,0.026850000000000256
505,1,0.0,0.04295000000000072
505,2,0.0,0.03225000000000041
505,4,0.0,0.021500000000000102
505,8,0.0,0.021500000000000102
506,1,0.0,0.04295000000000072
506,2,0.0,0.03225000000000041
506,4,0.0,0.021500000000000102
506,8,0.0,0.021700000000000108
507,1,0.0,0.04295000000000072
507,2,0.0,0.025750000000000224
507,4,0.0,0.022300000000000125
507,8,0.0,0.021650000000000107
508,1,0.0,0.06445000000000106
508,2,0.0,0.03225000000000041
508,4,0.0,0.026850000000000256
508,8,0.0,0.021500000000000102
509,1,0.0,0.04295000000000072
509,2,0.0,0.03225000000000041
509,4,0.0,0.026850000000000256
509,8,0.0,0.022350000000000127
510,1,0.0,0.04295000000000072
510,2,0.0,0.03225000000000041
510,4,0.0,0.021600000000000105
510,8,0.0,0.021550000000000104
511,1,0.0,0.06445000000000106
511,2,0.0,0.03225000000000041
511,4,0.0,0.026850000000000256
511,8,0.0,0.021500000000000102
512,1,0.0,0.04295000000000072
512,2,0.0,0.03225000000000041
512,4,0.0,0.021500000000000102
512,8,0.0,0.021500000000000102
513,1,0.0,0.04295000000000072
513,2,0.0,0.03225000000000041
513,4,0.0,0.025700000000000223
513,8,0.0,0.02210000000000012
514,1,0.0,0.04295000000000072
514,2,0.0,0.03225000000000041
514,4,0.0,0.021500000000000102
514,8,0.0,0.021950000000000115
515,1,0.0,0.04295000000000072
515,2,0.0,0.03225000000000041
515,4,0.0,0.026850000000000256
515,8,0.0,0.021500000000000102
516,1,0.0,0.04295000000000072
516,2,0.0,0.04295000000000072
516,4,0.0,0.037600000000000564
516,8,0.0,0.02420000000000018
517,1,0.0,0.04295000000000072
517,2,0.0,0.021500000000000102
517,4,0.0,0.021500000000000102
517,8,0.0,0.021500000000000102
518,1,0.0,0.04295000000000072
518,2,0.0,0.03225000000000041
518,4,0.0,0.026850000000000256
518,8,0.0,0.021500000000000102
519,1,0.0,0.04295000000000072
519,2,0.0,0.03225000000000041
519,4,0.0,0.026850000000000256
519,8,0.0,0.021500000000000102
520,1,0.0,0.04295000000000072
520,2,0.0,0.03225000000000041
520,4,0.0,0.023100000000000148
520,8,0.0,0.021850000000000112
521,1,0.0,0.04295000000000072
521,2,0.0,0.03225000000000041
521,4,0.0,0.021500000000000102
521,8,0.0,0.021500000000000102
522,1,0.0,0.04295000000000072
522,2,0.0,0.03225000000000041
522,4,0.0,0.021500000000000102
522,8,0.0,0.021500000000000102
523,1,0.0,0.04295000000000072
523,2,0.0,0.021500000000000102
523,4,0.0,0.026850000000000256
523,8,0.0,0.021500000000000102
524,1,0.0,0.04295000000000072
524,2,0.0,0.03225000000000041
524,4,0.0,0.021500000000000102
524,8,0.0,0.021500000000000102
525,1,0.0,0.04295000000000072
525,2,0.0,0.03225000000000041
525,4,0.0,0.021500000000000102
525,8,0.0,0.021500000000000102
526,1,0.0,0.04295000000000072
526,2,0.0,0.03225000000000041
526,4,0.0,0.023600000000000163
526,8,0.0,0.023600000000000163
527,1,0.0,0.04295000000000072
527,2,0.0,0.03225000000000041
527,4,0.0,0.026850000000000256
527,8,0.0,0.021500000000000102
528,1,0.0,0.04295000000000072
528,2,0.0,0.021500000000000102
528,4,0.0,0.021500000000000102
528,8,0.0,0.021500000000000102
529,1,0.0,0.04295000000000072
529,2,0.0,0.03225000000000041
529,4,0.0,0.021500000000000102
529,8,0.0,0.021500000000000102
530,1,0.0,0.04295000000000072
530,2,0.0,0.04295000000000072
530,4,0.0,0.026850000000000256
530,8,0.0,0.021500000000000102
531,1,0.0,0.04295000000000072
531,2,0.0,0.03225000000000041
531,4,0.0,0.021500000000000102
531,8,0.0,0.02250000000000013
532,1,0.0,0.04295000000000072
532,2,0.0,0.03225000000000041
532,4,0.0,0.026850000000000256
532,8,0.0,0.021500000000000102
533,1,0.0,0.04295000000000072
533,2,0.0,0.021500000000000102
533,4,0.0,0.021500000000000102
533,8,0.0,0.021500000000000102
534,1,0.0,0.04295000000000072
534,2,0.0,0.03225000000000041
534,4,0.0,0.021500000000000102
534,8,0.0,0.021500000000000102
535,1,0.0,0.04295000000000072
535,2,0.0,0.021500000000000102
535,4,0.0,0.021500000000000102
535,8,0.0,0.021500000000000102
536,1,0.0,0.04295000000000072
536,2,0.0,0.03225000000000041
536,4,0.0,0.021500000000000102
536,8,0.0,0.02180000000000011
537,1,0.0,0.04295000000000072
537,2,0.0,0.03225000000000041
537,4,0.0,0.021500000000000102
537,8,0.0,0.021500000000000102
538,1,0.0,0.04295000000000072
538,2,0.0,0.03225000000000041
538,4,0.0,0.021500000000000102
538,8,0.0,0.021500000000000102
539,1,0.0,0.04295000000000072
539,2,0.0,0.03225000000000041
539,4,0.0,0.03225000000000041
539,8,0.0,0.021500000000000102
540,1,0.0,0.04295000000000072
540,2,0.0,0.03225000000000041
540,4,0.0,0.026850000000000256
540,8,0.0,0.021500000000000102
541,1,0.0,0.04295000000000072
541,2,0.0,0.03225000000000041
541,4,0.0,0.026850000000000256
541,8,0.0,0.021500000000000102
542,1,0.0,0.04295000000000072
542,2,0.0,0.021500000000000102
542,4,0.0,0.022950000000000144
542,8,0.0,0.022950000000000144
543,1,0.0,0.04295000000000072
543,2,0.0,0.03225000000000041
543,4,0.0,0.026850000000000256
543,8,0.0,0.021500000000000102
544,1,0.0,0.04295000000000072
544,2,0.0,0.03225000000000041
544,4,0.0,0.021500000000000102
544,8,0.0,0.021500000000000102
545,1,0.0,0.04295000000000072
545,2,0.0,0.03225000000000041
545,4,0.0,0.021500000000000102
545,8,0.0,0.021500000000000102
546,1,0.0,0.04295000000000072
546,2,0.0,0.03225000000000041
546,4,0.0,0.026850000000000256
546,8,0.0,0.021500000000000102
547,1,0.0,0.04295000000000072
547,2,0.0,0.04295000000000072
547,4,0.0,0.026850000000000256
547,8,0.0,0.021500000000000102
548,1,0.0,0.04295000000000072
548,2,0.0,0.03225000000000041
548,4,0.0,0.021500000000000102
548,8,0.0,0.021500000000000102
549,1,0.0,0.04295000000000072
549,2,0.0,0.03225000000000041
549,4,0.0,0.021500000000000102
549,8,0.0,0.021900000000000114
550,1,0.0,0.04295000000000072
550,2,0.0,0.03225000000000041
550,4,0.0,0.026850000000000256
550,8,0.0,0.02180000000000011
551,1,0.0,0.06445000000000106
551,2,0.0,0.04295000000000072
551,4,0.0,0.026850000000000256
551,8,0.0,0.021900000000000114
552,1,0.0,0.04295000000000072
552,2,0.0,0.03225000000000041
552,4,0.0,0.021500000000000102
552,8,0.0,0.021500000000000102
553,1,0.0,0.05400000000000103
553,2,0.0,0.034150000000000465
553,4,0.0,0.0248500000000002
553,8,0.0,0.02210000000000012
554,1,0.0,0.06445000000000106
554,2,0.0,0.03225000000000041
554,4,0.0,0.026850000000000256
554,8,0.0,0.02180000000000011
555,1,0.0,0.06445000000000106
555,2,0.0,0.04295000000000072
555,4,0.0,0.021500000000000102
555,8,0.0,0.021500000000000102
556,1,0.0,0.04295000000000072
556,2,0.0,0.04295000000000072
556,4,0.0,0.026850000000000256
556,8,0.0,0.021500000000000102
557,1,0.0,0.08759999999999851
557,2,0.0,0.04470000000000077
557,4,0.0,0.026050000000000233
557,8,0.0,0.02245000000000013
558,1,0.0,0.04295000000000072
558,2,0.0,0.03225000000000041
558,4,0.0,0.021500000000000102
558,8,0.0,0.021500000000000102
559,1,0.0,0.04295000000000072
559,2,0.0,0.04295000000000072
559,4,0.0,0.026850000000000256
559,8,0.0,0.021500000000000102
560,1,0.0,0.04295000000000072
560,2,0.0,0.03225000000000041
560,4,0.0,0.021500000000000102
560,8,0.0,0.021500000000000102
561,1,0.0,0.04295000000000072
561,2,0.0,0.03225000000000041
561,4,0.0,0.021500000000000102
561,8,0.0,0.021500000000000102
562,1,0.0,0.04295000000000072
562,2,0.0,0.03225000000000041
562,4,0.0,0.021500000000000102
562,8,0.0,0.021600000000000105
563,1,0.0,0.04295000000000072
563,2,0.0,0.03225000000000041
563,4,0.0,0.021500000000000102
563,8,0.0,0.021500000000000102
564,1,0.0,0.04295000000000072
564,2,0.0,0.04295000000000072
564,4,0.0,0.026850000000000256
564,8,0.0,0.022900000000000142
565,1,0.0,0.04295000000000072
565,2,0.0,0.03225000000000041
565,4,0.0,0.02180000000000011
565,8,0.0,0.02180000000000011
566,1,0.0,0.04295000000000072
566,2,0.0,0.03225000000000041
566,4,0.0,0.021500000000000102
566,8,0.0,0.021500000000000102
567,1,0.0,0.04295000000000072
567,2,0.0,0.03225000000000041
567,4,0.0,0.026850000000000256
567,8,0.0,0.02175000000000011
568,1,0.0,0.04295000000000072
568,2,0.0,0.03225000000000041
568,4,0.0,0.034150000000000465
568,8,0.0,0.03085000000000037
569,1,0.0,0.04295000000000072
569,2,0.0,0.03225000000000041
569,4,0.0,0.022300000000000125
569,8,0.0,0.021600000000000105
570,1,0.0,0.04295000000000072
570,2,0.0,0.03255000000000042
570,4,0.0,0.024300000000000183
570,8,0.0,0.024300000000000183
571,1,0.0,0.04295000000000072
571,2,0.0,0.03225000000000041
571,4,0.0,0.021500000000000102
571,8,0.0,0.021500000000000102
572,1,0.0,0.04295000000000072
572,2,0.0,0.03225000000000041
572,4,0.0,0.026850000000000256
572,8,0.0,0.021500000000000102
573,1,0.0,0.04295000000000072
573,2,0.0,0.03085000000000037
573,4,0.0,0.023350000000000155
573,8,0.0,0.023350000000000155
574,1,0.0,0.04295000000000072
574,2,0.0,0.03440000000000047
574,4,0.0,0.03440000000000047
574,8,0.0,0.02450000000000019
575,1,0.0,0.04295000000000072
575,2,0.0,0.03225000000000041
575,4,0.0,0.02320000000000015
575,8,0.0,0.02320000000000015
576,1,0.0,0.04295000000000072
576,2,0.0,0.03225000000000041
576,4,0.0,0.026850000000000256
576,8,0.0,0.02420000000000018
577,1,0.0,0.04295000000000072
577,2,0.0,0.03225000000000041
577,4,0.0,0.021500000000000102
577,8,0.0,0.021500000000000102
578,1,0.0,0.04295000000000072
578,2,0.0,0.03225000000000041
578,4,0.0,0.021500000000000102
578,8,0.0,0.021500000000000102
579,1,0.0,0.04295000000000072
579,2,0.0,0.03225000000000041
579,4,0.0,0.026850000000000256
579,8,0.0,0.021500000000000102
580,1,0.0,0.04295000000000072
580,2,0.0,0.03225000000000041
580,4,0.0,0.026850000000000256
580,8,0.0,0.021500000000000102
581,1,0.0,0.04295000000000072
581,2,0.0,0.03225000000000041
581,4,0.0,0.026850000000000256
581,8,0.0,0.026850000000000256
582,1,0.0,0.04295000000000072
582,2,0.0,0.03225000000000041
582,4,0.0,0.026850000000000256
582,8,0.0,0.021500000000000102
583,1,0.0,0.04295000000000072
583,2,0.0,0.04295000000000072
583,4,0.0,0.026850000000000256
583,8,0.0,0.021500000000000102
584,1,0.0,0.06445000000000106
584,2,0.0,0.03225000000000041
584,4,0.0,0.021500000000000102
584,8,0.0,0.021500000000000102
585,1,0.0,0.06445000000000106
585,2,0.0,0.04295000000000072
585,4,0.0,0.021500000000000102
585,8,0.0,0.02180000000000011
586,1,0.0,0.04415000000000075
586,2,0.0,0.03290000000000043
586,4,0.0,0.03290000000000043
586,8,0.0,0.023950000000000173
587,1,0.0,0.04295000000000072
587,2,0.0,0.03225000000000041
587,4,0.0,0.026850000000000256
587,8,0.0,0.021500000000000102
588,1,0.0,0.04295000000000072
588,2,0.0,0.04295000000000072
588,4,0.0,0.021500000000000102
588,8,0.0,0.021500000000000102
589,1,0.0,0.04295000000000072
589,2,0.0,0.03225000000000041
589,4,0.0,0.021500000000000102
589,8,0.0,0.021500000000000102
590,1,0.0,0.04295000000000072
590,2,0.0,0.03225000000000041
590,4,0.0,0.021500000000000102
590,8,0.0,0.021500000000000102
591,1,0.0,0.06445000000000106
591,2,0.0,0.03225000000000041
591,4,0.0,0.021500000000000102
591,8,0.0,0.021500000000000102
592,1,0.0,0.04295000000000072
592,2,0.0,0.03225000000000041
592,4,0.0,0.021500000000000102
592,8,0.0,0.021500000000000102
593,1,0.0,0.04295000000000072
593,2,0.0,0.03225000000000041
593,4,0.0,0.026850000000000256
593,8,0.0,0.021500000000000102
594,1,0.0,0.04295000000000072
594,2,0.0,0.03225000000000041
594,4,0.0,0.021500000000000102
594,8,0.0,0.021550000000000104
595,1,0.0,0.04295000000000072
595,2,0.0,0.03225000000000041
595,4,0.0,0.026850000000000256
595,8,0.0,0.021950000000000115
596,1,0.0,0.04295000000000072
596,2,0.0,0.021500000000000102
596,4,0.0,0.021500000000000102
596,8,0.0,0.021500000000000102
597,1,0.0,0.04295000000000072
597,2,0.0,0.03225000000000041
597,4,0.0,0.021500000000000102
597,8,0.0,0.021500000000000102
598,1,0.0,0.04295000000000072
598,2,0.0,0.03225000000000041
598,4,0.0,0.021500000000000102
598,8,0.0,0.021500000000000102
599,1,0.0,0.04295000000000072
599,2,0.0,0.03225000000000041
599,4,0.0,0.026850000000000256
599,8,0.0,0.021500000000000102
600,1,0.0,0.04295000000000072
600,2,0.0,0.03225000000000041
600,4,0.0,0.021500000000000102
600,8,0.0,0.021500000000000102
601,1,0.0,0.04295000000000072
601,2,0.0,0.03225000000000041
601,4,0.0,0.026850000000000256
601,8,0.0,0.021500000000000102
602,1,0.0,0.06445000000000106
602,2,0.0,0.03225000000000041
602,4,0.0,0.021500000000000102
602,8,0.0,0.021500000000000102
603,1,0.0,0.04295000000000072
603,2,0.0,0.03225000000000041
603,4,0.0,0.021500000000000102
603,8,0.0,0.021500000000000102
604,1,0.0,0.06445000000000106
604,2,0.0,0.03225000000000041
604,4,0.0,0.026850000000000256
604,8,0.0,0.021500000000000102
605,1,0.0,0.04295000000000072
605,2,0.0,0.021500000000000102
605,4,0.0,0.026850000000000256
605,8,0.0,0.021700000000000108
606,1,0.0,0.04295000000000072
606,2,0.0,0.03225000000000041
606,4,0.0,0.021500000000000102
606,8,0.0,0.021500000000000102
607,1,0.0,0.04295000000000072
607,2,0.0,0.03225000000000041
607,4,0.0,0.02180000000000011
607,8,0.0,0.021550000000000104
608,1,0.0,0.04295000000000072
608,2,0.0,0.021500000000000102
608,4,0.0,0.021500000000000102
608,8,0.0,0.021500000000000102
609,1,0.0,0.04295000000000072
609,2,0.0,0.03225000000000041
609,4,0.0,0.021500000000000102
609,8,0.0,0.021500000000000102
610,1,0.0,0.06445000000000106
610,2,0.0,0.03225000000000041
610,4,0.0,0.021500000000000102
610,8,0.0,0.021500000000000102
611,1,0.0,0.04295000000000072
611,2,0.0,0.03225000000000041
611,4,0.0,0.026850000000000256
611,8,0.0,0.021500000000000102
612,1,0.0,0.04295000000000072
612,2,0.0,0.03225000000000041
612,4,0.0,0.023350000000000155
612,8,0.0,0.023350000000000155
613,1,0.0,0.04295000000000072
613,2,0.0,0.03225000000000041
613,4,0.0,0.026850000000000256
613,8,0.0,0.021500000000000102
614,1,0.0,0.04295000000000072
614,2,0.0,0.03225000000000041
614,4,0.0,0.021500000000000102
614,8,0.0,0.021500000000000102
615,1,0.0,0.04295000000000072
615,2,0.0,0.03225000000000041
615,4,0.0,0.026850000000000256
615,8,0.0,0.021500000000000102
616,1,0.0,0.04295000000000072
616,2,0.0,0.04295000000000072
616,4,0.0,0.037600000000000564
616,8,0.0,0.026850000000000256
617,1,0.0,0.04295000000000072
617,2,0.0,0.021500000000000102
617,4,0.0,0.021500000000000102
617,8,0.0,0.021500000000000102
618,1,0.0,0.04295000000000072
618,2,0.0,0.03225000000000041
618,4,0.0,0.026850000000000256
618,8,0.0,0.021500000000000102
619,1,0.0,0.04295000000000072
619,2,0.0,0.03225000000000041
619,4,0.0,0.026850000000000256
619,8,0.0,0.02420000000000018
620,1,0.0,0.04295000000000072
620,2,0.0,0.023700000000000165
620,4,0.0,0.021950000000000115
620,8,0.0,0.021550000000000104
621,1,0.0,0.04295000000000072
621,2,0.0,0.03225000000000041
621,4,0.0,0.021500000000000102
621,8,0.0,0.021500000000000102
622,1,0.0,0.04295000000000072
622,2,0.0,0.03225000000000041
622,4,0.0,0.026850000000000256
622,8,0.0,0.021500000000000102
623,1,0.0,0.04295000000000072
623,2,0.0,0.021500000000000102
623,4,0.0,0.021500000000000102
623,8,0.0,0.021500000000000102
624,1,0.0,0.04295000000000072
624,2,0.0,0.03225000000000041
624,4,0.0,0.021500000000000102
624,8,0.0,0.021500000000000102
625,1,0.0,0.04295000000000072
625,2,0.0,0.03225000000000041
625,4,0.0,0.021500000000000102
625,8,0.0,0.021500000000000102
626,1,0.0,0.04295000000000072
626,2,0.0,0.03225000000000041
626,4,0.0,0.021500000000000102
626,8,0.0,0.021500000000000102
627,1,0.0,0.04295000000000072
627,2,0.0,0.03225000000000041
627,4,0.0,0.026850000000000256
627,8,0.0,0.021500000000000102
628,1,0.0,0.06445000000000106
628,2,0.0,0.04295000000000072
628,4,0.0,0.026850000000000256
628,8,0.0,0.02425000000000018
629,1,0.0,0.04295000000000072
629,2,0.0,0.03225000000000041
629,4,0.0,0.021500000000000102
629,8,0.0,0.021650000000000107
630,1,0.0,0.04295000000000072
630,2,0.0,0.03225000000000041
630,4,0.0,0.026850000000000256
630,8,0.0,0.021500000000000102
631,1,0.0,0.06445000000000106
631,2,0.0,0.03225000000000041
631,4,0.0,0.026850000000000256
631,8,0.0,0.021500000000000102
632,1,0.0,0.06445000000000106
632,2,0.0,0.03225000000000041
632,4,0.0,0.021500000000000102
632,8,0.0,0.021500000000000102
633,1,0.0,0.06445000000000106
633,2,0.0,0.03225000000000041
633,4,0.0,0.021500000000000102
633,8,0.0,0.021500000000000102
634,1,0.0,0.04295000000000072
634,2,0.0,0.03225000000000041
634,4,0.0,0.021500000000000102
634,8,0.0,0.02420000000000018
635,1,0.0,0.04295000000000072
635,2,0.0,0.03225000000000041
635,4,0.0,0.021500000000000102
635,8,0.0,0.021500000000000102
636,1,0.0,0.04295000000000072
636,2,0.0,0.03225000000000041
636,4,0.0,0.03225000000000041
636,8,0.0,0.021500000000000102
637,1,0.0,0.04295000000000072
637,2,0.0,0.04295000000000072
637,4,0.0,0.026850000000000256
637,8,0.0,0.021500000000000102
638,1,0.0,0.04295000000000072
638,2,0.0,0.04295000000000072
638,4,0.0,0.021500000000000102
638,8,0.0,0.021500000000000102
639,1,0.0,0.04295000000000072
639,2,0.0,0.03225000000000041
639,4,0.0,0.021500000000000102
639,8,0.0,0.021500000000000102
640,1,0.0,0.04295000000000072
640,2,0.0,0.03225000000000041
640,4,0.0,0.021500000000000102
640,8,0.0,0.021500000000000102
641,1,0.0,0.04295000000000072
641,2,0.0,0.03225000000000041
641,4,0.0,0.021500000000000102
641,8,0.0,0.021500000000000102
642,1,0.0,0.04295000000000072
642,2,0.0,0.03225000000000041
642,4,0.0,0.021950000000000115
642,8,0.0,0.021950000000000115
643,1,0.0,0.06445000000000106
643,2,0.0,0.03225000000000041
643,4,0.0,0.03225000000000041
643,8,0.0,0.021500000000000102
644,1,0.0,0.04965000000000091
644,2,0.0,0.03225000000000041
644,4,0.0,0.024800000000000197
644,8,0.0,0.027950000000000287
645,1,0.0,0.04295000000000072
645,2,0.0,0.03225000000000041
645,4,0.0,0.03225000000000041
645,8,0.0,0.021500000000000102
646,1,0.0,0.04295000000000072
646,2,0.0,0.03225000000000041
646,4,0.0,0.021500000000000102
646,8,0.0,0.021500000000000102
647,1,0.0,0.04295000000000072
647,2,0.0,0.04295000000000072
647,4,0.0,0.026850000000000256
647,8,0.0,0.021500000000000102
648,1,0.0,0.04295000000000072
648,2,0.0,0.021500000000000102
648,4,0.0,0.021500000000000102
648,8,0.0,0.021500000000000102
649,1,0.0,0.04295000000000072
649,2,0.0,0.03225000000000041
649,4,0.0,0.023250000000000152
649,8,0.0,0.02175000000000011
650,1,0.0,0.04295000000000072
650,2,0.0,0.03225000000000041
650,4,0.0,0.026850000000000256
650,8,0.0,0.021500000000000102
651,1,0.0,0.04295000000000072
651,2,0.0,0.04295000000000072
651,4,0.0,0.026850000000000256
651,8,0.0,0.021500000000000102
652,1,0.0,0.04295000000000072
652,2,0.0,0.03225000000000041
652,4,0.0,0.021500000000000102
652,8,0.0,0.021500000000000102
653,1,0.0,0.04295000000000072
653,2,0.0,0.03225000000000041
653,4,0.0,0.03225000000000041
653,8,0.0,0.021500000000000102
654,1,0.0,0.04295000000000072
654,2,0.0,0.03225000000000041
654,4,0.0,0.021500000000000102
654,8,0.0,0.021500000000000102
655,1,0.0,0.04295000000000072
655,2,0.0,0.04295000000000072
655,4,0.0,0.03225000000000041
655,8,0.0,0.021900000000000114
656,1,0.0,0.04295000000000072
656,2,0.0,0.04295000000000072
656,4,0.0,0.026850000000000256
656,8,0.0,0.021900000000000114
657,1,0.0,0.06445000000000106
657,2,0.0,0.03225000000000041
657,4,0.0,0.026850000000000256
657,8,0.0,0.02180000000000011
658,1,0.0,0.04295000000000072
658,2,0.0,0.03225000000000041
658,4,0.0,0.021500000000000102
658,8,0.0,0.021650000000000107
659,1,0.0,0.04295000000000072
659,2,0.0,0.03225000000000041
659,4,0.0,0.021500000000000102
659,8,0.0,0.02180000000000011
660,1,0.0,0.047450000000000846
660,2,0.0,0.03225000000000041
660,4,0.0,0.022550000000000132
660,8,0.0,0.021600000000000105
661,1,0.0,0.04295000000000072
661,2,0.0,0.021500000000000102
661,4,0.0,0.026850000000000256
661,8,0.0,0.021500000000000102
662,1,0.0,0.04295000000000072
662,2,0.0,0.03225000000000041
662,4,0.0,0.026850000000000256
662,8,0.0,0.021500000000000102
663,1,0.0,0.04295000000000072
663,2,0.0,0.04295000000000072
663,4,0.0,0.03225000000000041
663,8,0.0,0.021900000000000114
664,1,0.0,0.04295000000000072
664,2,0.0,0.03225000000000041
664,4,0.0,0.021500000000000102
664,8,0.0,0.021700000000000108
665,1,0.0,0.04295000000000072
665,2,0.0,0.03225000000000041
665,4,0.0,0.021500000000000102
665,8,0.0,0.021500000000000102
666,1,0.0,0.04295000000000072
666,2,0.0,0.03225000000000041
666,4,0.0,0.021600000000000105
666,8,0.0,0.021600000000000105
667,1,0.0,0.04295000000000072
667,2,0.0,0.021500000000000102
667,4,0.0,0.021500000000000102
667,8,0.0,0.021500000000000102
668,1,0.0,0.04295000000000072
668,2,0.0,0.03225000000000041
668,4,0.0,0.021500000000000102
668,8,0.0,0.021500000000000102
669,1,0.0,0.04295000000000072
669,2,0.0,0.03225000000000041
669,4,0.0,0.021500000000000102
669,8,0.0,0.021500000000000102
670,1,0.0,0.04295000000000072
670,2,0.0,0.03225000000000041
670,4,0.0,0.026850000000000256
670,8,0.0,0.021600000000000105
671,1,0.0,0.04295000000000072
671,2,0.0,0.03225000000000041
671,4,0.0,0.021500000000000102
671,8,0.0,0.021650000000000107
672,1,0.0,0.04295000000000072
672,2,0.0,0.03225000000000041
672,4,0.0,0.021500000000000102
672,8,0.0,0.021500000000000102
673,1,0.0,0.04295000000000072
673,2,0.0,0.04295000000000072
673,4,0.0,0.021500000000000102
673,8,0.0,0.021500000000000102
674,1,0.0,0.04295000000000072
674,2,0.0,0.021500000000000102
674,4,0.0,0.021500000000000102
674,8,0.0,0.021500000000000102
675,1,0.0,0.04295000000000072
675,2,0.0,0.04295000000000072
675,4,0.0,0.026850000000000256
675,8,0.0,0.021600000000000105
676,1,0.0,0.04295000000000072
676,2,0.0,0.03225000000000041
676,4,0.0,0.026850000000000256
676,8,0.0,0.02175000000000011
677,1,0.0,0.04295000000000072
677,2,0.0,0.03225000000000041
677,4,0.0,0.026850000000000256
677,8,0.0,0.021500000000000102
678,1,0.0,0.04295000000000072
678,2,0.0,0.03225000000000041
678,4,0.0,0.02285000000000014
678,8,0.0,0.02285000000000014
679,1,0.0,0.04295000000000072
679,2,0.0,0.03225000000000041
679,4,0.0,0.021500000000000102
679,8,0.0,0.021500000000000102
680,1,0.0,0.04295000000000072
680,2,0.0,0.03225000000000041
680,4,0.0,0.021500000000000102
680,8,0.0,0.021500000000000102
681,1,0.0,0.04295000000000072
681,2,0.0,0.03225000000000041
681,4,0.0,0.021500000000000102
681,8,0.0,0.021500000000000102
682,1,0.0,0.06445000000000106
682,2,0.0,0.04295000000000072
682,4,0.0,0.03225000000000041
682,8,0.0,0.021500000000000102
683,1,0.0,0.04295000000000072
683,2,0.0,0.021500000000000102
683,4,0.0,0.021500000000000102
683,8,0.0,0.021500000000000102
684,1,0.0,0.04295000000000072
684,2,0.0,0.04295000000000072
684,4,0.0,0.026850000000000256
684,8,0.0,0.021550000000000104
685,1,0.0,0.04295000000000072
685,2,0.0,0.03225000000000041
685,4,0.0,0.026850000000000256
685,8,0.0,0.021600000000000105
686,1,0.0,0.04295000000000072
686,2,0.0,0.03225000000000041
686,4,0.0,0.021500000000000102
686,8,0.0,0.021500000000000102
687,1,0.0,0.04295000000000072
687,2,0.0,0.03225000000000041
687,4,0.0,0.026850000000000256
687,8,0.0,0.021500000000000102
688,1,0.0,0.04295000000000072
688,2,0.0,0.03225000000000041
688,4,0.0,0.021500000000000102
688,8,0.0,0.021500000000000102
689,1,0.0,0.04295000000000072
689,2,0.0,0.03225000000000041
689,4,0.0,0.026850000000000256
689,8,0.0,0.021500000000000102
690,1,0.0,0.04295000000000072
690,2,0.0,0.03225000000000041
690,4,0.0,0.021500000000000102
690,8,0.0,0.021500000000000102
691,1,0.0,0.04295000000000072
691,2,0.0,0.03225000000000041
691,4,0.0,0.026850000000000256
691,8,0.0,0.021500000000000102
692,1,0.0,0.04295000000000072
692,2,0.0,0.03225000000000041
692,4,0.0,0.021500000000000102
692,8,0.0,0.021500000000000102
693,1,0.0,0.04295000000000072
693,2,0.0,0.02875000000000031
693,4,0.0,0.026850000000000256
693,8,0.0,0.021900000000000114
694,1,0.0,0.04295000000000072
694,2,0.0,0.03225000000000041
694,4,0.0,0.026850000000000256
694,8,0.0,0.021850000000000112
695,1,0.0,0.04295000000000072
695,2,0.0,0.03225000000000041
695,4,0.0,0.021500000000000102
695,8,0.0,0.021500000000000102
696,1,0.0,0.04295000000000072
696,2,0.0,0.03225000000000041
696,4,0.0,0.03225000000000041
696,8,0.0,0.021500000000000102
697,1,0.0,0.06445000000000106
697,2,0.0,0.03225000000000041
697,4,0.0,0.021500000000000102
697,8,0.0,0.021850000000000112
698,1,0.0,0.04295000000000072
698,2,0.0,0.03225000000000041
698,4,0.0,0.025450000000000216
698,8,0.0,0.022200000000000122
699,1,0.0,0.04295000000000072
699,2,0.0,0.04295000000000072
699,4,0.0,0.022400000000000128
699,8,0.0,0.022400000000000128
700,1,0.0,0.04295000000000072
700,2,0.0,0.03225000000000041
700,4,0.0,0.026850000000000256
700,8,0.0,0.021500000000000102
701,1,0.0,0.06225000000000127
701,2,0.0,0.03440000000000047
701,4,0.0,0.02385000000000017
701,8,0.0,0.02385000000000017
702,1,0.0,0.04295000000000072
702,2,0.0,0.03225000000000041
702,4,0.0,0.026850000000000256
702,8,0.0,0.021500000000000102
703,1,0.0,0.04295000000000072
703,2,0.0,0.03225000000000041
703,4,0.0,0.021500000000000102
703,8,0.0,0.021500000000000102
704,1,0.0,0.04295000000000072
704,2,0.0,0.03225000000000041
704,4,0.0,0.021500000000000102
704,8,0.0,0.021500000000000102
705,1,0.0,0.04295000000000072
705,2,0.0,0.04295000000000072
705,4,0.0,0.026850000000000256
705,8,0.0,0.021600000000000105
706,1,0.0,0.04295000000000072
706,2,0.0,0.03225000000000041
706,4,0.0,0.022300000000000125
706,8,0.0,0.021650000000000107
707,1,0.0,0.04295000000000072
707,2,0.0,0.04295000000000072
707,4,0.0,0.02915000000000032
707,8,0.0,0.023400000000000157
708,1,0.0,0.06445000000000106
708,2,0.0,0.03570000000000051
708,4,0.0,0.026850000000000256
708,8,0.0,0.02880000000000031
709,1,0.0,0.04295000000000072
709,2,0.0,0.021500000000000102
709,4,0.0,0.021500000000000102
709,8,0.0,0.021500000000000102
710,1,0.0,0.04295000000000072
710,2,0.0,0.03225000000000041
710,4,0.0,0.026850000000000256
710,8,0.0,0.021700000000000108
711,1,0.0,0.04295000000000072
711,2,0.0,0.03225000000000041
711,4,0.0,0.021500000000000102
711,8,0.0,0.022050000000000118
712,1,0.0,0.04295000000000072
712,2,0.0,0.04295000000000072
712,4,0.0,0.021500000000000102
712,8,0.0,0.021500000000000102
713,1,0.0,0.04295000000000072
713,2,0.0,0.04295000000000072
713,4,0.0,0.021500000000000102
713,8,0.0,0.021500000000000102
714,1,0.0,0.04295000000000072
714,2,0.0,0.03225000000000041
714,4,0.0,0.021500000000000102
714,8,0.0,0.021500000000000102
715,1,0.0,0.04295000000000072
715,2,0.0,0.03225000000000041
715,4,0.0,0.021500000000000102
715,8,0.0,0.021500000000000102
716,1,0.0,0.04295000000000072
716,2,0.0,0.04295000000000072
716,4,0.0,0.021500000000000102
716,8,0.0,0.021500000000000102
717,1,0.0,0.04295000000000072
717,2,0.0,0.03225000000000041
717,4,0.0,0.021500000000000102
717,8,0.0,0.021500000000000102
718,1,0.0,0.04295000000000072
718,2,0.0,0.03225000000000041
718,4,0.0,0.026850000000000256
718,8,0.0,0.021500000000000102
719,1,0.0,0.04295000000000072
719,2,0.0,0.03225000000000041
719,4,0.0,0.022650000000000135
719,8,0.0,0.022650000000000135
720,1,0.0,0.04295000000000072
720,2,0.0,0.021500000000000102
720,4,0.0,0.021500000000000102
720,8,0.0,0.02420000000000018
721,1,0.0,0.06445000000000106
721,2,0.0,0.04295000000000072
721,4,0.0,0.023100000000000148
721,8,0.0,0.021700000000000108
722,1,0.0,0.04295000000000072
722,2,0.0,0.03225000000000041
722,4,0.0,0.026850000000000256
722,8,0.0,0.021500000000000102
723,1,0.0,0.04295000000000072
723,2,0.0,0.03225000000000041
723,4,0.0,0.026850000000000256
723,8,0.0,0.02420000000000018
724,1,0.0,0.04295000000000072
724,2,0.0,0.04295000000000072
724,4,0.0,0.021500000000000102
724,8,0.0,0.021500000000000102
725,1,0.0,0.04295000000000072
725,2,0.0,0.03225000000000041
725,4,0.0,0.021500000000000102
725,8,0.0,0.021500000000000102
726,1,0.0,0.04295000000000072
726,2,0.0,0.03225000000000041
726,4,0.0,0.021500000000000102
726,8,0.0,0.021500000000000102
727,1,0.0,0.04295000000000072
727,2,0.0,0.03225000000000041
727,4,0.0,0.023400000000000157
727,8,0.0,0.023400000000000157
728,1,0.0,0.04295000000000072
728,2,0.0,0.03225000000000041
728,4,0.0,0.026850000000000256
728,8,0.0,0.021500000000000102
729,1,0.0,0.04295000000000072
729,2,0.0,0.04295000000000072
729,4,0.0,0.026850000000000256
729,8,0.0,0.021500000000000102
730,1,0.0,0.04295000000000072
730,2,0.0,0.021500000000000102
730,4,0.0,0.021500000000000102
730,8,0.0,0.021500000000000102
731,1,0.0,0.04295000000000072
731,2,0.0,0.03225000000000041
731,4,0.0,0.021500000000000102
731,8,0.0,0.021500000000000102
732,1,0.0,0.04295000000000072
732,2,0.0,0.03225000000000041
732,4,0.0,0.021500000000000102
732,8,0.0,0.021500000000000102
733,1,0.0,0.04295000000000072
733,2,0.0,0.03225000000000041
733,4,0.0,0.026850000000000256
733,8,0.0,0.021650000000000107
734,1,0.0,0.04295000000000072
734,2,0.0,0.03225000000000041
734,4,0.0,0.03225000000000041
734,8,0.0,0.02420000000000018
735,1,0.0,0.04295000000000072
735,2,0.0,0.03225000000000041
735,4,0.0,0.021500000000000102
735,8,0.0,0.021500000000000102
736,1,0.0,0.04295000000000072
736,2,0.0,0.03225000000000041
736,4,0.0,0.026850000000000256
736,8,0.0,0.021500000000000102
737,1,0.0,0.04295000000000072
737,2,0.0,0.04295000000000072
737,4,0.0,0.026850000000000256
737,8,0.0,0.021500000000000102
738,1,0.0,0.04295000000000072
738,2,0.0,0.03225000000000041
738,4,0.0,0.021500000000000102
738,8,0.0,0.021500000000000102
739,1,0.0,0.04295000000000072
739,2,0.0,0.03225000000000041
739,4,0.0,0.021500000000000102
739,8,0.0,0.021500000000000102
740,1,0.0,0.04295000000000072
740,2,0.0,0.04295000000000072
740,4,0.0,0.026850000000000256
740,8,0.0,0.021500000000000102
741,1,0.0,0.04295000000000072
741,2,0.0,0.03225000000000041
741,4,0.0,0.021500000000000102
741,8,0.0,0.021500000000000102
742,1,0.0,0.04295000000000072
742,2,0.0,0.03225000000000041
742,4,0.0,0.03445000000000047
742,8,0.0,0.028300000000000297
743,1,0.0,0.04295000000000072
743,2,0.0,0.04295000000000072
743,4,0.0,0.03225000000000041
743,8,0.0,0.02420000000000018
744,1,0.0,0.04295000000000072
744,2,0.0,0.04295000000000072
744,4,0.0,0.037600000000000564
744,8,0.0,0.021900000000000114
745,1,0.0,0.04295000000000072
745,2,0.0,0.03225000000000041
745,4,0.0,0.026850000000000256
745,8,0.0,0.021500000000000102
746,1,0.0,0.06445000000000106
746,2,0.0,0.03225000000000041
746,4,0.0,0.03225000000000041
746,8,0.0,0.021500000000000102
747,1,0.0,0.04295000000000072
747,2,0.0,0.04295000000000072
747,4,0.0,0.03225000000000041
747,8,0.0,0.02420000000000018
748,1,0.0,0.04295000000000072
748,2,0.0,0.021500000000000102
748,4,0.0,0.021500000000000102
748,8,0.0,0.021700000000000108
749,1,0.0,0.04295000000000072
749,2,0.0,0.03225000000000041
749,4,0.0,0.021500000000000102
749,8,0.0,0.021500000000000102
750,1,0.0,0.04295000000000072
750,2,0.0,0.021500000000000102
750,4,0.0,0.021500000000000102
750,8,0.0,0.021500000000000102
751,1,0.0,0.04295000000000072
751,2,0.0,0.03225000000000041
751,4,0.0,0.026850000000000256
751,8,0.0,0.021500000000000102
752,1,0.0,0.04295000000000072
752,2,0.0,0.03225000000000041
752,4,0.0,0.03225000000000041
752,8,0.0,0.021500000000000102
753,1,0.0,0.04295000000000072
753,2,0.0,0.04295000000000072
753,4,0.0,0.026850000000000256
753,8,0.0,0.021500000000000102
754,1,0.0,0.04295000000000072
754,2,0.0,0.03225000000000041
754,4,0.0,0.026850000000000256
754,8,0.0,0.021500000000000102
755,1,0.0,0.04295000000000072
755,2,0.0,0.021500000000000102
755,4,0.0,0.021500000000000102
755,8,0.0,0.021500000000000102
756,1,0.0,0.04295000000000072
756,2,0.0,0.03225000000000041
756,4,0.0,0.026850000000000256
756,8,0.0,0.021500000000000102
757,1,0.0,0.04295000000000072
757,2,0.0,0.04295000000000072
757,4,0.0,0.021500000000000102
757,8,0.0,0.021500000000000102
758,1,0.0,0.04295000000000072
758,2,0.0,0.03225000000000041
758,4,0.0,0.021500000000000102
758,8,0.0,0.021500000000000102
759,1,0.0,0.04295000000000072
759,2,0.0,0.03225000000000041
759,4,0.0,0.021500000000000102
759,8,0.0,0.021500000000000102
760,1,0.0,0.04295000000000072
760,2,0.0,0.03225000000000041
760,4,0.0,0.021500000000000102
760,8,0.0,0.021850000000000112
761,1,0.0,0.04295000000000072
761,2,0.0,0.03225000000000041
761,4,0.0,0.021500000000000102
761,8,0.0,0.021500000000000102
762,1,0.0,0.04295000000000072
762,2,0.0,0.03335000000000044
762,4,0.0,0.025450000000000216
762,8,0.0,0.025450000000000216
763,1,0.0,0.04295000000000072
763,2,0.0,0.03225000000000041
763,4,0.0,0.021500000000000102
763,8,0.0,0.021500000000000102
764,1,0.0,0.04295000000000072
764,2,0.0,0.03225000000000041
764,4,0.0,0.024000000000000174
764,8,0.0,0.021950000000000115
765,1,0.0,0.04295000000000072
765,2,0.0,0.03225000000000041
765,4,0.0,0.021500000000000102
765,8,0.0,0.024000000000000174
766,1,0.0,0.04295000000000072
766,2,0.0,0.03225000000000041
766,4,0.0,0.021600000000000105
766,8,0.0,0.021550000000000104
767,1,0.0,0.04295000000000072
767,2,0.0,0.03225000000000041
767,4,0.0,0.026850000000000256
767,8,0.0,0.021500000000000102
768,1,0.0,0.04295000000000072
768,2,0.0,0.021500000000000102
768,4,0.0,0.026850000000000256
768,8,0.0,0.021500000000000102
769,1,0.0,0.04295000000000072
769,2,0.0,0.03225000000000041
769,4,0.0,0.022600000000000134
769,8,0.0,0.02175000000000011
770,1,0.0,0.04295000000000072
770,2,0.0,0.03225000000000041
770,4,0.0,0.021500000000000102
770,8,0.0,0.021500000000000102
771,1,0.0,0.04295000000000072
771,2,0.0,0.03225000000000041
771,4,0.0,0.026850000000000256
771,8,0.0,0.021700000000000108
772,1,0.0,0.04295000000000072
772,2,0.0,0.03225000000000041
772,4,0.0,0.021500000000000102
772,8,0.0,0.021500000000000102
773,1,0.0,0.04295000000000072
773,2,0.0,0.03225000000000041
773,4,0.0,0.023000000000000145
773,8,0.0,0.023000000000000145
774,1,0.0,0.04295000000000072
774,2,0.0,0.03225000000000041
774,4,0.0,0.021500000000000102
774,8,0.0,0.021500000000000102
775,1,0.0,0.04295000000000072
775,2,0.0,0.04295000000000072
775,4,0.0,0.03225000000000041
775,8,0.0,0.021500000000000102
776,1,0.0,0.04295000000000072
776,2,0.0,0.03225000000000041
776,4,0.0,0.026850000000000256
776,8,0.0,0.021500000000000102
777,1,0.0,0.04295000000000072
777,2,0.0,0.03225000000000041
777,4,0.0,0.026850000000000256
777,8,0.0,0.021500000000000102
778,1,0.0,0.04295000000000072
778,2,0.0,0.04295000000000072
778,4,0.0,0.026850000000000256
778,8,0.0,0.021500000000000102
779,1,0.0,0.04295000000000072
779,2,0.0,0.03225000000000041
779,4,0.0,0.021500000000000102
779,8,0.0,0.021500000000000102
780,1,0.0,0.04295000000000072
780,2,0.0,0.03225000000000041
780,4,0.0,0.026850000000000256
780,8,0.0,0.021500000000000102
781,1,0.0,0.04295000000000072
781,2,0.0,0.03225000000000041
781,4,0.0,0.026850000000000256
781,8,0.0,0.022250000000000124
782,1,0.0,0.04295000000000072
782,2,0.0,0.03265000000000042
782,4,0.0,0.021500000000000102
782,8,0.0,0.021500000000000102
783,1,0.0,0.04295000000000072
783,2,0.0,0.03225000000000041
783,4,0.0,0.021500000000000102
783,8,0.0,0.021500000000000102
784,1,0.0,0.04295000000000072
784,2,0.0,0.03225000000000041
784,4,0.0,0.024450000000000187
784,8,0.0,0.021900000000000114
785,1,0.0,0.048850000000000886
785,2,0.0,0.04295000000000072
785,4,0.0,0.03225000000000041
785,8,0.0,0.022000000000000117
786,1,0.0,0.04295000000000072
786,2,0.0,0.03225000000000041
786,4,0.0,0.026850000000000256
786,8,0.0,0.021500000000000102
787,1,0.0,0.06445000000000106
787,2,0.0,0.04295000000000072
787,4,0.0,0.026850000000000256
787,8,0.0,0.026850000000000256
788,1,0.0,0.04295000000000072
788,2,0.0,0.03225000000000041
788,4,0.0,0.021500000000000102
788,8,0.0,0.021500000000000102
789,1,0.0,0.04295000000000072
789,2,0.0,0.03225000000000041
789,4,0.0,0.023700000000000165
789,8,0.0,0.023700000000000165
790,1,0.0,0.04295000000000072
790,2,0.0,0.03225000000000041
790,4,0.0,0.026850000000000256
790,8,0.0,0.02180000000000011
791,1,0.0,0.04295000000000072
791,2,0.0,0.03225000000000041
791,4,0.0,0.021500000000000102
791,8,0.0,0.021550000000000104
792,1,0.0,0.06445000000000106
792,2,0.0,0.03225000000000041
792,4,0.0,0.03225000000000041
792,8,0.0,0.026850000000000256
793,1,0.0,0.04295000000000072
793,2,0.0,0.03225000000000041
793,4,0.0,0.021500000000000102
793,8,0.0,0.021500000000000102
794,1,0.0,0.04295000000000072
794,2,0.0,0.03225000000000041
794,4,0.0,0.026850000000000256
794,8,0.0,0.021850000000000112
795,1,0.0,0.04295000000000072
795,2,0.0,0.03225000000000041
795,4,0.0,0.021500000000000102
795,8,0.0,0.021500000000000102
796,1,0.0,0.04295000000000072
796,2,0.0,0.03225000000000041
796,4,0.0,0.021500000000000102
796,8,0.0,0.021500000000000102
797,1,0.0,0.04295000000000072
797,2,0.0,0.03225000000000041
797,4,0.0,0.026850000000000256
797,8,0.0,0.021500000000000102
798,1,0.0,0.050550000000000934
798,2,0.0,0.03580000000000051
798,4,0.0,0.026850000000000256
798,8,0.0,0.024300000000000183
799,1,0.0,0.04295000000000072
799,2,0.0,0.03225000000000041
799,4,0.0,0.021500000000000102
799,8,0.0,0.021900000000000114
800,1,0.0,0.04295000000000072
800,2,0.0,0.021500000000000102
800,4,0.0,0.021500000000000102
800,8,0.0,0.021500000000000102
801,1,0.0,0.04295000000000072
801,2,0.0,0.03225000000000041
801,4,0.0,0.026850000000000256
801,8,0.0,0.021500000000000102
802,1,0.0,0.06445000000000106
802,2,0.0,0.03225000000000041
802,4,0.0,0.022550000000000132
802,8,0.0,0.021650000000000107
803,1,0.0,0.06445000000000106
803,2,0.0,0.03225000000000041
803,4,0.0,0.021500000000000102
803,8,0.0,0.021500000000000102
804,1,0.0,0.04295000000000072
804,2,0.0,0.04295000000000072
804,4,0.0,0.03225000000000041
804,8,0.0,0.02385000000000017
805,1,0.0,0.04295000000000072
805,2,0.0,0.03225000000000041
805,4,0.0,0.021500000000000102
805,8,0.0,0.021500000000000102
806,1,0.0,0.04295000000000072
806,2,0.0,0.03225000000000041
806,4,0.0,0.021500000000000102
806,8,0.0,0.021500000000000102
807,1,0.0,0.04295000000000072
807,2,0.0,0.04295000000000072
807,4,0.0,0.021500000000000102
807,8,0.0,0.021500000000000102
808,1,0.0,0.04295000000000072
808,2,0.0,0.03225000000000041
808,4,0.0,0.021500000000000102
808,8,0.0,0.021500000000000102
809,1,0.0,0.04295000000000072
809,2,0.0,0.03225000000000041
809,4,0.0,0.037600000000000564
809,8,0.0,0.029550000000000333
810,1,0.0,0.04295000000000072
810,2,0.0,0.03225000000000041
810,4,0.0,0.021500000000000102
810,8,0.0,0.021500000000000102
811,1,0.0,0.04295000000000072
811,2,0.0,0.03225000000000041
811,4,0.0,0.021500000000000102
811,8,0.0,0.021500000000000102
812,1,0.0,0.04295000000000072
812,2,0.0,0.03225000000000041
812,4,0.0,0.021500000000000102
812,8,0.0,0.021500000000000102
813,1,0.0,0.04295000000000072
813,2,0.0,0.03225000000000041
813,4,0.0,0.021500000000000102
813,8,0.0,0.021500000000000102
814,1,0.0,0.04295000000000072
814,2,0.0,0.03225000000000041
814,4,0.0,0.021500000000000102
814,8,0.0,0.021500000000000102
815,1,0.0,0.04295000000000072
815,2,0.0,0.04295000000000072
815,4,0.0,0.037600000000000564
815,8,0.0,0.029550000000000333
816,1,0.0,0.04295000000000072
816,2,0.0,0.03225000000000041
816,4,0.0,0.02180000000000011
816,8,0.0,0.021550000000000104
817,1,0.0,0.04295000000000072
817,2,0.0,0.021500000000000102
817,4,0.0,0.021500000000000102
817,8,0.0,0.021500000000000102
818,1,0.0,0.04295000000000072
818,2,0.0,0.03225000000000041
818,4,0.0,0.021500000000000102
818,8,0.0,0.021500000000000102
819,1,0.0,0.04295000000000072
819,2,0.0,0.021500000000000102
819,4,0.0,0.026850000000000256
819,8,0.0,0.021500000000000102
820,1,0.0,0.04295000000000072
820,2,0.0,0.03225000000000041
820,4,0.0,0.021500000000000102
820,8,0.0,0.021500000000000102
821,1,0.0,0.04295000000000072
821,2,0.0,0.03225000000000041
821,4,0.0,0.022050000000000118
821,8,0.0,0.022050000000000118
822,1,0.0,0.04295000000000072
822,2,0.0,0.021500000000000102
822,4,0.0,0.021500000000000102
822,8,0.0,0.02420000000000018
823,1,0.0,0.04295000000000072
823,2,0.0,0.03225000000000041
823,4,0.0,0.021500000000000102
823,8,0.0,0.021500000000000102
824,1,0.0,0.04295000000000072
824,2,0.0,0.04295000000000072
824,4,0.0,0.026850000000000256
824,8,0.0,0.021500000000000102
825,1,0.0,0.04295000000000072
825,2,0.0,0.03225000000000041
825,4,0.0,0.021500000000000102
825,8,0.0,0.021500000000000102
826,1,0.0,0.04295000000000072
826,2,0.0,0.03225000000000041
826,4,0.0,0.021500000000000102
826,8,0.0,0.021500000000000102
827,1,0.0,0.06445000000000106
827,2,0.0,0.04295000000000072
827,4,0.0,0.026850000000000256
827,8,0.0,0.021500000000000102
828,1,0.0,0.04295000000000072
828,2,0.0,0.03225000000000041
828,4,0.0,0.026850000000000256
828,8,0.0,0.021500000000000102
829,1,0.0,0.04295000000000072
829,2,0.0,0.03225000000000041
829,4,0.0,0.021500000000000102
829,8,0.0,0.021550000000000104
830,1,0.0,0.06445000000000106
830,2,0.0,0.04295000000000072
830,4,0.0,0.026850000000000256
830,8,0.0,0.021500000000000102
831,1,0.0,0.06445000000000106
831,2,0.0,0.03225000000000041
831,4,0.0,0.021500000000000102
831,8,0.0,0.021650000000000107
832,1,0.0,0.04295000000000072
832,2,0.0,0.021500000000000102
832,4,0.0,0.021500000000000102
832,8,0.0,0.021500000000000102
833,1,0.0,0.04295000000000072
833,2,0.0,0.03225000000000041
833,4,0.0,0.021500000000000102
833,8,0.0,0.021500000000000102
834,1,0.0,0.04295000000000072
834,2,0.0,0.04295000000000072
834,4,0.0,0.03225000000000041
834,8,0.0,0.021550000000000104
835,1,0.0,0.04295000000000072
835,2,0.0,0.03225000000000041
835,4,0.0,0.026850000000000256
835,8,0.0,0.021500000000000102
836,1,0.0,0.04295000000000072
836,2,0.0,0.03225000000000041
836,4,0.0,0.021500000000000102
836,8,0.0,0.021500000000000102
837,1,0.0,0.04295000000000072
837,2,0.0,0.021500000000000102
837,4,0.0,0.022750000000000138
837,8,0.0,0.021650000000000107
838,1,0.0,0.04295000000000072
838,2,0.0,0.04295000000000072
838,4,0.0,0.026850000000000256
838,8,0.0,0.021500000000000102
839,1,0.0,0.04295000000000072
839,2,0.0,0.03225000000000041
839,4,0.0,0.021500000000000102
839,8,0.0,0.02180000000000011
840,1,0.0,0.04295000000000072
840,2,0.0,0.03225000000000041
840,4,0.0,0.021500000000000102
840,8,0.0,0.021500000000000102
841,1,0.0,0.021500000000000102
841,2,0.0,0.03225000000000041
841,4,0.0,0.021500000000000102
841,8,0.0,0.021500000000000102
842,1,0.0,0.04295000000000072
842,2,0.0,0.04295000000000072
842,4,0.0,0.026850000000000256
842,8,0.0,0.021500000000000102
843,1,0.0,0.04295000000000072
843,2,0.0,0.04295000000000072
843,4,0.0,0.026850000000000256
843,8,0.0,0.022050000000000118
844,1,0.0,0.04295000000000072
844,2,0.0,0.03225000000000041
844,4,0.0,0.021500000000000102
844,8,0.0,0.021500000000000102
845,1,0.0,0.04295000000000072
845,2,0.0,0.03225000000000041
845,4,0.0,0.026850000000000256
845,8,0.0,0.021500000000000102
846,1,0.0,0.04295000000000072
846,2,0.0,0.022050000000000118
846,4,0.0,0.021600000000000105
846,8,0.0,0.021600000000000105
847,1,0.0,0.04295000000000072
847,2,0.0,0.03225000000000041
847,4,0.0,0.021500000000000102
847,8,0.0,0.02450000000000019
848,1,0.0,0.04295000000000072
848,2,0.0,0.03225000000000041
848,4,0.0,0.021500000000000102
848,8,0.0,0.021500000000000102
849,1,0.0,0.04295000000000072
849,2,0.0,0.04295000000000072
849,4,0.0,0.03225000000000041
849,8,0.0,0.021500000000000102
850,1,0.0,0.04295000000000072
850,2,0.0,0.021500000000000102
850,4,0.0,0.021500000000000102
850,8,0.0,0.021500000000000102
851,1,0.0,0.04295000000000072
851,2,0.0,0.03225000000000041
851,4,0.0,0.021500000000000102
851,8,0.0,0.021500000000000102
852,1,0.0,0.04295000000000072
852,2,0.0,0.04295000000000072
852,4,0.0,0.026850000000000256
852,8,0.0,0.021500000000000102
853,1,0.0,0.04295000000000072
853,2,0.0,0.03225000000000041
853,4,0.0,0.026850000000000256
853,8,0.0,0.021500000000000102
854,1,0.0,0.04295000000000072
854,2,0.0,0.03225000000000041
854,4,0.0,0.026850000000000256
854,8,0.0,0.022050000000000118
855,1,0.0,0.04295000000000072
855,2,0.0,0.03225000000000041
855,4,0.0,0.021500000000000102
855,8,0.0,0.021500000000000102
856,1,0.0,0.04295000000000072
856,2,0.0,0.021500000000000102
856,4,0.0,0.026850000000000256
856,8,0.0,0.021500000000000102
857,1,0.0,0.04295000000000072
857,2,0.0,0.03225000000000041
857,4,0.0,0.026850000000000256
857,8,0.0,0.021500000000000102
858,1,0.0,0.04295000000000072
858,2,0.0,0.03225000000000041
858,4,0.0,0.021500000000000102
858,8,0.0,0.021500000000000102
859,1,0.0,0.04295000000000072
859,2,0.0,0.03225000000000041
859,4,0.0,0.021500000000000102
859,8,0.0,0.021600000000000105
860,1,0.0,0.04295000000000072
860,2,0.0,0.03225000000000041
860,4,0.0,0.022250000000000124
860,8,0.0,0.02420000000000018
861,1,0.0,0.04295000000000072
861,2,0.0,0.03225000000000041
861,4,0.0,0.023750000000000167
861,8,0.0,0.021850000000000112
862,1,0.0,0.04295000000000072
862,2,0.0,0.03225000000000041
862,4,0.0,0.023450000000000158
862,8,0.0,0.02175000000000011
863,1,0.0,0.04295000000000072
863,2,0.0,0.03225000000000041
863,4,0.0,0.021500000000000102
863,8,0.0,0.021500000000000102
864,1,0.0,0.04295000000000072
864,2,0.0,0.03225000000000041
864,4,0.0,0.02415000000000018
864,8,0.0,0.02415000000000018
865,1,0.0,0.04295000000000072
865,2,0.0,0.03225000000000041
865,4,0.0,0.021500000000000102
865,8,0.0,0.021500000000000102
866,1,0.0,0.04295000000000072
866,2,0.0,0.03225000000000041
866,4,0.0,0.021500000000000102
866,8,0.0,0.021500000000000102
867,1,0.0,0.04295000000000072
867,2,0.0,0.03225000000000041
867,4,0.0,0.021500000000000102
867,8,0.0,0.02180000000000011
868,1,0.0,0.04295000000000072
868,2,0.0,0.03225000000000041
868,4,0.0,0.021500000000000102
868,8,0.0,0.021500000000000102
869,1,0.0,0.06445000000000106
869,2,0.0,0.03225000000000041
869,4,0.0,0.026850000000000256
869,8,0.0,0.021500000000000102
870,1,0.0,0.05915000000000118
870,2,0.0,0.037250000000000554
870,4,0.0,0.02525000000000021
870,8,0.0,0.02525000000000021
871,1,0.0,0.04295000000000072
871,2,0.0,0.03225000000000041
871,4,0.0,0.021500000000000102
871,8,0.0,0.021500000000000102
872,1,0.0,0.04295000000000072
872,2,0.0,0.03225000000000041
872,4,0.0,0.021500000000000102
872,8,0.0,0.021500000000000102
873,1,0.0,0.04295000000000072
873,2,0.0,0.03225000000000041
873,4,0.0,0.021500000000000102
873,8,0.0,0.021500000000000102
874,1,0.0,0.04295000000000072
874,2,0.0,0.03225000000000041
874,4,0.0,0.021500000000000102
874,8,0.0,0.021500000000000102
875,1,0.0,0.04295000000000072
875,2,0.0,0.03225000000000041
875,4,0.0,0.026850000000000256
875,8,0.0,0.021500000000000102
876,1,0.0,0.04295000000000072
876,2,0.0,0.03225000000000041
876,4,0.0,0.022900000000000142
876,8,0.0,0.02180000000000011
877,1,0.0,0.04295000000000072
877,2,0.0,0.04295000000000072
877,4,0.0,0.026850000000000256
877,8,0.0,0.021500000000000102
878,1,0.0,0.04295000000000072
878,2,0.0,0.021500000000000102
878,4,0.0,0.021500000000000102
878,8,0.0,0.021500000000000102
879,1,0.0,0.04295000000000072
879,2,0.0,0.03225000000000041
879,4,0.0,0.022900000000000142
879,8,0.0,0.022900000000000142
880,1,0.0,0.04295000000000072
880,2,0.0,0.04295000000000072
880,4,0.0,0.026850000000000256
880,8,0.0,0.021500000000000102
881,1,0.0,0.04295000000000072
881,2,0.0,0.021500000000000102
881,4,0.0,0.021500000000000102
881,8,0.0,0.021500000000000102
882,1,0.0,0.04295000000000072
882,2,0.0,0.04295000000000072
882,4,0.0,0.03225000000000041
882,8,0.0,0.021500000000000102
883,1,0.0,0.04295000000000072
883,2,0.0,0.03225000000000041
883,4,0.0,0.021500000000000102
883,8,0.0,0.021500000000000102
884,1,0.0,0.04295000000000072
884,2,0.0,0.03225000000000041
884,4,0.0,0.021500000000000102
884,8,0.0,0.021500000000000102
885,1,0.0,0.04295000000000072
885,2,0.0,0.03225000000000041
885,4,0.0,0.021500000000000102
885,8,0.0,0.021500000000000102
886,1,0.0,0.04295000000000072
886,2,0.0,0.03225000000000041
886,4,0.0,0.026850000000000256
886,8,0.0,0.021500000000000102
887,1,0.0,0.04295000000000072
887,2,0.0,0.03225000000000041
887,4,0.0,0.022550000000000132
887,8,0.0,0.021700000000000108
888,1,0.0,0.04295000000000072
888,2,0.0,0.03225000000000041
888,4,0.0,0.026850000000000256
888,8,0.0,0.021650000000000107
889,1,0.0,0.04295000000000072
889,2,0.0,0.03225000000000041
889,4,0.0,0.021500000000000102
889,8,0.0,0.021600000000000105
890,1,0.0,0.06445000000000106
890,2,0.0,0.03225000000000041
890,4,0.0,0.021500000000000102
890,8,0.0,0.021550000000000104
891,1,0.0,0.04295000000000072
891,2,0.0,0.03225000000000041
891,4,0.0,0.026850000000000256
891,8,0.0,0.021900000000000114
892,1,0.0,0.04295000000000072
892,2,0.0,0.03225000000000041
892,4,0.0,0.026850000000000256
892,8,0.0,0.021500000000000102
893,1,0.0,0.04295000000000072
893,2,0.0,0.03225000000000041
893,4,0.0,0.026850000000000256
893,8,0.0,0.021500000000000102
894,1,0.0,0.04295000000000072
894,2,0.0,0.03225000000000041
894,4,0.0,0.021500000000000102
894,8,0.0,0.021500000000000102
895,1,0.0,0.04295000000000072
895,2,0.0,0.03225000000000041
895,4,0.0,0.021500000000000102
895,8,0.0,0.021500000000000102
896,1,0.0,0.04295000000000072
896,2,0.0,0.04295000000000072
896,4,0.0,0.021500000000000102
896,8,0.0,0.021500000000000102
897,1,0.0,0.04295000000000072
897,2,0.0,0.03225000000000041
897,4,0.0,0.026850000000000256
897,8,0.0,0.021550000000000104
898,1,0.0,0.04295000000000072
898,2,0.0,0.03225000000000041
898,4,0.0,0.026850000000000256
898,8,0.0,0.021500000000000102
899,1,0.0,0.04295000000000072
899,2,0.0,0.03225000000000041
899,4,0.0,0.026850000000000256
899,8,0.0,0.021500000000000102
900,1,0.0,0.04295000000000072
900,2,0.0,0.021500000000000102
900,4,0.0,0.021500000000000102
900,8,0.0,0.021500000000000102
901,1,0.0,0.04295000000000072
901,2,0.0,0.03225000000000041
901,4,0.0,0.021500000000000102
901,8,0.0,0.021500000000000102
902,1,0.0,0.04295000000000072
902,2,0.0,0.021500000000000102
902,4,0.0,0.026850000000000256
902,8,0.0,0.021600000000000105
903,1,0.0,0.04295000000000072
903,2,0.0,0.03225000000000041
903,4,0.0,0.021500000000000102
903,8,0.0,0.021500000000000102
904,1,0.0,0.04295000000000072
904,2,0.0,0.021500000000000102
904,4,0.0,0.021500000000000102
904,8,0.0,0.021500000000000102
905,1,0.0,0.04295000000000072
905,2,0.0,0.03225000000000041
905,4,0.0,0.026850000000000256
905,8,0.0,0.021500000000000102
906,1,0.0,0.04295000000000072
906,2,0.0,0.03225000000000041
906,4,0.0,0.021500000000000102
906,8,0.0,0.021500000000000102
907,1,0.0,0.04295000000000072
907,2,0.0,0.03225000000000041
907,4,0.0,0.022050000000000118
907,8,0.0,0.022050000000000118
908,1,0.0,0.04295000000000072
908,2,0.0,0.03225000000000041
908,4,0.0,0.021500000000000102
908,8,0.0,0.021500000000000102
909,1,0.0,0.04295000000000072
909,2,0.0,0.03225000000000041
909,4,0.0,0.021500000000000102
909,8,0.0,0.02420000000000018
910,1,0.0,0.04295000000000072
910,2,0.0,0.03225000000000041
910,4,0.0,0.026850000000000256
910,8,0.0,0.021500000000000102
911,1,0.0,0.04295000000000072
911,2,0.0,0.03225000000000041
911,4,0.0,0.021500000000000102
911,8,0.0,0.021500000000000102
912,1,0.0,0.04295000000000072
912,2,0.0,0.03225000000000041
912,4,0.0,0.021500000000000102
912,8,0.0,0.02180000000000011
913,1,0.0,0.04295000000000072
913,2,0.0,0.03225000000000041
913,4,0.0,0.026850000000000256
913,8,0.0,0.021500000000000102
914,1,0.0,0.04295000000000072
914,2,0.0,0.03225000000000041
914,4,0.0,0.021500000000000102
914,8,0.0,0.023650000000000164
915,1,0.0,0.04295000000000072
915,2,0.0,0.03225000000000041
915,4,0.0,0.021500000000000102
915,8,0.0,0.021500000000000102
916,1,0.0,0.04295000000000072
916,2,0.0,0.021500000000000102
916,4,0.0,0.021500000000000102
916,8,0.0,0.021500000000000102
917,1,0.0,0.04295000000000072
917,2,0.0,0.03225000000000041
917,4,0.0,0.026850000000000256
917,8,0.0,0.02420000000000018
918,1,0.0,0.04295000000000072
918,2,0.0,0.021500000000000102
918,4,0.0,0.021500000000000102
918,8,0.0,0.021500000000000102
919,1,0.0,0.04295000000000072
919,2,0.0,0.03225000000000041
919,4,0.0,0.0249000000000002
919,8,0.0,0.0249000000000002
920,1,0.0,0.04295000000000072
920,2,0.0,0.03225000000000041
920,4,0.0,0.021500000000000102
920,8,0.0,0.021500000000000102
921,1,0.0,0.04295000000000072
921,2,0.0,0.03225000000000041
921,4,0.0,0.021500000000000102
921,8,0.0,0.021550000000000104
922,1,0.0,0.04295000000000072
922,2,0.0,0.03225000000000041
922,4,0.0,0.021500000000000102
922,8,0.0,0.021500000000000102
923,1,0.0,0.04295000000000072
923,2,0.0,0.021500000000000102
923,4,0.0,0.021500000000000102
923,8,0.0,0.021600000000000105
924,1,0.0,0.04295000000000072
924,2,0.0,0.03225000000000041
924,4,0.0,0.026850000000000256
924,8,0.0,0.02420000000000018
925,1,0.0,0.06445000000000106
925,2,0.0,0.03225000000000041
925,4,0.0,0.021500000000000102
925,8,0.0,0.021500000000000102
926,1,0.0,0.04295000000000072
926,2,0.0,0.03225000000000041
926,4,0.0,0.021500000000000102
926,8,0.0,0.026850000000000256
927,1,0.0,0.04295000000000072
927,2,0.0,0.03225000000000041
927,4,0.0,0.026850000000000256
927,8,0.0,0.021600000000000105
928,1,0.0,0.04295000000000072
928,2,0.0,0.03225000000000041
928,4,0.0,0.021500000000000102
928,8,0.0,0.02175000000000011
929,1,0.0,0.04295000000000072
929,2,0.0,0.03225000000000041
929,4,0.0,0.021500000000000102
929,8,0.0,0.021500000000000102
930,1,0.0,0.04295000000000072
930,2,0.0,0.03225000000000041
930,4,0.0,0.026850000000000256
930,8,0.0,0.021500000000000102
931,1,0.0,0.04295000000000072
931,2,0.0,0.03225000000000041
931,4,0.0,0.021500000000000102
931,8,0.0,0.021500000000000102
932,1,0.0,0.04295000000000072
932,2,0.0,0.03225000000000041
932,4,0.0,0.021500000000000102
932,8,0.0,0.021500000000000102
933,1,0.0,0.06445000000000106
933,2,0.0,0.03225000000000041
933,4,0.0,0.021500000000000102
933,8,0.0,0.021500000000000102
934,1,0.0,0.04295000000000072
934,2,0.0,0.04295000000000072
934,4,0.0,0.021500000000000102
934,8,0.0,0.02175000000000011
935,1,0.0,0.04295000000000072
935,2,0.0,0.03225000000000041
935,4,0.0,0.026850000000000256
935,8,0.0,0.021500000000000102
936,1,0.0,0.04295000000000072
936,2,0.0,0.03225000000000041
936,4,0.0,0.022600000000000134
936,8,0.0,0.02175000000000011
937,1,0.0,0.04295000000000072
937,2,0.0,0.03225000000000041
937,4,0.0,0.026850000000000256
937,8,0.0,0.021500000000000102
938,1,0.0,0.04295000000000072
938,2,0.0,0.04295000000000072
938,4,0.0,0.026850000000000256
938,8,0.0,0.021950000000000115
939,1,0.0,0.04295000000000072
939,2,0.0,0.03225000000000041
939,4,0.0,0.021500000000000102
939,8,0.0,0.021500000000000102
940,1,0.0,0.04295000000000072
940,2,0.0,0.03225000000000041
940,4,0.0,0.021500000000000102
940,8,0.0,0.021500000000000102
941,1,0.0,0.04295000000000072
941,2,0.0,0.021500000000000102
941,4,0.0,0.021500000000000102
941,8,0.0,0.021500000000000102
942,1,0.0,0.06445000000000106
942,2,0.0,0.03225000000000041
942,4,0.0,0.026850000000000256
942,8,0.0,0.021550000000000104
943,1,0.0,0.04295000000000072
943,2,0.0,0.04295000000000072
943,4,0.0,0.026850000000000256
943,8,0.0,0.021500000000000102
944,1,0.0,0.04295000000000072
944,2,0.0,0.03225000000000041
944,4,0.0,0.021500000000000102
944,8,0.0,0.021500000000000102
945,1,0.0,0.04295000000000072
945,2,0.0,0.03225000000000041
945,4,0.0,0.021500000000000102
945,8,0.0,0.021500000000000102
946,1,0.0,0.04295000000000072
946,2,0.0,0.03225000000000041
946,4,0.0,0.022300000000000125
946,8,0.0,0.024050000000000175
947,1,0.0,0.04295000000000072
947,2,0.0,0.021500000000000102
947,4,0.0,0.021500000000000102
947,8,0.0,0.021500000000000102
948,1,0.0,0.04295000000000072
948,2,0.0,0.03225000000000041
948,4,0.0,0.026850000000000256
948,8,0.0,0.021500000000000102
949,1,0.0,0.04295000000000072
949,2,0.0,0.03225000000000041
949,4,0.0,0.026850000000000256
949,8,0.0,0.021500000000000102
950,1,0.0,0.04295000000000072
950,2,0.0,0.03225000000000041
950,4,0.0,0.03225000000000041
950,8,0.0,0.02420000000000018
951,1,0.0,0.04295000000000072
951,2,0.0,0.03225000000000041
951,4,0.0,0.021500000000000102
951,8,0.0,0.021500000000000102
952,1,0.0,0.04295000000000072
952,2,0.0,0.03225000000000041
952,4,0.0,0.026850000000000256
952,8,0.0,0.021500000000000102
953,1,0.0,0.04295000000000072
953,2,0.0,0.03225000000000041
953,4,0.0,0.026850000000000256
953,8,0.0,0.021500000000000102
954,1,0.0,0.04295000000000072
954,2,0.0,0.03235000000000041
954,4,0.0,0.03235000000000041
954,8,0.0,0.027950000000000287
955,1,0.0,0.04295000000000072
955,2,0.0,0.021500000000000102
955,4,0.0,0.021500000000000102
955,8,0.0,0.021500000000000102
956,1,0.0,0.04295000000000072
956,2,0.0,0.04295000000000072
956,4,0.0,0.021500000000000102
956,8,0.0,0.021500000000000102
957,1,0.0,0.04295000000000072
957,2,0.0,0.03225000000000041
957,4,0.0,0.021500000000000102
957,8,0.0,0.021500000000000102
958,1,0.0,0.04295000000000072
958,2,0.0,0.03225000000000041
958,4,0.0,0.021500000000000102
958,8,0.0,0.021500000000000102
959,1,0.0,0.04295000000000072
959,2,0.0,0.03225000000000041
959,4,0.0,0.021500000000000102
959,8,0.0,0.021500000000000102
960,1,0.0,0.04295000000000072
960,2,0.0,0.03225000000000041
960,4,0.0,0.03225000000000041
960,8,0.0,0.021500000000000102
961,1,0.0,0.04295000000000072
961,2,0.0,0.03225000000000041
961,4,0.0,0.026850000000000256
961,8,0.0,0.021500000000000102
962,1,0.0,0.06445000000000106
962,2,0.0,0.03225000000000041
962,4,0.0,0.021500000000000102
962,8,0.0,0.02420000000000018
963,1,0.0,0.04295000000000072
963,2,0.0,0.04295000000000072
963,4,0.0,0.021500000000000102
963,8,0.0,0.021500000000000102
964,1,0.0,0.04295000000000072
964,2,0.0,0.03225000000000041
964,4,0.0,0.026850000000000256
964,8,0.0,0.021500000000000102
965,1,0.0,0.06445000000000106
965,2,0.0,0.03225000000000041
965,4,0.0,0.021500000000000102
965,8,0.0,0.021500000000000102
966,1,0.0,0.04295000000000072
966,2,0.0,0.021500000000000102
966,4,0.0,0.021500000000000102
966,8,0.0,0.021500000000000102
967,1,0.0,0.04295000000000072
967,2,0.0,0.04295000000000072
967,4,0.0,0.03225000000000041
967,8,0.0,0.026850000000000256
968,1,0.0,0.04295000000000072
968,2,0.0,0.03225000000000041
968,4,0.0,0.026850000000000256
968,8,0.0,0.021500000000000102
969,1,0.0,0.04295000000000072
969,2,0.0,0.03225000000000041
969,4,0.0,0.021900000000000114
969,8,0.0,0.021600000000000105
970,1,0.0,0.04295000000000072
970,2,0.0,0.03225000000000041
970,4,0.0,0.026850000000000256
970,8,0.0,0.021500000000000102
971,1,0.0,0.04295000000000072
971,2,0.0,0.03225000000000041
971,4,0.0,0.021500000000000102
971,8,0.0,0.021500000000000102
972,1,0.0,0.04295000000000072
972,2,0.0,0.04295000000000072
972,4,0.0,0.026850000000000256
972,8,0.0,0.021500000000000102
973,1,0.0,0.04295000000000072
973,2,0.0,0.03225000000000041
973,4,0.0,0.021500000000000102
973,8,0.0,0.021500000000000102
974,1,0.0,0.04295000000000072
974,2,0.0,0.03225000000000041
974,4,0.0,0.021500000000000102
974,8,0.0,0.02180000000000011
975,1,0.0,0.04295000000000072
975,2,0.0,0.03225000000000041
975,4,0.0,0.026850000000000256
975,8,0.0,0.021550000000000104
976,1,0.0,0.04295000000000072
976,2,0.0,0.021500000000000102
976,4,0.0,0.021500000000000102
976,8,0.0,0.021500000000000102
977,1,0.0,0.04295000000000072
977,2,0.0,0.04295000000000072
977,4,0.0,0.021500000000000102
977,8,0.0,0.021500000000000102
978,1,0.0,0.04295000000000072
978,2,0.0,0.021500000000000102
978,4,0.0,0.021500000000000102
978,8,0.0,0.021500000000000102
979,1,0.0,0.04295000000000072
979,2,0.0,0.03225000000000041
979,4,0.0,0.026850000000000256
979,8,0.0,0.021600000000000105
980,1,0.0,0.04295000000000072
980,2,0.0,0.021500000000000102
980,4,0.0,0.026850000000000256
980,8,0.0,0.021500000000000102
981,1,0.0,0.04295000000000072
981,2,0.0,0.03225000000000041
981,4,0.0,0.026850000000000256
981,8,0.0,0.021500000000000102
982,1,0.0,0.04295000000000072
982,2,0.0,0.03225000000000041
982,4,0.0,0.026850000000000256
982,8,0.0,0.021500000000000102
983,1,0.0,0.04295000000000072
983,2,0.0,0.03225000000000041
983,4,0.0,0.021500000000000102
983,8,0.0,0.021500000000000102
984,1,0.0,0.04295000000000072
984,2,0.0,0.021500000000000102
984,4,0.0,0.021500000000000102
984,8,0.0,0.021500000000000102
985,1,0.0,0.04295000000000072
985,2,0.0,0.03225000000000041
985,4,0.0,0.026850000000000256
985,8,0.0,0.021500000000000102
986,1,0.0,0.04295000000000072
986,2,0.0,0.03225000000000041
986,4,0.0,0.02390000000000017
986,8,0.0,0.02390000000000017
987,1,0.0,0.04295000000000072
987,2,0.0,0.03225000000000041
987,4,0.0,0.026850000000000256
987,8,0.0,0.021500000000000102
988,1,0.0,0.06445000000000106
988,2,0.0,0.04295000000000072
988,4,0.0,0.021500000000000102
988,8,0.0,0.021500000000000102
989,1,0.0,0.04295000000000072
989,2,0.0,0.03225000000000041
989,4,0.0,0.021500000000000102
989,8,0.0,0.021500000000000102
990,1,0.0,0.04295000000000072
990,2,0.0,0.04295000000000072
990,4,0.0,0.021500000000000102
990,8,0.0,0.021500000000000102
991,1,0.0,0.04295000000000072
991,2,0.0,0.03225000000000041
991,4,0.0,0.026850000000000256
991,8,0.0,0.021500000000000102
992,1,0.0,0.04295000000000072
992,2,0.0,0.021500000000000102
992,4,0.0,0.021950000000000115
992,8,0.0,0.021950000000000115
993,1,0.0,0.04295000000000072
993,2,0.0,0.04295000000000072
993,4,0.0,0.026850000000000256
993,8,0.0,0.021500000000000102
994,1,0.0,0.04295000000000072
994,2,0.0,0.03225000000000041
994,4,0.0,0.026850000000000256
994,8,0.0,0.021500000000000102
995,1,0.0,0.04295000000000072
995,2,0.0,0.03225000000000041
995,4,0.0,0.03225000000000041
995,8,0.0,0.023700000000000165
996,1,0.0,0.04295000000000072
996,2,0.0,0.021500000000000102
996,4,0.0,0.026850000000000256
996,8,0.0,0.021500000000000102
997,1,0.0,0.04295000000000072
997,2,0.0,0.03225000000000041
997,4,0.0,0.021500000000000102
997,8,0.0,0.021500000000000102
998,1,0.0,0.04295000000000072
998,2,0.0,0.03225000000000041
998,4,0.0,0.021500000000000102
998,8,0.0,0.021500000000000102
999,1,0.0,0.04295000000000072
999,2,0.0,0.04295000000000072
999,4,0.0,0.02455000000000019
999,8,0.0,0.02180000000000011
0,1,0.1,0.0695500000000005
0,2,0.1,0.05390000000000103
0,4,0.1,0.04400000000000075
0,8,0.1,0.03655000000000053
1,1,0.1,0.06185000000000126
1,2,0.1,0.04655000000000082
1,4,0.1,0.030750000000000367
1,8,0.1,0.03620000000000052
2,1,0.1,0.08284999999999904
2,2,0.1,0.06455000000000105
2,4,0.1,0.0424000000000007
2,8,0.1,0.0354000000000005
3,1,0.1,0.083149999999999
3,2,0.1,0.06625000000000086
3,4,0.1,0.06620000000000087
3,8,0.1,0.045350000000000786
4,1,0.1,0.11304999999999571
4,2,0.1,0.06355000000000116
4,4,0.1,0.045000000000000775
4,8,0.1,0.038400000000000586
5,1,0.1,0.06900000000000056
5,2,0.1,0.04730000000000084
5,4,0.1,0.04305000000000072
5,8,0.1,0.03720000000000055
6,1,0.1,0.07400000000000001
6,2,0.1,0.05940000000000119
6,4,0.1,0.045700000000000796
6,8,0.1,0.029200000000000323
7,1,0.1,0.0704000000000004
7,2,0.1,0.041450000000000674
7,4,0.1,0.0388000000000006
7,8,0.1,0.02980000000000034
8,1,0.1,0.09119999999999812
8,2,0.1,0.059350000000001187
8,4,0.1,0.05355000000000102
8,8,0.1,0.03585000000000051
9,1,0.1,0.09789999999999738
9,2,0.1,0.05910000000000118
9,4,0.1,0.035950000000000516
9,8,0.1,0.039100000000000606
10,1,0.1,0.0840499999999989
10,2,0.1,0.05950000000000119
10,4,0.1,0.038750000000000596
10,8,0.1,0.030400000000000357
11,1,0.1,0.11939999999999501
11,2,0.1,0.056500000000001105
11,4,0.1,0.03750000000000056
11,8,0.1,0.03615000000000052
12,1,0.1,0.07300000000000012
12,2,0.1,0.0424500000000007
12,4,0.1,0.04680000000000083
12,8,0.1,0.04790000000000086
13,1,0.1,0.0858499999999987
13,2,0.1,0.05740000000000113
13,4,0.1,0.03615000000000052
13,8,0.1,0.03615000000000052
14,1,0.1,0.07370000000000004
14,2,0.1,0.04905000000000089
14,4,0.1,0.035600000000000506
14,8,0.1,0.029700000000000337
15,1,0.1,0.110399999999996
15,2,0.1,0.06840000000000063
15,4,0.1,0.047400000000000844
15,8,0.1,0.034150000000000465
16,1,0.1,0.09809999999999736
16,2,0.1,0.05565000000000108
16,4,0.1,0.0388500000000006
16,8,0.1,0.03225000000000041
17,1,0.1,0.07385000000000003
17,2,0.1,0.07070000000000037
17,4,0.1,0.04515000000000078
17,8,0.1,0.0423500000000007
18,1,0.1,0.08854999999999841
18,2,0.1,0.05320000000000101
18,4,0.1,0.04835000000000087
18,8,0.1,0.03270000000000042
19,1,0.1,0.07165000000000027
19,2,0.1,0.04420000000000075
19,4,0.1,0.048500000000000876
19,8,0.1,0.03390000000000046
20,1,0.1,0.08474999999999883
20,2,0.1,0.05850000000000116
20,4,0.1,0.04795000000000086
20,8,0.1,0.03740000000000056
21,1,0.1,0.09149999999999808
21,2,0.1,0.058600000000001165
21,4,0.1,0.042850000000000714
21,8,0.1,0.041150000000000665
22,1,0.1,0.09489999999999771
22,2,0.1,0.06005000000000121
22,4,0.1,0.04975000000000091
22,8,0.1,0.04100000000000066
23,1,0.1,0.06635000000000085
23,2,0.1,0.062100000000001265
23,4,0.1,0.04265000000000071
23,8,0.1,0.03400000000000046
24,1,0.1,0.07030000000000042
24,2,0.1,0.07564999999999983
24,4,0.1,0.054400000000001045
24,8,0.1,0.035550000000000505
25,1,0.1,0.06915000000000054
25,2,0.1,0.05005000000000092
25,4,0.1,0.04825000000000087
25,8,0.1,0.03400000000000046
26,1,0.1,0.07240000000000019
26,2,0.1,0.05870000000000117
26,4,0.1,0.044600000000000764
26,8,0.1,0.029650000000000336
27,1,0.1,0.09149999999999808
27,2,0.1,0.048800000000000884
27,4,0.1,0.04140000000000067
27,8,0.1,0.03300000000000043
28,1,0.1,0.09194999999999803
28,2,0.1,0.054400000000001045
28,4,0.1,0.04060000000000065
28,8,0.1,0.03600000000000052
29,1,0.1,0.06235000000000127
29,2,0.1,0.05225000000000098
29,4,0.1,0.03810000000000058
29,8,0.1,0.033800000000000455
30,1,0.1,0.08154999999999918
30,2,0.1,0.05045000000000093
30,4,0.1,0.038350000000000585
30,8,0.1,0.029900000000000343
31,1,0.1,0.10619999999999646
31,2,0.1,0.07415
31,4,0.1,0.043900000000000744
31,8,0.1,0.03605000000000052
32,1,0.1,0.08539999999999875
32,2,0.1,0.054450000000001046
32,4,0.1,0.04315000000000072
32,8,0.1,0.039400000000000615
33,1,0.1,0.09024999999999822
33,2,0.1,0.05880000000000117
33,4,0.1,0.05075000000000094
33,8,0.1,0.042900000000000715
34,1,0.1,0.0795999999999994
34,2,0.1,0.049900000000000916
34,4,0.1,0.039400000000000615
34,8,0.1,0.032400000000000415
35,1,0.1,0.07559999999999983
35,2,0.1,0.07559999999999983
35,4,0.1,0.04305000000000072
35,8,0.1,0.037250000000000554
36,1,0.1,0.09324999999999789
36,2,0.1,0.05575000000000108
36,4,0.1,0.042550000000000705
36,8,0.1,0.03515000000000049
37,1,0.1,0.06360000000000116
37,2,0.1,0.04470000000000077
37,4,0.1,0.03395000000000046
37,8,0.1,0.02945000000000033
38,1,0.1,0.08934999999999832
38,2,0.1,0.058200000000001154
38,4,0.1,0.040100000000000635
38,8,0.1,0.03620000000000052
39,1,0.1,0.06150000000000125
39,2,0.1,0.04345000000000073
39,4,0.1,0.03300000000000043
39,8,0.1,0.032100000000000406
40,1,0.1,0.1249499999999944
40,2,0.1,0.10094999999999704
40,4,0.1,0.06045000000000122
40,8,0.1,0.05015000000000092
41,1,0.1,0.0668500000000008
41,2,0.1,0.06780000000000069
41,4,0.1,0.04300000000000072
41,8,0.1,0.04065000000000065
42,1,0.1,0.09944999999999721
42,2,0.1,0.053700000000001025
42,4,0.1,0.04190000000000069
42,8,0.1,0.034150000000000465
43,1,0.1,0.08529999999999877
43,2,0.1,0.052300000000000985
43,4,0.1,0.03925000000000061
43,8,0.1,0.03410000000000046
44,1,0.1,0.07669999999999971
44,2,0.1,0.057600000000001136
44,4,0.1,0.04890000000000089
44,8,0.1,0.034900000000000486
45,1,0.1,0.09919999999999723
45,2,0.1,0.05920000000000118
45,4,0.1,0.05765000000000114
45,8,0.1,0.0423000000000007
46,1,0.1,0.09344999999999787
46,2,0.1,0.05535000000000107
46,4,0.1,0.039350000000000614
46,8,0.1,0.03115000000000038
47,1,0.1,0.09084999999999815
47,2,0.1,0.0696000000000005
47,4,0.1,0.04645000000000082
47,8,0.1,0.0355000000000005
48,1,0.1,0.10234999999999689
48,2,0.1,0.06460000000000105
48,4,0.1,0.03915000000000061
48,8,0.1,0.03465000000000048
49,1,0.1,0.08384999999999893
49,2,0.1,0.054400000000001045
49,4,0.1,0.05245000000000099
49,8,0.1,0.0422500000000007
50,1,0.1,0.09564999999999763
50,2,0.1,0.06200000000000126
50,4,0.1,0.05250000000000099
50,8,0.1,0.030050000000000347
51,1,0.1,0.0659500000000009
51,2,0.1,0.04660000000000082
51,4,0.1,0.0353500000000005
51,8,0.1,0.0319000000000004
52,1,0.1,0.07659999999999972
52,2,0.1,0.08239999999999909
52,4,0.1,0.03860000000000059
52,8,0.1,0.03330000000000044
53,1,0.1,0.12914999999999394
53,2,0.1,0.06270000000000125
53,4,0.1,0.037250000000000554
53,8,0.1,0.03500000000000049
54,1,0.1,0.09809999999999736
54,2,0.1,0.05240000000000099
54,4,0.1,0.033800000000000455
54,8,0.1,0.03080000000000037
55,1,0.1,0.06880000000000058
55,2,0.1,0.05775000000000114
55,4,0.1,0.03780000000000057
55,8,0.1,0.032400000000000415
56,1,0.1,0.10359999999999675
56,2,0.1,0.06660000000000083
56,4,0.1,0.056850000000001115
56,8,0.1,0.05320000000000101
57,1,0.1,0.07355000000000006
57,2,0.1,0.07060000000000038
57,4,0.1,0.036900000000000543
57,8,0.1,0.034200000000000466
58,1,0.1,0.0958499999999976
58,2,0.1,0.05390000000000103
58,4,0.1,0.03810000000000058
58,8,0.1,0.03855000000000059
59,1,0.1,0.10524999999999657
59,2,0.1,0.07474999999999993
59,4,0.1,0.045000000000000775
59,8,0.1,0.03235000000000041
60,1,0.1,0.09539999999999765
60,2,0.1,0.05180000000000097
60,4,0.1,0.04620000000000081
60,8,0.1,0.05120000000000095
61,1,0.1,0.09004999999999824
61,2,0.1,0.04680000000000083
61,4,0.1,0.03655000000000053
61,8,0.1,0.03565000000000051
62,1,0.1,0.0696000000000005
62,2,0.1,0.05765000000000114
62,4,0.1,0.03605000000000052
62,8,0.1,0.03395000000000046
63,1,0.1,0.0686500000000006
63,2,0.1,0.04665000000000082
63,4,0.1,0.034500000000000475
63,8,0.1,0.03120000000000038
64,1,0.1,0.08029999999999932
64,2,0.1,0.08029999999999932
64,4,0.1,0.03955000000000062
64,8,0.1,0.032450000000000416
65,1,0.1,0.07754999999999962
65,2,0.1,0.065000000000001
65,4,0.1,0.036900000000000543
65,8,0.1,0.037000000000000546
66,1,0.1,0.08089999999999925
66,2,0.1,0.050950000000000946
66,4,0.1,0.03340000000000044
66,8,0.1,0.03145000000000039
67,1,0.1,0.09389999999999782
67,2,0.1,0.06185000000000126
67,4,0.1,0.03955000000000062
67,8,0.1,0.0319500000000004
68,1,0.1,0.092249999999998
68,2,0.1,0.06010000000000121
68,4,0.1,0.055500000000001076
68,8,0.1,0.03330000000000044
69,1,0.1,0.10154999999999698
69,2,0.1,0.05015000000000092
69,4,0.1,0.04800000000000086
69,8,0.1,0.04125000000000067
70,1,0.1,0.09594999999999759
70,2,0.1,0.05005000000000092
70,4,0.1,0.037950000000000574
70,8,0.1,0.0424500000000007
71,1,0.1,0.08524999999999877
71,2,0.1,0.06375000000000114
71,4,0.1,0.04510000000000078
71,8,0.1,0.0355000000000005
72,1,0.1,0.09809999999999736
72,2,0.1,0.07899999999999946
72,4,0.1,0.041500000000000675
72,8,0.1,0.03165000000000039
73,1,0.1,0.07964999999999939
73,2,0.1,0.05675000000000111
73,4,0.1,0.040800000000000655
73,8,0.1,0.03815000000000058
74,1,0.1,0.07330000000000009
74,2,0.1,0.05955000000000119
74,4,0.1,0.053350000000001015
74,8,0.1,0.043200000000000724
75,1,0.1,0.07285000000000014
75,2,0.1,0.046700000000000824
75,4,0.1,0.03670000000000054
75,8,0.1,0.03430000000000047
76,1,0.1,0.10664999999999641
76,2,0.1,0.05520000000000107
76,4,0.1,0.03925000000000061
76,8,0.1,0.0354500000000005
77,1,0.1,0.09189999999999804
77,2,0.1,0.051650000000000966
77,4,0.1,0.03565000000000051
77,8,0.1,0.03250000000000042
78,1,0.1,0.05835000000000116
78,2,0.1,0.05215000000000098
78,4,0.1,0.03635000000000053
78,8,0.1,0.0283500000000003
79,1,0.1,0.07939999999999942
79,2,0.1,0.060300000000001214
79,4,0.1,0.04695000000000083
79,8,0.1,0.03365000000000045
80,1,0.1,0.08339999999999897
80,2,0.1,0.06360000000000116
80,4,0.1,0.04480000000000077
80,8,0.1,0.038350000000000585
81,1,0.1,0.10164999999999697
81,2,0.1,0.05710000000000112
81,4,0.1,0.03705000000000055
81,8,0.1,0.0284500000000003
82,1,0.1,0.09099999999999814
82,2,0.1,0.0641500000000011
82,4,0.1,0.04560000000000079
82,8,0.1,0.03465000000000048
83,1,0.1,0.08079999999999926
83,2,0.1,0.06605000000000089
83,4,0.1,0.03820000000000058
83,8,0.1,0.02945000000000033
84,1,0.1,0.10334999999999678
84,2,0.1,0.05320000000000101
84,4,0.1,0.03755000000000056
84,8,0.1,0.031000000000000374
85,1,0.1,0.07749999999999962
85,2,0.1,0.055800000000001085
85,4,0.1,0.038350000000000585
85,8,0.1,0.028850000000000313
86,1,0.1,0.058900000000001174
86,2,0.1,0.05605000000000109
86,4,0.1,0.03340000000000044
86,8,0.1,0.03340000000000044
87,1,0.1,0.08074999999999927
87,2,0.1,0.07260000000000016
87,4,0.1,0.040400000000000644
87,8,0.1,0.037650000000000565
88,1,0.1,0.07739999999999964
88,2,0.1,0.05915000000000118
88,4,0.1,0.040450000000000645
88,8,0.1,0.027500000000000274
89,1,0.1,0.07205000000000022
89,2,0.1,0.051250000000000955
89,4,0.1,0.05005000000000092
89,8,0.1,0.03435000000000047
90,1,0.1,0.09804999999999736
90,2,0.1,0.05045000000000093
90,4,0.1,0.03370000000000045
90,8,0.1,0.029700000000000337
91,1,0.1,0.10579999999999651
91,2,0.1,0.07025000000000042
91,4,0.1,0.04475000000000077
91,8,0.1,0.034900000000000486
92,1,0.1,0.10234999999999689
92,2,0.1,0.065000000000001
92,4,0.1,0.04300000000000072
92,8,0.1,0.04065000000000065
93,1,0.1,0.08359999999999895
93,2,0.1,0.04790000000000086
93,4,0.1,0.046750000000000826
93,8,0.1,0.034900000000000486
94,1,0.1,0.0641000000000011
94,2,0.1,0.03580000000000051
94,4,0.1,0.05665000000000111
94,8,0.1,0.03825000000000058
95,1,0.1,0.13114999999999372
95,2,0.1,0.08934999999999832
95,4,0.1,0.04435000000000076
95,8,0.1,0.03150000000000039
96,1,0.1,0.1077499999999963
96,2,0.1,0.05815000000000115
96,4,0.1,0.038350000000000585
96,8,0.1,0.038350000000000585
97,1,0.1,0.10049999999999709
97,2,0.1,0.07899999999999946
97,4,0.1,0.05040000000000093
97,8,0.1,0.04280000000000071
98,1,0.1,0.09974999999999717
98,2,0.1,0.055150000000001066
98,4,0.1,0.04175000000000068
98,8,0.1,0.04380000000000074
99,1,0.1,0.11334999999999568
99,2,0.1,0.05260000000000099
99,4,0.1,0.04130000000000067
99,8,0.1,0.03165000000000039
100,1,0.1,0.09419999999999779
100,2,0.1,0.05120000000000095
100,4,0.1,0.04350000000000073
100,8,0.1,0.02775000000000028
101,1,0.1,0.0912999999999981
101,2,0.1,0.07000000000000045
101,4,0.1,0.05260000000000099
101,8,0.1,0.02945000000000033
102,1,0.1,0.08629999999999866
102,2,0.1,0.07385000000000003
102,4,0.1,0.05320000000000101
102,8,0.1,0.039350000000000614
103,1,0.1,0.060000000000001205
103,2,0.1,0.05770000000000114
103,4,0.1,0.03500000000000049
103,8,0.1,0.03250000000000042
104,1,0.1,0.06700000000000078
104,2,0.1,0.051250000000000955
104,4,0.1,0.04035000000000064
104,8,0.1,0.0388500000000006
105,1,0.1,0.07804999999999956
105,2,0.1,0.05605000000000109
105,4,0.1,0.037250000000000554
105,8,0.1,0.04000000000000063
106,1,0.1,0.09469999999999773
106,2,0.1,0.05530000000000107
106,4,0.1,0.03780000000000057
106,8,0.1,0.03120000000000038
107,1,0.1,0.06690000000000079
107,2,0.1,0.06660000000000083
107,4,0.1,0.05175000000000097
107,8,0.1,0.03255000000000042
108,1,0.1,0.06635000000000085
108,2,0.1,0.0750499999999999
108,4,0.1,0.04770000000000085
108,8,0.1,0.03395000000000046
109,1,0.1,0.06650000000000084
109,2,0.1,0.0564000000000011
109,4,0.1,0.04795000000000086
109,8,0.1,0.031400000000000386
110,1,0.1,0.08719999999999856
110,2,0.1,0.07884999999999948
110,4,0.1,0.058300000000001156
110,8,0.1,0.04870000000000088
111,1,0.1,0.09084999999999815
111,2,0.1,0.056200000000001096
111,4,0.1,0.04315000000000072
111,8,0.1,0.0318500000000004
112,1,0.1,0.07090000000000035
112,2,0.1,0.05705000000000112
112,4,0.1,0.03750000000000056
112,8,0.1,0.039400000000000615
113,1,0.1,0.10159999999999697
113,2,0.1,0.05395000000000103
113,4,0.1,0.05065000000000094
113,8,0.1,0.03460000000000048
114,1,0.1,0.0768499999999997
114,2,0.1,0.04910000000000089
114,4,0.1,0.034200000000000466
114,8,0.1,0.030750000000000367
115,1,0.1,0.09164999999999807
115,2,0.1,0.054400000000001045
115,4,0.1,0.057550000000001135
115,8,0.1,0.037650000000000565
116,1,0.1,0.061750000000001255
116,2,0.1,0.054050000000001035
116,4,0.1,0.06335000000000118
116,8,0.1,0.05180000000000097
117,1,0.1,0.07345000000000007
117,2,0.1,0.05530000000000107
117,4,0.1,0.042900000000000715
117,8,0.1,0.03585000000000051
118,1,0.1,0.07280000000000014
118,2,0.1,0.06485000000000102
118,4,0.1,0.0494500000000009
118,8,0.1,0.03955000000000062
119,1,0.1,0.07964999999999939
119,2,0.1,0.05945000000000119
119,4,0.1,0.03740000000000056
119,8,0.1,0.028850000000000313
120,1,0.1,0.06840000000000063
120,2,0.1,0.04860000000000088
120,4,0.1,0.03405000000000046
120,8,0.1,0.0284500000000003
121,1,0.1,0.06475000000000103
121,2,0.1,0.05560000000000108
121,4,0.1,0.03860000000000059
121,8,0.1,0.032100000000000406
122,1,0.1,0.08339999999999897
122,2,0.1,0.04840000000000087
122,4,0.1,0.038300000000000584
122,8,0.1,0.033150000000000436
123,1,0.1,0.06760000000000072
123,2,0.1,0.042500000000000704
123,4,0.1,0.05190000000000097
123,8,0.1,0.04560000000000079
124,1,0.1,0.07719999999999966
124,2,0.1,0.05540000000000107
124,4,0.1,0.04300000000000072
124,8,0.1,0.033850000000000456
125,1,0.1,0.09504999999999769
125,2,0.1,0.06310000000000121
125,4,0.1,0.05035000000000093
125,8,0.1,0.032100000000000406
126,1,0.1,0.0722500000000002
126,2,0.1,0.06115000000000124
126,4,0.1,0.047050000000000834
126,8,0.1,0.040400000000000644
127,1,0.1,0.05770000000000114
127,2,0.1,0.044250000000000754
127,4,0.1,0.03860000000000059
127,8,0.1,0.03860000000000059
128,1,0.1,0.09264999999999796
128,2,0.1,0.06560000000000094
128,4,0.1,0.036950000000000545
128,8,0.1,0.03160000000000039
129,1,0.1,0.08634999999999865
129,2,0.1,0.048150000000000866
129,4,0.1,0.04375000000000074
129,8,0.1,0.030700000000000366
130,1,0.1,0.07390000000000002
130,2,0.1,0.08714999999999856
130,4,0.1,0.07220000000000021
130,8,0.1,0.047450000000000846
131,1,0.1,0.07979999999999937
131,2,0.1,0.06280000000000124
131,4,0.1,0.04350000000000073
131,8,0.1,0.03410000000000046
132,1,0.1,0.08899999999999836
132,2,0.1,0.057850000000001144
132,4,0.1,0.04630000000000081
132,8,0.1,0.03980000000000063
133,1,0.1,0.1203999999999949
133,2,0.1,0.09084999999999815
133,4,0.1,0.05320000000000101
133,8,0.1,0.03740000000000056
134,1,0.1,0.0803999999999993
134,2,0.1,0.0494500000000009
134,4,0.1,0.048100000000000864
134,8,0.1,0.042550000000000705
135,1,0.1,0.07919999999999944
135,2,0.1,0.05880000000000117
135,4,0.1,0.04785000000000086
135,8,0.1,0.0353500000000005
136,1,0.1,0.10364999999999674
136,2,0.1,0.05605000000000109
136,4,0.1,0.04805000000000086
136,8,0.1,0.03260000000000042
137,1,0.1,0.09489999999999771
137,2,0.1,0.05470000000000105
137,4,0.1,0.03395000000000046
137,8,0.1,0.03215000000000041
138,1,0.1,0.08014999999999933
138,2,0.1,0.06190000000000126
138,4,0.1,0.04480000000000077
138,8,0.1,0.02875000000000031
139,1,0.1,0.07764999999999961
139,2,0.1,0.05010000000000092
139,4,0.1,0.05150000000000096
139,8,0.1,0.040750000000000654
140,1,0.1,0.10169999999999696
140,2,0.1,0.0597000000000012
140,4,0.1,0.04345000000000073
140,8,0.1,0.03045000000000036
141,1,0.1,0.11889999999999507
141,2,0.1,0.06055000000000122
141,4,0.1,0.03645000000000053
141,8,0.1,0.04795000000000086
142,1,0.1,0.15899999999999065
142,2,0.1,0.0723000000000002
142,4,0.1,0.04505000000000078
142,8,0.1,0.038300000000000584
143,1,0.1,0.09789999999999738
143,2,0.1,0.08149999999999918
143,4,0.1,0.04020000000000064
143,8,0.1,0.03015000000000035
144,1,0.1,0.09084999999999815
144,2,0.1,0.054400000000001045
144,4,0.1,0.04315000000000072
144,8,0.1,0.03230000000000041
145,1,0.1,0.08069999999999927
145,2,0.1,0.0750499999999999
145,4,0.1,0.04680000000000083
145,8,0.1,0.04140000000000067
146,1,0.1,0.08209999999999912
146,2,0.1,0.0493500000000009
146,4,0.1,0.038650000000000594
146,8,0.1,0.033100000000000435
147,1,0.1,0.07729999999999965
147,2,0.1,0.049500000000000904
147,4,0.1,0.04125000000000067
147,8,0.1,0.036950000000000545
148,1,0.1,0.0967999999999975
148,2,0.1,0.06010000000000121
148,4,0.1,0.03505000000000049
148,8,0.1,0.028900000000000314
149,1,0.1,0.10714999999999636
149,2,0.1,0.06910000000000055
149,4,0.1,0.04725000000000084
149,8,0.1,0.035200000000000495
150,1,0.1,0.07894999999999947
150,2,0.1,0.053000000000001005
150,4,0.1,0.03565000000000051
150,8,0.1,0.0353500000000005
151,1,0.1,0.08414999999999889
151,2,0.1,0.05155000000000096
151,4,0.1,0.036900000000000543
151,8,0.1,0.032100000000000406
152,1,0.1,0.08564999999999873
152,2,0.1,0.056900000000001116
152,4,0.1,0.05010000000000092
152,8,0.1,0.042150000000000694
153,1,0.1,0.0641000000000011
153,2,0.1,0.04685000000000083
153,4,0.1,0.03655000000000053
153,8,0.1,0.02905000000000032
154,1,0.1,0.08544999999999875
154,2,0.1,0.04965000000000091
154,4,0.1,0.037950000000000574
154,8,0.1,0.038700000000000595
155,1,0.1,0.10394999999999671
155,2,0.1,0.05575000000000108
155,4,0.1,0.053750000000001026
155,8,0.1,0.0353500000000005
156,1,0.1,0.07340000000000008
156,2,0.1,0.04615000000000081
156,4,0.1,0.040400000000000644
156,8,0.1,0.03845000000000059
157,1,0.1,0.08834999999999843
157,2,0.1,0.04690000000000083
157,4,0.1,0.04480000000000077
157,8,0.1,0.0354500000000005
158,1,0.1,0.07419999999999999
158,2,0.1,0.05100000000000095
158,4,0.1,0.04525000000000078
158,8,0.1,0.03815000000000058
159,1,0.1,0.0813499999999992
159,2,0.1,0.05245000000000099
159,4,0.1,0.049550000000000906
159,8,0.1,0.034900000000000486
160,1,0.1,0.06275000000000125
160,2,0.1,0.04165000000000068
160,4,0.1,0.03720000000000055
160,8,0.1,0.02945000000000033
161,1,0.1,0.06445000000000106
161,2,0.1,0.039450000000000617
161,4,0.1,0.05355000000000102
161,8,0.1,0.03495000000000049
162,1,0.1,0.07539999999999986
162,2,0.1,0.07000000000000045
162,4,0.1,0.0641000000000011
162,8,0.1,0.057150000000001124
163,1,0.1,0.09054999999999819
163,2,0.1,0.05765000000000114
163,4,0.1,0.039050000000000605
163,8,0.1,0.04015000000000064
164,1,0.1,0.09789999999999738
164,2,0.1,0.05950000000000119
164,4,0.1,0.04335000000000073
164,8,0.1,0.03305000000000043
165,1,0.1,0.07944999999999941
165,2,0.1,0.0731500000000001
165,4,0.1,0.04415000000000075
165,8,0.1,0.03640000000000053
166,1,0.1,0.08364999999999895
166,2,0.1,0.06200000000000126
166,4,0.1,0.0389500000000006
166,8,0.1,0.04515000000000078
167,1,0.1,0.07884999999999948
167,2,0.1,0.05470000000000105
167,4,0.1,0.050600000000000936
167,8,0.1,0.03475000000000048
168,1,0.1,0.11259999999999576
168,2,0.1,0.07749999999999962
168,4,0.1,0.05350000000000102
168,8,0.1,0.05350000000000102
169,1,0.1,0.08484999999999882
169,2,0.1,0.05005000000000092
169,4,0.1,0.0389000000000006
169,8,0.1,0.032050000000000405
170,1,0.1,0.10294999999999682
170,2,0.1,0.0597500000000012
170,4,0.1,0.03340000000000044
170,8,0.1,0.039700000000000624
171,1,0.1,0.10209999999999692
171,2,0.1,0.07080000000000036
171,4,0.1,0.04980000000000091
171,8,0.1,0.0389500000000006
172,1,0.1,0.06525000000000097
172,2,0.1,0.039050000000000605
172,4,0.1,0.03270000000000042
172,8,0.1,0.03440000000000047
173,1,0.1,0.08219999999999911
173,2,0.1,0.054450000000001046
173,4,0.1,0.05705000000000112
173,8,0.1,0.039050000000000605
174,1,0.1,0.09424999999999778
174,2,0.1,0.09729999999999744
174,4,0.1,0.047050000000000834
174,8,0.1,0.04730000000000084
175,1,0.1,0.09074999999999817
175,2,0.1,0.06525000000000097
175,4,0.1,0.03845000000000059
175,8,0.1,0.030950000000000373
176,1,0.1,0.0849999999999988
176,2,0.1,0.056200000000001096
176,4,0.1,0.05120000000000095
176,8,0.1,0.033850000000000456
177,1,0.1,0.09489999999999771
177,2,0.1,0.056800000000001113
177,4,0.1,0.04665000000000082
177,8,0.1,0.03980000000000063
178,1,0.1,0.08419999999999889
178,2,0.1,0.0668000000000008
178,4,0.1,0.049900000000000916
178,8,0.1,0.03710000000000055
179,1,0.1,0.08794999999999847
179,2,0.1,0.06120000000000124
179,4,0.1,0.040450000000000645
179,8,0.1,0.033800000000000455
180,1,0.1,0.11274999999999574
180,2,0.1,0.04135000000000067
180,4,0.1,0.03705000000000055
180,8,0.1,0.03860000000000059
181,1,0.1,0.07969999999999938
181,2,0.1,0.05745000000000113
181,4,0.1,0.04515000000000078
181,8,0.1,0.03435000000000047
182,1,0.1,0.07849999999999951
182,2,0.1,0.043900000000000744
182,4,0.1,0.03710000000000055
182,8,0.1,0.03715000000000055
183,1,0.1,0.0794999999999994
183,2,0.1,0.058250000000001155
183,4,0.1,0.04120000000000067
183,8,0.1,0.031400000000000386
184,1,0.1,0.07579999999999981
184,2,0.1,0.07434999999999997
184,4,0.1,0.054400000000001045
184,8,0.1,0.03045000000000036
185,1,0.1,0.11594999999999539
185,2,0.1,0.08124999999999921
185,4,0.1,0.08064999999999928
185,8,0.1,0.05320000000000101
186,1,0.1,0.0704000000000004
186,2,0.1,0.04800000000000086
186,4,0.1,0.03425000000000047
186,8,0.1,0.03340000000000044
187,1,0.1,0.09124999999999811
187,2,0.1,0.06470000000000103
187,4,0.1,0.03980000000000063
187,8,0.1,0.03605000000000052
188,1,0.1,0.07090000000000035
188,2,0.1,0.055800000000001085
188,4,0.1,0.03400000000000046
188,8,0.1,0.03125000000000038
189,1,0.1,0.09169999999999806
189,2,0.1,0.056550000000001106
189,4,0.1,0.04625000000000081
189,8,0.1,0.033450000000000445
190,1,0.1,0.06890000000000057
190,2,0.1,0.06670000000000081
190,4,0.1,0.040800000000000655
190,8,0.1,0.03055000000000036
191,1,0.1,0.08794999999999847
191,2,0.1,0.049550000000000906
191,4,0.1,0.03980000000000063
191,8,0.1,0.033850000000000456
192,1,0.1,0.09124999999999811
192,2,0.1,0.0631500000000012
192,4,0.1,0.03720000000000055
192,8,0.1,0.03120000000000038
193,1,0.1,0.06600000000000089
193,2,0.1,0.0597500000000012
193,4,0.1,0.05345000000000102
193,8,0.1,0.03410000000000046
194,1,0.1,0.08719999999999856
194,2,0.1,0.06305000000000122
194,4,0.1,0.050950000000000946
194,8,0.1,0.04165000000000068
195,1,0.1,0.05555000000000108
195,2,0.1,0.049900000000000916
195,4,0.1,0.038350000000000585
195,8,0.1,0.03235000000000041
196,1,0.1,0.07434999999999997
196,2,0.1,0.055850000000001086
196,4,0.1,0.03675000000000054
196,8,0.1,0.03330000000000044
197,1,0.1,0.06445000000000106
197,2,0.1,0.06615000000000087
197,4,0.1,0.045700000000000796
197,8,0.1,0.037650000000000565
198,1,0.1,0.07899999999999946
198,2,0.1,0.054800000000001056
198,4,0.1,0.05070000000000094
198,8,0.1,0.033150000000000436
199,1,0.1,0.07285000000000014
199,2,0.1,0.04440000000000076
199,4,0.1,0.04995000000000092
199,8,0.1,0.036600000000000535
200,1,0.1,0.08559999999999873
200,2,0.1,0.054400000000001045
200,4,0.1,0.03845000000000059
200,8,0.1,0.03710000000000055
201,1,0.1,0.09609999999999758
201,2,0.1,0.06910000000000055
201,4,0.1,0.055450000000001075
201,8,0.1,0.03435000000000047
202,1,0.1,0.07854999999999951
202,2,0.1,0.08194999999999913
202,4,0.1,0.04800000000000086
202,8,0.1,0.037250000000000554
203,1,0.1,0.07569999999999982
203,2,0.1,0.05360000000000102
203,4,0.1,0.05365000000000102
203,8,0.1,0.035250000000000496
204,1,0.1,0.08479999999999882
204,2,0.1,0.06725000000000075
204,4,0.1,0.05590000000000109
204,8,0.1,0.03580000000000051
205,1,0.1,0.07639999999999975
205,2,0.1,0.056200000000001096
205,4,0.1,0.04205000000000069
205,8,0.1,0.03920000000000061
206,1,0.1,0.09019999999999823
206,2,0.1,0.052700000000000996
206,4,0.1,0.0424500000000007
206,8,0.1,0.03620000000000052
207,1,0.1,0.07649999999999973
207,2,0.1,0.039100000000000606
207,4,0.1,0.0355000000000005
207,8,0.1,0.02950000000000033
208,1,0.1,0.09629999999999755
208,2,0.1,0.06940000000000052
208,4,0.1,0.06150000000000125
208,8,0.1,0.052900000000001
209,1,0.1,0.07779999999999959
209,2,0.1,0.05045000000000093
209,4,0.1,0.039450000000000617
209,8,0.1,0.032400000000000415
210,1,0.1,0.10474999999999662
210,2,0.1,0.05520000000000107
210,4,0.1,0.04345000000000073
210,8,0.1,0.03470000000000048
211,1,0.1,0.0804499999999993
211,2,0.1,0.04785000000000086
211,4,0.1,0.04205000000000069
211,8,0.1,0.030050000000000347
212,1,0.1,0.08234999999999909
212,2,0.1,0.04540000000000079
212,4,0.1,0.04540000000000079
212,8,0.1,0.03225000000000041
213,1,0.1,0.10964999999999608
213,2,0.1,0.05920000000000118
213,4,0.1,0.04690000000000083
213,8,0.1,0.030950000000000373
214,1,0.1,0.08059999999999928
214,2,0.1,0.05490000000000106
214,4,0.1,0.04100000000000066
214,8,0.1,0.03445000000000047
215,1,0.1,0.08819999999999845
215,2,0.1,0.05435000000000104
215,4,0.1,0.04135000000000067
215,8,0.1,0.028950000000000316
216,1,0.1,0.12839999999999402
216,2,0.1,0.08069999999999927
216,4,0.1,0.05100000000000095
216,8,0.1,0.029700000000000337
217,1,0.1,0.08174999999999916
217,2,0.1,0.04305000000000072
217,4,0.1,0.03575000000000051
217,8,0.1,0.027800000000000283
218,1,0.1,0.09509999999999769
218,2,0.1,0.04900000000000089
218,4,0.1,0.05180000000000097
218,8,0.1,0.041850000000000685
219,1,0.1,0.0822999999999991
219,2,0.1,0.055150000000001066
219,4,0.1,0.041450000000000674
219,8,0.1,0.033800000000000455
220,1,0.1,0.08659999999999862
220,2,0.1,0.06700000000000078
220,4,0.1,0.05240000000000099
220,8,0.1,0.03785000000000057
221,1,0.1,0.08654999999999863
221,2,0.1,0.060300000000001214
221,4,0.1,0.0355000000000005
221,8,0.1,0.029950000000000344
222,1,0.1,0.06665000000000082
222,2,0.1,0.05050000000000093
222,4,0.1,0.036650000000000536
222,8,0.1,0.029900000000000343
223,1,0.1,0.08104999999999923
223,2,0.1,0.060300000000001214
223,4,0.1,0.04260000000000071
223,8,0.1,0.0320000000000004
224,1,0.1,0.07255000000000017
224,2,0.1,0.05800000000000115
224,4,0.1,0.047050000000000834
224,8,0.1,0.041150000000000665
225,1,0.1,0.058600000000001165
225,2,0.1,0.056850000000001115
225,4,0.1,0.03790000000000057
225,8,0.1,0.030950000000000373
226,1,0.1,0.12629999999999425
226,2,0.1,0.06785000000000069
226,4,0.1,0.03670000000000054
226,8,0.1,0.03375000000000045
227,1,0.1,0.10079999999999706
227,2,0.1,0.08024999999999932
227,4,0.1,0.060650000000001224
227,8,0.1,0.04050000000000065
228,1,0.1,0.16959999999998948
228,2,0.1,0.0794999999999994
228,4,0.1,0.04330000000000073
228,8,0.1,0.029650000000000336
229,1,0.1,0.08959999999999829
229,2,0.1,0.05455000000000105
229,4,0.1,0.045700000000000796
229,8,0.1,0.036650000000000536
230,1,0.1,0.065050000000001
230,2,0.1,0.0598000000000012
230,4,0.1,0.04790000000000086
230,8,0.1,0.038400000000000586
231,1,0.1,0.09079999999999816
231,2,0.1,0.0704000000000004
231,4,0.1,0.04735000000000084
231,8,0.1,0.035200000000000495
232,1,0.1,0.0904499999999982
232,2,0.1,0.05315000000000101
232,4,0.1,0.03650000000000053
232,8,0.1,0.030400000000000357
233,1,0.1,0.08604999999999868
233,2,0.1,0.05345000000000102
233,4,0.1,0.04090000000000066
233,8,0.1,0.033100000000000435
234,1,0.1,0.10754999999999632
234,2,0.1,0.05420000000000104
234,4,0.1,0.039450000000000617
234,8,0.1,0.03575000000000051
235,1,0.1,0.10424999999999668
235,2,0.1,0.05190000000000097
235,4,0.1,0.047400000000000844
235,8,0.1,0.03585000000000051
236,1,0.1,0.08309999999999901
236,2,0.1,0.04375000000000074
236,4,0.1,0.04470000000000077
236,8,0.1,0.04190000000000069
237,1,0.1,0.07030000000000042
237,2,0.1,0.042550000000000705
237,4,0.1,0.03740000000000056
237,8,0.1,0.038000000000000575
238,1,0.1,0.06615000000000087
238,2,0.1,0.05105000000000095
238,4,0.1,0.04125000000000067
238,8,0.1,0.03325000000000044
239,1,0.1,0.08159999999999917
239,2,0.1,0.05520000000000107
239,4,0.1,0.03705000000000055
239,8,0.1,0.03085000000000037
240,1,0.1,0.09814999999999735
240,2,0.1,0.058900000000001174
240,4,0.1,0.039000000000000604
240,8,0.1,0.03740000000000056
241,1,0.1,0.07814999999999955
241,2,0.1,0.05155000000000096
241,4,0.1,0.04505000000000078
241,8,0.1,0.04455000000000076
242,1,0.1,0.06735000000000074
242,2,0.1,0.0858499999999987
242,4,0.1,0.0424000000000007
242,8,0.1,0.03505000000000049
243,1,0.1,0.09594999999999759
243,2,0.1,0.07010000000000044
243,4,0.1,0.061050000000001235
243,8,0.1,0.05525000000000107
244,1,0.1,0.08479999999999882
244,2,0.1,0.043550000000000734
244,4,0.1,0.0458500000000008
244,8,0.1,0.035550000000000505
245,1,0.1,0.10759999999999631
245,2,0.1,0.054400000000001045
245,4,0.1,0.0389000000000006
245,8,0.1,0.034900000000000486
246,1,0.1,0.0631500000000012
246,2,0.1,0.059300000000001185
246,4,0.1,0.03680000000000054
246,8,0.1,0.03465000000000048
247,1,0.1,0.08074999999999927
247,2,0.1,0.05845000000000116
247,4,0.1,0.039050000000000605
247,8,0.1,0.03120000000000038
248,1,0.1,0.09814999999999735
248,2,0.1,0.058300000000001156
248,4,0.1,0.041800000000000684
248,8,0.1,0.037950000000000574
249,1,0.1,0.09009999999999824
249,2,0.1,0.056850000000001115
249,4,0.1,0.036950000000000545
249,8,0.1,0.03810000000000058
250,1,0.1,0.09014999999999823
250,2,0.1,0.052800000000001
250,4,0.1,0.037650000000000565
250,8,0.1,0.029600000000000334
251,1,0.1,0.07385000000000003
251,2,0.1,0.05190000000000097
251,4,0.1,0.04840000000000087
251,8,0.1,0.0353000000000005
252,1,0.1,0.06235000000000127
252,2,0.1,0.055450000000001075
252,4,0.1,0.0422500000000007
252,8,0.1,0.03425000000000047
253,1,0.1,0.10079999999999706
253,2,0.1,0.06425000000000108
253,4,0.1,0.036950000000000545
253,8,0.1,0.035550000000000505
254,1,0.1,0.0840999999999989
254,2,0.1,0.042900000000000715
254,4,0.1,0.039400000000000615
254,8,0.1,0.03750000000000056
255,1,0.1,0.08539999999999875
255,2,0.1,0.06620000000000087
255,4,0.1,0.04155000000000068
255,8,0.1,0.03150000000000039
256,1,0.1,0.09419999999999779
256,2,0.1,0.050200000000000924
256,4,0.1,0.0389000000000006
256,8,0.1,0.03150000000000039
257,1,0.1,0.06845000000000062
257,2,0.1,0.04370000000000074
257,4,0.1,0.03470000000000048
257,8,0.1,0.034150000000000465
258,1,0.1,0.06625000000000086
258,2,0.1,0.062050000000001264
258,4,0.1,0.04175000000000068
258,8,0.1,0.0424500000000007
259,1,0.1,0.05885000000000117
259,2,0.1,0.054800000000001056
259,4,0.1,0.041800000000000684
259,8,0.1,0.038350000000000585
260,1,0.1,0.09019999999999823
260,2,0.1,0.04890000000000089
260,4,0.1,0.04900000000000089
260,8,0.1,0.0354000000000005
261,1,0.1,0.0668000000000008
261,2,0.1,0.05885000000000117
261,4,0.1,0.03500000000000049
261,8,0.1,0.03090000000000037
262,1,0.1,0.13064999999999377
262,2,0.1,0.058950000000001175
262,4,0.1,0.038400000000000586
262,8,0.1,0.034150000000000465
263,1,0.1,0.09669999999999751
263,2,0.1,0.05385000000000103
263,4,0.1,0.03990000000000063
263,8,0.1,0.042550000000000705
264,1,0.1,0.06995000000000046
264,2,0.1,0.04270000000000071
264,4,0.1,0.033800000000000455
264,8,0.1,0.028900000000000314
265,1,0.1,0.08114999999999922
265,2,0.1,0.04450000000000076
265,4,0.1,0.04860000000000088
265,8,0.1,0.03360000000000045
266,1,0.1,0.09629999999999755
266,2,0.1,0.08854999999999841
266,4,0.1,0.05670000000000111
266,8,0.1,0.039700000000000624
267,1,0.1,0.05425000000000104
267,2,0.1,0.052750000000001
267,4,0.1,0.03810000000000058
267,8,0.1,0.03400000000000046
268,1,0.1,0.0758499999999998
268,2,0.1,0.05035000000000093
268,4,0.1,0.039400000000000615
268,8,0.1,0.0318000000000004
269,1,0.1,0.1085999999999962
269,2,0.1,0.06915000000000054
269,4,0.1,0.03715000000000055
269,8,0.1,0.030250000000000353
270,1,0.1,0.07974999999999938
270,2,0.1,0.056200000000001096
270,4,0.1,0.03990000000000063
270,8,0.1,0.03090000000000037
271,1,0.1,0.0904499999999982
271,2,0.1,0.08744999999999853
271,4,0.1,0.05700000000000112
271,8,0.1,0.04755000000000085
272,1,0.1,0.10284999999999683
272,2,0.1,0.055100000000001065
272,4,0.1,0.044250000000000754
272,8,0.1,0.032050000000000405
273,1,0.1,0.1022499999999969
273,2,0.1,0.07844999999999952
273,4,0.1,0.048800000000000884
273,8,0.1,0.04295000000000072
274,1,0.1,0.07639999999999975
274,2,0.1,0.05255000000000099
274,4,0.1,0.03495000000000049
274,8,0.1,0.034150000000000465
275,1,0.1,0.10829999999999623
275,2,0.1,0.06195000000000126
275,4,0.1,0.04835000000000087
275,8,0.1,0.04365000000000074
276,1,0.1,0.0940999999999978
276,2,0.1,0.05530000000000107
276,4,0.1,0.038700000000000595
276,8,0.1,0.031350000000000385
277,1,0.1,0.07405
277,2,0.1,0.045650000000000794
277,4,0.1,0.051250000000000955
277,8,0.1,0.02975000000000034
278,1,0.1,0.07170000000000026
278,2,0.1,0.06350000000000117
278,4,0.1,0.04555000000000079
278,8,0.1,0.03225000000000041
279,1,0.1,0.07764999999999961
279,2,0.1,0.07290000000000013
279,4,0.1,0.04155000000000068
279,8,0.1,0.05065000000000094
280,1,0.1,0.06120000000000124
280,2,0.1,0.05435000000000104
280,4,0.1,0.06195000000000126
280,8,0.1,0.04610000000000081
281,1,0.1,0.09254999999999797
281,2,0.1,0.07060000000000038
281,4,0.1,0.05175000000000097
281,8,0.1,0.037000000000000546
282,1,0.1,0.0931999999999979
282,2,0.1,0.050550000000000934
282,4,0.1,0.03500000000000049
282,8,0.1,0.028950000000000316
283,1,0.1,0.10354999999999676
283,2,0.1,0.059600000000001194
283,4,0.1,0.05425000000000104
283,8,0.1,0.04700000000000083
284,1,0.1,0.09199999999999803
284,2,0.1,0.07874999999999949
284,4,0.1,0.04155000000000068
284,8,0.1,0.03985000000000063
285,1,0.1,0.07634999999999975
285,2,0.1,0.043200000000000724
285,4,0.1,0.04260000000000071
285,8,0.1,0.02805000000000029
286,1,0.1,0.07874999999999949
286,2,0.1,0.054400000000001045
286,4,0.1,0.038650000000000594
286,8,0.1,0.03470000000000048
287,1,0.1,0.06270000000000125
287,2,0.1,0.0423000000000007
287,4,0.1,0.03585000000000051
287,8,0.1,0.03400000000000046
288,1,0.1,0.08489999999999881
288,2,0.1,0.04370000000000074
288,4,0.1,0.03430000000000047
288,8,0.1,0.031100000000000377
289,1,0.1,0.06575000000000092
289,2,0.1,0.040750000000000654
289,4,0.1,0.03640000000000053
289,8,0.1,0.03465000000000048
290,1,0.1,0.11649999999999533
290,2,0.1,0.064950000000001
290,4,0.1,0.040400000000000644
290,8,0.1,0.03965000000000062
291,1,0.1,0.08789999999999848
291,2,0.1,0.08944999999999831
291,4,0.1,0.05945000000000119
291,8,0.1,0.03915000000000061
292,1,0.1,0.08704999999999857
292,2,0.1,0.04735000000000084
292,4,0.1,0.03510000000000049
292,8,0.1,0.028650000000000307
293,1,0.1,0.06730000000000075
293,2,0.1,0.04445000000000076
293,4,0.1,0.048100000000000864
293,8,0.1,0.04280000000000071
294,1,0.1,0.08424999999999888
294,2,0.1,0.06925000000000053
294,4,0.1,0.05460000000000105
294,8,0.1,0.04400000000000075
295,1,0.1,0.08189999999999914
295,2,0.1,0.05050000000000093
295,4,0.1,0.037600000000000564
295,8,0.1,0.03640000000000053
296,1,0.1,0.08929999999999833
296,2,0.1,0.06705000000000078
296,4,0.1,0.037350000000000556
296,8,0.1,0.03610000000000052
297,1,0.1,0.08944999999999831
297,2,0.1,0.05800000000000115
297,4,0.1,0.037300000000000555
297,8,0.1,0.02945000000000033
298,1,0.1,0.10894999999999616
298,2,0.1,0.11514999999999548
298,4,0.1,0.04965000000000091
298,8,0.1,0.03825000000000058
299,1,0.1,0.09119999999999812
299,2,0.1,0.046000000000000804
299,4,0.1,0.038000000000000575
299,8,0.1,0.038050000000000576
300,1,0.1,0.07929999999999943
300,2,0.1,0.046750000000000826
300,4,0.1,0.03925000000000061
300,8,0.1,0.0319500000000004
301,1,0.1,0.09304999999999791
301,2,0.1,0.05565000000000108
301,4,0.1,0.041800000000000684
301,8,0.1,0.0355000000000005
302,1,0.1,0.08759999999999851
302,2,0.1,0.04645000000000082
302,4,0.1,0.04645000000000082
302,8,0.1,0.036900000000000543
303,1,0.1,0.07829999999999954
303,2,0.1,0.06605000000000089
303,4,0.1,0.04330000000000073
303,8,0.1,0.04190000000000069
304,1,0.1,0.08089999999999925
304,2,0.1,0.06250000000000128
304,4,0.1,0.03620000000000052
304,8,0.1,0.04155000000000068
305,1,0.1,0.07529999999999987
305,2,0.1,0.04405000000000075
305,4,0.1,0.04330000000000073
305,8,0.1,0.02880000000000031
306,1,0.1,0.14164999999999256
306,2,0.1,0.1004499999999971
306,4,0.1,0.05665000000000111
306,8,0.1,0.03445000000000047
307,1,0.1,0.08819999999999845
307,2,0.1,0.052750000000001
307,4,0.1,0.0423000000000007
307,8,0.1,0.03740000000000056
308,1,0.1,0.07554999999999984
308,2,0.1,0.04555000000000079
308,4,0.1,0.040400000000000644
308,8,0.1,0.038700000000000595
309,1,0.1,0.05450000000000105
309,2,0.1,0.0795999999999994
309,4,0.1,0.07340000000000008
309,8,0.1,0.04350000000000073
310,1,0.1,0.10154999999999698
310,2,0.1,0.0562500000000011
310,4,0.1,0.04520000000000078
310,8,0.1,0.036250000000000525
311,1,0.1,0.06585000000000091
311,2,0.1,0.047100000000000836
311,4,0.1,0.04030000000000064
311,8,0.1,0.031750000000000396
312,1,0.1,0.09254999999999797
312,2,0.1,0.06780000000000069
312,4,0.1,0.05185000000000097
312,8,0.1,0.03580000000000051
313,1,0.1,0.09264999999999796
313,2,0.1,0.05675000000000111
313,4,0.1,0.05675000000000111
313,8,0.1,0.03160000000000039
314,1,0.1,0.10569999999999652
314,2,0.1,0.06255000000000127
314,4,0.1,0.04470000000000077
314,8,0.1,0.03430000000000047
315,1,0.1,0.07514999999999988
315,2,0.1,0.041850000000000685
315,4,0.1,0.03965000000000062
315,8,0.1,0.03080000000000037
316,1,0.1,0.08279999999999904
316,2,0.1,0.05345000000000102
316,4,0.1,0.054100000000001036
316,8,0.1,0.040400000000000644
317,1,0.1,0.09564999999999763
317,2,0.1,0.05080000000000094
317,4,0.1,0.03600000000000052
317,8,0.1,0.036650000000000536
318,1,0.1,0.07479999999999992
318,2,0.1,0.07479999999999992
318,4,0.1,0.03825000000000058
318,8,0.1,0.030350000000000356
319,1,0.1,0.08964999999999829
319,2,0.1,0.046350000000000814
319,4,0.1,0.038350000000000585
319,8,0.1,0.0459500000000008
320,1,0.1,0.09474999999999772
320,2,0.1,0.06290000000000123
320,4,0.1,0.037250000000000554
320,8,0.1,0.0318000000000004
321,1,0.1,0.08174999999999916
321,2,0.1,0.056200000000001096
321,4,0.1,0.03635000000000053
321,8,0.1,0.03220000000000041
322,1,0.1,0.06760000000000072
322,2,0.1,0.052350000000000986
322,4,0.1,0.035950000000000516
322,8,0.1,0.03125000000000038
323,1,0.1,0.11539999999999545
323,2,0.1,0.06910000000000055
323,4,0.1,0.04030000000000064
323,8,0.1,0.031100000000000377
324,1,0.1,0.07489999999999991
324,2,0.1,0.055450000000001075
324,4,0.1,0.05220000000000098
324,8,0.1,0.03605000000000052
325,1,0.1,0.0876999999999985
325,2,0.1,0.06435000000000107
325,4,0.1,0.04295000000000072
325,8,0.1,0.03820000000000058
326,1,0.1,0.07025000000000042
326,2,0.1,0.0563500000000011
326,4,0.1,0.033100000000000435
326,8,0.1,0.03155000000000039
327,1,0.1,0.10709999999999636
327,2,0.1,0.05345000000000102
327,4,0.1,0.035950000000000516
327,8,0.1,0.03020000000000035
328,1,0.1,0.07434999999999997
328,2,0.1,0.057550000000001135
328,4,0.1,0.057550000000001135
328,8,0.1,0.04545000000000079
329,1,0.1,0.08869999999999839
329,2,0.1,0.052650000000000995
329,4,0.1,0.03955000000000062
329,8,0.1,0.03355000000000045
330,1,0.1,0.0713500000000003
330,2,0.1,0.04130000000000067
330,4,0.1,0.0388000000000006
330,8,0.1,0.03465000000000048
331,1,0.1,0.06990000000000046
331,2,0.1,0.04190000000000069
331,4,0.1,0.03505000000000049
331,8,0.1,0.03050000000000036
332,1,0.1,0.08339999999999897
332,2,0.1,0.07240000000000019
332,4,0.1,0.0631500000000012
332,8,0.1,0.050900000000000944
333,1,0.1,0.1039999999999967
333,2,0.1,0.06090000000000123
333,4,0.1,0.0355000000000005
333,8,0.1,0.03300000000000043
334,1,0.1,0.09929999999999722
334,2,0.1,0.07624999999999976
334,4,0.1,0.06570000000000092
334,8,0.1,0.0457500000000008
335,1,0.1,0.07025000000000042
335,2,0.1,0.07025000000000042
335,4,0.1,0.05245000000000099
335,8,0.1,0.05210000000000098
336,1,0.1,0.09339999999999787
336,2,0.1,0.07969999999999938
336,4,0.1,0.04370000000000074
336,8,0.1,0.030000000000000346
337,1,0.1,0.07085000000000036
337,2,0.1,0.050250000000000926
337,4,0.1,0.03825000000000058
337,8,0.1,0.031700000000000395
338,1,0.1,0.07789999999999958
338,2,0.1,0.04750000000000085
338,4,0.1,0.0354500000000005
338,8,0.1,0.0388000000000006
339,1,0.1,0.0804999999999993
339,2,0.1,0.05080000000000094
339,4,0.1,0.040400000000000644
339,8,0.1,0.0320000000000004
340,1,0.1,0.10154999999999698
340,2,0.1,0.04910000000000089
340,4,0.1,0.046700000000000824
340,8,0.1,0.028550000000000304
341,1,0.1,0.14609999999999207
341,2,0.1,0.061700000000001254
341,4,0.1,0.03965000000000062
341,8,0.1,0.032400000000000415
342,1,0.1,0.09379999999999783
342,2,0.1,0.04195000000000069
342,4,0.1,0.03675000000000054
342,8,0.1,0.03815000000000058
343,1,0.1,0.09704999999999747
343,2,0.1,0.06560000000000094
343,4,0.1,0.06560000000000094
343,8,0.1,0.04300000000000072
344,1,0.1,0.08989999999999826
344,2,0.1,0.06445000000000106
344,4,0.1,0.05250000000000099
344,8,0.1,0.03955000000000062
345,1,0.1,0.06885000000000058
345,2,0.1,0.046050000000000806
345,4,0.1,0.03395000000000046
345,8,0.1,0.03220000000000041
346,1,0.1,0.1040999999999967
346,2,0.1,0.05085000000000094
346,4,0.1,0.04620000000000081
346,8,0.1,0.03750000000000056
347,1,0.1,0.10114999999999702
347,2,0.1,0.05835000000000116
347,4,0.1,0.05175000000000097
347,8,0.1,0.040100000000000635
348,1,0.1,0.07869999999999949
348,2,0.1,0.05870000000000117
348,4,0.1,0.03930000000000061
348,8,0.1,0.03460000000000048
349,1,0.1,0.07914999999999944
349,2,0.1,0.06880000000000058
349,4,0.1,0.05420000000000104
349,8,0.1,0.03610000000000052
350,1,0.1,0.13974999999999277
350,2,0.1,0.07110000000000033
350,4,0.1,0.039450000000000617
350,8,0.1,0.032100000000000406
351,1,0.1,0.07429999999999998
351,2,0.1,0.06355000000000116
351,4,0.1,0.04615000000000081
351,8,0.1,0.0424500000000007
352,1,0.1,0.11019999999999602
352,2,0.1,0.06340000000000118
352,4,0.1,0.04680000000000083
352,8,0.1,0.044600000000000764
353,1,0.1,0.07360000000000005
353,2,0.1,0.06260000000000127
353,4,0.1,0.04715000000000084
353,8,0.1,0.03785000000000057
354,1,0.1,0.07035000000000041
354,2,0.1,0.04420000000000075
354,4,0.1,0.04035000000000064
354,8,0.1,0.03445000000000047
355,1,0.1,0.08079999999999926
355,2,0.1,0.052350000000000986
355,4,0.1,0.048800000000000884
355,8,0.1,0.04685000000000083
356,1,0.1,0.07295000000000013
356,2,0.1,0.045350000000000786
356,4,0.1,0.04210000000000069
356,8,0.1,0.030050000000000347
357,1,0.1,0.07884999999999948
357,2,0.1,0.060000000000001205
357,4,0.1,0.04855000000000088
357,8,0.1,0.031400000000000386
358,1,0.1,0.10524999999999657
358,2,0.1,0.0563500000000011
358,4,0.1,0.045000000000000775
358,8,0.1,0.03400000000000046
359,1,0.1,0.08309999999999901
359,2,0.1,0.054100000000001036
359,4,0.1,0.04960000000000091
359,8,0.1,0.03260000000000042
360,1,0.1,0.08519999999999878
360,2,0.1,0.04330000000000073
360,4,0.1,0.04715000000000084
360,8,0.1,0.03515000000000049
361,1,0.1,0.10304999999999681
361,2,0.1,0.050550000000000934
361,4,0.1,0.03565000000000051
361,8,0.1,0.032750000000000425
362,1,0.1,0.08434999999999887
362,2,0.1,0.056850000000001115
362,4,0.1,0.050600000000000936
362,8,0.1,0.027950000000000287
363,1,0.1,0.08349999999999896
363,2,0.1,0.06990000000000046
363,4,0.1,0.07300000000000012
363,8,0.1,0.040400000000000644
364,1,0.1,0.11099999999999594
364,2,0.1,0.08599999999999869
364,4,0.1,0.04800000000000086
364,8,0.1,0.03675000000000054
365,1,0.1,0.07644999999999974
365,2,0.1,0.06305000000000122
365,4,0.1,0.04305000000000072
365,8,0.1,0.04305000000000072
366,1,0.1,0.07854999999999951
366,2,0.1,0.07844999999999952
366,4,0.1,0.05000000000000092
366,8,0.1,0.033450000000000445
367,1,0.1,0.07704999999999967
367,2,0.1,0.04865000000000088
367,4,0.1,0.04410000000000075
367,8,0.1,0.03820000000000058
368,1,0.1,0.0813999999999992
368,2,0.1,0.05390000000000103
368,4,0.1,0.044300000000000755
368,8,0.1,0.0320000000000004
369,1,0.1,0.07654999999999973
369,2,0.1,0.041150000000000665
369,4,0.1,0.03640000000000053
369,8,0.1,0.03285000000000043
370,1,0.1,0.08164999999999917
370,2,0.1,0.07744999999999963
370,4,0.1,0.04095000000000066
370,8,0.1,0.031050000000000376
371,1,0.1,0.0704500000000004
371,2,0.1,0.06060000000000122
371,4,0.1,0.04435000000000076
371,8,0.1,0.03360000000000045
372,1,0.1,0.08479999999999882
372,2,0.1,0.08544999999999875
372,4,0.1,0.06160000000000125
372,8,0.1,0.042200000000000695
373,1,0.1,0.101299999999997
373,2,0.1,0.07170000000000026
373,4,0.1,0.04175000000000068
373,8,0.1,0.036650000000000536
374,1,0.1,0.08424999999999888
374,2,0.1,0.08424999999999888
374,4,0.1,0.041800000000000684
374,8,0.1,0.03405000000000046
375,1,0.1,0.1076999999999963
375,2,0.1,0.05240000000000099
375,4,0.1,0.03740000000000056
375,8,0.1,0.0320000000000004
376,1,0.1,0.09104999999999813
376,2,0.1,0.07085000000000036
376,4,0.1,0.03605000000000052
376,8,0.1,0.0318500000000004
377,1,0.1,0.0714000000000003
377,2,0.1,0.04440000000000076
377,4,0.1,0.02910000000000032
377,8,0.1,0.027550000000000276
378,1,0.1,0.09029999999999822
378,2,0.1,0.04965000000000091
378,4,0.1,0.04015000000000064
378,8,0.1,0.033450000000000445
379,1,0.1,0.10054999999999709
379,2,0.1,0.09059999999999818
379,4,0.1,0.04695000000000083
379,8,0.1,0.02985000000000034
380,1,0.1,0.06355000000000116
380,2,0.1,0.043250000000000725
380,4,0.1,0.03510000000000049
380,8,0.1,0.03930000000000061
381,1,0.1,0.06220000000000127
381,2,0.1,0.04490000000000077
381,4,0.1,0.03505000000000049
381,8,0.1,0.03340000000000044
382,1,0.1,0.11929999999999502
382,2,0.1,0.06025000000000121
382,4,0.1,0.05450000000000105
382,8,0.1,0.048150000000000866
383,1,0.1,0.1049499999999966
383,2,0.1,0.05390000000000103
383,4,0.1,0.04625000000000081
383,8,0.1,0.039450000000000617
384,1,0.1,0.09979999999999717
384,2,0.1,0.07724999999999965
384,4,0.1,0.05700000000000112
384,8,0.1,0.03710000000000055
385,1,0.1,0.06380000000000113
385,2,0.1,0.05220000000000098
385,4,0.1,0.04370000000000074
385,8,0.1,0.03160000000000039
386,1,0.1,0.0858999999999987
386,2,0.1,0.04650000000000082
386,4,0.1,0.04665000000000082
386,8,0.1,0.039400000000000615
387,1,0.1,0.10639999999999644
387,2,0.1,0.057150000000001124
387,4,0.1,0.04050000000000065
387,8,0.1,0.03150000000000039
388,1,0.1,0.07604999999999978
388,2,0.1,0.061050000000001235
388,4,0.1,0.040750000000000654
388,8,0.1,0.03360000000000045
389,1,0.1,0.08929999999999833
389,2,0.1,0.11634999999999535
389,4,0.1,0.052750000000001
389,8,0.1,0.036650000000000536
390,1,0.1,0.07489999999999991
390,2,0.1,0.052800000000001
390,4,0.1,0.04805000000000086
390,8,0.1,0.02975000000000034
391,1,0.1,0.0813499999999992
391,2,0.1,0.045000000000000775
391,4,0.1,0.03755000000000056
391,8,0.1,0.029600000000000334
392,1,0.1,0.10199999999999693
392,2,0.1,0.06580000000000091
392,4,0.1,0.051950000000000975
392,8,0.1,0.03950000000000062
393,1,0.1,0.07020000000000043
393,2,0.1,0.054800000000001056
393,4,0.1,0.046400000000000816
393,8,0.1,0.03680000000000054
394,1,0.1,0.06535000000000096
394,2,0.1,0.04485000000000077
394,4,0.1,0.03015000000000035
394,8,0.1,0.0319000000000004
395,1,0.1,0.07340000000000008
395,2,0.1,0.055150000000001066
395,4,0.1,0.06530000000000097
395,8,0.1,0.04660000000000082
396,1,0.1,0.07879999999999948
396,2,0.1,0.054800000000001056
396,4,0.1,0.05745000000000113
396,8,0.1,0.03445000000000047
397,1,0.1,0.08474999999999883
397,2,0.1,0.06560000000000094
397,4,0.1,0.042150000000000694
397,8,0.1,0.03510000000000049
398,1,0.1,0.08324999999999899
398,2,0.1,0.04660000000000082
398,4,0.1,0.03980000000000063
398,8,0.1,0.02975000000000034
399,1,0.1,0.08689999999999859
399,2,0.1,0.061350000000001244
399,4,0.1,0.04820000000000087
399,8,0.1,0.03285000000000043
400,1,0.1,0.08064999999999928
400,2,0.1,0.07020000000000043
400,4,0.1,0.05105000000000095
400,8,0.1,0.034900000000000486
401,1,0.1,0.07709999999999967
401,2,0.1,0.04445000000000076
401,4,0.1,0.035950000000000516
401,8,0.1,0.027850000000000284
402,1,0.1,0.08509999999999879
402,2,0.1,0.06470000000000103
402,4,0.1,0.04015000000000064
402,8,0.1,0.031400000000000386
403,1,0.1,0.11799999999999516
403,2,0.1,0.06975000000000048
403,4,0.1,0.04760000000000085
403,8,0.1,0.033450000000000445
404,1,0.1,0.06980000000000047
404,2,0.1,0.05000000000000092
404,4,0.1,0.038750000000000596
404,8,0.1,0.03290000000000043
405,1,0.1,0.08374999999999894
405,2,0.1,0.06235000000000127
405,4,0.1,0.03425000000000047
405,8,0.1,0.03130000000000038
406,1,0.1,0.06575000000000092
406,2,0.1,0.06575000000000092
406,4,0.1,0.039350000000000614
406,8,0.1,0.032400000000000415
407,1,0.1,0.07330000000000009
407,2,0.1,0.07330000000000009
407,4,0.1,0.04055000000000065
407,8,0.1,0.03255000000000042
408,1,0.1,0.09599999999999759
408,2,0.1,0.052750000000001
408,4,0.1,0.04520000000000078
408,8,0.1,0.038650000000000594
409,1,0.1,0.07215000000000021
409,2,0.1,0.06050000000000122
409,4,0.1,0.04865000000000088
409,8,0.1,0.03445000000000047
410,1,0.1,0.13549999999999324
410,2,0.1,0.1031999999999968
410,4,0.1,0.06050000000000122
410,8,0.1,0.03745000000000056
411,1,0.1,0.09089999999999815
411,2,0.1,0.0632500000000012
411,4,0.1,0.04280000000000071
411,8,0.1,0.038400000000000586
412,1,0.1,0.08234999999999909
412,2,0.1,0.04720000000000084
412,4,0.1,0.05735000000000113
412,8,0.1,0.038700000000000595
413,1,0.1,0.0903999999999982
413,2,0.1,0.06460000000000105
413,4,0.1,0.03850000000000059
413,8,0.1,0.030000000000000346
414,1,0.1,0.07969999999999938
414,2,0.1,0.06330000000000119
414,4,0.1,0.046000000000000804
414,8,0.1,0.040750000000000654
415,1,0.1,0.08834999999999843
415,2,0.1,0.057850000000001144
415,4,0.1,0.060350000000001215
415,8,0.1,0.04690000000000083
416,1,0.1,0.09069999999999817
416,2,0.1,0.05035000000000093
416,4,0.1,0.034500000000000475
416,8,0.1,0.03085000000000037
417,1,0.1,0.10664999999999641
417,2,0.1,0.07519999999999988
417,4,0.1,0.049850000000000914
417,8,0.1,0.03790000000000057
418,1,0.1,0.08014999999999933
418,2,0.1,0.05170000000000097
418,4,0.1,0.03745000000000056
418,8,0.1,0.03220000000000041
419,1,0.1,0.07434999999999997
419,2,0.1,0.04900000000000089
419,4,0.1,0.03705000000000055
419,8,0.1,0.0423000000000007
420,1,0.1,0.1230999999999946
420,2,0.1,0.05485000000000106
420,4,0.1,0.040100000000000635
420,8,0.1,0.03375000000000045
421,1,0.1,0.1095499999999961
421,2,0.1,0.06730000000000075
421,4,0.1,0.03950000000000062
421,8,0.1,0.036250000000000525
422,1,0.1,0.0912999999999981
422,2,0.1,0.05420000000000104
422,4,0.1,0.03740000000000056
422,8,0.1,0.03320000000000044
423,1,0.1,0.1031499999999968
423,2,0.1,0.08094999999999924
423,4,0.1,0.05710000000000112
423,8,0.1,0.0354500000000005
424,1,0.1,0.10209999999999692
424,2,0.1,0.07300000000000012
424,4,0.1,0.053750000000001026
424,8,0.1,0.0355000000000005
425,1,0.1,0.1077499999999963
425,2,0.1,0.05190000000000097
425,4,0.1,0.05540000000000107
425,8,0.1,0.0424000000000007
426,1,0.1,0.07489999999999991
426,2,0.1,0.0598000000000012
426,4,0.1,0.04615000000000081
426,8,0.1,0.03370000000000045
427,1,0.1,0.07829999999999954
427,2,0.1,0.054400000000001045
427,4,0.1,0.041800000000000684
427,8,0.1,0.036250000000000525
428,1,0.1,0.0995499999999972
428,2,0.1,0.05250000000000099
428,4,0.1,0.04510000000000078
428,8,0.1,0.03565000000000051
429,1,0.1,0.10959999999999609
429,2,0.1,0.05330000000000101
429,4,0.1,0.04660000000000082
429,8,0.1,0.03010000000000035
430,1,0.1,0.10354999999999676
430,2,0.1,0.06025000000000121
430,4,0.1,0.03505000000000049
430,8,0.1,0.03020000000000035
431,1,0.1,0.0867499999999986
431,2,0.1,0.06050000000000122
431,4,0.1,0.04335000000000073
431,8,0.1,0.041450000000000674
432,1,0.1,0.08439999999999886
432,2,0.1,0.04895000000000089
432,4,0.1,0.04190000000000069
432,8,0.1,0.0388000000000006
433,1,0.1,0.09984999999999716
433,2,0.1,0.06145000000000125
433,4,0.1,0.03750000000000056
433,8,0.1,0.03125000000000038
434,1,0.1,0.06260000000000127
434,2,0.1,0.04665000000000082
434,4,0.1,0.043900000000000744
434,8,0.1,0.03020000000000035
435,1,0.1,0.07474999999999993
435,2,0.1,0.057250000000001126
435,4,0.1,0.03825000000000058
435,8,0.1,0.03575000000000051
436,1,0.1,0.1348999999999933
436,2,0.1,0.07105000000000034
436,4,0.1,0.04170000000000068
436,8,0.1,0.0319500000000004
437,1,0.1,0.12364999999999454
437,2,0.1,0.07904999999999945
437,4,0.1,0.05450000000000105
437,8,0.1,0.050200000000000924
438,1,0.1,0.08464999999999884
438,2,0.1,0.08464999999999884
438,4,0.1,0.047450000000000846
438,8,0.1,0.04210000000000069
439,1,0.1,0.08099999999999924
439,2,0.1,0.06095000000000123
439,4,0.1,0.043550000000000734
439,8,0.1,0.03575000000000051
440,1,0.1,0.0795999999999994
440,2,0.1,0.04435000000000076
440,4,0.1,0.03715000000000055
440,8,0.1,0.03155000000000039
441,1,0.1,0.08524999999999877
441,2,0.1,0.07939999999999942
441,4,0.1,0.05245000000000099
441,8,0.1,0.030400000000000357
442,1,0.1,0.10654999999999643
442,2,0.1,0.05150000000000096
442,4,0.1,0.05080000000000094
442,8,0.1,0.04280000000000071
443,1,0.1,0.09014999999999823
443,2,0.1,0.054400000000001045
443,4,0.1,0.03750000000000056
443,8,0.1,0.036600000000000535
444,1,0.1,0.07899999999999946
444,2,0.1,0.05885000000000117
444,4,0.1,0.03790000000000057
444,8,0.1,0.03845000000000059
445,1,0.1,0.06735000000000074
445,2,0.1,0.062050000000001264
445,4,0.1,0.0641000000000011
445,8,0.1,0.03215000000000041
446,1,0.1,0.07464999999999994
446,2,0.1,0.053750000000001026
446,4,0.1,0.04175000000000068
446,8,0.1,0.028550000000000304
447,1,0.1,0.09914999999999724
447,2,0.1,0.0493500000000009
447,4,0.1,0.03425000000000047
447,8,0.1,0.03160000000000039
448,1,0.1,0.06540000000000096
448,2,0.1,0.04195000000000069
448,4,0.1,0.03655000000000053
448,8,0.1,0.041500000000000675
449,1,0.1,0.12819999999999404
449,2,0.1,0.07290000000000013
449,4,0.1,0.051300000000000956
449,8,0.1,0.04000000000000063
450,1,0.1,0.09064999999999818
450,2,0.1,0.06475000000000103
450,4,0.1,0.041150000000000665
450,8,0.1,0.030350000000000356
451,1,0.1,0.0859499999999987
451,2,0.1,0.056150000000001095
451,4,0.1,0.04315000000000072
451,8,0.1,0.03295000000000043
452,1,0.1,0.09829999999999733
452,2,0.1,0.08609999999999868
452,4,0.1,0.05600000000000109
452,8,0.1,0.03045000000000036
453,1,0.1,0.08754999999999852
453,2,0.1,0.06740000000000074
453,4,0.1,0.0388500000000006
453,8,0.1,0.02975000000000034
454,1,0.1,0.1039999999999967
454,2,0.1,0.056800000000001113
454,4,0.1,0.04490000000000077
454,8,0.1,0.03515000000000049
455,1,0.1,0.10924999999999613
455,2,0.1,0.0599000000000012
455,4,0.1,0.03460000000000048
455,8,0.1,0.029600000000000334
456,1,0.1,0.07789999999999958
456,2,0.1,0.04770000000000085
456,4,0.1,0.05190000000000097
456,8,0.1,0.037000000000000546
457,1,0.1,0.09174999999999806
457,2,0.1,0.057950000000001146
457,4,0.1,0.045000000000000775
457,8,0.1,0.035200000000000495
458,1,0.1,0.09344999999999787
458,2,0.1,0.05315000000000101
458,4,0.1,0.03565000000000051
458,8,0.1,0.02810000000000029
459,1,0.1,0.11084999999999595
459,2,0.1,0.049500000000000904
459,4,0.1,0.04855000000000088
459,8,0.1,0.03495000000000049
460,1,0.1,0.0641000000000011
460,2,0.1,0.058300000000001156
460,4,0.1,0.04560000000000079
460,8,0.1,0.03080000000000037
461,1,0.1,0.06965000000000049
461,2,0.1,0.048850000000000886
461,4,0.1,0.038650000000000594
461,8,0.1,0.04100000000000066
462,1,0.1,0.08714999999999856
462,2,0.1,0.08349999999999896
462,4,0.1,0.06280000000000124
462,8,0.1,0.04610000000000081
463,1,0.1,0.08164999999999917
463,2,0.1,0.06200000000000126
463,4,0.1,0.040800000000000655
463,8,0.1,0.04105000000000066
464,1,0.1,0.07340000000000008
464,2,0.1,0.04455000000000076
464,4,0.1,0.045350000000000786
464,8,0.1,0.03120000000000038
465,1,0.1,0.09634999999999755
465,2,0.1,0.059600000000001194
465,4,0.1,0.04485000000000077
465,8,0.1,0.03755000000000056
466,1,0.1,0.09154999999999808
466,2,0.1,0.06555000000000094
466,4,0.1,0.039450000000000617
466,8,0.1,0.04800000000000086
467,1,0.1,0.07524999999999987
467,2,0.1,0.057950000000001146
467,4,0.1,0.03360000000000045
467,8,0.1,0.031400000000000386
468,1,0.1,0.08479999999999882
468,2,0.1,0.06160000000000125
468,4,0.1,0.0389500000000006
468,8,0.1,0.03260000000000042
469,1,0.1,0.08369999999999894
469,2,0.1,0.061350000000001244
469,4,0.1,0.0388000000000006
469,8,0.1,0.030050000000000347
470,1,0.1,0.07000000000000045
470,2,0.1,0.0777499999999996
470,4,0.1,0.05325000000000101
470,8,0.1,0.04350000000000073
471,1,0.1,0.07914999999999944
471,2,0.1,0.04090000000000066
471,4,0.1,0.03430000000000047
471,8,0.1,0.0493500000000009
472,1,0.1,0.07714999999999966
472,2,0.1,0.07714999999999966
472,4,0.1,0.04835000000000087
472,8,0.1,0.04375000000000074
473,1,0.1,0.1131499999999957
473,2,0.1,0.05915000000000118
473,4,0.1,0.04295000000000072
473,8,0.1,0.037350000000000556
474,1,0.1,0.11524999999999547
474,2,0.1,0.06080000000000123
474,4,0.1,0.038050000000000576
474,8,0.1,0.03980000000000063
475,1,0.1,0.08999999999999825
475,2,0.1,0.05155000000000096
475,4,0.1,0.04125000000000067
475,8,0.1,0.037000000000000546
476,1,0.1,0.10554999999999654
476,2,0.1,0.05540000000000107
476,4,0.1,0.03680000000000054
476,8,0.1,0.028500000000000303
477,1,0.1,0.08914999999999834
477,2,0.1,0.05605000000000109
477,4,0.1,0.048500000000000876
477,8,0.1,0.0388000000000006
478,1,0.1,0.11114999999999592
478,2,0.1,0.06345000000000117
478,4,0.1,0.04520000000000078
478,8,0.1,0.03265000000000042
479,1,0.1,0.0985999999999973
479,2,0.1,0.0599000000000012
479,4,0.1,0.04645000000000082
479,8,0.1,0.03505000000000049
480,1,0.1,0.0741
480,2,0.1,0.06645000000000084
480,4,0.1,0.038400000000000586
480,8,0.1,0.03825000000000058
481,1,0.1,0.09834999999999733
481,2,0.1,0.06455000000000105
481,4,0.1,0.04295000000000072
481,8,0.1,0.036900000000000543
482,1,0.1,0.07215000000000021
482,2,0.1,0.053750000000001026
482,4,0.1,0.039700000000000624
482,8,0.1,0.02940000000000033
483,1,0.1,0.054750000000001055
483,2,0.1,0.04105000000000066
483,4,0.1,0.040100000000000635
483,8,0.1,0.03375000000000045
484,1,0.1,0.0732000000000001
484,2,0.1,0.06580000000000091
484,4,0.1,0.05810000000000115
484,8,0.1,0.035900000000000515
485,1,0.1,0.1076499999999963
485,2,0.1,0.06265000000000126
485,4,0.1,0.04200000000000069
485,8,0.1,0.04050000000000065
486,1,0.1,0.11464999999999553
486,2,0.1,0.09794999999999737
486,4,0.1,0.050200000000000924
486,8,0.1,0.035950000000000516
487,1,0.1,0.07165000000000027
487,2,0.1,0.06150000000000125
487,4,0.1,0.03990000000000063
487,8,0.1,0.047450000000000846
488,1,0.1,0.08114999999999922
488,2,0.1,0.04505000000000078
488,4,0.1,0.04190000000000069
488,8,0.1,0.03620000000000052
489,1,0.1,0.0849499999999988
489,2,0.1,0.04455000000000076
489,4,0.1,0.04090000000000066
489,8,0.1,0.0353500000000005
490,1,0.1,0.09849999999999731
490,2,0.1,0.07559999999999983
490,4,0.1,0.04310000000000072
490,8,0.1,0.04055000000000065
491,1,0.1,0.083149999999999
491,2,0.1,0.06005000000000121
491,4,0.1,0.06605000000000089
491,8,0.1,0.04015000000000064
492,1,0.1,0.06885000000000058
492,2,0.1,0.06620000000000087
492,4,0.1,0.04380000000000074
492,8,0.1,0.041150000000000665
493,1,0.1,0.1085999999999962
493,2,0.1,0.05600000000000109
493,4,0.1,0.04680000000000083
493,8,0.1,0.03400000000000046
494,1,0.1,0.09884999999999727
494,2,0.1,0.06125000000000124
494,4,0.1,0.04960000000000091
494,8,0.1,0.04030000000000064
495,1,0.1,0.07489999999999991
495,2,0.1,0.06365000000000115
495,4,0.1,0.047400000000000844
495,8,0.1,0.04060000000000065
496,1,0.1,0.07365000000000005
496,2,0.1,0.06165000000000125
496,4,0.1,0.04750000000000085
496,8,0.1,0.041800000000000684
497,1,0.1,0.10349999999999676
497,2,0.1,0.07125000000000031
497,4,0.1,0.036650000000000536
497,8,0.1,0.03375000000000045
498,1,0.1,0.07694999999999969
498,2,0.1,0.05530000000000107
498,4,0.1,0.035950000000000516
498,8,0.1,0.028900000000000314
499,1,0.1,0.09259999999999796
499,2,0.1,0.048800000000000884
499,4,0.1,0.0424000000000007
499,8,0.1,0.037700000000000566
500,1,0.1,0.12819999999999404
500,2,0.1,0.09049999999999819
500,4,0.1,0.04510000000000078
500,8,0.1,0.03565000000000051
501,1,0.1,0.08119999999999922
501,2,0.1,0.06180000000000126
501,4,0.1,0.04350000000000073
501,8,0.1,0.030400000000000357
502,1,0.1,0.1222499999999947
502,2,0.1,0.06125000000000124
502,4,0.1,0.0458000000000008
502,8,0.1,0.037350000000000556
503,1,0.1,0.11049999999999599
503,2,0.1,0.08874999999999839
503,4,0.1,0.048450000000000874
503,8,0.1,0.03670000000000054
504,1,0.1,0.08244999999999908
504,2,0.1,0.0686000000000006
504,4,0.1,0.03475000000000048
504,8,0.1,0.029350000000000327
505,1,0.1,0.06830000000000064
505,2,0.1,0.06830000000000064
505,4,0.1,0.038050000000000576
505,8,0.1,0.042150000000000694
506,1,0.1,0.07634999999999975
506,2,0.1,0.06905000000000056
506,4,0.1,0.04330000000000073
506,8,0.1,0.03270000000000042
507,1,0.1,0.09174999999999806
507,2,0.1,0.06005000000000121
507,4,0.1,0.045650000000000794
507,8,0.1,0.04415000000000075
508,1,0.1,0.11659999999999532
508,2,0.1,0.08729999999999855
508,4,0.1,0.057950000000001146
508,8,0.1,0.04905000000000089
509,1,0.1,0.09914999999999724
509,2,0.1,0.06015000000000121
509,4,0.1,0.04365000000000074
509,8,0.1,0.04330000000000073
510,1,0.1,0.07175000000000026
510,2,0.1,0.04200000000000069
510,4,0.1,0.04665000000000082
510,8,0.1,0.04275000000000071
511,1,0.1,0.0767999999999997
511,2,0.1,0.04330000000000073
511,4,0.1,0.0494000000000009
511,8,0.1,0.03755000000000056
512,1,0.1,0.06925000000000053
512,2,0.1,0.051250000000000955
512,4,0.1,0.0423500000000007
512,8,0.1,0.05075000000000094
513,1,0.1,0.06670000000000081
513,2,0.1,0.05085000000000094
513,4,0.1,0.05085000000000094
513,8,0.1,0.03410000000000046
514,1,0.1,0.05675000000000111
514,2,0.1,0.048100000000000864
514,4,0.1,0.04070000000000065
514,8,0.1,0.030950000000000373
515,1,0.1,0.10339999999999677
515,2,0.1,0.060000000000001205
515,4,0.1,0.041800000000000684
515,8,0.1,0.030250000000000353
516,1,0.1,0.0876499999999985
516,2,0.1,0.06885000000000058
516,4,0.1,0.055800000000001085
516,8,0.1,0.04065000000000065
517,1,0.1,0.09904999999999725
517,2,0.1,0.06165000000000125
517,4,0.1,0.0458500000000008
517,8,0.1,0.03810000000000058
518,1,0.1,0.08479999999999882
518,2,0.1,0.047750000000000854
518,4,0.1,0.040800000000000655
518,8,0.1,0.03855000000000059
519,1,0.1,0.10444999999999666
519,2,0.1,0.06455000000000105
519,4,0.1,0.03965000000000062
519,8,0.1,0.02875000000000031
520,1,0.1,0.11364999999999564
520,2,0.1,0.06890000000000057
520,4,0.1,0.041800000000000684
520,8,0.1,0.033100000000000435
521,1,0.1,0.07010000000000044
521,2,0.1,0.06055000000000122
521,4,0.1,0.05360000000000102
521,8,0.1,0.032750000000000425
522,1,0.1,0.08474999999999883
522,2,0.1,0.044300000000000755
522,4,0.1,0.034500000000000475
522,8,0.1,0.03270000000000042
523,1,0.1,0.06470000000000103
523,2,0.1,0.036900000000000543
523,4,0.1,0.03855000000000059
523,8,0.1,0.037350000000000556
524,1,0.1,0.08014999999999933
524,2,0.1,0.05205000000000098
524,4,0.1,0.035250000000000496
524,8,0.1,0.03775000000000057
525,1,0.1,0.06670000000000081
525,2,0.1,0.04370000000000074
525,4,0.1,0.04035000000000064
525,8,0.1,0.030300000000000354
526,1,0.1,0.08699999999999858
526,2,0.1,0.06310000000000121
526,4,0.1,0.05245000000000099
526,8,0.1,0.0494000000000009
527,1,0.1,0.07155000000000028
527,2,0.1,0.04795000000000086
527,4,0.1,0.03810000000000058
527,8,0.1,0.0320000000000004
528,1,0.1,0.07724999999999965
528,2,0.1,0.07724999999999965
528,4,0.1,0.056900000000001116
528,8,0.1,0.06880000000000058
529,1,0.1,0.08239999999999909
529,2,0.1,0.052700000000000996
529,4,0.1,0.044650000000000765
529,8,0.1,0.0284500000000003
530,1,0.1,0.06150000000000125
530,2,0.1,0.04340000000000073
530,4,0.1,0.0389000000000006
530,8,0.1,0.03085000000000037
531,1,0.1,0.09834999999999733
531,2,0.1,0.07444999999999996
531,4,0.1,0.036250000000000525
531,8,0.1,0.03955000000000062
532,1,0.1,0.09849999999999731
532,2,0.1,0.052350000000000986
532,4,0.1,0.0389500000000006
532,8,0.1,0.03225000000000041
533,1,0.1,0.06475000000000103
533,2,0.1,0.05840000000000116
533,4,0.1,0.047450000000000846
533,8,0.1,0.031400000000000386
534,1,0.1,0.07879999999999948
534,2,0.1,0.042850000000000714
534,4,0.1,0.03925000000000061
534,8,0.1,0.02980000000000034
535,1,0.1,0.06875000000000059
535,2,0.1,0.047050000000000834
535,4,0.1,0.04020000000000064
535,8,0.1,0.033850000000000456
536,1,0.1,0.08579999999999871
536,2,0.1,0.04795000000000086
536,4,0.1,0.03610000000000052
536,8,0.1,0.03610000000000052
537,1,0.1,0.08059999999999928
537,2,0.1,0.04700000000000083
537,4,0.1,0.041850000000000685
537,8,0.1,0.0319000000000004
538,1,0.1,0.06305000000000122
538,2,0.1,0.06470000000000103
538,4,0.1,0.04630000000000081
538,8,0.1,0.0459500000000008
539,1,0.1,0.08289999999999903
539,2,0.1,0.05870000000000117
539,4,0.1,0.05250000000000099
539,8,0.1,0.043200000000000724
540,1,0.1,0.08344999999999897
540,2,0.1,0.05505000000000106
540,4,0.1,0.03985000000000063
540,8,0.1,0.03160000000000039
541,1,0.1,0.08164999999999917
541,2,0.1,0.04965000000000091
541,4,0.1,0.03965000000000062
541,8,0.1,0.02980000000000034
542,1,0.1,0.10729999999999634
542,2,0.1,0.061750000000001255
542,4,0.1,0.04610000000000081
542,8,0.1,0.03820000000000058
543,1,0.1,0.09254999999999797
543,2,0.1,0.04210000000000069
543,4,0.1,0.03585000000000051
543,8,0.1,0.03055000000000036
544,1,0.1,0.07075000000000037
544,2,0.1,0.06265000000000126
544,4,0.1,0.037000000000000546
544,8,0.1,0.04085000000000066
545,1,0.1,0.12644999999999423
545,2,0.1,0.0849499999999988
545,4,0.1,0.058200000000001154
545,8,0.1,0.04515000000000078
546,1,0.1,0.07714999999999966
546,2,0.1,0.04540000000000079
546,4,0.1,0.040750000000000654
546,8,0.1,0.033100000000000435
547,1,0.1,0.06515000000000098
547,2,0.1,0.06010000000000121
547,4,0.1,0.05430000000000104
547,8,0.1,0.03125000000000038
548,1,0.1,0.07110000000000033
548,2,0.1,0.06520000000000098
548,4,0.1,0.03580000000000051
548,8,0.1,0.03230000000000041
549,1,0.1,0.07439999999999997
549,2,0.1,0.06605000000000089
549,4,0.1,0.047450000000000846
549,8,0.1,0.03435000000000047
550,1,0.1,0.06750000000000073
550,2,0.1,0.05385000000000103
550,4,0.1,0.039100000000000606
550,8,0.1,0.02980000000000034
551,1,0.1,0.1321499999999936
551,2,0.1,0.07350000000000007
551,4,0.1,0.05700000000000112
551,8,0.1,0.030950000000000373
552,1,0.1,0.10149999999999698
552,2,0.1,0.052650000000000995
552,4,0.1,0.038750000000000596
552,8,0.1,0.03020000000000035
553,1,0.1,0.09744999999999743
553,2,0.1,0.05465000000000105
553,4,0.1,0.03465000000000048
553,8,0.1,0.031700000000000395
554,1,0.1,0.12099999999999483
554,2,0.1,0.06435000000000107
554,4,0.1,0.03930000000000061
554,8,0.1,0.0424500000000007
555,1,0.1,0.1440999999999923
555,2,0.1,0.0940499999999978
555,4,0.1,0.04545000000000079
555,8,0.1,0.03085000000000037
556,1,0.1,0.08729999999999855
556,2,0.1,0.06345000000000117
556,4,0.1,0.0494500000000009
556,8,0.1,0.04140000000000067
557,1,0.1,0.0904499999999982
557,2,0.1,0.09839999999999732
557,4,0.1,0.05495000000000106
557,8,0.1,0.031350000000000385
558,1,0.1,0.08399999999999891
558,2,0.1,0.10889999999999617
558,4,0.1,0.07779999999999959
558,8,0.1,0.038050000000000576
559,1,0.1,0.11809999999999515
559,2,0.1,0.07035000000000041
559,4,0.1,0.038050000000000576
559,8,0.1,0.04085000000000066
560,1,0.1,0.09529999999999766
560,2,0.1,0.0758499999999998
560,4,0.1,0.03815000000000058
560,8,0.1,0.029300000000000326
561,1,0.1,0.08214999999999911
561,2,0.1,0.058950000000001175
561,4,0.1,0.04475000000000077
561,8,0.1,0.03925000000000061
562,1,0.1,0.09034999999999821
562,2,0.1,0.0686500000000006
562,4,0.1,0.03860000000000059
562,8,0.1,0.03480000000000048
563,1,0.1,0.1275999999999941
563,2,0.1,0.0967999999999975
563,4,0.1,0.04790000000000086
563,8,0.1,0.03470000000000048
564,1,0.1,0.09064999999999818
564,2,0.1,0.06530000000000097
564,4,0.1,0.04155000000000068
564,8,0.1,0.03635000000000053
565,1,0.1,0.07195000000000024
565,2,0.1,0.04420000000000075
565,4,0.1,0.03260000000000042
565,8,0.1,0.029650000000000336
566,1,0.1,0.09209999999999802
566,2,0.1,0.0493000000000009
566,4,0.1,0.041800000000000684
566,8,0.1,0.039400000000000615
567,1,0.1,0.06560000000000094
567,2,0.1,0.03985000000000063
567,4,0.1,0.03820000000000058
567,8,0.1,0.035600000000000506
568,1,0.1,0.09894999999999726
568,2,0.1,0.05610000000000109
568,4,0.1,0.03720000000000055
568,8,0.1,0.03645000000000053
569,1,0.1,0.07639999999999975
569,2,0.1,0.04555000000000079
569,4,0.1,0.038400000000000586
569,8,0.1,0.034550000000000476
570,1,0.1,0.10274999999999684
570,2,0.1,0.04835000000000087
570,4,0.1,0.04090000000000066
570,8,0.1,0.03655000000000053
571,1,0.1,0.0803999999999993
571,2,0.1,0.06040000000000122
571,4,0.1,0.03515000000000049
571,8,0.1,0.04490000000000077
572,1,0.1,0.08699999999999858
572,2,0.1,0.046400000000000816
572,4,0.1,0.03375000000000045
572,8,0.1,0.028950000000000316
573,1,0.1,0.09324999999999789
573,2,0.1,0.059350000000001187
573,4,0.1,0.03670000000000054
573,8,0.1,0.03320000000000044
574,1,0.1,0.10239999999999688
574,2,0.1,0.061700000000001254
574,4,0.1,0.04820000000000087
574,8,0.1,0.03965000000000062
575,1,0.1,0.07539999999999986
575,2,0.1,0.049900000000000916
575,4,0.1,0.03160000000000039
575,8,0.1,0.03390000000000046
576,1,0.1,0.06585000000000091
576,2,0.1,0.05330000000000101
576,4,0.1,0.03810000000000058
576,8,0.1,0.03930000000000061
577,1,0.1,0.1076999999999963
577,2,0.1,0.056500000000001105
577,4,0.1,0.03775000000000057
577,8,0.1,0.03225000000000041
578,1,0.1,0.07884999999999948
578,2,0.1,0.04615000000000081
578,4,0.1,0.037700000000000566
578,8,0.1,0.039400000000000615
579,1,0.1,0.08179999999999915
579,2,0.1,0.058250000000001155
579,4,0.1,0.03790000000000057
579,8,0.1,0.03015000000000035
580,1,0.1,0.07929999999999943
580,2,0.1,0.06270000000000125
580,4,0.1,0.040800000000000655
580,8,0.1,0.03155000000000039
581,1,0.1,0.08069999999999927
581,2,0.1,0.054400000000001045
581,4,0.1,0.05215000000000098
581,8,0.1,0.03575000000000051
582,1,0.1,0.07969999999999938
582,2,0.1,0.050900000000000944
582,4,0.1,0.05710000000000112
582,8,0.1,0.049500000000000904
583,1,0.1,0.1249999999999944
583,2,0.1,0.07055000000000039
583,4,0.1,0.049150000000000894
583,8,0.1,0.03425000000000047
584,1,0.1,0.08309999999999901
584,2,0.1,0.0795999999999994
584,4,0.1,0.048100000000000864
584,8,0.1,0.0389500000000006
585,1,0.1,0.07979999999999937
585,2,0.1,0.06425000000000108
585,4,0.1,0.0388500000000006
585,8,0.1,0.03620000000000052
586,1,0.1,0.06295000000000123
586,2,0.1,0.051300000000000956
586,4,0.1,0.046350000000000814
586,8,0.1,0.035250000000000496
587,1,0.1,0.07554999999999984
587,2,0.1,0.046400000000000816
587,4,0.1,0.03995000000000063
587,8,0.1,0.0320000000000004
588,1,0.1,0.07869999999999949
588,2,0.1,0.051250000000000955
588,4,0.1,0.04960000000000091
588,8,0.1,0.03920000000000061
589,1,0.1,0.060700000000001225
589,2,0.1,0.045650000000000794
589,4,0.1,0.042550000000000705
589,8,0.1,0.033500000000000446
590,1,0.1,0.05600000000000109
590,2,0.1,0.04770000000000085
590,4,0.1,0.03925000000000061
590,8,0.1,0.03365000000000045
591,1,0.1,0.07734999999999964
591,2,0.1,0.06350000000000117
591,4,0.1,0.03445000000000047
591,8,0.1,0.03260000000000042
592,1,0.1,0.08449999999999885
592,2,0.1,0.04715000000000084
592,4,0.1,0.04645000000000082
592,8,0.1,0.03580000000000051
593,1,0.1,0.08164999999999917
593,2,0.1,0.052900000000001
593,4,0.1,0.03845000000000059
593,8,0.1,0.03680000000000054
594,1,0.1,0.11659999999999532
594,2,0.1,0.05665000000000111
594,4,0.1,0.04105000000000066
594,8,0.1,0.03680000000000054
595,1,0.1,0.10974999999999607
595,2,0.1,0.06195000000000126
595,4,0.1,0.049150000000000894
595,8,0.1,0.03780000000000057
596,1,0.1,0.07824999999999954
596,2,0.1,0.06345000000000117
596,4,0.1,0.041100000000000664
596,8,0.1,0.031750000000000396
597,1,0.1,0.10729999999999634
597,2,0.1,0.05660000000000111
597,4,0.1,0.05660000000000111
597,8,0.1,0.04300000000000072
598,1,0.1,0.0949999999999977
598,2,0.1,0.05045000000000093
598,4,0.1,0.041150000000000665
598,8,0.1,0.030700000000000366
599,1,0.1,0.07749999999999962
599,2,0.1,0.057850000000001144
599,4,0.1,0.04380000000000074
599,8,0.1,0.03335000000000044
600,1,0.1,0.06765000000000071
600,2,0.1,0.06385000000000113
600,4,0.1,0.04520000000000078
600,8,0.1,0.037950000000000574
601,1,0.1,0.0758499999999998
601,2,0.1,0.06475000000000103
601,4,0.1,0.04965000000000091
601,8,0.1,0.040050000000000634
602,1,0.1,0.10759999999999631
602,2,0.1,0.05555000000000108
602,4,0.1,0.06430000000000108
602,8,0.1,0.03750000000000056
603,1,0.1,0.11999999999999494
603,2,0.1,0.07160000000000027
603,4,0.1,0.050250000000000926
603,8,0.1,0.04270000000000071
604,1,0.1,0.0967499999999975
604,2,0.1,0.06385000000000113
604,4,0.1,0.04610000000000081
604,8,0.1,0.03355000000000045
605,1,0.1,0.10504999999999659
605,2,0.1,0.06085000000000123
605,4,0.1,0.0423000000000007
605,8,0.1,0.03915000000000061
606,1,0.1,0.06655000000000083
606,2,0.1,0.06420000000000109
606,4,0.1,0.039400000000000615
606,8,0.1,0.03480000000000048
607,1,0.1,0.08219999999999911
607,2,0.1,0.08219999999999911
607,4,0.1,0.04820000000000087
607,8,0.1,0.03620000000000052
608,1,0.1,0.09104999999999813
608,2,0.1,0.0564500000000011
608,4,0.1,0.04720000000000084
608,8,0.1,0.04540000000000079
609,1,0.1,0.08349999999999896
609,2,0.1,0.045000000000000775
609,4,0.1,0.03645000000000053
609,8,0.1,0.030600000000000363
610,1,0.1,0.10014999999999713
610,2,0.1,0.05345000000000102
610,4,0.1,0.0458000000000008
610,8,0.1,0.045350000000000786
611,1,0.1,0.07200000000000023
611,2,0.1,0.05140000000000096
611,4,0.1,0.03635000000000053
611,8,0.1,0.02940000000000033
612,1,0.1,0.08629999999999866
612,2,0.1,0.07240000000000019
612,4,0.1,0.04380000000000074
612,8,0.1,0.03745000000000056
613,1,0.1,0.08574999999999872
613,2,0.1,0.05675000000000111
613,4,0.1,0.04970000000000091
613,8,0.1,0.03635000000000053
614,1,0.1,0.06605000000000089
614,2,0.1,0.050900000000000944
614,4,0.1,0.04690000000000083
614,8,0.1,0.028650000000000307
615,1,0.1,0.08729999999999855
615,2,0.1,0.04735000000000084
615,4,0.1,0.040050000000000634
615,8,0.1,0.04690000000000083
616,1,0.1,0.09214999999999801
616,2,0.1,0.09214999999999801
616,4,0.1,0.07994999999999935
616,8,0.1,0.04555000000000079
617,1,0.1,0.08559999999999873
617,2,0.1,0.062100000000001265
617,4,0.1,0.047450000000000846
617,8,0.1,0.037600000000000564
618,1,0.1,0.09269999999999795
618,2,0.1,0.05365000000000102
618,4,0.1,0.058550000000001164
618,8,0.1,0.03510000000000049
619,1,0.1,0.09014999999999823
619,2,0.1,0.058900000000001174
619,4,0.1,0.05205000000000098
619,8,0.1,0.03965000000000062
620,1,0.1,0.0714000000000003
620,2,0.1,0.04630000000000081
620,4,0.1,0.03740000000000056
620,8,0.1,0.03465000000000048
621,1,0.1,0.10534999999999656
621,2,0.1,0.05485000000000106
621,4,0.1,0.0354000000000005
621,8,0.1,0.03645000000000053
622,1,0.1,0.10664999999999641
622,2,0.1,0.07724999999999965
622,4,0.1,0.06555000000000094
622,8,0.1,0.038350000000000585
623,1,0.1,0.08854999999999841
623,2,0.1,0.06715000000000076
623,4,0.1,0.03755000000000056
623,8,0.1,0.02975000000000034
624,1,0.1,0.05955000000000119
624,2,0.1,0.05955000000000119
624,4,0.1,0.04545000000000079
624,8,0.1,0.03440000000000047
625,1,0.1,0.1149499999999955
625,2,0.1,0.053400000000001016
625,4,0.1,0.06125000000000124
625,8,0.1,0.0353000000000005
626,1,0.1,0.1157999999999954
626,2,0.1,0.06850000000000062
626,4,0.1,0.03815000000000058
626,8,0.1,0.03015000000000035
627,1,0.1,0.0686500000000006
627,2,0.1,0.06180000000000126
627,4,0.1,0.03775000000000057
627,8,0.1,0.031100000000000377
628,1,0.1,0.11519999999999547
628,2,0.1,0.04735000000000084
628,4,0.1,0.03715000000000055
628,8,0.1,0.03715000000000055
629,1,0.1,0.09749999999999742
629,2,0.1,0.058950000000001175
629,4,0.1,0.03655000000000053
629,8,0.1,0.03365000000000045
630,1,0.1,0.07644999999999974
630,2,0.1,0.049200000000000896
630,4,0.1,0.03825000000000058
630,8,0.1,0.04060000000000065
631,1,0.1,0.15974999999999057
631,2,0.1,0.08009999999999934
631,4,0.1,0.04260000000000071
631,8,0.1,0.047100000000000836
632,1,0.1,0.12459999999999444
632,2,0.1,0.0494500000000009
632,4,0.1,0.04875000000000088
632,8,0.1,0.03920000000000061
633,1,0.1,0.10414999999999669
633,2,0.1,0.05575000000000108
633,4,0.1,0.04820000000000087
633,8,0.1,0.04200000000000069
634,1,0.1,0.07070000000000037
634,2,0.1,0.04795000000000086
634,4,0.1,0.048150000000000866
634,8,0.1,0.03480000000000048
635,1,0.1,0.07210000000000022
635,2,0.1,0.060650000000001224
635,4,0.1,0.03615000000000052
635,8,0.1,0.04200000000000069
636,1,0.1,0.1185999999999951
636,2,0.1,0.049500000000000904
636,4,0.1,0.04155000000000068
636,8,0.1,0.03635000000000053
637,1,0.1,0.0867999999999986
637,2,0.1,0.07649999999999973
637,4,0.1,0.04660000000000082
637,8,0.1,0.03685000000000054
638,1,0.1,0.08789999999999848
638,2,0.1,0.0794999999999994
638,4,0.1,0.05075000000000094
638,8,0.1,0.03360000000000045
639,1,0.1,0.0822499999999991
639,2,0.1,0.048850000000000886
639,4,0.1,0.03435000000000047
639,8,0.1,0.028200000000000294
640,1,0.1,0.12659999999999422
640,2,0.1,0.061050000000001235
640,4,0.1,0.04900000000000089
640,8,0.1,0.02915000000000032
641,1,0.1,0.09359999999999785
641,2,0.1,0.07909999999999945
641,4,0.1,0.04415000000000075
641,8,0.1,0.03685000000000054
642,1,0.1,0.07734999999999964
642,2,0.1,0.054450000000001046
642,4,0.1,0.03755000000000056
642,8,0.1,0.032400000000000415
643,1,0.1,0.06650000000000084
643,2,0.1,0.03575000000000051
643,4,0.1,0.03495000000000049
643,8,0.1,0.03495000000000049
644,1,0.1,0.10924999999999613
644,2,0.1,0.05710000000000112
644,4,0.1,0.04335000000000073
644,8,0.1,0.052850000000001
645,1,0.1,0.0940499999999978
645,2,0.1,0.048800000000000884
645,4,0.1,0.043550000000000734
645,8,0.1,0.037300000000000555
646,1,0.1,0.08354999999999896
646,2,0.1,0.04825000000000087
646,4,0.1,0.03460000000000048
646,8,0.1,0.033450000000000445
647,1,0.1,0.10549999999999654
647,2,0.1,0.07365000000000005
647,4,0.1,0.044250000000000754
647,8,0.1,0.03920000000000061
648,1,0.1,0.09669999999999751
648,2,0.1,0.04695000000000083
648,4,0.1,0.03460000000000048
648,8,0.1,0.03950000000000062
649,1,0.1,0.09794999999999737
649,2,0.1,0.051600000000000965
649,4,0.1,0.03915000000000061
649,8,0.1,0.03375000000000045
650,1,0.1,0.10244999999999688
650,2,0.1,0.056900000000001116
650,4,0.1,0.043250000000000725
650,8,0.1,0.038000000000000575
651,1,0.1,0.09484999999999771
651,2,0.1,0.09484999999999771
651,4,0.1,0.06250000000000128
651,8,0.1,0.04375000000000074
652,1,0.1,0.09214999999999801
652,2,0.1,0.052350000000000986
652,4,0.1,0.042900000000000715
652,8,0.1,0.028650000000000307
653,1,0.1,0.08034999999999931
653,2,0.1,0.07644999999999974
653,4,0.1,0.07644999999999974
653,8,0.1,0.03960000000000062
654,1,0.1,0.0564000000000011
654,2,0.1,0.04855000000000088
654,4,0.1,0.042850000000000714
654,8,0.1,0.0354500000000005
655,1,0.1,0.0985999999999973
655,2,0.1,0.05115000000000095
655,4,0.1,0.04645000000000082
655,8,0.1,0.033150000000000436
656,1,0.1,0.09959999999999719
656,2,0.1,0.04855000000000088
656,4,0.1,0.0422500000000007
656,8,0.1,0.03250000000000042
657,1,0.1,0.07479999999999992
657,2,0.1,0.06525000000000097
657,4,0.1,0.04525000000000078
657,8,0.1,0.03960000000000062
658,1,0.1,0.07779999999999959
658,2,0.1,0.0563000000000011
658,4,0.1,0.04765000000000085
658,8,0.1,0.04685000000000083
659,1,0.1,0.11449999999999555
659,2,0.1,0.07714999999999966
659,4,0.1,0.03675000000000054
659,8,0.1,0.033850000000000456
660,1,0.1,0.10539999999999655
660,2,0.1,0.06010000000000121
660,4,0.1,0.03615000000000052
660,8,0.1,0.037250000000000554
661,1,0.1,0.07010000000000044
661,2,0.1,0.057200000000001125
661,4,0.1,0.04515000000000078
661,8,0.1,0.03750000000000056
662,1,0.1,0.08829999999999844
662,2,0.1,0.05250000000000099
662,4,0.1,0.044600000000000764
662,8,0.1,0.039350000000000614
663,1,0.1,0.09664999999999752
663,2,0.1,0.05255000000000099
663,4,0.1,0.04515000000000078
663,8,0.1,0.036600000000000535
664,1,0.1,0.10369999999999674
664,2,0.1,0.05135000000000096
664,4,0.1,0.03960000000000062
664,8,0.1,0.035200000000000495
665,1,0.1,0.06620000000000087
665,2,0.1,0.05885000000000117
665,4,0.1,0.044600000000000764
665,8,0.1,0.03125000000000038
666,1,0.1,0.08814999999999845
666,2,0.1,0.05190000000000097
666,4,0.1,0.0423500000000007
666,8,0.1,0.03475000000000048
667,1,0.1,0.08399999999999891
667,2,0.1,0.041800000000000684
667,4,0.1,0.04655000000000082
667,8,0.1,0.03370000000000045
668,1,0.1,0.09469999999999773
668,2,0.1,0.0677500000000007
668,4,0.1,0.042550000000000705
668,8,0.1,0.044950000000000774
669,1,0.1,0.07539999999999986
669,2,0.1,0.056500000000001105
669,4,0.1,0.05175000000000097
669,8,0.1,0.03705000000000055
670,1,0.1,0.08279999999999904
670,2,0.1,0.054450000000001046
670,4,0.1,0.037250000000000554
670,8,0.1,0.03150000000000039
671,1,0.1,0.06605000000000089
671,2,0.1,0.06460000000000105
671,4,0.1,0.04330000000000073
671,8,0.1,0.042550000000000705
672,1,0.1,0.07879999999999948
672,2,0.1,0.054050000000001035
672,4,0.1,0.04190000000000069
672,8,0.1,0.03370000000000045
673,1,0.1,0.06565000000000093
673,2,0.1,0.0722500000000002
673,4,0.1,0.04330000000000073
673,8,0.1,0.034200000000000466
674,1,0.1,0.09749999999999742
674,2,0.1,0.06420000000000109
674,4,0.1,0.05065000000000094
674,8,0.1,0.04160000000000068
675,1,0.1,0.0895499999999983
675,2,0.1,0.05325000000000101
675,4,0.1,0.03600000000000052
675,8,0.1,0.02975000000000034
676,1,0.1,0.07844999999999952
676,2,0.1,0.07884999999999948
676,4,0.1,0.046700000000000824
676,8,0.1,0.03430000000000047
677,1,0.1,0.10139999999999699
677,2,0.1,0.05210000000000098
677,4,0.1,0.041500000000000675
677,8,0.1,0.03570000000000051
678,1,0.1,0.11459999999999554
678,2,0.1,0.055150000000001066
678,4,0.1,0.04170000000000068
678,8,0.1,0.03655000000000053
679,1,0.1,0.06375000000000114
679,2,0.1,0.06375000000000114
679,4,0.1,0.04370000000000074
679,8,0.1,0.04365000000000074
680,1,0.1,0.07674999999999971
680,2,0.1,0.05355000000000102
680,4,0.1,0.044600000000000764
680,8,0.1,0.03715000000000055
681,1,0.1,0.08989999999999826
681,2,0.1,0.05365000000000102
681,4,0.1,0.041150000000000665
681,8,0.1,0.03615000000000052
682,1,0.1,0.13449999999999335
682,2,0.1,0.08899999999999836
682,4,0.1,0.06155000000000125
682,8,0.1,0.05045000000000093
683,1,0.1,0.06660000000000083
683,2,0.1,0.05135000000000096
683,4,0.1,0.038050000000000576
683,8,0.1,0.02875000000000031
684,1,0.1,0.09659999999999752
684,2,0.1,0.08264999999999906
684,4,0.1,0.04160000000000068
684,8,0.1,0.042550000000000705
685,1,0.1,0.10619999999999646
685,2,0.1,0.0722500000000002
685,4,0.1,0.04100000000000066
685,8,0.1,0.038050000000000576
686,1,0.1,0.07619999999999977
686,2,0.1,0.06455000000000105
686,4,0.1,0.050200000000000924
686,8,0.1,0.032100000000000406
687,1,0.1,0.10514999999999658
687,2,0.1,0.051600000000000965
687,4,0.1,0.04680000000000083
687,8,0.1,0.03985000000000063
688,1,0.1,0.08559999999999873
688,2,0.1,0.04480000000000077
688,4,0.1,0.036650000000000536
688,8,0.1,0.031100000000000377
689,1,0.1,0.1130999999999957
689,2,0.1,0.048450000000000874
689,4,0.1,0.03845000000000059
689,8,0.1,0.03575000000000051
690,1,0.1,0.08149999999999918
690,2,0.1,0.04420000000000075
690,4,0.1,0.04055000000000065
690,8,0.1,0.031400000000000386
691,1,0.1,0.07489999999999991
691,2,0.1,0.06820000000000065
691,4,0.1,0.051650000000000966
691,8,0.1,0.03775000000000057
692,1,0.1,0.08639999999999864
692,2,0.1,0.04560000000000079
692,4,0.1,0.037650000000000565
692,8,0.1,0.03390000000000046
693,1,0.1,0.07080000000000036
693,2,0.1,0.06225000000000127
693,4,0.1,0.03670000000000054
693,8,0.1,0.031350000000000385
694,1,0.1,0.08124999999999921
694,2,0.1,0.08054999999999929
694,4,0.1,0.03990000000000063
694,8,0.1,0.029600000000000334
695,1,0.1,0.05425000000000104
695,2,0.1,0.04020000000000064
695,4,0.1,0.03565000000000051
695,8,0.1,0.036950000000000545
696,1,0.1,0.09019999999999823
696,2,0.1,0.055100000000001065
696,4,0.1,0.05450000000000105
696,8,0.1,0.04315000000000072
697,1,0.1,0.10749999999999632
697,2,0.1,0.06820000000000065
697,4,0.1,0.039450000000000617
697,8,0.1,0.03295000000000043
698,1,0.1,0.08809999999999846
698,2,0.1,0.05185000000000097
698,4,0.1,0.04200000000000069
698,8,0.1,0.03050000000000036
699,1,0.1,0.07659999999999972
699,2,0.1,0.05075000000000094
699,4,0.1,0.0354000000000005
699,8,0.1,0.03295000000000043
700,1,0.1,0.0849499999999988
700,2,0.1,0.06600000000000089
700,4,0.1,0.04855000000000088
700,8,0.1,0.04160000000000068
701,1,0.1,0.07270000000000015
701,2,0.1,0.0564500000000011
701,4,0.1,0.05225000000000098
701,8,0.1,0.0458000000000008
702,1,0.1,0.13639999999999314
702,2,0.1,0.07095000000000035
702,4,0.1,0.035550000000000505
702,8,0.1,0.035900000000000515
703,1,0.1,0.05950000000000119
703,2,0.1,0.04420000000000075
703,4,0.1,0.04020000000000064
703,8,0.1,0.034200000000000466
704,1,0.1,0.0894999999999983
704,2,0.1,0.05045000000000093
704,4,0.1,0.04520000000000078
704,8,0.1,0.04260000000000071
705,1,0.1,0.07275000000000015
705,2,0.1,0.058650000000001166
705,4,0.1,0.03615000000000052
705,8,0.1,0.0353500000000005
706,1,0.1,0.11684999999999529
706,2,0.1,0.057900000000001145
706,4,0.1,0.04130000000000067
706,8,0.1,0.03815000000000058
707,1,0.1,0.07669999999999971
707,2,0.1,0.057600000000001136
707,4,0.1,0.04195000000000069
707,8,0.1,0.03300000000000043
708,1,0.1,0.12079999999999486
708,2,0.1,0.050600000000000936
708,4,0.1,0.044950000000000774
708,8,0.1,0.03230000000000041
709,1,0.1,0.06285000000000124
709,2,0.1,0.054450000000001046
709,4,0.1,0.044250000000000754
709,8,0.1,0.033150000000000436
710,1,0.1,0.09809999999999736
710,2,0.1,0.04790000000000086
710,4,0.1,0.03565000000000051
710,8,0.1,0.035200000000000495
711,1,0.1,0.07175000000000026
711,2,0.1,0.0422500000000007
711,4,0.1,0.037350000000000556
711,8,0.1,0.03430000000000047
712,1,0.1,0.0840499999999989
712,2,0.1,0.05880000000000117
712,4,0.1,0.03645000000000053
712,8,0.1,0.033500000000000446
713,1,0.1,0.08414999999999889
713,2,0.1,0.07424999999999998
713,4,0.1,0.04690000000000083
713,8,0.1,0.03260000000000042
714,1,0.1,0.11339999999999567
714,2,0.1,0.05740000000000113
714,4,0.1,0.03790000000000057
714,8,0.1,0.030700000000000366
715,1,0.1,0.06565000000000093
715,2,0.1,0.04765000000000085
715,4,0.1,0.038050000000000576
715,8,0.1,0.02980000000000034
716,1,0.1,0.07669999999999971
716,2,0.1,0.0885999999999984
716,4,0.1,0.048500000000000876
716,8,0.1,0.03080000000000037
717,1,0.1,0.09714999999999746
717,2,0.1,0.08934999999999832
717,4,0.1,0.042850000000000714
717,8,0.1,0.03610000000000052
718,1,0.1,0.06780000000000069
718,2,0.1,0.04490000000000077
718,4,0.1,0.03825000000000058
718,8,0.1,0.03470000000000048
719,1,0.1,0.08359999999999895
719,2,0.1,0.05015000000000092
719,4,0.1,0.03995000000000063
719,8,0.1,0.03790000000000057
720,1,0.1,0.07075000000000037
720,2,0.1,0.047450000000000846
720,4,0.1,0.0423500000000007
720,8,0.1,0.029950000000000344
721,1,0.1,0.07474999999999993
721,2,0.1,0.06185000000000126
721,4,0.1,0.04970000000000091
721,8,0.1,0.034200000000000466
722,1,0.1,0.08264999999999906
722,2,0.1,0.061700000000001254
722,4,0.1,0.047450000000000846
722,8,0.1,0.04200000000000069
723,1,0.1,0.08574999999999872
723,2,0.1,0.06195000000000126
723,4,0.1,0.04480000000000077
723,8,0.1,0.03650000000000053
724,1,0.1,0.13454999999999334
724,2,0.1,0.06525000000000097
724,4,0.1,0.05740000000000113
724,8,0.1,0.03930000000000061
725,1,0.1,0.12919999999999393
725,2,0.1,0.10469999999999663
725,4,0.1,0.048850000000000886
725,8,0.1,0.03845000000000059
726,1,0.1,0.10289999999999683
726,2,0.1,0.06150000000000125
726,4,0.1,0.039700000000000624
726,8,0.1,0.030300000000000354
727,1,0.1,0.10289999999999683
727,2,0.1,0.05665000000000111
727,4,0.1,0.04450000000000076
727,8,0.1,0.031350000000000385
728,1,0.1,0.08924999999999833
728,2,0.1,0.06485000000000102
728,4,0.1,0.04655000000000082
728,8,0.1,0.03750000000000056
729,1,0.1,0.1139999999999956
729,2,0.1,0.06015000000000121
729,4,0.1,0.040050000000000634
729,8,0.1,0.030650000000000364
730,1,0.1,0.0985999999999973
730,2,0.1,0.060000000000001205
730,4,0.1,0.04385000000000074
730,8,0.1,0.030300000000000354
731,1,0.1,0.10049999999999709
731,2,0.1,0.06715000000000076
731,4,0.1,0.04175000000000068
731,8,0.1,0.03750000000000056
732,1,0.1,0.08159999999999917
732,2,0.1,0.04970000000000091
732,4,0.1,0.038350000000000585
732,8,0.1,0.04065000000000065
733,1,0.1,0.08219999999999911
733,2,0.1,0.08069999999999927
733,4,0.1,0.04125000000000067
733,8,0.1,0.03615000000000052
734,1,0.1,0.08304999999999901
734,2,0.1,0.06635000000000085
734,4,0.1,0.060000000000001205
734,8,0.1,0.04300000000000072
735,1,0.1,0.07564999999999983
735,2,0.1,0.043550000000000734
735,4,0.1,0.038400000000000586
735,8,0.1,0.028900000000000314
736,1,0.1,0.0840499999999989
736,2,0.1,0.0457500000000008
736,4,0.1,0.042500000000000704
736,8,0.1,0.038300000000000584
737,1,0.1,0.06820000000000065
737,2,0.1,0.05065000000000094
737,4,0.1,0.040450000000000645
737,8,0.1,0.029600000000000334
738,1,0.1,0.08364999999999895
738,2,0.1,0.0632000000000012
738,4,0.1,0.0632000000000012
738,8,0.1,0.04165000000000068
739,1,0.1,0.09984999999999716
739,2,0.1,0.10524999999999657
739,4,0.1,0.06015000000000121
739,8,0.1,0.04825000000000087
740,1,0.1,0.09069999999999817
740,2,0.1,0.05000000000000092
740,4,0.1,0.03430000000000047
740,8,0.1,0.03020000000000035
741,1,0.1,0.07874999999999949
741,2,0.1,0.04310000000000072
741,4,0.1,0.038300000000000584
741,8,0.1,0.038400000000000586
742,1,0.1,0.10904999999999615
742,2,0.1,0.10364999999999674
742,4,0.1,0.044250000000000754
742,8,0.1,0.04170000000000068
743,1,0.1,0.06620000000000087
743,2,0.1,0.051250000000000955
743,4,0.1,0.037350000000000556
743,8,0.1,0.031350000000000385
744,1,0.1,0.11079999999999596
744,2,0.1,0.06565000000000093
744,4,0.1,0.056150000000001095
744,8,0.1,0.037300000000000555
745,1,0.1,0.10109999999999703
745,2,0.1,0.05675000000000111
745,4,0.1,0.04415000000000075
745,8,0.1,0.03810000000000058
746,1,0.1,0.06445000000000106
746,2,0.1,0.04375000000000074
746,4,0.1,0.03610000000000052
746,8,0.1,0.03250000000000042
747,1,0.1,0.07809999999999956
747,2,0.1,0.06935000000000052
747,4,0.1,0.05010000000000092
747,8,0.1,0.03565000000000051
748,1,0.1,0.08834999999999843
748,2,0.1,0.04510000000000078
748,4,0.1,0.03685000000000054
748,8,0.1,0.029300000000000326
749,1,0.1,0.06090000000000123
749,2,0.1,0.059300000000001185
749,4,0.1,0.04905000000000089
749,8,0.1,0.03305000000000043
750,1,0.1,0.09614999999999757
750,2,0.1,0.04340000000000073
750,4,0.1,0.04270000000000071
750,8,0.1,0.033850000000000456
751,1,0.1,0.08749999999999852
751,2,0.1,0.092199999999998
751,4,0.1,0.03930000000000061
751,8,0.1,0.03495000000000049
752,1,0.1,0.0958999999999976
752,2,0.1,0.07055000000000039
752,4,0.1,0.07055000000000039
752,8,0.1,0.04090000000000066
753,1,0.1,0.07035000000000041
753,2,0.1,0.04750000000000085
753,4,0.1,0.03515000000000049
753,8,0.1,0.030600000000000363
754,1,0.1,0.1022499999999969
754,2,0.1,0.06350000000000117
754,4,0.1,0.05740000000000113
754,8,0.1,0.04085000000000066
755,1,0.1,0.09939999999999721
755,2,0.1,0.05175000000000097
755,4,0.1,0.04715000000000084
755,8,0.1,0.03405000000000046
756,1,0.1,0.07419999999999999
756,2,0.1,0.043950000000000745
756,4,0.1,0.05670000000000111
756,8,0.1,0.05085000000000094
757,1,0.1,0.0695500000000005
757,2,0.1,0.061050000000001235
757,4,0.1,0.0353000000000005
757,8,0.1,0.03225000000000041
758,1,0.1,0.0867499999999986
758,2,0.1,0.05320000000000101
758,4,0.1,0.03375000000000045
758,8,0.1,0.02985000000000034
759,1,0.1,0.13479999999999331
759,2,0.1,0.06130000000000124
759,4,0.1,0.03565000000000051
759,8,0.1,0.04070000000000065
760,1,0.1,0.09734999999999744
760,2,0.1,0.05940000000000119
760,4,0.1,0.038000000000000575
760,8,0.1,0.03145000000000039
761,1,0.1,0.07809999999999956
761,2,0.1,0.04785000000000086
761,4,0.1,0.039000000000000604
761,8,0.1,0.03340000000000044
762,1,0.1,0.08704999999999857
762,2,0.1,0.05205000000000098
762,4,0.1,0.06090000000000123
762,8,0.1,0.04310000000000072
763,1,0.1,0.0597500000000012
763,2,0.1,0.043600000000000735
763,4,0.1,0.038300000000000584
763,8,0.1,0.03465000000000048
764,1,0.1,0.07345000000000007
764,2,0.1,0.07624999999999976
764,4,0.1,0.04840000000000087
764,8,0.1,0.04100000000000066
765,1,0.1,0.06435000000000107
765,2,0.1,0.056150000000001095
765,4,0.1,0.04380000000000074
765,8,0.1,0.03495000000000049
766,1,0.1,0.05945000000000119
766,2,0.1,0.05255000000000099
766,4,0.1,0.03400000000000046
766,8,0.1,0.03340000000000044
767,1,0.1,0.11684999999999529
767,2,0.1,0.06045000000000122
767,4,0.1,0.036300000000000526
767,8,0.1,0.035250000000000496
768,1,0.1,0.06785000000000069
768,2,0.1,0.04490000000000077
768,4,0.1,0.03710000000000055
768,8,0.1,0.02980000000000034
769,1,0.1,0.08844999999999842
769,2,0.1,0.07005000000000045
769,4,0.1,0.045700000000000796
769,8,0.1,0.04025000000000064
770,1,0.1,0.08444999999999886
770,2,0.1,0.06150000000000125
770,4,0.1,0.03650000000000053
770,8,0.1,0.03220000000000041
771,1,0.1,0.08394999999999891
771,2,0.1,0.05255000000000099
771,4,0.1,0.05075000000000094
771,8,0.1,0.03685000000000054
772,1,0.1,0.08869999999999839
772,2,0.1,0.05030000000000093
772,4,0.1,0.036600000000000535
772,8,0.1,0.036600000000000535
773,1,0.1,0.0704500000000004
773,2,0.1,0.041450000000000674
773,4,0.1,0.037950000000000574
773,8,0.1,0.029650000000000336
774,1,0.1,0.07794999999999958
774,2,0.1,0.05255000000000099
774,4,0.1,0.03360000000000045
774,8,0.1,0.029350000000000327
775,1,0.1,0.08074999999999927
775,2,0.1,0.056800000000001113
775,4,0.1,0.04820000000000087
775,8,0.1,0.036950000000000545
776,1,0.1,0.06540000000000096
776,2,0.1,0.04645000000000082
776,4,0.1,0.03740000000000056
776,8,0.1,0.03055000000000036
777,1,0.1,0.07924999999999943
777,2,0.1,0.059650000000001195
777,4,0.1,0.05455000000000105
777,8,0.1,0.044300000000000755
778,1,0.1,0.0968499999999975
778,2,0.1,0.048450000000000874
778,4,0.1,0.041150000000000665
778,8,0.1,0.034150000000000465
779,1,0.1,0.09799999999999737
779,2,0.1,0.06235000000000127
779,4,0.1,0.0422500000000007
779,8,0.1,0.03465000000000048
780,1,0.1,0.09144999999999809
780,2,0.1,0.06810000000000066
780,4,0.1,0.03790000000000057
780,8,0.1,0.03705000000000055
781,1,0.1,0.08794999999999847
781,2,0.1,0.04820000000000087
781,4,0.1,0.05565000000000108
781,8,0.1,0.038000000000000575
782,1,0.1,0.08189999999999914
782,2,0.1,0.049500000000000904
782,4,0.1,0.04090000000000066
782,8,0.1,0.03495000000000049
783,1,0.1,0.08209999999999912
783,2,0.1,0.04370000000000074
783,4,0.1,0.038000000000000575
783,8,0.1,0.02805000000000029
784,1,0.1,0.08014999999999933
784,2,0.1,0.05610000000000109
784,4,0.1,0.05140000000000096
784,8,0.1,0.03995000000000063
785,1,0.1,0.06115000000000124
785,2,0.1,0.07035000000000041
785,4,0.1,0.07764999999999961
785,8,0.1,0.05570000000000108
786,1,0.1,0.08489999999999881
786,2,0.1,0.06575000000000092
786,4,0.1,0.05080000000000094
786,8,0.1,0.04160000000000068
787,1,0.1,0.12094999999999484
787,2,0.1,0.09244999999999798
787,4,0.1,0.06155000000000125
787,8,0.1,0.036300000000000526
788,1,0.1,0.10384999999999672
788,2,0.1,0.05845000000000116
788,4,0.1,0.039050000000000605
788,8,0.1,0.04020000000000064
789,1,0.1,0.09059999999999818
789,2,0.1,0.05070000000000094
789,4,0.1,0.038000000000000575
789,8,0.1,0.037950000000000574
790,1,0.1,0.09009999999999824
790,2,0.1,0.05565000000000108
790,4,0.1,0.05005000000000092
790,8,0.1,0.03470000000000048
791,1,0.1,0.09374999999999784
791,2,0.1,0.05345000000000102
791,4,0.1,0.04195000000000069
791,8,0.1,0.02905000000000032
792,1,0.1,0.09084999999999815
792,2,0.1,0.06095000000000123
792,4,0.1,0.04200000000000069
792,8,0.1,0.02985000000000034
793,1,0.1,0.119549999999995
793,2,0.1,0.05595000000000109
793,4,0.1,0.03915000000000061
793,8,0.1,0.032100000000000406
794,1,0.1,0.08204999999999912
794,2,0.1,0.04050000000000065
794,4,0.1,0.034900000000000486
794,8,0.1,0.029650000000000336
795,1,0.1,0.08844999999999842
795,2,0.1,0.04835000000000087
795,4,0.1,0.04120000000000067
795,8,0.1,0.03220000000000041
796,1,0.1,0.10479999999999662
796,2,0.1,0.060000000000001205
796,4,0.1,0.035900000000000515
796,8,0.1,0.035200000000000495
797,1,0.1,0.0813999999999992
797,2,0.1,0.04720000000000084
797,4,0.1,0.04100000000000066
797,8,0.1,0.03500000000000049
798,1,0.1,0.09144999999999809
798,2,0.1,0.05675000000000111
798,4,0.1,0.04615000000000081
798,8,0.1,0.03980000000000063
799,1,0.1,0.06530000000000097
799,2,0.1,0.03915000000000061
799,4,0.1,0.04405000000000075
799,8,0.1,0.03635000000000053
800,1,0.1,0.09814999999999735
800,2,0.1,0.06050000000000122
800,4,0.1,0.04825000000000087
800,8,0.1,0.035250000000000496
801,1,0.1,0.10509999999999659
801,2,0.1,0.05740000000000113
801,4,0.1,0.053350000000001015
801,8,0.1,0.033100000000000435
802,1,0.1,0.06445000000000106
802,2,0.1,0.042500000000000704
802,4,0.1,0.038350000000000585
802,8,0.1,0.04540000000000079
803,1,0.1,0.09069999999999817
803,2,0.1,0.07699999999999968
803,4,0.1,0.05555000000000108
803,8,0.1,0.04060000000000065
804,1,0.1,0.07824999999999954
804,2,0.1,0.047450000000000846
804,4,0.1,0.03495000000000049
804,8,0.1,0.03405000000000046
805,1,0.1,0.05765000000000114
805,2,0.1,0.038050000000000576
805,4,0.1,0.042200000000000695
805,8,0.1,0.034900000000000486
806,1,0.1,0.09194999999999803
806,2,0.1,0.06395000000000112
806,4,0.1,0.03325000000000044
806,8,0.1,0.02975000000000034
807,1,0.1,0.08399999999999891
807,2,0.1,0.0459500000000008
807,4,0.1,0.050950000000000946
807,8,0.1,0.03640000000000053
808,1,0.1,0.07834999999999953
808,2,0.1,0.056800000000001113
808,4,0.1,0.055500000000001076
808,8,0.1,0.03785000000000057
809,1,0.1,0.05920000000000118
809,2,0.1,0.06550000000000095
809,4,0.1,0.04830000000000087
809,8,0.1,0.04345000000000073
810,1,0.1,0.08619999999999867
810,2,0.1,0.047050000000000834
810,4,0.1,0.04665000000000082
810,8,0.1,0.03375000000000045
811,1,0.1,0.07405
811,2,0.1,0.057500000000001134
811,4,0.1,0.03390000000000046
811,8,0.1,0.030600000000000363
812,1,0.1,0.06350000000000117
812,2,0.1,0.04805000000000086
812,4,0.1,0.036650000000000536
812,8,0.1,0.041450000000000674
813,1,0.1,0.061050000000001235
813,2,0.1,0.04410000000000075
813,4,0.1,0.03680000000000054
813,8,0.1,0.03680000000000054
814,1,0.1,0.06755000000000072
814,2,0.1,0.05530000000000107
814,4,0.1,0.034850000000000485
814,8,0.1,0.03400000000000046
815,1,0.1,0.07245000000000018
815,2,0.1,0.07245000000000018
815,4,0.1,0.04345000000000073
815,8,0.1,0.03165000000000039
816,1,0.1,0.07080000000000036
816,2,0.1,0.048100000000000864
816,4,0.1,0.038350000000000585
816,8,0.1,0.033100000000000435
817,1,0.1,0.0967499999999975
817,2,0.1,0.057900000000001145
817,4,0.1,0.0563500000000011
817,8,0.1,0.04435000000000076
818,1,0.1,0.09649999999999753
818,2,0.1,0.05005000000000092
818,4,0.1,0.03810000000000058
818,8,0.1,0.027250000000000267
819,1,0.1,0.10699999999999638
819,2,0.1,0.05695000000000112
819,4,0.1,0.06475000000000103
819,8,0.1,0.04375000000000074
820,1,0.1,0.09629999999999755
820,2,0.1,0.05570000000000108
820,4,0.1,0.03600000000000052
820,8,0.1,0.04415000000000075
821,1,0.1,0.0640500000000011
821,2,0.1,0.05605000000000109
821,4,0.1,0.04170000000000068
821,8,0.1,0.04170000000000068
822,1,0.1,0.06520000000000098
822,2,0.1,0.05660000000000111
822,4,0.1,0.042850000000000714
822,8,0.1,0.0318500000000004
823,1,0.1,0.06985000000000047
823,2,0.1,0.05950000000000119
823,4,0.1,0.04375000000000074
823,8,0.1,0.04470000000000077
824,1,0.1,0.08654999999999863
824,2,0.1,0.048100000000000864
824,4,0.1,0.034500000000000475
824,8,0.1,0.027100000000000263
825,1,0.1,0.060000000000001205
825,2,0.1,0.05665000000000111
825,4,0.1,0.0353000000000005
825,8,0.1,0.03505000000000049
826,1,0.1,0.10139999999999699
826,2,0.1,0.05525000000000107
826,4,0.1,0.04140000000000067
826,8,0.1,0.039700000000000624
827,1,0.1,0.08164999999999917
827,2,0.1,0.04295000000000072
827,4,0.1,0.04510000000000078
827,8,0.1,0.035600000000000506
828,1,0.1,0.0849999999999988
828,2,0.1,0.06050000000000122
828,4,0.1,0.040400000000000644
828,8,0.1,0.03325000000000044
829,1,0.1,0.09124999999999811
829,2,0.1,0.06970000000000048
829,4,0.1,0.058650000000001166
829,8,0.1,0.038400000000000586
830,1,0.1,0.0913499999999981
830,2,0.1,0.057500000000001134
830,4,0.1,0.04445000000000076
830,8,0.1,0.030950000000000373
831,1,0.1,0.1548499999999911
831,2,0.1,0.07689999999999969
831,4,0.1,0.04415000000000075
831,8,0.1,0.036900000000000543
832,1,0.1,0.08189999999999914
832,2,0.1,0.04545000000000079
832,4,0.1,0.040800000000000655
832,8,0.1,0.04090000000000066
833,1,0.1,0.08249999999999907
833,2,0.1,0.06670000000000081
833,4,0.1,0.03850000000000059
833,8,0.1,0.03115000000000038
834,1,0.1,0.08389999999999892
834,2,0.1,0.06475000000000103
834,4,0.1,0.046350000000000814
834,8,0.1,0.038050000000000576
835,1,0.1,0.07789999999999958
835,2,0.1,0.05175000000000097
835,4,0.1,0.041150000000000665
835,8,0.1,0.039000000000000604
836,1,0.1,0.14199999999999252
836,2,0.1,0.07070000000000037
836,4,0.1,0.06620000000000087
836,8,0.1,0.048100000000000864
837,1,0.1,0.06720000000000076
837,2,0.1,0.057550000000001135
837,4,0.1,0.04300000000000072
837,8,0.1,0.04260000000000071
838,1,0.1,0.08924999999999833
838,2,0.1,0.057550000000001135
838,4,0.1,0.04090000000000066
838,8,0.1,0.03710000000000055
839,1,0.1,0.08394999999999891
839,2,0.1,0.043200000000000724
839,4,0.1,0.041100000000000664
839,8,0.1,0.031400000000000386
840,1,0.1,0.09289999999999793
840,2,0.1,0.05500000000000106
840,4,0.1,0.04135000000000067
840,8,0.1,0.033500000000000446
841,1,0.1,0.057550000000001135
841,2,0.1,0.06445000000000106
841,4,0.1,0.045350000000000786
841,8,0.1,0.037250000000000554
842,1,0.1,0.06355000000000116
842,2,0.1,0.05540000000000107
842,4,0.1,0.040800000000000655
842,8,0.1,0.0353500000000005
843,1,0.1,0.09754999999999742
843,2,0.1,0.06980000000000047
843,4,0.1,0.044300000000000755
843,8,0.1,0.02945000000000033
844,1,0.1,0.10049999999999709
844,2,0.1,0.051300000000000956
844,4,0.1,0.042850000000000714
844,8,0.1,0.040800000000000655
845,1,0.1,0.10254999999999687
845,2,0.1,0.04835000000000087
845,4,0.1,0.03615000000000052
845,8,0.1,0.038400000000000586
846,1,0.1,0.06555000000000094
846,2,0.1,0.05050000000000093
846,4,0.1,0.04125000000000067
846,8,0.1,0.0318500000000004
847,1,0.1,0.07000000000000045
847,2,0.1,0.057250000000001126
847,4,0.1,0.040800000000000655
847,8,0.1,0.032050000000000405
848,1,0.1,0.09524999999999767
848,2,0.1,0.053000000000001005
848,4,0.1,0.04695000000000083
848,8,0.1,0.04365000000000074
849,1,0.1,0.06815000000000065
849,2,0.1,0.049900000000000916
849,4,0.1,0.03815000000000058
849,8,0.1,0.03400000000000046
850,1,0.1,0.08369999999999894
850,2,0.1,0.06925000000000053
850,4,0.1,0.03710000000000055
850,8,0.1,0.03585000000000051
851,1,0.1,0.0713500000000003
851,2,0.1,0.04900000000000089
851,4,0.1,0.04340000000000073
851,8,0.1,0.035250000000000496
852,1,0.1,0.07185000000000025
852,2,0.1,0.052650000000000995
852,4,0.1,0.04000000000000063
852,8,0.1,0.030050000000000347
853,1,0.1,0.09079999999999816
853,2,0.1,0.05380000000000103
853,4,0.1,0.04085000000000066
853,8,0.1,0.031750000000000396
854,1,0.1,0.10934999999999612
854,2,0.1,0.05045000000000093
854,4,0.1,0.03855000000000059
854,8,0.1,0.03050000000000036
855,1,0.1,0.08809999999999846
855,2,0.1,0.05710000000000112
855,4,0.1,0.048500000000000876
855,8,0.1,0.03400000000000046
856,1,0.1,0.07554999999999984
856,2,0.1,0.058550000000001164
856,4,0.1,0.04385000000000074
856,8,0.1,0.034850000000000485
857,1,0.1,0.10239999999999688
857,2,0.1,0.0758499999999998
857,4,0.1,0.0423000000000007
857,8,0.1,0.04190000000000069
858,1,0.1,0.07220000000000021
858,2,0.1,0.05525000000000107
858,4,0.1,0.04680000000000083
858,8,0.1,0.034900000000000486
859,1,0.1,0.06980000000000047
859,2,0.1,0.055500000000001076
859,4,0.1,0.04365000000000074
859,8,0.1,0.04330000000000073
860,1,0.1,0.11729999999999524
860,2,0.1,0.053050000000001006
860,4,0.1,0.042500000000000704
860,8,0.1,0.037950000000000574
861,1,0.1,0.06525000000000097
861,2,0.1,0.04730000000000084
861,4,0.1,0.040450000000000645
861,8,0.1,0.041150000000000665
862,1,0.1,0.0895499999999983
862,2,0.1,0.0714000000000003
862,4,0.1,0.0563000000000011
862,8,0.1,0.03950000000000062
863,1,0.1,0.09884999999999727
863,2,0.1,0.11544999999999545
863,4,0.1,0.05710000000000112
863,8,0.1,0.03680000000000054
864,1,0.1,0.1149499999999955
864,2,0.1,0.08489999999999881
864,4,0.1,0.04515000000000078
864,8,0.1,0.03985000000000063
865,1,0.1,0.09269999999999795
865,2,0.1,0.06220000000000127
865,4,0.1,0.048850000000000886
865,8,0.1,0.03815000000000058
866,1,0.1,0.0859499999999987
866,2,0.1,0.05495000000000106
866,4,0.1,0.048150000000000866
866,8,0.1,0.04315000000000072
867,1,0.1,0.08554999999999874
867,2,0.1,0.05460000000000105
867,4,0.1,0.0493000000000009
867,8,0.1,0.03050000000000036
868,1,0.1,0.08874999999999839
868,2,0.1,0.04520000000000078
868,4,0.1,0.040100000000000635
868,8,0.1,0.03565000000000051
869,1,0.1,0.10529999999999656
869,2,0.1,0.08329999999999899
869,4,0.1,0.051650000000000966
869,8,0.1,0.04315000000000072
870,1,0.1,0.07415
870,2,0.1,0.0494000000000009
870,4,0.1,0.03855000000000059
870,8,0.1,0.035950000000000516
871,1,0.1,0.08734999999999854
871,2,0.1,0.06075000000000123
871,4,0.1,0.04490000000000077
871,8,0.1,0.03575000000000051
872,1,0.1,0.09654999999999753
872,2,0.1,0.05460000000000105
872,4,0.1,0.04100000000000066
872,8,0.1,0.03785000000000057
873,1,0.1,0.1021999999999969
873,2,0.1,0.04340000000000073
873,4,0.1,0.03425000000000047
873,8,0.1,0.03080000000000037
874,1,0.1,0.0876499999999985
874,2,0.1,0.058650000000001166
874,4,0.1,0.04445000000000076
874,8,0.1,0.03610000000000052
875,1,0.1,0.11419999999999558
875,2,0.1,0.05255000000000099
875,4,0.1,0.0423000000000007
875,8,0.1,0.02910000000000032
876,1,0.1,0.07195000000000024
876,2,0.1,0.04660000000000082
876,4,0.1,0.043900000000000744
876,8,0.1,0.03640000000000053
877,1,0.1,0.08719999999999856
877,2,0.1,0.06615000000000087
877,4,0.1,0.059350000000001187
877,8,0.1,0.038400000000000586
878,1,0.1,0.0749499999999999
878,2,0.1,0.04825000000000087
878,4,0.1,0.04725000000000084
878,8,0.1,0.03270000000000042
879,1,0.1,0.07340000000000008
879,2,0.1,0.059300000000001185
879,4,0.1,0.04645000000000082
879,8,0.1,0.0423500000000007
880,1,0.1,0.06800000000000067
880,2,0.1,0.04735000000000084
880,4,0.1,0.04475000000000077
880,8,0.1,0.03295000000000043
881,1,0.1,0.08524999999999877
881,2,0.1,0.05740000000000113
881,4,0.1,0.04130000000000067
881,8,0.1,0.03515000000000049
882,1,0.1,0.09119999999999812
882,2,0.1,0.048450000000000874
882,4,0.1,0.035950000000000516
882,8,0.1,0.03605000000000052
883,1,0.1,0.08579999999999871
883,2,0.1,0.046750000000000826
883,4,0.1,0.04970000000000091
883,8,0.1,0.038750000000000596
884,1,0.1,0.07994999999999935
884,2,0.1,0.048450000000000874
884,4,0.1,0.04060000000000065
884,8,0.1,0.03085000000000037
885,1,0.1,0.0867499999999986
885,2,0.1,0.04510000000000078
885,4,0.1,0.0389500000000006
885,8,0.1,0.029300000000000326
886,1,0.1,0.1203499999999949
886,2,0.1,0.08724999999999855
886,4,0.1,0.07150000000000029
886,8,0.1,0.04725000000000084
887,1,0.1,0.06660000000000083
887,2,0.1,0.05485000000000106
887,4,0.1,0.039100000000000606
887,8,0.1,0.03045000000000036
888,1,0.1,0.08919999999999834
888,2,0.1,0.09244999999999798
888,4,0.1,0.05215000000000098
888,8,0.1,0.04210000000000069
889,1,0.1,0.09624999999999756
889,2,0.1,0.08014999999999933
889,4,0.1,0.046400000000000816
889,8,0.1,0.03960000000000062
890,1,0.1,0.1530999999999913
890,2,0.1,0.07429999999999998
890,4,0.1,0.05105000000000095
890,8,0.1,0.0319000000000004
891,1,0.1,0.06230000000000127
891,2,0.1,0.04660000000000082
891,4,0.1,0.03435000000000047
891,8,0.1,0.028900000000000314
892,1,0.1,0.09604999999999758
892,2,0.1,0.05660000000000111
892,4,0.1,0.03705000000000055
892,8,0.1,0.034150000000000465
893,1,0.1,0.07624999999999976
893,2,0.1,0.06095000000000123
893,4,0.1,0.048850000000000886
893,8,0.1,0.03445000000000047
894,1,0.1,0.09064999999999818
894,2,0.1,0.05355000000000102
894,4,0.1,0.035200000000000495
894,8,0.1,0.034150000000000465
895,1,0.1,0.07564999999999983
895,2,0.1,0.04545000000000079
895,4,0.1,0.04275000000000071
895,8,0.1,0.04090000000000066
896,1,0.1,0.08094999999999924
896,2,0.1,0.04830000000000087
896,4,0.1,0.03930000000000061
896,8,0.1,0.03680000000000054
897,1,0.1,0.08699999999999858
897,2,0.1,0.05850000000000116
897,4,0.1,0.05325000000000101
897,8,0.1,0.04715000000000084
898,1,0.1,0.0758999999999998
898,2,0.1,0.04510000000000078
898,4,0.1,0.03585000000000051
898,8,0.1,0.028900000000000314
899,1,0.1,0.09009999999999824
899,2,0.1,0.05940000000000119
899,4,0.1,0.042850000000000714
899,8,0.1,0.03300000000000043
900,1,0.1,0.10549999999999654
900,2,0.1,0.05600000000000109
900,4,0.1,0.043600000000000735
900,8,0.1,0.028150000000000293
901,1,0.1,0.11414999999999559
901,2,0.1,0.05880000000000117
901,4,0.1,0.0389000000000006
901,8,0.1,0.039050000000000605
902,1,0.1,0.10169999999999696
902,2,0.1,0.06600000000000089
902,4,0.1,0.03710000000000055
902,8,0.1,0.04830000000000087
903,1,0.1,0.09509999999999769
903,2,0.1,0.08244999999999908
903,4,0.1,0.05215000000000098
903,8,0.1,0.03405000000000046
904,1,0.1,0.07240000000000019
904,2,0.1,0.04475000000000077
904,4,0.1,0.03495000000000049
904,8,0.1,0.03620000000000052
905,1,0.1,0.09474999999999772
905,2,0.1,0.05465000000000105
905,4,0.1,0.038700000000000595
905,8,0.1,0.03850000000000059
906,1,0.1,0.06530000000000097
906,2,0.1,0.04665000000000082
906,4,0.1,0.03810000000000058
906,8,0.1,0.03620000000000052
907,1,0.1,0.10644999999999644
907,2,0.1,0.05745000000000113
907,4,0.1,0.05180000000000097
907,8,0.1,0.04350000000000073
908,1,0.1,0.07235000000000019
908,2,0.1,0.051300000000000956
908,4,0.1,0.04545000000000079
908,8,0.1,0.04490000000000077
909,1,0.1,0.09754999999999742
909,2,0.1,0.07195000000000024
909,4,0.1,0.05555000000000108
909,8,0.1,0.039050000000000605
910,1,0.1,0.0668500000000008
910,2,0.1,0.052950000000001
910,4,0.1,0.037950000000000574
910,8,0.1,0.03775000000000057
911,1,0.1,0.07844999999999952
911,2,0.1,0.06090000000000123
911,4,0.1,0.0388000000000006
911,8,0.1,0.031000000000000374
912,1,0.1,0.08179999999999915
912,2,0.1,0.06215000000000127
912,4,0.1,0.041850000000000685
912,8,0.1,0.03445000000000047
913,1,0.1,0.06805000000000067
913,2,0.1,0.04820000000000087
913,4,0.1,0.040100000000000635
913,8,0.1,0.03260000000000042
914,1,0.1,0.08454999999999885
914,2,0.1,0.09984999999999716
914,4,0.1,0.04275000000000071
914,8,0.1,0.032100000000000406
915,1,0.1,0.110449999999996
915,2,0.1,0.052800000000001
915,4,0.1,0.03480000000000048
915,8,0.1,0.029650000000000336
916,1,0.1,0.08489999999999881
916,2,0.1,0.043950000000000745
916,4,0.1,0.03920000000000061
916,8,0.1,0.02730000000000027
917,1,0.1,0.08734999999999854
917,2,0.1,0.03985000000000063
917,4,0.1,0.03915000000000061
917,8,0.1,0.03290000000000043
918,1,0.1,0.1312499999999937
918,2,0.1,0.08269999999999905
918,4,0.1,0.04165000000000068
918,8,0.1,0.03425000000000047
919,1,0.1,0.07964999999999939
919,2,0.1,0.07120000000000032
919,4,0.1,0.048850000000000886
919,8,0.1,0.04165000000000068
920,1,0.1,0.0958999999999976
920,2,0.1,0.05775000000000114
920,4,0.1,0.042900000000000715
920,8,0.1,0.03370000000000045
921,1,0.1,0.06565000000000093
921,2,0.1,0.041850000000000685
921,4,0.1,0.05350000000000102
921,8,0.1,0.04490000000000077
922,1,0.1,0.08439999999999886
922,2,0.1,0.056800000000001113
922,4,0.1,0.03985000000000063
922,8,0.1,0.03220000000000041
923,1,0.1,0.11969999999999498
923,2,0.1,0.05430000000000104
923,4,0.1,0.05245000000000099
923,8,0.1,0.039450000000000617
924,1,0.1,0.07814999999999955
924,2,0.1,0.04770000000000085
924,4,0.1,0.03080000000000037
924,8,0.1,0.03325000000000044
925,1,0.1,0.07459999999999994
925,2,0.1,0.052950000000001
925,4,0.1,0.03850000000000059
925,8,0.1,0.03850000000000059
926,1,0.1,0.0758499999999998
926,2,0.1,0.04730000000000084
926,4,0.1,0.05015000000000092
926,8,0.1,0.039350000000000614
927,1,0.1,0.06935000000000052
927,2,0.1,0.04630000000000081
927,4,0.1,0.03360000000000045
927,8,0.1,0.031750000000000396
928,1,0.1,0.06195000000000126
928,2,0.1,0.04025000000000064
928,4,0.1,0.04195000000000069
928,8,0.1,0.032400000000000415
929,1,0.1,0.09164999999999807
929,2,0.1,0.05470000000000105
929,4,0.1,0.04205000000000069
929,8,0.1,0.03145000000000039
930,1,0.1,0.0912999999999981
930,2,0.1,0.049900000000000916
930,4,0.1,0.04440000000000076
930,8,0.1,0.036950000000000545
931,1,0.1,0.07370000000000004
931,2,0.1,0.08924999999999833
931,4,0.1,0.065050000000001
931,8,0.1,0.0424000000000007
932,1,0.1,0.11439999999999556
932,2,0.1,0.05815000000000115
932,4,0.1,0.037000000000000546
932,8,0.1,0.032050000000000405
933,1,0.1,0.07919999999999944
933,2,0.1,0.054750000000001055
933,4,0.1,0.039700000000000624
933,8,0.1,0.029900000000000343
934,1,0.1,0.06390000000000112
934,2,0.1,0.04655000000000082
934,4,0.1,0.04315000000000072
934,8,0.1,0.041450000000000674
935,1,0.1,0.08804999999999846
935,2,0.1,0.06580000000000091
935,4,0.1,0.039050000000000605
935,8,0.1,0.036950000000000545
936,1,0.1,0.10284999999999683
936,2,0.1,0.06040000000000122
936,4,0.1,0.037600000000000564
936,8,0.1,0.03120000000000038
937,1,0.1,0.06935000000000052
937,2,0.1,0.04980000000000091
937,4,0.1,0.03780000000000057
937,8,0.1,0.03505000000000049
938,1,0.1,0.06975000000000048
938,2,0.1,0.06230000000000127
938,4,0.1,0.056800000000001113
938,8,0.1,0.04065000000000065
939,1,0.1,0.06540000000000096
939,2,0.1,0.04800000000000086
939,4,0.1,0.035200000000000495
939,8,0.1,0.033800000000000455
940,1,0.1,0.07395000000000002
940,2,0.1,0.042550000000000705
940,4,0.1,0.04090000000000066
940,8,0.1,0.029000000000000317
941,1,0.1,0.09049999999999819
941,2,0.1,0.05385000000000103
941,4,0.1,0.04175000000000068
941,8,0.1,0.030250000000000353
942,1,0.1,0.09109999999999813
942,2,0.1,0.04455000000000076
942,4,0.1,0.04480000000000077
942,8,0.1,0.0319500000000004
943,1,0.1,0.09799999999999737
943,2,0.1,0.052650000000000995
943,4,0.1,0.062400000000001274
943,8,0.1,0.03580000000000051
944,1,0.1,0.0868499999999986
944,2,0.1,0.04750000000000085
944,4,0.1,0.04315000000000072
944,8,0.1,0.03620000000000052
945,1,0.1,0.07100000000000034
945,2,0.1,0.06745000000000073
945,4,0.1,0.06045000000000122
945,8,0.1,0.03585000000000051
946,1,0.1,0.07375000000000004
946,2,0.1,0.059000000000001177
946,4,0.1,0.03410000000000046
946,8,0.1,0.03120000000000038
947,1,0.1,0.08709999999999857
947,2,0.1,0.04855000000000088
947,4,0.1,0.0353500000000005
947,8,0.1,0.03815000000000058
948,1,0.1,0.0741
948,2,0.1,0.05225000000000098
948,4,0.1,0.038350000000000585
948,8,0.1,0.03570000000000051
949,1,0.1,0.09269999999999795
949,2,0.1,0.0758999999999998
949,4,0.1,0.05140000000000096
949,8,0.1,0.03775000000000057
950,1,0.1,0.10684999999999639
950,2,0.1,0.07035000000000041
950,4,0.1,0.03960000000000062
950,8,0.1,0.03715000000000055
951,1,0.1,0.11429999999999557
951,2,0.1,0.07734999999999964
951,4,0.1,0.043600000000000735
951,8,0.1,0.04095000000000066
952,1,0.1,0.06085000000000123
952,2,0.1,0.04785000000000086
952,4,0.1,0.05380000000000103
952,8,0.1,0.038350000000000585
953,1,0.1,0.07979999999999937
953,2,0.1,0.0597000000000012
953,4,0.1,0.058300000000001156
953,8,0.1,0.06360000000000116
954,1,0.1,0.08779999999999849
954,2,0.1,0.04835000000000087
954,4,0.1,0.05135000000000096
954,8,0.1,0.037650000000000565
955,1,0.1,0.10324999999999679
955,2,0.1,0.045350000000000786
955,4,0.1,0.035600000000000506
955,8,0.1,0.03165000000000039
956,1,0.1,0.07924999999999943
956,2,0.1,0.07569999999999982
956,4,0.1,0.03995000000000063
956,8,0.1,0.03215000000000041
957,1,0.1,0.08959999999999829
957,2,0.1,0.04610000000000081
957,4,0.1,0.04125000000000067
957,8,0.1,0.04520000000000078
958,1,0.1,0.08819999999999845
958,2,0.1,0.04835000000000087
958,4,0.1,0.03635000000000053
958,8,0.1,0.030650000000000364
959,1,0.1,0.09024999999999822
959,2,0.1,0.06825000000000064
959,4,0.1,0.03815000000000058
959,8,0.1,0.03330000000000044
960,1,0.1,0.07095000000000035
960,2,0.1,0.06510000000000099
960,4,0.1,0.04175000000000068
960,8,0.1,0.033150000000000436
961,1,0.1,0.1022499999999969
961,2,0.1,0.06915000000000054
961,4,0.1,0.05590000000000109
961,8,0.1,0.042850000000000714
962,1,0.1,0.06445000000000106
962,2,0.1,0.047100000000000836
962,4,0.1,0.0389000000000006
962,8,0.1,0.03615000000000052
963,1,0.1,0.0749999999999999
963,2,0.1,0.05355000000000102
963,4,0.1,0.03445000000000047
963,8,0.1,0.03745000000000056
964,1,0.1,0.09649999999999753
964,2,0.1,0.06640000000000085
964,4,0.1,0.037350000000000556
964,8,0.1,0.03515000000000049
965,1,0.1,0.08559999999999873
965,2,0.1,0.051950000000000975
965,4,0.1,0.03845000000000059
965,8,0.1,0.033800000000000455
966,1,0.1,0.09434999999999777
966,2,0.1,0.05120000000000095
966,4,0.1,0.0424000000000007
966,8,0.1,0.03400000000000046
967,1,0.1,0.10434999999999667
967,2,0.1,0.06130000000000124
967,4,0.1,0.04035000000000064
967,8,0.1,0.03270000000000042
968,1,0.1,0.07919999999999944
968,2,0.1,0.06945000000000051
968,4,0.1,0.0494000000000009
968,8,0.1,0.04725000000000084
969,1,0.1,0.06635000000000085
969,2,0.1,0.05145000000000096
969,4,0.1,0.039400000000000615
969,8,0.1,0.03565000000000051
970,1,0.1,0.08489999999999881
970,2,0.1,0.050550000000000934
970,4,0.1,0.03445000000000047
970,8,0.1,0.03045000000000036
971,1,0.1,0.07839999999999953
971,2,0.1,0.057600000000001136
971,4,0.1,0.033800000000000455
971,8,0.1,0.028850000000000313
972,1,0.1,0.12659999999999422
972,2,0.1,0.06610000000000088
972,4,0.1,0.04525000000000078
972,8,0.1,0.03330000000000044
973,1,0.1,0.09839999999999732
973,2,0.1,0.06045000000000122
973,4,0.1,0.03670000000000054
973,8,0.1,0.03055000000000036
974,1,0.1,0.07405
974,2,0.1,0.04760000000000085
974,4,0.1,0.041500000000000675
974,8,0.1,0.03475000000000048
975,1,0.1,0.11614999999999537
975,2,0.1,0.06630000000000086
975,4,0.1,0.043600000000000735
975,8,0.1,0.028900000000000314
976,1,0.1,0.09369999999999784
976,2,0.1,0.0687000000000006
976,4,0.1,0.04380000000000074
976,8,0.1,0.03585000000000051
977,1,0.1,0.09379999999999783
977,2,0.1,0.05950000000000119
977,4,0.1,0.04560000000000079
977,8,0.1,0.0458000000000008
978,1,0.1,0.0750499999999999
978,2,0.1,0.04700000000000083
978,4,0.1,0.04310000000000072
978,8,0.1,0.03500000000000049
979,1,0.1,0.08924999999999833
979,2,0.1,0.06330000000000119
979,4,0.1,0.040050000000000634
979,8,0.1,0.0458000000000008
980,1,0.1,0.09099999999999814
980,2,0.1,0.04615000000000081
980,4,0.1,0.042900000000000715
980,8,0.1,0.03080000000000037
981,1,0.1,0.08469999999999883
981,2,0.1,0.049900000000000916
981,4,0.1,0.04265000000000071
981,8,0.1,0.033850000000000456
982,1,0.1,0.09114999999999812
982,2,0.1,0.06525000000000097
982,4,0.1,0.05435000000000104
982,8,0.1,0.03815000000000058
983,1,0.1,0.08274999999999905
983,2,0.1,0.05395000000000103
983,4,0.1,0.05035000000000093
983,8,0.1,0.04660000000000082
984,1,0.1,0.0985499999999973
984,2,0.1,0.06375000000000114
984,4,0.1,0.04655000000000082
984,8,0.1,0.032800000000000426
985,1,0.1,0.08009999999999934
985,2,0.1,0.04870000000000088
985,4,0.1,0.04515000000000078
985,8,0.1,0.031050000000000376
986,1,0.1,0.10819999999999624
986,2,0.1,0.07764999999999961
986,4,0.1,0.05000000000000092
986,8,0.1,0.04730000000000084
987,1,0.1,0.12234999999999469
987,2,0.1,0.04835000000000087
987,4,0.1,0.040400000000000644
987,8,0.1,0.030250000000000353
988,1,0.1,0.10539999999999655
988,2,0.1,0.0786499999999995
988,4,0.1,0.050900000000000944
988,8,0.1,0.03365000000000045
989,1,0.1,0.06645000000000084
989,2,0.1,0.06195000000000126
989,4,0.1,0.04155000000000068
989,8,0.1,0.032750000000000425
990,1,0.1,0.09839999999999732
990,2,0.1,0.06005000000000121
990,4,0.1,0.044250000000000754
990,8,0.1,0.0355000000000005
991,1,0.1,0.1204499999999949
991,2,0.1,0.06910000000000055
991,4,0.1,0.06270000000000125
991,8,0.1,0.043250000000000725
992,1,0.1,0.09554999999999764
992,2,0.1,0.0868499999999986
992,4,0.1,0.04540000000000079
992,8,0.1,0.03130000000000038
993,1,0.1,0.07280000000000014
993,2,0.1,0.05905000000000118
993,4,0.1,0.044250000000000754
993,8,0.1,0.036900000000000543
994,1,0.1,0.07454999999999995
994,2,0.1,0.038000000000000575
994,4,0.1,0.04345000000000073
994,8,0.1,0.03855000000000059
995,1,0.1,0.06840000000000063
995,2,0.1,0.05810000000000115
995,4,0.1,0.040750000000000654
995,8,0.1,0.038400000000000586
996,1,0.1,0.08109999999999923
996,2,0.1,0.05045000000000093
996,4,0.1,0.057600000000001136
996,8,0.1,0.03360000000000045
997,1,0.1,0.06545000000000095
997,2,0.1,0.04895000000000089
997,4,0.1,0.03320000000000044
997,8,0.1,0.029600000000000334
998,1,0.1,0.09634999999999755
998,2,0.1,0.059300000000001185
998,4,0.1,0.03715000000000055
998,8,0.1,0.029950000000000344
999,1,0.1,0.08734999999999854
999,2,0.1,0.07190000000000024
999,4,0.1,0.03810000000000058
999,8,0.1,0.03685000000000054
0,1,0.3,0.1257999999999943
0,2,0.3,0.07764999999999961
0,4,0.3,0.0494000000000009
0,8,0.3,0.049150000000000894
1,1,0.3,0.09299999999999792
1,2,0.3,0.07539999999999986
1,4,0.3,0.051600000000000965
1,8,0.3,0.05180000000000097
2,1,0.3,0.13689999999999308
2,2,0.3,0.09179999999999805
2,4,0.3,0.06095000000000123
2,8,0.3,0.04270000000000071
3,1,0.3,0.08364999999999895
3,2,0.3,0.07449999999999996
3,4,0.3,0.055800000000001085
3,8,0.3,0.04685000000000083
4,1,0.3,0.1031499999999968
4,2,0.3,0.06980000000000047
4,4,0.3,0.04445000000000076
4,8,0.3,0.04610000000000081
5,1,0.3,0.10784999999999628
5,2,0.3,0.07649999999999973
5,4,0.3,0.058600000000001165
5,8,0.3,0.04055000000000065
6,1,0.3,0.1277499999999941
6,2,0.3,0.06710000000000077
6,4,0.3,0.05030000000000093
6,8,0.3,0.05255000000000099
7,1,0.3,0.11844999999999511
7,2,0.3,0.0912999999999981
7,4,0.3,0.05215000000000098
7,8,0.3,0.04350000000000073
8,1,0.3,0.1076999999999963
8,2,0.3,0.0687000000000006
8,4,0.3,0.04795000000000086
8,8,0.3,0.039450000000000617
9,1,0.3,0.09884999999999727
9,2,0.3,0.08599999999999869
9,4,0.3,0.04790000000000086
9,8,0.3,0.04650000000000082
10,1,0.3,0.11289999999999573
10,2,0.3,0.08074999999999927
10,4,0.3,0.049850000000000914
10,8,0.3,0.03635000000000053
11,1,0.3,0.08989999999999826
11,2,0.3,0.06485000000000102
11,4,0.3,0.052350000000000986
11,8,0.3,0.04555000000000079
12,1,0.3,0.10754999999999632
12,2,0.3,0.06845000000000062
12,4,0.3,0.05470000000000105
12,8,0.3,0.03925000000000061
13,1,0.3,0.09944999999999721
13,2,0.3,0.09079999999999816
13,4,0.3,0.057200000000001125
13,8,0.3,0.04315000000000072
14,1,0.3,0.12729999999999414
14,2,0.3,0.08974999999999828
14,4,0.3,0.06465000000000104
14,8,0.3,0.03995000000000063
15,1,0.3,0.09169999999999806
15,2,0.3,0.08064999999999928
15,4,0.3,0.054050000000001035
15,8,0.3,0.03580000000000051
16,1,0.3,0.12244999999999467
16,2,0.3,0.07070000000000037
16,4,0.3,0.04755000000000085
16,8,0.3,0.03635000000000053
17,1,0.3,0.1149999999999955
17,2,0.3,0.08029999999999932
17,4,0.3,0.05780000000000114
17,8,0.3,0.049550000000000906
18,1,0.3,0.12919999999999393
18,2,0.3,0.07994999999999935
18,4,0.3,0.057200000000001125
18,8,0.3,0.04435000000000076
19,1,0.3,0.11929999999999502
19,2,0.3,0.0812999999999992
19,4,0.3,0.060350000000001215
19,8,0.3,0.0562500000000011
20,1,0.3,0.13524999999999326
20,2,0.3,0.0858499999999987
20,4,0.3,0.07190000000000024
20,8,0.3,0.039750000000000625
21,1,0.3,0.10554999999999654
21,2,0.3,0.08694999999999858
21,4,0.3,0.058650000000001166
21,8,0.3,0.043250000000000725
22,1,0.3,0.10464999999999663
22,2,0.3,0.07574999999999982
22,4,0.3,0.057500000000001134
22,8,0.3,0.04440000000000076
23,1,0.3,0.10089999999999705
23,2,0.3,0.06395000000000112
23,4,0.3,0.05110000000000095
23,8,0.3,0.039000000000000604
24,1,0.3,0.11114999999999592
24,2,0.3,0.08454999999999885
24,4,0.3,0.06795000000000068
24,8,0.3,0.052000000000000976
25,1,0.3,0.11414999999999559
25,2,0.3,0.09569999999999762
25,4,0.3,0.09809999999999736
25,8,0.3,0.045000000000000775
26,1,0.3,0.11974999999999497
26,2,0.3,0.0886499999999984
26,4,0.3,0.053750000000001026
26,8,0.3,0.040750000000000654
27,1,0.3,0.13714999999999306
27,2,0.3,0.08339999999999897
27,4,0.3,0.04525000000000078
27,8,0.3,0.04795000000000086
28,1,0.3,0.13234999999999358
28,2,0.3,0.11814999999999515
28,4,0.3,0.06600000000000089
28,8,0.3,0.04820000000000087
29,1,0.3,0.09794999999999737
29,2,0.3,0.0786499999999995
29,4,0.3,0.07599999999999979
29,8,0.3,0.04345000000000073
30,1,0.3,0.12634999999999424
30,2,0.3,0.07030000000000042
30,4,0.3,0.04840000000000087
30,8,0.3,0.036600000000000535
31,1,0.3,0.11539999999999545
31,2,0.3,0.08834999999999843
31,4,0.3,0.05500000000000106
31,8,0.3,0.04630000000000081
32,1,0.3,0.10834999999999623
32,2,0.3,0.10304999999999681
32,4,0.3,0.055850000000001086
32,8,0.3,0.04730000000000084
33,1,0.3,0.14469999999999222
33,2,0.3,0.08644999999999864
33,4,0.3,0.06710000000000077
33,8,0.3,0.04875000000000088
34,1,0.3,0.10849999999999621
34,2,0.3,0.08219999999999911
34,4,0.3,0.07165000000000027
34,8,0.3,0.050200000000000924
35,1,0.3,0.11124999999999591
35,2,0.3,0.0968499999999975
35,4,0.3,0.0599000000000012
35,8,0.3,0.04140000000000067
36,1,0.3,0.09714999999999746
36,2,0.3,0.07375000000000004
36,4,0.3,0.059950000000001204
36,8,0.3,0.037250000000000554
37,1,0.3,0.12059999999999488
37,2,0.3,0.11174999999999585
37,4,0.3,0.060300000000001214
37,8,0.3,0.03985000000000063
38,1,0.3,0.12704999999999417
38,2,0.3,0.06550000000000095
38,4,0.3,0.05470000000000105
38,8,0.3,0.047050000000000834
39,1,0.3,0.12319999999999459
39,2,0.3,0.09069999999999817
39,4,0.3,0.07095000000000035
39,8,0.3,0.05390000000000103
40,1,0.3,0.13349999999999346
40,2,0.3,0.11689999999999529
40,4,0.3,0.08059999999999928
40,8,0.3,0.052800000000001
41,1,0.3,0.09429999999999777
41,2,0.3,0.07345000000000007
41,4,0.3,0.05105000000000095
41,8,0.3,0.037600000000000564
42,1,0.3,0.10844999999999622
42,2,0.3,0.07649999999999973
42,4,0.3,0.04305000000000072
42,8,0.3,0.0353000000000005
43,1,0.3,0.12009999999999493
43,2,0.3,0.08539999999999875
43,4,0.3,0.04725000000000084
43,8,0.3,0.041850000000000685
44,1,0.3,0.1413999999999926
44,2,0.3,0.09834999999999733
44,4,0.3,0.05525000000000107
44,8,0.3,0.04895000000000089
45,1,0.3,0.11234999999999579
45,2,0.3,0.07964999999999939
45,4,0.3,0.05470000000000105
45,8,0.3,0.04315000000000072
46,1,0.3,0.11904999999999505
46,2,0.3,0.06745000000000073
46,4,0.3,0.0563500000000011
46,8,0.3,0.04520000000000078
47,1,0.3,0.10574999999999651
47,2,0.3,0.08294999999999902
47,4,0.3,0.06200000000000126
47,8,0.3,0.04210000000000069
48,1,0.3,0.1130999999999957
48,2,0.3,0.06290000000000123
48,4,0.3,0.06040000000000122
48,8,0.3,0.03965000000000062
49,1,0.3,0.12834999999999402
49,2,0.3,0.06825000000000064
49,4,0.3,0.07190000000000024
49,8,0.3,0.039450000000000617
50,1,0.3,0.09904999999999725
50,2,0.3,0.05385000000000103
50,4,0.3,0.050950000000000946
50,8,0.3,0.03815000000000058
51,1,0.3,0.11444999999999556
51,2,0.3,0.0659500000000009
51,4,0.3,0.07400000000000001
51,8,0.3,0.04375000000000074
52,1,0.3,0.11864999999999509
52,2,0.3,0.08789999999999848
52,4,0.3,0.06480000000000102
52,8,0.3,0.04470000000000077
53,1,0.3,0.11519999999999547
53,2,0.3,0.08779999999999849
53,4,0.3,0.07015000000000043
53,8,0.3,0.040800000000000655
54,1,0.3,0.10709999999999636
54,2,0.3,0.07579999999999981
54,4,0.3,0.06155000000000125
54,8,0.3,0.042550000000000705
55,1,0.3,0.12639999999999424
55,2,0.3,0.10189999999999694
55,4,0.3,0.08554999999999874
55,8,0.3,0.04690000000000083
56,1,0.3,0.1303999999999938
56,2,0.3,0.09549999999999764
56,4,0.3,0.060000000000001205
56,8,0.3,0.050900000000000944
57,1,0.3,0.12999999999999384
57,2,0.3,0.11354999999999565
57,4,0.3,0.0859499999999987
57,8,0.3,0.05770000000000114
58,1,0.3,0.10159999999999697
58,2,0.3,0.07270000000000015
58,4,0.3,0.0459000000000008
58,8,0.3,0.04105000000000066
59,1,0.3,0.11539999999999545
59,2,0.3,0.07030000000000042
59,4,0.3,0.048850000000000886
59,8,0.3,0.040400000000000644
60,1,0.3,0.13074999999999376
60,2,0.3,0.08629999999999866
60,4,0.3,0.05010000000000092
60,8,0.3,0.035250000000000496
61,1,0.3,0.11204999999999582
61,2,0.3,0.07195000000000024
61,4,0.3,0.052000000000000976
61,8,0.3,0.034900000000000486
62,1,0.3,0.12079999999999486
62,2,0.3,0.08204999999999912
62,4,0.3,0.04895000000000089
62,8,0.3,0.03650000000000053
63,1,0.3,0.12899999999999395
63,2,0.3,0.07689999999999969
63,4,0.3,0.062100000000001265
63,8,0.3,0.0423500000000007
64,1,0.3,0.10339999999999677
64,2,0.3,0.06615000000000087
64,4,0.3,0.04680000000000083
64,8,0.3,0.03635000000000053
65,1,0.3,0.12289999999999462
65,2,0.3,0.0641000000000011
65,4,0.3,0.046000000000000804
65,8,0.3,0.03605000000000052
66,1,0.3,0.09429999999999777
66,2,0.3,0.07699999999999968
66,4,0.3,0.060350000000001215
66,8,0.3,0.04665000000000082
67,1,0.3,0.10819999999999624
67,2,0.3,0.0795999999999994
67,4,0.3,0.05590000000000109
67,8,0.3,0.035900000000000515
68,1,0.3,0.09614999999999757
68,2,0.3,0.09504999999999769
68,4,0.3,0.04695000000000083
68,8,0.3,0.03775000000000057
69,1,0.3,0.11174999999999585
69,2,0.3,0.07090000000000035
69,4,0.3,0.046350000000000814
69,8,0.3,0.04405000000000075
70,1,0.3,0.12909999999999394
70,2,0.3,0.07689999999999969
70,4,0.3,0.07235000000000019
70,8,0.3,0.04165000000000068
71,1,0.3,0.12819999999999404
71,2,0.3,0.08074999999999927
71,4,0.3,0.06975000000000048
71,8,0.3,0.05465000000000105
72,1,0.3,0.09184999999999804
72,2,0.3,0.07150000000000029
72,4,0.3,0.04540000000000079
72,8,0.3,0.038300000000000584
73,1,0.3,0.1031999999999968
73,2,0.3,0.08354999999999896
73,4,0.3,0.04545000000000079
73,8,0.3,0.04450000000000076
74,1,0.3,0.14364999999999234
74,2,0.3,0.07280000000000014
74,4,0.3,0.05500000000000106
74,8,0.3,0.052000000000000976
75,1,0.3,0.09644999999999754
75,2,0.3,0.07509999999999989
75,4,0.3,0.045700000000000796
75,8,0.3,0.036250000000000525
76,1,0.3,0.13149999999999368
76,2,0.3,0.09169999999999806
76,4,0.3,0.049200000000000896
76,8,0.3,0.033150000000000436
77,1,0.3,0.10179999999999695
77,2,0.3,0.083199999999999
77,4,0.3,0.055150000000001066
77,8,0.3,0.03790000000000057
78,1,0.3,0.09449999999999775
78,2,0.3,0.06345000000000117
78,4,0.3,0.04065000000000065
78,8,0.3,0.037650000000000565
79,1,0.3,0.11234999999999579
79,2,0.3,0.0695000000000005
79,4,0.3,0.053400000000001016
79,8,0.3,0.037350000000000556
80,1,0.3,0.128599999999994
80,2,0.3,0.08184999999999915
80,4,0.3,0.052900000000001
80,8,0.3,0.04560000000000079
81,1,0.3,0.11694999999999528
81,2,0.3,0.11149999999999588
81,4,0.3,0.06705000000000078
81,8,0.3,0.039750000000000625
82,1,0.3,0.09919999999999723
82,2,0.3,0.10459999999999664
82,4,0.3,0.050200000000000924
82,8,0.3,0.040800000000000655
83,1,0.3,0.12074999999999486
83,2,0.3,0.08214999999999911
83,4,0.3,0.054050000000001035
83,8,0.3,0.04620000000000081
84,1,0.3,0.12239999999999468
84,2,0.3,0.08219999999999911
84,4,0.3,0.04900000000000089
84,8,0.3,0.06015000000000121
85,1,0.3,0.1267999999999942
85,2,0.3,0.06060000000000122
85,4,0.3,0.055500000000001076
85,8,0.3,0.03990000000000063
86,1,0.3,0.10574999999999651
86,2,0.3,0.06765000000000071
86,4,0.3,0.0768499999999997
86,8,0.3,0.05215000000000098
87,1,0.3,0.11199999999999583
87,2,0.3,0.06935000000000052
87,4,0.3,0.05575000000000108
87,8,0.3,0.04760000000000085
88,1,0.3,0.11929999999999502
88,2,0.3,0.08784999999999848
88,4,0.3,0.0598500000000012
88,8,0.3,0.057550000000001135
89,1,0.3,0.12209999999999471
89,2,0.3,0.08544999999999875
89,4,0.3,0.04790000000000086
89,8,0.3,0.03775000000000057
90,1,0.3,0.11164999999999586
90,2,0.3,0.0695500000000005
90,4,0.3,0.05745000000000113
90,8,0.3,0.04305000000000072
91,1,0.3,0.09559999999999763
91,2,0.3,0.06290000000000123
91,4,0.3,0.05100000000000095
91,8,0.3,0.04195000000000069
92,1,0.3,0.119549999999995
92,2,0.3,0.06255000000000127
92,4,0.3,0.053050000000001006
92,8,0.3,0.04155000000000068
93,1,0.3,0.11029999999999601
93,2,0.3,0.07020000000000043
93,4,0.3,0.05470000000000105
93,8,0.3,0.035200000000000495
94,1,0.3,0.12474999999999442
94,2,0.3,0.10489999999999661
94,4,0.3,0.07484999999999992
94,8,0.3,0.04660000000000082
95,1,0.3,0.13834999999999292
95,2,0.3,0.08464999999999884
95,4,0.3,0.05045000000000093
95,8,0.3,0.03955000000000062
96,1,0.3,0.10424999999999668
96,2,0.3,0.07220000000000021
96,4,0.3,0.043250000000000725
96,8,0.3,0.03790000000000057
97,1,0.3,0.11234999999999579
97,2,0.3,0.0804499999999993
97,4,0.3,0.05730000000000113
97,8,0.3,0.04090000000000066
98,1,0.3,0.10664999999999641
98,2,0.3,0.08299999999999902
98,4,0.3,0.04665000000000082
98,8,0.3,0.04050000000000065
99,1,0.3,0.12689999999999418
99,2,0.3,0.07819999999999955
99,4,0.3,0.0686000000000006
99,8,0.3,0.04275000000000071
100,1,0.3,0.09729999999999744
100,2,0.3,0.083199999999999
100,4,0.3,0.05150000000000096
100,8,0.3,0.03855000000000059
101,1,0.3,0.10369999999999674
101,2,0.3,0.07434999999999997
101,4,0.3,0.04820000000000087
101,8,0.3,0.03815000000000058
102,1,0.3,0.10069999999999707
102,2,0.3,0.06555000000000094
102,4,0.3,0.04270000000000071
102,8,0.3,0.037600000000000564
103,1,0.3,0.0877499999999985
103,2,0.3,0.0723000000000002
103,4,0.3,0.053050000000001006
103,8,0.3,0.03610000000000052
104,1,0.3,0.13744999999999302
104,2,0.3,0.054750000000001055
104,4,0.3,0.061000000000001234
104,8,0.3,0.04265000000000071
105,1,0.3,0.10054999999999709
105,2,0.3,0.08234999999999909
105,4,0.3,0.050950000000000946
105,8,0.3,0.04730000000000084
106,1,0.3,0.11049999999999599
106,2,0.3,0.07714999999999966
106,4,0.3,0.04280000000000071
106,8,0.3,0.043950000000000745
107,1,0.3,0.11104999999999593
107,2,0.3,0.0858999999999987
107,4,0.3,0.07090000000000035
107,8,0.3,0.06025000000000121
108,1,0.3,0.13184999999999364
108,2,0.3,0.09449999999999775
108,4,0.3,0.07375000000000004
108,8,0.3,0.04655000000000082
109,1,0.3,0.10779999999999629
109,2,0.3,0.06385000000000113
109,4,0.3,0.04520000000000078
109,8,0.3,0.040100000000000635
110,1,0.3,0.11794999999999517
110,2,0.3,0.08079999999999926
110,4,0.3,0.047100000000000836
110,8,0.3,0.04085000000000066
111,1,0.3,0.11629999999999535
111,2,0.3,0.07325000000000009
111,4,0.3,0.06435000000000107
111,8,0.3,0.03600000000000052
112,1,0.3,0.10084999999999705
112,2,0.3,0.07130000000000031
112,4,0.3,0.051950000000000975
112,8,0.3,0.048500000000000876
113,1,0.3,0.10974999999999607
113,2,0.3,0.0885999999999984
113,4,0.3,0.04795000000000086
113,8,0.3,0.04420000000000075
114,1,0.3,0.11089999999999595
114,2,0.3,0.07664999999999972
114,4,0.3,0.05745000000000113
114,8,0.3,0.039350000000000614
115,1,0.3,0.1430999999999924
115,2,0.3,0.07829999999999954
115,4,0.3,0.06080000000000123
115,8,0.3,0.045700000000000796
116,1,0.3,0.11389999999999562
116,2,0.3,0.07674999999999971
116,4,0.3,0.062450000000001275
116,8,0.3,0.040750000000000654
117,1,0.3,0.11084999999999595
117,2,0.3,0.09214999999999801
117,4,0.3,0.054750000000001055
117,8,0.3,0.04755000000000085
118,1,0.3,0.0885999999999984
118,2,0.3,0.07889999999999947
118,4,0.3,0.05205000000000098
118,8,0.3,0.04470000000000077
119,1,0.3,0.119449999999995
119,2,0.3,0.09114999999999812
119,4,0.3,0.06585000000000091
119,8,0.3,0.04305000000000072
120,1,0.3,0.11099999999999594
120,2,0.3,0.06110000000000124
120,4,0.3,0.04560000000000079
120,8,0.3,0.03565000000000051
121,1,0.3,0.12374999999999453
121,2,0.3,0.08259999999999906
121,4,0.3,0.06510000000000099
121,8,0.3,0.043200000000000724
122,1,0.3,0.11284999999999573
122,2,0.3,0.08179999999999915
122,4,0.3,0.057950000000001146
122,8,0.3,0.039700000000000624
123,1,0.3,0.12009999999999493
123,2,0.3,0.06345000000000117
123,4,0.3,0.05220000000000098
123,8,0.3,0.05605000000000109
124,1,0.3,0.11214999999999581
124,2,0.3,0.0598000000000012
124,4,0.3,0.05215000000000098
124,8,0.3,0.04190000000000069
125,1,0.3,0.10739999999999633
125,2,0.3,0.08429999999999888
125,4,0.3,0.058250000000001155
125,8,0.3,0.044300000000000755
126,1,0.3,0.11374999999999563
126,2,0.3,0.08479999999999882
126,4,0.3,0.04790000000000086
126,8,0.3,0.04070000000000065
127,1,0.3,0.10639999999999644
127,2,0.3,0.0804999999999993
127,4,0.3,0.06130000000000124
127,8,0.3,0.0389000000000006
128,1,0.3,0.1304999999999938
128,2,0.3,0.07669999999999971
128,4,0.3,0.06690000000000079
128,8,0.3,0.04410000000000075
129,1,0.3,0.11684999999999529
129,2,0.3,0.06740000000000074
129,4,0.3,0.04715000000000084
129,8,0.3,0.03670000000000054
130,1,0.3,0.16274999999999024
130,2,0.3,0.08304999999999901
130,4,0.3,0.0668500000000008
130,8,0.3,0.05040000000000093
131,1,0.3,0.10449999999999665
131,2,0.3,0.07784999999999959
131,4,0.3,0.05255000000000099
131,8,0.3,0.04100000000000066
132,1,0.3,0.137599999999993
132,2,0.3,0.0867499999999986
132,4,0.3,0.0424000000000007
132,8,0.3,0.038000000000000575
133,1,0.3,0.13559999999999323
133,2,0.3,0.0749499999999999
133,4,0.3,0.06485000000000102
133,8,0.3,0.05310000000000101
134,1,0.3,0.1130999999999957
134,2,0.3,0.0686500000000006
134,4,0.3,0.050900000000000944
134,8,0.3,0.039750000000000625
135,1,0.3,0.11274999999999574
135,2,0.3,0.07330000000000009
135,4,0.3,0.05315000000000101
135,8,0.3,0.04060000000000065
136,1,0.3,0.12824999999999404
136,2,0.3,0.07599999999999979
136,4,0.3,0.0494000000000009
136,8,0.3,0.034900000000000486
137,1,0.3,0.19349999999998685
137,2,0.3,0.09194999999999803
137,4,0.3,0.04380000000000074
137,8,0.3,0.03320000000000044
138,1,0.3,0.10919999999999613
138,2,0.3,0.07599999999999979
138,4,0.3,0.053000000000001005
138,8,0.3,0.04130000000000067
139,1,0.3,0.13014999999999383
139,2,0.3,0.09929999999999722
139,4,0.3,0.06840000000000063
139,8,0.3,0.044600000000000764
140,1,0.3,0.10874999999999618
140,2,0.3,0.07285000000000014
140,4,0.3,0.050250000000000926
140,8,0.3,0.049550000000000906
141,1,0.3,0.10419999999999668
141,2,0.3,0.09619999999999757
141,4,0.3,0.07454999999999995
141,8,0.3,0.044250000000000754
142,1,0.3,0.12339999999999457
142,2,0.3,0.07080000000000036
142,4,0.3,0.047750000000000854
142,8,0.3,0.04715000000000084
143,1,0.3,0.1395499999999928
143,2,0.3,0.07424999999999998
143,4,0.3,0.056550000000001106
143,8,0.3,0.043600000000000735
144,1,0.3,0.0949999999999977
144,2,0.3,0.06090000000000123
144,4,0.3,0.04665000000000082
144,8,0.3,0.04445000000000076
145,1,0.3,0.11204999999999582
145,2,0.3,0.07255000000000017
145,4,0.3,0.048100000000000864
145,8,0.3,0.04275000000000071
146,1,0.3,0.12424999999999448
146,2,0.3,0.06705000000000078
146,4,0.3,0.03960000000000062
146,8,0.3,0.0388500000000006
147,1,0.3,0.12999999999999384
147,2,0.3,0.05555000000000108
147,4,0.3,0.04860000000000088
147,8,0.3,0.04025000000000064
148,1,0.3,0.0985999999999973
148,2,0.3,0.08474999999999883
148,4,0.3,0.05005000000000092
148,8,0.3,0.038350000000000585
149,1,0.3,0.0949499999999977
149,2,0.3,0.06255000000000127
149,4,0.3,0.05155000000000096
149,8,0.3,0.04630000000000081
150,1,0.3,0.1295999999999939
150,2,0.3,0.07070000000000037
150,4,0.3,0.061400000000001245
150,8,0.3,0.045700000000000796
151,1,0.3,0.12694999999999418
151,2,0.3,0.06830000000000064
151,4,0.3,0.048150000000000866
151,8,0.3,0.04295000000000072
152,1,0.3,0.11649999999999533
152,2,0.3,0.0695500000000005
152,4,0.3,0.045300000000000784
152,8,0.3,0.03925000000000061
153,1,0.3,0.09694999999999748
153,2,0.3,0.0795499999999994
153,4,0.3,0.05810000000000115
153,8,0.3,0.0562500000000011
154,1,0.3,0.10754999999999632
154,2,0.3,0.056150000000001095
154,4,0.3,0.04900000000000089
154,8,0.3,0.038700000000000595
155,1,0.3,0.12999999999999384
155,2,0.3,0.08204999999999912
155,4,0.3,0.06985000000000047
155,8,0.3,0.044650000000000765
156,1,0.3,0.10704999999999637
156,2,0.3,0.06890000000000057
156,4,0.3,0.05110000000000095
156,8,0.3,0.04260000000000071
157,1,0.3,0.09304999999999791
157,2,0.3,0.06075000000000123
157,4,0.3,0.05315000000000101
157,8,0.3,0.038700000000000595
158,1,0.3,0.1085999999999962
158,2,0.3,0.08349999999999896
158,4,0.3,0.06835000000000063
158,8,0.3,0.0422500000000007
159,1,0.3,0.14984999999999166
159,2,0.3,0.06455000000000105
159,4,0.3,0.052750000000001
159,8,0.3,0.045350000000000786
160,1,0.3,0.11864999999999509
160,2,0.3,0.07130000000000031
160,4,0.3,0.053350000000001015
160,8,0.3,0.0388500000000006
161,1,0.3,0.11479999999999552
161,2,0.3,0.08034999999999931
161,4,0.3,0.04910000000000089
161,8,0.3,0.04855000000000088
162,1,0.3,0.10459999999999664
162,2,0.3,0.06370000000000114
162,4,0.3,0.06020000000000121
162,8,0.3,0.044950000000000774
163,1,0.3,0.12604999999999428
163,2,0.3,0.06885000000000058
163,4,0.3,0.059600000000001194
163,8,0.3,0.045000000000000775
164,1,0.3,0.146849999999992
164,2,0.3,0.07969999999999938
164,4,0.3,0.06660000000000083
164,8,0.3,0.03950000000000062
165,1,0.3,0.16439999999999005
165,2,0.3,0.09099999999999814
165,4,0.3,0.05465000000000105
165,8,0.3,0.043250000000000725
166,1,0.3,0.1212999999999948
166,2,0.3,0.09509999999999769
166,4,0.3,0.06470000000000103
166,8,0.3,0.04870000000000088
167,1,0.3,0.10159999999999697
167,2,0.3,0.10714999999999636
167,4,0.3,0.08519999999999878
167,8,0.3,0.060300000000001214
168,1,0.3,0.10729999999999634
168,2,0.3,0.07095000000000035
168,4,0.3,0.06480000000000102
168,8,0.3,0.050200000000000924
169,1,0.3,0.1266499999999942
169,2,0.3,0.07265000000000016
169,4,0.3,0.047750000000000854
169,8,0.3,0.0459500000000008
170,1,0.3,0.1658499999999899
170,2,0.3,0.11559999999999543
170,4,0.3,0.06290000000000123
170,8,0.3,0.06260000000000127
171,1,0.3,0.10644999999999644
171,2,0.3,0.09509999999999769
171,4,0.3,0.053750000000001026
171,8,0.3,0.03670000000000054
172,1,0.3,0.12569999999999432
172,2,0.3,0.06760000000000072
172,4,0.3,0.06085000000000123
172,8,0.3,0.04730000000000084
173,1,0.3,0.10459999999999664
173,2,0.3,0.062050000000001264
173,4,0.3,0.049850000000000914
173,8,0.3,0.03640000000000053
174,1,0.3,0.12114999999999482
174,2,0.3,0.06875000000000059
174,4,0.3,0.050950000000000946
174,8,0.3,0.047750000000000854
175,1,0.3,0.12004999999999494
175,2,0.3,0.10274999999999684
175,4,0.3,0.051300000000000956
175,8,0.3,0.0459000000000008
176,1,0.3,0.10079999999999706
176,2,0.3,0.07879999999999948
176,4,0.3,0.0640500000000011
176,8,0.3,0.04405000000000075
177,1,0.3,0.10189999999999694
177,2,0.3,0.07250000000000018
177,4,0.3,0.06355000000000116
177,8,0.3,0.04140000000000067
178,1,0.3,0.09524999999999767
178,2,0.3,0.07994999999999935
178,4,0.3,0.05455000000000105
178,8,0.3,0.0423000000000007
179,1,0.3,0.1040999999999967
179,2,0.3,0.09519999999999768
179,4,0.3,0.05705000000000112
179,8,0.3,0.04545000000000079
180,1,0.3,0.1384499999999929
180,2,0.3,0.09269999999999795
180,4,0.3,0.0677500000000007
180,8,0.3,0.03775000000000057
181,1,0.3,0.1058499999999965
181,2,0.3,0.09014999999999823
181,4,0.3,0.05365000000000102
181,8,0.3,0.04375000000000074
182,1,0.3,0.10829999999999623
182,2,0.3,0.0695000000000005
182,4,0.3,0.052950000000001
182,8,0.3,0.03340000000000044
183,1,0.3,0.11834999999999513
183,2,0.3,0.08844999999999842
183,4,0.3,0.048800000000000884
183,8,0.3,0.03655000000000053
184,1,0.3,0.10084999999999705
184,2,0.3,0.08099999999999924
184,4,0.3,0.05840000000000116
184,8,0.3,0.03920000000000061
185,1,0.3,0.1448499999999922
185,2,0.3,0.10059999999999708
185,4,0.3,0.05950000000000119
185,8,0.3,0.05030000000000093
186,1,0.3,0.12054999999999488
186,2,0.3,0.07484999999999992
186,4,0.3,0.04830000000000087
186,8,0.3,0.037300000000000555
187,1,0.3,0.101349999999997
187,2,0.3,0.05840000000000116
187,4,0.3,0.03960000000000062
187,8,0.3,0.03480000000000048
188,1,0.3,0.10149999999999698
188,2,0.3,0.08969999999999828
188,4,0.3,0.07000000000000045
188,8,0.3,0.034850000000000485
189,1,0.3,0.11934999999999502
189,2,0.3,0.09919999999999723
189,4,0.3,0.0868499999999986
189,8,0.3,0.05100000000000095
190,1,0.3,0.1212999999999948
190,2,0.3,0.07644999999999974
190,4,0.3,0.05080000000000094
190,8,0.3,0.035900000000000515
191,1,0.3,0.1049499999999966
191,2,0.3,0.07365000000000005
191,4,0.3,0.06025000000000121
191,8,0.3,0.04625000000000081
192,1,0.3,0.11904999999999505
192,2,0.3,0.06155000000000125
192,4,0.3,0.05700000000000112
192,8,0.3,0.05255000000000099
193,1,0.3,0.10559999999999653
193,2,0.3,0.07150000000000029
193,4,0.3,0.06430000000000108
193,8,0.3,0.03810000000000058
194,1,0.3,0.1158499999999954
194,2,0.3,0.0803999999999993
194,4,0.3,0.05345000000000102
194,8,0.3,0.042900000000000715
195,1,0.3,0.12234999999999469
195,2,0.3,0.08099999999999924
195,4,0.3,0.05455000000000105
195,8,0.3,0.04995000000000092
196,1,0.3,0.1085499999999962
196,2,0.3,0.07944999999999941
196,4,0.3,0.04170000000000068
196,8,0.3,0.03475000000000048
197,1,0.3,0.10414999999999669
197,2,0.3,0.07415
197,4,0.3,0.048850000000000886
197,8,0.3,0.034200000000000466
198,1,0.3,0.10974999999999607
198,2,0.3,0.0812999999999992
198,4,0.3,0.06530000000000097
198,8,0.3,0.03685000000000054
199,1,0.3,0.09374999999999784
199,2,0.3,0.08234999999999909
199,4,0.3,0.08199999999999913
199,8,0.3,0.04650000000000082
200,1,0.3,0.12389999999999451
200,2,0.3,0.09234999999999799
200,4,0.3,0.051300000000000956
200,8,0.3,0.047100000000000836
201,1,0.3,0.09169999999999806
201,2,0.3,0.06825000000000064
201,4,0.3,0.05870000000000117
201,8,0.3,0.04155000000000068
202,1,0.3,0.09529999999999766
202,2,0.3,0.06165000000000125
202,4,0.3,0.049550000000000906
202,8,0.3,0.04055000000000065
203,1,0.3,0.110399999999996
203,2,0.3,0.05955000000000119
203,4,0.3,0.06185000000000126
203,8,0.3,0.03745000000000056
204,1,0.3,0.13454999999999334
204,2,0.3,0.10464999999999663
204,4,0.3,0.048450000000000874
204,8,0.3,0.042200000000000695
205,1,0.3,0.12894999999999396
205,2,0.3,0.08434999999999887
205,4,0.3,0.05910000000000118
205,8,0.3,0.034200000000000466
206,1,0.3,0.10064999999999708
206,2,0.3,0.08839999999999842
206,4,0.3,0.05170000000000097
206,8,0.3,0.03435000000000047
207,1,0.3,0.1303499999999938
207,2,0.3,0.07310000000000011
207,4,0.3,0.053000000000001005
207,8,0.3,0.05110000000000095
208,1,0.3,0.11484999999999551
208,2,0.3,0.09179999999999805
208,4,0.3,0.07030000000000042
208,8,0.3,0.05535000000000107
209,1,0.3,0.12509999999999438
209,2,0.3,0.06660000000000083
209,4,0.3,0.048850000000000886
209,8,0.3,0.042850000000000714
210,1,0.3,0.1067999999999964
210,2,0.3,0.09754999999999742
210,4,0.3,0.052650000000000995
210,8,0.3,0.041800000000000684
211,1,0.3,0.12884999999999397
211,2,0.3,0.07999999999999935
211,4,0.3,0.06075000000000123
211,8,0.3,0.04340000000000073
212,1,0.3,0.1522499999999914
212,2,0.3,0.09244999999999798
212,4,0.3,0.048150000000000866
212,8,0.3,0.04160000000000068
213,1,0.3,0.11384999999999562
213,2,0.3,0.08124999999999921
213,4,0.3,0.05745000000000113
213,8,0.3,0.04750000000000085
214,1,0.3,0.110399999999996
214,2,0.3,0.06880000000000058
214,4,0.3,0.052800000000001
214,8,0.3,0.037300000000000555
215,1,0.3,0.11004999999999604
215,2,0.3,0.08084999999999926
215,4,0.3,0.0705000000000004
215,8,0.3,0.05605000000000109
216,1,0.3,0.12194999999999473
216,2,0.3,0.08084999999999926
216,4,0.3,0.06880000000000058
216,8,0.3,0.04875000000000088
217,1,0.3,0.1113499999999959
217,2,0.3,0.07929999999999943
217,4,0.3,0.05575000000000108
217,8,0.3,0.054100000000001036
218,1,0.3,0.09789999999999738
218,2,0.3,0.0668500000000008
218,4,0.3,0.06695000000000079
218,8,0.3,0.047050000000000834
219,1,0.3,0.11054999999999598
219,2,0.3,0.07185000000000025
219,4,0.3,0.056800000000001113
219,8,0.3,0.04690000000000083
220,1,0.3,0.10489999999999661
220,2,0.3,0.06995000000000046
220,4,0.3,0.04685000000000083
220,8,0.3,0.04555000000000079
221,1,0.3,0.09749999999999742
221,2,0.3,0.10269999999999685
221,4,0.3,0.06765000000000071
221,8,0.3,0.04700000000000083
222,1,0.3,0.1158999999999954
222,2,0.3,0.06790000000000068
222,4,0.3,0.049500000000000904
222,8,0.3,0.04015000000000064
223,1,0.3,0.1076499999999963
223,2,0.3,0.07025000000000042
223,4,0.3,0.05675000000000111
223,8,0.3,0.039050000000000605
224,1,0.3,0.10964999999999608
224,2,0.3,0.0995499999999972
224,4,0.3,0.053050000000001006
224,8,0.3,0.041500000000000675
225,1,0.3,0.10179999999999695
225,2,0.3,0.07010000000000044
225,4,0.3,0.05665000000000111
225,8,0.3,0.038400000000000586
226,1,0.3,0.12269999999999465
226,2,0.3,0.07240000000000019
226,4,0.3,0.053700000000001025
226,8,0.3,0.047450000000000846
227,1,0.3,0.09899999999999726
227,2,0.3,0.07844999999999952
227,4,0.3,0.06670000000000081
227,8,0.3,0.038700000000000595
228,1,0.3,0.12564999999999432
228,2,0.3,0.07330000000000009
228,4,0.3,0.04560000000000079
228,8,0.3,0.03955000000000062
229,1,0.3,0.10369999999999674
229,2,0.3,0.07385000000000003
229,4,0.3,0.048150000000000866
229,8,0.3,0.049850000000000914
230,1,0.3,0.12079999999999486
230,2,0.3,0.06925000000000053
230,4,0.3,0.04370000000000074
230,8,0.3,0.03855000000000059
231,1,0.3,0.11529999999999546
231,2,0.3,0.0840499999999989
231,4,0.3,0.047100000000000836
231,8,0.3,0.042850000000000714
232,1,0.3,0.1266499999999942
232,2,0.3,0.07280000000000014
232,4,0.3,0.04910000000000089
232,8,0.3,0.05005000000000092
233,1,0.3,0.1022499999999969
233,2,0.3,0.07070000000000037
233,4,0.3,0.056850000000001115
233,8,0.3,0.043200000000000724
234,1,0.3,0.11154999999999587
234,2,0.3,0.0786499999999995
234,4,0.3,0.06585000000000091
234,8,0.3,0.052350000000000986
235,1,0.3,0.10614999999999647
235,2,0.3,0.09239999999999798
235,4,0.3,0.04620000000000081
235,8,0.3,0.03505000000000049
236,1,0.3,0.11749999999999522
236,2,0.3,0.07619999999999977
236,4,0.3,0.05705000000000112
236,8,0.3,0.04645000000000082
237,1,0.3,0.10144999999999699
237,2,0.3,0.06575000000000092
237,4,0.3,0.04610000000000081
237,8,0.3,0.039050000000000605
238,1,0.3,0.11084999999999595
238,2,0.3,0.08164999999999917
238,4,0.3,0.05535000000000107
238,8,0.3,0.060350000000001215
239,1,0.3,0.1257999999999943
239,2,0.3,0.08284999999999904
239,4,0.3,0.053750000000001026
239,8,0.3,0.03850000000000059
240,1,0.3,0.11189999999999584
240,2,0.3,0.06995000000000046
240,4,0.3,0.06260000000000127
240,8,0.3,0.05040000000000093
241,1,0.3,0.10599999999999649
241,2,0.3,0.07469999999999993
241,4,0.3,0.05590000000000109
241,8,0.3,0.04140000000000067
242,1,0.3,0.0867999999999986
242,2,0.3,0.06230000000000127
242,4,0.3,0.04140000000000067
242,8,0.3,0.04330000000000073
243,1,0.3,0.09869999999999729
243,2,0.3,0.09594999999999759
243,4,0.3,0.06025000000000121
243,8,0.3,0.04485000000000077
244,1,0.3,0.14164999999999256
244,2,0.3,0.08119999999999922
244,4,0.3,0.061750000000001255
244,8,0.3,0.05535000000000107
245,1,0.3,0.11699999999999527
245,2,0.3,0.09959999999999719
245,4,0.3,0.08579999999999871
245,8,0.3,0.039000000000000604
246,1,0.3,0.11074999999999596
246,2,0.3,0.08209999999999912
246,4,0.3,0.05000000000000092
246,8,0.3,0.04855000000000088
247,1,0.3,0.12634999999999424
247,2,0.3,0.0912999999999981
247,4,0.3,0.059600000000001194
247,8,0.3,0.05875000000000117
248,1,0.3,0.12334999999999458
248,2,0.3,0.08989999999999826
248,4,0.3,0.053000000000001005
248,8,0.3,0.042200000000000695
249,1,0.3,0.14624999999999205
249,2,0.3,0.07459999999999994
249,4,0.3,0.04965000000000091
249,8,0.3,0.03720000000000055
250,1,0.3,0.10559999999999653
250,2,0.3,0.07000000000000045
250,4,0.3,0.058300000000001156
250,8,0.3,0.04755000000000085
251,1,0.3,0.1458999999999921
251,2,0.3,0.07749999999999962
251,4,0.3,0.05800000000000115
251,8,0.3,0.039100000000000606
252,1,0.3,0.1348999999999933
252,2,0.3,0.10979999999999607
252,4,0.3,0.07020000000000043
252,8,0.3,0.056800000000001113
253,1,0.3,0.10924999999999613
253,2,0.3,0.07390000000000002
253,4,0.3,0.05365000000000102
253,8,0.3,0.049500000000000904
254,1,0.3,0.12279999999999464
254,2,0.3,0.060350000000001215
254,4,0.3,0.043600000000000735
254,8,0.3,0.047750000000000854
255,1,0.3,0.12789999999999407
255,2,0.3,0.08329999999999899
255,4,0.3,0.06285000000000124
255,8,0.3,0.04660000000000082
256,1,0.3,0.12019999999999492
256,2,0.3,0.06820000000000065
256,4,0.3,0.05430000000000104
256,8,0.3,0.0459500000000008
257,1,0.3,0.10179999999999695
257,2,0.3,0.08889999999999837
257,4,0.3,0.05420000000000104
257,8,0.3,0.042550000000000705
258,1,0.3,0.10534999999999656
258,2,0.3,0.10294999999999682
258,4,0.3,0.07280000000000014
258,8,0.3,0.06815000000000065
259,1,0.3,0.10469999999999663
259,2,0.3,0.11794999999999517
259,4,0.3,0.06535000000000096
259,8,0.3,0.04405000000000075
260,1,0.3,0.1275999999999941
260,2,0.3,0.07245000000000018
260,4,0.3,0.05765000000000114
260,8,0.3,0.05780000000000114
261,1,0.3,0.1250499999999944
261,2,0.3,0.07549999999999985
261,4,0.3,0.052850000000001
261,8,0.3,0.03370000000000045
262,1,0.3,0.12239999999999468
262,2,0.3,0.09514999999999768
262,4,0.3,0.09429999999999777
262,8,0.3,0.05105000000000095
263,1,0.3,0.13014999999999383
263,2,0.3,0.06425000000000108
263,4,0.3,0.0493500000000009
263,8,0.3,0.04800000000000086
264,1,0.3,0.12289999999999462
264,2,0.3,0.06925000000000053
264,4,0.3,0.06480000000000102
264,8,0.3,0.04685000000000083
265,1,0.3,0.18559999999998772
265,2,0.3,0.0977499999999974
265,4,0.3,0.07714999999999966
265,8,0.3,0.04270000000000071
266,1,0.3,0.1094499999999961
266,2,0.3,0.08069999999999927
266,4,0.3,0.06815000000000065
266,8,0.3,0.045300000000000784
267,1,0.3,0.09749999999999742
267,2,0.3,0.08269999999999905
267,4,0.3,0.06010000000000121
267,8,0.3,0.038750000000000596
268,1,0.3,0.12089999999999484
268,2,0.3,0.08359999999999895
268,4,0.3,0.05810000000000115
268,8,0.3,0.0388500000000006
269,1,0.3,0.10614999999999647
269,2,0.3,0.06570000000000092
269,4,0.3,0.0563000000000011
269,8,0.3,0.03685000000000054
270,1,0.3,0.17539999999998884
270,2,0.3,0.08854999999999841
270,4,0.3,0.06425000000000108
270,8,0.3,0.05225000000000098
271,1,0.3,0.1158499999999954
271,2,0.3,0.061350000000001244
271,4,0.3,0.06850000000000062
271,8,0.3,0.05460000000000105
272,1,0.3,0.13334999999999347
272,2,0.3,0.06750000000000073
272,4,0.3,0.050550000000000934
272,8,0.3,0.04280000000000071
273,1,0.3,0.11239999999999578
273,2,0.3,0.11239999999999578
273,4,0.3,0.06040000000000122
273,8,0.3,0.04260000000000071
274,1,0.3,0.1330499999999935
274,2,0.3,0.09624999999999756
274,4,0.3,0.05345000000000102
274,8,0.3,0.05050000000000093
275,1,0.3,0.12089999999999484
275,2,0.3,0.07065000000000038
275,4,0.3,0.06605000000000089
275,8,0.3,0.05605000000000109
276,1,0.3,0.1431499999999924
276,2,0.3,0.07674999999999971
276,4,0.3,0.04785000000000086
276,8,0.3,0.0424000000000007
277,1,0.3,0.12214999999999471
277,2,0.3,0.06805000000000067
277,4,0.3,0.04855000000000088
277,8,0.3,0.033850000000000456
278,1,0.3,0.10379999999999673
278,2,0.3,0.059650000000001195
278,4,0.3,0.056850000000001115
278,8,0.3,0.04260000000000071
279,1,0.3,0.12889999999999396
279,2,0.3,0.06840000000000063
279,4,0.3,0.06700000000000078
279,8,0.3,0.04295000000000072
280,1,0.3,0.1040999999999967
280,2,0.3,0.06830000000000064
280,4,0.3,0.056800000000001113
280,8,0.3,0.043250000000000725
281,1,0.3,0.09334999999999788
281,2,0.3,0.06900000000000056
281,4,0.3,0.04770000000000085
281,8,0.3,0.03610000000000052
282,1,0.3,0.09439999999999776
282,2,0.3,0.07984999999999937
282,4,0.3,0.054400000000001045
282,8,0.3,0.04205000000000069
283,1,0.3,0.09824999999999734
283,2,0.3,0.07375000000000004
283,4,0.3,0.061750000000001255
283,8,0.3,0.045000000000000775
284,1,0.3,0.08664999999999862
284,2,0.3,0.06835000000000063
284,4,0.3,0.05170000000000097
284,8,0.3,0.037350000000000556
285,1,0.3,0.10759999999999631
285,2,0.3,0.09699999999999748
285,4,0.3,0.06330000000000119
285,8,0.3,0.040750000000000654
286,1,0.3,0.11209999999999581
286,2,0.3,0.07145000000000029
286,4,0.3,0.06085000000000123
286,8,0.3,0.05315000000000101
287,1,0.3,0.12814999999999405
287,2,0.3,0.07305000000000011
287,4,0.3,0.052850000000001
287,8,0.3,0.04555000000000079
288,1,0.3,0.10349999999999676
288,2,0.3,0.07609999999999978
288,4,0.3,0.04440000000000076
288,8,0.3,0.05135000000000096
289,1,0.3,0.1076999999999963
289,2,0.3,0.09269999999999795
289,4,0.3,0.07240000000000019
289,8,0.3,0.04330000000000073
290,1,0.3,0.16424999999999007
290,2,0.3,0.09999999999999715
290,4,0.3,0.09019999999999823
290,8,0.3,0.046000000000000804
291,1,0.3,0.10794999999999627
291,2,0.3,0.06905000000000056
291,4,0.3,0.05450000000000105
291,8,0.3,0.03825000000000058
292,1,0.3,0.1185999999999951
292,2,0.3,0.09154999999999808
292,4,0.3,0.04860000000000088
292,8,0.3,0.037250000000000554
293,1,0.3,0.110399999999996
293,2,0.3,0.07719999999999966
293,4,0.3,0.07310000000000011
293,8,0.3,0.050250000000000926
294,1,0.3,0.1076999999999963
294,2,0.3,0.09004999999999824
294,4,0.3,0.05015000000000092
294,8,0.3,0.05175000000000097
295,1,0.3,0.10869999999999619
295,2,0.3,0.09394999999999781
295,4,0.3,0.06400000000000111
295,8,0.3,0.04550000000000079
296,1,0.3,0.12654999999999422
296,2,0.3,0.07924999999999943
296,4,0.3,0.05100000000000095
296,8,0.3,0.05100000000000095
297,1,0.3,0.11719999999999525
297,2,0.3,0.08104999999999923
297,4,0.3,0.058950000000001175
297,8,0.3,0.03930000000000061
298,1,0.3,0.1367499999999931
298,2,0.3,0.08529999999999877
298,4,0.3,0.052850000000001
298,8,0.3,0.037350000000000556
299,1,0.3,0.15839999999999071
299,2,0.3,0.0985499999999973
299,4,0.3,0.07295000000000013
299,8,0.3,0.05520000000000107
300,1,0.3,0.11779999999999519
300,2,0.3,0.09074999999999817
300,4,0.3,0.07330000000000009
300,8,0.3,0.039000000000000604
301,1,0.3,0.1076499999999963
301,2,0.3,0.06095000000000123
301,4,0.3,0.05570000000000108
301,8,0.3,0.043250000000000725
302,1,0.3,0.1212999999999948
302,2,0.3,0.07125000000000031
302,4,0.3,0.052300000000000985
302,8,0.3,0.04485000000000077
303,1,0.3,0.12649999999999423
303,2,0.3,0.09294999999999792
303,4,0.3,0.06080000000000123
303,8,0.3,0.05455000000000105
304,1,0.3,0.10689999999999639
304,2,0.3,0.08619999999999867
304,4,0.3,0.06905000000000056
304,8,0.3,0.05205000000000098
305,1,0.3,0.11139999999999589
305,2,0.3,0.07554999999999984
305,4,0.3,0.06525000000000097
305,8,0.3,0.047050000000000834
306,1,0.3,0.1049999999999966
306,2,0.3,0.08104999999999923
306,4,0.3,0.056550000000001106
306,8,0.3,0.03710000000000055
307,1,0.3,0.11914999999999504
307,2,0.3,0.06265000000000126
307,4,0.3,0.048850000000000886
307,8,0.3,0.040050000000000634
308,1,0.3,0.1021999999999969
308,2,0.3,0.0564500000000011
308,4,0.3,0.04750000000000085
308,8,0.3,0.04175000000000068
309,1,0.3,0.12364999999999454
309,2,0.3,0.07424999999999998
309,4,0.3,0.0492500000000009
309,8,0.3,0.04730000000000084
310,1,0.3,0.09924999999999723
310,2,0.3,0.056800000000001113
310,4,0.3,0.05765000000000114
310,8,0.3,0.038050000000000576
311,1,0.3,0.1240499999999945
311,2,0.3,0.08384999999999893
311,4,0.3,0.045650000000000794
311,8,0.3,0.03605000000000052
312,1,0.3,0.09869999999999729
312,2,0.3,0.06900000000000056
312,4,0.3,0.05105000000000095
312,8,0.3,0.0459500000000008
313,1,0.3,0.14699999999999197
313,2,0.3,0.10419999999999668
313,4,0.3,0.06340000000000118
313,8,0.3,0.04330000000000073
314,1,0.3,0.15064999999999157
314,2,0.3,0.0822499999999991
314,4,0.3,0.052950000000001
314,8,0.3,0.05100000000000095
315,1,0.3,0.1322499999999936
315,2,0.3,0.08119999999999922
315,4,0.3,0.05450000000000105
315,8,0.3,0.037700000000000566
316,1,0.3,0.09694999999999748
316,2,0.3,0.06445000000000106
316,4,0.3,0.055150000000001066
316,8,0.3,0.03425000000000047
317,1,0.3,0.11624999999999536
317,2,0.3,0.09454999999999775
317,4,0.3,0.053050000000001006
317,8,0.3,0.042900000000000715
318,1,0.3,0.12364999999999454
318,2,0.3,0.05945000000000119
318,4,0.3,0.06540000000000096
318,8,0.3,0.04070000000000065
319,1,0.3,0.11324999999999569
319,2,0.3,0.11199999999999583
319,4,0.3,0.07005000000000045
319,8,0.3,0.04280000000000071
320,1,0.3,0.12654999999999422
320,2,0.3,0.08414999999999889
320,4,0.3,0.05670000000000111
320,8,0.3,0.04905000000000089
321,1,0.3,0.10889999999999617
321,2,0.3,0.08514999999999878
321,4,0.3,0.06330000000000119
321,8,0.3,0.050200000000000924
322,1,0.3,0.11099999999999594
322,2,0.3,0.08109999999999923
322,4,0.3,0.04790000000000086
322,8,0.3,0.04340000000000073
323,1,0.3,0.12179999999999475
323,2,0.3,0.06530000000000097
323,4,0.3,0.04525000000000078
323,8,0.3,0.04505000000000078
324,1,0.3,0.12554999999999433
324,2,0.3,0.07180000000000025
324,4,0.3,0.05050000000000093
324,8,0.3,0.038000000000000575
325,1,0.3,0.1031999999999968
325,2,0.3,0.06305000000000122
325,4,0.3,0.0632500000000012
325,8,0.3,0.042850000000000714
326,1,0.3,0.11869999999999509
326,2,0.3,0.08104999999999923
326,4,0.3,0.05015000000000092
326,8,0.3,0.03610000000000052
327,1,0.3,0.10434999999999667
327,2,0.3,0.059950000000001204
327,4,0.3,0.047400000000000844
327,8,0.3,0.0389000000000006
328,1,0.3,0.09439999999999776
328,2,0.3,0.06310000000000121
328,4,0.3,0.059000000000001177
328,8,0.3,0.04665000000000082
329,1,0.3,0.15104999999999152
329,2,0.3,0.07819999999999955
329,4,0.3,0.06255000000000127
329,8,0.3,0.0422500000000007
330,1,0.3,0.10284999999999683
330,2,0.3,0.08694999999999858
330,4,0.3,0.04975000000000091
330,8,0.3,0.03515000000000049
331,1,0.3,0.1031999999999968
331,2,0.3,0.07424999999999998
331,4,0.3,0.04380000000000074
331,8,0.3,0.0354500000000005
332,1,0.3,0.1030999999999968
332,2,0.3,0.07804999999999956
332,4,0.3,0.052900000000001
332,8,0.3,0.04770000000000085
333,1,0.3,0.11329999999999568
333,2,0.3,0.06920000000000054
333,4,0.3,0.04960000000000091
333,8,0.3,0.03980000000000063
334,1,0.3,0.1239999999999945
334,2,0.3,0.0759499999999998
334,4,0.3,0.05470000000000105
334,8,0.3,0.03405000000000046
335,1,0.3,0.12659999999999422
335,2,0.3,0.09434999999999777
335,4,0.3,0.06690000000000079
335,8,0.3,0.04510000000000078
336,1,0.3,0.1585999999999907
336,2,0.3,0.09064999999999818
336,4,0.3,0.05905000000000118
336,8,0.3,0.04860000000000088
337,1,0.3,0.11369999999999564
337,2,0.3,0.1031499999999968
337,4,0.3,0.06475000000000103
337,8,0.3,0.0494500000000009
338,1,0.3,0.09334999999999788
338,2,0.3,0.0599000000000012
338,4,0.3,0.04910000000000089
338,8,0.3,0.03650000000000053
339,1,0.3,0.11084999999999595
339,2,0.3,0.0759499999999998
339,4,0.3,0.045300000000000784
339,8,0.3,0.040100000000000635
340,1,0.3,0.11139999999999589
340,2,0.3,0.07574999999999982
340,4,0.3,0.05565000000000108
340,8,0.3,0.0458000000000008
341,1,0.3,0.14179999999999254
341,2,0.3,0.09929999999999722
341,4,0.3,0.05945000000000119
341,8,0.3,0.047100000000000836
342,1,0.3,0.11329999999999568
342,2,0.3,0.05775000000000114
342,4,0.3,0.04870000000000088
342,8,0.3,0.04020000000000064
343,1,0.3,0.10649999999999643
343,2,0.3,0.06855000000000061
343,4,0.3,0.05310000000000101
343,8,0.3,0.04070000000000065
344,1,0.3,0.10059999999999708
344,2,0.3,0.07509999999999989
344,4,0.3,0.053050000000001006
344,8,0.3,0.04205000000000069
345,1,0.3,0.1212999999999948
345,2,0.3,0.08114999999999922
345,4,0.3,0.059300000000001185
345,8,0.3,0.051250000000000955
346,1,0.3,0.12344999999999456
346,2,0.3,0.10014999999999713
346,4,0.3,0.053750000000001026
346,8,0.3,0.04065000000000065
347,1,0.3,0.10124999999999701
347,2,0.3,0.07395000000000002
347,4,0.3,0.0459000000000008
347,8,0.3,0.03960000000000062
348,1,0.3,0.10214999999999691
348,2,0.3,0.05565000000000108
348,4,0.3,0.04300000000000072
348,8,0.3,0.03920000000000061
349,1,0.3,0.12279999999999464
349,2,0.3,0.06370000000000114
349,4,0.3,0.05745000000000113
349,8,0.3,0.0459000000000008
350,1,0.3,0.14609999999999207
350,2,0.3,0.07869999999999949
350,4,0.3,0.04970000000000091
350,8,0.3,0.037650000000000565
351,1,0.3,0.10909999999999614
351,2,0.3,0.07170000000000026
351,4,0.3,0.050950000000000946
351,8,0.3,0.03930000000000061
352,1,0.3,0.11144999999999589
352,2,0.3,0.07779999999999959
352,4,0.3,0.051250000000000955
352,8,0.3,0.05050000000000093
353,1,0.3,0.16174999999999035
353,2,0.3,0.08024999999999932
353,4,0.3,0.05000000000000092
353,8,0.3,0.040400000000000644
354,1,0.3,0.11664999999999531
354,2,0.3,0.07444999999999996
354,4,0.3,0.04835000000000087
354,8,0.3,0.04120000000000067
355,1,0.3,0.110399999999996
355,2,0.3,0.07749999999999962
355,4,0.3,0.054400000000001045
355,8,0.3,0.03790000000000057
356,1,0.3,0.15284999999999133
356,2,0.3,0.08824999999999844
356,4,0.3,0.06395000000000112
356,8,0.3,0.05240000000000099
357,1,0.3,0.12159999999999477
357,2,0.3,0.08439999999999886
357,4,0.3,0.04830000000000087
357,8,0.3,0.040100000000000635
358,1,0.3,0.10704999999999637
358,2,0.3,0.08874999999999839
358,4,0.3,0.0696000000000005
358,8,0.3,0.04835000000000087
359,1,0.3,0.09829999999999733
359,2,0.3,0.06345000000000117
359,4,0.3,0.05875000000000117
359,8,0.3,0.03500000000000049
360,1,0.3,0.09874999999999728
360,2,0.3,0.06450000000000106
360,4,0.3,0.04970000000000091
360,8,0.3,0.0423500000000007
361,1,0.3,0.12459999999999444
361,2,0.3,0.07300000000000012
361,4,0.3,0.048800000000000884
361,8,0.3,0.03650000000000053
362,1,0.3,0.16744999999998972
362,2,0.3,0.08799999999999847
362,4,0.3,0.05610000000000109
362,8,0.3,0.04840000000000087
363,1,0.3,0.11714999999999526
363,2,0.3,0.083149999999999
363,4,0.3,0.0598000000000012
363,8,0.3,0.040400000000000644
364,1,0.3,0.12374999999999453
364,2,0.3,0.07524999999999987
364,4,0.3,0.05190000000000097
364,8,0.3,0.033850000000000456
365,1,0.3,0.10029999999999711
365,2,0.3,0.06635000000000085
365,4,0.3,0.047050000000000834
365,8,0.3,0.038300000000000584
366,1,0.3,0.1395499999999928
366,2,0.3,0.08759999999999851
366,4,0.3,0.04335000000000073
366,8,0.3,0.03750000000000056
367,1,0.3,0.09624999999999756
367,2,0.3,0.06670000000000081
367,4,0.3,0.04890000000000089
367,8,0.3,0.037350000000000556
368,1,0.3,0.11144999999999589
368,2,0.3,0.07055000000000039
368,4,0.3,0.04655000000000082
368,8,0.3,0.0353500000000005
369,1,0.3,0.1502499999999916
369,2,0.3,0.06095000000000123
369,4,0.3,0.05600000000000109
369,8,0.3,0.05045000000000093
370,1,0.3,0.11739999999999523
370,2,0.3,0.05745000000000113
370,4,0.3,0.04615000000000081
370,8,0.3,0.042850000000000714
371,1,0.3,0.10749999999999632
371,2,0.3,0.0668500000000008
371,4,0.3,0.04820000000000087
371,8,0.3,0.047750000000000854
372,1,0.3,0.11294999999999572
372,2,0.3,0.08219999999999911
372,4,0.3,0.06545000000000095
372,8,0.3,0.046750000000000826
373,1,0.3,0.11529999999999546
373,2,0.3,0.07459999999999994
373,4,0.3,0.055150000000001066
373,8,0.3,0.0422500000000007
374,1,0.3,0.15274999999999134
374,2,0.3,0.10079999999999706
374,4,0.3,0.05035000000000093
374,8,0.3,0.036300000000000526
375,1,0.3,0.11829999999999513
375,2,0.3,0.054800000000001056
375,4,0.3,0.052800000000001
375,8,0.3,0.03920000000000061
376,1,0.3,0.11104999999999593
376,2,0.3,0.0813499999999992
376,4,0.3,0.054800000000001056
376,8,0.3,0.04205000000000069
377,1,0.3,0.10989999999999606
377,2,0.3,0.08939999999999831
377,4,0.3,0.05740000000000113
377,8,0.3,0.04970000000000091
378,1,0.3,0.1539499999999912
378,2,0.3,0.09899999999999726
378,4,0.3,0.05100000000000095
378,8,0.3,0.03825000000000058
379,1,0.3,0.13924999999999282
379,2,0.3,0.11004999999999604
379,4,0.3,0.07844999999999952
379,8,0.3,0.037300000000000555
380,1,0.3,0.11169999999999586
380,2,0.3,0.05540000000000107
380,4,0.3,0.04540000000000079
380,8,0.3,0.03825000000000058
381,1,0.3,0.13454999999999334
381,2,0.3,0.06010000000000121
381,4,0.3,0.052800000000001
381,8,0.3,0.041100000000000664
382,1,0.3,0.11384999999999562
382,2,0.3,0.08579999999999871
382,4,0.3,0.05485000000000106
382,8,0.3,0.03920000000000061
383,1,0.3,0.1176499999999952
383,2,0.3,0.08474999999999883
383,4,0.3,0.06475000000000103
383,8,0.3,0.04450000000000076
384,1,0.3,0.12514999999999438
384,2,0.3,0.06470000000000103
384,4,0.3,0.07629999999999976
384,8,0.3,0.04555000000000079
385,1,0.3,0.11329999999999568
385,2,0.3,0.08844999999999842
385,4,0.3,0.05220000000000098
385,8,0.3,0.03755000000000056
386,1,0.3,0.11649999999999533
386,2,0.3,0.07255000000000017
386,4,0.3,0.05065000000000094
386,8,0.3,0.039700000000000624
387,1,0.3,0.14369999999999233
387,2,0.3,0.0749499999999999
387,4,0.3,0.04660000000000082
387,8,0.3,0.038400000000000586
388,1,0.3,0.13244999999999357
388,2,0.3,0.08844999999999842
388,4,0.3,0.053000000000001005
388,8,0.3,0.04375000000000074
389,1,0.3,0.14094999999999264
389,2,0.3,0.11479999999999552
389,4,0.3,0.05590000000000109
389,8,0.3,0.043250000000000725
390,1,0.3,0.10259999999999686
390,2,0.3,0.07015000000000043
390,4,0.3,0.04695000000000083
390,8,0.3,0.043550000000000734
391,1,0.3,0.10379999999999673
391,2,0.3,0.07150000000000029
391,4,0.3,0.06930000000000053
391,8,0.3,0.03755000000000056
392,1,0.3,0.11204999999999582
392,2,0.3,0.08019999999999933
392,4,0.3,0.07055000000000039
392,8,0.3,0.05245000000000099
393,1,0.3,0.14894999999999176
393,2,0.3,0.14199999999999252
393,4,0.3,0.07200000000000023
393,8,0.3,0.06670000000000081
394,1,0.3,0.11789999999999518
394,2,0.3,0.08454999999999885
394,4,0.3,0.06005000000000121
394,8,0.3,0.04510000000000078
395,1,0.3,0.16519999999998997
395,2,0.3,0.10269999999999685
395,4,0.3,0.05330000000000101
395,8,0.3,0.044600000000000764
396,1,0.3,0.10074999999999706
396,2,0.3,0.08514999999999878
396,4,0.3,0.06010000000000121
396,8,0.3,0.05140000000000096
397,1,0.3,0.11394999999999561
397,2,0.3,0.10379999999999673
397,4,0.3,0.05495000000000106
397,8,0.3,0.037250000000000554
398,1,0.3,0.10519999999999657
398,2,0.3,0.05880000000000117
398,4,0.3,0.05100000000000095
398,8,0.3,0.03785000000000057
399,1,0.3,0.12549999999999434
399,2,0.3,0.08034999999999931
399,4,0.3,0.06090000000000123
399,8,0.3,0.05565000000000108
400,1,0.3,0.13659999999999312
400,2,0.3,0.09894999999999726
400,4,0.3,0.05590000000000109
400,8,0.3,0.03615000000000052
401,1,0.3,0.13329999999999348
401,2,0.3,0.07160000000000027
401,4,0.3,0.04660000000000082
401,8,0.3,0.03780000000000057
402,1,0.3,0.0958499999999976
402,2,0.3,0.0758499999999998
402,4,0.3,0.05525000000000107
402,8,0.3,0.03775000000000057
403,1,0.3,0.11909999999999504
403,2,0.3,0.09454999999999775
403,4,0.3,0.07459999999999994
403,8,0.3,0.054750000000001055
404,1,0.3,0.11484999999999551
404,2,0.3,0.0749499999999999
404,4,0.3,0.051650000000000966
404,8,0.3,0.04525000000000078
405,1,0.3,0.17909999999998844
405,2,0.3,0.11929999999999502
405,4,0.3,0.05105000000000095
405,8,0.3,0.03995000000000063
406,1,0.3,0.10609999999999647
406,2,0.3,0.07539999999999986
406,4,0.3,0.07390000000000002
406,8,0.3,0.04315000000000072
407,1,0.3,0.1249999999999944
407,2,0.3,0.08909999999999835
407,4,0.3,0.05525000000000107
407,8,0.3,0.04315000000000072
408,1,0.3,0.11194999999999583
408,2,0.3,0.08644999999999864
408,4,0.3,0.04095000000000066
408,8,0.3,0.03495000000000049
409,1,0.3,0.11079999999999596
409,2,0.3,0.06545000000000095
409,4,0.3,0.059300000000001185
409,8,0.3,0.044250000000000754
410,1,0.3,0.12254999999999466
410,2,0.3,0.06975000000000048
410,4,0.3,0.042150000000000694
410,8,0.3,0.038350000000000585
411,1,0.3,0.11784999999999518
411,2,0.3,0.09479999999999772
411,4,0.3,0.06260000000000127
411,8,0.3,0.053750000000001026
412,1,0.3,0.12344999999999456
412,2,0.3,0.08474999999999883
412,4,0.3,0.04830000000000087
412,8,0.3,0.042200000000000695
413,1,0.3,0.11704999999999527
413,2,0.3,0.06965000000000049
413,4,0.3,0.051600000000000965
413,8,0.3,0.040100000000000635
414,1,0.3,0.12284999999999463
414,2,0.3,0.06385000000000113
414,4,0.3,0.07200000000000023
414,8,0.3,0.05210000000000098
415,1,0.3,0.11109999999999592
415,2,0.3,0.08524999999999877
415,4,0.3,0.050200000000000924
415,8,0.3,0.04030000000000064
416,1,0.3,0.11239999999999578
416,2,0.3,0.08189999999999914
416,4,0.3,0.05100000000000095
416,8,0.3,0.053700000000001025
417,1,0.3,0.10974999999999607
417,2,0.3,0.09884999999999727
417,4,0.3,0.06630000000000086
417,8,0.3,0.039400000000000615
418,1,0.3,0.1058499999999965
418,2,0.3,0.07270000000000015
418,4,0.3,0.050250000000000926
418,8,0.3,0.05015000000000092
419,1,0.3,0.10669999999999641
419,2,0.3,0.09249999999999797
419,4,0.3,0.056550000000001106
419,8,0.3,0.03815000000000058
420,1,0.3,0.08424999999999888
420,2,0.3,0.06480000000000102
420,4,0.3,0.04645000000000082
420,8,0.3,0.03635000000000053
421,1,0.3,0.10034999999999711
421,2,0.3,0.06895000000000057
421,4,0.3,0.051300000000000956
421,8,0.3,0.039100000000000606
422,1,0.3,0.10329999999999678
422,2,0.3,0.07385000000000003
422,4,0.3,0.04485000000000077
422,8,0.3,0.03710000000000055
423,1,0.3,0.10744999999999633
423,2,0.3,0.0976499999999974
423,4,0.3,0.053400000000001016
423,8,0.3,0.057500000000001134
424,1,0.3,0.0912999999999981
424,2,0.3,0.06615000000000087
424,4,0.3,0.04410000000000075
424,8,0.3,0.039100000000000606
425,1,0.3,0.13564999999999322
425,2,0.3,0.07005000000000045
425,4,0.3,0.06220000000000127
425,8,0.3,0.05100000000000095
426,1,0.3,0.12894999999999396
426,2,0.3,0.06430000000000108
426,4,0.3,0.04860000000000088
426,8,0.3,0.040100000000000635
427,1,0.3,0.11289999999999573
427,2,0.3,0.07255000000000017
427,4,0.3,0.061350000000001244
427,8,0.3,0.04315000000000072
428,1,0.3,0.11169999999999586
428,2,0.3,0.06010000000000121
428,4,0.3,0.04890000000000089
428,8,0.3,0.04385000000000074
429,1,0.3,0.0985499999999973
429,2,0.3,0.07574999999999982
429,4,0.3,0.053700000000001025
429,8,0.3,0.03820000000000058
430,1,0.3,0.11984999999999496
430,2,0.3,0.09869999999999729
430,4,0.3,0.05180000000000097
430,8,0.3,0.044650000000000765
431,1,0.3,0.1139999999999956
431,2,0.3,0.07624999999999976
431,4,0.3,0.0459500000000008
431,8,0.3,0.044650000000000765
432,1,0.3,0.11659999999999532
432,2,0.3,0.08749999999999852
432,4,0.3,0.050600000000000936
432,8,0.3,0.037650000000000565
433,1,0.3,0.11169999999999586
433,2,0.3,0.08729999999999855
433,4,0.3,0.07929999999999943
433,8,0.3,0.04280000000000071
434,1,0.3,0.10619999999999646
434,2,0.3,0.07459999999999994
434,4,0.3,0.05070000000000094
434,8,0.3,0.03950000000000062
435,1,0.3,0.12699999999999417
435,2,0.3,0.0995499999999972
435,4,0.3,0.058300000000001156
435,8,0.3,0.052750000000001
436,1,0.3,0.12244999999999467
436,2,0.3,0.06890000000000057
436,4,0.3,0.04720000000000084
436,8,0.3,0.04090000000000066
437,1,0.3,0.10579999999999651
437,2,0.3,0.06665000000000082
437,4,0.3,0.07559999999999983
437,8,0.3,0.04800000000000086
438,1,0.3,0.10524999999999657
438,2,0.3,0.06015000000000121
438,4,0.3,0.0597500000000012
438,8,0.3,0.050250000000000926
439,1,0.3,0.11089999999999595
439,2,0.3,0.08464999999999884
439,4,0.3,0.05010000000000092
439,8,0.3,0.03505000000000049
440,1,0.3,0.10989999999999606
440,2,0.3,0.07649999999999973
440,4,0.3,0.04795000000000086
440,8,0.3,0.03920000000000061
441,1,0.3,0.12074999999999486
441,2,0.3,0.08424999999999888
441,4,0.3,0.061750000000001255
441,8,0.3,0.05145000000000096
442,1,0.3,0.11824999999999514
442,2,0.3,0.07909999999999945
442,4,0.3,0.06180000000000126
442,8,0.3,0.04020000000000064
443,1,0.3,0.1149999999999955
443,2,0.3,0.07464999999999994
443,4,0.3,0.05220000000000098
443,8,0.3,0.04610000000000081
444,1,0.3,0.1594999999999906
444,2,0.3,0.09104999999999813
444,4,0.3,0.06020000000000121
444,8,0.3,0.05775000000000114
445,1,0.3,0.11014999999999603
445,2,0.3,0.07215000000000021
445,4,0.3,0.044950000000000774
445,8,0.3,0.03580000000000051
446,1,0.3,0.09414999999999779
446,2,0.3,0.07090000000000035
446,4,0.3,0.047050000000000834
446,8,0.3,0.04335000000000073
447,1,0.3,0.1140999999999956
447,2,0.3,0.06605000000000089
447,4,0.3,0.07285000000000014
447,8,0.3,0.05850000000000116
448,1,0.3,0.10794999999999627
448,2,0.3,0.083149999999999
448,4,0.3,0.05070000000000094
448,8,0.3,0.0354000000000005
449,1,0.3,0.13659999999999312
449,2,0.3,0.06365000000000115
449,4,0.3,0.05325000000000101
449,8,0.3,0.03785000000000057
450,1,0.3,0.12934999999999391
450,2,0.3,0.07185000000000025
450,4,0.3,0.04475000000000077
450,8,0.3,0.042200000000000695
451,1,0.3,0.12484999999999441
451,2,0.3,0.07065000000000038
451,4,0.3,0.04435000000000076
451,8,0.3,0.03815000000000058
452,1,0.3,0.11614999999999537
452,2,0.3,0.06725000000000075
452,4,0.3,0.052000000000000976
452,8,0.3,0.041500000000000675
453,1,0.3,0.12264999999999465
453,2,0.3,0.08779999999999849
453,4,0.3,0.06470000000000103
453,8,0.3,0.042900000000000715
454,1,0.3,0.08169999999999916
454,2,0.3,0.06785000000000069
454,4,0.3,0.05085000000000094
454,8,0.3,0.0389500000000006
455,1,0.3,0.13169999999999366
455,2,0.3,0.062450000000001275
455,4,0.3,0.04645000000000082
455,8,0.3,0.04050000000000065
456,1,0.3,0.11434999999999557
456,2,0.3,0.058950000000001175
456,4,0.3,0.06995000000000046
456,8,0.3,0.043950000000000745
457,1,0.3,0.14724999999999194
457,2,0.3,0.08724999999999855
457,4,0.3,0.046700000000000824
457,8,0.3,0.037250000000000554
458,1,0.3,0.11434999999999557
458,2,0.3,0.07160000000000027
458,4,0.3,0.050900000000000944
458,8,0.3,0.047100000000000836
459,1,0.3,0.11774999999999519
459,2,0.3,0.08054999999999929
459,4,0.3,0.06965000000000049
459,8,0.3,0.05010000000000092
460,1,0.3,0.11789999999999518
460,2,0.3,0.0749999999999999
460,4,0.3,0.05220000000000098
460,8,0.3,0.04315000000000072
461,1,0.3,0.12069999999999487
461,2,0.3,0.0977499999999974
461,4,0.3,0.0641500000000011
461,8,0.3,0.03675000000000054
462,1,0.3,0.09659999999999752
462,2,0.3,0.09099999999999814
462,4,0.3,0.054400000000001045
462,8,0.3,0.04380000000000074
463,1,0.3,0.13914999999999283
463,2,0.3,0.08354999999999896
463,4,0.3,0.07799999999999957
463,8,0.3,0.044650000000000765
464,1,0.3,0.13709999999999306
464,2,0.3,0.07330000000000009
464,4,0.3,0.07200000000000023
464,8,0.3,0.04420000000000075
465,1,0.3,0.09329999999999788
465,2,0.3,0.08254999999999907
465,4,0.3,0.05210000000000098
465,8,0.3,0.04365000000000074
466,1,0.3,0.11899999999999505
466,2,0.3,0.07195000000000024
466,4,0.3,0.05005000000000092
466,8,0.3,0.04415000000000075
467,1,0.3,0.12019999999999492
467,2,0.3,0.08399999999999891
467,4,0.3,0.0668500000000008
467,8,0.3,0.05000000000000092
468,1,0.3,0.14959999999999168
468,2,0.3,0.08179999999999915
468,4,0.3,0.05945000000000119
468,8,0.3,0.057900000000001145
469,1,0.3,0.1167499999999953
469,2,0.3,0.06815000000000065
469,4,0.3,0.04550000000000079
469,8,0.3,0.03615000000000052
470,1,0.3,0.0949999999999977
470,2,0.3,0.08114999999999922
470,4,0.3,0.056800000000001113
470,8,0.3,0.054450000000001046
471,1,0.3,0.11069999999999597
471,2,0.3,0.07025000000000042
471,4,0.3,0.060300000000001214
471,8,0.3,0.04175000000000068
472,1,0.3,0.09349999999999786
472,2,0.3,0.09719999999999746
472,4,0.3,0.06425000000000108
472,8,0.3,0.04350000000000073
473,1,0.3,0.11284999999999573
473,2,0.3,0.07984999999999937
473,4,0.3,0.06580000000000091
473,8,0.3,0.05120000000000095
474,1,0.3,0.1203999999999949
474,2,0.3,0.1031999999999968
474,4,0.3,0.0804499999999993
474,8,0.3,0.052000000000000976
475,1,0.3,0.10559999999999653
475,2,0.3,0.08349999999999896
475,4,0.3,0.057600000000001136
475,8,0.3,0.04700000000000083
476,1,0.3,0.12874999999999398
476,2,0.3,0.08279999999999904
476,4,0.3,0.04645000000000082
476,8,0.3,0.03855000000000059
477,1,0.3,0.10109999999999703
477,2,0.3,0.07100000000000034
477,4,0.3,0.05495000000000106
477,8,0.3,0.04025000000000064
478,1,0.3,0.10414999999999669
478,2,0.3,0.0776999999999996
478,4,0.3,0.0564500000000011
478,8,0.3,0.041150000000000665
479,1,0.3,0.13564999999999322
479,2,0.3,0.0714000000000003
479,4,0.3,0.050250000000000926
479,8,0.3,0.043250000000000725
480,1,0.3,0.10614999999999647
480,2,0.3,0.09554999999999764
480,4,0.3,0.05395000000000103
480,8,0.3,0.039050000000000605
481,1,0.3,0.14149999999999258
481,2,0.3,0.13059999999999378
481,4,0.3,0.06915000000000054
481,8,0.3,0.0493000000000009
482,1,0.3,0.10979999999999607
482,2,0.3,0.07055000000000039
482,4,0.3,0.04960000000000091
482,8,0.3,0.037650000000000565
483,1,0.3,0.09304999999999791
483,2,0.3,0.0704500000000004
483,4,0.3,0.053000000000001005
483,8,0.3,0.05660000000000111
484,1,0.3,0.10024999999999712
484,2,0.3,0.07340000000000008
484,4,0.3,0.04660000000000082
484,8,0.3,0.041850000000000685
485,1,0.3,0.12514999999999438
485,2,0.3,0.08074999999999927
485,4,0.3,0.042550000000000705
485,8,0.3,0.04095000000000066
486,1,0.3,0.12299999999999461
486,2,0.3,0.11124999999999591
486,4,0.3,0.08169999999999916
486,8,0.3,0.052800000000001
487,1,0.3,0.12174999999999475
487,2,0.3,0.13184999999999364
487,4,0.3,0.09569999999999762
487,8,0.3,0.06250000000000128
488,1,0.3,0.10759999999999631
488,2,0.3,0.07689999999999969
488,4,0.3,0.049900000000000916
488,8,0.3,0.0494000000000009
489,1,0.3,0.09994999999999715
489,2,0.3,0.06345000000000117
489,4,0.3,0.06990000000000046
489,8,0.3,0.04200000000000069
490,1,0.3,0.14179999999999254
490,2,0.3,0.09279999999999794
490,4,0.3,0.06285000000000124
490,8,0.3,0.04755000000000085
491,1,0.3,0.12894999999999396
491,2,0.3,0.08884999999999837
491,4,0.3,0.0850499999999988
491,8,0.3,0.05120000000000095
492,1,0.3,0.10754999999999632
492,2,0.3,0.09509999999999769
492,4,0.3,0.07609999999999978
492,8,0.3,0.05495000000000106
493,1,0.3,0.14449999999999225
493,2,0.3,0.09234999999999799
493,4,0.3,0.047100000000000836
493,8,0.3,0.03270000000000042
494,1,0.3,0.11904999999999505
494,2,0.3,0.06815000000000065
494,4,0.3,0.06560000000000094
494,8,0.3,0.04415000000000075
495,1,0.3,0.12539999999999435
495,2,0.3,0.0930999999999979
495,4,0.3,0.06545000000000095
495,8,0.3,0.04310000000000072
496,1,0.3,0.11929999999999502
496,2,0.3,0.07979999999999937
496,4,0.3,0.05245000000000099
496,8,0.3,0.047050000000000834
497,1,0.3,0.10214999999999691
497,2,0.3,0.07415
497,4,0.3,0.05080000000000094
497,8,0.3,0.03955000000000062
498,1,0.3,0.14369999999999233
498,2,0.3,0.06795000000000068
498,4,0.3,0.059950000000001204
498,8,0.3,0.050200000000000924
499,1,0.3,0.13184999999999364
499,2,0.3,0.09104999999999813
499,4,0.3,0.06045000000000122
499,8,0.3,0.04400000000000075
500,1,0.3,0.1003999999999971
500,2,0.3,0.07624999999999976
500,4,0.3,0.05250000000000099
500,8,0.3,0.05000000000000092
501,1,0.3,0.12384999999999452
501,2,0.3,0.08209999999999912
501,4,0.3,0.06380000000000113
501,8,0.3,0.043600000000000735
502,1,0.3,0.09614999999999757
502,2,0.3,0.06385000000000113
502,4,0.3,0.040450000000000645
502,8,0.3,0.03495000000000049
503,1,0.3,0.09899999999999726
503,2,0.3,0.10119999999999701
503,4,0.3,0.06435000000000107
503,8,0.3,0.03995000000000063
504,1,0.3,0.12559999999999433
504,2,0.3,0.08709999999999857
504,4,0.3,0.060650000000001224
504,8,0.3,0.06050000000000122
505,1,0.3,0.11014999999999603
505,2,0.3,0.08699999999999858
505,4,0.3,0.06160000000000125
505,8,0.3,0.04420000000000075
506,1,0.3,0.11214999999999581
506,2,0.3,0.07439999999999997
506,4,0.3,0.05505000000000106
506,8,0.3,0.052800000000001
507,1,0.3,0.11444999999999556
507,2,0.3,0.06330000000000119
507,4,0.3,0.05365000000000102
507,8,0.3,0.05485000000000106
508,1,0.3,0.1040999999999967
508,2,0.3,0.07415
508,4,0.3,0.04660000000000082
508,8,0.3,0.050200000000000924
509,1,0.3,0.09804999999999736
509,2,0.3,0.06570000000000092
509,4,0.3,0.05325000000000101
509,8,0.3,0.04765000000000085
510,1,0.3,0.12509999999999438
510,2,0.3,0.1021999999999969
510,4,0.3,0.051650000000000966
510,8,0.3,0.04300000000000072
511,1,0.3,0.14109999999999262
511,2,0.3,0.07285000000000014
511,4,0.3,0.05100000000000095
511,8,0.3,0.04610000000000081
512,1,0.3,0.0949999999999977
512,2,0.3,0.08574999999999872
512,4,0.3,0.05735000000000113
512,8,0.3,0.03855000000000059
513,1,0.3,0.11239999999999578
513,2,0.3,0.08374999999999894
513,4,0.3,0.06040000000000122
513,8,0.3,0.03820000000000058
514,1,0.3,0.11799999999999516
514,2,0.3,0.09014999999999823
514,4,0.3,0.06045000000000122
514,8,0.3,0.04295000000000072
515,1,0.3,0.12699999999999417
515,2,0.3,0.07639999999999975
515,4,0.3,0.06610000000000088
515,8,0.3,0.042900000000000715
516,1,0.3,0.1131499999999957
516,2,0.3,0.09649999999999753
516,4,0.3,0.06330000000000119
516,8,0.3,0.04435000000000076
517,1,0.3,0.12789999999999407
517,2,0.3,0.08659999999999862
517,4,0.3,0.05610000000000109
517,8,0.3,0.04860000000000088
518,1,0.3,0.1404499999999927
518,2,0.3,0.07195000000000024
518,4,0.3,0.06540000000000096
518,8,0.3,0.04025000000000064
519,1,0.3,0.10644999999999644
519,2,0.3,0.07000000000000045
519,4,0.3,0.052350000000000986
519,8,0.3,0.03785000000000057
520,1,0.3,0.10079999999999706
520,2,0.3,0.07764999999999961
520,4,0.3,0.04865000000000088
520,8,0.3,0.0388500000000006
521,1,0.3,0.10819999999999624
521,2,0.3,0.09694999999999748
521,4,0.3,0.06580000000000091
521,8,0.3,0.05260000000000099
522,1,0.3,0.10429999999999667
522,2,0.3,0.07170000000000026
522,4,0.3,0.057200000000001125
522,8,0.3,0.05735000000000113
523,1,0.3,0.08539999999999875
523,2,0.3,0.057200000000001125
523,4,0.3,0.05915000000000118
523,8,0.3,0.04610000000000081
524,1,0.3,0.11759999999999521
524,2,0.3,0.06445000000000106
524,4,0.3,0.053700000000001025
524,8,0.3,0.036250000000000525
525,1,0.3,0.10614999999999647
525,2,0.3,0.07914999999999944
525,4,0.3,0.049850000000000914
525,8,0.3,0.05080000000000094
526,1,0.3,0.09259999999999796
526,2,0.3,0.06545000000000095
526,4,0.3,0.05240000000000099
526,8,0.3,0.03855000000000059
527,1,0.3,0.10999999999999605
527,2,0.3,0.08374999999999894
527,4,0.3,0.05800000000000115
527,8,0.3,0.04510000000000078
528,1,0.3,0.1022499999999969
528,2,0.3,0.052850000000001
528,4,0.3,0.04405000000000075
528,8,0.3,0.039100000000000606
529,1,0.3,0.10014999999999713
529,2,0.3,0.07010000000000044
529,4,0.3,0.05240000000000099
529,8,0.3,0.037650000000000565
530,1,0.3,0.11074999999999596
530,2,0.3,0.06750000000000073
530,4,0.3,0.05905000000000118
530,8,0.3,0.04980000000000091
531,1,0.3,0.13564999999999322
531,2,0.3,0.09454999999999775
531,4,0.3,0.06730000000000075
531,8,0.3,0.04345000000000073
532,1,0.3,0.1058999999999965
532,2,0.3,0.0840999999999989
532,4,0.3,0.051250000000000955
532,8,0.3,0.042850000000000714
533,1,0.3,0.11619999999999536
533,2,0.3,0.06355000000000116
533,4,0.3,0.0424000000000007
533,8,0.3,0.03410000000000046
534,1,0.3,0.09474999999999772
534,2,0.3,0.058300000000001156
534,4,0.3,0.05155000000000096
534,8,0.3,0.04175000000000068
535,1,0.3,0.11439999999999556
535,2,0.3,0.06080000000000123
535,4,0.3,0.048150000000000866
535,8,0.3,0.03855000000000059
536,1,0.3,0.13054999999999378
536,2,0.3,0.11389999999999562
536,4,0.3,0.07155000000000028
536,8,0.3,0.044300000000000755
537,1,0.3,0.12164999999999476
537,2,0.3,0.10429999999999667
537,4,0.3,0.07055000000000039
537,8,0.3,0.04865000000000088
538,1,0.3,0.1167499999999953
538,2,0.3,0.06790000000000068
538,4,0.3,0.04760000000000085
538,8,0.3,0.04090000000000066
539,1,0.3,0.11889999999999507
539,2,0.3,0.083199999999999
539,4,0.3,0.09049999999999819
539,8,0.3,0.04720000000000084
540,1,0.3,0.1348499999999933
540,2,0.3,0.10754999999999632
540,4,0.3,0.07759999999999961
540,8,0.3,0.07390000000000002
541,1,0.3,0.11029999999999601
541,2,0.3,0.08489999999999881
541,4,0.3,0.06470000000000103
541,8,0.3,0.04050000000000065
542,1,0.3,0.11124999999999591
542,2,0.3,0.08244999999999908
542,4,0.3,0.04685000000000083
542,8,0.3,0.04610000000000081
543,1,0.3,0.14169999999999255
543,2,0.3,0.0767999999999997
543,4,0.3,0.040050000000000634
543,8,0.3,0.042150000000000694
544,1,0.3,0.09549999999999764
544,2,0.3,0.1039999999999967
544,4,0.3,0.057600000000001136
544,8,0.3,0.04275000000000071
545,1,0.3,0.12629999999999425
545,2,0.3,0.0777499999999996
545,4,0.3,0.0640500000000011
545,8,0.3,0.04090000000000066
546,1,0.3,0.128449999999994
546,2,0.3,0.07564999999999983
546,4,0.3,0.060350000000001215
546,8,0.3,0.045700000000000796
547,1,0.3,0.09989999999999716
547,2,0.3,0.07215000000000021
547,4,0.3,0.049500000000000904
547,8,0.3,0.045650000000000794
548,1,0.3,0.09114999999999812
548,2,0.3,0.0732000000000001
548,4,0.3,0.04025000000000064
548,8,0.3,0.03440000000000047
549,1,0.3,0.1304499999999938
549,2,0.3,0.07629999999999976
549,4,0.3,0.0458000000000008
549,8,0.3,0.04555000000000079
550,1,0.3,0.1113499999999959
550,2,0.3,0.07579999999999981
550,4,0.3,0.05180000000000097
550,8,0.3,0.03925000000000061
551,1,0.3,0.12644999999999423
551,2,0.3,0.10284999999999683
551,4,0.3,0.07894999999999947
551,8,0.3,0.051600000000000965
552,1,0.3,0.09449999999999775
552,2,0.3,0.06080000000000123
552,4,0.3,0.05390000000000103
552,8,0.3,0.0457500000000008
553,1,0.3,0.13294999999999352
553,2,0.3,0.0686500000000006
553,4,0.3,0.04125000000000067
553,8,0.3,0.035950000000000516
554,1,0.3,0.11879999999999508
554,2,0.3,0.06840000000000063
554,4,0.3,0.05220000000000098
554,8,0.3,0.045700000000000796
555,1,0.3,0.10639999999999644
555,2,0.3,0.07574999999999982
555,4,0.3,0.046050000000000806
555,8,0.3,0.040800000000000655
556,1,0.3,0.11239999999999578
556,2,0.3,0.07290000000000013
556,4,0.3,0.05940000000000119
556,8,0.3,0.03980000000000063
557,1,0.3,0.11564999999999542
557,2,0.3,0.07804999999999956
557,4,0.3,0.047050000000000834
557,8,0.3,0.04630000000000081
558,1,0.3,0.10924999999999613
558,2,0.3,0.07814999999999955
558,4,0.3,0.06250000000000128
558,8,0.3,0.03670000000000054
559,1,0.3,0.10849999999999621
559,2,0.3,0.06395000000000112
559,4,0.3,0.05380000000000103
559,8,0.3,0.04385000000000074
560,1,0.3,0.10619999999999646
560,2,0.3,0.06225000000000127
560,4,0.3,0.05590000000000109
560,8,0.3,0.04800000000000086
561,1,0.3,0.11749999999999522
561,2,0.3,0.06660000000000083
561,4,0.3,0.052350000000000986
561,8,0.3,0.050950000000000946
562,1,0.3,0.11534999999999546
562,2,0.3,0.08104999999999923
562,4,0.3,0.05845000000000116
562,8,0.3,0.04160000000000068
563,1,0.3,0.10429999999999667
563,2,0.3,0.0995499999999972
563,4,0.3,0.07310000000000011
563,8,0.3,0.041150000000000665
564,1,0.3,0.13804999999999296
564,2,0.3,0.08639999999999864
564,4,0.3,0.06060000000000122
564,8,0.3,0.04820000000000087
565,1,0.3,0.0967999999999975
565,2,0.3,0.05345000000000102
565,4,0.3,0.04785000000000086
565,8,0.3,0.040050000000000634
566,1,0.3,0.1176499999999952
566,2,0.3,0.09264999999999796
566,4,0.3,0.06645000000000084
566,8,0.3,0.04715000000000084
567,1,0.3,0.09594999999999759
567,2,0.3,0.06845000000000062
567,4,0.3,0.052350000000000986
567,8,0.3,0.04200000000000069
568,1,0.3,0.1258999999999943
568,2,0.3,0.06265000000000126
568,4,0.3,0.05880000000000117
568,8,0.3,0.04140000000000067
569,1,0.3,0.10199999999999693
569,2,0.3,0.07130000000000031
569,4,0.3,0.06630000000000086
569,8,0.3,0.04550000000000079
570,1,0.3,0.1239999999999945
570,2,0.3,0.0840999999999989
570,4,0.3,0.04875000000000088
570,8,0.3,0.04265000000000071
571,1,0.3,0.1021999999999969
571,2,0.3,0.07380000000000003
571,4,0.3,0.05590000000000109
571,8,0.3,0.039000000000000604
572,1,0.3,0.10419999999999668
572,2,0.3,0.08804999999999846
572,4,0.3,0.07255000000000017
572,8,0.3,0.046000000000000804
573,1,0.3,0.11294999999999572
573,2,0.3,0.08984999999999826
573,4,0.3,0.06965000000000049
573,8,0.3,0.04700000000000083
574,1,0.3,0.15334999999999127
574,2,0.3,0.07934999999999942
574,4,0.3,0.05870000000000117
574,8,0.3,0.04450000000000076
575,1,0.3,0.12229999999999469
575,2,0.3,0.0677000000000007
575,4,0.3,0.053350000000001015
575,8,0.3,0.041800000000000684
576,1,0.3,0.10559999999999653
576,2,0.3,0.06510000000000099
576,4,0.3,0.05135000000000096
576,8,0.3,0.042500000000000704
577,1,0.3,0.12554999999999433
577,2,0.3,0.06040000000000122
577,4,0.3,0.06545000000000095
577,8,0.3,0.04345000000000073
578,1,0.3,0.1248999999999944
578,2,0.3,0.08479999999999882
578,4,0.3,0.06150000000000125
578,8,0.3,0.04385000000000074
579,1,0.3,0.09624999999999756
579,2,0.3,0.07824999999999954
579,4,0.3,0.0494000000000009
579,8,0.3,0.038750000000000596
580,1,0.3,0.10934999999999612
580,2,0.3,0.08939999999999831
580,4,0.3,0.06640000000000085
580,8,0.3,0.04695000000000083
581,1,0.3,0.10564999999999652
581,2,0.3,0.09549999999999764
581,4,0.3,0.05185000000000097
581,8,0.3,0.045350000000000786
582,1,0.3,0.12534999999999435
582,2,0.3,0.07185000000000025
582,4,0.3,0.05385000000000103
582,8,0.3,0.04405000000000075
583,1,0.3,0.14079999999999265
583,2,0.3,0.0705000000000004
583,4,0.3,0.056800000000001113
583,8,0.3,0.047800000000000856
584,1,0.3,0.10179999999999695
584,2,0.3,0.08689999999999859
584,4,0.3,0.05490000000000106
584,8,0.3,0.03445000000000047
585,1,0.3,0.13439999999999336
585,2,0.3,0.08939999999999831
585,4,0.3,0.05915000000000118
585,8,0.3,0.04715000000000084
586,1,0.3,0.13024999999999382
586,2,0.3,0.06370000000000114
586,4,0.3,0.048500000000000876
586,8,0.3,0.038750000000000596
587,1,0.3,0.16989999999998945
587,2,0.3,0.07375000000000004
587,4,0.3,0.062400000000001274
587,8,0.3,0.037300000000000555
588,1,0.3,0.13354999999999345
588,2,0.3,0.07719999999999966
588,4,0.3,0.057950000000001146
588,8,0.3,0.04200000000000069
589,1,0.3,0.16499999999999
589,2,0.3,0.09734999999999744
589,4,0.3,0.05310000000000101
589,8,0.3,0.037250000000000554
590,1,0.3,0.15434999999999116
590,2,0.3,0.08609999999999868
590,4,0.3,0.0795999999999994
590,8,0.3,0.04260000000000071
591,1,0.3,0.11214999999999581
591,2,0.3,0.0722500000000002
591,4,0.3,0.05850000000000116
591,8,0.3,0.046700000000000824
592,1,0.3,0.09669999999999751
592,2,0.3,0.0723000000000002
592,4,0.3,0.05455000000000105
592,8,0.3,0.05710000000000112
593,1,0.3,0.11799999999999516
593,2,0.3,0.06945000000000051
593,4,0.3,0.057250000000001126
593,8,0.3,0.04295000000000072
594,1,0.3,0.11189999999999584
594,2,0.3,0.1021999999999969
594,4,0.3,0.06940000000000052
594,8,0.3,0.04550000000000079
595,1,0.3,0.10394999999999671
595,2,0.3,0.0785999999999995
595,4,0.3,0.07634999999999975
595,8,0.3,0.041800000000000684
596,1,0.3,0.11094999999999594
596,2,0.3,0.06970000000000048
596,4,0.3,0.06820000000000065
596,8,0.3,0.05310000000000101
597,1,0.3,0.09609999999999758
597,2,0.3,0.09059999999999818
597,4,0.3,0.04625000000000081
597,8,0.3,0.039450000000000617
598,1,0.3,0.11014999999999603
598,2,0.3,0.08669999999999861
598,4,0.3,0.07210000000000022
598,8,0.3,0.04350000000000073
599,1,0.3,0.13739999999999303
599,2,0.3,0.07719999999999966
599,4,0.3,0.04870000000000088
599,8,0.3,0.040400000000000644
600,1,0.3,0.1312999999999937
600,2,0.3,0.07569999999999982
600,4,0.3,0.05120000000000095
600,8,0.3,0.039100000000000606
601,1,0.3,0.10599999999999649
601,2,0.3,0.08994999999999825
601,4,0.3,0.05540000000000107
601,8,0.3,0.04015000000000064
602,1,0.3,0.1348999999999933
602,2,0.3,0.061700000000001254
602,4,0.3,0.04055000000000065
602,8,0.3,0.04895000000000089
603,1,0.3,0.09664999999999752
603,2,0.3,0.0705000000000004
603,4,0.3,0.05010000000000092
603,8,0.3,0.03775000000000057
604,1,0.3,0.09849999999999731
604,2,0.3,0.07100000000000034
604,4,0.3,0.05465000000000105
604,8,0.3,0.03620000000000052
605,1,0.3,0.14189999999999253
605,2,0.3,0.06005000000000121
605,4,0.3,0.043550000000000734
605,8,0.3,0.03305000000000043
606,1,0.3,0.09249999999999797
606,2,0.3,0.06425000000000108
606,4,0.3,0.052000000000000976
606,8,0.3,0.03675000000000054
607,1,0.3,0.11204999999999582
607,2,0.3,0.09019999999999823
607,4,0.3,0.0492500000000009
607,8,0.3,0.03955000000000062
608,1,0.3,0.11544999999999545
608,2,0.3,0.07025000000000042
608,4,0.3,0.06340000000000118
608,8,0.3,0.04410000000000075
609,1,0.3,0.12649999999999423
609,2,0.3,0.08004999999999934
609,4,0.3,0.044250000000000754
609,8,0.3,0.04000000000000063
610,1,0.3,0.09109999999999813
610,2,0.3,0.06300000000000122
610,4,0.3,0.050900000000000944
610,8,0.3,0.04100000000000066
611,1,0.3,0.12744999999999412
611,2,0.3,0.10394999999999671
611,4,0.3,0.07604999999999978
611,8,0.3,0.04515000000000078
612,1,0.3,0.10534999999999656
612,2,0.3,0.06675000000000081
612,4,0.3,0.04785000000000086
612,8,0.3,0.04330000000000073
613,1,0.3,0.11269999999999575
613,2,0.3,0.07325000000000009
613,4,0.3,0.04855000000000088
613,8,0.3,0.03670000000000054
614,1,0.3,0.11634999999999535
614,2,0.3,0.06895000000000057
614,4,0.3,0.04820000000000087
614,8,0.3,0.038750000000000596
615,1,0.3,0.13284999999999353
615,2,0.3,0.07874999999999949
615,4,0.3,0.06460000000000105
615,8,0.3,0.03930000000000061
616,1,0.3,0.11809999999999515
616,2,0.3,0.07325000000000009
616,4,0.3,0.06580000000000091
616,8,0.3,0.05875000000000117
617,1,0.3,0.11204999999999582
617,2,0.3,0.07894999999999947
617,4,0.3,0.05815000000000115
617,8,0.3,0.05155000000000096
618,1,0.3,0.10144999999999699
618,2,0.3,0.0822999999999991
618,4,0.3,0.04610000000000081
618,8,0.3,0.03390000000000046
619,1,0.3,0.11714999999999526
619,2,0.3,0.0686500000000006
619,4,0.3,0.05465000000000105
619,8,0.3,0.047450000000000846
620,1,0.3,0.11599999999999538
620,2,0.3,0.059950000000001204
620,4,0.3,0.052950000000001
620,8,0.3,0.03980000000000063
621,1,0.3,0.10234999999999689
621,2,0.3,0.08449999999999885
621,4,0.3,0.047450000000000846
621,8,0.3,0.046000000000000804
622,1,0.3,0.12519999999999437
622,2,0.3,0.07035000000000041
622,4,0.3,0.05490000000000106
622,8,0.3,0.037700000000000566
623,1,0.3,0.12724999999999415
623,2,0.3,0.06010000000000121
623,4,0.3,0.052700000000000996
623,8,0.3,0.0458500000000008
624,1,0.3,0.1167999999999953
624,2,0.3,0.07125000000000031
624,4,0.3,0.05730000000000113
624,8,0.3,0.04100000000000066
625,1,0.3,0.10754999999999632
625,2,0.3,0.07205000000000022
625,4,0.3,0.05875000000000117
625,8,0.3,0.0493500000000009
626,1,0.3,0.0949499999999977
626,2,0.3,0.06895000000000057
626,4,0.3,0.05175000000000097
626,8,0.3,0.039350000000000614
627,1,0.3,0.12259999999999466
627,2,0.3,0.07210000000000022
627,4,0.3,0.07060000000000038
627,8,0.3,0.03915000000000061
628,1,0.3,0.1339499999999934
628,2,0.3,0.08209999999999912
628,4,0.3,0.05085000000000094
628,8,0.3,0.06225000000000127
629,1,0.3,0.10294999999999682
629,2,0.3,0.08809999999999846
629,4,0.3,0.06390000000000112
629,8,0.3,0.04795000000000086
630,1,0.3,0.09014999999999823
630,2,0.3,0.07245000000000018
630,4,0.3,0.06705000000000078
630,8,0.3,0.0668000000000008
631,1,0.3,0.14344999999999236
631,2,0.3,0.09389999999999782
631,4,0.3,0.06380000000000113
631,8,0.3,0.04905000000000089
632,1,0.3,0.17194999999998922
632,2,0.3,0.08464999999999884
632,4,0.3,0.07005000000000045
632,8,0.3,0.05840000000000116
633,1,0.3,0.10989999999999606
633,2,0.3,0.06905000000000056
633,4,0.3,0.041100000000000664
633,8,0.3,0.041100000000000664
634,1,0.3,0.13789999999999297
634,2,0.3,0.08689999999999859
634,4,0.3,0.05330000000000101
634,8,0.3,0.044650000000000765
635,1,0.3,0.12234999999999469
635,2,0.3,0.08729999999999855
635,4,0.3,0.0564000000000011
635,8,0.3,0.03955000000000062
636,1,0.3,0.12614999999999427
636,2,0.3,0.08439999999999886
636,4,0.3,0.052950000000001
636,8,0.3,0.05470000000000105
637,1,0.3,0.13014999999999383
637,2,0.3,0.07205000000000022
637,4,0.3,0.05140000000000096
637,8,0.3,0.04205000000000069
638,1,0.3,0.12749999999999412
638,2,0.3,0.1275999999999941
638,4,0.3,0.062050000000001264
638,8,0.3,0.046700000000000824
639,1,0.3,0.09334999999999788
639,2,0.3,0.05805000000000115
639,4,0.3,0.04855000000000088
639,8,0.3,0.037600000000000564
640,1,0.3,0.13289999999999352
640,2,0.3,0.0713500000000003
640,4,0.3,0.05245000000000099
640,8,0.3,0.037650000000000565
641,1,0.3,0.10284999999999683
641,2,0.3,0.09049999999999819
641,4,0.3,0.05660000000000111
641,8,0.3,0.042200000000000695
642,1,0.3,0.12019999999999492
642,2,0.3,0.06525000000000097
642,4,0.3,0.05115000000000095
642,8,0.3,0.040050000000000634
643,1,0.3,0.1421499999999925
643,2,0.3,0.08449999999999885
643,4,0.3,0.06015000000000121
643,8,0.3,0.055100000000001065
644,1,0.3,0.09984999999999716
644,2,0.3,0.07469999999999993
644,4,0.3,0.05240000000000099
644,8,0.3,0.043950000000000745
645,1,0.3,0.12999999999999384
645,2,0.3,0.07015000000000043
645,4,0.3,0.06930000000000053
645,8,0.3,0.048850000000000886
646,1,0.3,0.1358999999999932
646,2,0.3,0.1030999999999968
646,4,0.3,0.05360000000000102
646,8,0.3,0.039350000000000614
647,1,0.3,0.11269999999999575
647,2,0.3,0.08189999999999914
647,4,0.3,0.050600000000000936
647,8,0.3,0.04630000000000081
648,1,0.3,0.10999999999999605
648,2,0.3,0.07514999999999988
648,4,0.3,0.07390000000000002
648,8,0.3,0.04260000000000071
649,1,0.3,0.13084999999999375
649,2,0.3,0.0967999999999975
649,4,0.3,0.04645000000000082
649,8,0.3,0.03995000000000063
650,1,0.3,0.12459999999999444
650,2,0.3,0.07125000000000031
650,4,0.3,0.05740000000000113
650,8,0.3,0.03565000000000051
651,1,0.3,0.10124999999999701
651,2,0.3,0.07849999999999951
651,4,0.3,0.0632500000000012
651,8,0.3,0.05400000000000103
652,1,0.3,0.10289999999999683
652,2,0.3,0.0876499999999985
652,4,0.3,0.06005000000000121
652,8,0.3,0.04095000000000066
653,1,0.3,0.1294999999999939
653,2,0.3,0.09744999999999743
653,4,0.3,0.09664999999999752
653,8,0.3,0.06675000000000081
654,1,0.3,0.10534999999999656
654,2,0.3,0.07809999999999956
654,4,0.3,0.049550000000000906
654,8,0.3,0.04100000000000066
655,1,0.3,0.11419999999999558
655,2,0.3,0.08804999999999846
655,4,0.3,0.052000000000000976
655,8,0.3,0.039450000000000617
656,1,0.3,0.10669999999999641
656,2,0.3,0.07904999999999945
656,4,0.3,0.05780000000000114
656,8,0.3,0.04405000000000075
657,1,0.3,0.11004999999999604
657,2,0.3,0.06295000000000123
657,4,0.3,0.0458000000000008
657,8,0.3,0.03785000000000057
658,1,0.3,0.11974999999999497
658,2,0.3,0.07739999999999964
658,4,0.3,0.059250000000001184
658,8,0.3,0.04100000000000066
659,1,0.3,0.10704999999999637
659,2,0.3,0.0668500000000008
659,4,0.3,0.051250000000000955
659,8,0.3,0.03410000000000046
660,1,0.3,0.10969999999999608
660,2,0.3,0.08874999999999839
660,4,0.3,0.06970000000000048
660,8,0.3,0.04275000000000071
661,1,0.3,0.1384999999999929
661,2,0.3,0.06970000000000048
661,4,0.3,0.04700000000000083
661,8,0.3,0.0389000000000006
662,1,0.3,0.14009999999999273
662,2,0.3,0.0749999999999999
662,4,0.3,0.0695500000000005
662,8,0.3,0.050600000000000936
663,1,0.3,0.09009999999999824
663,2,0.3,0.06890000000000057
663,4,0.3,0.05015000000000092
663,8,0.3,0.04170000000000068
664,1,0.3,0.10234999999999689
664,2,0.3,0.07834999999999953
664,4,0.3,0.04835000000000087
664,8,0.3,0.03810000000000058
665,1,0.3,0.0949999999999977
665,2,0.3,0.083149999999999
665,4,0.3,0.052300000000000985
665,8,0.3,0.039100000000000606
666,1,0.3,0.14619999999999206
666,2,0.3,0.07459999999999994
666,4,0.3,0.056850000000001115
666,8,0.3,0.05465000000000105
667,1,0.3,0.08899999999999836
667,2,0.3,0.06120000000000124
667,4,0.3,0.0457500000000008
667,8,0.3,0.04190000000000069
668,1,0.3,0.12479999999999442
668,2,0.3,0.08234999999999909
668,4,0.3,0.05110000000000095
668,8,0.3,0.03855000000000059
669,1,0.3,0.0985499999999973
669,2,0.3,0.08189999999999914
669,4,0.3,0.06835000000000063
669,8,0.3,0.053000000000001005
670,1,0.3,0.10789999999999628
670,2,0.3,0.06735000000000074
670,4,0.3,0.04715000000000084
670,8,0.3,0.04335000000000073
671,1,0.3,0.08219999999999911
671,2,0.3,0.09189999999999804
671,4,0.3,0.05485000000000106
671,8,0.3,0.038300000000000584
672,1,0.3,0.11524999999999547
672,2,0.3,0.09099999999999814
672,4,0.3,0.05735000000000113
672,8,0.3,0.0424500000000007
673,1,0.3,0.12114999999999482
673,2,0.3,0.0695000000000005
673,4,0.3,0.049150000000000894
673,8,0.3,0.037250000000000554
674,1,0.3,0.12244999999999467
674,2,0.3,0.07350000000000007
674,4,0.3,0.052850000000001
674,8,0.3,0.0492500000000009
675,1,0.3,0.1158999999999954
675,2,0.3,0.07989999999999936
675,4,0.3,0.04305000000000072
675,8,0.3,0.03330000000000044
676,1,0.3,0.11864999999999509
676,2,0.3,0.07534999999999986
676,4,0.3,0.04455000000000076
676,8,0.3,0.044600000000000764
677,1,0.3,0.10024999999999712
677,2,0.3,0.07634999999999975
677,4,0.3,0.05520000000000107
677,8,0.3,0.039050000000000605
678,1,0.3,0.110449999999996
678,2,0.3,0.09794999999999737
678,4,0.3,0.06880000000000058
678,8,0.3,0.052350000000000986
679,1,0.3,0.11184999999999584
679,2,0.3,0.08439999999999886
679,4,0.3,0.053050000000001006
679,8,0.3,0.05765000000000114
680,1,0.3,0.0994999999999972
680,2,0.3,0.09474999999999772
680,4,0.3,0.0492500000000009
680,8,0.3,0.03810000000000058
681,1,0.3,0.0967499999999975
681,2,0.3,0.055150000000001066
681,4,0.3,0.0493000000000009
681,8,0.3,0.04490000000000077
682,1,0.3,0.1240499999999945
682,2,0.3,0.0750499999999999
682,4,0.3,0.06350000000000117
682,8,0.3,0.04485000000000077
683,1,0.3,0.15004999999999163
683,2,0.3,0.07734999999999964
683,4,0.3,0.062100000000001265
683,8,0.3,0.04680000000000083
684,1,0.3,0.12779999999999408
684,2,0.3,0.06435000000000107
684,4,0.3,0.04345000000000073
684,8,0.3,0.041150000000000665
685,1,0.3,0.13984999999999276
685,2,0.3,0.06705000000000078
685,4,0.3,0.058900000000001174
685,8,0.3,0.05365000000000102
686,1,0.3,0.11079999999999596
686,2,0.3,0.08454999999999885
686,4,0.3,0.05915000000000118
686,8,0.3,0.037650000000000565
687,1,0.3,0.09869999999999729
687,2,0.3,0.06525000000000097
687,4,0.3,0.07290000000000013
687,8,0.3,0.04030000000000064
688,1,0.3,0.11709999999999526
688,2,0.3,0.1213499999999948
688,4,0.3,0.05675000000000111
688,8,0.3,0.036650000000000536
689,1,0.3,0.10249999999999687
689,2,0.3,0.08934999999999832
689,4,0.3,0.05390000000000103
689,8,0.3,0.04510000000000078
690,1,0.3,0.13254999999999356
690,2,0.3,0.06535000000000096
690,4,0.3,0.04520000000000078
690,8,0.3,0.03860000000000059
691,1,0.3,0.13974999999999277
691,2,0.3,0.0858999999999987
691,4,0.3,0.05595000000000109
691,8,0.3,0.04445000000000076
692,1,0.3,0.10509999999999659
692,2,0.3,0.08779999999999849
692,4,0.3,0.04295000000000072
692,8,0.3,0.03925000000000061
693,1,0.3,0.12479999999999442
693,2,0.3,0.07370000000000004
693,4,0.3,0.06290000000000123
693,8,0.3,0.041850000000000685
694,1,0.3,0.14159999999999257
694,2,0.3,0.0759499999999998
694,4,0.3,0.04525000000000078
694,8,0.3,0.04135000000000067
695,1,0.3,0.10619999999999646
695,2,0.3,0.06850000000000062
695,4,0.3,0.046350000000000814
695,8,0.3,0.037950000000000574
696,1,0.3,0.1167999999999953
696,2,0.3,0.09069999999999817
696,4,0.3,0.05600000000000109
696,8,0.3,0.041500000000000675
697,1,0.3,0.13294999999999352
697,2,0.3,0.07210000000000022
697,4,0.3,0.06810000000000066
697,8,0.3,0.04835000000000087
698,1,0.3,0.12479999999999442
698,2,0.3,0.06045000000000122
698,4,0.3,0.06530000000000097
698,8,0.3,0.03790000000000057
699,1,0.3,0.11069999999999597
699,2,0.3,0.08789999999999848
699,4,0.3,0.05315000000000101
699,8,0.3,0.04200000000000069
700,1,0.3,0.1422499999999925
700,2,0.3,0.08904999999999835
700,4,0.3,0.061050000000001235
700,8,0.3,0.03680000000000054
701,1,0.3,0.1257999999999943
701,2,0.3,0.09334999999999788
701,4,0.3,0.05155000000000096
701,8,0.3,0.05320000000000101
702,1,0.3,0.11919999999999503
702,2,0.3,0.08269999999999905
702,4,0.3,0.06470000000000103
702,8,0.3,0.04370000000000074
703,1,0.3,0.10619999999999646
703,2,0.3,0.07180000000000025
703,4,0.3,0.06275000000000125
703,8,0.3,0.046000000000000804
704,1,0.3,0.10414999999999669
704,2,0.3,0.08639999999999864
704,4,0.3,0.04890000000000089
704,8,0.3,0.04340000000000073
705,1,0.3,0.173849999999989
705,2,0.3,0.09429999999999777
705,4,0.3,0.056500000000001105
705,8,0.3,0.04910000000000089
706,1,0.3,0.13204999999999362
706,2,0.3,0.09649999999999753
706,4,0.3,0.06650000000000084
706,8,0.3,0.041450000000000674
707,1,0.3,0.10009999999999714
707,2,0.3,0.12439999999999446
707,4,0.3,0.07090000000000035
707,8,0.3,0.056200000000001096
708,1,0.3,0.10159999999999697
708,2,0.3,0.058200000000001154
708,4,0.3,0.049900000000000916
708,8,0.3,0.043250000000000725
709,1,0.3,0.128449999999994
709,2,0.3,0.06345000000000117
709,4,0.3,0.059300000000001185
709,8,0.3,0.04175000000000068
710,1,0.3,0.09964999999999719
710,2,0.3,0.07844999999999952
710,4,0.3,0.056150000000001095
710,8,0.3,0.03740000000000056
711,1,0.3,0.10439999999999666
711,2,0.3,0.06375000000000114
711,4,0.3,0.046000000000000804
711,8,0.3,0.0354500000000005
712,1,0.3,0.1249999999999944
712,2,0.3,0.1249999999999944
712,4,0.3,0.06230000000000127
712,8,0.3,0.05245000000000099
713,1,0.3,0.10704999999999637
713,2,0.3,0.08264999999999906
713,4,0.3,0.0659500000000009
713,8,0.3,0.05315000000000101
714,1,0.3,0.12244999999999467
714,2,0.3,0.0696000000000005
714,4,0.3,0.046700000000000824
714,8,0.3,0.0458000000000008
715,1,0.3,0.1039999999999967
715,2,0.3,0.06250000000000128
715,4,0.3,0.05330000000000101
715,8,0.3,0.04050000000000065
716,1,0.3,0.12474999999999442
716,2,0.3,0.06230000000000127
716,4,0.3,0.047750000000000854
716,8,0.3,0.03715000000000055
717,1,0.3,0.13244999999999357
717,2,0.3,0.08264999999999906
717,4,0.3,0.05040000000000093
717,8,0.3,0.041150000000000665
718,1,0.3,0.12964999999999388
718,2,0.3,0.06815000000000065
718,4,0.3,0.047750000000000854
718,8,0.3,0.03930000000000061
719,1,0.3,0.11019999999999602
719,2,0.3,0.07904999999999945
719,4,0.3,0.06160000000000125
719,8,0.3,0.0459000000000008
720,1,0.3,0.09594999999999759
720,2,0.3,0.049500000000000904
720,4,0.3,0.04305000000000072
720,8,0.3,0.039450000000000617
721,1,0.3,0.10784999999999628
721,2,0.3,0.07619999999999977
721,4,0.3,0.054050000000001035
721,8,0.3,0.050250000000000926
722,1,0.3,0.11264999999999575
722,2,0.3,0.07934999999999942
722,4,0.3,0.04975000000000091
722,8,0.3,0.043600000000000735
723,1,0.3,0.11649999999999533
723,2,0.3,0.0713500000000003
723,4,0.3,0.05600000000000109
723,8,0.3,0.05145000000000096
724,1,0.3,0.10434999999999667
724,2,0.3,0.0777499999999996
724,4,0.3,0.062450000000001275
724,8,0.3,0.047100000000000836
725,1,0.3,0.14264999999999245
725,2,0.3,0.10829999999999623
725,4,0.3,0.06060000000000122
725,8,0.3,0.056200000000001096
726,1,0.3,0.1431499999999924
726,2,0.3,0.08069999999999927
726,4,0.3,0.05225000000000098
726,8,0.3,0.040400000000000644
727,1,0.3,0.10459999999999664
727,2,0.3,0.07365000000000005
727,4,0.3,0.05135000000000096
727,8,0.3,0.040800000000000655
728,1,0.3,0.12074999999999486
728,2,0.3,0.0686500000000006
728,4,0.3,0.05310000000000101
728,8,0.3,0.04170000000000068
729,1,0.3,0.11659999999999532
729,2,0.3,0.0598000000000012
729,4,0.3,0.05450000000000105
729,8,0.3,0.04025000000000064
730,1,0.3,0.1320999999999936
730,2,0.3,0.07844999999999952
730,4,0.3,0.06515000000000098
730,8,0.3,0.03820000000000058
731,1,0.3,0.1149499999999955
731,2,0.3,0.06920000000000054
731,4,0.3,0.059350000000001187
731,8,0.3,0.04755000000000085
732,1,0.3,0.11799999999999516
732,2,0.3,0.06570000000000092
732,4,0.3,0.049550000000000906
732,8,0.3,0.04730000000000084
733,1,0.3,0.11329999999999568
733,2,0.3,0.07210000000000022
733,4,0.3,0.04790000000000086
733,8,0.3,0.04470000000000077
734,1,0.3,0.11254999999999576
734,2,0.3,0.08069999999999927
734,4,0.3,0.055100000000001065
734,8,0.3,0.05400000000000103
735,1,0.3,0.10159999999999697
735,2,0.3,0.0903999999999982
735,4,0.3,0.07095000000000035
735,8,0.3,0.04620000000000081
736,1,0.3,0.10919999999999613
736,2,0.3,0.07385000000000003
736,4,0.3,0.057900000000001145
736,8,0.3,0.04445000000000076
737,1,0.3,0.11934999999999502
737,2,0.3,0.09889999999999727
737,4,0.3,0.07365000000000005
737,8,0.3,0.048450000000000874
738,1,0.3,0.11519999999999547
738,2,0.3,0.07075000000000037
738,4,0.3,0.05605000000000109
738,8,0.3,0.0388000000000006
739,1,0.3,0.12269999999999465
739,2,0.3,0.09144999999999809
739,4,0.3,0.05205000000000098
739,8,0.3,0.04760000000000085
740,1,0.3,0.1122499999999958
740,2,0.3,0.12074999999999486
740,4,0.3,0.06825000000000064
740,8,0.3,0.05015000000000092
741,1,0.3,0.10794999999999627
741,2,0.3,0.07105000000000034
741,4,0.3,0.0423000000000007
741,8,0.3,0.03360000000000045
742,1,0.3,0.12714999999999416
742,2,0.3,0.07395000000000002
742,4,0.3,0.06165000000000125
742,8,0.3,0.047800000000000856
743,1,0.3,0.14234999999999248
743,2,0.3,0.07270000000000015
743,4,0.3,0.04445000000000076
743,8,0.3,0.037700000000000566
744,1,0.3,0.08694999999999858
744,2,0.3,0.061750000000001255
744,4,0.3,0.05140000000000096
744,8,0.3,0.04265000000000071
745,1,0.3,0.146799999999992
745,2,0.3,0.08664999999999862
745,4,0.3,0.06270000000000125
745,8,0.3,0.04835000000000087
746,1,0.3,0.10449999999999665
746,2,0.3,0.07974999999999938
746,4,0.3,0.047100000000000836
746,8,0.3,0.03620000000000052
747,1,0.3,0.10869999999999619
747,2,0.3,0.09284999999999793
747,4,0.3,0.06830000000000064
747,8,0.3,0.04560000000000079
748,1,0.3,0.16359999999999014
748,2,0.3,0.09519999999999768
748,4,0.3,0.06155000000000125
748,8,0.3,0.039750000000000625
749,1,0.3,0.14194999999999253
749,2,0.3,0.0930999999999979
749,4,0.3,0.06220000000000127
749,8,0.3,0.04615000000000081
750,1,0.3,0.09749999999999742
750,2,0.3,0.07260000000000016
750,4,0.3,0.053400000000001016
750,8,0.3,0.038750000000000596
751,1,0.3,0.0867499999999986
751,2,0.3,0.07180000000000025
751,4,0.3,0.05430000000000104
751,8,0.3,0.0422500000000007
752,1,0.3,0.13109999999999372
752,2,0.3,0.10054999999999709
752,4,0.3,0.08784999999999848
752,8,0.3,0.052350000000000986
753,1,0.3,0.09849999999999731
753,2,0.3,0.07979999999999937
753,4,0.3,0.059950000000001204
753,8,0.3,0.03740000000000056
754,1,0.3,0.14649999999999203
754,2,0.3,0.10669999999999641
754,4,0.3,0.05385000000000103
754,8,0.3,0.058250000000001155
755,1,0.3,0.09419999999999779
755,2,0.3,0.062100000000001265
755,4,0.3,0.05355000000000102
755,8,0.3,0.04175000000000068
756,1,0.3,0.11699999999999527
756,2,0.3,0.064950000000001
756,4,0.3,0.048450000000000874
756,8,0.3,0.037250000000000554
757,1,0.3,0.10484999999999661
757,2,0.3,0.06190000000000126
757,4,0.3,0.04695000000000083
757,8,0.3,0.03510000000000049
758,1,0.3,0.09659999999999752
758,2,0.3,0.06465000000000104
758,4,0.3,0.04695000000000083
758,8,0.3,0.04545000000000079
759,1,0.3,0.10079999999999706
759,2,0.3,0.06780000000000069
759,4,0.3,0.04665000000000082
759,8,0.3,0.057950000000001146
760,1,0.3,0.1212499999999948
760,2,0.3,0.07759999999999961
760,4,0.3,0.061750000000001255
760,8,0.3,0.036900000000000543
761,1,0.3,0.09944999999999721
761,2,0.3,0.06985000000000047
761,4,0.3,0.057200000000001125
761,8,0.3,0.03605000000000052
762,1,0.3,0.10934999999999612
762,2,0.3,0.06115000000000124
762,4,0.3,0.04690000000000083
762,8,0.3,0.03950000000000062
763,1,0.3,0.09889999999999727
763,2,0.3,0.07170000000000026
763,4,0.3,0.05665000000000111
763,8,0.3,0.05675000000000111
764,1,0.3,0.10524999999999657
764,2,0.3,0.07444999999999996
764,4,0.3,0.05070000000000094
764,8,0.3,0.04000000000000063
765,1,0.3,0.10279999999999684
765,2,0.3,0.08379999999999893
765,4,0.3,0.052350000000000986
765,8,0.3,0.03610000000000052
766,1,0.3,0.15714999999999085
766,2,0.3,0.08694999999999858
766,4,0.3,0.06720000000000076
766,8,0.3,0.03820000000000058
767,1,0.3,0.10604999999999648
767,2,0.3,0.08624999999999866
767,4,0.3,0.0632500000000012
767,8,0.3,0.040800000000000655
768,1,0.3,0.11609999999999537
768,2,0.3,0.06350000000000117
768,4,0.3,0.07370000000000004
768,8,0.3,0.038400000000000586
769,1,0.3,0.11999999999999494
769,2,0.3,0.06430000000000108
769,4,0.3,0.045000000000000775
769,8,0.3,0.03780000000000057
770,1,0.3,0.10694999999999638
770,2,0.3,0.07734999999999964
770,4,0.3,0.05535000000000107
770,8,0.3,0.04840000000000087
771,1,0.3,0.10069999999999707
771,2,0.3,0.07784999999999959
771,4,0.3,0.054050000000001035
771,8,0.3,0.05605000000000109
772,1,0.3,0.12804999999999406
772,2,0.3,0.09349999999999786
772,4,0.3,0.05330000000000101
772,8,0.3,0.05135000000000096
773,1,0.3,0.10889999999999617
773,2,0.3,0.0803999999999993
773,4,0.3,0.06355000000000116
773,8,0.3,0.038750000000000596
774,1,0.3,0.10899999999999616
774,2,0.3,0.06090000000000123
774,4,0.3,0.046750000000000826
774,8,0.3,0.037600000000000564
775,1,0.3,0.14329999999999238
775,2,0.3,0.06840000000000063
775,4,0.3,0.05460000000000105
775,8,0.3,0.041800000000000684
776,1,0.3,0.10564999999999652
776,2,0.3,0.08569999999999872
776,4,0.3,0.06600000000000089
776,8,0.3,0.04155000000000068
777,1,0.3,0.12454999999999444
777,2,0.3,0.07539999999999986
777,4,0.3,0.05345000000000102
777,8,0.3,0.038400000000000586
778,1,0.3,0.13744999999999302
778,2,0.3,0.08064999999999928
778,4,0.3,0.08454999999999885
778,8,0.3,0.061400000000001245
779,1,0.3,0.12169999999999476
779,2,0.3,0.07240000000000019
779,4,0.3,0.05595000000000109
779,8,0.3,0.03925000000000061
780,1,0.3,0.10984999999999606
780,2,0.3,0.07759999999999961
780,4,0.3,0.04540000000000079
780,8,0.3,0.04975000000000091
781,1,0.3,0.12269999999999465
781,2,0.3,0.07689999999999969
781,4,0.3,0.07724999999999965
781,8,0.3,0.05700000000000112
782,1,0.3,0.1176499999999952
782,2,0.3,0.07724999999999965
782,4,0.3,0.05400000000000103
782,8,0.3,0.05245000000000099
783,1,0.3,0.10619999999999646
783,2,0.3,0.07325000000000009
783,4,0.3,0.051300000000000956
783,8,0.3,0.043900000000000744
784,1,0.3,0.10364999999999674
784,2,0.3,0.06085000000000123
784,4,0.3,0.04260000000000071
784,8,0.3,0.04865000000000088
785,1,0.3,0.11774999999999519
785,2,0.3,0.09814999999999735
785,4,0.3,0.08199999999999913
785,8,0.3,0.04645000000000082
786,1,0.3,0.10649999999999643
786,2,0.3,0.07375000000000004
786,4,0.3,0.06730000000000075
786,8,0.3,0.05875000000000117
787,1,0.3,0.12984999999999386
787,2,0.3,0.08604999999999868
787,4,0.3,0.055800000000001085
787,8,0.3,0.04085000000000066
788,1,0.3,0.09249999999999797
788,2,0.3,0.08264999999999906
788,4,0.3,0.05105000000000095
788,8,0.3,0.036900000000000543
789,1,0.3,0.12459999999999444
789,2,0.3,0.09724999999999745
789,4,0.3,0.06615000000000087
789,8,0.3,0.05085000000000094
790,1,0.3,0.0858999999999987
790,2,0.3,0.06355000000000116
790,4,0.3,0.053000000000001005
790,8,0.3,0.04785000000000086
791,1,0.3,0.11574999999999541
791,2,0.3,0.08079999999999926
791,4,0.3,0.054750000000001055
791,8,0.3,0.046750000000000826
792,1,0.3,0.1839499999999879
792,2,0.3,0.09089999999999815
792,4,0.3,0.04330000000000073
792,8,0.3,0.0388000000000006
793,1,0.3,0.12054999999999488
793,2,0.3,0.10284999999999683
793,4,0.3,0.06515000000000098
793,8,0.3,0.04685000000000083
794,1,0.3,0.13919999999999283
794,2,0.3,0.0749999999999999
794,4,0.3,0.046750000000000826
794,8,0.3,0.050550000000000934
795,1,0.3,0.13459999999999334
795,2,0.3,0.08839999999999842
795,4,0.3,0.0659000000000009
795,8,0.3,0.05075000000000094
796,1,0.3,0.12444999999999445
796,2,0.3,0.08289999999999903
796,4,0.3,0.04965000000000091
796,8,0.3,0.04000000000000063
797,1,0.3,0.10004999999999714
797,2,0.3,0.08364999999999895
797,4,0.3,0.05805000000000115
797,8,0.3,0.046050000000000806
798,1,0.3,0.09729999999999744
798,2,0.3,0.08069999999999927
798,4,0.3,0.04960000000000091
798,8,0.3,0.03775000000000057
799,1,0.3,0.1239999999999945
799,2,0.3,0.07295000000000013
799,4,0.3,0.05245000000000099
799,8,0.3,0.03780000000000057
800,1,0.3,0.09934999999999722
800,2,0.3,0.07010000000000044
800,4,0.3,0.0564000000000011
800,8,0.3,0.04380000000000074
801,1,0.3,0.1076999999999963
801,2,0.3,0.07829999999999954
801,4,0.3,0.06350000000000117
801,8,0.3,0.04200000000000069
802,1,0.3,0.10329999999999678
802,2,0.3,0.07065000000000038
802,4,0.3,0.04510000000000078
802,8,0.3,0.03965000000000062
803,1,0.3,0.15184999999999144
803,2,0.3,0.09489999999999771
803,4,0.3,0.06550000000000095
803,8,0.3,0.04835000000000087
804,1,0.3,0.09749999999999742
804,2,0.3,0.061750000000001255
804,4,0.3,0.07734999999999964
804,8,0.3,0.03950000000000062
805,1,0.3,0.11069999999999597
805,2,0.3,0.05875000000000117
805,4,0.3,0.05210000000000098
805,8,0.3,0.04125000000000067
806,1,0.3,0.11464999999999553
806,2,0.3,0.06930000000000053
806,4,0.3,0.059300000000001185
806,8,0.3,0.03925000000000061
807,1,0.3,0.09334999999999788
807,2,0.3,0.06990000000000046
807,4,0.3,0.055500000000001076
807,8,0.3,0.03580000000000051
808,1,0.3,0.1403999999999927
808,2,0.3,0.07904999999999945
808,4,0.3,0.0458500000000008
808,8,0.3,0.040100000000000635
809,1,0.3,0.11569999999999542
809,2,0.3,0.05670000000000111
809,4,0.3,0.05050000000000093
809,8,0.3,0.04120000000000067
810,1,0.3,0.13279999999999353
810,2,0.3,0.06090000000000123
810,4,0.3,0.04660000000000082
810,8,0.3,0.038350000000000585
811,1,0.3,0.11559999999999543
811,2,0.3,0.07839999999999953
811,4,0.3,0.05880000000000117
811,8,0.3,0.04475000000000077
812,1,0.3,0.09094999999999814
812,2,0.3,0.08274999999999905
812,4,0.3,0.049200000000000896
812,8,0.3,0.039450000000000617
813,1,0.3,0.09754999999999742
813,2,0.3,0.05955000000000119
813,4,0.3,0.04610000000000081
813,8,0.3,0.0458500000000008
814,1,0.3,0.11539999999999545
814,2,0.3,0.06230000000000127
814,4,0.3,0.04735000000000084
814,8,0.3,0.038400000000000586
815,1,0.3,0.12469999999999443
815,2,0.3,0.07424999999999998
815,4,0.3,0.06480000000000102
815,8,0.3,0.05310000000000101
816,1,0.3,0.10919999999999613
816,2,0.3,0.06385000000000113
816,4,0.3,0.05075000000000094
816,8,0.3,0.04095000000000066
817,1,0.3,0.12184999999999474
817,2,0.3,0.07674999999999971
817,4,0.3,0.060000000000001205
817,8,0.3,0.04330000000000073
818,1,0.3,0.10734999999999634
818,2,0.3,0.06445000000000106
818,4,0.3,0.056200000000001096
818,8,0.3,0.03715000000000055
819,1,0.3,0.101349999999997
819,2,0.3,0.08964999999999829
819,4,0.3,0.05560000000000108
819,8,0.3,0.034850000000000485
820,1,0.3,0.13154999999999367
820,2,0.3,0.08574999999999872
820,4,0.3,0.04755000000000085
820,8,0.3,0.03825000000000058
821,1,0.3,0.12429999999999447
821,2,0.3,0.07090000000000035
821,4,0.3,0.05420000000000104
821,8,0.3,0.045000000000000775
822,1,0.3,0.14074999999999266
822,2,0.3,0.07549999999999985
822,4,0.3,0.06155000000000125
822,8,0.3,0.04345000000000073
823,1,0.3,0.0967999999999975
823,2,0.3,0.06300000000000122
823,4,0.3,0.04400000000000075
823,8,0.3,0.037700000000000566
824,1,0.3,0.13804999999999296
824,2,0.3,0.10664999999999641
824,4,0.3,0.04905000000000089
824,8,0.3,0.04300000000000072
825,1,0.3,0.11204999999999582
825,2,0.3,0.06580000000000091
825,4,0.3,0.07035000000000041
825,8,0.3,0.046750000000000826
826,1,0.3,0.11159999999999587
826,2,0.3,0.08879999999999838
826,4,0.3,0.04490000000000077
826,8,0.3,0.0353000000000005
827,1,0.3,0.09834999999999733
827,2,0.3,0.07559999999999983
827,4,0.3,0.06635000000000085
827,8,0.3,0.04330000000000073
828,1,0.3,0.10154999999999698
828,2,0.3,0.07000000000000045
828,4,0.3,0.04030000000000064
828,8,0.3,0.03915000000000061
829,1,0.3,0.1303499999999938
829,2,0.3,0.059650000000001195
829,4,0.3,0.05500000000000106
829,8,0.3,0.04195000000000069
830,1,0.3,0.11689999999999529
830,2,0.3,0.07469999999999993
830,4,0.3,0.05035000000000093
830,8,0.3,0.03740000000000056
831,1,0.3,0.10594999999999649
831,2,0.3,0.10164999999999697
831,4,0.3,0.05210000000000098
831,8,0.3,0.04335000000000073
832,1,0.3,0.10924999999999613
832,2,0.3,0.06055000000000122
832,4,0.3,0.04310000000000072
832,8,0.3,0.03965000000000062
833,1,0.3,0.12569999999999432
833,2,0.3,0.06550000000000095
833,4,0.3,0.04625000000000081
833,8,0.3,0.03810000000000058
834,1,0.3,0.10439999999999666
834,2,0.3,0.08424999999999888
834,4,0.3,0.050550000000000934
834,8,0.3,0.040450000000000645
835,1,0.3,0.13719999999999305
835,2,0.3,0.0949999999999977
835,4,0.3,0.05520000000000107
835,8,0.3,0.0494000000000009
836,1,0.3,0.1167499999999953
836,2,0.3,0.0967499999999975
836,4,0.3,0.052800000000001
836,8,0.3,0.047450000000000846
837,1,0.3,0.10419999999999668
837,2,0.3,0.07879999999999948
837,4,0.3,0.05190000000000097
837,8,0.3,0.04840000000000087
838,1,0.3,0.10204999999999692
838,2,0.3,0.08264999999999906
838,4,0.3,0.048450000000000874
838,8,0.3,0.04190000000000069
839,1,0.3,0.11749999999999522
839,2,0.3,0.06350000000000117
839,4,0.3,0.0659500000000009
839,8,0.3,0.04200000000000069
840,1,0.3,0.10639999999999644
840,2,0.3,0.07979999999999937
840,4,0.3,0.045350000000000786
840,8,0.3,0.0423500000000007
841,1,0.3,0.10714999999999636
841,2,0.3,0.0704500000000004
841,4,0.3,0.05330000000000101
841,8,0.3,0.041500000000000675
842,1,0.3,0.13779999999999298
842,2,0.3,0.09834999999999733
842,4,0.3,0.06630000000000086
842,8,0.3,0.048150000000000866
843,1,0.3,0.11274999999999574
843,2,0.3,0.13019999999999382
843,4,0.3,0.08554999999999874
843,8,0.3,0.05740000000000113
844,1,0.3,0.14529999999999216
844,2,0.3,0.06830000000000064
844,4,0.3,0.05345000000000102
844,8,0.3,0.03860000000000059
845,1,0.3,0.10939999999999611
845,2,0.3,0.07305000000000011
845,4,0.3,0.06805000000000067
845,8,0.3,0.055150000000001066
846,1,0.3,0.11359999999999565
846,2,0.3,0.07844999999999952
846,4,0.3,0.04485000000000077
846,8,0.3,0.038750000000000596
847,1,0.3,0.09939999999999721
847,2,0.3,0.07330000000000009
847,4,0.3,0.05155000000000096
847,8,0.3,0.04380000000000074
848,1,0.3,0.1094499999999961
848,2,0.3,0.06995000000000046
848,4,0.3,0.04800000000000086
848,8,0.3,0.039700000000000624
849,1,0.3,0.14094999999999264
849,2,0.3,0.06425000000000108
849,4,0.3,0.04445000000000076
849,8,0.3,0.03750000000000056
850,1,0.3,0.1167499999999953
850,2,0.3,0.07444999999999996
850,4,0.3,0.055150000000001066
850,8,0.3,0.04305000000000072
851,1,0.3,0.1277499999999941
851,2,0.3,0.07689999999999969
851,4,0.3,0.06200000000000126
851,8,0.3,0.050200000000000924
852,1,0.3,0.11144999999999589
852,2,0.3,0.07055000000000039
852,4,0.3,0.05955000000000119
852,8,0.3,0.04860000000000088
853,1,0.3,0.12909999999999394
853,2,0.3,0.10234999999999689
853,4,0.3,0.0794999999999994
853,8,0.3,0.054450000000001046
854,1,0.3,0.09614999999999757
854,2,0.3,0.08234999999999909
854,4,0.3,0.06200000000000126
854,8,0.3,0.040750000000000654
855,1,0.3,0.1085999999999962
855,2,0.3,0.06990000000000046
855,4,0.3,0.04760000000000085
855,8,0.3,0.04350000000000073
856,1,0.3,0.10784999999999628
856,2,0.3,0.10784999999999628
856,4,0.3,0.07849999999999951
856,8,0.3,0.04700000000000083
857,1,0.3,0.10984999999999606
857,2,0.3,0.07869999999999949
857,4,0.3,0.06305000000000122
857,8,0.3,0.06095000000000123
858,1,0.3,0.11959999999999499
858,2,0.3,0.09364999999999785
858,4,0.3,0.05530000000000107
858,8,0.3,0.04210000000000069
859,1,0.3,0.09869999999999729
859,2,0.3,0.09549999999999764
859,4,0.3,0.06075000000000123
859,8,0.3,0.046400000000000816
860,1,0.3,0.1368499999999931
860,2,0.3,0.12139999999999479
860,4,0.3,0.07105000000000034
860,8,0.3,0.045700000000000796
861,1,0.3,0.11839999999999512
861,2,0.3,0.07549999999999985
861,4,0.3,0.05100000000000095
861,8,0.3,0.03920000000000061
862,1,0.3,0.12234999999999469
862,2,0.3,0.08959999999999829
862,4,0.3,0.062400000000001274
862,8,0.3,0.0564000000000011
863,1,0.3,0.11119999999999591
863,2,0.3,0.07564999999999983
863,4,0.3,0.052950000000001
863,8,0.3,0.04345000000000073
864,1,0.3,0.11659999999999532
864,2,0.3,0.1058999999999965
864,4,0.3,0.060000000000001205
864,8,0.3,0.04910000000000089
865,1,0.3,0.1313999999999937
865,2,0.3,0.07010000000000044
865,4,0.3,0.049550000000000906
865,8,0.3,0.0458500000000008
866,1,0.3,0.10264999999999685
866,2,0.3,0.0840999999999989
866,4,0.3,0.064950000000001
866,8,0.3,0.04690000000000083
867,1,0.3,0.11464999999999553
867,2,0.3,0.08454999999999885
867,4,0.3,0.04865000000000088
867,8,0.3,0.047400000000000844
868,1,0.3,0.14099999999999263
868,2,0.3,0.06535000000000096
868,4,0.3,0.05220000000000098
868,8,0.3,0.03995000000000063
869,1,0.3,0.11029999999999601
869,2,0.3,0.09659999999999752
869,4,0.3,0.0564500000000011
869,8,0.3,0.04555000000000079
870,1,0.3,0.10574999999999651
870,2,0.3,0.06400000000000111
870,4,0.3,0.06090000000000123
870,8,0.3,0.04260000000000071
871,1,0.3,0.13559999999999323
871,2,0.3,0.09274999999999795
871,4,0.3,0.050550000000000934
871,8,0.3,0.03785000000000057
872,1,0.3,0.1094999999999961
872,2,0.3,0.07604999999999978
872,4,0.3,0.0459000000000008
872,8,0.3,0.0423000000000007
873,1,0.3,0.1331499999999935
873,2,0.3,0.07260000000000016
873,4,0.3,0.06150000000000125
873,8,0.3,0.0424000000000007
874,1,0.3,0.12704999999999417
874,2,0.3,0.08179999999999915
874,4,0.3,0.04485000000000077
874,8,0.3,0.038300000000000584
875,1,0.3,0.11014999999999603
875,2,0.3,0.0813999999999992
875,4,0.3,0.05315000000000101
875,8,0.3,0.03960000000000062
876,1,0.3,0.12274999999999464
876,2,0.3,0.07205000000000022
876,4,0.3,0.05420000000000104
876,8,0.3,0.049550000000000906
877,1,0.3,0.12024999999999492
877,2,0.3,0.12024999999999492
877,4,0.3,0.05915000000000118
877,8,0.3,0.048800000000000884
878,1,0.3,0.10759999999999631
878,2,0.3,0.06835000000000063
878,4,0.3,0.043250000000000725
878,8,0.3,0.03580000000000051
879,1,0.3,0.11264999999999575
879,2,0.3,0.08829999999999844
879,4,0.3,0.053750000000001026
879,8,0.3,0.042500000000000704
880,1,0.3,0.10694999999999638
880,2,0.3,0.07604999999999978
880,4,0.3,0.062450000000001275
880,8,0.3,0.04260000000000071
881,1,0.3,0.10284999999999683
881,2,0.3,0.06800000000000067
881,4,0.3,0.06075000000000123
881,8,0.3,0.04265000000000071
882,1,0.3,0.1475499999999919
882,2,0.3,0.08014999999999933
882,4,0.3,0.08374999999999894
882,8,0.3,0.053700000000001025
883,1,0.3,0.08979999999999827
883,2,0.3,0.05150000000000096
883,4,0.3,0.046700000000000824
883,8,0.3,0.037000000000000546
884,1,0.3,0.12234999999999469
884,2,0.3,0.08439999999999886
884,4,0.3,0.04715000000000084
884,8,0.3,0.03375000000000045
885,1,0.3,0.10194999999999693
885,2,0.3,0.07599999999999979
885,4,0.3,0.07624999999999976
885,8,0.3,0.04700000000000083
886,1,0.3,0.12024999999999492
886,2,0.3,0.07120000000000032
886,4,0.3,0.051250000000000955
886,8,0.3,0.050950000000000946
887,1,0.3,0.13644999999999313
887,2,0.3,0.0749999999999999
887,4,0.3,0.046750000000000826
887,8,0.3,0.04015000000000064
888,1,0.3,0.11024999999999602
888,2,0.3,0.07330000000000009
888,4,0.3,0.06080000000000123
888,8,0.3,0.0424500000000007
889,1,0.3,0.13819999999999294
889,2,0.3,0.07929999999999943
889,4,0.3,0.05590000000000109
889,8,0.3,0.040800000000000655
890,1,0.3,0.13699999999999307
890,2,0.3,0.1040999999999967
890,4,0.3,0.05520000000000107
890,8,0.3,0.045350000000000786
891,1,0.3,0.0986499999999973
891,2,0.3,0.08804999999999846
891,4,0.3,0.05325000000000101
891,8,0.3,0.044950000000000774
892,1,0.3,0.11204999999999582
892,2,0.3,0.09659999999999752
892,4,0.3,0.04475000000000077
892,8,0.3,0.03405000000000046
893,1,0.3,0.12069999999999487
893,2,0.3,0.07335000000000008
893,4,0.3,0.06660000000000083
893,8,0.3,0.04650000000000082
894,1,0.3,0.13069999999999377
894,2,0.3,0.07904999999999945
894,4,0.3,0.046750000000000826
894,8,0.3,0.04280000000000071
895,1,0.3,0.10819999999999624
895,2,0.3,0.06385000000000113
895,4,0.3,0.053400000000001016
895,8,0.3,0.03600000000000052
896,1,0.3,0.10929999999999612
896,2,0.3,0.0940499999999978
896,4,0.3,0.05115000000000095
896,8,0.3,0.04015000000000064
897,1,0.3,0.1176999999999952
897,2,0.3,0.06570000000000092
897,4,0.3,0.05455000000000105
897,8,0.3,0.03505000000000049
898,1,0.3,0.09089999999999815
898,2,0.3,0.07824999999999954
898,4,0.3,0.04695000000000083
898,8,0.3,0.047100000000000836
899,1,0.3,0.12734999999999413
899,2,0.3,0.07070000000000037
899,4,0.3,0.051650000000000966
899,8,0.3,0.03850000000000059
900,1,0.3,0.1149999999999955
900,2,0.3,0.07539999999999986
900,4,0.3,0.0564500000000011
900,8,0.3,0.04545000000000079
901,1,0.3,0.11124999999999591
901,2,0.3,0.0867499999999986
901,4,0.3,0.05780000000000114
901,8,0.3,0.046750000000000826
902,1,0.3,0.12364999999999454
902,2,0.3,0.0696000000000005
902,4,0.3,0.06895000000000057
902,8,0.3,0.04165000000000068
903,1,0.3,0.11454999999999554
903,2,0.3,0.0704000000000004
903,4,0.3,0.05390000000000103
903,8,0.3,0.038350000000000585
904,1,0.3,0.10604999999999648
904,2,0.3,0.0598000000000012
904,4,0.3,0.055800000000001085
904,8,0.3,0.04090000000000066
905,1,0.3,0.13099999999999373
905,2,0.3,0.08904999999999835
905,4,0.3,0.052000000000000976
905,8,0.3,0.03425000000000047
906,1,0.3,0.10349999999999676
906,2,0.3,0.0659000000000009
906,4,0.3,0.05075000000000094
906,8,0.3,0.037250000000000554
907,1,0.3,0.11154999999999587
907,2,0.3,0.07434999999999997
907,4,0.3,0.064950000000001
907,8,0.3,0.040050000000000634
908,1,0.3,0.09509999999999769
908,2,0.3,0.07849999999999951
908,4,0.3,0.05345000000000102
908,8,0.3,0.04305000000000072
909,1,0.3,0.09004999999999824
909,2,0.3,0.07360000000000005
909,4,0.3,0.0563500000000011
909,8,0.3,0.04420000000000075
910,1,0.3,0.12239999999999468
910,2,0.3,0.07295000000000013
910,4,0.3,0.04790000000000086
910,8,0.3,0.03980000000000063
911,1,0.3,0.09484999999999771
911,2,0.3,0.058650000000001166
911,4,0.3,0.04660000000000082
911,8,0.3,0.03960000000000062
912,1,0.3,0.11754999999999521
912,2,0.3,0.06840000000000063
912,4,0.3,0.06695000000000079
912,8,0.3,0.05070000000000094
913,1,0.3,0.1040999999999967
913,2,0.3,0.06945000000000051
913,4,0.3,0.053050000000001006
913,8,0.3,0.043250000000000725
914,1,0.3,0.11934999999999502
914,2,0.3,0.11689999999999529
914,4,0.3,0.052950000000001
914,8,0.3,0.04200000000000069
915,1,0.3,0.13099999999999373
915,2,0.3,0.07484999999999992
915,4,0.3,0.05185000000000097
915,8,0.3,0.03740000000000056
916,1,0.3,0.12409999999999449
916,2,0.3,0.07145000000000029
916,4,0.3,0.04440000000000076
916,8,0.3,0.039100000000000606
917,1,0.3,0.10464999999999663
917,2,0.3,0.07604999999999978
917,4,0.3,0.050900000000000944
917,8,0.3,0.054050000000001035
918,1,0.3,0.14559999999999212
918,2,0.3,0.08019999999999933
918,4,0.3,0.046000000000000804
918,8,0.3,0.035950000000000516
919,1,0.3,0.12614999999999427
919,2,0.3,0.10189999999999694
919,4,0.3,0.07170000000000026
919,8,0.3,0.04560000000000079
920,1,0.3,0.1447999999999922
920,2,0.3,0.0804499999999993
920,4,0.3,0.06295000000000123
920,8,0.3,0.036300000000000526
921,1,0.3,0.10369999999999674
921,2,0.3,0.10369999999999674
921,4,0.3,0.05520000000000107
921,8,0.3,0.04265000000000071
922,1,0.3,0.10389999999999672
922,2,0.3,0.0732000000000001
922,4,0.3,0.05015000000000092
922,8,0.3,0.03930000000000061
923,1,0.3,0.11824999999999514
923,2,0.3,0.07340000000000008
923,4,0.3,0.049150000000000894
923,8,0.3,0.03710000000000055
924,1,0.3,0.12289999999999462
924,2,0.3,0.08714999999999856
924,4,0.3,0.06830000000000064
924,8,0.3,0.05365000000000102
925,1,0.3,0.15259999999999135
925,2,0.3,0.07115000000000032
925,4,0.3,0.05500000000000106
925,8,0.3,0.039750000000000625
926,1,0.3,0.10169999999999696
926,2,0.3,0.07614999999999977
926,4,0.3,0.05915000000000118
926,8,0.3,0.05005000000000092
927,1,0.3,0.11359999999999565
927,2,0.3,0.08284999999999904
927,4,0.3,0.06420000000000109
927,8,0.3,0.04000000000000063
928,1,0.3,0.11894999999999506
928,2,0.3,0.05875000000000117
928,4,0.3,0.047450000000000846
928,8,0.3,0.039350000000000614
929,1,0.3,0.09119999999999812
929,2,0.3,0.06540000000000096
929,4,0.3,0.057600000000001136
929,8,0.3,0.044950000000000774
930,1,0.3,0.12139999999999479
930,2,0.3,0.06790000000000068
930,4,0.3,0.058550000000001164
930,8,0.3,0.04140000000000067
931,1,0.3,0.10214999999999691
931,2,0.3,0.0704000000000004
931,4,0.3,0.04700000000000083
931,8,0.3,0.04195000000000069
932,1,0.3,0.11864999999999509
932,2,0.3,0.06735000000000074
932,4,0.3,0.045300000000000784
932,8,0.3,0.046750000000000826
933,1,0.3,0.15604999999999097
933,2,0.3,0.08879999999999838
933,4,0.3,0.06750000000000073
933,8,0.3,0.0459000000000008
934,1,0.3,0.15384999999999122
934,2,0.3,0.0867999999999986
934,4,0.3,0.06365000000000115
934,8,0.3,0.03985000000000063
935,1,0.3,0.1058499999999965
935,2,0.3,0.08289999999999903
935,4,0.3,0.05015000000000092
935,8,0.3,0.04455000000000076
936,1,0.3,0.1495499999999917
936,2,0.3,0.08084999999999926
936,4,0.3,0.05250000000000099
936,8,0.3,0.04830000000000087
937,1,0.3,0.11164999999999586
937,2,0.3,0.07904999999999945
937,4,0.3,0.05535000000000107
937,8,0.3,0.04525000000000078
938,1,0.3,0.10814999999999625
938,2,0.3,0.06285000000000124
938,4,0.3,0.04015000000000064
938,8,0.3,0.03635000000000053
939,1,0.3,0.1395499999999928
939,2,0.3,0.08649999999999863
939,4,0.3,0.052000000000000976
939,8,0.3,0.041800000000000684
940,1,0.3,0.10554999999999654
940,2,0.3,0.10104999999999703
940,4,0.3,0.056200000000001096
940,8,0.3,0.041450000000000674
941,1,0.3,0.10449999999999665
941,2,0.3,0.0903999999999982
941,4,0.3,0.06765000000000071
941,8,0.3,0.03440000000000047
942,1,0.3,0.13349999999999346
942,2,0.3,0.09524999999999767
942,4,0.3,0.0597000000000012
942,8,0.3,0.04030000000000064
943,1,0.3,0.11469999999999553
943,2,0.3,0.07929999999999943
943,4,0.3,0.05870000000000117
943,8,0.3,0.04140000000000067
944,1,0.3,0.10424999999999668
944,2,0.3,0.06470000000000103
944,4,0.3,0.05840000000000116
944,8,0.3,0.039100000000000606
945,1,0.3,0.10899999999999616
945,2,0.3,0.08269999999999905
945,4,0.3,0.05065000000000094
945,8,0.3,0.03750000000000056
946,1,0.3,0.12259999999999466
946,2,0.3,0.07564999999999983
946,4,0.3,0.04875000000000088
946,8,0.3,0.036600000000000535
947,1,0.3,0.10384999999999672
947,2,0.3,0.07365000000000005
947,4,0.3,0.051950000000000975
947,8,0.3,0.04625000000000081
948,1,0.3,0.1248999999999944
948,2,0.3,0.06465000000000104
948,4,0.3,0.04760000000000085
948,8,0.3,0.03390000000000046
949,1,0.3,0.09259999999999796
949,2,0.3,0.06200000000000126
949,4,0.3,0.04900000000000089
949,8,0.3,0.03440000000000047
950,1,0.3,0.1449999999999922
950,2,0.3,0.0795999999999994
950,4,0.3,0.06480000000000102
950,8,0.3,0.05185000000000097
951,1,0.3,0.11529999999999546
951,2,0.3,0.07245000000000018
951,4,0.3,0.057850000000001144
951,8,0.3,0.043550000000000734
952,1,0.3,0.11739999999999523
952,2,0.3,0.06195000000000126
952,4,0.3,0.06085000000000123
952,8,0.3,0.039100000000000606
953,1,0.3,0.11564999999999542
953,2,0.3,0.08434999999999887
953,4,0.3,0.07175000000000026
953,8,0.3,0.05155000000000096
954,1,0.3,0.1312999999999937
954,2,0.3,0.07395000000000002
954,4,0.3,0.0714000000000003
954,8,0.3,0.04210000000000069
955,1,0.3,0.10559999999999653
955,2,0.3,0.06545000000000095
955,4,0.3,0.05260000000000099
955,8,0.3,0.04135000000000067
956,1,0.3,0.1058499999999965
956,2,0.3,0.06005000000000121
956,4,0.3,0.04895000000000089
956,8,0.3,0.03790000000000057
957,1,0.3,0.0967999999999975
957,2,0.3,0.07539999999999986
957,4,0.3,0.0564500000000011
957,8,0.3,0.047450000000000846
958,1,0.3,0.11904999999999505
958,2,0.3,0.07489999999999991
958,4,0.3,0.04620000000000081
958,8,0.3,0.04520000000000078
959,1,0.3,0.12079999999999486
959,2,0.3,0.06810000000000066
959,4,0.3,0.04155000000000068
959,8,0.3,0.04890000000000089
960,1,0.3,0.11759999999999521
960,2,0.3,0.06400000000000111
960,4,0.3,0.0750499999999999
960,8,0.3,0.04340000000000073
961,1,0.3,0.12994999999999385
961,2,0.3,0.08194999999999913
961,4,0.3,0.05360000000000102
961,8,0.3,0.04200000000000069
962,1,0.3,0.11649999999999533
962,2,0.3,0.0686500000000006
962,4,0.3,0.04715000000000084
962,8,0.3,0.03955000000000062
963,1,0.3,0.09449999999999775
963,2,0.3,0.07070000000000037
963,4,0.3,0.05350000000000102
963,8,0.3,0.040050000000000634
964,1,0.3,0.11824999999999514
964,2,0.3,0.07599999999999979
964,4,0.3,0.04760000000000085
964,8,0.3,0.03610000000000052
965,1,0.3,0.15434999999999116
965,2,0.3,0.08269999999999905
965,4,0.3,0.05945000000000119
965,8,0.3,0.038700000000000595
966,1,0.3,0.12059999999999488
966,2,0.3,0.06555000000000094
966,4,0.3,0.0458000000000008
966,8,0.3,0.04015000000000064
967,1,0.3,0.14649999999999203
967,2,0.3,0.12089999999999484
967,4,0.3,0.052700000000000996
967,8,0.3,0.04270000000000071
968,1,0.3,0.1258499999999943
968,2,0.3,0.08619999999999867
968,4,0.3,0.06360000000000116
968,8,0.3,0.04400000000000075
969,1,0.3,0.1095499999999961
969,2,0.3,0.0723000000000002
969,4,0.3,0.056850000000001115
969,8,0.3,0.05955000000000119
970,1,0.3,0.09969999999999718
970,2,0.3,0.09264999999999796
970,4,0.3,0.06580000000000091
970,8,0.3,0.04720000000000084
971,1,0.3,0.16969999999998947
971,2,0.3,0.08929999999999833
971,4,0.3,0.0668500000000008
971,8,0.3,0.037650000000000565
972,1,0.3,0.09749999999999742
972,2,0.3,0.09249999999999797
972,4,0.3,0.05245000000000099
972,8,0.3,0.03955000000000062
973,1,0.3,0.12359999999999455
973,2,0.3,0.06645000000000084
973,4,0.3,0.047800000000000856
973,8,0.3,0.03500000000000049
974,1,0.3,0.1504499999999916
974,2,0.3,0.08609999999999868
974,4,0.3,0.04665000000000082
974,8,0.3,0.03440000000000047
975,1,0.3,0.09384999999999782
975,2,0.3,0.07469999999999993
975,4,0.3,0.0723000000000002
975,8,0.3,0.042200000000000695
976,1,0.3,0.14154999999999257
976,2,0.3,0.06535000000000096
976,4,0.3,0.046050000000000806
976,8,0.3,0.041100000000000664
977,1,0.3,0.12359999999999455
977,2,0.3,0.08959999999999829
977,4,0.3,0.05070000000000094
977,8,0.3,0.04860000000000088
978,1,0.3,0.13254999999999356
978,2,0.3,0.07075000000000037
978,4,0.3,0.058550000000001164
978,8,0.3,0.04275000000000071
979,1,0.3,0.110449999999996
979,2,0.3,0.06885000000000058
979,4,0.3,0.04475000000000077
979,8,0.3,0.046750000000000826
980,1,0.3,0.12709999999999416
980,2,0.3,0.06805000000000067
980,4,0.3,0.05110000000000095
980,8,0.3,0.03585000000000051
981,1,0.3,0.10884999999999617
981,2,0.3,0.06275000000000125
981,4,0.3,0.06060000000000122
981,8,0.3,0.041100000000000664
982,1,0.3,0.12059999999999488
982,2,0.3,0.08439999999999886
982,4,0.3,0.05210000000000098
982,8,0.3,0.039400000000000615
983,1,0.3,0.14519999999999217
983,2,0.3,0.08289999999999903
983,4,0.3,0.05665000000000111
983,8,0.3,0.04410000000000075
984,1,0.3,0.10359999999999675
984,2,0.3,0.0840499999999989
984,4,0.3,0.04655000000000082
984,8,0.3,0.04170000000000068
985,1,0.3,0.1031999999999968
985,2,0.3,0.08814999999999845
985,4,0.3,0.05040000000000093
985,8,0.3,0.03745000000000056
986,1,0.3,0.10924999999999613
986,2,0.3,0.07764999999999961
986,4,0.3,0.06340000000000118
986,8,0.3,0.041150000000000665
987,1,0.3,0.11199999999999583
987,2,0.3,0.06880000000000058
987,4,0.3,0.05070000000000094
987,8,0.3,0.05555000000000108
988,1,0.3,0.1222499999999947
988,2,0.3,0.09159999999999807
988,4,0.3,0.05320000000000101
988,8,0.3,0.04085000000000066
989,1,0.3,0.14564999999999212
989,2,0.3,0.07310000000000011
989,4,0.3,0.05080000000000094
989,8,0.3,0.03815000000000058
990,1,0.3,0.09729999999999744
990,2,0.3,0.06340000000000118
990,4,0.3,0.049900000000000916
990,8,0.3,0.042550000000000705
991,1,0.3,0.11879999999999508
991,2,0.3,0.06800000000000067
991,4,0.3,0.04965000000000091
991,8,0.3,0.042900000000000715
992,1,0.3,0.12739999999999413
992,2,0.3,0.07744999999999963
992,4,0.3,0.06425000000000108
992,8,0.3,0.042850000000000714
993,1,0.3,0.10789999999999628
993,2,0.3,0.08324999999999899
993,4,0.3,0.06740000000000074
993,8,0.3,0.048500000000000876
994,1,0.3,0.10704999999999637
994,2,0.3,0.07035000000000041
994,4,0.3,0.04620000000000081
994,8,0.3,0.0424000000000007
995,1,0.3,0.13109999999999372
995,2,0.3,0.11019999999999602
995,4,0.3,0.08194999999999913
995,8,0.3,0.05320000000000101
996,1,0.3,0.09919999999999723
996,2,0.3,0.08184999999999915
996,4,0.3,0.05000000000000092
996,8,0.3,0.03850000000000059
997,1,0.3,0.10024999999999712
997,2,0.3,0.10724999999999635
997,4,0.3,0.05070000000000094
997,8,0.3,0.03965000000000062
998,1,0.3,0.12189999999999473
998,2,0.3,0.06645000000000084
998,4,0.3,0.051300000000000956
998,8,0.3,0.04165000000000068
999,1,0.3,0.11834999999999513
999,2,0.3,0.07654999999999973
999,4,0.3,0.050550000000000934
999,8,0.3,0.040800000000000655
