run,seed,ring_size,affected_fraction,method,completion_time_s,final_k_mean,final_k_max
5,40051970,16,0.0,adaptive,0.021500000000000102,1.0,1
5,40051970,16,0.1,adaptive,0.03115000000000038,1.1875,3
5,40051970,16,0.3,adaptive,0.04090000000000066,3.0,4
5,40051970,16,0.5,adaptive,0.0494500000000009,3.625,4
5,40051970,64,0.0,adaptive,0.02665000000000025,1.03125,2
5,40051970,64,0.1,adaptive,0.04050000000000065,1.578125,4
5,40051970,64,0.3,adaptive,0.04370000000000074,2.859375,4
5,40051970,64,0.5,adaptive,0.06220000000000127,3.75,4
1,51966,16,0.0,adaptive,0.021500000000000102,1.0,1
1,51966,16,0.1,adaptive,0.036950000000000545,1.75,4
1,51966,16,0.3,adaptive,0.04205000000000069,2.5,4
1,51966,16,0.5,adaptive,0.045650000000000794,3.3125,4
1,51966,64,0.0,adaptive,0.030350000000000356,1.21875,3
1,51966,64,0.1,adaptive,0.042550000000000705,2.15625,4
1,51966,64,0.3,adaptive,0.05455000000000105,2.859375,4
1,51966,64,0.5,adaptive,0.05805000000000115,3.4375,4
4,30051969,16,0.0,adaptive,0.02665000000000025,1.125,2
4,30051969,16,0.1,adaptive,0.03430000000000047,1.9375,4
4,30051969,16,0.3,adaptive,0.041450000000000674,3.125,4
4,30051969,16,0.5,adaptive,0.04790000000000086,3.5625,4
4,30051969,64,0.0,adaptive,0.030350000000000356,1.09375,3
4,30051969,64,0.1,adaptive,0.0458000000000008,2.125,4
4,30051969,64,0.3,adaptive,0.07489999999999991,3.171875,4
4,30051969,64,0.5,adaptive,0.06075000000000123,3.59375,4
3,20051968,16,0.0,adaptive,0.021500000000000102,1.0,1
3,20051968,16,0.1,adaptive,0.03600000000000052,1.6875,4
3,20051968,16,0.3,adaptive,0.04965000000000091,2.9375,4
3,20051968,16,0.5,adaptive,0.04770000000000085,2.75,4
3,20051968,64,0.0,adaptive,0.03270000000000042,1.53125,4
3,20051968,64,0.1,adaptive,0.040450000000000645,2.328125,4
3,20051968,64,0.3,adaptive,0.07190000000000024,3.1875,4
3,20051968,64,0.5,adaptive,0.059950000000001204,3.5625,4
2,10051967,16,0.0,adaptive,0.021500000000000102,1.0,1
2,10051967,16,0.1,adaptive,0.04555000000000079,1.75,4
2,10051967,16,0.3,adaptive,0.051650000000000966,2.4375,4
2,10051967,16,0.5,adaptive,0.05315000000000101,3.6875,4
2,10051967,64,0.0,adaptive,0.02700000000000026,1.203125,2
2,10051967,64,0.1,adaptive,0.04555000000000079,1.90625,4
2,10051967,64,0.3,adaptive,0.051650000000000966,3.09375,4
2,10051967,64,0.5,adaptive,0.062400000000001274,3.84375,4
6,50051971,16,0.0,adaptive,0.021500000000000102,1.0,1
6,50051971,16,0.1,adaptive,0.033850000000000456,1.6875,4
6,50051971,16,0.3,adaptive,0.041800000000000684,3.5625,4
6,50051971,16,0.5,adaptive,0.05415000000000104,4.0,4
6,50051971,64,0.0,adaptive,0.02665000000000025,1.203125,2
6,50051971,64,0.1,adaptive,0.039400000000000615,2.0625,4
6,50051971,64,0.3,adaptive,0.07060000000000038,3.4375,4
6,50051971,64,0.5,adaptive,0.06260000000000127,3.890625,4
7,60051972,16,0.0,adaptive,0.021500000000000102,1.0,1
7,60051972,16,0.1,adaptive,0.03845000000000059,2.125,4
7,60051972,16,0.3,adaptive,0.039350000000000614,2.9375,4
7,60051972,16,0.5,adaptive,0.04260000000000071,3.375,4
7,60051972,64,0.0,adaptive,0.029000000000000317,1.125,3
7,60051972,64,0.1,adaptive,0.04265000000000071,2.171875,4
7,60051972,64,0.3,adaptive,0.05110000000000095,3.25,4
7,60051972,64,0.5,adaptive,0.07285000000000014,3.515625,4
8,70051973,16,0.0,adaptive,0.021500000000000102,1.0,1
8,70051973,16,0.1,adaptive,0.03670000000000054,2.0625,4
8,70051973,16,0.3,adaptive,0.04720000000000084,3.1875,4
8,70051973,16,0.5,adaptive,0.054750000000001055,3.5,4
8,70051973,64,0.0,adaptive,0.030350000000000356,1.375,3
8,70051973,64,0.1,adaptive,0.04195000000000069,2.125,4
8,70051973,64,0.3,adaptive,0.05310000000000101,3.03125,4
8,70051973,64,0.5,adaptive,0.05950000000000119,3.515625,4
12,110051977,16,0.0,adaptive,0.021500000000000102,1.0,1
12,110051977,16,0.1,adaptive,0.0320000000000004,1.8125,3
12,110051977,16,0.3,adaptive,0.036900000000000543,2.6875,4
12,110051977,16,0.5,adaptive,0.04755000000000085,3.625,4
12,110051977,64,0.0,adaptive,0.03260000000000042,1.3125,4
12,110051977,64,0.1,adaptive,0.04070000000000065,1.96875,4
12,110051977,64,0.3,adaptive,0.0458000000000008,3.0,4
12,110051977,64,0.5,adaptive,0.05215000000000098,3.671875,4
10,90051975,16,0.0,adaptive,0.021500000000000102,1.0,1
10,90051975,16,0.1,adaptive,0.03790000000000057,1.8125,4
10,90051975,16,0.3,adaptive,0.035550000000000505,2.4375,4
10,90051975,16,0.5,adaptive,0.05350000000000102,3.625,4
10,90051975,64,0.0,adaptive,0.03430000000000047,1.203125,4
10,90051975,64,0.1,adaptive,0.0598000000000012,2.125,4
10,90051975,64,0.3,adaptive,0.05350000000000102,2.625,4
10,90051975,64,0.5,adaptive,0.05840000000000116,3.640625,4
9,80051974,16,0.0,adaptive,0.02665000000000025,1.125,2
9,80051974,16,0.1,adaptive,0.03950000000000062,2.0,4
9,80051974,16,0.3,adaptive,0.0423500000000007,2.6875,4
9,80051974,16,0.5,adaptive,0.05470000000000105,3.5625,4
9,80051974,64,0.0,adaptive,0.03290000000000043,1.390625,3
9,80051974,64,0.1,adaptive,0.04825000000000087,1.96875,4
9,80051974,64,0.3,adaptive,0.04825000000000087,3.109375,4
9,80051974,64,0.5,adaptive,0.059650000000001195,3.734375,4
11,100051976,16,0.0,adaptive,0.021500000000000102,1.0,1
11,100051976,16,0.1,adaptive,0.05530000000000107,1.875,4
11,100051976,16,0.3,adaptive,0.04400000000000075,3.0,4
11,100051976,16,0.5,adaptive,0.0632000000000012,3.625,4
11,100051976,64,0.0,adaptive,0.02665000000000025,1.140625,2
11,100051976,64,0.1,adaptive,0.05495000000000106,1.984375,4
11,100051976,64,0.3,adaptive,0.054400000000001045,3.078125,4
11,100051976,64,0.5,adaptive,0.07000000000000045,3.78125,4
13,120051978,16,0.0,adaptive,0.021500000000000102,1.0,1
13,120051978,16,0.1,adaptive,0.03250000000000042,1.6875,4
13,120051978,16,0.3,adaptive,0.05010000000000092,3.0625,4
13,120051978,16,0.5,adaptive,0.045000000000000775,3.875,4
13,120051978,64,0.0,adaptive,0.030350000000000356,1.09375,3
13,120051978,64,0.1,adaptive,0.04205000000000069,2.09375,4
13,120051978,64,0.3,adaptive,0.0597000000000012,3.125,4
13,120051978,64,0.5,adaptive,0.0564000000000011,3.703125,4
16,150051981,16,0.0,adaptive,0.021500000000000102,1.0,1
16,150051981,16,0.1,adaptive,0.034500000000000475,1.6875,4
16,150051981,16,0.3,adaptive,0.04445000000000076,3.0625,4
16,150051981,16,0.5,adaptive,0.048100000000000864,3.0625,4
16,150051981,64,0.0,adaptive,0.03260000000000042,1.21875,4
16,150051981,64,0.1,adaptive,0.03565000000000051,1.6875,4
16,150051981,64,0.3,adaptive,0.05155000000000096,3.078125,4
16,150051981,64,0.5,adaptive,0.07649999999999973,3.578125,4
17,160051982,16,0.0,adaptive,0.021500000000000102,1.0,1
17,160051982,16,0.1,adaptive,0.03605000000000052,2.0,4
17,160051982,16,0.3,adaptive,0.04440000000000076,2.4375,4
17,160051982,16,0.5,adaptive,0.06050000000000122,3.8125,4
17,160051982,64,0.0,adaptive,0.02665000000000025,1.203125,2
17,160051982,64,0.1,adaptive,0.0389500000000006,2.078125,4
17,160051982,64,0.3,adaptive,0.053000000000001005,2.9375,4
17,160051982,64,0.5,adaptive,0.06335000000000118,3.71875,4
14,130051979,16,0.0,adaptive,0.021500000000000102,1.0,1
14,130051979,16,0.1,adaptive,0.03290000000000043,1.9375,4
14,130051979,16,0.3,adaptive,0.06855000000000061,3.6875,4
14,130051979,16,0.5,adaptive,0.055500000000001076,3.6875,4
14,130051979,64,0.0,adaptive,0.021500000000000102,1.0,1
14,130051979,64,0.1,adaptive,0.03375000000000045,1.53125,4
14,130051979,64,0.3,adaptive,0.07205000000000022,3.28125,4
14,130051979,64,0.5,adaptive,0.06525000000000097,3.703125,4
18,170051983,16,0.0,adaptive,0.021500000000000102,1.0,1
18,170051983,16,0.1,adaptive,0.034150000000000465,1.625,4
18,170051983,16,0.3,adaptive,0.040800000000000655,3.0625,4
18,170051983,16,0.5,adaptive,0.04455000000000076,3.4375,4
18,170051983,64,0.0,adaptive,0.033100000000000435,1.34375,4
18,170051983,64,0.1,adaptive,0.0389500000000006,2.140625,4
18,170051983,64,0.3,adaptive,0.05140000000000096,3.25,4
18,170051983,64,0.5,adaptive,0.057850000000001144,3.765625,4
15,140051980,16,0.0,adaptive,0.021500000000000102,1.0,1
15,140051980,16,0.1,adaptive,0.03715000000000055,1.5,4
15,140051980,16,0.3,adaptive,0.06605000000000089,3.0625,4
15,140051980,16,0.5,adaptive,0.04450000000000076,3.375,4
15,140051980,64,0.0,adaptive,0.030350000000000356,1.21875,3
15,140051980,64,0.1,adaptive,0.043900000000000744,2.046875,4
15,140051980,64,0.3,adaptive,0.06605000000000089,3.03125,4
15,140051980,64,0.5,adaptive,0.08074999999999927,3.75,4
19,180051984,16,0.0,adaptive,0.021500000000000102,1.0,1
19,180051984,16,0.1,adaptive,0.03325000000000044,1.875,4
19,180051984,16,0.3,adaptive,0.040400000000000644,3.0625,4
19,180051984,16,0.5,adaptive,0.05350000000000102,3.6875,4
19,180051984,64,0.0,adaptive,0.02665000000000025,1.125,2
19,180051984,64,0.1,adaptive,0.0458000000000008,1.90625,4
19,180051984,64,0.3,adaptive,0.05875000000000117,2.9375,4
19,180051984,64,0.5,adaptive,0.05595000000000109,3.796875,4
20,190051985,16,0.0,adaptive,0.021500000000000102,1.0,1
20,190051985,16,0.1,adaptive,0.0355000000000005,1.875,4
20,190051985,16,0.3,adaptive,0.04270000000000071,2.1875,4
20,190051985,16,0.5,adaptive,0.044300000000000755,3.5625,4
20,190051985,64,0.0,adaptive,0.02700000000000026,1.296875,2
20,190051985,64,0.1,adaptive,0.039350000000000614,2.03125,4
20,190051985,64,0.3,adaptive,0.06605000000000089,3.046875,4
20,190051985,64,0.5,adaptive,0.05955000000000119,3.890625,4
24,230051989,16,0.0,adaptive,0.021500000000000102,1.0,1
24,230051989,16,0.1,adaptive,0.035200000000000495,1.875,4
24,230051989,16,0.3,adaptive,0.040100000000000635,2.6875,4
24,230051989,16,0.5,adaptive,0.04735000000000084,3.25,4
24,230051989,64,0.0,adaptive,0.03260000000000042,1.1875,4
24,230051989,64,0.1,adaptive,0.04055000000000065,2.015625,4
24,230051989,64,0.3,adaptive,0.04720000000000084,3.03125,4
24,230051989,64,0.5,adaptive,0.052700000000000996,3.5625,4
22,210051987,16,0.0,adaptive,0.021500000000000102,1.0,1
22,210051987,16,0.1,adaptive,0.03500000000000049,1.625,4
22,210051987,16,0.3,adaptive,0.04785000000000086,2.875,4
22,210051987,16,0.5,adaptive,0.04370000000000074,3.3125,4
22,210051987,64,0.0,adaptive,0.030350000000000356,1.4375,3
22,210051987,64,0.1,adaptive,0.04645000000000082,2.34375,4
22,210051987,64,0.3,adaptive,0.050600000000000936,3.328125,4
22,210051987,64,0.5,adaptive,0.06095000000000123,3.578125,4
23,220051988,16,0.0,adaptive,0.021500000000000102,1.0,1
23,220051988,16,0.1,adaptive,0.03430000000000047,1.9375,4
23,220051988,16,0.3,adaptive,0.041450000000000674,2.6875,4
23,220051988,16,0.5,adaptive,0.060300000000001214,2.6875,4
23,220051988,64,0.0,adaptive,0.030350000000000356,1.171875,3
23,220051988,64,0.1,adaptive,0.03775000000000057,2.0625,4
23,220051988,64,0.3,adaptive,0.06045000000000122,3.1875,4
23,220051988,64,0.5,adaptive,0.064950000000001,3.5625,4
21,200051986,16,0.0,adaptive,0.021500000000000102,1.0,1
21,200051986,16,0.1,adaptive,0.03230000000000041,1.5625,4
21,200051986,16,0.3,adaptive,0.061700000000001254,3.375,4
21,200051986,16,0.5,adaptive,0.04685000000000083,3.6875,4
21,200051986,64,0.0,adaptive,0.030350000000000356,1.484375,3
21,200051986,64,0.1,adaptive,0.03710000000000055,2.515625,4
21,200051986,64,0.3,adaptive,0.061700000000001254,3.25,4
21,200051986,64,0.5,adaptive,0.06650000000000084,3.640625,4
25,240051990,16,0.0,adaptive,0.02665000000000025,1.125,2
25,240051990,16,0.1,adaptive,0.03160000000000039,1.5625,3
25,240051990,16,0.3,adaptive,0.040400000000000644,2.9375,4
25,240051990,16,0.5,adaptive,0.0598500000000012,3.6875,4
25,240051990,64,0.0,adaptive,0.030350000000000356,1.3125,3
25,240051990,64,0.1,adaptive,0.04280000000000071,2.0625,4
25,240051990,64,0.3,adaptive,0.06915000000000054,3.25,4
25,240051990,64,0.5,adaptive,0.06845000000000062,3.796875,4
27,260051992,16,0.0,adaptive,0.021500000000000102,1.0,1
27,260051992,16,0.1,adaptive,0.0319000000000004,1.4375,4
27,260051992,16,0.3,adaptive,0.0423500000000007,3.375,4
27,260051992,16,0.5,adaptive,0.05250000000000099,3.8125,4
27,260051992,64,0.0,adaptive,0.030350000000000356,1.1875,3
27,260051992,64,0.1,adaptive,0.04155000000000068,1.828125,4
27,260051992,64,0.3,adaptive,0.05745000000000113,2.9375,4
27,260051992,64,0.5,adaptive,0.06005000000000121,3.734375,4
28,270051993,16,0.0,adaptive,0.029000000000000317,1.25,3
28,270051993,16,0.1,adaptive,0.04120000000000067,2.1875,4
28,270051993,16,0.3,adaptive,0.049550000000000906,3.1875,4
28,270051993,16,0.5,adaptive,0.047450000000000846,3.6875,4
28,270051993,64,0.0,adaptive,0.02665000000000025,1.125,2
28,270051993,64,0.1,adaptive,0.04275000000000071,2.0625,4
28,270051993,64,0.3,adaptive,0.054050000000001035,3.265625,4
28,270051993,64,0.5,adaptive,0.05250000000000099,3.65625,4
30,290051995,16,0.0,adaptive,0.02665000000000025,1.125,2
30,290051995,16,0.1,adaptive,0.04440000000000076,2.125,4
30,290051995,16,0.3,adaptive,0.038700000000000595,2.6875,4
30,290051995,16,0.5,adaptive,0.05100000000000095,3.6875,4
30,290051995,64,0.0,adaptive,0.03160000000000039,1.25,4
30,290051995,64,0.1,adaptive,0.04440000000000076,2.171875,4
30,290051995,64,0.3,adaptive,0.05205000000000098,3.171875,4
30,290051995,64,0.5,adaptive,0.05100000000000095,3.765625,4
26,250051991,16,0.0,adaptive,0.021500000000000102,1.0,1
26,250051991,16,0.1,adaptive,0.03950000000000062,2.1875,4
26,250051991,16,0.3,adaptive,0.04195000000000069,2.875,4
26,250051991,16,0.5,adaptive,0.048850000000000886,3.625,4
26,250051991,64,0.0,adaptive,0.03475000000000048,1.375,4
26,250051991,64,0.1,adaptive,0.04420000000000075,2.46875,4
26,250051991,64,0.3,adaptive,0.0786499999999995,2.984375,4
26,250051991,64,0.5,adaptive,0.09214999999999801,3.8125,4
29,280051994,16,0.0,adaptive,0.021500000000000102,1.0,1
29,280051994,16,0.1,adaptive,0.031350000000000385,1.6875,4
29,280051994,16,0.3,adaptive,0.05425000000000104,3.125,4
29,280051994,16,0.5,adaptive,0.052950000000001,3.9375,4
29,280051994,64,0.0,adaptive,0.030350000000000356,1.3125,3
29,280051994,64,0.1,adaptive,0.039700000000000624,1.953125,4
29,280051994,64,0.3,adaptive,0.057850000000001144,3.203125,4
29,280051994,64,0.5,adaptive,0.05885000000000117,3.65625,4
35,340052000,16,0.0,adaptive,0.02665000000000025,1.125,2
35,340052000,16,0.1,adaptive,0.035600000000000506,1.5625,4
35,340052000,16,0.3,adaptive,0.0424000000000007,3.25,4
35,340052000,16,0.5,adaptive,0.03845000000000059,3.3125,4
35,340052000,64,0.0,adaptive,0.030350000000000356,1.171875,3
35,340052000,64,0.1,adaptive,0.03635000000000053,1.796875,4
35,340052000,64,0.3,adaptive,0.045650000000000794,3.109375,4
35,340052000,64,0.5,adaptive,0.05225000000000098,3.53125,4
32,310051997,16,0.0,adaptive,0.021500000000000102,1.0,1
32,310051997,16,0.1,adaptive,0.032750000000000425,1.9375,4
32,310051997,16,0.3,adaptive,0.03925000000000061,3.4375,4
32,310051997,16,0.5,adaptive,0.060300000000001214,3.75,4
32,310051997,64,0.0,adaptive,0.030350000000000356,1.390625,3
32,310051997,64,0.1,adaptive,0.036600000000000535,2.0625,4
32,310051997,64,0.3,adaptive,0.05085000000000094,3.234375,4
32,310051997,64,0.5,adaptive,0.06840000000000063,3.703125,4
31,300051996,16,0.0,adaptive,0.021500000000000102,1.0,1
31,300051996,16,0.1,adaptive,0.030650000000000364,1.25,3
31,300051996,16,0.3,adaptive,0.05010000000000092,3.6875,4
31,300051996,16,0.5,adaptive,0.055100000000001065,3.9375,4
31,300051996,64,0.0,adaptive,0.03290000000000043,1.25,3
31,300051996,64,0.1,adaptive,0.043900000000000744,1.890625,4
31,300051996,64,0.3,adaptive,0.06015000000000121,3.21875,4
31,300051996,64,0.5,adaptive,0.06130000000000124,3.765625,4
33,320051998,16,0.0,adaptive,0.021500000000000102,1.0,1
33,320051998,16,0.1,adaptive,0.03050000000000036,1.6875,3
33,320051998,16,0.3,adaptive,0.041150000000000665,3.1875,4
33,320051998,16,0.5,adaptive,0.051950000000000975,3.8125,4
33,320051998,64,0.0,adaptive,0.03055000000000036,1.296875,3
33,320051998,64,0.1,adaptive,0.05840000000000116,2.046875,4
33,320051998,64,0.3,adaptive,0.0597500000000012,3.15625,4
33,320051998,64,0.5,adaptive,0.07265000000000016,3.71875,4
34,330051999,16,0.0,adaptive,0.021500000000000102,1.0,1
34,330051999,16,0.1,adaptive,0.03375000000000045,1.625,4
34,330051999,16,0.3,adaptive,0.048100000000000864,3.6875,4
34,330051999,16,0.5,adaptive,0.05350000000000102,3.4375,4
34,330051999,64,0.0,adaptive,0.02665000000000025,1.140625,2
34,330051999,64,0.1,adaptive,0.036600000000000535,1.90625,4
34,330051999,64,0.3,adaptive,0.07914999999999944,3.296875,4
34,330051999,64,0.5,adaptive,0.05600000000000109,3.59375,4
36,350052001,16,0.0,adaptive,0.021500000000000102,1.0,1
36,350052001,16,0.1,adaptive,0.029200000000000323,1.375,3
36,350052001,16,0.3,adaptive,0.04265000000000071,3.0625,4
36,350052001,16,0.5,adaptive,0.062050000000001264,3.8125,4
36,350052001,64,0.0,adaptive,0.02700000000000026,1.171875,2
36,350052001,64,0.1,adaptive,0.03720000000000055,2.015625,4
36,350052001,64,0.3,adaptive,0.04830000000000087,3.265625,4
36,350052001,64,0.5,adaptive,0.06460000000000105,3.625,4
37,360052002,16,0.0,adaptive,0.021500000000000102,1.0,1
37,360052002,16,0.1,adaptive,0.038000000000000575,1.5625,4
37,360052002,16,0.3,adaptive,0.04120000000000067,2.5,4
37,360052002,16,0.5,adaptive,0.04805000000000086,3.375,4
37,360052002,64,0.0,adaptive,0.030350000000000356,1.140625,3
37,360052002,64,0.1,adaptive,0.04855000000000088,1.8125,4
37,360052002,64,0.3,adaptive,0.05845000000000116,3.0,4
37,360052002,64,0.5,adaptive,0.057550000000001135,3.703125,4
39,380052004,16,0.0,adaptive,0.021500000000000102,1.0,1
39,380052004,16,0.1,adaptive,0.03570000000000051,1.6875,4
39,380052004,16,0.3,adaptive,0.04620000000000081,3.0,4
39,380052004,16,0.5,adaptive,0.05010000000000092,3.8125,4
39,380052004,64,0.0,adaptive,0.030350000000000356,1.296875,3
39,380052004,64,0.1,adaptive,0.04300000000000072,2.296875,4
39,380052004,64,0.3,adaptive,0.05675000000000111,3.109375,4
39,380052004,64,0.5,adaptive,0.06385000000000113,3.75,4
38,370052003,16,0.0,adaptive,0.03430000000000047,1.4375,4
38,370052003,16,0.1,adaptive,0.03430000000000047,1.75,4
38,370052003,16,0.3,adaptive,0.0493500000000009,3.4375,4
38,370052003,16,0.5,adaptive,0.05940000000000119,3.25,4
38,370052003,64,0.0,adaptive,0.03430000000000047,1.375,4
38,370052003,64,0.1,adaptive,0.03775000000000057,2.125,4
38,370052003,64,0.3,adaptive,0.07879999999999948,3.171875,4
38,370052003,64,0.5,adaptive,0.0598500000000012,3.484375,4
41,400052006,16,0.0,adaptive,0.021500000000000102,1.0,1
41,400052006,16,0.1,adaptive,0.03330000000000044,1.4375,4
41,400052006,16,0.3,adaptive,0.0458500000000008,3.125,4
41,400052006,16,0.5,adaptive,0.05260000000000099,3.375,4
41,400052006,64,0.0,adaptive,0.03260000000000042,1.46875,4
41,400052006,64,0.1,adaptive,0.047050000000000834,2.171875,4
41,400052006,64,0.3,adaptive,0.06445000000000106,3.359375,4
41,400052006,64,0.5,adaptive,0.061700000000001254,3.796875,4
42,410052007,16,0.0,adaptive,0.021500000000000102,1.0,1
42,410052007,16,0.1,adaptive,0.037250000000000554,1.6875,4
42,410052007,16,0.3,adaptive,0.04300000000000072,3.1875,4
42,410052007,16,0.5,adaptive,0.04445000000000076,3.75,4
42,410052007,64,0.0,adaptive,0.030350000000000356,1.171875,3
42,410052007,64,0.1,adaptive,0.046000000000000804,1.796875,4
42,410052007,64,0.3,adaptive,0.05035000000000093,3.203125,4
42,410052007,64,0.5,adaptive,0.07749999999999962,3.59375,4
40,390052005,16,0.0,adaptive,0.021500000000000102,1.0,1
40,390052005,16,0.1,adaptive,0.03985000000000063,2.5,4
40,390052005,16,0.3,adaptive,0.062100000000001265,2.4375,4
40,390052005,16,0.5,adaptive,0.05675000000000111,3.1875,4
40,390052005,64,0.0,adaptive,0.030350000000000356,1.40625,3
40,390052005,64,0.1,adaptive,0.04345000000000073,2.265625,4
40,390052005,64,0.3,adaptive,0.06940000000000052,2.984375,4
40,390052005,64,0.5,adaptive,0.07444999999999996,3.796875,4
43,420052008,16,0.0,adaptive,0.021500000000000102,1.0,1
43,420052008,16,0.1,adaptive,0.0319000000000004,1.4375,4
43,420052008,16,0.3,adaptive,0.03500000000000049,2.5625,4
43,420052008,16,0.5,adaptive,0.04365000000000074,3.5625,4
43,420052008,64,0.0,adaptive,0.02665000000000025,1.03125,2
43,420052008,64,0.1,adaptive,0.03775000000000057,1.609375,4
43,420052008,64,0.3,adaptive,0.04900000000000089,2.828125,4
43,420052008,64,0.5,adaptive,0.052900000000001,3.6875,4
44,430052009,16,0.0,adaptive,0.02665000000000025,1.125,2
44,430052009,16,0.1,adaptive,0.03440000000000047,2.0625,4
44,430052009,16,0.3,adaptive,0.04020000000000064,2.8125,4
44,430052009,16,0.5,adaptive,0.05220000000000098,3.4375,4
44,430052009,64,0.0,adaptive,0.030350000000000356,1.265625,3
44,430052009,64,0.1,adaptive,0.045350000000000786,2.0,4
44,430052009,64,0.3,adaptive,0.060300000000001214,3.15625,4
44,430052009,64,0.5,adaptive,0.05395000000000103,3.71875,4
46,450052011,16,0.0,adaptive,0.021500000000000102,1.0,1
46,450052011,16,0.1,adaptive,0.031000000000000374,1.75,4
46,450052011,16,0.3,adaptive,0.04280000000000071,2.9375,4
46,450052011,16,0.5,adaptive,0.04665000000000082,3.625,4
46,450052011,64,0.0,adaptive,0.02665000000000025,1.171875,2
46,450052011,64,0.1,adaptive,0.0423000000000007,2.015625,4
46,450052011,64,0.3,adaptive,0.04980000000000091,3.28125,4
46,450052011,64,0.5,adaptive,0.06850000000000062,3.671875,4
47,460052012,16,0.0,adaptive,0.021500000000000102,1.0,1
47,460052012,16,0.1,adaptive,0.03495000000000049,2.125,4
47,460052012,16,0.3,adaptive,0.03855000000000059,3.375,4
47,460052012,16,0.5,adaptive,0.0562500000000011,3.6875,4
47,460052012,64,0.0,adaptive,0.030350000000000356,1.1875,3
47,460052012,64,0.1,adaptive,0.03990000000000063,2.234375,4
47,460052012,64,0.3,adaptive,0.04520000000000078,3.15625,4
47,460052012,64,0.5,adaptive,0.06285000000000124,3.734375,4
45,440052010,16,0.0,adaptive,0.02700000000000026,1.125,2
45,440052010,16,0.1,adaptive,0.02980000000000034,1.5,3
45,440052010,16,0.3,adaptive,0.052650000000000995,3.0,4
45,440052010,16,0.5,adaptive,0.048100000000000864,3.75,4
45,440052010,64,0.0,adaptive,0.04200000000000069,1.296875,4
45,440052010,64,0.1,adaptive,0.047450000000000846,1.875,4
45,440052010,64,0.3,adaptive,0.052650000000000995,2.921875,4
45,440052010,64,0.5,adaptive,0.08814999999999845,3.859375,4
48,470052013,16,0.0,adaptive,0.021500000000000102,1.0,1
48,470052013,16,0.1,adaptive,0.042900000000000715,2.0625,4
48,470052013,16,0.3,adaptive,0.060650000000001224,3.125,4
48,470052013,16,0.5,adaptive,0.07929999999999943,3.5,4
48,470052013,64,0.0,adaptive,0.03425000000000047,1.3125,4
48,470052013,64,0.1,adaptive,0.05075000000000094,2.0,4
48,470052013,64,0.3,adaptive,0.0795499999999994,3.453125,4
48,470052013,64,0.5,adaptive,0.09609999999999758,3.5625,4
49,480052014,16,0.0,adaptive,0.021500000000000102,1.0,1
49,480052014,16,0.1,adaptive,0.031000000000000374,1.75,4
49,480052014,16,0.3,adaptive,0.037650000000000565,2.5,4
49,480052014,16,0.5,adaptive,0.04620000000000081,3.625,4
49,480052014,64,0.0,adaptive,0.02665000000000025,1.171875,2
49,480052014,64,0.1,adaptive,0.039450000000000617,1.859375,4
49,480052014,64,0.3,adaptive,0.048800000000000884,2.921875,4
49,480052014,64,0.5,adaptive,0.06515000000000098,3.796875,4
50,490052015,16,0.0,adaptive,0.02665000000000025,1.125,2
50,490052015,16,0.1,adaptive,0.03575000000000051,2.3125,4
50,490052015,16,0.3,adaptive,0.043950000000000745,3.25,4
50,490052015,16,0.5,adaptive,0.0459500000000008,3.625,4
50,490052015,64,0.0,adaptive,0.02665000000000025,1.234375,2
50,490052015,64,0.1,adaptive,0.04860000000000088,2.25,4
50,490052015,64,0.3,adaptive,0.05840000000000116,3.234375,4
50,490052015,64,0.5,adaptive,0.052950000000001,3.625,4
51,500052016,16,0.0,adaptive,0.02665000000000025,1.125,2
51,500052016,16,0.1,adaptive,0.04770000000000085,2.25,4
51,500052016,16,0.3,adaptive,0.03980000000000063,2.8125,4
51,500052016,16,0.5,adaptive,0.05665000000000111,3.5625,4
51,500052016,64,0.0,adaptive,0.030350000000000356,1.34375,3
51,500052016,64,0.1,adaptive,0.04770000000000085,2.140625,4
51,500052016,64,0.3,adaptive,0.055150000000001066,3.078125,4
51,500052016,64,0.5,adaptive,0.060650000000001224,3.671875,4
52,510052017,16,0.0,adaptive,0.021500000000000102,1.0,1
52,510052017,16,0.1,adaptive,0.037350000000000556,1.625,4
52,510052017,16,0.3,adaptive,0.03580000000000051,3.4375,4
52,510052017,16,0.5,adaptive,0.051600000000000965,3.625,4
52,510052017,64,0.0,adaptive,0.02665000000000025,1.140625,2
52,510052017,64,0.1,adaptive,0.05845000000000116,1.84375,4
52,510052017,64,0.3,adaptive,0.04995000000000092,3.140625,4
52,510052017,64,0.5,adaptive,0.06995000000000046,3.734375,4
53,520052018,16,0.0,adaptive,0.021500000000000102,1.0,1
53,520052018,16,0.1,adaptive,0.0355000000000005,1.75,4
53,520052018,16,0.3,adaptive,0.04625000000000081,2.6875,4
53,520052018,16,0.5,adaptive,0.05565000000000108,3.625,4
53,520052018,64,0.0,adaptive,0.03150000000000039,1.3125,3
53,520052018,64,0.1,adaptive,0.045000000000000775,2.0625,4
53,520052018,64,0.3,adaptive,0.07424999999999998,3.15625,4
53,520052018,64,0.5,adaptive,0.0641500000000011,3.703125,4
54,530052019,16,0.0,adaptive,0.021500000000000102,1.0,1
54,530052019,16,0.1,adaptive,0.0318500000000004,1.6875,4
54,530052019,16,0.3,adaptive,0.0641000000000011,3.1875,4
54,530052019,16,0.5,adaptive,0.06730000000000075,3.375,4
54,530052019,64,0.0,adaptive,0.030350000000000356,1.1875,3
54,530052019,64,0.1,adaptive,0.052800000000001,2.09375,4
54,530052019,64,0.3,adaptive,0.047450000000000846,3.171875,4
54,530052019,64,0.5,adaptive,0.0659500000000009,3.765625,4
55,540052020,16,0.0,adaptive,0.021500000000000102,1.0,1
55,540052020,16,0.1,adaptive,0.03285000000000043,1.4375,4
55,540052020,16,0.3,adaptive,0.0424000000000007,3.125,4
55,540052020,16,0.5,adaptive,0.05240000000000099,3.3125,4
55,540052020,64,0.0,adaptive,0.03250000000000042,1.3125,4
55,540052020,64,0.1,adaptive,0.05315000000000101,2.0625,4
55,540052020,64,0.3,adaptive,0.05695000000000112,3.109375,4
55,540052020,64,0.5,adaptive,0.05915000000000118,3.6875,4
56,550052021,16,0.0,adaptive,0.021500000000000102,1.0,1
56,550052021,16,0.1,adaptive,0.04165000000000068,1.625,4
56,550052021,16,0.3,adaptive,0.0424500000000007,2.625,4
56,550052021,16,0.5,adaptive,0.05775000000000114,3.75,4
56,550052021,64,0.0,adaptive,0.03430000000000047,1.484375,4
56,550052021,64,0.1,adaptive,0.05260000000000099,2.109375,4
56,550052021,64,0.3,adaptive,0.05600000000000109,3.1875,4
56,550052021,64,0.5,adaptive,0.0750499999999999,3.78125,4
57,560052022,16,0.0,adaptive,0.021500000000000102,1.0,1
57,560052022,16,0.1,adaptive,0.03675000000000054,1.625,4
57,560052022,16,0.3,adaptive,0.05455000000000105,2.75,4
57,560052022,16,0.5,adaptive,0.0492500000000009,3.3125,4
57,560052022,64,0.0,adaptive,0.03155000000000039,1.234375,4
57,560052022,64,0.1,adaptive,0.04805000000000086,1.890625,4
57,560052022,64,0.3,adaptive,0.06635000000000085,3.078125,4
57,560052022,64,0.5,adaptive,0.07090000000000035,3.671875,4
58,570052023,16,0.0,adaptive,0.021500000000000102,1.0,1
58,570052023,16,0.1,adaptive,0.04105000000000066,1.5,4
58,570052023,16,0.3,adaptive,0.05740000000000113,2.875,4
58,570052023,16,0.5,adaptive,0.05205000000000098,3.3125,4
58,570052023,64,0.0,adaptive,0.03260000000000042,1.1875,4
58,570052023,64,0.1,adaptive,0.04305000000000072,2.078125,4
58,570052023,64,0.3,adaptive,0.06095000000000123,2.90625,4
58,570052023,64,0.5,adaptive,0.05735000000000113,3.578125,4
59,580052024,16,0.0,adaptive,0.021500000000000102,1.0,1
59,580052024,16,0.1,adaptive,0.034550000000000476,1.375,4
59,580052024,16,0.3,adaptive,0.048850000000000886,2.75,4
59,580052024,16,0.5,adaptive,0.049500000000000904,3.875,4
59,580052024,64,0.0,adaptive,0.030350000000000356,1.234375,3
59,580052024,64,0.1,adaptive,0.035950000000000516,1.96875,4
59,580052024,64,0.3,adaptive,0.05540000000000107,3.140625,4
59,580052024,64,0.5,adaptive,0.06550000000000095,3.859375,4
60,590052025,16,0.0,adaptive,0.02700000000000026,1.125,2
60,590052025,16,0.1,adaptive,0.032750000000000425,1.6875,4
60,590052025,16,0.3,adaptive,0.04825000000000087,3.1875,4
60,590052025,16,0.5,adaptive,0.05215000000000098,3.75,4
60,590052025,64,0.0,adaptive,0.03050000000000036,1.375,3
60,590052025,64,0.1,adaptive,0.03980000000000063,2.34375,4
60,590052025,64,0.3,adaptive,0.05670000000000111,3.4375,4
60,590052025,64,0.5,adaptive,0.06920000000000054,3.671875,4
61,600052026,16,0.0,adaptive,0.021500000000000102,1.0,1
61,600052026,16,0.1,adaptive,0.033500000000000446,1.5625,4
61,600052026,16,0.3,adaptive,0.04435000000000076,2.875,4
61,600052026,16,0.5,adaptive,0.050200000000000924,3.625,4
61,600052026,64,0.0,adaptive,0.02665000000000025,1.3125,2
61,600052026,64,0.1,adaptive,0.03685000000000054,2.109375,4
61,600052026,64,0.3,adaptive,0.05415000000000104,3.0,4
61,600052026,64,0.5,adaptive,0.05945000000000119,3.71875,4
63,620052028,16,0.0,adaptive,0.021500000000000102,1.0,1
63,620052028,16,0.1,adaptive,0.03410000000000046,1.5,4
63,620052028,16,0.3,adaptive,0.04085000000000066,2.9375,4
63,620052028,16,0.5,adaptive,0.05390000000000103,3.6875,4
63,620052028,64,0.0,adaptive,0.02665000000000025,1.1875,2
63,620052028,64,0.1,adaptive,0.044600000000000764,1.828125,4
63,620052028,64,0.3,adaptive,0.04620000000000081,2.96875,4
63,620052028,64,0.5,adaptive,0.056550000000001106,3.8125,4
62,610052027,16,0.0,adaptive,0.021500000000000102,1.0,1
62,610052027,16,0.1,adaptive,0.03290000000000043,2.0,4
62,610052027,16,0.3,adaptive,0.03635000000000053,3.0,4
62,610052027,16,0.5,adaptive,0.06915000000000054,3.6875,4
62,610052027,64,0.0,adaptive,0.02700000000000026,1.25,2
62,610052027,64,0.1,adaptive,0.03810000000000058,2.125,4
62,610052027,64,0.3,adaptive,0.05390000000000103,3.109375,4
62,610052027,64,0.5,adaptive,0.06915000000000054,3.765625,4
64,630052029,16,0.0,adaptive,0.021500000000000102,1.0,1
64,630052029,16,0.1,adaptive,0.03360000000000045,2.0625,4
64,630052029,16,0.3,adaptive,0.03950000000000062,3.25,4
64,630052029,16,0.5,adaptive,0.04760000000000085,3.875,4
64,630052029,64,0.0,adaptive,0.03165000000000039,1.265625,4
64,630052029,64,0.1,adaptive,0.03650000000000053,2.078125,4
64,630052029,64,0.3,adaptive,0.05185000000000097,3.21875,4
64,630052029,64,0.5,adaptive,0.06875000000000059,3.75,4
65,640052030,16,0.0,adaptive,0.021500000000000102,1.0,1
65,640052030,16,0.1,adaptive,0.037650000000000565,1.875,4
65,640052030,16,0.3,adaptive,0.050200000000000924,3.0625,4
65,640052030,16,0.5,adaptive,0.05040000000000093,3.375,4
65,640052030,64,0.0,adaptive,0.02950000000000033,1.3125,3
65,640052030,64,0.1,adaptive,0.038000000000000575,2.09375,4
65,640052030,64,0.3,adaptive,0.0598500000000012,3.265625,4
65,640052030,64,0.5,adaptive,0.06225000000000127,3.671875,4
66,650052031,16,0.0,adaptive,0.021500000000000102,1.0,1
66,650052031,16,0.1,adaptive,0.03850000000000059,2.0625,4
66,650052031,16,0.3,adaptive,0.04030000000000064,3.125,4
66,650052031,16,0.5,adaptive,0.05260000000000099,3.6875,4
66,650052031,64,0.0,adaptive,0.02665000000000025,1.09375,2
66,650052031,64,0.1,adaptive,0.04170000000000068,1.96875,4
66,650052031,64,0.3,adaptive,0.053000000000001005,3.109375,4
66,650052031,64,0.5,adaptive,0.05565000000000108,3.765625,4
67,660052032,16,0.0,adaptive,0.02700000000000026,1.125,2
67,660052032,16,0.1,adaptive,0.03575000000000051,2.3125,4
67,660052032,16,0.3,adaptive,0.049500000000000904,2.6875,4
67,660052032,16,0.5,adaptive,0.04485000000000077,3.625,4
67,660052032,64,0.0,adaptive,0.029000000000000317,1.171875,3
67,660052032,64,0.1,adaptive,0.04520000000000078,2.171875,4
67,660052032,64,0.3,adaptive,0.050200000000000924,3.15625,4
67,660052032,64,0.5,adaptive,0.06185000000000126,3.71875,4
68,670052033,16,0.0,adaptive,0.021500000000000102,1.0,1
68,670052033,16,0.1,adaptive,0.030400000000000357,1.5625,3
68,670052033,16,0.3,adaptive,0.05145000000000096,3.3125,4
68,670052033,16,0.5,adaptive,0.0493500000000009,3.625,4
68,670052033,64,0.0,adaptive,0.030350000000000356,1.1875,3
68,670052033,64,0.1,adaptive,0.05465000000000105,1.8125,4
68,670052033,64,0.3,adaptive,0.05800000000000115,3.21875,4
68,670052033,64,0.5,adaptive,0.06535000000000096,3.71875,4
69,680052034,16,0.0,adaptive,0.021500000000000102,1.0,1
69,680052034,16,0.1,adaptive,0.03850000000000059,1.4375,4
69,680052034,16,0.3,adaptive,0.0562500000000011,2.6875,4
69,680052034,16,0.5,adaptive,0.052650000000000995,3.375,4
69,680052034,64,0.0,adaptive,0.02665000000000025,1.140625,2
69,680052034,64,0.1,adaptive,0.03860000000000059,1.65625,4
69,680052034,64,0.3,adaptive,0.05880000000000117,2.953125,4
69,680052034,64,0.5,adaptive,0.05540000000000107,3.78125,4
70,690052035,16,0.0,adaptive,0.021500000000000102,1.0,1
70,690052035,16,0.1,adaptive,0.041100000000000664,2.0625,4
70,690052035,16,0.3,adaptive,0.04720000000000084,3.0625,4
70,690052035,16,0.5,adaptive,0.05190000000000097,3.5625,4
70,690052035,64,0.0,adaptive,0.032400000000000415,1.140625,3
70,690052035,64,0.1,adaptive,0.041100000000000664,1.953125,4
70,690052035,64,0.3,adaptive,0.04980000000000091,2.96875,4
70,690052035,64,0.5,adaptive,0.0632500000000012,3.828125,4
71,700052036,16,0.0,adaptive,0.021500000000000102,1.0,1
71,700052036,16,0.1,adaptive,0.03300000000000043,1.875,4
71,700052036,16,0.3,adaptive,0.04750000000000085,3.25,4
71,700052036,16,0.5,adaptive,0.05500000000000106,3.75,4
71,700052036,64,0.0,adaptive,0.02665000000000025,1.140625,2
71,700052036,64,0.1,adaptive,0.038400000000000586,2.15625,4
71,700052036,64,0.3,adaptive,0.05415000000000104,3.25,4
71,700052036,64,0.5,adaptive,0.0563500000000011,3.6875,4
72,710052037,16,0.0,adaptive,0.02665000000000025,1.125,2
72,710052037,16,0.1,adaptive,0.038400000000000586,1.9375,4
72,710052037,16,0.3,adaptive,0.05105000000000095,3.0,4
72,710052037,16,0.5,adaptive,0.049550000000000906,3.6875,4
72,710052037,64,0.0,adaptive,0.030750000000000367,1.234375,3
72,710052037,64,0.1,adaptive,0.038400000000000586,2.125,4
72,710052037,64,0.3,adaptive,0.05505000000000106,3.0625,4
72,710052037,64,0.5,adaptive,0.06665000000000082,3.5625,4
73,720052038,16,0.0,adaptive,0.021500000000000102,1.0,1
73,720052038,16,0.1,adaptive,0.027500000000000274,1.625,3
73,720052038,16,0.3,adaptive,0.04070000000000065,2.625,4
73,720052038,16,0.5,adaptive,0.06710000000000077,3.8125,4
73,720052038,64,0.0,adaptive,0.03165000000000039,1.296875,4
73,720052038,64,0.1,adaptive,0.06815000000000065,2.140625,4
73,720052038,64,0.3,adaptive,0.052650000000000995,3.0625,4
73,720052038,64,0.5,adaptive,0.08554999999999874,3.78125,4
74,730052039,16,0.0,adaptive,0.021500000000000102,1.0,1
74,730052039,16,0.1,adaptive,0.038000000000000575,2.4375,4
74,730052039,16,0.3,adaptive,0.04260000000000071,3.5,4
74,730052039,16,0.5,adaptive,0.04860000000000088,3.5,4
74,730052039,64,0.0,adaptive,0.03050000000000036,1.375,3
74,730052039,64,0.1,adaptive,0.04520000000000078,2.328125,4
74,730052039,64,0.3,adaptive,0.05255000000000099,3.203125,4
74,730052039,64,0.5,adaptive,0.07235000000000019,3.59375,4
76,750052041,16,0.0,adaptive,0.02665000000000025,1.25,2
76,750052041,16,0.1,adaptive,0.0354000000000005,2.1875,4
76,750052041,16,0.3,adaptive,0.052650000000000995,3.0,4
76,750052041,16,0.5,adaptive,0.05590000000000109,3.6875,4
76,750052041,64,0.0,adaptive,0.02665000000000025,1.171875,2
76,750052041,64,0.1,adaptive,0.0354000000000005,2.140625,4
76,750052041,64,0.3,adaptive,0.052650000000000995,2.890625,4
76,750052041,64,0.5,adaptive,0.0564500000000011,3.71875,4
75,740052040,16,0.0,adaptive,0.02665000000000025,1.125,2
75,740052040,16,0.1,adaptive,0.034500000000000475,1.75,4
75,740052040,16,0.3,adaptive,0.049200000000000896,3.5625,4
75,740052040,16,0.5,adaptive,0.059950000000001204,3.5625,4
75,740052040,64,0.0,adaptive,0.030350000000000356,1.265625,3
75,740052040,64,0.1,adaptive,0.04840000000000087,2.171875,4
75,740052040,64,0.3,adaptive,0.05730000000000113,3.453125,4
75,740052040,64,0.5,adaptive,0.059950000000001204,3.59375,4
77,760052042,16,0.0,adaptive,0.021500000000000102,1.0,1
77,760052042,16,0.1,adaptive,0.03635000000000053,2.0,4
77,760052042,16,0.3,adaptive,0.047050000000000834,2.5625,4
77,760052042,16,0.5,adaptive,0.046400000000000816,4.0,4
77,760052042,64,0.0,adaptive,0.030350000000000356,1.265625,3
77,760052042,64,0.1,adaptive,0.04175000000000068,2.25,4
77,760052042,64,0.3,adaptive,0.059250000000001184,3.078125,4
77,760052042,64,0.5,adaptive,0.06580000000000091,3.75,4
78,770052043,16,0.0,adaptive,0.021500000000000102,1.0,1
78,770052043,16,0.1,adaptive,0.04085000000000066,1.875,4
78,770052043,16,0.3,adaptive,0.052950000000001,2.3125,4
78,770052043,16,0.5,adaptive,0.05380000000000103,3.875,4
78,770052043,64,0.0,adaptive,0.02665000000000025,1.1875,2
78,770052043,64,0.1,adaptive,0.04160000000000068,2.046875,4
78,770052043,64,0.3,adaptive,0.052950000000001,3.046875,4
78,770052043,64,0.5,adaptive,0.05380000000000103,3.765625,4
79,780052044,16,0.0,adaptive,0.02665000000000025,1.125,2
79,780052044,16,0.1,adaptive,0.03460000000000048,2.125,4
79,780052044,16,0.3,adaptive,0.052000000000000976,3.1875,4
79,780052044,16,0.5,adaptive,0.053000000000001005,3.3125,4
79,780052044,64,0.0,adaptive,0.030350000000000356,1.234375,3
79,780052044,64,0.1,adaptive,0.04830000000000087,2.265625,4
79,780052044,64,0.3,adaptive,0.05075000000000094,3.15625,4
79,780052044,64,0.5,adaptive,0.05460000000000105,3.75,4
81,800052046,16,0.0,adaptive,0.02665000000000025,1.125,2
81,800052046,16,0.1,adaptive,0.03705000000000055,2.3125,4
81,800052046,16,0.3,adaptive,0.039050000000000605,3.3125,4
81,800052046,16,0.5,adaptive,0.04480000000000077,3.625,4
81,800052046,64,0.0,adaptive,0.03440000000000047,1.234375,3
81,800052046,64,0.1,adaptive,0.03705000000000055,2.1875,4
81,800052046,64,0.3,adaptive,0.046000000000000804,3.234375,4
81,800052046,64,0.5,adaptive,0.050250000000000926,3.765625,4
80,790052045,16,0.0,adaptive,0.021500000000000102,1.0,1
80,790052045,16,0.1,adaptive,0.03410000000000046,1.375,4
80,790052045,16,0.3,adaptive,0.04125000000000067,2.625,4
80,790052045,16,0.5,adaptive,0.04860000000000088,3.1875,4
80,790052045,64,0.0,adaptive,0.03155000000000039,1.3125,4
80,790052045,64,0.1,adaptive,0.037700000000000566,2.15625,4
80,790052045,64,0.3,adaptive,0.06380000000000113,2.9375,4
80,790052045,64,0.5,adaptive,0.07215000000000021,3.703125,4
82,810052047,16,0.0,adaptive,0.021500000000000102,1.0,1
82,810052047,16,0.1,adaptive,0.04380000000000074,1.75,4
82,810052047,16,0.3,adaptive,0.046700000000000824,2.5,4
82,810052047,16,0.5,adaptive,0.049200000000000896,3.5,4
82,810052047,64,0.0,adaptive,0.03430000000000047,1.421875,4
82,810052047,64,0.1,adaptive,0.06060000000000122,2.046875,4
82,810052047,64,0.3,adaptive,0.057600000000001136,3.1875,4
82,810052047,64,0.5,adaptive,0.06020000000000121,3.71875,4
83,820052048,16,0.0,adaptive,0.021500000000000102,1.0,1
83,820052048,16,0.1,adaptive,0.032050000000000405,2.0,4
83,820052048,16,0.3,adaptive,0.04645000000000082,3.6875,4
83,820052048,16,0.5,adaptive,0.049200000000000896,3.625,4
83,820052048,64,0.0,adaptive,0.030350000000000356,1.171875,3
83,820052048,64,0.1,adaptive,0.04155000000000068,2.296875,4
83,820052048,64,0.3,adaptive,0.053350000000001015,3.171875,4
83,820052048,64,0.5,adaptive,0.06055000000000122,3.8125,4
84,830052049,16,0.0,adaptive,0.02700000000000026,1.1875,2
84,830052049,16,0.1,adaptive,0.03495000000000049,1.8125,4
84,830052049,16,0.3,adaptive,0.045350000000000786,3.0625,4
84,830052049,16,0.5,adaptive,0.06535000000000096,3.8125,4
84,830052049,64,0.0,adaptive,0.02700000000000026,1.203125,2
84,830052049,64,0.1,adaptive,0.037950000000000574,2.21875,4
84,830052049,64,0.3,adaptive,0.046000000000000804,3.171875,4
84,830052049,64,0.5,adaptive,0.06535000000000096,3.828125,4
85,840052050,16,0.0,adaptive,0.03050000000000036,1.625,3
85,840052050,16,0.1,adaptive,0.03340000000000044,1.9375,4
85,840052050,16,0.3,adaptive,0.058600000000001165,3.6875,4
85,840052050,16,0.5,adaptive,0.05780000000000114,3.9375,4
85,840052050,64,0.0,adaptive,0.03250000000000042,1.484375,4
85,840052050,64,0.1,adaptive,0.039050000000000605,2.0625,4
85,840052050,64,0.3,adaptive,0.061050000000001235,3.15625,4
85,840052050,64,0.5,adaptive,0.06555000000000094,3.5625,4
87,860052052,16,0.0,adaptive,0.021500000000000102,1.0,1
87,860052052,16,0.1,adaptive,0.037650000000000565,1.625,4
87,860052052,16,0.3,adaptive,0.04455000000000076,3.25,4
87,860052052,16,0.5,adaptive,0.054050000000001035,3.375,4
87,860052052,64,0.0,adaptive,0.03270000000000042,1.1875,4
87,860052052,64,0.1,adaptive,0.04735000000000084,2.171875,4
87,860052052,64,0.3,adaptive,0.08669999999999861,3.0625,4
87,860052052,64,0.5,adaptive,0.05920000000000118,3.78125,4
86,850052051,16,0.0,adaptive,0.021500000000000102,1.0,1
86,850052051,16,0.1,adaptive,0.0388000000000006,2.0625,4
86,850052051,16,0.3,adaptive,0.04160000000000068,3.0625,4
86,850052051,16,0.5,adaptive,0.07385000000000003,3.875,4
86,850052051,64,0.0,adaptive,0.03055000000000036,1.390625,3
86,850052051,64,0.1,adaptive,0.04385000000000074,2.453125,4
86,850052051,64,0.3,adaptive,0.052650000000000995,3.15625,4
86,850052051,64,0.5,adaptive,0.07385000000000003,3.8125,4
88,870052053,16,0.0,adaptive,0.021500000000000102,1.0,1
88,870052053,16,0.1,adaptive,0.033450000000000445,2.1875,4
88,870052053,16,0.3,adaptive,0.05380000000000103,3.125,4
88,870052053,16,0.5,adaptive,0.05420000000000104,3.6875,4
88,870052053,64,0.0,adaptive,0.03050000000000036,1.34375,3
88,870052053,64,0.1,adaptive,0.04630000000000081,2.234375,4
88,870052053,64,0.3,adaptive,0.059600000000001194,3.46875,4
88,870052053,64,0.5,adaptive,0.06230000000000127,3.8125,4
89,880052054,16,0.0,adaptive,0.021500000000000102,1.0,1
89,880052054,16,0.1,adaptive,0.033850000000000456,1.5625,4
89,880052054,16,0.3,adaptive,0.04085000000000066,2.875,4
89,880052054,16,0.5,adaptive,0.05140000000000096,3.6875,4
89,880052054,64,0.0,adaptive,0.02665000000000025,1.203125,2
89,880052054,64,0.1,adaptive,0.0459000000000008,2.046875,4
89,880052054,64,0.3,adaptive,0.056900000000001116,3.109375,4
89,880052054,64,0.5,adaptive,0.059650000000001195,3.5625,4
90,890052055,16,0.0,adaptive,0.021500000000000102,1.0,1
90,890052055,16,0.1,adaptive,0.030700000000000366,1.4375,4
90,890052055,16,0.3,adaptive,0.04100000000000066,3.375,4
90,890052055,16,0.5,adaptive,0.04960000000000091,3.8125,4
90,890052055,64,0.0,adaptive,0.030350000000000356,1.25,3
90,890052055,64,0.1,adaptive,0.04335000000000073,2.09375,4
90,890052055,64,0.3,adaptive,0.06275000000000125,3.078125,4
90,890052055,64,0.5,adaptive,0.05840000000000116,3.8125,4
91,900052056,16,0.0,adaptive,0.021500000000000102,1.0,1
91,900052056,16,0.1,adaptive,0.030950000000000373,1.4375,3
91,900052056,16,0.3,adaptive,0.042150000000000694,2.9375,4
91,900052056,16,0.5,adaptive,0.04660000000000082,3.5,4
91,900052056,64,0.0,adaptive,0.02665000000000025,1.21875,2
91,900052056,64,0.1,adaptive,0.03645000000000053,1.890625,4
91,900052056,64,0.3,adaptive,0.07449999999999996,3.25,4
91,900052056,64,0.5,adaptive,0.052000000000000976,3.75,4
93,920052058,16,0.0,adaptive,0.021500000000000102,1.0,1
93,920052058,16,0.1,adaptive,0.036250000000000525,1.875,4
93,920052058,16,0.3,adaptive,0.03990000000000063,3.4375,4
93,920052058,16,0.5,adaptive,0.056500000000001105,3.625,4
93,920052058,64,0.0,adaptive,0.029000000000000317,1.28125,3
93,920052058,64,0.1,adaptive,0.042150000000000694,2.078125,4
93,920052058,64,0.3,adaptive,0.04695000000000083,3.375,4
93,920052058,64,0.5,adaptive,0.06150000000000125,3.71875,4
92,910052057,16,0.0,adaptive,0.021500000000000102,1.0,1
92,910052057,16,0.1,adaptive,0.04205000000000069,2.0625,4
92,910052057,16,0.3,adaptive,0.05190000000000097,2.4375,4
92,910052057,16,0.5,adaptive,0.04830000000000087,3.4375,4
92,910052057,64,0.0,adaptive,0.030350000000000356,1.328125,3
92,910052057,64,0.1,adaptive,0.042500000000000704,2.265625,4
92,910052057,64,0.3,adaptive,0.06640000000000085,3.171875,4
92,910052057,64,0.5,adaptive,0.06900000000000056,3.640625,4
95,940052060,16,0.0,adaptive,0.021500000000000102,1.0,1
95,940052060,16,0.1,adaptive,0.030250000000000353,1.25,3
95,940052060,16,0.3,adaptive,0.04065000000000065,2.75,4
95,940052060,16,0.5,adaptive,0.0598000000000012,3.875,4
95,940052060,64,0.0,adaptive,0.030350000000000356,1.15625,3
95,940052060,64,0.1,adaptive,0.0319500000000004,1.734375,4
95,940052060,64,0.3,adaptive,0.05745000000000113,3.1875,4
95,940052060,64,0.5,adaptive,0.061050000000001235,3.71875,4
94,930052059,16,0.0,adaptive,0.021500000000000102,1.0,1
94,930052059,16,0.1,adaptive,0.039750000000000625,2.0625,4
94,930052059,16,0.3,adaptive,0.06530000000000097,2.6875,4
94,930052059,16,0.5,adaptive,0.0812999999999992,3.8125,4
94,930052059,64,0.0,adaptive,0.02665000000000025,1.15625,2
94,930052059,64,0.1,adaptive,0.039750000000000625,2.296875,4
94,930052059,64,0.3,adaptive,0.06530000000000097,3.203125,4
94,930052059,64,0.5,adaptive,0.0812999999999992,3.78125,4
96,950052061,16,0.0,adaptive,0.021500000000000102,1.0,1
96,950052061,16,0.1,adaptive,0.03150000000000039,2.0625,4
96,950052061,16,0.3,adaptive,0.05380000000000103,2.5,4
96,950052061,16,0.5,adaptive,0.05535000000000107,3.5,4
96,950052061,64,0.0,adaptive,0.03055000000000036,1.234375,3
96,950052061,64,0.1,adaptive,0.04505000000000078,2.078125,4
96,950052061,64,0.3,adaptive,0.06400000000000111,3.078125,4
96,950052061,64,0.5,adaptive,0.06440000000000107,3.703125,4
97,960052062,16,0.0,adaptive,0.03050000000000036,1.375,3
97,960052062,16,0.1,adaptive,0.038000000000000575,2.5,4
97,960052062,16,0.3,adaptive,0.0389000000000006,3.125,4
97,960052062,16,0.5,adaptive,0.05100000000000095,3.8125,4
97,960052062,64,0.0,adaptive,0.03050000000000036,1.375,3
97,960052062,64,0.1,adaptive,0.038000000000000575,2.078125,4
97,960052062,64,0.3,adaptive,0.04860000000000088,3.078125,4
97,960052062,64,0.5,adaptive,0.05385000000000103,3.765625,4
98,970052063,16,0.0,adaptive,0.021500000000000102,1.0,1
98,970052063,16,0.1,adaptive,0.035550000000000505,1.9375,4
98,970052063,16,0.3,adaptive,0.04550000000000079,2.6875,4
98,970052063,16,0.5,adaptive,0.06355000000000116,3.75,4
98,970052063,64,0.0,adaptive,0.030750000000000367,1.25,3
98,970052063,64,0.1,adaptive,0.03605000000000052,2.109375,4
98,970052063,64,0.3,adaptive,0.05420000000000104,3.09375,4
98,970052063,64,0.5,adaptive,0.07175000000000026,3.90625,4
99,980052064,16,0.0,adaptive,0.021500000000000102,1.0,1
99,980052064,16,0.1,adaptive,0.03855000000000059,2.0,4
99,980052064,16,0.3,adaptive,0.040050000000000634,2.6875,4
99,980052064,16,0.5,adaptive,0.06835000000000063,3.5,4
99,980052064,64,0.0,adaptive,0.02665000000000025,1.21875,2
99,980052064,64,0.1,adaptive,0.03855000000000059,1.953125,4
99,980052064,64,0.3,adaptive,0.048450000000000874,2.796875,4
99,980052064,64,0.5,adaptive,0.0686000000000006,3.6875,4
100,990052065,16,0.0,adaptive,0.03260000000000042,1.3125,4
100,990052065,16,0.1,adaptive,0.0353000000000005,1.9375,4
100,990052065,16,0.3,adaptive,0.04210000000000069,3.0,4
100,990052065,16,0.5,adaptive,0.06970000000000048,3.8125,4
100,990052065,64,0.0,adaptive,0.03810000000000058,1.359375,4
100,990052065,64,0.1,adaptive,0.04455000000000076,2.203125,4
100,990052065,64,0.3,adaptive,0.05490000000000106,3.25,4
100,990052065,64,0.5,adaptive,0.0776999999999996,3.796875,4
1,51966,16,0.0,baseline,0.021500000000000102,1.0,1
1,51966,16,0.1,baseline,0.056850000000001115,1.0,1
1,51966,16,0.3,baseline,0.06850000000000062,1.0,1
1,51966,16,0.5,baseline,0.1022499999999969,1.0,1
1,51966,64,0.0,baseline,0.04295000000000072,1.0,1
1,51966,64,0.1,baseline,0.06005000000000121,1.0,1
1,51966,64,0.3,baseline,0.10714999999999636,1.0,1
1,51966,64,0.5,baseline,0.12509999999999438,1.0,1
3,20051968,16,0.0,baseline,0.021500000000000102,1.0,1
3,20051968,16,0.1,baseline,0.0804999999999993,1.0,1
3,20051968,16,0.3,baseline,0.07784999999999959,1.0,1
3,20051968,16,0.5,baseline,0.09984999999999716,1.0,1
3,20051968,64,0.0,baseline,0.04295000000000072,1.0,1
3,20051968,64,0.1,baseline,0.08069999999999927,1.0,1
3,20051968,64,0.3,baseline,0.12014999999999493,1.0,1
3,20051968,64,0.5,baseline,0.12524999999999437,1.0,1
4,30051969,16,0.0,baseline,0.04295000000000072,1.0,1
4,30051969,16,0.1,baseline,0.07190000000000024,1.0,1
4,30051969,16,0.3,baseline,0.09159999999999807,1.0,1
4,30051969,16,0.5,baseline,0.1058999999999965,1.0,1
4,30051969,64,0.0,baseline,0.04295000000000072,1.0,1
4,30051969,64,0.1,baseline,0.07749999999999962,1.0,1
4,30051969,64,0.3,baseline,0.09159999999999807,1.0,1
4,30051969,64,0.5,baseline,0.14639999999999204,1.0,1
5,40051970,16,0.0,baseline,0.021500000000000102,1.0,1
5,40051970,16,0.1,baseline,0.04190000000000069,1.0,1
5,40051970,16,0.3,baseline,0.09534999999999766,1.0,1
5,40051970,16,0.5,baseline,0.09714999999999746,1.0,1
5,40051970,64,0.0,baseline,0.04295000000000072,1.0,1
5,40051970,64,0.1,baseline,0.06460000000000105,1.0,1
5,40051970,64,0.3,baseline,0.09534999999999766,1.0,1
5,40051970,64,0.5,baseline,0.1730499999999891,1.0,1
2,10051967,16,0.0,baseline,0.021500000000000102,1.0,1
2,10051967,16,0.1,baseline,0.06665000000000082,1.0,1
2,10051967,16,0.3,baseline,0.07764999999999961,1.0,1
2,10051967,16,0.5,baseline,0.11184999999999584,1.0,1
2,10051967,64,0.0,baseline,0.04295000000000072,1.0,1
2,10051967,64,0.1,baseline,0.08219999999999911,1.0,1
2,10051967,64,0.3,baseline,0.11709999999999526,1.0,1
2,10051967,64,0.5,baseline,0.16099999999999043,1.0,1
6,50051971,16,0.0,baseline,0.021500000000000102,1.0,1
6,50051971,16,0.1,baseline,0.05575000000000108,1.0,1
6,50051971,16,0.3,baseline,0.11069999999999597,1.0,1
6,50051971,16,0.5,baseline,0.11014999999999603,1.0,1
6,50051971,64,0.0,baseline,0.04295000000000072,1.0,1
6,50051971,64,0.1,baseline,0.07110000000000033,1.0,1
6,50051971,64,0.3,baseline,0.1494999999999917,1.0,1
6,50051971,64,0.5,baseline,0.12744999999999412,1.0,1
7,60051972,16,0.0,baseline,0.021500000000000102,1.0,1
7,60051972,16,0.1,baseline,0.0493500000000009,1.0,1
7,60051972,16,0.3,baseline,0.06020000000000121,1.0,1
7,60051972,16,0.5,baseline,0.09889999999999727,1.0,1
7,60051972,64,0.0,baseline,0.04295000000000072,1.0,1
7,60051972,64,0.1,baseline,0.0795499999999994,1.0,1
7,60051972,64,0.3,baseline,0.10614999999999647,1.0,1
7,60051972,64,0.5,baseline,0.13179999999999364,1.0,1
10,90051975,16,0.0,baseline,0.021500000000000102,1.0,1
10,90051975,16,0.1,baseline,0.08394999999999891,1.0,1
10,90051975,16,0.3,baseline,0.05940000000000119,1.0,1
10,90051975,16,0.5,baseline,0.09729999999999744,1.0,1
10,90051975,64,0.0,baseline,0.04295000000000072,1.0,1
10,90051975,64,0.1,baseline,0.08394999999999891,1.0,1
10,90051975,64,0.3,baseline,0.11869999999999509,1.0,1
10,90051975,64,0.5,baseline,0.12349999999999456,1.0,1
8,70051973,16,0.0,baseline,0.021500000000000102,1.0,1
8,70051973,16,0.1,baseline,0.09809999999999736,1.0,1
8,70051973,16,0.3,baseline,0.0803999999999993,1.0,1
8,70051973,16,0.5,baseline,0.11394999999999561,1.0,1
8,70051973,64,0.0,baseline,0.04295000000000072,1.0,1
8,70051973,64,0.1,baseline,0.11664999999999531,1.0,1
8,70051973,64,0.3,baseline,0.12074999999999486,1.0,1
8,70051973,64,0.5,baseline,0.1293999999999939,1.0,1
11,100051976,16,0.0,baseline,0.021500000000000102,1.0,1
11,100051976,16,0.1,baseline,0.05800000000000115,1.0,1
11,100051976,16,0.3,baseline,0.060650000000001224,1.0,1
11,100051976,16,0.5,baseline,0.11739999999999523,1.0,1
11,100051976,64,0.0,baseline,0.04295000000000072,1.0,1
11,100051976,64,0.1,baseline,0.06510000000000099,1.0,1
11,100051976,64,0.3,baseline,0.11324999999999569,1.0,1
11,100051976,64,0.5,baseline,0.1395499999999928,1.0,1
12,110051977,16,0.0,baseline,0.021500000000000102,1.0,1
12,110051977,16,0.1,baseline,0.05950000000000119,1.0,1
12,110051977,16,0.3,baseline,0.09549999999999764,1.0,1
12,110051977,16,0.5,baseline,0.10659999999999642,1.0,1
12,110051977,64,0.0,baseline,0.04295000000000072,1.0,1
12,110051977,64,0.1,baseline,0.0677000000000007,1.0,1
12,110051977,64,0.3,baseline,0.10239999999999688,1.0,1
12,110051977,64,0.5,baseline,0.13604999999999318,1.0,1
9,80051974,16,0.0,baseline,0.04295000000000072,1.0,1
9,80051974,16,0.1,baseline,0.09074999999999817,1.0,1
9,80051974,16,0.3,baseline,0.09209999999999802,1.0,1
9,80051974,16,0.5,baseline,0.12689999999999418,1.0,1
9,80051974,64,0.0,baseline,0.06445000000000106,1.0,1
9,80051974,64,0.1,baseline,0.09074999999999817,1.0,1
9,80051974,64,0.3,baseline,0.10159999999999697,1.0,1
9,80051974,64,0.5,baseline,0.1520999999999914,1.0,1
13,120051978,16,0.0,baseline,0.021500000000000102,1.0,1
13,120051978,16,0.1,baseline,0.07120000000000032,1.0,1
13,120051978,16,0.3,baseline,0.10634999999999645,1.0,1
13,120051978,16,0.5,baseline,0.10694999999999638,1.0,1
13,120051978,64,0.0,baseline,0.04295000000000072,1.0,1
13,120051978,64,0.1,baseline,0.07120000000000032,1.0,1
13,120051978,64,0.3,baseline,0.11939999999999501,1.0,1
13,120051978,64,0.5,baseline,0.1086499999999962,1.0,1
14,130051979,16,0.0,baseline,0.021500000000000102,1.0,1
14,130051979,16,0.1,baseline,0.058650000000001166,1.0,1
14,130051979,16,0.3,baseline,0.09789999999999738,1.0,1
14,130051979,16,0.5,baseline,0.09744999999999743,1.0,1
14,130051979,64,0.0,baseline,0.021500000000000102,1.0,1
14,130051979,64,0.1,baseline,0.058650000000001166,1.0,1
14,130051979,64,0.3,baseline,0.09789999999999738,1.0,1
14,130051979,64,0.5,baseline,0.12024999999999492,1.0,1
17,160051982,16,0.0,baseline,0.021500000000000102,1.0,1
17,160051982,16,0.1,baseline,0.06375000000000114,1.0,1
17,160051982,16,0.3,baseline,0.060700000000001225,1.0,1
17,160051982,16,0.5,baseline,0.10464999999999663,1.0,1
17,160051982,64,0.0,baseline,0.04295000000000072,1.0,1
17,160051982,64,0.1,baseline,0.12369999999999454,1.0,1
17,160051982,64,0.3,baseline,0.101349999999997,1.0,1
17,160051982,64,0.5,baseline,0.14324999999999238,1.0,1
16,150051981,16,0.0,baseline,0.021500000000000102,1.0,1
16,150051981,16,0.1,baseline,0.07175000000000026,1.0,1
16,150051981,16,0.3,baseline,0.1067999999999964,1.0,1
16,150051981,16,0.5,baseline,0.11299999999999571,1.0,1
16,150051981,64,0.0,baseline,0.04295000000000072,1.0,1
16,150051981,64,0.1,baseline,0.07175000000000026,1.0,1
16,150051981,64,0.3,baseline,0.12284999999999463,1.0,1
16,150051981,64,0.5,baseline,0.1476499999999919,1.0,1
15,140051980,16,0.0,baseline,0.021500000000000102,1.0,1
15,140051980,16,0.1,baseline,0.08699999999999858,1.0,1
15,140051980,16,0.3,baseline,0.10474999999999662,1.0,1
15,140051980,16,0.5,baseline,0.11779999999999519,1.0,1
15,140051980,64,0.0,baseline,0.04295000000000072,1.0,1
15,140051980,64,0.1,baseline,0.11814999999999515,1.0,1
15,140051980,64,0.3,baseline,0.12539999999999435,1.0,1
15,140051980,64,0.5,baseline,0.1567999999999909,1.0,1
18,170051983,16,0.0,baseline,0.021500000000000102,1.0,1
18,170051983,16,0.1,baseline,0.07869999999999949,1.0,1
18,170051983,16,0.3,baseline,0.09454999999999775,1.0,1
18,170051983,16,0.5,baseline,0.119449999999995,1.0,1
18,170051983,64,0.0,baseline,0.04295000000000072,1.0,1
18,170051983,64,0.1,baseline,0.08284999999999904,1.0,1
18,170051983,64,0.3,baseline,0.1295999999999939,1.0,1
18,170051983,64,0.5,baseline,0.12409999999999449,1.0,1
19,180051984,16,0.0,baseline,0.021500000000000102,1.0,1
19,180051984,16,0.1,baseline,0.07245000000000018,1.0,1
19,180051984,16,0.3,baseline,0.0886499999999984,1.0,1
19,180051984,16,0.5,baseline,0.1212999999999948,1.0,1
19,180051984,64,0.0,baseline,0.04295000000000072,1.0,1
19,180051984,64,0.1,baseline,0.08329999999999899,1.0,1
19,180051984,64,0.3,baseline,0.12389999999999451,1.0,1
19,180051984,64,0.5,baseline,0.15264999999999135,1.0,1
20,190051985,16,0.0,baseline,0.021500000000000102,1.0,1
20,190051985,16,0.1,baseline,0.08899999999999836,1.0,1
20,190051985,16,0.3,baseline,0.10779999999999629,1.0,1
20,190051985,16,0.5,baseline,0.08784999999999848,1.0,1
20,190051985,64,0.0,baseline,0.04295000000000072,1.0,1
20,190051985,64,0.1,baseline,0.09059999999999818,1.0,1
20,190051985,64,0.3,baseline,0.12659999999999422,1.0,1
20,190051985,64,0.5,baseline,0.15184999999999144,1.0,1
21,200051986,16,0.0,baseline,0.021500000000000102,1.0,1
21,200051986,16,0.1,baseline,0.0687000000000006,1.0,1
21,200051986,16,0.3,baseline,0.0867499999999986,1.0,1
21,200051986,16,0.5,baseline,0.09469999999999773,1.0,1
21,200051986,64,0.0,baseline,0.04295000000000072,1.0,1
21,200051986,64,0.1,baseline,0.0758499999999998,1.0,1
21,200051986,64,0.3,baseline,0.11669999999999531,1.0,1
21,200051986,64,0.5,baseline,0.12374999999999453,1.0,1
24,230051989,16,0.0,baseline,0.021500000000000102,1.0,1
24,230051989,16,0.1,baseline,0.07894999999999947,1.0,1
24,230051989,16,0.3,baseline,0.09019999999999823,1.0,1
24,230051989,16,0.5,baseline,0.0985999999999973,1.0,1
24,230051989,64,0.0,baseline,0.04295000000000072,1.0,1
24,230051989,64,0.1,baseline,0.07894999999999947,1.0,1
24,230051989,64,0.3,baseline,0.11414999999999559,1.0,1
24,230051989,64,0.5,baseline,0.10109999999999703,1.0,1
22,210051987,16,0.0,baseline,0.021500000000000102,1.0,1
22,210051987,16,0.1,baseline,0.07749999999999962,1.0,1
22,210051987,16,0.3,baseline,0.08104999999999923,1.0,1
22,210051987,16,0.5,baseline,0.11434999999999557,1.0,1
22,210051987,64,0.0,baseline,0.04295000000000072,1.0,1
22,210051987,64,0.1,baseline,0.11799999999999516,1.0,1
22,210051987,64,0.3,baseline,0.09924999999999723,1.0,1
22,210051987,64,0.5,baseline,0.1475999999999919,1.0,1
23,220051988,16,0.0,baseline,0.021500000000000102,1.0,1
23,220051988,16,0.1,baseline,0.0597500000000012,1.0,1
23,220051988,16,0.3,baseline,0.09324999999999789,1.0,1
23,220051988,16,0.5,baseline,0.12089999999999484,1.0,1
23,220051988,64,0.0,baseline,0.04295000000000072,1.0,1
23,220051988,64,0.1,baseline,0.10609999999999647,1.0,1
23,220051988,64,0.3,baseline,0.1077499999999963,1.0,1
23,220051988,64,0.5,baseline,0.18069999999998826,1.0,1
25,240051990,16,0.0,baseline,0.04295000000000072,1.0,1
25,240051990,16,0.1,baseline,0.050950000000000946,1.0,1
25,240051990,16,0.3,baseline,0.08994999999999825,1.0,1
25,240051990,16,0.5,baseline,0.1230999999999946,1.0,1
25,240051990,64,0.0,baseline,0.04295000000000072,1.0,1
25,240051990,64,0.1,baseline,0.07644999999999974,1.0,1
25,240051990,64,0.3,baseline,0.12899999999999395,1.0,1
25,240051990,64,0.5,baseline,0.13599999999999318,1.0,1
26,250051991,16,0.0,baseline,0.021500000000000102,1.0,1
26,250051991,16,0.1,baseline,0.0803999999999993,1.0,1
26,250051991,16,0.3,baseline,0.0976499999999974,1.0,1
26,250051991,16,0.5,baseline,0.10484999999999661,1.0,1
26,250051991,64,0.0,baseline,0.04295000000000072,1.0,1
26,250051991,64,0.1,baseline,0.10599999999999649,1.0,1
26,250051991,64,0.3,baseline,0.1320999999999936,1.0,1
26,250051991,64,0.5,baseline,0.13554999999999323,1.0,1
27,260051992,16,0.0,baseline,0.021500000000000102,1.0,1
27,260051992,16,0.1,baseline,0.03950000000000062,1.0,1
27,260051992,16,0.3,baseline,0.10149999999999698,1.0,1
27,260051992,16,0.5,baseline,0.09984999999999716,1.0,1
27,260051992,64,0.0,baseline,0.04295000000000072,1.0,1
27,260051992,64,0.1,baseline,0.10299999999999682,1.0,1
27,260051992,64,0.3,baseline,0.10149999999999698,1.0,1
27,260051992,64,0.5,baseline,0.137599999999993,1.0,1
28,270051993,16,0.0,baseline,0.04295000000000072,1.0,1
28,270051993,16,0.1,baseline,0.08394999999999891,1.0,1
28,270051993,16,0.3,baseline,0.10114999999999702,1.0,1
28,270051993,16,0.5,baseline,0.10754999999999632,1.0,1
28,270051993,64,0.0,baseline,0.04295000000000072,1.0,1
28,270051993,64,0.1,baseline,0.08394999999999891,1.0,1
28,270051993,64,0.3,baseline,0.10114999999999702,1.0,1
28,270051993,64,0.5,baseline,0.1312999999999937,1.0,1
29,280051994,16,0.0,baseline,0.021500000000000102,1.0,1
29,280051994,16,0.1,baseline,0.058550000000001164,1.0,1
29,280051994,16,0.3,baseline,0.08414999999999889,1.0,1
29,280051994,16,0.5,baseline,0.11724999999999525,1.0,1
29,280051994,64,0.0,baseline,0.04295000000000072,1.0,1
29,280051994,64,0.1,baseline,0.0977499999999974,1.0,1
29,280051994,64,0.3,baseline,0.10109999999999703,1.0,1
29,280051994,64,0.5,baseline,0.14624999999999205,1.0,1
30,290051995,16,0.0,baseline,0.04295000000000072,1.0,1
30,290051995,16,0.1,baseline,0.06380000000000113,1.0,1
30,290051995,16,0.3,baseline,0.09424999999999778,1.0,1
30,290051995,16,0.5,baseline,0.12469999999999443,1.0,1
30,290051995,64,0.0,baseline,0.04295000000000072,1.0,1
30,290051995,64,0.1,baseline,0.06920000000000054,1.0,1
30,290051995,64,0.3,baseline,0.09549999999999764,1.0,1
30,290051995,64,0.5,baseline,0.12469999999999443,1.0,1
33,320051998,16,0.0,baseline,0.021500000000000102,1.0,1
33,320051998,16,0.1,baseline,0.05470000000000105,1.0,1
33,320051998,16,0.3,baseline,0.08844999999999842,1.0,1
33,320051998,16,0.5,baseline,0.10049999999999709,1.0,1
33,320051998,64,0.0,baseline,0.04295000000000072,1.0,1
33,320051998,64,0.1,baseline,0.0749999999999999,1.0,1
33,320051998,64,0.3,baseline,0.10714999999999636,1.0,1
33,320051998,64,0.5,baseline,0.12319999999999459,1.0,1
34,330051999,16,0.0,baseline,0.021500000000000102,1.0,1
34,330051999,16,0.1,baseline,0.04205000000000069,1.0,1
34,330051999,16,0.3,baseline,0.09824999999999734,1.0,1
34,330051999,16,0.5,baseline,0.10119999999999701,1.0,1
34,330051999,64,0.0,baseline,0.04295000000000072,1.0,1
34,330051999,64,0.1,baseline,0.07065000000000038,1.0,1
34,330051999,64,0.3,baseline,0.11289999999999573,1.0,1
34,330051999,64,0.5,baseline,0.13189999999999363,1.0,1
35,340052000,16,0.0,baseline,0.04295000000000072,1.0,1
35,340052000,16,0.1,baseline,0.05950000000000119,1.0,1
35,340052000,16,0.3,baseline,0.09694999999999748,1.0,1
35,340052000,16,0.5,baseline,0.07889999999999947,1.0,1
35,340052000,64,0.0,baseline,0.04295000000000072,1.0,1
35,340052000,64,0.1,baseline,0.07514999999999988,1.0,1
35,340052000,64,0.3,baseline,0.09789999999999738,1.0,1
35,340052000,64,0.5,baseline,0.12279999999999464,1.0,1
32,310051997,16,0.0,baseline,0.021500000000000102,1.0,1
32,310051997,16,0.1,baseline,0.06735000000000074,1.0,1
32,310051997,16,0.3,baseline,0.1203999999999949,1.0,1
32,310051997,16,0.5,baseline,0.12209999999999471,1.0,1
32,310051997,64,0.0,baseline,0.04295000000000072,1.0,1
32,310051997,64,0.1,baseline,0.09434999999999777,1.0,1
32,310051997,64,0.3,baseline,0.14929999999999172,1.0,1
32,310051997,64,0.5,baseline,0.13074999999999376,1.0,1
31,300051996,16,0.0,baseline,0.021500000000000102,1.0,1
31,300051996,16,0.1,baseline,0.04165000000000068,1.0,1
31,300051996,16,0.3,baseline,0.10474999999999662,1.0,1
31,300051996,16,0.5,baseline,0.09654999999999753,1.0,1
31,300051996,64,0.0,baseline,0.06445000000000106,1.0,1
31,300051996,64,0.1,baseline,0.08644999999999864,1.0,1
31,300051996,64,0.3,baseline,0.17139999999998928,1.0,1
31,300051996,64,0.5,baseline,0.22589999999998328,1.0,1
36,350052001,16,0.0,baseline,0.021500000000000102,1.0,1
36,350052001,16,0.1,baseline,0.04350000000000073,1.0,1
36,350052001,16,0.3,baseline,0.10374999999999673,1.0,1
36,350052001,16,0.5,baseline,0.110399999999996,1.0,1
36,350052001,64,0.0,baseline,0.04295000000000072,1.0,1
36,350052001,64,0.1,baseline,0.07524999999999987,1.0,1
36,350052001,64,0.3,baseline,0.12094999999999484,1.0,1
36,350052001,64,0.5,baseline,0.14364999999999234,1.0,1
37,360052002,16,0.0,baseline,0.021500000000000102,1.0,1
37,360052002,16,0.1,baseline,0.07055000000000039,1.0,1
37,360052002,16,0.3,baseline,0.08789999999999848,1.0,1
37,360052002,16,0.5,baseline,0.10569999999999652,1.0,1
37,360052002,64,0.0,baseline,0.04295000000000072,1.0,1
37,360052002,64,0.1,baseline,0.0714000000000003,1.0,1
37,360052002,64,0.3,baseline,0.12364999999999454,1.0,1
37,360052002,64,0.5,baseline,0.14529999999999216,1.0,1
39,380052004,16,0.0,baseline,0.021500000000000102,1.0,1
39,380052004,16,0.1,baseline,0.05735000000000113,1.0,1
39,380052004,16,0.3,baseline,0.09364999999999785,1.0,1
39,380052004,16,0.5,baseline,0.10479999999999662,1.0,1
39,380052004,64,0.0,baseline,0.04295000000000072,1.0,1
39,380052004,64,0.1,baseline,0.0849999999999988,1.0,1
39,380052004,64,0.3,baseline,0.14964999999999168,1.0,1
39,380052004,64,0.5,baseline,0.13174999999999365,1.0,1
40,390052005,16,0.0,baseline,0.021500000000000102,1.0,1
40,390052005,16,0.1,baseline,0.06445000000000106,1.0,1
40,390052005,16,0.3,baseline,0.07969999999999938,1.0,1
40,390052005,16,0.5,baseline,0.11469999999999553,1.0,1
40,390052005,64,0.0,baseline,0.04295000000000072,1.0,1
40,390052005,64,0.1,baseline,0.08464999999999884,1.0,1
40,390052005,64,0.3,baseline,0.12269999999999465,1.0,1
40,390052005,64,0.5,baseline,0.13249999999999357,1.0,1
38,370052003,16,0.0,baseline,0.04295000000000072,1.0,1
38,370052003,16,0.1,baseline,0.04295000000000072,1.0,1
38,370052003,16,0.3,baseline,0.1158499999999954,1.0,1
38,370052003,16,0.5,baseline,0.11869999999999509,1.0,1
38,370052003,64,0.0,baseline,0.04295000000000072,1.0,1
38,370052003,64,0.1,baseline,0.08199999999999913,1.0,1
38,370052003,64,0.3,baseline,0.10919999999999613,1.0,1
38,370052003,64,0.5,baseline,0.1694499999999895,1.0,1
42,410052007,16,0.0,baseline,0.021500000000000102,1.0,1
42,410052007,16,0.1,baseline,0.04545000000000079,1.0,1
42,410052007,16,0.3,baseline,0.09644999999999754,1.0,1
42,410052007,16,0.5,baseline,0.10334999999999678,1.0,1
42,410052007,64,0.0,baseline,0.04295000000000072,1.0,1
42,410052007,64,0.1,baseline,0.08549999999999874,1.0,1
42,410052007,64,0.3,baseline,0.09644999999999754,1.0,1
42,410052007,64,0.5,baseline,0.13159999999999367,1.0,1
41,400052006,16,0.0,baseline,0.021500000000000102,1.0,1
41,400052006,16,0.1,baseline,0.048450000000000874,1.0,1
41,400052006,16,0.3,baseline,0.0904499999999982,1.0,1
41,400052006,16,0.5,baseline,0.12319999999999459,1.0,1
41,400052006,64,0.0,baseline,0.04295000000000072,1.0,1
41,400052006,64,0.1,baseline,0.08009999999999934,1.0,1
41,400052006,64,0.3,baseline,0.10824999999999624,1.0,1
41,400052006,64,0.5,baseline,0.12744999999999412,1.0,1
43,420052008,16,0.0,baseline,0.021500000000000102,1.0,1
43,420052008,16,0.1,baseline,0.045700000000000796,1.0,1
43,420052008,16,0.3,baseline,0.07639999999999975,1.0,1
43,420052008,16,0.5,baseline,0.10924999999999613,1.0,1
43,420052008,64,0.0,baseline,0.04295000000000072,1.0,1
43,420052008,64,0.1,baseline,0.07544999999999985,1.0,1
43,420052008,64,0.3,baseline,0.09759999999999741,1.0,1
43,420052008,64,0.5,baseline,0.10924999999999613,1.0,1
44,430052009,16,0.0,baseline,0.04295000000000072,1.0,1
44,430052009,16,0.1,baseline,0.060350000000001215,1.0,1
44,430052009,16,0.3,baseline,0.09064999999999818,1.0,1
44,430052009,16,0.5,baseline,0.13009999999999383,1.0,1
44,430052009,64,0.0,baseline,0.04295000000000072,1.0,1
44,430052009,64,0.1,baseline,0.09564999999999763,1.0,1
44,430052009,64,0.3,baseline,0.11519999999999547,1.0,1
44,430052009,64,0.5,baseline,0.14284999999999243,1.0,1
46,450052011,16,0.0,baseline,0.021500000000000102,1.0,1
46,450052011,16,0.1,baseline,0.06710000000000077,1.0,1
46,450052011,16,0.3,baseline,0.11179999999999585,1.0,1
46,450052011,16,0.5,baseline,0.12179999999999475,1.0,1
46,450052011,64,0.0,baseline,0.04295000000000072,1.0,1
46,450052011,64,0.1,baseline,0.06710000000000077,1.0,1
46,450052011,64,0.3,baseline,0.12834999999999402,1.0,1
46,450052011,64,0.5,baseline,0.14384999999999232,1.0,1
45,440052010,16,0.0,baseline,0.04295000000000072,1.0,1
45,440052010,16,0.1,baseline,0.05595000000000109,1.0,1
45,440052010,16,0.3,baseline,0.10154999999999698,1.0,1
45,440052010,16,0.5,baseline,0.12879999999999397,1.0,1
45,440052010,64,0.0,baseline,0.06445000000000106,1.0,1
45,440052010,64,0.1,baseline,0.08009999999999934,1.0,1
45,440052010,64,0.3,baseline,0.10874999999999618,1.0,1
45,440052010,64,0.5,baseline,0.16699999999998977,1.0,1
47,460052012,16,0.0,baseline,0.021500000000000102,1.0,1
47,460052012,16,0.1,baseline,0.05135000000000096,1.0,1
47,460052012,16,0.3,baseline,0.09104999999999813,1.0,1
47,460052012,16,0.5,baseline,0.10939999999999611,1.0,1
47,460052012,64,0.0,baseline,0.04295000000000072,1.0,1
47,460052012,64,0.1,baseline,0.11904999999999505,1.0,1
47,460052012,64,0.3,baseline,0.12254999999999466,1.0,1
47,460052012,64,0.5,baseline,0.12529999999999436,1.0,1
48,470052013,16,0.0,baseline,0.021500000000000102,1.0,1
48,470052013,16,0.1,baseline,0.06630000000000086,1.0,1
48,470052013,16,0.3,baseline,0.10514999999999658,1.0,1
48,470052013,16,0.5,baseline,0.10724999999999635,1.0,1
48,470052013,64,0.0,baseline,0.04295000000000072,1.0,1
48,470052013,64,0.1,baseline,0.08204999999999912,1.0,1
48,470052013,64,0.3,baseline,0.11279999999999574,1.0,1
48,470052013,64,0.5,baseline,0.14649999999999203,1.0,1
49,480052014,16,0.0,baseline,0.021500000000000102,1.0,1
49,480052014,16,0.1,baseline,0.0563500000000011,1.0,1
49,480052014,16,0.3,baseline,0.07849999999999951,1.0,1
49,480052014,16,0.5,baseline,0.10554999999999654,1.0,1
49,480052014,64,0.0,baseline,0.04295000000000072,1.0,1
49,480052014,64,0.1,baseline,0.0804999999999993,1.0,1
49,480052014,64,0.3,baseline,0.12389999999999451,1.0,1
49,480052014,64,0.5,baseline,0.11899999999999505,1.0,1
52,510052017,16,0.0,baseline,0.021500000000000102,1.0,1
52,510052017,16,0.1,baseline,0.048450000000000874,1.0,1
52,510052017,16,0.3,baseline,0.08074999999999927,1.0,1
52,510052017,16,0.5,baseline,0.11074999999999596,1.0,1
52,510052017,64,0.0,baseline,0.04295000000000072,1.0,1
52,510052017,64,0.1,baseline,0.09519999999999768,1.0,1
52,510052017,64,0.3,baseline,0.1250499999999944,1.0,1
52,510052017,64,0.5,baseline,0.12554999999999433,1.0,1
50,490052015,16,0.0,baseline,0.04295000000000072,1.0,1
50,490052015,16,0.1,baseline,0.06420000000000109,1.0,1
50,490052015,16,0.3,baseline,0.11699999999999527,1.0,1
50,490052015,16,0.5,baseline,0.09654999999999753,1.0,1
50,490052015,64,0.0,baseline,0.04295000000000072,1.0,1
50,490052015,64,0.1,baseline,0.110399999999996,1.0,1
50,490052015,64,0.3,baseline,0.11699999999999527,1.0,1
50,490052015,64,0.5,baseline,0.14079999999999265,1.0,1
51,500052016,16,0.0,baseline,0.04295000000000072,1.0,1
51,500052016,16,0.1,baseline,0.06815000000000065,1.0,1
51,500052016,16,0.3,baseline,0.10924999999999613,1.0,1
51,500052016,16,0.5,baseline,0.11754999999999521,1.0,1
51,500052016,64,0.0,baseline,0.04295000000000072,1.0,1
51,500052016,64,0.1,baseline,0.08169999999999916,1.0,1
51,500052016,64,0.3,baseline,0.11364999999999564,1.0,1
51,500052016,64,0.5,baseline,0.14059999999999268,1.0,1
53,520052018,16,0.0,baseline,0.021500000000000102,1.0,1
53,520052018,16,0.1,baseline,0.08559999999999873,1.0,1
53,520052018,16,0.3,baseline,0.08474999999999883,1.0,1
53,520052018,16,0.5,baseline,0.10979999999999607,1.0,1
53,520052018,64,0.0,baseline,0.04295000000000072,1.0,1
53,520052018,64,0.1,baseline,0.08559999999999873,1.0,1
53,520052018,64,0.3,baseline,0.12904999999999395,1.0,1
53,520052018,64,0.5,baseline,0.14074999999999266,1.0,1
54,530052019,16,0.0,baseline,0.021500000000000102,1.0,1
54,530052019,16,0.1,baseline,0.06400000000000111,1.0,1
54,530052019,16,0.3,baseline,0.10119999999999701,1.0,1
54,530052019,16,0.5,baseline,0.11909999999999504,1.0,1
54,530052019,64,0.0,baseline,0.04295000000000072,1.0,1
54,530052019,64,0.1,baseline,0.12454999999999444,1.0,1
54,530052019,64,0.3,baseline,0.10119999999999701,1.0,1
54,530052019,64,0.5,baseline,0.13734999999999303,1.0,1
55,540052020,16,0.0,baseline,0.021500000000000102,1.0,1
55,540052020,16,0.1,baseline,0.0687000000000006,1.0,1
55,540052020,16,0.3,baseline,0.09464999999999774,1.0,1
55,540052020,16,0.5,baseline,0.12534999999999435,1.0,1
55,540052020,64,0.0,baseline,0.04295000000000072,1.0,1
55,540052020,64,0.1,baseline,0.08539999999999875,1.0,1
55,540052020,64,0.3,baseline,0.1158499999999954,1.0,1
55,540052020,64,0.5,baseline,0.13164999999999366,1.0,1
57,560052022,16,0.0,baseline,0.021500000000000102,1.0,1
57,560052022,16,0.1,baseline,0.061350000000001244,1.0,1
57,560052022,16,0.3,baseline,0.09724999999999745,1.0,1
57,560052022,16,0.5,baseline,0.09164999999999807,1.0,1
57,560052022,64,0.0,baseline,0.04295000000000072,1.0,1
57,560052022,64,0.1,baseline,0.07484999999999992,1.0,1
57,560052022,64,0.3,baseline,0.10974999999999607,1.0,1
57,560052022,64,0.5,baseline,0.1231499999999946,1.0,1
56,550052021,16,0.0,baseline,0.021500000000000102,1.0,1
56,550052021,16,0.1,baseline,0.051600000000000965,1.0,1
56,550052021,16,0.3,baseline,0.08689999999999859,1.0,1
56,550052021,16,0.5,baseline,0.11124999999999591,1.0,1
56,550052021,64,0.0,baseline,0.04295000000000072,1.0,1
56,550052021,64,0.1,baseline,0.10624999999999646,1.0,1
56,550052021,64,0.3,baseline,0.09504999999999769,1.0,1
56,550052021,64,0.5,baseline,0.1295999999999939,1.0,1
58,570052023,16,0.0,baseline,0.021500000000000102,1.0,1
58,570052023,16,0.1,baseline,0.09909999999999725,1.0,1
58,570052023,16,0.3,baseline,0.08439999999999886,1.0,1
58,570052023,16,0.5,baseline,0.10664999999999641,1.0,1
58,570052023,64,0.0,baseline,0.04295000000000072,1.0,1
58,570052023,64,0.1,baseline,0.09909999999999725,1.0,1
58,570052023,64,0.3,baseline,0.11179999999999585,1.0,1
58,570052023,64,0.5,baseline,0.10664999999999641,1.0,1
59,580052024,16,0.0,baseline,0.021500000000000102,1.0,1
59,580052024,16,0.1,baseline,0.0494000000000009,1.0,1
59,580052024,16,0.3,baseline,0.08924999999999833,1.0,1
59,580052024,16,0.5,baseline,0.11279999999999574,1.0,1
59,580052024,64,0.0,baseline,0.04295000000000072,1.0,1
59,580052024,64,0.1,baseline,0.07175000000000026,1.0,1
59,580052024,64,0.3,baseline,0.10629999999999645,1.0,1
59,580052024,64,0.5,baseline,0.14804999999999185,1.0,1
60,590052025,16,0.0,baseline,0.04295000000000072,1.0,1
60,590052025,16,0.1,baseline,0.07285000000000014,1.0,1
60,590052025,16,0.3,baseline,0.08549999999999874,1.0,1
60,590052025,16,0.5,baseline,0.11059999999999598,1.0,1
60,590052025,64,0.0,baseline,0.04295000000000072,1.0,1
60,590052025,64,0.1,baseline,0.07285000000000014,1.0,1
60,590052025,64,0.3,baseline,0.10329999999999678,1.0,1
60,590052025,64,0.5,baseline,0.137599999999993,1.0,1
61,600052026,16,0.0,baseline,0.021500000000000102,1.0,1
61,600052026,16,0.1,baseline,0.04315000000000072,1.0,1
61,600052026,16,0.3,baseline,0.092299999999998,1.0,1
61,600052026,16,0.5,baseline,0.1212999999999948,1.0,1
61,600052026,64,0.0,baseline,0.04295000000000072,1.0,1
61,600052026,64,0.1,baseline,0.10564999999999652,1.0,1
61,600052026,64,0.3,baseline,0.11834999999999513,1.0,1
61,600052026,64,0.5,baseline,0.16889999999998956,1.0,1
62,610052027,16,0.0,baseline,0.021500000000000102,1.0,1
62,610052027,16,0.1,baseline,0.06760000000000072,1.0,1
62,610052027,16,0.3,baseline,0.07090000000000035,1.0,1
62,610052027,16,0.5,baseline,0.10364999999999674,1.0,1
62,610052027,64,0.0,baseline,0.04295000000000072,1.0,1
62,610052027,64,0.1,baseline,0.07469999999999993,1.0,1
62,610052027,64,0.3,baseline,0.14289999999999242,1.0,1
62,610052027,64,0.5,baseline,0.14724999999999194,1.0,1
63,620052028,16,0.0,baseline,0.021500000000000102,1.0,1
63,620052028,16,0.1,baseline,0.07549999999999985,1.0,1
63,620052028,16,0.3,baseline,0.11824999999999514,1.0,1
63,620052028,16,0.5,baseline,0.10029999999999711,1.0,1
63,620052028,64,0.0,baseline,0.04295000000000072,1.0,1
63,620052028,64,0.1,baseline,0.1258499999999943,1.0,1
63,620052028,64,0.3,baseline,0.11824999999999514,1.0,1
63,620052028,64,0.5,baseline,0.13164999999999366,1.0,1
64,630052029,16,0.0,baseline,0.021500000000000102,1.0,1
64,630052029,16,0.1,baseline,0.0641000000000011,1.0,1
64,630052029,16,0.3,baseline,0.08074999999999927,1.0,1
64,630052029,16,0.5,baseline,0.11844999999999511,1.0,1
64,630052029,64,0.0,baseline,0.04295000000000072,1.0,1
64,630052029,64,0.1,baseline,0.0641000000000011,1.0,1
64,630052029,64,0.3,baseline,0.1086499999999962,1.0,1
64,630052029,64,0.5,baseline,0.13974999999999277,1.0,1
65,640052030,16,0.0,baseline,0.021500000000000102,1.0,1
65,640052030,16,0.1,baseline,0.057250000000001126,1.0,1
65,640052030,16,0.3,baseline,0.11714999999999526,1.0,1
65,640052030,16,0.5,baseline,0.10099999999999704,1.0,1
65,640052030,64,0.0,baseline,0.04295000000000072,1.0,1
65,640052030,64,0.1,baseline,0.06720000000000076,1.0,1
65,640052030,64,0.3,baseline,0.12599999999999428,1.0,1
65,640052030,64,0.5,baseline,0.1485499999999918,1.0,1
66,650052031,16,0.0,baseline,0.021500000000000102,1.0,1
66,650052031,16,0.1,baseline,0.0668000000000008,1.0,1
66,650052031,16,0.3,baseline,0.10209999999999692,1.0,1
66,650052031,16,0.5,baseline,0.1275999999999941,1.0,1
66,650052031,64,0.0,baseline,0.04295000000000072,1.0,1
66,650052031,64,0.1,baseline,0.0668000000000008,1.0,1
66,650052031,64,0.3,baseline,0.11154999999999587,1.0,1
66,650052031,64,0.5,baseline,0.1275999999999941,1.0,1
67,660052032,16,0.0,baseline,0.04295000000000072,1.0,1
67,660052032,16,0.1,baseline,0.0564000000000011,1.0,1
67,660052032,16,0.3,baseline,0.10729999999999634,1.0,1
67,660052032,16,0.5,baseline,0.12234999999999469,1.0,1
67,660052032,64,0.0,baseline,0.04295000000000072,1.0,1
67,660052032,64,0.1,baseline,0.08464999999999884,1.0,1
67,660052032,64,0.3,baseline,0.10789999999999628,1.0,1
67,660052032,64,0.5,baseline,0.13104999999999373,1.0,1
70,690052035,16,0.0,baseline,0.021500000000000102,1.0,1
70,690052035,16,0.1,baseline,0.06875000000000059,1.0,1
70,690052035,16,0.3,baseline,0.10184999999999694,1.0,1
70,690052035,16,0.5,baseline,0.09424999999999778,1.0,1
70,690052035,64,0.0,baseline,0.04295000000000072,1.0,1
70,690052035,64,0.1,baseline,0.06875000000000059,1.0,1
70,690052035,64,0.3,baseline,0.10184999999999694,1.0,1
70,690052035,64,0.5,baseline,0.1213499999999948,1.0,1
68,670052033,16,0.0,baseline,0.021500000000000102,1.0,1
68,670052033,16,0.1,baseline,0.06735000000000074,1.0,1
68,670052033,16,0.3,baseline,0.08714999999999856,1.0,1
68,670052033,16,0.5,baseline,0.09734999999999744,1.0,1
68,670052033,64,0.0,baseline,0.04295000000000072,1.0,1
68,670052033,64,0.1,baseline,0.11714999999999526,1.0,1
68,670052033,64,0.3,baseline,0.12194999999999473,1.0,1
68,670052033,64,0.5,baseline,0.13054999999999378,1.0,1
69,680052034,16,0.0,baseline,0.021500000000000102,1.0,1
69,680052034,16,0.1,baseline,0.06350000000000117,1.0,1
69,680052034,16,0.3,baseline,0.09064999999999818,1.0,1
69,680052034,16,0.5,baseline,0.11624999999999536,1.0,1
69,680052034,64,0.0,baseline,0.04295000000000072,1.0,1
69,680052034,64,0.1,baseline,0.057250000000001126,1.0,1
69,680052034,64,0.3,baseline,0.12549999999999434,1.0,1
69,680052034,64,0.5,baseline,0.11914999999999504,1.0,1
72,710052037,16,0.0,baseline,0.04295000000000072,1.0,1
72,710052037,16,0.1,baseline,0.11459999999999554,1.0,1
72,710052037,16,0.3,baseline,0.08544999999999875,1.0,1
72,710052037,16,0.5,baseline,0.09569999999999762,1.0,1
72,710052037,64,0.0,baseline,0.04295000000000072,1.0,1
72,710052037,64,0.1,baseline,0.11459999999999554,1.0,1
72,710052037,64,0.3,baseline,0.0930999999999979,1.0,1
72,710052037,64,0.5,baseline,0.13104999999999373,1.0,1
71,700052036,16,0.0,baseline,0.021500000000000102,1.0,1
71,700052036,16,0.1,baseline,0.06985000000000047,1.0,1
71,700052036,16,0.3,baseline,0.09089999999999815,1.0,1
71,700052036,16,0.5,baseline,0.1140499999999956,1.0,1
71,700052036,64,0.0,baseline,0.04295000000000072,1.0,1
71,700052036,64,0.1,baseline,0.07469999999999993,1.0,1
71,700052036,64,0.3,baseline,0.1312999999999937,1.0,1
71,700052036,64,0.5,baseline,0.11904999999999505,1.0,1
73,720052038,16,0.0,baseline,0.021500000000000102,1.0,1
73,720052038,16,0.1,baseline,0.03360000000000045,1.0,1
73,720052038,16,0.3,baseline,0.06745000000000073,1.0,1
73,720052038,16,0.5,baseline,0.11699999999999527,1.0,1
73,720052038,64,0.0,baseline,0.04295000000000072,1.0,1
73,720052038,64,0.1,baseline,0.09844999999999732,1.0,1
73,720052038,64,0.3,baseline,0.1185499999999951,1.0,1
73,720052038,64,0.5,baseline,0.14334999999999237,1.0,1
76,750052041,16,0.0,baseline,0.04295000000000072,1.0,1
76,750052041,16,0.1,baseline,0.06460000000000105,1.0,1
76,750052041,16,0.3,baseline,0.11539999999999545,1.0,1
76,750052041,16,0.5,baseline,0.092299999999998,1.0,1
76,750052041,64,0.0,baseline,0.04295000000000072,1.0,1
76,750052041,64,0.1,baseline,0.10454999999999665,1.0,1
76,750052041,64,0.3,baseline,0.11304999999999571,1.0,1
76,750052041,64,0.5,baseline,0.11234999999999579,1.0,1
74,730052039,16,0.0,baseline,0.021500000000000102,1.0,1
74,730052039,16,0.1,baseline,0.05595000000000109,1.0,1
74,730052039,16,0.3,baseline,0.09484999999999771,1.0,1
74,730052039,16,0.5,baseline,0.11874999999999508,1.0,1
74,730052039,64,0.0,baseline,0.04295000000000072,1.0,1
74,730052039,64,0.1,baseline,0.08424999999999888,1.0,1
74,730052039,64,0.3,baseline,0.12089999999999484,1.0,1
74,730052039,64,0.5,baseline,0.13799999999999296,1.0,1
75,740052040,16,0.0,baseline,0.04295000000000072,1.0,1
75,740052040,16,0.1,baseline,0.06270000000000125,1.0,1
75,740052040,16,0.3,baseline,0.12464999999999443,1.0,1
75,740052040,16,0.5,baseline,0.12344999999999456,1.0,1
75,740052040,64,0.0,baseline,0.04295000000000072,1.0,1
75,740052040,64,0.1,baseline,0.09124999999999811,1.0,1
75,740052040,64,0.3,baseline,0.12464999999999443,1.0,1
75,740052040,64,0.5,baseline,0.14509999999999218,1.0,1
77,760052042,16,0.0,baseline,0.021500000000000102,1.0,1
77,760052042,16,0.1,baseline,0.05555000000000108,1.0,1
77,760052042,16,0.3,baseline,0.08154999999999918,1.0,1
77,760052042,16,0.5,baseline,0.09914999999999724,1.0,1
77,760052042,64,0.0,baseline,0.04295000000000072,1.0,1
77,760052042,64,0.1,baseline,0.06915000000000054,1.0,1
77,760052042,64,0.3,baseline,0.1431499999999924,1.0,1
77,760052042,64,0.5,baseline,0.13334999999999347,1.0,1
78,770052043,16,0.0,baseline,0.021500000000000102,1.0,1
78,770052043,16,0.1,baseline,0.08369999999999894,1.0,1
78,770052043,16,0.3,baseline,0.09084999999999815,1.0,1
78,770052043,16,0.5,baseline,0.12534999999999435,1.0,1
78,770052043,64,0.0,baseline,0.04295000000000072,1.0,1
78,770052043,64,0.1,baseline,0.08369999999999894,1.0,1
78,770052043,64,0.3,baseline,0.12359999999999455,1.0,1
78,770052043,64,0.5,baseline,0.12654999999999422,1.0,1
79,780052044,16,0.0,baseline,0.04295000000000072,1.0,1
79,780052044,16,0.1,baseline,0.08579999999999871,1.0,1
79,780052044,16,0.3,baseline,0.10724999999999635,1.0,1
79,780052044,16,0.5,baseline,0.13239999999999358,1.0,1
79,780052044,64,0.0,baseline,0.04295000000000072,1.0,1
79,780052044,64,0.1,baseline,0.14059999999999268,1.0,1
79,780052044,64,0.3,baseline,0.10724999999999635,1.0,1
79,780052044,64,0.5,baseline,0.13239999999999358,1.0,1
80,790052045,16,0.0,baseline,0.021500000000000102,1.0,1
80,790052045,16,0.1,baseline,0.05185000000000097,1.0,1
80,790052045,16,0.3,baseline,0.11004999999999604,1.0,1
80,790052045,16,0.5,baseline,0.10799999999999627,1.0,1
80,790052045,64,0.0,baseline,0.04295000000000072,1.0,1
80,790052045,64,0.1,baseline,0.08434999999999887,1.0,1
80,790052045,64,0.3,baseline,0.11004999999999604,1.0,1
80,790052045,64,0.5,baseline,0.14729999999999194,1.0,1
81,800052046,16,0.0,baseline,0.04295000000000072,1.0,1
81,800052046,16,0.1,baseline,0.07524999999999987,1.0,1
81,800052046,16,0.3,baseline,0.10164999999999697,1.0,1
81,800052046,16,0.5,baseline,0.10649999999999643,1.0,1
81,800052046,64,0.0,baseline,0.06445000000000106,1.0,1
81,800052046,64,0.1,baseline,0.08254999999999907,1.0,1
81,800052046,64,0.3,baseline,0.10264999999999685,1.0,1
81,800052046,64,0.5,baseline,0.1402999999999927,1.0,1
82,810052047,16,0.0,baseline,0.021500000000000102,1.0,1
82,810052047,16,0.1,baseline,0.09399999999999781,1.0,1
82,810052047,16,0.3,baseline,0.09299999999999792,1.0,1
82,810052047,16,0.5,baseline,0.11354999999999565,1.0,1
82,810052047,64,0.0,baseline,0.04295000000000072,1.0,1
82,810052047,64,0.1,baseline,0.09399999999999781,1.0,1
82,810052047,64,0.3,baseline,0.10659999999999642,1.0,1
82,810052047,64,0.5,baseline,0.14714999999999195,1.0,1
84,830052049,16,0.0,baseline,0.04295000000000072,1.0,1
84,830052049,16,0.1,baseline,0.08994999999999825,1.0,1
84,830052049,16,0.3,baseline,0.08214999999999911,1.0,1
84,830052049,16,0.5,baseline,0.10994999999999605,1.0,1
84,830052049,64,0.0,baseline,0.04295000000000072,1.0,1
84,830052049,64,0.1,baseline,0.08994999999999825,1.0,1
84,830052049,64,0.3,baseline,0.09244999999999798,1.0,1
84,830052049,64,0.5,baseline,0.1277499999999941,1.0,1
83,820052048,16,0.0,baseline,0.021500000000000102,1.0,1
83,820052048,16,0.1,baseline,0.06090000000000123,1.0,1
83,820052048,16,0.3,baseline,0.10869999999999619,1.0,1
83,820052048,16,0.5,baseline,0.11684999999999529,1.0,1
83,820052048,64,0.0,baseline,0.04295000000000072,1.0,1
83,820052048,64,0.1,baseline,0.07405,1.0,1
83,820052048,64,0.3,baseline,0.10869999999999619,1.0,1
83,820052048,64,0.5,baseline,0.12614999999999427,1.0,1
86,850052051,16,0.0,baseline,0.021500000000000102,1.0,1
86,850052051,16,0.1,baseline,0.07749999999999962,1.0,1
86,850052051,16,0.3,baseline,0.10879999999999618,1.0,1
86,850052051,16,0.5,baseline,0.09754999999999742,1.0,1
86,850052051,64,0.0,baseline,0.04295000000000072,1.0,1
86,850052051,64,0.1,baseline,0.12159999999999477,1.0,1
86,850052051,64,0.3,baseline,0.1295999999999939,1.0,1
86,850052051,64,0.5,baseline,0.12839999999999402,1.0,1
85,840052050,16,0.0,baseline,0.04295000000000072,1.0,1
85,840052050,16,0.1,baseline,0.05010000000000092,1.0,1
85,840052050,16,0.3,baseline,0.13234999999999358,1.0,1
85,840052050,16,0.5,baseline,0.11209999999999581,1.0,1
85,840052050,64,0.0,baseline,0.04295000000000072,1.0,1
85,840052050,64,0.1,baseline,0.07130000000000031,1.0,1
85,840052050,64,0.3,baseline,0.1631499999999902,1.0,1
85,840052050,64,0.5,baseline,0.12809999999999405,1.0,1
88,870052053,16,0.0,baseline,0.021500000000000102,1.0,1
88,870052053,16,0.1,baseline,0.06355000000000116,1.0,1
88,870052053,16,0.3,baseline,0.09634999999999755,1.0,1
88,870052053,16,0.5,baseline,0.09234999999999799,1.0,1
88,870052053,64,0.0,baseline,0.04295000000000072,1.0,1
88,870052053,64,0.1,baseline,0.08089999999999925,1.0,1
88,870052053,64,0.3,baseline,0.12989999999999385,1.0,1
88,870052053,64,0.5,baseline,0.14794999999999187,1.0,1
90,890052055,16,0.0,baseline,0.021500000000000102,1.0,1
90,890052055,16,0.1,baseline,0.04100000000000066,1.0,1
90,890052055,16,0.3,baseline,0.08994999999999825,1.0,1
90,890052055,16,0.5,baseline,0.11484999999999551,1.0,1
90,890052055,64,0.0,baseline,0.04295000000000072,1.0,1
90,890052055,64,0.1,baseline,0.0858999999999987,1.0,1
90,890052055,64,0.3,baseline,0.12169999999999476,1.0,1
90,890052055,64,0.5,baseline,0.13509999999999328,1.0,1
87,860052052,16,0.0,baseline,0.021500000000000102,1.0,1
87,860052052,16,0.1,baseline,0.053050000000001006,1.0,1
87,860052052,16,0.3,baseline,0.11239999999999578,1.0,1
87,860052052,16,0.5,baseline,0.0958499999999976,1.0,1
87,860052052,64,0.0,baseline,0.04295000000000072,1.0,1
87,860052052,64,0.1,baseline,0.08269999999999905,1.0,1
87,860052052,64,0.3,baseline,0.210299999999985,1.0,1
87,860052052,64,0.5,baseline,0.14829999999999183,1.0,1
89,880052054,16,0.0,baseline,0.021500000000000102,1.0,1
89,880052054,16,0.1,baseline,0.09264999999999796,1.0,1
89,880052054,16,0.3,baseline,0.08084999999999926,1.0,1
89,880052054,16,0.5,baseline,0.12529999999999436,1.0,1
89,880052054,64,0.0,baseline,0.04295000000000072,1.0,1
89,880052054,64,0.1,baseline,0.09264999999999796,1.0,1
89,880052054,64,0.3,baseline,0.11059999999999598,1.0,1
89,880052054,64,0.5,baseline,0.17614999999998876,1.0,1
91,900052056,16,0.0,baseline,0.021500000000000102,1.0,1
91,900052056,16,0.1,baseline,0.04275000000000071,1.0,1
91,900052056,16,0.3,baseline,0.12469999999999443,1.0,1
91,900052056,16,0.5,baseline,0.11289999999999573,1.0,1
91,900052056,64,0.0,baseline,0.04295000000000072,1.0,1
91,900052056,64,0.1,baseline,0.06490000000000101,1.0,1
91,900052056,64,0.3,baseline,0.13184999999999364,1.0,1
91,900052056,64,0.5,baseline,0.11289999999999573,1.0,1
93,920052058,16,0.0,baseline,0.021500000000000102,1.0,1
93,920052058,16,0.1,baseline,0.06580000000000091,1.0,1
93,920052058,16,0.3,baseline,0.08469999999999883,1.0,1
93,920052058,16,0.5,baseline,0.08234999999999909,1.0,1
93,920052058,64,0.0,baseline,0.04295000000000072,1.0,1
93,920052058,64,0.1,baseline,0.06580000000000091,1.0,1
93,920052058,64,0.3,baseline,0.1058999999999965,1.0,1
93,920052058,64,0.5,baseline,0.12784999999999408,1.0,1
92,910052057,16,0.0,baseline,0.021500000000000102,1.0,1
92,910052057,16,0.1,baseline,0.06015000000000121,1.0,1
92,910052057,16,0.3,baseline,0.10209999999999692,1.0,1
92,910052057,16,0.5,baseline,0.11644999999999534,1.0,1
92,910052057,64,0.0,baseline,0.04295000000000072,1.0,1
92,910052057,64,0.1,baseline,0.08879999999999838,1.0,1
92,910052057,64,0.3,baseline,0.13659999999999312,1.0,1
92,910052057,64,0.5,baseline,0.1457499999999921,1.0,1
94,930052059,16,0.0,baseline,0.021500000000000102,1.0,1
94,930052059,16,0.1,baseline,0.054100000000001036,1.0,1
94,930052059,16,0.3,baseline,0.08194999999999913,1.0,1
94,930052059,16,0.5,baseline,0.10939999999999611,1.0,1
94,930052059,64,0.0,baseline,0.04295000000000072,1.0,1
94,930052059,64,0.1,baseline,0.08309999999999901,1.0,1
94,930052059,64,0.3,baseline,0.08379999999999893,1.0,1
94,930052059,64,0.5,baseline,0.12929999999999392,1.0,1
95,940052060,16,0.0,baseline,0.021500000000000102,1.0,1
95,940052060,16,0.1,baseline,0.03635000000000053,1.0,1
95,940052060,16,0.3,baseline,0.09159999999999807,1.0,1
95,940052060,16,0.5,baseline,0.11179999999999585,1.0,1
95,940052060,64,0.0,baseline,0.04295000000000072,1.0,1
95,940052060,64,0.1,baseline,0.06625000000000086,1.0,1
95,940052060,64,0.3,baseline,0.11699999999999527,1.0,1
95,940052060,64,0.5,baseline,0.12394999999999451,1.0,1
96,950052061,16,0.0,baseline,0.021500000000000102,1.0,1
96,950052061,16,0.1,baseline,0.06820000000000065,1.0,1
96,950052061,16,0.3,baseline,0.0840999999999989,1.0,1
96,950052061,16,0.5,baseline,0.10514999999999658,1.0,1
96,950052061,64,0.0,baseline,0.04295000000000072,1.0,1
96,950052061,64,0.1,baseline,0.11054999999999598,1.0,1
96,950052061,64,0.3,baseline,0.11759999999999521,1.0,1
96,950052061,64,0.5,baseline,0.1567499999999909,1.0,1
97,960052062,16,0.0,baseline,0.04295000000000072,1.0,1
97,960052062,16,0.1,baseline,0.06875000000000059,1.0,1
97,960052062,16,0.3,baseline,0.06830000000000064,1.0,1
97,960052062,16,0.5,baseline,0.10504999999999659,1.0,1
97,960052062,64,0.0,baseline,0.04295000000000072,1.0,1
97,960052062,64,0.1,baseline,0.06875000000000059,1.0,1
97,960052062,64,0.3,baseline,0.11439999999999556,1.0,1
97,960052062,64,0.5,baseline,0.11959999999999499,1.0,1
98,970052063,16,0.0,baseline,0.021500000000000102,1.0,1
98,970052063,16,0.1,baseline,0.053750000000001026,1.0,1
98,970052063,16,0.3,baseline,0.08379999999999893,1.0,1
98,970052063,16,0.5,baseline,0.12159999999999477,1.0,1
98,970052063,64,0.0,baseline,0.04295000000000072,1.0,1
98,970052063,64,0.1,baseline,0.06200000000000126,1.0,1
98,970052063,64,0.3,baseline,0.13464999999999333,1.0,1
98,970052063,64,0.5,baseline,0.1358499999999932,1.0,1
99,980052064,16,0.0,baseline,0.021500000000000102,1.0,1
99,980052064,16,0.1,baseline,0.07744999999999963,1.0,1
99,980052064,16,0.3,baseline,0.0767999999999997,1.0,1
99,980052064,16,0.5,baseline,0.12064999999999487,1.0,1
99,980052064,64,0.0,baseline,0.04295000000000072,1.0,1
99,980052064,64,0.1,baseline,0.07849999999999951,1.0,1
99,980052064,64,0.3,baseline,0.09619999999999757,1.0,1
99,980052064,64,0.5,baseline,0.1695499999999895,1.0,1
100,990052065,16,0.0,baseline,0.04295000000000072,1.0,1
100,990052065,16,0.1,baseline,0.05885000000000117,1.0,1
100,990052065,16,0.3,baseline,0.10549999999999654,1.0,1
100,990052065,16,0.5,baseline,0.1239999999999945,1.0,1
100,990052065,64,0.0,baseline,0.06445000000000106,1.0,1
100,990052065,64,0.1,baseline,0.09934999999999722,1.0,1
100,990052065,64,0.3,baseline,0.12469999999999443,1.0,1
100,990052065,64,0.5,baseline,0.1675999999999897,1.0,1
5,40051970,16,0.0,static(k=4),0.021500000000000102,4.0,4
5,40051970,16,0.1,static(k=4),0.026800000000000254,4.0,4
5,40051970,16,0.3,static(k=4),0.031350000000000385,4.0,4
5,40051970,16,0.5,static(k=4),0.04890000000000089,4.0,4
5,40051970,64,0.0,static(k=4),0.021500000000000102,4.0,4
5,40051970,64,0.1,static(k=4),0.034850000000000485,4.0,4
5,40051970,64,0.3,static(k=4),0.04550000000000079,4.0,4
5,40051970,64,0.5,static(k=4),0.052000000000000976,4.0,4
3,20051968,16,0.0,static(k=4),0.021500000000000102,4.0,4
3,20051968,16,0.1,static(k=4),0.03395000000000046,4.0,4
3,20051968,16,0.3,static(k=4),0.04105000000000066,4.0,4
3,20051968,16,0.5,static(k=4),0.04440000000000076,4.0,4
3,20051968,64,0.0,static(k=4),0.026850000000000256,4.0,4
3,20051968,64,0.1,static(k=4),0.04200000000000069,4.0,4
3,20051968,64,0.3,static(k=4),0.07454999999999995,4.0,4
3,20051968,64,0.5,static(k=4),0.05600000000000109,4.0,4
4,30051969,16,0.0,static(k=4),0.021500000000000102,4.0,4
4,30051969,16,0.1,static(k=4),0.03670000000000054,4.0,4
4,30051969,16,0.3,static(k=4),0.0423000000000007,4.0,4
4,30051969,16,0.5,static(k=4),0.04305000000000072,4.0,4
4,30051969,64,0.0,static(k=4),0.021500000000000102,4.0,4
4,30051969,64,0.1,static(k=4),0.05225000000000098,4.0,4
4,30051969,64,0.3,static(k=4),0.07534999999999986,4.0,4
4,30051969,64,0.5,static(k=4),0.054400000000001045,4.0,4
6,50051971,16,0.0,static(k=4),0.021500000000000102,4.0,4
6,50051971,16,0.1,static(k=4),0.033150000000000436,4.0,4
6,50051971,16,0.3,static(k=4),0.035550000000000505,4.0,4
6,50051971,16,0.5,static(k=4),0.054050000000001035,4.0,4
6,50051971,64,0.0,static(k=4),0.021500000000000102,4.0,4
6,50051971,64,0.1,static(k=4),0.04725000000000084,4.0,4
6,50051971,64,0.3,static(k=4),0.05135000000000096,4.0,4
6,50051971,64,0.5,static(k=4),0.06015000000000121,4.0,4
2,10051967,16,0.0,static(k=4),0.021500000000000102,4.0,4
2,10051967,16,0.1,static(k=4),0.04510000000000078,4.0,4
2,10051967,16,0.3,static(k=4),0.05605000000000109,4.0,4
2,10051967,16,0.5,static(k=4),0.059950000000001204,4.0,4
2,10051967,64,0.0,static(k=4),0.021500000000000102,4.0,4
2,10051967,64,0.1,static(k=4),0.053350000000001015,4.0,4
2,10051967,64,0.3,static(k=4),0.05605000000000109,4.0,4
2,10051967,64,0.5,static(k=4),0.059950000000001204,4.0,4
1,51966,16,0.0,static(k=4),0.021500000000000102,4.0,4
1,51966,16,0.1,static(k=4),0.036650000000000536,4.0,4
1,51966,16,0.3,static(k=4),0.04050000000000065,4.0,4
1,51966,16,0.5,static(k=4),0.06430000000000108,4.0,4
1,51966,64,0.0,static(k=4),0.026850000000000256,4.0,4
1,51966,64,0.1,static(k=4),0.04205000000000069,4.0,4
1,51966,64,0.3,static(k=4),0.05500000000000106,4.0,4
1,51966,64,0.5,static(k=4),0.08869999999999839,4.0,4
7,60051972,16,0.0,static(k=4),0.021500000000000102,4.0,4
7,60051972,16,0.1,static(k=4),0.03055000000000036,4.0,4
7,60051972,16,0.3,static(k=4),0.03465000000000048,4.0,4
7,60051972,16,0.5,static(k=4),0.040400000000000644,4.0,4
7,60051972,64,0.0,static(k=4),0.021500000000000102,4.0,4
7,60051972,64,0.1,static(k=4),0.04190000000000069,4.0,4
7,60051972,64,0.3,static(k=4),0.05835000000000116,4.0,4
7,60051972,64,0.5,static(k=4),0.07380000000000003,4.0,4
8,70051973,16,0.0,static(k=4),0.021500000000000102,4.0,4
8,70051973,16,0.1,static(k=4),0.03265000000000042,4.0,4
8,70051973,16,0.3,static(k=4),0.052900000000001,4.0,4
8,70051973,16,0.5,static(k=4),0.04630000000000081,4.0,4
8,70051973,64,0.0,static(k=4),0.021500000000000102,4.0,4
8,70051973,64,0.1,static(k=4),0.05050000000000093,4.0,4
8,70051973,64,0.3,static(k=4),0.05450000000000105,4.0,4
8,70051973,64,0.5,static(k=4),0.05070000000000094,4.0,4
10,90051975,16,0.0,static(k=4),0.021500000000000102,4.0,4
10,90051975,16,0.1,static(k=4),0.02805000000000029,4.0,4
10,90051975,16,0.3,static(k=4),0.0599000000000012,4.0,4
10,90051975,16,0.5,static(k=4),0.04480000000000077,4.0,4
10,90051975,64,0.0,static(k=4),0.03225000000000041,4.0,4
10,90051975,64,0.1,static(k=4),0.06785000000000069,4.0,4
10,90051975,64,0.3,static(k=4),0.06530000000000097,4.0,4
10,90051975,64,0.5,static(k=4),0.05500000000000106,4.0,4
12,110051977,16,0.0,static(k=4),0.021500000000000102,4.0,4
12,110051977,16,0.1,static(k=4),0.02665000000000025,4.0,4
12,110051977,16,0.3,static(k=4),0.03980000000000063,4.0,4
12,110051977,16,0.5,static(k=4),0.044300000000000755,4.0,4
12,110051977,64,0.0,static(k=4),0.021500000000000102,4.0,4
12,110051977,64,0.1,static(k=4),0.03755000000000056,4.0,4
12,110051977,64,0.3,static(k=4),0.04665000000000082,4.0,4
12,110051977,64,0.5,static(k=4),0.06005000000000121,4.0,4
9,80051974,16,0.0,static(k=4),0.021500000000000102,4.0,4
9,80051974,16,0.1,static(k=4),0.03640000000000053,4.0,4
9,80051974,16,0.3,static(k=4),0.05315000000000101,4.0,4
9,80051974,16,0.5,static(k=4),0.05955000000000119,4.0,4
9,80051974,64,0.0,static(k=4),0.021500000000000102,4.0,4
9,80051974,64,0.1,static(k=4),0.04280000000000071,4.0,4
9,80051974,64,0.3,static(k=4),0.058300000000001156,4.0,4
9,80051974,64,0.5,static(k=4),0.06525000000000097,4.0,4
11,100051976,16,0.0,static(k=4),0.021500000000000102,4.0,4
11,100051976,16,0.1,static(k=4),0.055100000000001065,4.0,4
11,100051976,16,0.3,static(k=4),0.0388000000000006,4.0,4
11,100051976,16,0.5,static(k=4),0.06430000000000108,4.0,4
11,100051976,64,0.0,static(k=4),0.021500000000000102,4.0,4
11,100051976,64,0.1,static(k=4),0.04400000000000075,4.0,4
11,100051976,64,0.3,static(k=4),0.05490000000000106,4.0,4
11,100051976,64,0.5,static(k=4),0.08169999999999916,4.0,4
13,120051978,16,0.0,static(k=4),0.021500000000000102,4.0,4
13,120051978,16,0.1,static(k=4),0.03325000000000044,4.0,4
13,120051978,16,0.3,static(k=4),0.04545000000000079,4.0,4
13,120051978,16,0.5,static(k=4),0.04550000000000079,4.0,4
13,120051978,64,0.0,static(k=4),0.021500000000000102,4.0,4
13,120051978,64,0.1,static(k=4),0.0424000000000007,4.0,4
13,120051978,64,0.3,static(k=4),0.06350000000000117,4.0,4
13,120051978,64,0.5,static(k=4),0.05045000000000093,4.0,4
17,160051982,16,0.0,static(k=4),0.021500000000000102,4.0,4
17,160051982,16,0.1,static(k=4),0.04025000000000064,4.0,4
17,160051982,16,0.3,static(k=4),0.03775000000000057,4.0,4
17,160051982,16,0.5,static(k=4),0.05310000000000101,4.0,4
17,160051982,64,0.0,static(k=4),0.021500000000000102,4.0,4
17,160051982,64,0.1,static(k=4),0.04025000000000064,4.0,4
17,160051982,64,0.3,static(k=4),0.04450000000000076,4.0,4
17,160051982,64,0.5,static(k=4),0.060650000000001224,4.0,4
14,130051979,16,0.0,static(k=4),0.021500000000000102,4.0,4
14,130051979,16,0.1,static(k=4),0.03290000000000043,4.0,4
14,130051979,16,0.3,static(k=4),0.06155000000000125,4.0,4
14,130051979,16,0.5,static(k=4),0.049500000000000904,4.0,4
14,130051979,64,0.0,static(k=4),0.026850000000000256,4.0,4
14,130051979,64,0.1,static(k=4),0.0354500000000005,4.0,4
14,130051979,64,0.3,static(k=4),0.08164999999999917,4.0,4
14,130051979,64,0.5,static(k=4),0.06675000000000081,4.0,4
18,170051983,16,0.0,static(k=4),0.021500000000000102,4.0,4
18,170051983,16,0.1,static(k=4),0.026200000000000237,4.0,4
18,170051983,16,0.3,static(k=4),0.03285000000000043,4.0,4
18,170051983,16,0.5,static(k=4),0.03790000000000057,4.0,4
18,170051983,64,0.0,static(k=4),0.026850000000000256,4.0,4
18,170051983,64,0.1,static(k=4),0.03655000000000053,4.0,4
18,170051983,64,0.3,static(k=4),0.04905000000000089,4.0,4
18,170051983,64,0.5,static(k=4),0.060700000000001225,4.0,4
16,150051981,16,0.0,static(k=4),0.021500000000000102,4.0,4
16,150051981,16,0.1,static(k=4),0.03430000000000047,4.0,4
16,150051981,16,0.3,static(k=4),0.044250000000000754,4.0,4
16,150051981,16,0.5,static(k=4),0.04715000000000084,4.0,4
16,150051981,64,0.0,static(k=4),0.03225000000000041,4.0,4
16,150051981,64,0.1,static(k=4),0.03430000000000047,4.0,4
16,150051981,64,0.3,static(k=4),0.06915000000000054,4.0,4
16,150051981,64,0.5,static(k=4),0.0713500000000003,4.0,4
15,140051980,16,0.0,static(k=4),0.021500000000000102,4.0,4
15,140051980,16,0.1,static(k=4),0.039400000000000615,4.0,4
15,140051980,16,0.3,static(k=4),0.06520000000000098,4.0,4
15,140051980,16,0.5,static(k=4),0.047750000000000854,4.0,4
15,140051980,64,0.0,static(k=4),0.021500000000000102,4.0,4
15,140051980,64,0.1,static(k=4),0.0458500000000008,4.0,4
15,140051980,64,0.3,static(k=4),0.06520000000000098,4.0,4
15,140051980,64,0.5,static(k=4),0.07534999999999986,4.0,4
19,180051984,16,0.0,static(k=4),0.026850000000000256,4.0,4
19,180051984,16,0.1,static(k=4),0.03125000000000038,4.0,4
19,180051984,16,0.3,static(k=4),0.03715000000000055,4.0,4
19,180051984,16,0.5,static(k=4),0.053050000000001006,4.0,4
19,180051984,64,0.0,static(k=4),0.026850000000000256,4.0,4
19,180051984,64,0.1,static(k=4),0.04160000000000068,4.0,4
19,180051984,64,0.3,static(k=4),0.058950000000001175,4.0,4
19,180051984,64,0.5,static(k=4),0.06550000000000095,4.0,4
22,210051987,16,0.0,static(k=4),0.021500000000000102,4.0,4
22,210051987,16,0.1,static(k=4),0.029300000000000326,4.0,4
22,210051987,16,0.3,static(k=4),0.04720000000000084,4.0,4
22,210051987,16,0.5,static(k=4),0.046750000000000826,4.0,4
22,210051987,64,0.0,static(k=4),0.021500000000000102,4.0,4
22,210051987,64,0.1,static(k=4),0.047800000000000856,4.0,4
22,210051987,64,0.3,static(k=4),0.04995000000000092,4.0,4
22,210051987,64,0.5,static(k=4),0.04895000000000089,4.0,4
20,190051985,16,0.0,static(k=4),0.021500000000000102,4.0,4
20,190051985,16,0.1,static(k=4),0.028950000000000316,4.0,4
20,190051985,16,0.3,static(k=4),0.04190000000000069,4.0,4
20,190051985,16,0.5,static(k=4),0.04445000000000076,4.0,4
20,190051985,64,0.0,static(k=4),0.021500000000000102,4.0,4
20,190051985,64,0.1,static(k=4),0.040100000000000635,4.0,4
20,190051985,64,0.3,static(k=4),0.062400000000001274,4.0,4
20,190051985,64,0.5,static(k=4),0.07964999999999939,4.0,4
23,220051988,16,0.0,static(k=4),0.021500000000000102,4.0,4
23,220051988,16,0.1,static(k=4),0.029950000000000344,4.0,4
23,220051988,16,0.3,static(k=4),0.03575000000000051,4.0,4
23,220051988,16,0.5,static(k=4),0.052350000000000986,4.0,4
23,220051988,64,0.0,static(k=4),0.021500000000000102,4.0,4
23,220051988,64,0.1,static(k=4),0.04830000000000087,4.0,4
23,220051988,64,0.3,static(k=4),0.05155000000000096,4.0,4
23,220051988,64,0.5,static(k=4),0.06395000000000112,4.0,4
24,230051989,16,0.0,static(k=4),0.021500000000000102,4.0,4
24,230051989,16,0.1,static(k=4),0.03260000000000042,4.0,4
24,230051989,16,0.3,static(k=4),0.04545000000000079,4.0,4
24,230051989,16,0.5,static(k=4),0.05155000000000096,4.0,4
24,230051989,64,0.0,static(k=4),0.021500000000000102,4.0,4
24,230051989,64,0.1,static(k=4),0.0457500000000008,4.0,4
24,230051989,64,0.3,static(k=4),0.052850000000001,4.0,4
24,230051989,64,0.5,static(k=4),0.054750000000001055,4.0,4
21,200051986,16,0.0,static(k=4),0.021500000000000102,4.0,4
21,200051986,16,0.1,static(k=4),0.0249000000000002,4.0,4
21,200051986,16,0.3,static(k=4),0.05250000000000099,4.0,4
21,200051986,16,0.5,static(k=4),0.052950000000001,4.0,4
21,200051986,64,0.0,static(k=4),0.021500000000000102,4.0,4
21,200051986,64,0.1,static(k=4),0.04315000000000072,4.0,4
21,200051986,64,0.3,static(k=4),0.06080000000000123,4.0,4
21,200051986,64,0.5,static(k=4),0.06800000000000067,4.0,4
25,240051990,16,0.0,static(k=4),0.021500000000000102,4.0,4
25,240051990,16,0.1,static(k=4),0.034150000000000465,4.0,4
25,240051990,16,0.3,static(k=4),0.037950000000000574,4.0,4
25,240051990,16,0.5,static(k=4),0.05260000000000099,4.0,4
25,240051990,64,0.0,static(k=4),0.026850000000000256,4.0,4
25,240051990,64,0.1,static(k=4),0.035600000000000506,4.0,4
25,240051990,64,0.3,static(k=4),0.08334999999999898,4.0,4
25,240051990,64,0.5,static(k=4),0.07764999999999961,4.0,4
27,260051992,16,0.0,static(k=4),0.021500000000000102,4.0,4
27,260051992,16,0.1,static(k=4),0.03260000000000042,4.0,4
27,260051992,16,0.3,static(k=4),0.04340000000000073,4.0,4
27,260051992,16,0.5,static(k=4),0.050550000000000934,4.0,4
27,260051992,64,0.0,static(k=4),0.021500000000000102,4.0,4
27,260051992,64,0.1,static(k=4),0.039400000000000615,4.0,4
27,260051992,64,0.3,static(k=4),0.05430000000000104,4.0,4
27,260051992,64,0.5,static(k=4),0.06185000000000126,4.0,4
30,290051995,16,0.0,static(k=4),0.021500000000000102,4.0,4
30,290051995,16,0.1,static(k=4),0.036300000000000526,4.0,4
30,290051995,16,0.3,static(k=4),0.04275000000000071,4.0,4
30,290051995,16,0.5,static(k=4),0.052950000000001,4.0,4
30,290051995,64,0.0,static(k=4),0.021500000000000102,4.0,4
30,290051995,64,0.1,static(k=4),0.036300000000000526,4.0,4
30,290051995,64,0.3,static(k=4),0.0632500000000012,4.0,4
30,290051995,64,0.5,static(k=4),0.052950000000001,4.0,4
28,270051993,16,0.0,static(k=4),0.021500000000000102,4.0,4
28,270051993,16,0.1,static(k=4),0.03460000000000048,4.0,4
28,270051993,16,0.3,static(k=4),0.04370000000000074,4.0,4
28,270051993,16,0.5,static(k=4),0.04975000000000091,4.0,4
28,270051993,64,0.0,static(k=4),0.026850000000000256,4.0,4
28,270051993,64,0.1,static(k=4),0.04620000000000081,4.0,4
28,270051993,64,0.3,static(k=4),0.061050000000001235,4.0,4
28,270051993,64,0.5,static(k=4),0.054750000000001055,4.0,4
29,280051994,16,0.0,static(k=4),0.021500000000000102,4.0,4
29,280051994,16,0.1,static(k=4),0.02425000000000018,4.0,4
29,280051994,16,0.3,static(k=4),0.04835000000000087,4.0,4
29,280051994,16,0.5,static(k=4),0.04890000000000089,4.0,4
29,280051994,64,0.0,static(k=4),0.021500000000000102,4.0,4
29,280051994,64,0.1,static(k=4),0.04645000000000082,4.0,4
29,280051994,64,0.3,static(k=4),0.0564000000000011,4.0,4
29,280051994,64,0.5,static(k=4),0.06295000000000123,4.0,4
26,250051991,16,0.0,static(k=4),0.021500000000000102,4.0,4
26,250051991,16,0.1,static(k=4),0.037700000000000566,4.0,4
26,250051991,16,0.3,static(k=4),0.054400000000001045,4.0,4
26,250051991,16,0.5,static(k=4),0.04310000000000072,4.0,4
26,250051991,64,0.0,static(k=4),0.03225000000000041,4.0,4
26,250051991,64,0.1,static(k=4),0.052850000000001,4.0,4
26,250051991,64,0.3,static(k=4),0.07829999999999954,4.0,4
26,250051991,64,0.5,static(k=4),0.09144999999999809,4.0,4
31,300051996,16,0.0,static(k=4),0.021500000000000102,4.0,4
31,300051996,16,0.1,static(k=4),0.0284500000000003,4.0,4
31,300051996,16,0.3,static(k=4),0.04680000000000083,4.0,4
31,300051996,16,0.5,static(k=4),0.05215000000000098,4.0,4
31,300051996,64,0.0,static(k=4),0.021500000000000102,4.0,4
31,300051996,64,0.1,static(k=4),0.034200000000000466,4.0,4
31,300051996,64,0.3,static(k=4),0.06110000000000124,4.0,4
31,300051996,64,0.5,static(k=4),0.06345000000000117,4.0,4
35,340052000,16,0.0,static(k=4),0.021500000000000102,4.0,4
35,340052000,16,0.1,static(k=4),0.039400000000000615,4.0,4
35,340052000,16,0.3,static(k=4),0.03370000000000045,4.0,4
35,340052000,16,0.5,static(k=4),0.04750000000000085,4.0,4
35,340052000,64,0.0,static(k=4),0.026850000000000256,4.0,4
35,340052000,64,0.1,static(k=4),0.039400000000000615,4.0,4
35,340052000,64,0.3,static(k=4),0.0457500000000008,4.0,4
35,340052000,64,0.5,static(k=4),0.058550000000001164,4.0,4
32,310051997,16,0.0,static(k=4),0.021500000000000102,4.0,4
32,310051997,16,0.1,static(k=4),0.03090000000000037,4.0,4
32,310051997,16,0.3,static(k=4),0.04260000000000071,4.0,4
32,310051997,16,0.5,static(k=4),0.049550000000000906,4.0,4
32,310051997,64,0.0,static(k=4),0.021500000000000102,4.0,4
32,310051997,64,0.1,static(k=4),0.05470000000000105,4.0,4
32,310051997,64,0.3,static(k=4),0.06215000000000127,4.0,4
32,310051997,64,0.5,static(k=4),0.057550000000001135,4.0,4
34,330051999,16,0.0,static(k=4),0.021500000000000102,4.0,4
34,330051999,16,0.1,static(k=4),0.0284500000000003,4.0,4
34,330051999,16,0.3,static(k=4),0.044300000000000755,4.0,4
34,330051999,16,0.5,static(k=4),0.044250000000000754,4.0,4
34,330051999,64,0.0,static(k=4),0.026850000000000256,4.0,4
34,330051999,64,0.1,static(k=4),0.03720000000000055,4.0,4
34,330051999,64,0.3,static(k=4),0.08074999999999927,4.0,4
34,330051999,64,0.5,static(k=4),0.05255000000000099,4.0,4
33,320051998,16,0.0,static(k=4),0.021500000000000102,4.0,4
33,320051998,16,0.1,static(k=4),0.02905000000000032,4.0,4
33,320051998,16,0.3,static(k=4),0.036900000000000543,4.0,4
33,320051998,16,0.5,static(k=4),0.045650000000000794,4.0,4
33,320051998,64,0.0,static(k=4),0.021500000000000102,4.0,4
33,320051998,64,0.1,static(k=4),0.05840000000000116,4.0,4
33,320051998,64,0.3,static(k=4),0.05950000000000119,4.0,4
33,320051998,64,0.5,static(k=4),0.06915000000000054,4.0,4
36,350052001,16,0.0,static(k=4),0.021500000000000102,4.0,4
36,350052001,16,0.1,static(k=4),0.03655000000000053,4.0,4
36,350052001,16,0.3,static(k=4),0.03855000000000059,4.0,4
36,350052001,16,0.5,static(k=4),0.04820000000000087,4.0,4
36,350052001,64,0.0,static(k=4),0.03225000000000041,4.0,4
36,350052001,64,0.1,static(k=4),0.03655000000000053,4.0,4
36,350052001,64,0.3,static(k=4),0.049900000000000916,4.0,4
36,350052001,64,0.5,static(k=4),0.0641000000000011,4.0,4
37,360052002,16,0.0,static(k=4),0.021500000000000102,4.0,4
37,360052002,16,0.1,static(k=4),0.03225000000000041,4.0,4
37,360052002,16,0.3,static(k=4),0.045650000000000794,4.0,4
37,360052002,16,0.5,static(k=4),0.04160000000000068,4.0,4
37,360052002,64,0.0,static(k=4),0.021500000000000102,4.0,4
37,360052002,64,0.1,static(k=4),0.04730000000000084,4.0,4
37,360052002,64,0.3,static(k=4),0.062450000000001275,4.0,4
37,360052002,64,0.5,static(k=4),0.05400000000000103,4.0,4
39,380052004,16,0.0,static(k=4),0.021500000000000102,4.0,4
39,380052004,16,0.1,static(k=4),0.04135000000000067,4.0,4
39,380052004,16,0.3,static(k=4),0.039100000000000606,4.0,4
39,380052004,16,0.5,static(k=4),0.04210000000000069,4.0,4
39,380052004,64,0.0,static(k=4),0.021500000000000102,4.0,4
39,380052004,64,0.1,static(k=4),0.04910000000000089,4.0,4
39,380052004,64,0.3,static(k=4),0.053000000000001005,4.0,4
39,380052004,64,0.5,static(k=4),0.06050000000000122,4.0,4
38,370052003,16,0.0,static(k=4),0.03225000000000041,4.0,4
38,370052003,16,0.1,static(k=4),0.0424500000000007,4.0,4
38,370052003,16,0.3,static(k=4),0.040750000000000654,4.0,4
38,370052003,16,0.5,static(k=4),0.04655000000000082,4.0,4
38,370052003,64,0.0,static(k=4),0.026850000000000256,4.0,4
38,370052003,64,0.1,static(k=4),0.0424500000000007,4.0,4
38,370052003,64,0.3,static(k=4),0.08374999999999894,4.0,4
38,370052003,64,0.5,static(k=4),0.05695000000000112,4.0,4
41,400052006,16,0.0,static(k=4),0.021500000000000102,4.0,4
41,400052006,16,0.1,static(k=4),0.02630000000000024,4.0,4
41,400052006,16,0.3,static(k=4),0.03740000000000056,4.0,4
41,400052006,16,0.5,static(k=4),0.05035000000000093,4.0,4
41,400052006,64,0.0,static(k=4),0.026850000000000256,4.0,4
41,400052006,64,0.1,static(k=4),0.038700000000000595,4.0,4
41,400052006,64,0.3,static(k=4),0.07375000000000004,4.0,4
41,400052006,64,0.5,static(k=4),0.055150000000001066,4.0,4
40,390052005,16,0.0,static(k=4),0.021500000000000102,4.0,4
40,390052005,16,0.1,static(k=4),0.03125000000000038,4.0,4
40,390052005,16,0.3,static(k=4),0.053350000000001015,4.0,4
40,390052005,16,0.5,static(k=4),0.05435000000000104,4.0,4
40,390052005,64,0.0,static(k=4),0.026850000000000256,4.0,4
40,390052005,64,0.1,static(k=4),0.0422500000000007,4.0,4
40,390052005,64,0.3,static(k=4),0.06805000000000067,4.0,4
40,390052005,64,0.5,static(k=4),0.07025000000000042,4.0,4
42,410052007,16,0.0,static(k=4),0.021500000000000102,4.0,4
42,410052007,16,0.1,static(k=4),0.043900000000000744,4.0,4
42,410052007,16,0.3,static(k=4),0.047050000000000834,4.0,4
42,410052007,16,0.5,static(k=4),0.039750000000000625,4.0,4
42,410052007,64,0.0,static(k=4),0.021500000000000102,4.0,4
42,410052007,64,0.1,static(k=4),0.04545000000000079,4.0,4
42,410052007,64,0.3,static(k=4),0.06220000000000127,4.0,4
42,410052007,64,0.5,static(k=4),0.07914999999999944,4.0,4
43,420052008,16,0.0,static(k=4),0.021500000000000102,4.0,4
43,420052008,16,0.1,static(k=4),0.026900000000000257,4.0,4
43,420052008,16,0.3,static(k=4),0.02975000000000034,4.0,4
43,420052008,16,0.5,static(k=4),0.043550000000000734,4.0,4
43,420052008,64,0.0,static(k=4),0.021500000000000102,4.0,4
43,420052008,64,0.1,static(k=4),0.043950000000000745,4.0,4
43,420052008,64,0.3,static(k=4),0.04015000000000064,4.0,4
43,420052008,64,0.5,static(k=4),0.056150000000001095,4.0,4
44,430052009,16,0.0,static(k=4),0.021500000000000102,4.0,4
44,430052009,16,0.1,static(k=4),0.02940000000000033,4.0,4
44,430052009,16,0.3,static(k=4),0.04410000000000075,4.0,4
44,430052009,16,0.5,static(k=4),0.039750000000000625,4.0,4
44,430052009,64,0.0,static(k=4),0.021500000000000102,4.0,4
44,430052009,64,0.1,static(k=4),0.03390000000000046,4.0,4
44,430052009,64,0.3,static(k=4),0.05005000000000092,4.0,4
44,430052009,64,0.5,static(k=4),0.04860000000000088,4.0,4
46,450052011,16,0.0,static(k=4),0.021500000000000102,4.0,4
46,450052011,16,0.1,static(k=4),0.026500000000000246,4.0,4
46,450052011,16,0.3,static(k=4),0.031700000000000395,4.0,4
46,450052011,16,0.5,static(k=4),0.04175000000000068,4.0,4
46,450052011,64,0.0,static(k=4),0.021500000000000102,4.0,4
46,450052011,64,0.1,static(k=4),0.053350000000001015,4.0,4
46,450052011,64,0.3,static(k=4),0.04680000000000083,4.0,4
46,450052011,64,0.5,static(k=4),0.06835000000000063,4.0,4
47,460052012,16,0.0,static(k=4),0.021500000000000102,4.0,4
47,460052012,16,0.1,static(k=4),0.03050000000000036,4.0,4
47,460052012,16,0.3,static(k=4),0.029550000000000333,4.0,4
47,460052012,16,0.5,static(k=4),0.05075000000000094,4.0,4
47,460052012,64,0.0,static(k=4),0.021500000000000102,4.0,4
47,460052012,64,0.1,static(k=4),0.039750000000000625,4.0,4
47,460052012,64,0.3,static(k=4),0.04870000000000088,4.0,4
47,460052012,64,0.5,static(k=4),0.0562500000000011,4.0,4
45,440052010,16,0.0,static(k=4),0.021500000000000102,4.0,4
45,440052010,16,0.1,static(k=4),0.03430000000000047,4.0,4
45,440052010,16,0.3,static(k=4),0.04875000000000088,4.0,4
45,440052010,16,0.5,static(k=4),0.054100000000001036,4.0,4
45,440052010,64,0.0,static(k=4),0.03225000000000041,4.0,4
45,440052010,64,0.1,static(k=4),0.049850000000000914,4.0,4
45,440052010,64,0.3,static(k=4),0.04875000000000088,4.0,4
45,440052010,64,0.5,static(k=4),0.07879999999999948,4.0,4
48,470052013,16,0.0,static(k=4),0.021500000000000102,4.0,4
48,470052013,16,0.1,static(k=4),0.038000000000000575,4.0,4
48,470052013,16,0.3,static(k=4),0.054800000000001056,4.0,4
48,470052013,16,0.5,static(k=4),0.06760000000000072,4.0,4
48,470052013,64,0.0,static(k=4),0.026850000000000256,4.0,4
48,470052013,64,0.1,static(k=4),0.052300000000000985,4.0,4
48,470052013,64,0.3,static(k=4),0.07170000000000026,4.0,4
48,470052013,64,0.5,static(k=4),0.08694999999999858,4.0,4
49,480052014,16,0.0,static(k=4),0.021500000000000102,4.0,4
49,480052014,16,0.1,static(k=4),0.03150000000000039,4.0,4
49,480052014,16,0.3,static(k=4),0.035200000000000495,4.0,4
49,480052014,16,0.5,static(k=4),0.041100000000000664,4.0,4
49,480052014,64,0.0,static(k=4),0.021500000000000102,4.0,4
49,480052014,64,0.1,static(k=4),0.03575000000000051,4.0,4
49,480052014,64,0.3,static(k=4),0.051950000000000975,4.0,4
49,480052014,64,0.5,static(k=4),0.056150000000001095,4.0,4
50,490052015,16,0.0,static(k=4),0.021500000000000102,4.0,4
50,490052015,16,0.1,static(k=4),0.03440000000000047,4.0,4
50,490052015,16,0.3,static(k=4),0.036600000000000535,4.0,4
50,490052015,16,0.5,static(k=4),0.03925000000000061,4.0,4
50,490052015,64,0.0,static(k=4),0.021500000000000102,4.0,4
50,490052015,64,0.1,static(k=4),0.04970000000000091,4.0,4
50,490052015,64,0.3,static(k=4),0.05870000000000117,4.0,4
50,490052015,64,0.5,static(k=4),0.05030000000000093,4.0,4
51,500052016,16,0.0,static(k=4),0.021500000000000102,4.0,4
51,500052016,16,0.1,static(k=4),0.040400000000000644,4.0,4
51,500052016,16,0.3,static(k=4),0.032800000000000426,4.0,4
51,500052016,16,0.5,static(k=4),0.04665000000000082,4.0,4
51,500052016,64,0.0,static(k=4),0.021500000000000102,4.0,4
51,500052016,64,0.1,static(k=4),0.040400000000000644,4.0,4
51,500052016,64,0.3,static(k=4),0.05045000000000093,4.0,4
51,500052016,64,0.5,static(k=4),0.0563000000000011,4.0,4
52,510052017,16,0.0,static(k=4),0.021500000000000102,4.0,4
52,510052017,16,0.1,static(k=4),0.039450000000000617,4.0,4
52,510052017,16,0.3,static(k=4),0.03915000000000061,4.0,4
52,510052017,16,0.5,static(k=4),0.04540000000000079,4.0,4
52,510052017,64,0.0,static(k=4),0.021500000000000102,4.0,4
52,510052017,64,0.1,static(k=4),0.07734999999999964,4.0,4
52,510052017,64,0.3,static(k=4),0.04995000000000092,4.0,4
52,510052017,64,0.5,static(k=4),0.060000000000001205,4.0,4
53,520052018,16,0.0,static(k=4),0.021500000000000102,4.0,4
53,520052018,16,0.1,static(k=4),0.029600000000000334,4.0,4
53,520052018,16,0.3,static(k=4),0.036600000000000535,4.0,4
53,520052018,16,0.5,static(k=4),0.04680000000000083,4.0,4
53,520052018,64,0.0,static(k=4),0.021500000000000102,4.0,4
53,520052018,64,0.1,static(k=4),0.03650000000000053,4.0,4
53,520052018,64,0.3,static(k=4),0.07005000000000045,4.0,4
53,520052018,64,0.5,static(k=4),0.06290000000000123,4.0,4
54,530052019,16,0.0,static(k=4),0.021500000000000102,4.0,4
54,530052019,16,0.1,static(k=4),0.027800000000000283,4.0,4
54,530052019,16,0.3,static(k=4),0.053400000000001016,4.0,4
54,530052019,16,0.5,static(k=4),0.06285000000000124,4.0,4
54,530052019,64,0.0,static(k=4),0.021500000000000102,4.0,4
54,530052019,64,0.1,static(k=4),0.05710000000000112,4.0,4
54,530052019,64,0.3,static(k=4),0.05590000000000109,4.0,4
54,530052019,64,0.5,static(k=4),0.06345000000000117,4.0,4
55,540052020,16,0.0,static(k=4),0.021500000000000102,4.0,4
55,540052020,16,0.1,static(k=4),0.03440000000000047,4.0,4
55,540052020,16,0.3,static(k=4),0.039750000000000625,4.0,4
55,540052020,16,0.5,static(k=4),0.04625000000000081,4.0,4
55,540052020,64,0.0,static(k=4),0.03225000000000041,4.0,4
55,540052020,64,0.1,static(k=4),0.06755000000000072,4.0,4
55,540052020,64,0.3,static(k=4),0.05495000000000106,4.0,4
55,540052020,64,0.5,static(k=4),0.05595000000000109,4.0,4
56,550052021,16,0.0,static(k=4),0.021500000000000102,4.0,4
56,550052021,16,0.1,static(k=4),0.037650000000000565,4.0,4
56,550052021,16,0.3,static(k=4),0.04365000000000074,4.0,4
56,550052021,16,0.5,static(k=4),0.046750000000000826,4.0,4
56,550052021,64,0.0,static(k=4),0.026850000000000256,4.0,4
56,550052021,64,0.1,static(k=4),0.04965000000000091,4.0,4
56,550052021,64,0.3,static(k=4),0.05520000000000107,4.0,4
56,550052021,64,0.5,static(k=4),0.0759499999999998,4.0,4
57,560052022,16,0.0,static(k=4),0.021500000000000102,4.0,4
57,560052022,16,0.1,static(k=4),0.0319500000000004,4.0,4
57,560052022,16,0.3,static(k=4),0.052950000000001,4.0,4
57,560052022,16,0.5,static(k=4),0.05000000000000092,4.0,4
57,560052022,64,0.0,static(k=4),0.021500000000000102,4.0,4
57,560052022,64,0.1,static(k=4),0.06385000000000113,4.0,4
57,560052022,64,0.3,static(k=4),0.06995000000000046,4.0,4
57,560052022,64,0.5,static(k=4),0.07095000000000035,4.0,4
58,570052023,16,0.0,static(k=4),0.021500000000000102,4.0,4
58,570052023,16,0.1,static(k=4),0.040800000000000655,4.0,4
58,570052023,16,0.3,static(k=4),0.05250000000000099,4.0,4
58,570052023,16,0.5,static(k=4),0.041850000000000685,4.0,4
58,570052023,64,0.0,static(k=4),0.026850000000000256,4.0,4
58,570052023,64,0.1,static(k=4),0.0458000000000008,4.0,4
58,570052023,64,0.3,static(k=4),0.055100000000001065,4.0,4
58,570052023,64,0.5,static(k=4),0.058250000000001155,4.0,4
59,580052024,16,0.0,static(k=4),0.021500000000000102,4.0,4
59,580052024,16,0.1,static(k=4),0.03575000000000051,4.0,4
59,580052024,16,0.3,static(k=4),0.0389500000000006,4.0,4
59,580052024,16,0.5,static(k=4),0.041450000000000674,4.0,4
59,580052024,64,0.0,static(k=4),0.026850000000000256,4.0,4
59,580052024,64,0.1,static(k=4),0.07175000000000026,4.0,4
59,580052024,64,0.3,static(k=4),0.05380000000000103,4.0,4
59,580052024,64,0.5,static(k=4),0.07175000000000026,4.0,4
60,590052025,16,0.0,static(k=4),0.021500000000000102,4.0,4
60,590052025,16,0.1,static(k=4),0.03580000000000051,4.0,4
60,590052025,16,0.3,static(k=4),0.03855000000000059,4.0,4
60,590052025,16,0.5,static(k=4),0.043200000000000724,4.0,4
60,590052025,64,0.0,static(k=4),0.021500000000000102,4.0,4
60,590052025,64,0.1,static(k=4),0.03580000000000051,4.0,4
60,590052025,64,0.3,static(k=4),0.0494000000000009,4.0,4
60,590052025,64,0.5,static(k=4),0.06080000000000123,4.0,4
61,600052026,16,0.0,static(k=4),0.021500000000000102,4.0,4
61,600052026,16,0.1,static(k=4),0.027950000000000287,4.0,4
61,600052026,16,0.3,static(k=4),0.03985000000000063,4.0,4
61,600052026,16,0.5,static(k=4),0.0423500000000007,4.0,4
61,600052026,64,0.0,static(k=4),0.021500000000000102,4.0,4
61,600052026,64,0.1,static(k=4),0.049500000000000904,4.0,4
61,600052026,64,0.3,static(k=4),0.050250000000000926,4.0,4
61,600052026,64,0.5,static(k=4),0.06075000000000123,4.0,4
62,610052027,16,0.0,static(k=4),0.021500000000000102,4.0,4
62,610052027,16,0.1,static(k=4),0.040050000000000634,4.0,4
62,610052027,16,0.3,static(k=4),0.03215000000000041,4.0,4
62,610052027,16,0.5,static(k=4),0.06675000000000081,4.0,4
62,610052027,64,0.0,static(k=4),0.021500000000000102,4.0,4
62,610052027,64,0.1,static(k=4),0.040050000000000634,4.0,4
62,610052027,64,0.3,static(k=4),0.05455000000000105,4.0,4
62,610052027,64,0.5,static(k=4),0.07035000000000041,4.0,4
63,620052028,16,0.0,static(k=4),0.021500000000000102,4.0,4
63,620052028,16,0.1,static(k=4),0.03615000000000052,4.0,4
63,620052028,16,0.3,static(k=4),0.040100000000000635,4.0,4
63,620052028,16,0.5,static(k=4),0.04895000000000089,4.0,4
63,620052028,64,0.0,static(k=4),0.021500000000000102,4.0,4
63,620052028,64,0.1,static(k=4),0.05015000000000092,4.0,4
63,620052028,64,0.3,static(k=4),0.04825000000000087,4.0,4
63,620052028,64,0.5,static(k=4),0.05225000000000098,4.0,4
64,630052029,16,0.0,static(k=4),0.021500000000000102,4.0,4
64,630052029,16,0.1,static(k=4),0.03375000000000045,4.0,4
64,630052029,16,0.3,static(k=4),0.0354500000000005,4.0,4
64,630052029,16,0.5,static(k=4),0.039350000000000614,4.0,4
64,630052029,64,0.0,static(k=4),0.026850000000000256,4.0,4
64,630052029,64,0.1,static(k=4),0.04055000000000065,4.0,4
64,630052029,64,0.3,static(k=4),0.05875000000000117,4.0,4
64,630052029,64,0.5,static(k=4),0.06820000000000065,4.0,4
65,640052030,16,0.0,static(k=4),0.021500000000000102,4.0,4
65,640052030,16,0.1,static(k=4),0.03335000000000044,4.0,4
65,640052030,16,0.3,static(k=4),0.03610000000000052,4.0,4
65,640052030,16,0.5,static(k=4),0.048800000000000884,4.0,4
65,640052030,64,0.0,static(k=4),0.021500000000000102,4.0,4
65,640052030,64,0.1,static(k=4),0.04055000000000065,4.0,4
65,640052030,64,0.3,static(k=4),0.055500000000001076,4.0,4
65,640052030,64,0.5,static(k=4),0.05880000000000117,4.0,4
66,650052031,16,0.0,static(k=4),0.021500000000000102,4.0,4
66,650052031,16,0.1,static(k=4),0.026900000000000257,4.0,4
66,650052031,16,0.3,static(k=4),0.04260000000000071,4.0,4
66,650052031,16,0.5,static(k=4),0.045000000000000775,4.0,4
66,650052031,64,0.0,static(k=4),0.021500000000000102,4.0,4
66,650052031,64,0.1,static(k=4),0.045700000000000796,4.0,4
66,650052031,64,0.3,static(k=4),0.056550000000001106,4.0,4
66,650052031,64,0.5,static(k=4),0.06215000000000127,4.0,4
67,660052032,16,0.0,static(k=4),0.021500000000000102,4.0,4
67,660052032,16,0.1,static(k=4),0.03080000000000037,4.0,4
67,660052032,16,0.3,static(k=4),0.04540000000000079,4.0,4
67,660052032,16,0.5,static(k=4),0.04030000000000064,4.0,4
67,660052032,64,0.0,static(k=4),0.026850000000000256,4.0,4
67,660052032,64,0.1,static(k=4),0.03465000000000048,4.0,4
67,660052032,64,0.3,static(k=4),0.05950000000000119,4.0,4
67,660052032,64,0.5,static(k=4),0.06040000000000122,4.0,4
69,680052034,16,0.0,static(k=4),0.021500000000000102,4.0,4
69,680052034,16,0.1,static(k=4),0.0284000000000003,4.0,4
69,680052034,16,0.3,static(k=4),0.04760000000000085,4.0,4
69,680052034,16,0.5,static(k=4),0.04610000000000081,4.0,4
69,680052034,64,0.0,static(k=4),0.021500000000000102,4.0,4
69,680052034,64,0.1,static(k=4),0.05345000000000102,4.0,4
69,680052034,64,0.3,static(k=4),0.05600000000000109,4.0,4
69,680052034,64,0.5,static(k=4),0.0563000000000011,4.0,4
68,670052033,16,0.0,static(k=4),0.021500000000000102,4.0,4
68,670052033,16,0.1,static(k=4),0.035950000000000516,4.0,4
68,670052033,16,0.3,static(k=4),0.05430000000000104,4.0,4
68,670052033,16,0.5,static(k=4),0.04830000000000087,4.0,4
68,670052033,64,0.0,static(k=4),0.021500000000000102,4.0,4
68,670052033,64,0.1,static(k=4),0.04725000000000084,4.0,4
68,670052033,64,0.3,static(k=4),0.05430000000000104,4.0,4
68,670052033,64,0.5,static(k=4),0.07310000000000011,4.0,4
70,690052035,16,0.0,static(k=4),0.021500000000000102,4.0,4
70,690052035,16,0.1,static(k=4),0.037950000000000574,4.0,4
70,690052035,16,0.3,static(k=4),0.04370000000000074,4.0,4
70,690052035,16,0.5,static(k=4),0.04975000000000091,4.0,4
70,690052035,64,0.0,static(k=4),0.026850000000000256,4.0,4
70,690052035,64,0.1,static(k=4),0.039350000000000614,4.0,4
70,690052035,64,0.3,static(k=4),0.07400000000000001,4.0,4
70,690052035,64,0.5,static(k=4),0.055100000000001065,4.0,4
71,700052036,16,0.0,static(k=4),0.021500000000000102,4.0,4
71,700052036,16,0.1,static(k=4),0.034550000000000476,4.0,4
71,700052036,16,0.3,static(k=4),0.03640000000000053,4.0,4
71,700052036,16,0.5,static(k=4),0.04665000000000082,4.0,4
71,700052036,64,0.0,static(k=4),0.026850000000000256,4.0,4
71,700052036,64,0.1,static(k=4),0.042900000000000715,4.0,4
71,700052036,64,0.3,static(k=4),0.05740000000000113,4.0,4
71,700052036,64,0.5,static(k=4),0.051600000000000965,4.0,4
72,710052037,16,0.0,static(k=4),0.021500000000000102,4.0,4
72,710052037,16,0.1,static(k=4),0.035550000000000505,4.0,4
72,710052037,16,0.3,static(k=4),0.04160000000000068,4.0,4
72,710052037,16,0.5,static(k=4),0.04130000000000067,4.0,4
72,710052037,64,0.0,static(k=4),0.03225000000000041,4.0,4
72,710052037,64,0.1,static(k=4),0.06045000000000122,4.0,4
72,710052037,64,0.3,static(k=4),0.061050000000001235,4.0,4
72,710052037,64,0.5,static(k=4),0.08374999999999894,4.0,4
73,720052038,16,0.0,static(k=4),0.021500000000000102,4.0,4
73,720052038,16,0.1,static(k=4),0.027450000000000273,4.0,4
73,720052038,16,0.3,static(k=4),0.03365000000000045,4.0,4
73,720052038,16,0.5,static(k=4),0.06755000000000072,4.0,4
73,720052038,64,0.0,static(k=4),0.026850000000000256,4.0,4
73,720052038,64,0.1,static(k=4),0.0705000000000004,4.0,4
73,720052038,64,0.3,static(k=4),0.05065000000000094,4.0,4
73,720052038,64,0.5,static(k=4),0.07989999999999936,4.0,4
74,730052039,16,0.0,static(k=4),0.021500000000000102,4.0,4
74,730052039,16,0.1,static(k=4),0.030750000000000367,4.0,4
74,730052039,16,0.3,static(k=4),0.04315000000000072,4.0,4
74,730052039,16,0.5,static(k=4),0.03775000000000057,4.0,4
74,730052039,64,0.0,static(k=4),0.021500000000000102,4.0,4
74,730052039,64,0.1,static(k=4),0.04910000000000089,4.0,4
74,730052039,64,0.3,static(k=4),0.04445000000000076,4.0,4
74,730052039,64,0.5,static(k=4),0.0677000000000007,4.0,4
76,750052041,16,0.0,static(k=4),0.021500000000000102,4.0,4
76,750052041,16,0.1,static(k=4),0.033450000000000445,4.0,4
76,750052041,16,0.3,static(k=4),0.04725000000000084,4.0,4
76,750052041,16,0.5,static(k=4),0.058950000000001175,4.0,4
76,750052041,64,0.0,static(k=4),0.021500000000000102,4.0,4
76,750052041,64,0.1,static(k=4),0.03755000000000056,4.0,4
76,750052041,64,0.3,static(k=4),0.04725000000000084,4.0,4
76,750052041,64,0.5,static(k=4),0.06005000000000121,4.0,4
75,740052040,16,0.0,static(k=4),0.021500000000000102,4.0,4
75,740052040,16,0.1,static(k=4),0.0388000000000006,4.0,4
75,740052040,16,0.3,static(k=4),0.0424500000000007,4.0,4
75,740052040,16,0.5,static(k=4),0.05155000000000096,4.0,4
75,740052040,64,0.0,static(k=4),0.021500000000000102,4.0,4
75,740052040,64,0.1,static(k=4),0.04445000000000076,4.0,4
75,740052040,64,0.3,static(k=4),0.06850000000000062,4.0,4
75,740052040,64,0.5,static(k=4),0.06370000000000114,4.0,4
77,760052042,16,0.0,static(k=4),0.021500000000000102,4.0,4
77,760052042,16,0.1,static(k=4),0.026900000000000257,4.0,4
77,760052042,16,0.3,static(k=4),0.034900000000000486,4.0,4
77,760052042,16,0.5,static(k=4),0.04435000000000076,4.0,4
77,760052042,64,0.0,static(k=4),0.021500000000000102,4.0,4
77,760052042,64,0.1,static(k=4),0.047400000000000844,4.0,4
77,760052042,64,0.3,static(k=4),0.05470000000000105,4.0,4
77,760052042,64,0.5,static(k=4),0.05695000000000112,4.0,4
78,770052043,16,0.0,static(k=4),0.021500000000000102,4.0,4
78,770052043,16,0.1,static(k=4),0.040750000000000654,4.0,4
78,770052043,16,0.3,static(k=4),0.04555000000000079,4.0,4
78,770052043,16,0.5,static(k=4),0.07295000000000013,4.0,4
78,770052043,64,0.0,static(k=4),0.021500000000000102,4.0,4
78,770052043,64,0.1,static(k=4),0.04410000000000075,4.0,4
78,770052043,64,0.3,static(k=4),0.04555000000000079,4.0,4
78,770052043,64,0.5,static(k=4),0.07295000000000013,4.0,4
79,780052044,16,0.0,static(k=4),0.021500000000000102,4.0,4
79,780052044,16,0.1,static(k=4),0.03320000000000044,4.0,4
79,780052044,16,0.3,static(k=4),0.04730000000000084,4.0,4
79,780052044,16,0.5,static(k=4),0.04965000000000091,4.0,4
79,780052044,64,0.0,static(k=4),0.021500000000000102,4.0,4
79,780052044,64,0.1,static(k=4),0.04060000000000065,4.0,4
79,780052044,64,0.3,static(k=4),0.04525000000000078,4.0,4
79,780052044,64,0.5,static(k=4),0.05120000000000095,4.0,4
80,790052045,16,0.0,static(k=4),0.021500000000000102,4.0,4
80,790052045,16,0.1,static(k=4),0.036300000000000526,4.0,4
80,790052045,16,0.3,static(k=4),0.038300000000000584,4.0,4
80,790052045,16,0.5,static(k=4),0.04610000000000081,4.0,4
80,790052045,64,0.0,static(k=4),0.021500000000000102,4.0,4
80,790052045,64,0.1,static(k=4),0.04160000000000068,4.0,4
80,790052045,64,0.3,static(k=4),0.054800000000001056,4.0,4
80,790052045,64,0.5,static(k=4),0.0632500000000012,4.0,4
81,800052046,16,0.0,static(k=4),0.021500000000000102,4.0,4
81,800052046,16,0.1,static(k=4),0.028250000000000296,4.0,4
81,800052046,16,0.3,static(k=4),0.03815000000000058,4.0,4
81,800052046,16,0.5,static(k=4),0.04190000000000069,4.0,4
81,800052046,64,0.0,static(k=4),0.021500000000000102,4.0,4
81,800052046,64,0.1,static(k=4),0.037350000000000556,4.0,4
81,800052046,64,0.3,static(k=4),0.046400000000000816,4.0,4
81,800052046,64,0.5,static(k=4),0.045000000000000775,4.0,4
82,810052047,16,0.0,static(k=4),0.021500000000000102,4.0,4
82,810052047,16,0.1,static(k=4),0.032100000000000406,4.0,4
82,810052047,16,0.3,static(k=4),0.039700000000000624,4.0,4
82,810052047,16,0.5,static(k=4),0.04655000000000082,4.0,4
82,810052047,64,0.0,static(k=4),0.026850000000000256,4.0,4
82,810052047,64,0.1,static(k=4),0.056800000000001113,4.0,4
82,810052047,64,0.3,static(k=4),0.050600000000000936,4.0,4
82,810052047,64,0.5,static(k=4),0.05700000000000112,4.0,4
83,820052048,16,0.0,static(k=4),0.021500000000000102,4.0,4
83,820052048,16,0.1,static(k=4),0.026500000000000246,4.0,4
83,820052048,16,0.3,static(k=4),0.03655000000000053,4.0,4
83,820052048,16,0.5,static(k=4),0.0494500000000009,4.0,4
83,820052048,64,0.0,static(k=4),0.021500000000000102,4.0,4
83,820052048,64,0.1,static(k=4),0.05100000000000095,4.0,4
83,820052048,64,0.3,static(k=4),0.056850000000001115,4.0,4
83,820052048,64,0.5,static(k=4),0.06425000000000108,4.0,4
84,830052049,16,0.0,static(k=4),0.021500000000000102,4.0,4
84,830052049,16,0.1,static(k=4),0.02775000000000028,4.0,4
84,830052049,16,0.3,static(k=4),0.042900000000000715,4.0,4
84,830052049,16,0.5,static(k=4),0.0563500000000011,4.0,4
84,830052049,64,0.0,static(k=4),0.021500000000000102,4.0,4
84,830052049,64,0.1,static(k=4),0.04415000000000075,4.0,4
84,830052049,64,0.3,static(k=4),0.0597500000000012,4.0,4
84,830052049,64,0.5,static(k=4),0.0563500000000011,4.0,4
85,840052050,16,0.0,static(k=4),0.021500000000000102,4.0,4
85,840052050,16,0.1,static(k=4),0.02765000000000028,4.0,4
85,840052050,16,0.3,static(k=4),0.04725000000000084,4.0,4
85,840052050,16,0.5,static(k=4),0.04785000000000086,4.0,4
85,840052050,64,0.0,static(k=4),0.021500000000000102,4.0,4
85,840052050,64,0.1,static(k=4),0.03285000000000043,4.0,4
85,840052050,64,0.3,static(k=4),0.06375000000000114,4.0,4
85,840052050,64,0.5,static(k=4),0.05905000000000118,4.0,4
86,850052051,16,0.0,static(k=4),0.021500000000000102,4.0,4
86,850052051,16,0.1,static(k=4),0.030300000000000354,4.0,4
86,850052051,16,0.3,static(k=4),0.04545000000000079,4.0,4
86,850052051,16,0.5,static(k=4),0.06805000000000067,4.0,4
86,850052051,64,0.0,static(k=4),0.021500000000000102,4.0,4
86,850052051,64,0.1,static(k=4),0.040750000000000654,4.0,4
86,850052051,64,0.3,static(k=4),0.054450000000001046,4.0,4
86,850052051,64,0.5,static(k=4),0.06805000000000067,4.0,4
87,860052052,16,0.0,static(k=4),0.021500000000000102,4.0,4
87,860052052,16,0.1,static(k=4),0.043600000000000735,4.0,4
87,860052052,16,0.3,static(k=4),0.04205000000000069,4.0,4
87,860052052,16,0.5,static(k=4),0.049500000000000904,4.0,4
87,860052052,64,0.0,static(k=4),0.026850000000000256,4.0,4
87,860052052,64,0.1,static(k=4),0.043600000000000735,4.0,4
87,860052052,64,0.3,static(k=4),0.08309999999999901,4.0,4
87,860052052,64,0.5,static(k=4),0.05565000000000108,4.0,4
88,870052053,16,0.0,static(k=4),0.021500000000000102,4.0,4
88,870052053,16,0.1,static(k=4),0.02800000000000029,4.0,4
88,870052053,16,0.3,static(k=4),0.04340000000000073,4.0,4
88,870052053,16,0.5,static(k=4),0.05080000000000094,4.0,4
88,870052053,64,0.0,static(k=4),0.026850000000000256,4.0,4
88,870052053,64,0.1,static(k=4),0.052750000000001,4.0,4
88,870052053,64,0.3,static(k=4),0.058900000000001174,4.0,4
88,870052053,64,0.5,static(k=4),0.05665000000000111,4.0,4
89,880052054,16,0.0,static(k=4),0.021500000000000102,4.0,4
89,880052054,16,0.1,static(k=4),0.031000000000000374,4.0,4
89,880052054,16,0.3,static(k=4),0.037950000000000574,4.0,4
89,880052054,16,0.5,static(k=4),0.04895000000000089,4.0,4
89,880052054,64,0.0,static(k=4),0.026850000000000256,4.0,4
89,880052054,64,0.1,static(k=4),0.03990000000000063,4.0,4
89,880052054,64,0.3,static(k=4),0.05395000000000103,4.0,4
89,880052054,64,0.5,static(k=4),0.05670000000000111,4.0,4
90,890052055,16,0.0,static(k=4),0.021500000000000102,4.0,4
90,890052055,16,0.1,static(k=4),0.03155000000000039,4.0,4
90,890052055,16,0.3,static(k=4),0.045650000000000794,4.0,4
90,890052055,16,0.5,static(k=4),0.04280000000000071,4.0,4
90,890052055,64,0.0,static(k=4),0.021500000000000102,4.0,4
90,890052055,64,0.1,static(k=4),0.05175000000000097,4.0,4
90,890052055,64,0.3,static(k=4),0.053000000000001005,4.0,4
90,890052055,64,0.5,static(k=4),0.05535000000000107,4.0,4
91,900052056,16,0.0,static(k=4),0.021500000000000102,4.0,4
91,900052056,16,0.1,static(k=4),0.030750000000000367,4.0,4
91,900052056,16,0.3,static(k=4),0.036900000000000543,4.0,4
91,900052056,16,0.5,static(k=4),0.04365000000000074,4.0,4
91,900052056,64,0.0,static(k=4),0.026850000000000256,4.0,4
91,900052056,64,0.1,static(k=4),0.04905000000000089,4.0,4
91,900052056,64,0.3,static(k=4),0.06700000000000078,4.0,4
91,900052056,64,0.5,static(k=4),0.06040000000000122,4.0,4
92,910052057,16,0.0,static(k=4),0.021500000000000102,4.0,4
92,910052057,16,0.1,static(k=4),0.03990000000000063,4.0,4
92,910052057,16,0.3,static(k=4),0.04210000000000069,4.0,4
92,910052057,16,0.5,static(k=4),0.043200000000000724,4.0,4
92,910052057,64,0.0,static(k=4),0.026850000000000256,4.0,4
92,910052057,64,0.1,static(k=4),0.03990000000000063,4.0,4
92,910052057,64,0.3,static(k=4),0.064950000000001,4.0,4
92,910052057,64,0.5,static(k=4),0.06355000000000116,4.0,4
93,920052058,16,0.0,static(k=4),0.021500000000000102,4.0,4
93,920052058,16,0.1,static(k=4),0.053700000000001025,4.0,4
93,920052058,16,0.3,static(k=4),0.047750000000000854,4.0,4
93,920052058,16,0.5,static(k=4),0.05665000000000111,4.0,4
93,920052058,64,0.0,static(k=4),0.021500000000000102,4.0,4
93,920052058,64,0.1,static(k=4),0.053700000000001025,4.0,4
93,920052058,64,0.3,static(k=4),0.04870000000000088,4.0,4
93,920052058,64,0.5,static(k=4),0.057600000000001136,4.0,4
95,940052060,16,0.0,static(k=4),0.021500000000000102,4.0,4
95,940052060,16,0.1,static(k=4),0.03050000000000036,4.0,4
95,940052060,16,0.3,static(k=4),0.046700000000000824,4.0,4
95,940052060,16,0.5,static(k=4),0.05430000000000104,4.0,4
95,940052060,64,0.0,static(k=4),0.021500000000000102,4.0,4
95,940052060,64,0.1,static(k=4),0.03330000000000044,4.0,4
95,940052060,64,0.3,static(k=4),0.046700000000000824,4.0,4
95,940052060,64,0.5,static(k=4),0.06510000000000099,4.0,4
94,930052059,16,0.0,static(k=4),0.021500000000000102,4.0,4
94,930052059,16,0.1,static(k=4),0.039750000000000625,4.0,4
94,930052059,16,0.3,static(k=4),0.064950000000001,4.0,4
94,930052059,16,0.5,static(k=4),0.07729999999999965,4.0,4
94,930052059,64,0.0,static(k=4),0.021500000000000102,4.0,4
94,930052059,64,0.1,static(k=4),0.04070000000000065,4.0,4
94,930052059,64,0.3,static(k=4),0.064950000000001,4.0,4
94,930052059,64,0.5,static(k=4),0.07729999999999965,4.0,4
96,950052061,16,0.0,static(k=4),0.021500000000000102,4.0,4
96,950052061,16,0.1,static(k=4),0.02595000000000023,4.0,4
96,950052061,16,0.3,static(k=4),0.04160000000000068,4.0,4
96,950052061,16,0.5,static(k=4),0.04120000000000067,4.0,4
96,950052061,64,0.0,static(k=4),0.021500000000000102,4.0,4
96,950052061,64,0.1,static(k=4),0.04445000000000076,4.0,4
96,950052061,64,0.3,static(k=4),0.05670000000000111,4.0,4
96,950052061,64,0.5,static(k=4),0.06645000000000084,4.0,4
97,960052062,16,0.0,static(k=4),0.021500000000000102,4.0,4
97,960052062,16,0.1,static(k=4),0.03410000000000046,4.0,4
97,960052062,16,0.3,static(k=4),0.03925000000000061,4.0,4
97,960052062,16,0.5,static(k=4),0.04420000000000075,4.0,4
97,960052062,64,0.0,static(k=4),0.026850000000000256,4.0,4
97,960052062,64,0.1,static(k=4),0.03815000000000058,4.0,4
97,960052062,64,0.3,static(k=4),0.04730000000000084,4.0,4
97,960052062,64,0.5,static(k=4),0.05435000000000104,4.0,4
99,980052064,16,0.0,static(k=4),0.021500000000000102,4.0,4
99,980052064,16,0.1,static(k=4),0.02810000000000029,4.0,4
99,980052064,16,0.3,static(k=4),0.03440000000000047,4.0,4
99,980052064,16,0.5,static(k=4),0.0659500000000009,4.0,4
99,980052064,64,0.0,static(k=4),0.021500000000000102,4.0,4
99,980052064,64,0.1,static(k=4),0.03565000000000051,4.0,4
99,980052064,64,0.3,static(k=4),0.06010000000000121,4.0,4
99,980052064,64,0.5,static(k=4),0.062400000000001274,4.0,4
98,970052063,16,0.0,static(k=4),0.021500000000000102,4.0,4
98,970052063,16,0.1,static(k=4),0.03425000000000047,4.0,4
98,970052063,16,0.3,static(k=4),0.04615000000000081,4.0,4
98,970052063,16,0.5,static(k=4),0.06625000000000086,4.0,4
98,970052063,64,0.0,static(k=4),0.021500000000000102,4.0,4
98,970052063,64,0.1,static(k=4),0.05530000000000107,4.0,4
98,970052063,64,0.3,static(k=4),0.05190000000000097,4.0,4
98,970052063,64,0.5,static(k=4),0.07669999999999971,4.0,4
100,990052065,16,0.0,static(k=4),0.021500000000000102,4.0,4
100,990052065,16,0.1,static(k=4),0.02705000000000026,4.0,4
100,990052065,16,0.3,static(k=4),0.03430000000000047,4.0,4
100,990052065,16,0.5,static(k=4),0.050600000000000936,4.0,4
100,990052065,64,0.0,static(k=4),0.026850000000000256,4.0,4
100,990052065,64,0.1,static(k=4),0.04505000000000078,4.0,4
100,990052065,64,0.3,static(k=4),0.05665000000000111,4.0,4
100,990052065,64,0.5,static(k=4),0.0598500000000012,4.0,4
