seed,k,t_equal,t_prop
6,1,0.04295000000000072,0.04295000000000072
6,2,0.021500000000000102,0.01795
6,4,0.01614999999999995,0.009699999999999969
6,8,0.010749999999999963,0.006849999999999986
6,16,0.008099999999999979,0.005899999999999992
6,32,0.006749999999999987,0.005599999999999994
7,1,0.04295000000000072,0.04295000000000072
7,2,0.03225000000000041,0.021500000000000102
7,4,0.01614999999999995,0.010749999999999963
7,8,0.010749999999999963,0.006949999999999986
7,16,0.009399999999999971,0.005899999999999992
7,32,0.006049999999999991,0.005449999999999995
0,1,0.04295000000000072,0.04295000000000072
0,2,0.021500000000000102,0.01795
0,4,0.021500000000000102,0.011699999999999957
0,8,0.010749999999999963,0.007399999999999983
0,16,0.008099999999999979,0.005899999999999992
0,32,0.006749999999999987,0.005549999999999994
1,1,0.04295000000000072,0.04295000000000072
1,2,0.021500000000000102,0.021500000000000102
1,4,0.01614999999999995,0.008749999999999975
1,8,0.010749999999999963,0.006899999999999986
1,16,0.009399999999999971,0.005849999999999992
1,32,0.006749999999999987,0.005549999999999994
4,1,0.04295000000000072,0.04295000000000072
4,2,0.021500000000000102,0.01795
4,4,0.01614999999999995,0.009349999999999971
4,8,0.010749999999999963,0.006749999999999987
4,16,0.009399999999999971,0.005899999999999992
4,32,0.006749999999999987,0.0054999999999999945
2,1,0.04295000000000072,0.04295000000000072
2,2,0.021500000000000102,0.021500000000000102
2,4,0.021500000000000102,0.010899999999999962
2,8,0.01614999999999995,0.0077999999999999806
2,16,0.012099999999999955,0.006349999999999989
2,32,0.008749999999999975,0.005699999999999993
9,1,0.04295000000000072,0.04295000000000072
9,2,0.021500000000000102,0.021500000000000102
9,4,0.01614999999999995,0.009199999999999972
9,8,0.010749999999999963,0.007049999999999985
9,16,0.008099999999999979,0.005899999999999992
9,32,0.005399999999999995,0.005399999999999995
5,1,0.04295000000000072,0.04295000000000072
5,2,0.021500000000000102,0.021500000000000102
5,4,0.01614999999999995,0.00959999999999997
5,8,0.010749999999999963,0.006599999999999988
5,16,0.008099999999999979,0.005749999999999993
5,32,0.006049999999999991,0.005449999999999995
3,1,0.04295000000000072,0.04295000000000072
3,2,0.021500000000000102,0.021500000000000102
3,4,0.01614999999999995,0.009199999999999972
3,8,0.01614999999999995,0.006949999999999986
3,16,0.008099999999999979,0.005899999999999992
3,32,0.006749999999999987,0.0054999999999999945
8,1,0.06445000000000106,0.06445000000000106
8,2,0.03225000000000041,0.020900000000000085
8,4,0.021500000000000102,0.010649999999999963
8,8,0.013449999999999946,0.007749999999999981
8,16,0.009399999999999971,0.006099999999999991
8,32,0.006749999999999987,0.0054999999999999945
14,1,0.04295000000000072,0.04295000000000072
14,2,0.021500000000000102,0.021500000000000102
14,4,0.01614999999999995,0.012549999999999952
14,8,0.010749999999999963,0.006999999999999985
14,16,0.009399999999999971,0.00629999999999999
14,32,0.006049999999999991,0.0054999999999999945
10,1,0.04295000000000072,0.04295000000000072
10,2,0.021500000000000102,0.021500000000000102
10,4,0.01614999999999995,0.010649999999999963
10,8,0.010749999999999963,0.006799999999999987
10,16,0.006749999999999987,0.005749999999999993
10,32,0.006749999999999987,0.005549999999999994
13,1,0.021500000000000102,0.021500000000000102
13,2,0.03225000000000041,0.02420000000000018
13,4,0.01614999999999995,0.00964999999999997
13,8,0.010749999999999963,0.0076499999999999815
13,16,0.008099999999999979,0.006049999999999991
13,32,0.008099999999999979,0.005699999999999993
11,1,0.04295000000000072,0.04295000000000072
11,2,0.021500000000000102,0.021500000000000102
11,4,0.021500000000000102,0.011049999999999961
11,8,0.010749999999999963,0.006999999999999985
11,16,0.009399999999999971,0.0059999999999999915
11,32,0.006749999999999987,0.0054999999999999945
12,1,0.04295000000000072,0.04295000000000072
12,2,0.03225000000000041,0.028650000000000307
12,4,0.01614999999999995,0.00964999999999997
12,8,0.010749999999999963,0.006499999999999988
12,16,0.008099999999999979,0.005749999999999993
12,32,0.006749999999999987,0.005549999999999994
17,1,0.04295000000000072,0.04295000000000072
17,2,0.021500000000000102,0.01795
17,4,0.01614999999999995,0.010149999999999966
17,8,0.010749999999999963,0.007549999999999982
17,16,0.008099999999999979,0.005849999999999992
17,32,0.006049999999999991,0.005449999999999995
16,1,0.04295000000000072,0.04295000000000072
16,2,0.021500000000000102,0.01795
16,4,0.01614999999999995,0.009299999999999971
16,8,0.010749999999999963,0.006849999999999986
16,16,0.008099999999999979,0.005849999999999992
16,32,0.006049999999999991,0.0054999999999999945
15,1,0.04295000000000072,0.04295000000000072
15,2,0.021500000000000102,0.021500000000000102
15,4,0.01614999999999995,0.009299999999999971
15,8,0.010749999999999963,0.006749999999999987
15,16,0.008099999999999979,0.005849999999999992
15,32,0.006049999999999991,0.005449999999999995
18,1,0.04295000000000072,0.04295000000000072
18,2,0.03225000000000041,0.021500000000000102
18,4,0.01614999999999995,0.00959999999999997
18,8,0.010749999999999963,0.007699999999999981
18,16,0.009399999999999971,0.005949999999999992
18,32,0.006749999999999987,0.005599999999999994
19,1,0.04295000000000072,0.04295000000000072
19,2,0.03225000000000041,0.019750000000000052
19,4,0.01614999999999995,0.00949999999999997
19,8,0.010749999999999963,0.006449999999999989
19,16,0.006749999999999987,0.005699999999999993
19,32,0.006749999999999987,0.0054999999999999945
22,1,0.04295000000000072,0.04295000000000072
22,2,0.03225000000000041,0.028650000000000307
22,4,0.01614999999999995,0.010199999999999966
22,8,0.013449999999999946,0.007199999999999984
22,16,0.009399999999999971,0.005749999999999993
22,32,0.006049999999999991,0.005449999999999995
23,1,0.021500000000000102,0.021500000000000102
23,2,0.021500000000000102,0.01795
23,4,0.01614999999999995,0.010099999999999967
23,8,0.013449999999999946,0.007549999999999982
23,16,0.009399999999999971,0.0061499999999999905
23,32,0.006049999999999991,0.005449999999999995
25,1,0.04295000000000072,0.04295000000000072
25,2,0.021500000000000102,0.021500000000000102
25,4,0.01614999999999995,0.010499999999999964
25,8,0.010749999999999963,0.007699999999999981
25,16,0.008099999999999979,0.005799999999999993
25,32,0.006749999999999987,0.005549999999999994
21,1,0.04295000000000072,0.04295000000000072
21,2,0.03225000000000041,0.026900000000000257
21,4,0.01614999999999995,0.009249999999999972
21,8,0.01614999999999995,0.007199999999999984
21,16,0.009399999999999971,0.005849999999999992
21,32,0.006049999999999991,0.005449999999999995
24,1,0.04295000000000072,0.04295000000000072
24,2,0.021500000000000102,0.021500000000000102
24,4,0.01614999999999995,0.009199999999999972
24,8,0.010749999999999963,0.006749999999999987
24,16,0.009399999999999971,0.0059999999999999915
24,32,0.006749999999999987,0.0054999999999999945
20,1,0.04295000000000072,0.04295000000000072
20,2,0.021500000000000102,0.021500000000000102
20,4,0.021500000000000102,0.01109999999999996
20,8,0.01614999999999995,0.008099999999999979
20,16,0.010749999999999963,0.006099999999999991
20,32,0.008099999999999979,0.005599999999999994
27,1,0.021500000000000102,0.021500000000000102
27,2,0.03225000000000041,0.01795
27,4,0.01614999999999995,0.009699999999999969
27,8,0.010749999999999963,0.006799999999999987
27,16,0.009399999999999971,0.006049999999999991
27,32,0.006749999999999987,0.005549999999999994
26,1,0.04295000000000072,0.04295000000000072
26,2,0.021500000000000102,0.021500000000000102
26,4,0.01614999999999995,0.010749999999999963
26,8,0.010749999999999963,0.007049999999999985
26,16,0.008099999999999979,0.0059999999999999915
26,32,0.006749999999999987,0.005599999999999994
29,1,0.04295000000000072,0.04295000000000072
29,2,0.03225000000000041,0.021500000000000102
29,4,0.01614999999999995,0.009949999999999968
29,8,0.013449999999999946,0.007049999999999985
29,16,0.009399999999999971,0.006099999999999991
29,32,0.006049999999999991,0.0054999999999999945
28,1,0.04295000000000072,0.04295000000000072
28,2,0.021500000000000102,0.021500000000000102
28,4,0.01614999999999995,0.010199999999999966
28,8,0.013449999999999946,0.006799999999999987
28,16,0.008099999999999979,0.006099999999999991
28,32,0.006749999999999987,0.005549999999999994
31,1,0.04295000000000072,0.04295000000000072
31,2,0.03225000000000041,0.01795
31,4,0.01614999999999995,0.008849999999999974
31,8,0.013449999999999946,0.006699999999999987
31,16,0.008099999999999979,0.005699999999999993
31,32,0.006049999999999991,0.005449999999999995
30,1,0.06445000000000106,0.06445000000000106
30,2,0.03225000000000041,0.021500000000000102
30,4,0.021500000000000102,0.010899999999999962
30,8,0.013449999999999946,0.007099999999999985
30,16,0.009399999999999971,0.0059999999999999915
30,32,0.006049999999999991,0.005449999999999995
33,1,0.04295000000000072,0.04295000000000072
33,2,0.021500000000000102,0.01795
33,4,0.01614999999999995,0.00964999999999997
33,8,0.013449999999999946,0.00799999999999998
33,16,0.009399999999999971,0.00629999999999999
33,32,0.007399999999999983,0.005649999999999994
32,1,0.04295000000000072,0.04295000000000072
32,2,0.03225000000000041,0.02390000000000017
32,4,0.01614999999999995,0.010749999999999963
32,8,0.010749999999999963,0.007249999999999984
32,16,0.008099999999999979,0.005749999999999993
32,32,0.006049999999999991,0.005449999999999995
34,1,0.04295000000000072,0.04295000000000072
34,2,0.021500000000000102,0.021500000000000102
34,4,0.01614999999999995,0.009249999999999972
34,8,0.013449999999999946,0.007049999999999985
34,16,0.009399999999999971,0.0059999999999999915
34,32,0.006749999999999987,0.005549999999999994
36,1,0.04295000000000072,0.04295000000000072
36,2,0.021500000000000102,0.021500000000000102
36,4,0.01614999999999995,0.010749999999999963
36,8,0.013449999999999946,0.007199999999999984
36,16,0.009399999999999971,0.006099999999999991
36,32,0.006749999999999987,0.0054999999999999945
38,1,0.04295000000000072,0.04295000000000072
38,2,0.03225000000000041,0.019750000000000052
38,4,0.01614999999999995,0.00954999999999997
38,8,0.010749999999999963,0.007099999999999985
38,16,0.008099999999999979,0.005749999999999993
38,32,0.006049999999999991,0.0054999999999999945
35,1,0.04295000000000072,0.04295000000000072
35,2,0.03225000000000041,0.021500000000000102
35,4,0.021500000000000102,0.011849999999999956
35,8,0.013449999999999946,0.006749999999999987
35,16,0.009399999999999971,0.005849999999999992
35,32,0.006749999999999987,0.005549999999999994
37,1,0.04295000000000072,0.04295000000000072
37,2,0.04295000000000072,0.03010000000000035
37,4,0.021500000000000102,0.010999999999999961
37,8,0.01614999999999995,0.007099999999999985
37,16,0.009399999999999971,0.005899999999999992
37,32,0.006049999999999991,0.005449999999999995
39,1,0.04295000000000072,0.04295000000000072
39,2,0.021500000000000102,0.021500000000000102
39,4,0.01614999999999995,0.011399999999999959
39,8,0.013449999999999946,0.008199999999999978
39,16,0.008099999999999979,0.006049999999999991
39,32,0.008749999999999975,0.005799999999999993
40,1,0.04295000000000072,0.04295000000000072
40,2,0.03225000000000041,0.028650000000000307
40,4,0.01614999999999995,0.008899999999999974
40,8,0.013449999999999946,0.0071499999999999845
40,16,0.008099999999999979,0.005899999999999992
40,32,0.006049999999999991,0.005449999999999995
41,1,0.021500000000000102,0.021500000000000102
41,2,0.021500000000000102,0.01795
41,4,0.01614999999999995,0.009799999999999968
41,8,0.010749999999999963,0.007199999999999984
41,16,0.009399999999999971,0.0059999999999999915
41,32,0.006049999999999991,0.0054999999999999945
42,1,0.04295000000000072,0.04295000000000072
42,2,0.021500000000000102,0.014349999999999941
42,4,0.01614999999999995,0.008799999999999975
42,8,0.010749999999999963,0.006449999999999989
42,16,0.006749999999999987,0.005699999999999993
42,32,0.006049999999999991,0.005449999999999995
43,1,0.04295000000000072,0.04295000000000072
43,2,0.021500000000000102,0.01795
43,4,0.01614999999999995,0.008899999999999974
43,8,0.013449999999999946,0.006849999999999986
43,16,0.008099999999999979,0.005799999999999993
43,32,0.006049999999999991,0.005449999999999995
44,1,0.04295000000000072,0.04295000000000072
44,2,0.03225000000000041,0.021500000000000102
44,4,0.01614999999999995,0.009849999999999968
44,8,0.013449999999999946,0.006749999999999987
44,16,0.008099999999999979,0.005799999999999993
44,32,0.006749999999999987,0.005549999999999994
48,1,0.04295000000000072,0.04295000000000072
48,2,0.021500000000000102,0.019100000000000034
48,4,0.01614999999999995,0.009399999999999971
48,8,0.010749999999999963,0.006699999999999987
48,16,0.006749999999999987,0.005749999999999993
48,32,0.007399999999999983,0.005549999999999994
47,1,0.04295000000000072,0.04295000000000072
47,2,0.021500000000000102,0.021500000000000102
47,4,0.01614999999999995,0.010299999999999965
47,8,0.010749999999999963,0.006599999999999988
47,16,0.008099999999999979,0.005799999999999993
47,32,0.006049999999999991,0.005449999999999995
46,1,0.04295000000000072,0.04295000000000072
46,2,0.03225000000000041,0.026900000000000257
46,4,0.021500000000000102,0.010449999999999965
46,8,0.013449999999999946,0.006699999999999987
46,16,0.009399999999999971,0.005899999999999992
46,32,0.006049999999999991,0.005449999999999995
45,1,0.04295000000000072,0.04295000000000072
45,2,0.021500000000000102,0.019100000000000034
45,4,0.01614999999999995,0.010499999999999964
45,8,0.010749999999999963,0.007249999999999984
45,16,0.009399999999999971,0.005799999999999993
45,32,0.007399999999999983,0.005599999999999994
49,1,0.04295000000000072,0.04295000000000072
49,2,0.021500000000000102,0.01795
49,4,0.01614999999999995,0.008899999999999974
49,8,0.010749999999999963,0.006949999999999986
49,16,0.006749999999999987,0.005699999999999993
49,32,0.006749999999999987,0.005549999999999994
50,1,0.04295000000000072,0.04295000000000072
50,2,0.021500000000000102,0.021500000000000102
50,4,0.021500000000000102,0.010499999999999964
50,8,0.010749999999999963,0.007399999999999983
50,16,0.009399999999999971,0.005899999999999992
50,32,0.006749999999999987,0.005549999999999994
52,1,0.04295000000000072,0.04295000000000072
52,2,0.03225000000000041,0.026900000000000257
52,4,0.01614999999999995,0.009249999999999972
52,8,0.013449999999999946,0.0071499999999999845
52,16,0.009399999999999971,0.005849999999999992
52,32,0.006749999999999987,0.005599999999999994
54,1,0.04295000000000072,0.04295000000000072
54,2,0.021500000000000102,0.01795
54,4,0.01614999999999995,0.009699999999999969
54,8,0.013449999999999946,0.007449999999999983
54,16,0.008099999999999979,0.005949999999999992
54,32,0.006749999999999987,0.0054999999999999945
51,1,0.04295000000000072,0.04295000000000072
51,2,0.021500000000000102,0.014349999999999941
51,4,0.021500000000000102,0.00964999999999997
51,8,0.013449999999999946,0.007199999999999984
51,16,0.009399999999999971,0.005899999999999992
51,32,0.007399999999999983,0.005699999999999993
53,1,0.04295000000000072,0.04295000000000072
53,2,0.03225000000000041,0.019100000000000034
53,4,0.01614999999999995,0.008749999999999975
53,8,0.013449999999999946,0.007299999999999984
53,16,0.008099999999999979,0.005699999999999993
53,32,0.006749999999999987,0.0054999999999999945
57,1,0.021500000000000102,0.021500000000000102
57,2,0.021500000000000102,0.014349999999999941
57,4,0.01614999999999995,0.009399999999999971
57,8,0.010749999999999963,0.006799999999999987
57,16,0.008099999999999979,0.006049999999999991
57,32,0.006749999999999987,0.005549999999999994
58,1,0.04295000000000072,0.04295000000000072
58,2,0.021500000000000102,0.01795
58,4,0.01614999999999995,0.009299999999999971
58,8,0.01614999999999995,0.007449999999999983
58,16,0.010749999999999963,0.0061499999999999905
58,32,0.007399999999999983,0.005599999999999994
56,1,0.04295000000000072,0.04295000000000072
56,2,0.021500000000000102,0.01795
56,4,0.01614999999999995,0.00959999999999997
56,8,0.010749999999999963,0.007399999999999983
56,16,0.008099999999999979,0.005949999999999992
56,32,0.007399999999999983,0.005599999999999994
55,1,0.04295000000000072,0.04295000000000072
55,2,0.021500000000000102,0.021500000000000102
55,4,0.01614999999999995,0.009899999999999968
55,8,0.010749999999999963,0.007449999999999983
55,16,0.008099999999999979,0.005749999999999993
55,32,0.005399999999999995,0.005399999999999995
59,1,0.04295000000000072,0.04295000000000072
59,2,0.03225000000000041,0.026900000000000257
59,4,0.01614999999999995,0.01109999999999996
59,8,0.010749999999999963,0.006999999999999985
59,16,0.009399999999999971,0.005849999999999992
59,32,0.006749999999999987,0.005549999999999994
60,1,0.04295000000000072,0.04295000000000072
60,2,0.021500000000000102,0.019100000000000034
60,4,0.021500000000000102,0.010099999999999967
60,8,0.010749999999999963,0.007249999999999984
60,16,0.008099999999999979,0.005699999999999993
60,32,0.007399999999999983,0.0054999999999999945
61,1,0.04295000000000072,0.04295000000000072
61,2,0.021500000000000102,0.019100000000000034
61,4,0.01614999999999995,0.009399999999999971
61,8,0.013449999999999946,0.007449999999999983
61,16,0.010749999999999963,0.00624999999999999
61,32,0.005399999999999995,0.005399999999999995
63,1,0.04295000000000072,0.04295000000000072
63,2,0.021500000000000102,0.019100000000000034
63,4,0.021500000000000102,0.010049999999999967
63,8,0.013449999999999946,0.007199999999999984
63,16,0.009399999999999971,0.0059999999999999915
63,32,0.006049999999999991,0.0054999999999999945
65,1,0.021500000000000102,0.021500000000000102
65,2,0.021500000000000102,0.019100000000000034
65,4,0.01614999999999995,0.008499999999999976
65,8,0.013449999999999946,0.007499999999999982
65,16,0.008099999999999979,0.005849999999999992
65,32,0.007399999999999983,0.005549999999999994
62,1,0.04295000000000072,0.04295000000000072
62,2,0.03225000000000041,0.019750000000000052
62,4,0.01614999999999995,0.011499999999999958
62,8,0.013449999999999946,0.006799999999999987
62,16,0.009399999999999971,0.0059999999999999915
62,32,0.007399999999999983,0.0054999999999999945
64,1,0.04295000000000072,0.04295000000000072
64,2,0.03225000000000041,0.01795
64,4,0.021500000000000102,0.010049999999999967
64,8,0.010749999999999963,0.006699999999999987
64,16,0.008099999999999979,0.005849999999999992
64,32,0.006049999999999991,0.005449999999999995
67,1,0.04295000000000072,0.04295000000000072
67,2,0.021500000000000102,0.01795
67,4,0.01614999999999995,0.009949999999999968
67,8,0.013449999999999946,0.006699999999999987
67,16,0.008099999999999979,0.005699999999999993
67,32,0.006049999999999991,0.005449999999999995
66,1,0.04295000000000072,0.04295000000000072
66,2,0.021500000000000102,0.021500000000000102
66,4,0.01614999999999995,0.008599999999999976
66,8,0.010749999999999963,0.0066499999999999875
66,16,0.008099999999999979,0.005849999999999992
66,32,0.006049999999999991,0.005449999999999995
68,1,0.04295000000000072,0.04295000000000072
68,2,0.03225000000000041,0.026900000000000257
68,4,0.01614999999999995,0.00964999999999997
68,8,0.010749999999999963,0.006949999999999986
68,16,0.009399999999999971,0.006049999999999991
68,32,0.006749999999999987,0.005449999999999995
69,1,0.04295000000000072,0.04295000000000072
69,2,0.03225000000000041,0.026900000000000257
69,4,0.01614999999999995,0.009899999999999968
69,8,0.010749999999999963,0.007449999999999983
69,16,0.009399999999999971,0.005849999999999992
69,32,0.005399999999999995,0.005399999999999995
70,1,0.04295000000000072,0.04295000000000072
70,2,0.021500000000000102,0.01795
70,4,0.01614999999999995,0.010749999999999963
70,8,0.010749999999999963,0.0076499999999999815
70,16,0.009399999999999971,0.005949999999999992
70,32,0.006749999999999987,0.0054999999999999945
71,1,0.04295000000000072,0.04295000000000072
71,2,0.03225000000000041,0.021500000000000102
71,4,0.021500000000000102,0.009199999999999972
71,8,0.010749999999999963,0.006899999999999986
71,16,0.009399999999999971,0.005849999999999992
71,32,0.006049999999999991,0.005449999999999995
75,1,0.04295000000000072,0.04295000000000072
75,2,0.03225000000000041,0.01614999999999995
75,4,0.01614999999999995,0.009249999999999972
75,8,0.010749999999999963,0.006599999999999988
75,16,0.006749999999999987,0.005749999999999993
75,32,0.006749999999999987,0.005549999999999994
73,1,0.04295000000000072,0.04295000000000072
73,2,0.03225000000000041,0.026900000000000257
73,4,0.01614999999999995,0.00944999999999997
73,8,0.013449999999999946,0.007199999999999984
73,16,0.010749999999999963,0.00619999999999999
73,32,0.006749999999999987,0.005649999999999994
74,1,0.04295000000000072,0.04295000000000072
74,2,0.021500000000000102,0.01795
74,4,0.01614999999999995,0.009249999999999972
74,8,0.013449999999999946,0.0066499999999999875
74,16,0.008099999999999979,0.005949999999999992
74,32,0.006049999999999991,0.005449999999999995
72,1,0.04295000000000072,0.04295000000000072
72,2,0.03225000000000041,0.028650000000000307
72,4,0.01614999999999995,0.00954999999999997
72,8,0.010749999999999963,0.007249999999999984
72,16,0.008099999999999979,0.005949999999999992
72,32,0.006749999999999987,0.005449999999999995
78,1,0.04295000000000072,0.04295000000000072
78,2,0.021500000000000102,0.021500000000000102
78,4,0.01614999999999995,0.009699999999999969
78,8,0.010749999999999963,0.006699999999999987
78,16,0.008099999999999979,0.005749999999999993
78,32,0.006049999999999991,0.0054999999999999945
76,1,0.04295000000000072,0.04295000000000072
76,2,0.021500000000000102,0.01795
76,4,0.01614999999999995,0.010199999999999966
76,8,0.010749999999999963,0.007449999999999983
76,16,0.006749999999999987,0.005749999999999993
76,32,0.005399999999999995,0.005399999999999995
77,1,0.04295000000000072,0.04295000000000072
77,2,0.021500000000000102,0.021500000000000102
77,4,0.01614999999999995,0.009349999999999971
77,8,0.010749999999999963,0.006849999999999986
77,16,0.006749999999999987,0.005899999999999992
77,32,0.006749999999999987,0.005549999999999994
79,1,0.04295000000000072,0.04295000000000072
79,2,0.021500000000000102,0.014349999999999941
79,4,0.01614999999999995,0.009299999999999971
79,8,0.010749999999999963,0.007099999999999985
79,16,0.008099999999999979,0.005899999999999992
79,32,0.006049999999999991,0.005449999999999995
80,1,0.04295000000000072,0.04295000000000072
80,2,0.021500000000000102,0.01795
80,4,0.01614999999999995,0.009399999999999971
80,8,0.010749999999999963,0.006449999999999989
80,16,0.008099999999999979,0.005749999999999993
80,32,0.005399999999999995,0.005399999999999995
81,1,0.04295000000000072,0.04295000000000072
81,2,0.021500000000000102,0.021500000000000102
81,4,0.01614999999999995,0.008799999999999975
81,8,0.013449999999999946,0.007349999999999983
81,16,0.009399999999999971,0.005949999999999992
81,32,0.007399999999999983,0.005599999999999994
84,1,0.04295000000000072,0.04295000000000072
84,2,0.03225000000000041,0.026900000000000257
84,4,0.021500000000000102,0.009899999999999968
84,8,0.013449999999999946,0.006899999999999986
84,16,0.008099999999999979,0.006049999999999991
84,32,0.006749999999999987,0.0054999999999999945
85,1,0.04295000000000072,0.04295000000000072
85,2,0.03225000000000041,0.019750000000000052
85,4,0.01614999999999995,0.00949999999999997
85,8,0.010749999999999963,0.006699999999999987
85,16,0.009399999999999971,0.0059999999999999915
85,32,0.008099999999999979,0.005649999999999994
83,1,0.04295000000000072,0.04295000000000072
83,2,0.021500000000000102,0.021500000000000102
83,4,0.01614999999999995,0.010049999999999967
83,8,0.010749999999999963,0.007349999999999983
83,16,0.009399999999999971,0.005749999999999993
83,32,0.006049999999999991,0.005449999999999995
86,1,0.04295000000000072,0.04295000000000072
86,2,0.021500000000000102,0.01795
86,4,0.01614999999999995,0.009749999999999969
86,8,0.010749999999999963,0.006949999999999986
86,16,0.009399999999999971,0.005899999999999992
86,32,0.006049999999999991,0.005449999999999995
87,1,0.04295000000000072,0.04295000000000072
87,2,0.021500000000000102,0.021500000000000102
87,4,0.01614999999999995,0.012299999999999953
87,8,0.010749999999999963,0.006999999999999985
87,16,0.006749999999999987,0.005799999999999993
87,32,0.006749999999999987,0.005549999999999994
82,1,0.04295000000000072,0.04295000000000072
82,2,0.021500000000000102,0.021500000000000102
82,4,0.01614999999999995,0.009249999999999972
82,8,0.010749999999999963,0.007549999999999982
82,16,0.008099999999999979,0.0059999999999999915
82,32,0.006049999999999991,0.005449999999999995
88,1,0.04295000000000072,0.04295000000000072
88,2,0.03225000000000041,0.026900000000000257
88,4,0.01614999999999995,0.008649999999999975
88,8,0.010749999999999963,0.007099999999999985
88,16,0.006749999999999987,0.005749999999999993
88,32,0.005399999999999995,0.005399999999999995
89,1,0.04295000000000072,0.04295000000000072
89,2,0.03225000000000041,0.026900000000000257
89,4,0.01614999999999995,0.009749999999999969
89,8,0.010749999999999963,0.006699999999999987
89,16,0.008099999999999979,0.005849999999999992
89,32,0.005399999999999995,0.005399999999999995
91,1,0.04295000000000072,0.04295000000000072
91,2,0.021500000000000102,0.021500000000000102
91,4,0.021500000000000102,0.010899999999999962
91,8,0.01614999999999995,0.007049999999999985
91,16,0.008099999999999979,0.005749999999999993
91,32,0.006749999999999987,0.0054999999999999945
90,1,0.04295000000000072,0.04295000000000072
90,2,0.021500000000000102,0.021500000000000102
90,4,0.021500000000000102,0.014949999999999937
90,8,0.010749999999999963,0.007199999999999984
90,16,0.009399999999999971,0.005899999999999992
90,32,0.006749999999999987,0.0054999999999999945
92,1,0.04295000000000072,0.04295000000000072
92,2,0.021500000000000102,0.021500000000000102
92,4,0.01614999999999995,0.00959999999999997
92,8,0.010749999999999963,0.007049999999999985
92,16,0.006749999999999987,0.005699999999999993
92,32,0.006749999999999987,0.005549999999999994
93,1,0.04295000000000072,0.04295000000000072
93,2,0.03225000000000041,0.026900000000000257
93,4,0.01614999999999995,0.010749999999999963
93,8,0.010749999999999963,0.006999999999999985
93,16,0.008099999999999979,0.005749999999999993
93,32,0.006749999999999987,0.005449999999999995
98,1,0.04295000000000072,0.04295000000000072
98,2,0.03225000000000041,0.021500000000000102
98,4,0.01614999999999995,0.010899999999999962
98,8,0.010749999999999963,0.007499999999999982
98,16,0.008099999999999979,0.005749999999999993
98,32,0.006749999999999987,0.005549999999999994
95,1,0.04295000000000072,0.04295000000000072
95,2,0.03225000000000041,0.021500000000000102
95,4,0.01614999999999995,0.010849999999999962
95,8,0.010749999999999963,0.007099999999999985
95,16,0.008099999999999979,0.005749999999999993
95,32,0.005399999999999995,0.005399999999999995
94,1,0.04295000000000072,0.04295000000000072
94,2,0.021500000000000102,0.021500000000000102
94,4,0.01614999999999995,0.009199999999999972
94,8,0.013449999999999946,0.0071499999999999845
94,16,0.008099999999999979,0.005749999999999993
94,32,0.006049999999999991,0.005449999999999995
96,1,0.04295000000000072,0.04295000000000072
96,2,0.021500000000000102,0.019100000000000034
96,4,0.01614999999999995,0.009299999999999971
96,8,0.010749999999999963,0.006399999999999989
96,16,0.009399999999999971,0.005849999999999992
96,32,0.006049999999999991,0.005449999999999995
97,1,0.04295000000000072,0.04295000000000072
97,2,0.03225000000000041,0.026900000000000257
97,4,0.021500000000000102,0.011599999999999958
97,8,0.010749999999999963,0.0071499999999999845
97,16,0.010749999999999963,0.005949999999999992
97,32,0.006749999999999987,0.005549999999999994
99,1,0.04295000000000072,0.04295000000000072
99,2,0.03225000000000041,0.021500000000000102
99,4,0.021500000000000102,0.01109999999999996
99,8,0.010749999999999963,0.0066499999999999875
99,16,0.006749999999999987,0.005699999999999993
99,32,0.006049999999999991,0.0054999999999999945
102,1,0.04295000000000072,0.04295000000000072
102,2,0.03225000000000041,0.021500000000000102
102,4,0.021500000000000102,0.010999999999999961
102,8,0.010749999999999963,0.008049999999999979
102,16,0.006749999999999987,0.005749999999999993
102,32,0.006049999999999991,0.005449999999999995
100,1,0.04295000000000072,0.04295000000000072
100,2,0.03225000000000041,0.026900000000000257
100,4,0.01614999999999995,0.010249999999999966
100,8,0.010749999999999963,0.006949999999999986
100,16,0.008099999999999979,0.005949999999999992
100,32,0.006749999999999987,0.005549999999999994
101,1,0.04295000000000072,0.04295000000000072
101,2,0.03225000000000041,0.029550000000000333
101,4,0.021500000000000102,0.011799999999999956
101,8,0.010749999999999963,0.006499999999999988
101,16,0.008099999999999979,0.005849999999999992
101,32,0.006049999999999991,0.005449999999999995
103,1,0.04295000000000072,0.04295000000000072
103,2,0.021500000000000102,0.014349999999999941
103,4,0.01614999999999995,0.00954999999999997
103,8,0.010749999999999963,0.007249999999999984
103,16,0.008099999999999979,0.005849999999999992
103,32,0.005399999999999995,0.005399999999999995
105,1,0.04295000000000072,0.04295000000000072
105,2,0.021500000000000102,0.021500000000000102
105,4,0.01614999999999995,0.012049999999999955
105,8,0.013449999999999946,0.008299999999999978
105,16,0.012099999999999955,0.006549999999999988
105,32,0.007399999999999983,0.005649999999999994
104,1,0.04295000000000072,0.04295000000000072
104,2,0.03225000000000041,0.019100000000000034
104,4,0.01614999999999995,0.011399999999999959
104,8,0.013449999999999946,0.0071499999999999845
104,16,0.009399999999999971,0.006049999999999991
104,32,0.006749999999999987,0.005599999999999994
106,1,0.04295000000000072,0.04295000000000072
106,2,0.021500000000000102,0.021500000000000102
106,4,0.01614999999999995,0.010249999999999966
106,8,0.013449999999999946,0.006699999999999987
106,16,0.009399999999999971,0.005849999999999992
106,32,0.007399999999999983,0.005599999999999994
107,1,0.04295000000000072,0.04295000000000072
107,2,0.021500000000000102,0.01795
107,4,0.021500000000000102,0.009199999999999972
107,8,0.010749999999999963,0.007549999999999982
107,16,0.010749999999999963,0.006049999999999991
107,32,0.006749999999999987,0.005599999999999994
108,1,0.04295000000000072,0.04295000000000072
108,2,0.03225000000000041,0.026900000000000257
108,4,0.021500000000000102,0.01119999999999996
108,8,0.013449999999999946,0.007399999999999983
108,16,0.009399999999999971,0.0059999999999999915
108,32,0.007399999999999983,0.005649999999999994
109,1,0.04295000000000072,0.04295000000000072
109,2,0.021500000000000102,0.021500000000000102
109,4,0.021500000000000102,0.009399999999999971
109,8,0.013449999999999946,0.007549999999999982
109,16,0.008099999999999979,0.005749999999999993
109,32,0.008099999999999979,0.005549999999999994
110,1,0.04295000000000072,0.04295000000000072
110,2,0.03225000000000041,0.026900000000000257
110,4,0.01614999999999995,0.010449999999999965
110,8,0.010749999999999963,0.007449999999999983
110,16,0.009399999999999971,0.006049999999999991
110,32,0.007399999999999983,0.005649999999999994
112,1,0.04295000000000072,0.04295000000000072
112,2,0.021500000000000102,0.014349999999999941
112,4,0.01614999999999995,0.010999999999999961
112,8,0.013449999999999946,0.007099999999999985
112,16,0.008099999999999979,0.005799999999999993
112,32,0.006749999999999987,0.0054999999999999945
111,1,0.021500000000000102,0.021500000000000102
111,2,0.03225000000000041,0.01795
111,4,0.01614999999999995,0.00944999999999997
111,8,0.010749999999999963,0.006599999999999988
111,16,0.009399999999999971,0.006099999999999991
111,32,0.006049999999999991,0.0054999999999999945
114,1,0.04295000000000072,0.04295000000000072
114,2,0.021500000000000102,0.021500000000000102
114,4,0.021500000000000102,0.010049999999999967
114,8,0.010749999999999963,0.0066499999999999875
114,16,0.006749999999999987,0.005699999999999993
114,32,0.006749999999999987,0.005599999999999994
113,1,0.04295000000000072,0.04295000000000072
113,2,0.03225000000000041,0.021500000000000102
113,4,0.021500000000000102,0.011049999999999961
113,8,0.01614999999999995,0.0071499999999999845
113,16,0.010749999999999963,0.006099999999999991
113,32,0.006749999999999987,0.005549999999999994
115,1,0.04295000000000072,0.04295000000000072
115,2,0.03225000000000041,0.021500000000000102
115,4,0.01614999999999995,0.010199999999999966
115,8,0.010749999999999963,0.006799999999999987
115,16,0.008099999999999979,0.005849999999999992
115,32,0.006749999999999987,0.005549999999999994
117,1,0.04295000000000072,0.04295000000000072
117,2,0.03225000000000041,0.021500000000000102
117,4,0.021500000000000102,0.010699999999999963
117,8,0.013449999999999946,0.007449999999999983
117,16,0.008099999999999979,0.005899999999999992
117,32,0.006049999999999991,0.0054999999999999945
116,1,0.04295000000000072,0.04295000000000072
116,2,0.021500000000000102,0.021500000000000102
116,4,0.021500000000000102,0.010049999999999967
116,8,0.010749999999999963,0.006699999999999987
116,16,0.008099999999999979,0.00624999999999999
116,32,0.007399999999999983,0.005549999999999994
118,1,0.04295000000000072,0.04295000000000072
118,2,0.03225000000000041,0.028650000000000307
118,4,0.021500000000000102,0.010849999999999962
118,8,0.010749999999999963,0.007249999999999984
118,16,0.008099999999999979,0.006499999999999988
118,32,0.006749999999999987,0.005549999999999994
119,1,0.04295000000000072,0.04295000000000072
119,2,0.021500000000000102,0.019100000000000034
119,4,0.01614999999999995,0.009699999999999969
119,8,0.010749999999999963,0.007299999999999984
119,16,0.010749999999999963,0.006449999999999989
119,32,0.007399999999999983,0.005699999999999993
120,1,0.04295000000000072,0.04295000000000072
120,2,0.03225000000000041,0.026900000000000257
120,4,0.021500000000000102,0.009899999999999968
120,8,0.01614999999999995,0.007049999999999985
120,16,0.009399999999999971,0.0059999999999999915
120,32,0.006049999999999991,0.005449999999999995
121,1,0.04295000000000072,0.04295000000000072
121,2,0.03225000000000041,0.026900000000000257
121,4,0.021500000000000102,0.010049999999999967
121,8,0.018800000000000025,0.008299999999999978
121,16,0.012099999999999955,0.006549999999999988
121,32,0.006749999999999987,0.005549999999999994
124,1,0.04295000000000072,0.04295000000000072
124,2,0.021500000000000102,0.021500000000000102
124,4,0.021500000000000102,0.010599999999999964
124,8,0.010749999999999963,0.006999999999999985
124,16,0.008099999999999979,0.005799999999999993
124,32,0.006049999999999991,0.005449999999999995
123,1,0.04295000000000072,0.04295000000000072
123,2,0.021500000000000102,0.01795
123,4,0.021500000000000102,0.009799999999999968
123,8,0.018800000000000025,0.0077999999999999806
123,16,0.009399999999999971,0.005849999999999992
123,32,0.008099999999999979,0.005649999999999994
122,1,0.06445000000000106,0.06445000000000106
122,2,0.03225000000000041,0.021500000000000102
122,4,0.021500000000000102,0.011449999999999958
122,8,0.013449999999999946,0.0071499999999999845
122,16,0.008099999999999979,0.005749999999999993
122,32,0.007399999999999983,0.005649999999999994
126,1,0.021500000000000102,0.021500000000000102
126,2,0.03225000000000041,0.026900000000000257
126,4,0.01614999999999995,0.010699999999999963
126,8,0.010749999999999963,0.007049999999999985
126,16,0.008099999999999979,0.005949999999999992
126,32,0.006049999999999991,0.005449999999999995
125,1,0.04295000000000072,0.04295000000000072
125,2,0.03225000000000041,0.028650000000000307
125,4,0.01614999999999995,0.010049999999999967
125,8,0.013449999999999946,0.007049999999999985
125,16,0.008099999999999979,0.006049999999999991
125,32,0.007399999999999983,0.005599999999999994
127,1,0.04295000000000072,0.04295000000000072
127,2,0.021500000000000102,0.021500000000000102
127,4,0.01614999999999995,0.009049999999999973
127,8,0.010749999999999963,0.006749999999999987
127,16,0.008099999999999979,0.005949999999999992
127,32,0.006049999999999991,0.0054999999999999945
128,1,0.04295000000000072,0.04295000000000072
128,2,0.03225000000000041,0.026900000000000257
128,4,0.021500000000000102,0.01119999999999996
128,8,0.010749999999999963,0.006699999999999987
128,16,0.009399999999999971,0.005949999999999992
128,32,0.008099999999999979,0.005699999999999993
129,1,0.04295000000000072,0.04295000000000072
129,2,0.03225000000000041,0.01795
129,4,0.01614999999999995,0.010699999999999963
129,8,0.010749999999999963,0.006749999999999987
129,16,0.008099999999999979,0.005899999999999992
129,32,0.007399999999999983,0.005549999999999994
130,1,0.04295000000000072,0.04295000000000072
130,2,0.03225000000000041,0.019100000000000034
130,4,0.021500000000000102,0.010399999999999965
130,8,0.013449999999999946,0.006999999999999985
130,16,0.012099999999999955,0.0061499999999999905
130,32,0.007399999999999983,0.005599999999999994
132,1,0.04295000000000072,0.04295000000000072
132,2,0.04295000000000072,0.020800000000000082
132,4,0.026850000000000256,0.010249999999999966
132,8,0.013449999999999946,0.006349999999999989
132,16,0.008099999999999979,0.005849999999999992
132,32,0.006049999999999991,0.005449999999999995
131,1,0.06445000000000106,0.06445000000000106
131,2,0.03225000000000041,0.02420000000000018
131,4,0.021500000000000102,0.011599999999999958
131,8,0.010749999999999963,0.007399999999999983
131,16,0.009399999999999971,0.006449999999999989
131,32,0.008099999999999979,0.005749999999999993
134,1,0.04295000000000072,0.04295000000000072
134,2,0.021500000000000102,0.014349999999999941
134,4,0.01614999999999995,0.009949999999999968
134,8,0.010749999999999963,0.0071499999999999845
134,16,0.008099999999999979,0.005849999999999992
134,32,0.006749999999999987,0.0054999999999999945
133,1,0.04295000000000072,0.04295000000000072
133,2,0.03225000000000041,0.026900000000000257
133,4,0.021500000000000102,0.011849999999999956
133,8,0.01614999999999995,0.008249999999999978
133,16,0.010749999999999963,0.006599999999999988
133,32,0.008749999999999975,0.005949999999999992
135,1,0.04295000000000072,0.04295000000000072
135,2,0.021500000000000102,0.021500000000000102
135,4,0.01614999999999995,0.009399999999999971
135,8,0.010749999999999963,0.0071499999999999845
135,16,0.008099999999999979,0.005899999999999992
135,32,0.006049999999999991,0.005449999999999995
138,1,0.04295000000000072,0.04295000000000072
138,2,0.021500000000000102,0.021500000000000102
138,4,0.021500000000000102,0.010049999999999967
138,8,0.010749999999999963,0.006349999999999989
138,16,0.008099999999999979,0.005749999999999993
138,32,0.006049999999999991,0.005449999999999995
136,1,0.04295000000000072,0.04295000000000072
136,2,0.021500000000000102,0.014349999999999941
136,4,0.01614999999999995,0.010099999999999967
136,8,0.013449999999999946,0.007299999999999984
136,16,0.008099999999999979,0.006099999999999991
136,32,0.006749999999999987,0.0054999999999999945
137,1,0.0858999999999987,0.0858999999999987
137,2,0.04295000000000072,0.026900000000000257
137,4,0.021500000000000102,0.009299999999999971
137,8,0.013449999999999946,0.007099999999999985
137,16,0.009399999999999971,0.0059999999999999915
137,32,0.006749999999999987,0.0054999999999999945
139,1,0.021500000000000102,0.021500000000000102
139,2,0.03225000000000041,0.021500000000000102
139,4,0.021500000000000102,0.011749999999999957
139,8,0.01614999999999995,0.00784999999999998
139,16,0.009399999999999971,0.006049999999999991
139,32,0.007399999999999983,0.005649999999999994
140,1,0.04295000000000072,0.04295000000000072
140,2,0.021500000000000102,0.021500000000000102
140,4,0.01614999999999995,0.009399999999999971
140,8,0.010749999999999963,0.006849999999999986
140,16,0.008099999999999979,0.005749999999999993
140,32,0.006749999999999987,0.0054999999999999945
142,1,0.06445000000000106,0.06445000000000106
142,2,0.03225000000000041,0.021500000000000102
142,4,0.01614999999999995,0.010049999999999967
142,8,0.013449999999999946,0.006699999999999987
142,16,0.008099999999999979,0.005849999999999992
142,32,0.006749999999999987,0.005549999999999994
141,1,0.04295000000000072,0.04295000000000072
141,2,0.04295000000000072,0.021500000000000102
141,4,0.021500000000000102,0.010899999999999962
141,8,0.013449999999999946,0.007399999999999983
141,16,0.008099999999999979,0.006049999999999991
141,32,0.006749999999999987,0.0054999999999999945
144,1,0.04295000000000072,0.04295000000000072
144,2,0.021500000000000102,0.019100000000000034
144,4,0.010749999999999963,0.009249999999999972
144,8,0.010749999999999963,0.006399999999999989
144,16,0.006749999999999987,0.005699999999999993
144,32,0.006049999999999991,0.005449999999999995
143,1,0.04295000000000072,0.04295000000000072
143,2,0.03225000000000041,0.026900000000000257
143,4,0.01614999999999995,0.009699999999999969
143,8,0.010749999999999963,0.007049999999999985
143,16,0.008099999999999979,0.005799999999999993
143,32,0.006749999999999987,0.0054999999999999945
145,1,0.04295000000000072,0.04295000000000072
145,2,0.021500000000000102,0.021500000000000102
145,4,0.01614999999999995,0.008999999999999973
145,8,0.013449999999999946,0.006999999999999985
145,16,0.008099999999999979,0.005849999999999992
145,32,0.006049999999999991,0.005449999999999995
146,1,0.04295000000000072,0.04295000000000072
146,2,0.021500000000000102,0.021500000000000102
146,4,0.021500000000000102,0.009999999999999967
146,8,0.010749999999999963,0.006699999999999987
146,16,0.008099999999999979,0.005749999999999993
146,32,0.006749999999999987,0.0054999999999999945
147,1,0.04295000000000072,0.04295000000000072
147,2,0.021500000000000102,0.014349999999999941
147,4,0.01614999999999995,0.008399999999999977
147,8,0.010749999999999963,0.006449999999999989
147,16,0.008099999999999979,0.005749999999999993
147,32,0.006749999999999987,0.0054999999999999945
148,1,0.04295000000000072,0.04295000000000072
148,2,0.021500000000000102,0.01795
148,4,0.021500000000000102,0.011049999999999961
148,8,0.010749999999999963,0.006999999999999985
148,16,0.008099999999999979,0.005899999999999992
148,32,0.005399999999999995,0.005399999999999995
149,1,0.04295000000000072,0.04295000000000072
149,2,0.021500000000000102,0.021500000000000102
149,4,0.021500000000000102,0.011749999999999957
149,8,0.010749999999999963,0.007549999999999982
149,16,0.009399999999999971,0.0061499999999999905
149,32,0.006749999999999987,0.005549999999999994
150,1,0.04295000000000072,0.04295000000000072
150,2,0.03225000000000041,0.021500000000000102
150,4,0.01614999999999995,0.00964999999999997
150,8,0.013449999999999946,0.0071499999999999845
150,16,0.008099999999999979,0.005849999999999992
150,32,0.006049999999999991,0.005449999999999995
151,1,0.04295000000000072,0.04295000000000072
151,2,0.021500000000000102,0.014349999999999941
151,4,0.01614999999999995,0.00944999999999997
151,8,0.010749999999999963,0.006949999999999986
151,16,0.008099999999999979,0.005799999999999993
151,32,0.006749999999999987,0.005549999999999994
152,1,0.04295000000000072,0.04295000000000072
152,2,0.03225000000000041,0.01614999999999995
152,4,0.01614999999999995,0.010749999999999963
152,8,0.010749999999999963,0.007199999999999984
152,16,0.008099999999999979,0.006049999999999991
152,32,0.005399999999999995,0.005399999999999995
153,1,0.04295000000000072,0.04295000000000072
153,2,0.021500000000000102,0.01795
153,4,0.01614999999999995,0.009199999999999972
153,8,0.010749999999999963,0.0061499999999999905
153,16,0.009399999999999971,0.005849999999999992
153,32,0.006049999999999991,0.005449999999999995
156,1,0.04295000000000072,0.04295000000000072
156,2,0.03225000000000041,0.01795
156,4,0.021500000000000102,0.012399999999999953
156,8,0.013449999999999946,0.007449999999999983
156,16,0.008099999999999979,0.005949999999999992
156,32,0.006049999999999991,0.005449999999999995
154,1,0.04295000000000072,0.04295000000000072
154,2,0.021500000000000102,0.01795
154,4,0.01614999999999995,0.010699999999999963
154,8,0.010749999999999963,0.007249999999999984
154,16,0.008099999999999979,0.005899999999999992
154,32,0.006749999999999987,0.0054999999999999945
155,1,0.06445000000000106,0.06445000000000106
155,2,0.04295000000000072,0.019100000000000034
155,4,0.021500000000000102,0.010749999999999963
155,8,0.013449999999999946,0.0071499999999999845
155,16,0.010749999999999963,0.00629999999999999
155,32,0.007399999999999983,0.005699999999999993
157,1,0.04295000000000072,0.04295000000000072
157,2,0.03225000000000041,0.01795
157,4,0.021500000000000102,0.01109999999999996
157,8,0.013449999999999946,0.00794999999999998
157,16,0.008099999999999979,0.005899999999999992
157,32,0.006749999999999987,0.0054999999999999945
158,1,0.04295000000000072,0.04295000000000072
158,2,0.021500000000000102,0.021500000000000102
158,4,0.01614999999999995,0.009399999999999971
158,8,0.010749999999999963,0.007199999999999984
158,16,0.009399999999999971,0.0059999999999999915
158,32,0.005399999999999995,0.005399999999999995
159,1,0.04295000000000072,0.04295000000000072
159,2,0.021500000000000102,0.019100000000000034
159,4,0.01614999999999995,0.010749999999999963
159,8,0.013449999999999946,0.006749999999999987
159,16,0.010749999999999963,0.005899999999999992
159,32,0.006749999999999987,0.005549999999999994
160,1,0.04295000000000072,0.04295000000000072
160,2,0.021500000000000102,0.019100000000000034
160,4,0.01614999999999995,0.010299999999999965
160,8,0.010749999999999963,0.006599999999999988
160,16,0.009399999999999971,0.005899999999999992
160,32,0.006049999999999991,0.0054999999999999945
162,1,0.04295000000000072,0.04295000000000072
162,2,0.021500000000000102,0.021500000000000102
162,4,0.01614999999999995,0.008649999999999975
162,8,0.008099999999999979,0.006099999999999991
162,16,0.009399999999999971,0.005899999999999992
162,32,0.006049999999999991,0.005449999999999995
161,1,0.06445000000000106,0.06445000000000106
161,2,0.03225000000000041,0.019750000000000052
161,4,0.021500000000000102,0.00949999999999997
161,8,0.013449999999999946,0.007099999999999985
161,16,0.010749999999999963,0.00619999999999999
161,32,0.006749999999999987,0.005549999999999994
163,1,0.04295000000000072,0.04295000000000072
163,2,0.03225000000000041,0.021500000000000102
163,4,0.01614999999999995,0.010849999999999962
163,8,0.010749999999999963,0.006799999999999987
163,16,0.008099999999999979,0.005849999999999992
163,32,0.006749999999999987,0.0054999999999999945
164,1,0.04295000000000072,0.04295000000000072
164,2,0.021500000000000102,0.01795
164,4,0.01614999999999995,0.009149999999999972
164,8,0.010749999999999963,0.006899999999999986
164,16,0.008099999999999979,0.005949999999999992
164,32,0.006749999999999987,0.0054999999999999945
166,1,0.04295000000000072,0.04295000000000072
166,2,0.03225000000000041,0.026900000000000257
166,4,0.01614999999999995,0.010249999999999966
166,8,0.013449999999999946,0.006799999999999987
166,16,0.008099999999999979,0.005849999999999992
166,32,0.006049999999999991,0.005449999999999995
165,1,0.04295000000000072,0.04295000000000072
165,2,0.021500000000000102,0.019100000000000034
165,4,0.021500000000000102,0.009949999999999968
165,8,0.013449999999999946,0.007099999999999985
165,16,0.008099999999999979,0.005749999999999993
165,32,0.006749999999999987,0.005549999999999994
167,1,0.04295000000000072,0.04295000000000072
167,2,0.03225000000000041,0.021500000000000102
167,4,0.01614999999999995,0.009949999999999968
167,8,0.010749999999999963,0.006899999999999986
167,16,0.009399999999999971,0.005749999999999993
167,32,0.005399999999999995,0.005399999999999995
168,1,0.04295000000000072,0.04295000000000072
168,2,0.021500000000000102,0.021500000000000102
168,4,0.01614999999999995,0.010449999999999965
168,8,0.010749999999999963,0.007299999999999984
168,16,0.008099999999999979,0.0059999999999999915
168,32,0.006749999999999987,0.005599999999999994
169,1,0.04295000000000072,0.04295000000000072
169,2,0.03225000000000041,0.021500000000000102
169,4,0.021500000000000102,0.009999999999999967
169,8,0.013449999999999946,0.007549999999999982
169,16,0.009399999999999971,0.006049999999999991
169,32,0.010099999999999967,0.005799999999999993
170,1,0.06445000000000106,0.06445000000000106
170,2,0.04295000000000072,0.03580000000000051
170,4,0.021500000000000102,0.012699999999999951
170,8,0.01614999999999995,0.0077999999999999806
170,16,0.009399999999999971,0.0061499999999999905
170,32,0.007399999999999983,0.005649999999999994
173,1,0.04295000000000072,0.04295000000000072
173,2,0.03225000000000041,0.021500000000000102
173,4,0.01614999999999995,0.010049999999999967
173,8,0.010749999999999963,0.006999999999999985
173,16,0.009399999999999971,0.0059999999999999915
173,32,0.006049999999999991,0.005449999999999995
171,1,0.06445000000000106,0.06445000000000106
171,2,0.03225000000000041,0.021500000000000102
171,4,0.021500000000000102,0.008849999999999974
171,8,0.010749999999999963,0.006999999999999985
171,16,0.008099999999999979,0.005749999999999993
171,32,0.006749999999999987,0.0054999999999999945
172,1,0.04295000000000072,0.04295000000000072
172,2,0.021500000000000102,0.019100000000000034
172,4,0.01614999999999995,0.010049999999999967
172,8,0.010749999999999963,0.006949999999999986
172,16,0.006749999999999987,0.005849999999999992
172,32,0.006749999999999987,0.0054999999999999945
174,1,0.04295000000000072,0.04295000000000072
174,2,0.03225000000000041,0.02420000000000018
174,4,0.01614999999999995,0.010299999999999965
174,8,0.008099999999999979,0.006799999999999987
174,16,0.008099999999999979,0.005699999999999993
174,32,0.006749999999999987,0.005549999999999994
175,1,0.04295000000000072,0.04295000000000072
175,2,0.03225000000000041,0.025100000000000205
175,4,0.01614999999999995,0.00964999999999997
175,8,0.01614999999999995,0.006999999999999985
175,16,0.009399999999999971,0.005799999999999993
175,32,0.006049999999999991,0.005449999999999995
176,1,0.04295000000000072,0.04295000000000072
176,2,0.03225000000000041,0.021500000000000102
176,4,0.021500000000000102,0.011749999999999957
176,8,0.013449999999999946,0.0076499999999999815
176,16,0.009399999999999971,0.005849999999999992
176,32,0.006749999999999987,0.005549999999999994
177,1,0.04295000000000072,0.04295000000000072
177,2,0.021500000000000102,0.019100000000000034
177,4,0.01614999999999995,0.009949999999999968
177,8,0.013449999999999946,0.007249999999999984
177,16,0.008099999999999979,0.005899999999999992
177,32,0.006749999999999987,0.0054999999999999945
178,1,0.04295000000000072,0.04295000000000072
178,2,0.03225000000000041,0.026900000000000257
178,4,0.021500000000000102,0.01114999999999996
178,8,0.013449999999999946,0.006949999999999986
178,16,0.009399999999999971,0.005749999999999993
178,32,0.007399999999999983,0.005549999999999994
179,1,0.04295000000000072,0.04295000000000072
179,2,0.021500000000000102,0.019100000000000034
179,4,0.021500000000000102,0.013849999999999944
179,8,0.013449999999999946,0.0071499999999999845
179,16,0.008099999999999979,0.005799999999999993
179,32,0.006049999999999991,0.005449999999999995
182,1,0.06445000000000106,0.06445000000000106
182,2,0.03225000000000041,0.02420000000000018
182,4,0.01614999999999995,0.010049999999999967
182,8,0.010749999999999963,0.007199999999999984
182,16,0.009399999999999971,0.006099999999999991
182,32,0.006749999999999987,0.005549999999999994
183,1,0.04295000000000072,0.04295000000000072
183,2,0.021500000000000102,0.021500000000000102
183,4,0.01614999999999995,0.008399999999999977
183,8,0.010749999999999963,0.006599999999999988
183,16,0.010749999999999963,0.005949999999999992
183,32,0.006749999999999987,0.005449999999999995
181,1,0.04295000000000072,0.04295000000000072
181,2,0.03225000000000041,0.021500000000000102
181,4,0.021500000000000102,0.010299999999999965
181,8,0.013449999999999946,0.007199999999999984
181,16,0.009399999999999971,0.006099999999999991
181,32,0.007399999999999983,0.005649999999999994
180,1,0.04295000000000072,0.04295000000000072
180,2,0.021500000000000102,0.021500000000000102
180,4,0.01614999999999995,0.00959999999999997
180,8,0.013449999999999946,0.007399999999999983
180,16,0.009399999999999971,0.00619999999999999
180,32,0.006749999999999987,0.005549999999999994
184,1,0.04295000000000072,0.04295000000000072
184,2,0.03225000000000041,0.026900000000000257
184,4,0.01614999999999995,0.009199999999999972
184,8,0.013449999999999946,0.007049999999999985
184,16,0.008099999999999979,0.005749999999999993
184,32,0.007399999999999983,0.005599999999999994
185,1,0.04295000000000072,0.04295000000000072
185,2,0.021500000000000102,0.019100000000000034
185,4,0.021500000000000102,0.009899999999999968
185,8,0.013449999999999946,0.006999999999999985
185,16,0.009399999999999971,0.005849999999999992
185,32,0.006049999999999991,0.005449999999999995
186,1,0.04295000000000072,0.04295000000000072
186,2,0.021500000000000102,0.01795
186,4,0.01614999999999995,0.009099999999999973
186,8,0.010749999999999963,0.006549999999999988
186,16,0.008099999999999979,0.005799999999999993
186,32,0.005399999999999995,0.005399999999999995
187,1,0.04295000000000072,0.04295000000000072
187,2,0.03225000000000041,0.021500000000000102
187,4,0.01614999999999995,0.009249999999999972
187,8,0.010749999999999963,0.006849999999999986
187,16,0.008099999999999979,0.005749999999999993
187,32,0.006049999999999991,0.005449999999999995
188,1,0.04295000000000072,0.04295000000000072
188,2,0.021500000000000102,0.01795
188,4,0.021500000000000102,0.00964999999999997
188,8,0.010749999999999963,0.0066499999999999875
188,16,0.008099999999999979,0.005749999999999993
188,32,0.006749999999999987,0.0054999999999999945
189,1,0.04295000000000072,0.04295000000000072
189,2,0.021500000000000102,0.021500000000000102
189,4,0.01614999999999995,0.009799999999999968
189,8,0.01614999999999995,0.007549999999999982
189,16,0.009399999999999971,0.005849999999999992
189,32,0.006749999999999987,0.005549999999999994
190,1,0.04295000000000072,0.04295000000000072
190,2,0.03225000000000041,0.019100000000000034
190,4,0.021500000000000102,0.010049999999999967
190,8,0.010749999999999963,0.006849999999999986
190,16,0.008099999999999979,0.005799999999999993
190,32,0.006049999999999991,0.0054999999999999945
193,1,0.021500000000000102,0.021500000000000102
193,2,0.021500000000000102,0.014349999999999941
193,4,0.01614999999999995,0.008699999999999975
193,8,0.010749999999999963,0.007099999999999985
193,16,0.008099999999999979,0.0059999999999999915
193,32,0.005399999999999995,0.005399999999999995
192,1,0.04295000000000072,0.04295000000000072
192,2,0.03225000000000041,0.01795
192,4,0.01614999999999995,0.010099999999999967
192,8,0.013449999999999946,0.007249999999999984
192,16,0.008099999999999979,0.005849999999999992
192,32,0.007399999999999983,0.005549999999999994
191,1,0.04295000000000072,0.04295000000000072
191,2,0.021500000000000102,0.021500000000000102
191,4,0.01614999999999995,0.010699999999999963
191,8,0.010749999999999963,0.0071499999999999845
191,16,0.006749999999999987,0.005599999999999994
191,32,0.005399999999999995,0.005399999999999995
194,1,0.04295000000000072,0.04295000000000072
194,2,0.021500000000000102,0.021500000000000102
194,4,0.021500000000000102,0.010499999999999964
194,8,0.01614999999999995,0.006799999999999987
194,16,0.010749999999999963,0.005949999999999992
194,32,0.006749999999999987,0.005549999999999994
195,1,0.04295000000000072,0.04295000000000072
195,2,0.021500000000000102,0.021500000000000102
195,4,0.01614999999999995,0.009949999999999968
195,8,0.010749999999999963,0.006699999999999987
195,16,0.008099999999999979,0.005749999999999993
195,32,0.005399999999999995,0.005399999999999995
196,1,0.04295000000000072,0.04295000000000072
196,2,0.03225000000000041,0.028650000000000307
196,4,0.01614999999999995,0.009349999999999971
196,8,0.013449999999999946,0.007199999999999984
196,16,0.012099999999999955,0.006099999999999991
196,32,0.007399999999999983,0.005599999999999994
197,1,0.06445000000000106,0.06445000000000106
197,2,0.03225000000000041,0.026900000000000257
197,4,0.021500000000000102,0.010249999999999966
197,8,0.010749999999999963,0.006699999999999987
197,16,0.008099999999999979,0.005849999999999992
197,32,0.006749999999999987,0.0054999999999999945
198,1,0.04295000000000072,0.04295000000000072
198,2,0.021500000000000102,0.01795
198,4,0.01614999999999995,0.010199999999999966
198,8,0.010749999999999963,0.007299999999999984
198,16,0.009399999999999971,0.005899999999999992
198,32,0.005399999999999995,0.005399999999999995
199,1,0.04295000000000072,0.04295000000000072
199,2,0.021500000000000102,0.021500000000000102
199,4,0.021500000000000102,0.013049999999999949
199,8,0.013449999999999946,0.007599999999999982
199,16,0.006749999999999987,0.005799999999999993
199,32,0.006749999999999987,0.005549999999999994
202,1,0.04295000000000072,0.04295000000000072
202,2,0.03225000000000041,0.026900000000000257
202,4,0.021500000000000102,0.008849999999999974
202,8,0.013449999999999946,0.006749999999999987
202,16,0.008099999999999979,0.005749999999999993
202,32,0.006049999999999991,0.005449999999999995
200,1,0.04295000000000072,0.04295000000000072
200,2,0.03225000000000041,0.026900000000000257
200,4,0.021500000000000102,0.009149999999999972
200,8,0.013449999999999946,0.007099999999999985
200,16,0.009399999999999971,0.006049999999999991
200,32,0.008099999999999979,0.005699999999999993
203,1,0.04295000000000072,0.04295000000000072
203,2,0.021500000000000102,0.014349999999999941
203,4,0.01614999999999995,0.009699999999999969
203,8,0.010749999999999963,0.006949999999999986
203,16,0.008099999999999979,0.005749999999999993
203,32,0.006049999999999991,0.005449999999999995
201,1,0.04295000000000072,0.04295000000000072
201,2,0.03225000000000041,0.019750000000000052
201,4,0.01614999999999995,0.010249999999999966
201,8,0.01614999999999995,0.008199999999999978
201,16,0.009399999999999971,0.00619999999999999
201,32,0.007399999999999983,0.005549999999999994
204,1,0.04295000000000072,0.04295000000000072
204,2,0.03225000000000041,0.028650000000000307
204,4,0.01614999999999995,0.010599999999999964
204,8,0.01614999999999995,0.00799999999999998
204,16,0.010749999999999963,0.0059999999999999915
204,32,0.007399999999999983,0.005599999999999994
206,1,0.04295000000000072,0.04295000000000072
206,2,0.021500000000000102,0.021500000000000102
206,4,0.01614999999999995,0.010649999999999963
206,8,0.010749999999999963,0.007199999999999984
206,16,0.008099999999999979,0.006049999999999991
206,32,0.006049999999999991,0.005449999999999995
205,1,0.04295000000000072,0.04295000000000072
205,2,0.021500000000000102,0.021500000000000102
205,4,0.01614999999999995,0.009749999999999969
205,8,0.013449999999999946,0.006799999999999987
205,16,0.009399999999999971,0.005849999999999992
205,32,0.006049999999999991,0.005449999999999995
207,1,0.04295000000000072,0.04295000000000072
207,2,0.021500000000000102,0.021500000000000102
207,4,0.01614999999999995,0.010149999999999966
207,8,0.013449999999999946,0.007249999999999984
207,16,0.008099999999999979,0.005699999999999993
207,32,0.005399999999999995,0.005399999999999995
208,1,0.04295000000000072,0.04295000000000072
208,2,0.03225000000000041,0.021500000000000102
208,4,0.01614999999999995,0.009949999999999968
208,8,0.010749999999999963,0.0071499999999999845
208,16,0.009399999999999971,0.005949999999999992
208,32,0.006749999999999987,0.0054999999999999945
209,1,0.04295000000000072,0.04295000000000072
209,2,0.03225000000000041,0.019750000000000052
209,4,0.01614999999999995,0.009099999999999973
209,8,0.010749999999999963,0.006899999999999986
209,16,0.008099999999999979,0.005899999999999992
209,32,0.007399999999999983,0.005599999999999994
210,1,0.06445000000000106,0.06445000000000106
210,2,0.03225000000000041,0.020900000000000085
210,4,0.01614999999999995,0.010149999999999966
210,8,0.013449999999999946,0.006899999999999986
210,16,0.008099999999999979,0.005849999999999992
210,32,0.007399999999999983,0.005599999999999994
214,1,0.04295000000000072,0.04295000000000072
214,2,0.021500000000000102,0.01795
214,4,0.010749999999999963,0.008399999999999977
214,8,0.008099999999999979,0.006349999999999989
214,16,0.006749999999999987,0.005699999999999993
214,32,0.006049999999999991,0.005449999999999995
211,1,0.04295000000000072,0.04295000000000072
211,2,0.03225000000000041,0.021500000000000102
211,4,0.021500000000000102,0.011949999999999955
211,8,0.01614999999999995,0.007399999999999983
211,16,0.010749999999999963,0.00624999999999999
211,32,0.006749999999999987,0.005549999999999994
212,1,0.04295000000000072,0.04295000000000072
212,2,0.03225000000000041,0.01795
212,4,0.021500000000000102,0.00944999999999997
212,8,0.010749999999999963,0.006899999999999986
212,16,0.008099999999999979,0.005849999999999992
212,32,0.006749999999999987,0.005549999999999994
213,1,0.04295000000000072,0.04295000000000072
213,2,0.021500000000000102,0.01795
213,4,0.01614999999999995,0.010349999999999965
213,8,0.010749999999999963,0.007049999999999985
213,16,0.008099999999999979,0.005899999999999992
213,32,0.006049999999999991,0.005449999999999995
215,1,0.06445000000000106,0.06445000000000106
215,2,0.03225000000000041,0.020200000000000065
215,4,0.01614999999999995,0.010499999999999964
215,8,0.01614999999999995,0.007349999999999983
215,16,0.012099999999999955,0.00619999999999999
215,32,0.007399999999999983,0.005599999999999994
216,1,0.04295000000000072,0.04295000000000072
216,2,0.03225000000000041,0.021500000000000102
216,4,0.021500000000000102,0.011449999999999958
216,8,0.013449999999999946,0.006899999999999986
216,16,0.008099999999999979,0.005799999999999993
216,32,0.006749999999999987,0.0054999999999999945
217,1,0.04295000000000072,0.04295000000000072
217,2,0.021500000000000102,0.01795
217,4,0.01614999999999995,0.008799999999999975
217,8,0.013449999999999946,0.006699999999999987
217,16,0.008099999999999979,0.005749999999999993
217,32,0.006049999999999991,0.005449999999999995
218,1,0.04295000000000072,0.04295000000000072
218,2,0.021500000000000102,0.021500000000000102
218,4,0.01614999999999995,0.010449999999999965
218,8,0.010749999999999963,0.006949999999999986
218,16,0.006749999999999987,0.005599999999999994
218,32,0.007399999999999983,0.005599999999999994
219,1,0.04295000000000072,0.04295000000000072
219,2,0.021500000000000102,0.021500000000000102
219,4,0.01614999999999995,0.00964999999999997
219,8,0.010749999999999963,0.0066499999999999875
219,16,0.008099999999999979,0.005699999999999993
219,32,0.006049999999999991,0.005449999999999995
220,1,0.04295000000000072,0.04295000000000072
220,2,0.03225000000000041,0.026900000000000257
220,4,0.021500000000000102,0.011949999999999955
220,8,0.010749999999999963,0.007499999999999982
220,16,0.008099999999999979,0.005799999999999993
220,32,0.007399999999999983,0.005599999999999994
221,1,0.04295000000000072,0.04295000000000072
221,2,0.03225000000000041,0.021500000000000102
221,4,0.01614999999999995,0.010349999999999965
221,8,0.010749999999999963,0.006849999999999986
221,16,0.009399999999999971,0.0059999999999999915
221,32,0.006049999999999991,0.005449999999999995
224,1,0.04295000000000072,0.04295000000000072
224,2,0.03225000000000041,0.021500000000000102
224,4,0.021500000000000102,0.008949999999999974
224,8,0.013449999999999946,0.007549999999999982
224,16,0.009399999999999971,0.00629999999999999
224,32,0.008099999999999979,0.005699999999999993
222,1,0.04295000000000072,0.04295000000000072
222,2,0.021500000000000102,0.021500000000000102
222,4,0.021500000000000102,0.01109999999999996
222,8,0.013449999999999946,0.007399999999999983
222,16,0.009399999999999971,0.006099999999999991
222,32,0.006749999999999987,0.005549999999999994
225,1,0.021500000000000102,0.021500000000000102
225,2,0.03225000000000041,0.019750000000000052
225,4,0.01614999999999995,0.010749999999999963
225,8,0.013449999999999946,0.007199999999999984
225,16,0.009399999999999971,0.006099999999999991
225,32,0.006049999999999991,0.005449999999999995
223,1,0.04295000000000072,0.04295000000000072
223,2,0.021500000000000102,0.021500000000000102
223,4,0.01614999999999995,0.010699999999999963
223,8,0.010749999999999963,0.007199999999999984
223,16,0.010749999999999963,0.0061499999999999905
223,32,0.007399999999999983,0.005699999999999993
226,1,0.04295000000000072,0.04295000000000072
226,2,0.021500000000000102,0.019100000000000034
226,4,0.021500000000000102,0.00944999999999997
226,8,0.013449999999999946,0.007099999999999985
226,16,0.009399999999999971,0.005699999999999993
226,32,0.006749999999999987,0.005449999999999995
227,1,0.04295000000000072,0.04295000000000072
227,2,0.021500000000000102,0.014349999999999941
227,4,0.021500000000000102,0.009699999999999969
227,8,0.01614999999999995,0.00784999999999998
227,16,0.008099999999999979,0.005849999999999992
227,32,0.005399999999999995,0.005399999999999995
228,1,0.0858999999999987,0.0858999999999987
228,2,0.04295000000000072,0.029250000000000324
228,4,0.021500000000000102,0.009399999999999971
228,8,0.010749999999999963,0.007199999999999984
228,16,0.008099999999999979,0.005899999999999992
228,32,0.005399999999999995,0.005399999999999995
229,1,0.04295000000000072,0.04295000000000072
229,2,0.021500000000000102,0.021500000000000102
229,4,0.01614999999999995,0.00944999999999997
229,8,0.013449999999999946,0.006949999999999986
229,16,0.008099999999999979,0.005799999999999993
229,32,0.007399999999999983,0.0054999999999999945
230,1,0.04295000000000072,0.04295000000000072
230,2,0.021500000000000102,0.021500000000000102
230,4,0.01614999999999995,0.009049999999999973
230,8,0.013449999999999946,0.007349999999999983
230,16,0.008099999999999979,0.005749999999999993
230,32,0.006749999999999987,0.005449999999999995
231,1,0.04295000000000072,0.04295000000000072
231,2,0.021500000000000102,0.01795
231,4,0.01614999999999995,0.012049999999999955
231,8,0.010749999999999963,0.006749999999999987
231,16,0.009399999999999971,0.006099999999999991
231,32,0.006749999999999987,0.005549999999999994
232,1,0.04295000000000072,0.04295000000000072
232,2,0.021500000000000102,0.021500000000000102
232,4,0.01614999999999995,0.010549999999999964
232,8,0.010749999999999963,0.007249999999999984
232,16,0.008099999999999979,0.005849999999999992
232,32,0.006749999999999987,0.0054999999999999945
233,1,0.04295000000000072,0.04295000000000072
233,2,0.03225000000000041,0.021500000000000102
233,4,0.021500000000000102,0.01114999999999996
233,8,0.01614999999999995,0.007699999999999981
233,16,0.010749999999999963,0.0061499999999999905
233,32,0.008099999999999979,0.005699999999999993
234,1,0.04295000000000072,0.04295000000000072
234,2,0.021500000000000102,0.021500000000000102
234,4,0.01614999999999995,0.010399999999999965
234,8,0.010749999999999963,0.006949999999999986
234,16,0.010749999999999963,0.005949999999999992
234,32,0.008099999999999979,0.005549999999999994
235,1,0.04295000000000072,0.04295000000000072
235,2,0.03225000000000041,0.029250000000000324
235,4,0.01614999999999995,0.012249999999999954
235,8,0.010749999999999963,0.006499999999999988
235,16,0.008099999999999979,0.005749999999999993
235,32,0.006049999999999991,0.005449999999999995
236,1,0.04295000000000072,0.04295000000000072
236,2,0.021500000000000102,0.021500000000000102
236,4,0.01614999999999995,0.010499999999999964
236,8,0.010749999999999963,0.007449999999999983
236,16,0.008099999999999979,0.005799999999999993
236,32,0.006049999999999991,0.005449999999999995
237,1,0.04295000000000072,0.04295000000000072
237,2,0.021500000000000102,0.021500000000000102
237,4,0.021500000000000102,0.010249999999999966
237,8,0.013449999999999946,0.007099999999999985
237,16,0.009399999999999971,0.005849999999999992
237,32,0.006749999999999987,0.0054999999999999945
238,1,0.04295000000000072,0.04295000000000072
238,2,0.03225000000000041,0.026900000000000257
238,4,0.01614999999999995,0.010649999999999963
238,8,0.013449999999999946,0.006899999999999986
238,16,0.008099999999999979,0.005799999999999993
238,32,0.006749999999999987,0.005549999999999994
239,1,0.04295000000000072,0.04295000000000072
239,2,0.03225000000000041,0.026900000000000257
239,4,0.01614999999999995,0.010849999999999962
239,8,0.010749999999999963,0.006499999999999988
239,16,0.006749999999999987,0.005699999999999993
239,32,0.006049999999999991,0.0054999999999999945
240,1,0.04295000000000072,0.04295000000000072
240,2,0.021500000000000102,0.021500000000000102
240,4,0.021500000000000102,0.013399999999999947
240,8,0.013449999999999946,0.0071499999999999845
240,16,0.009399999999999971,0.005849999999999992
240,32,0.006049999999999991,0.005449999999999995
241,1,0.04295000000000072,0.04295000000000072
241,2,0.021500000000000102,0.021500000000000102
241,4,0.021500000000000102,0.01114999999999996
241,8,0.010749999999999963,0.006599999999999988
241,16,0.009399999999999971,0.00624999999999999
241,32,0.005399999999999995,0.005399999999999995
242,1,0.021500000000000102,0.021500000000000102
242,2,0.03225000000000041,0.021500000000000102
242,4,0.01614999999999995,0.008949999999999974
242,8,0.010749999999999963,0.006449999999999989
242,16,0.009399999999999971,0.005849999999999992
242,32,0.006049999999999991,0.005449999999999995
244,1,0.04295000000000072,0.04295000000000072
244,2,0.03225000000000041,0.021500000000000102
244,4,0.01614999999999995,0.010849999999999962
244,8,0.010749999999999963,0.0066499999999999875
244,16,0.008099999999999979,0.005799999999999993
244,32,0.006749999999999987,0.005549999999999994
245,1,0.04295000000000072,0.04295000000000072
245,2,0.03225000000000041,0.021500000000000102
245,4,0.021500000000000102,0.00944999999999997
245,8,0.010749999999999963,0.0066499999999999875
245,16,0.009399999999999971,0.005749999999999993
245,32,0.007399999999999983,0.0054999999999999945
246,1,0.04295000000000072,0.04295000000000072
246,2,0.03225000000000041,0.026900000000000257
246,4,0.01614999999999995,0.010399999999999965
246,8,0.010749999999999963,0.006449999999999989
246,16,0.008099999999999979,0.006049999999999991
246,32,0.006049999999999991,0.005449999999999995
243,1,0.04295000000000072,0.04295000000000072
243,2,0.03225000000000041,0.019750000000000052
243,4,0.021500000000000102,0.010049999999999967
243,8,0.010749999999999963,0.007099999999999985
243,16,0.009399999999999971,0.005949999999999992
243,32,0.006049999999999991,0.005449999999999995
247,1,0.04295000000000072,0.04295000000000072
247,2,0.03225000000000041,0.021500000000000102
247,4,0.021500000000000102,0.011499999999999958
247,8,0.010749999999999963,0.007599999999999982
247,16,0.008099999999999979,0.005799999999999993
247,32,0.007399999999999983,0.005599999999999994
248,1,0.04295000000000072,0.04295000000000072
248,2,0.021500000000000102,0.021500000000000102
248,4,0.01614999999999995,0.008449999999999977
248,8,0.013449999999999946,0.006549999999999988
248,16,0.009399999999999971,0.0059999999999999915
248,32,0.006049999999999991,0.0054999999999999945
249,1,0.04295000000000072,0.04295000000000072
249,2,0.021500000000000102,0.021500000000000102
249,4,0.01614999999999995,0.009799999999999968
249,8,0.010749999999999963,0.006599999999999988
249,16,0.008099999999999979,0.005749999999999993
249,32,0.006049999999999991,0.005449999999999995
251,1,0.04295000000000072,0.04295000000000072
251,2,0.03225000000000041,0.01795
251,4,0.01614999999999995,0.010199999999999966
251,8,0.010749999999999963,0.007049999999999985
251,16,0.010749999999999963,0.006099999999999991
251,32,0.006049999999999991,0.0054999999999999945
250,1,0.04295000000000072,0.04295000000000072
250,2,0.021500000000000102,0.021500000000000102
250,4,0.01614999999999995,0.009299999999999971
250,8,0.010749999999999963,0.006699999999999987
250,16,0.009399999999999971,0.005749999999999993
250,32,0.005399999999999995,0.005399999999999995
252,1,0.04295000000000072,0.04295000000000072
252,2,0.021500000000000102,0.021500000000000102
252,4,0.021500000000000102,0.009799999999999968
252,8,0.010749999999999963,0.0071499999999999845
252,16,0.009399999999999971,0.006499999999999988
252,32,0.008099999999999979,0.005649999999999994
255,1,0.04295000000000072,0.04295000000000072
255,2,0.03225000000000041,0.026900000000000257
255,4,0.021500000000000102,0.012399999999999953
255,8,0.013449999999999946,0.007049999999999985
255,16,0.009399999999999971,0.00624999999999999
255,32,0.007399999999999983,0.005649999999999994
253,1,0.04295000000000072,0.04295000000000072
253,2,0.03225000000000041,0.021500000000000102
253,4,0.01614999999999995,0.010299999999999965
253,8,0.013449999999999946,0.007699999999999981
253,16,0.012099999999999955,0.00619999999999999
253,32,0.010099999999999967,0.006049999999999991
254,1,0.04295000000000072,0.04295000000000072
254,2,0.021500000000000102,0.021500000000000102
254,4,0.01614999999999995,0.00964999999999997
254,8,0.010749999999999963,0.006699999999999987
254,16,0.009399999999999971,0.005849999999999992
254,32,0.006749999999999987,0.005599999999999994
257,1,0.04295000000000072,0.04295000000000072
257,2,0.021500000000000102,0.021500000000000102
257,4,0.01614999999999995,0.009399999999999971
257,8,0.010749999999999963,0.007499999999999982
257,16,0.009399999999999971,0.0061499999999999905
257,32,0.006049999999999991,0.005449999999999995
256,1,0.04295000000000072,0.04295000000000072
256,2,0.021500000000000102,0.021500000000000102
256,4,0.01614999999999995,0.011849999999999956
256,8,0.01614999999999995,0.006699999999999987
256,16,0.009399999999999971,0.005849999999999992
256,32,0.006049999999999991,0.005449999999999995
258,1,0.04295000000000072,0.04295000000000072
258,2,0.03225000000000041,0.029250000000000324
258,4,0.01614999999999995,0.010349999999999965
258,8,0.010749999999999963,0.006749999999999987
258,16,0.009399999999999971,0.005949999999999992
258,32,0.006749999999999987,0.005549999999999994
259,1,0.04295000000000072,0.04295000000000072
259,2,0.03225000000000041,0.028650000000000307
259,4,0.01614999999999995,0.00959999999999997
259,8,0.013449999999999946,0.007199999999999984
259,16,0.008099999999999979,0.0061499999999999905
259,32,0.007399999999999983,0.005649999999999994
260,1,0.04295000000000072,0.04295000000000072
260,2,0.03225000000000041,0.019750000000000052
260,4,0.021500000000000102,0.010149999999999966
260,8,0.013449999999999946,0.007049999999999985
260,16,0.009399999999999971,0.0059999999999999915
260,32,0.006749999999999987,0.005549999999999994
262,1,0.04295000000000072,0.04295000000000072
262,2,0.021500000000000102,0.019100000000000034
262,4,0.01614999999999995,0.010449999999999965
262,8,0.010749999999999963,0.007699999999999981
262,16,0.008099999999999979,0.005799999999999993
262,32,0.006049999999999991,0.005449999999999995
261,1,0.04295000000000072,0.04295000000000072
261,2,0.021500000000000102,0.021500000000000102
261,4,0.01614999999999995,0.009399999999999971
261,8,0.013449999999999946,0.006849999999999986
261,16,0.009399999999999971,0.006049999999999991
261,32,0.008099999999999979,0.005699999999999993
263,1,0.04295000000000072,0.04295000000000072
263,2,0.03225000000000041,0.021500000000000102
263,4,0.01614999999999995,0.009999999999999967
263,8,0.013449999999999946,0.006699999999999987
263,16,0.006749999999999987,0.005749999999999993
263,32,0.007399999999999983,0.005549999999999994
264,1,0.06445000000000106,0.06445000000000106
264,2,0.03225000000000041,0.02420000000000018
264,4,0.01614999999999995,0.012349999999999953
264,8,0.010749999999999963,0.0066499999999999875
264,16,0.008099999999999979,0.005899999999999992
264,32,0.006049999999999991,0.005449999999999995
267,1,0.04295000000000072,0.04295000000000072
267,2,0.03225000000000041,0.026900000000000257
267,4,0.01614999999999995,0.011749999999999957
267,8,0.013449999999999946,0.007099999999999985
267,16,0.008099999999999979,0.005749999999999993
267,32,0.006049999999999991,0.005449999999999995
266,1,0.04295000000000072,0.04295000000000072
266,2,0.021500000000000102,0.021500000000000102
266,4,0.01614999999999995,0.00949999999999997
266,8,0.010749999999999963,0.006749999999999987
266,16,0.006749999999999987,0.005599999999999994
266,32,0.005399999999999995,0.005399999999999995
265,1,0.04295000000000072,0.04295000000000072
265,2,0.03225000000000041,0.019750000000000052
265,4,0.01614999999999995,0.010699999999999963
265,8,0.013449999999999946,0.006949999999999986
265,16,0.012099999999999955,0.006049999999999991
265,32,0.009399999999999971,0.005699999999999993
268,1,0.04295000000000072,0.04295000000000072
268,2,0.03225000000000041,0.026900000000000257
268,4,0.01614999999999995,0.009999999999999967
268,8,0.013449999999999946,0.007199999999999984
268,16,0.012099999999999955,0.006399999999999989
268,32,0.007399999999999983,0.005649999999999994
269,1,0.021500000000000102,0.021500000000000102
269,2,0.021500000000000102,0.021500000000000102
269,4,0.01614999999999995,0.010449999999999965
269,8,0.010749999999999963,0.007199999999999984
269,16,0.009399999999999971,0.005949999999999992
269,32,0.006049999999999991,0.0054999999999999945
270,1,0.04295000000000072,0.04295000000000072
270,2,0.021500000000000102,0.021500000000000102
270,4,0.01614999999999995,0.010749999999999963
270,8,0.010749999999999963,0.006699999999999987
270,16,0.008099999999999979,0.005899999999999992
270,32,0.006749999999999987,0.005449999999999995
271,1,0.04295000000000072,0.04295000000000072
271,2,0.03225000000000041,0.021500000000000102
271,4,0.021500000000000102,0.011849999999999956
271,8,0.013449999999999946,0.007699999999999981
271,16,0.012099999999999955,0.005799999999999993
271,32,0.007399999999999983,0.005649999999999994
272,1,0.04295000000000072,0.04295000000000072
272,2,0.021500000000000102,0.021500000000000102
272,4,0.01614999999999995,0.010449999999999965
272,8,0.010749999999999963,0.006899999999999986
272,16,0.009399999999999971,0.006049999999999991
272,32,0.007399999999999983,0.005549999999999994
274,1,0.04295000000000072,0.04295000000000072
274,2,0.03225000000000041,0.01795
274,4,0.021500000000000102,0.010399999999999965
274,8,0.013449999999999946,0.006899999999999986
274,16,0.008099999999999979,0.0059999999999999915
274,32,0.006049999999999991,0.0054999999999999945
273,1,0.04295000000000072,0.04295000000000072
273,2,0.021500000000000102,0.021500000000000102
273,4,0.01614999999999995,0.009399999999999971
273,8,0.010749999999999963,0.006549999999999988
273,16,0.008099999999999979,0.005699999999999993
273,32,0.005399999999999995,0.005399999999999995
275,1,0.04295000000000072,0.04295000000000072
275,2,0.021500000000000102,0.01795
275,4,0.01614999999999995,0.010249999999999966
275,8,0.010749999999999963,0.007199999999999984
275,16,0.009399999999999971,0.006049999999999991
275,32,0.006049999999999991,0.005449999999999995
277,1,0.04295000000000072,0.04295000000000072
277,2,0.021500000000000102,0.021500000000000102
277,4,0.01614999999999995,0.010349999999999965
277,8,0.013449999999999946,0.007499999999999982
277,16,0.006749999999999987,0.005749999999999993
277,32,0.006049999999999991,0.005449999999999995
276,1,0.04295000000000072,0.04295000000000072
276,2,0.021500000000000102,0.021500000000000102
276,4,0.021500000000000102,0.008449999999999977
276,8,0.013449999999999946,0.006599999999999988
276,16,0.009399999999999971,0.005849999999999992
276,32,0.006049999999999991,0.0054999999999999945
278,1,0.021500000000000102,0.021500000000000102
278,2,0.021500000000000102,0.021500000000000102
278,4,0.01614999999999995,0.009399999999999971
278,8,0.010749999999999963,0.006549999999999988
278,16,0.008099999999999979,0.005699999999999993
278,32,0.006749999999999987,0.0054999999999999945
280,1,0.021500000000000102,0.021500000000000102
280,2,0.03225000000000041,0.021500000000000102
280,4,0.021500000000000102,0.009399999999999971
280,8,0.013449999999999946,0.007349999999999983
280,16,0.009399999999999971,0.006349999999999989
280,32,0.006049999999999991,0.005449999999999995
279,1,0.04295000000000072,0.04295000000000072
279,2,0.021500000000000102,0.021500000000000102
279,4,0.01614999999999995,0.010099999999999967
279,8,0.013449999999999946,0.006999999999999985
279,16,0.008099999999999979,0.005949999999999992
279,32,0.006749999999999987,0.005549999999999994
281,1,0.04295000000000072,0.04295000000000072
281,2,0.021500000000000102,0.021500000000000102
281,4,0.021500000000000102,0.009999999999999967
281,8,0.013449999999999946,0.007099999999999985
281,16,0.008099999999999979,0.005699999999999993
281,32,0.005399999999999995,0.005399999999999995
282,1,0.06445000000000106,0.06445000000000106
282,2,0.03225000000000041,0.026900000000000257
282,4,0.021500000000000102,0.010449999999999965
282,8,0.010749999999999963,0.007049999999999985
282,16,0.010749999999999963,0.006049999999999991
282,32,0.007399999999999983,0.005549999999999994
284,1,0.04295000000000072,0.04295000000000072
284,2,0.03225000000000041,0.021500000000000102
284,4,0.01614999999999995,0.00964999999999997
284,8,0.010749999999999963,0.006949999999999986
284,16,0.008099999999999979,0.005749999999999993
284,32,0.006049999999999991,0.005449999999999995
283,1,0.04295000000000072,0.04295000000000072
283,2,0.021500000000000102,0.021500000000000102
283,4,0.01614999999999995,0.010299999999999965
283,8,0.010749999999999963,0.006399999999999989
283,16,0.008099999999999979,0.005749999999999993
283,32,0.006749999999999987,0.005449999999999995
287,1,0.04295000000000072,0.04295000000000072
287,2,0.021500000000000102,0.014349999999999941
287,4,0.021500000000000102,0.010549999999999964
287,8,0.010749999999999963,0.006999999999999985
287,16,0.008099999999999979,0.005899999999999992
287,32,0.006749999999999987,0.005549999999999994
286,1,0.04295000000000072,0.04295000000000072
286,2,0.03225000000000041,0.01795
286,4,0.01614999999999995,0.00949999999999997
286,8,0.010749999999999963,0.006899999999999986
286,16,0.006749999999999987,0.005749999999999993
286,32,0.006049999999999991,0.0054999999999999945
285,1,0.04295000000000072,0.04295000000000072
285,2,0.021500000000000102,0.01795
285,4,0.01614999999999995,0.010249999999999966
285,8,0.010749999999999963,0.0071499999999999845
285,16,0.008099999999999979,0.005749999999999993
285,32,0.005399999999999995,0.005399999999999995
288,1,0.04295000000000072,0.04295000000000072
288,2,0.021500000000000102,0.019100000000000034
288,4,0.01614999999999995,0.009949999999999968
288,8,0.01614999999999995,0.007299999999999984
288,16,0.008099999999999979,0.005799999999999993
288,32,0.006749999999999987,0.0054999999999999945
289,1,0.04295000000000072,0.04295000000000072
289,2,0.03225000000000041,0.021500000000000102
289,4,0.021500000000000102,0.01109999999999996
289,8,0.013449999999999946,0.006849999999999986
289,16,0.010749999999999963,0.005949999999999992
289,32,0.006749999999999987,0.005549999999999994
290,1,0.04295000000000072,0.04295000000000072
290,2,0.021500000000000102,0.021500000000000102
290,4,0.01614999999999995,0.009249999999999972
290,8,0.010749999999999963,0.007199999999999984
290,16,0.008099999999999979,0.005849999999999992
290,32,0.006749999999999987,0.0054999999999999945
292,1,0.04295000000000072,0.04295000000000072
292,2,0.03225000000000041,0.01795
292,4,0.021500000000000102,0.009749999999999969
292,8,0.013449999999999946,0.007349999999999983
292,16,0.009399999999999971,0.005799999999999993
292,32,0.007399999999999983,0.005599999999999994
293,1,0.04295000000000072,0.04295000000000072
293,2,0.021500000000000102,0.021500000000000102
293,4,0.010749999999999963,0.009849999999999968
293,8,0.008099999999999979,0.006699999999999987
293,16,0.008099999999999979,0.005699999999999993
293,32,0.007399999999999983,0.005549999999999994
291,1,0.04295000000000072,0.04295000000000072
291,2,0.03225000000000041,0.019750000000000052
291,4,0.021500000000000102,0.012199999999999954
291,8,0.013449999999999946,0.007499999999999982
291,16,0.010749999999999963,0.0061499999999999905
291,32,0.007399999999999983,0.005599999999999994
296,1,0.04295000000000072,0.04295000000000072
296,2,0.03225000000000041,0.029250000000000324
296,4,0.01614999999999995,0.010249999999999966
296,8,0.01614999999999995,0.006799999999999987
296,16,0.008099999999999979,0.005749999999999993
296,32,0.006049999999999991,0.005449999999999995
294,1,0.04295000000000072,0.04295000000000072
294,2,0.03225000000000041,0.020900000000000085
294,4,0.01614999999999995,0.009849999999999968
294,8,0.013449999999999946,0.007049999999999985
294,16,0.008099999999999979,0.005949999999999992
294,32,0.007399999999999983,0.005599999999999994
295,1,0.04295000000000072,0.04295000000000072
295,2,0.021500000000000102,0.021500000000000102
295,4,0.01614999999999995,0.009149999999999972
295,8,0.013449999999999946,0.006849999999999986
295,16,0.008099999999999979,0.005649999999999994
295,32,0.006049999999999991,0.005449999999999995
297,1,0.021500000000000102,0.021500000000000102
297,2,0.03225000000000041,0.026900000000000257
297,4,0.01614999999999995,0.010999999999999961
297,8,0.013449999999999946,0.006799999999999987
297,16,0.008099999999999979,0.005949999999999992
297,32,0.006749999999999987,0.005549999999999994
298,1,0.04295000000000072,0.04295000000000072
298,2,0.03225000000000041,0.026900000000000257
298,4,0.021500000000000102,0.01284999999999995
298,8,0.010749999999999963,0.007199999999999984
298,16,0.012099999999999955,0.006549999999999988
298,32,0.008099999999999979,0.005699999999999993
299,1,0.04295000000000072,0.04295000000000072
299,2,0.03225000000000041,0.026900000000000257
299,4,0.021500000000000102,0.010599999999999964
299,8,0.013449999999999946,0.007249999999999984
299,16,0.008099999999999979,0.005849999999999992
299,32,0.006749999999999987,0.005599999999999994
301,1,0.04295000000000072,0.04295000000000072
301,2,0.021500000000000102,0.01795
301,4,0.01614999999999995,0.009399999999999971
301,8,0.010749999999999963,0.006699999999999987
301,16,0.008099999999999979,0.005749999999999993
301,32,0.006749999999999987,0.005549999999999994
302,1,0.04295000000000072,0.04295000000000072
302,2,0.021500000000000102,0.014349999999999941
302,4,0.01614999999999995,0.009349999999999971
302,8,0.013449999999999946,0.007399999999999983
302,16,0.008099999999999979,0.005749999999999993
302,32,0.006049999999999991,0.005449999999999995
300,1,0.04295000000000072,0.04295000000000072
300,2,0.021500000000000102,0.021500000000000102
300,4,0.021500000000000102,0.009399999999999971
300,8,0.010749999999999963,0.006799999999999987
300,16,0.008099999999999979,0.005849999999999992
300,32,0.006749999999999987,0.0054999999999999945
303,1,0.04295000000000072,0.04295000000000072
303,2,0.03225000000000041,0.026900000000000257
303,4,0.021500000000000102,0.010099999999999967
303,8,0.013449999999999946,0.007099999999999985
303,16,0.009399999999999971,0.006599999999999988
303,32,0.006749999999999987,0.005599999999999994
304,1,0.04295000000000072,0.04295000000000072
304,2,0.021500000000000102,0.021500000000000102
304,4,0.01614999999999995,0.008399999999999977
304,8,0.010749999999999963,0.0066499999999999875
304,16,0.006749999999999987,0.005599999999999994
304,32,0.006749999999999987,0.0054999999999999945
305,1,0.04295000000000072,0.04295000000000072
305,2,0.021500000000000102,0.019100000000000034
305,4,0.01614999999999995,0.010499999999999964
305,8,0.013449999999999946,0.007249999999999984
305,16,0.009399999999999971,0.005699999999999993
305,32,0.007399999999999983,0.005549999999999994
306,1,0.04295000000000072,0.04295000000000072
306,2,0.03225000000000041,0.01795
306,4,0.021500000000000102,0.010099999999999967
306,8,0.013449999999999946,0.006899999999999986
306,16,0.008099999999999979,0.0059999999999999915
306,32,0.008099999999999979,0.005599999999999994
307,1,0.04295000000000072,0.04295000000000072
307,2,0.03225000000000041,0.026900000000000257
307,4,0.01614999999999995,0.011049999999999961
307,8,0.010749999999999963,0.007199999999999984
307,16,0.008099999999999979,0.005799999999999993
307,32,0.006049999999999991,0.0054999999999999945
308,1,0.04295000000000072,0.04295000000000072
308,2,0.021500000000000102,0.021500000000000102
308,4,0.01614999999999995,0.009099999999999973
308,8,0.010749999999999963,0.0066499999999999875
308,16,0.008099999999999979,0.006049999999999991
308,32,0.006049999999999991,0.005449999999999995
309,1,0.04295000000000072,0.04295000000000072
309,2,0.021500000000000102,0.01795
309,4,0.01614999999999995,0.010449999999999965
309,8,0.010749999999999963,0.007549999999999982
309,16,0.009399999999999971,0.0061499999999999905
309,32,0.006749999999999987,0.005549999999999994
310,1,0.04295000000000072,0.04295000000000072
310,2,0.021500000000000102,0.01795
310,4,0.01614999999999995,0.00944999999999997
310,8,0.010749999999999963,0.006999999999999985
310,16,0.008099999999999979,0.005899999999999992
310,32,0.006749999999999987,0.005549999999999994
312,1,0.04295000000000072,0.04295000000000072
312,2,0.03225000000000041,0.023300000000000154
312,4,0.01614999999999995,0.010749999999999963
312,8,0.010749999999999963,0.0077999999999999806
312,16,0.008099999999999979,0.005699999999999993
312,32,0.005399999999999995,0.005399999999999995
311,1,0.04295000000000072,0.04295000000000072
311,2,0.021500000000000102,0.021500000000000102
311,4,0.01614999999999995,0.008599999999999976
311,8,0.010749999999999963,0.006599999999999988
311,16,0.008099999999999979,0.005849999999999992
311,32,0.006749999999999987,0.005549999999999994
313,1,0.04295000000000072,0.04295000000000072
313,2,0.03225000000000041,0.019750000000000052
313,4,0.01614999999999995,0.009799999999999968
313,8,0.010749999999999963,0.006749999999999987
313,16,0.008099999999999979,0.0061499999999999905
313,32,0.006049999999999991,0.005449999999999995
314,1,0.04295000000000072,0.04295000000000072
314,2,0.03225000000000041,0.026900000000000257
314,4,0.021500000000000102,0.009199999999999972
314,8,0.010749999999999963,0.007049999999999985
314,16,0.008099999999999979,0.005799999999999993
314,32,0.006749999999999987,0.005549999999999994
316,1,0.04295000000000072,0.04295000000000072
316,2,0.021500000000000102,0.021500000000000102
316,4,0.01614999999999995,0.009699999999999969
316,8,0.010749999999999963,0.006999999999999985
316,16,0.009399999999999971,0.0059999999999999915
316,32,0.006049999999999991,0.005449999999999995
315,1,0.04295000000000072,0.04295000000000072
315,2,0.021500000000000102,0.01795
315,4,0.01614999999999995,0.009899999999999968
315,8,0.010749999999999963,0.006349999999999989
315,16,0.009399999999999971,0.005899999999999992
315,32,0.008099999999999979,0.005649999999999994
317,1,0.04295000000000072,0.04295000000000072
317,2,0.03225000000000041,0.026900000000000257
317,4,0.01614999999999995,0.010749999999999963
317,8,0.013449999999999946,0.0071499999999999845
317,16,0.008099999999999979,0.005699999999999993
317,32,0.006749999999999987,0.0054999999999999945
318,1,0.04295000000000072,0.04295000000000072
318,2,0.021500000000000102,0.021500000000000102
318,4,0.021500000000000102,0.010049999999999967
318,8,0.01614999999999995,0.007299999999999984
318,16,0.009399999999999971,0.0059999999999999915
318,32,0.006749999999999987,0.0054999999999999945
319,1,0.06445000000000106,0.06445000000000106
319,2,0.03225000000000041,0.02390000000000017
319,4,0.021500000000000102,0.011049999999999961
319,8,0.01614999999999995,0.007349999999999983
319,16,0.013449999999999946,0.006399999999999989
319,32,0.007399999999999983,0.005799999999999993
322,1,0.04295000000000072,0.04295000000000072
322,2,0.021500000000000102,0.014349999999999941
322,4,0.01614999999999995,0.00959999999999997
322,8,0.013449999999999946,0.007049999999999985
322,16,0.009399999999999971,0.0059999999999999915
322,32,0.006049999999999991,0.0054999999999999945
321,1,0.04295000000000072,0.04295000000000072
321,2,0.03225000000000041,0.026900000000000257
321,4,0.01614999999999995,0.009849999999999968
321,8,0.010749999999999963,0.007299999999999984
321,16,0.009399999999999971,0.0059999999999999915
321,32,0.006049999999999991,0.0054999999999999945
320,1,0.04295000000000072,0.04295000000000072
320,2,0.03225000000000041,0.026900000000000257
320,4,0.021500000000000102,0.010099999999999967
320,8,0.013449999999999946,0.0071499999999999845
320,16,0.008099999999999979,0.005949999999999992
320,32,0.006049999999999991,0.0054999999999999945
323,1,0.04295000000000072,0.04295000000000072
323,2,0.021500000000000102,0.021500000000000102
323,4,0.021500000000000102,0.010149999999999966
323,8,0.01614999999999995,0.0076499999999999815
323,16,0.009399999999999971,0.006099999999999991
323,32,0.006049999999999991,0.005449999999999995
324,1,0.04295000000000072,0.04295000000000072
324,2,0.021500000000000102,0.021500000000000102
324,4,0.01614999999999995,0.008549999999999976
324,8,0.010749999999999963,0.0066499999999999875
324,16,0.008099999999999979,0.005799999999999993
324,32,0.006049999999999991,0.005449999999999995
325,1,0.04295000000000072,0.04295000000000072
325,2,0.021500000000000102,0.021500000000000102
325,4,0.01614999999999995,0.01109999999999996
325,8,0.013449999999999946,0.006899999999999986
325,16,0.008099999999999979,0.005899999999999992
325,32,0.007399999999999983,0.005599999999999994
326,1,0.04295000000000072,0.04295000000000072
326,2,0.021500000000000102,0.021500000000000102
326,4,0.01614999999999995,0.009099999999999973
326,8,0.010749999999999963,0.006599999999999988
326,16,0.008099999999999979,0.005749999999999993
326,32,0.006049999999999991,0.005449999999999995
327,1,0.04295000000000072,0.04295000000000072
327,2,0.021500000000000102,0.021500000000000102
327,4,0.01614999999999995,0.009149999999999972
327,8,0.010749999999999963,0.007099999999999985
327,16,0.008099999999999979,0.005799999999999993
327,32,0.006749999999999987,0.005549999999999994
328,1,0.04295000000000072,0.04295000000000072
328,2,0.021500000000000102,0.021500000000000102
328,4,0.01614999999999995,0.011449999999999958
328,8,0.013449999999999946,0.006849999999999986
328,16,0.006749999999999987,0.005749999999999993
328,32,0.006049999999999991,0.005449999999999995
330,1,0.04295000000000072,0.04295000000000072
330,2,0.021500000000000102,0.014349999999999941
330,4,0.01614999999999995,0.008849999999999974
330,8,0.010749999999999963,0.006899999999999986
330,16,0.008099999999999979,0.005949999999999992
330,32,0.006049999999999991,0.005449999999999995
331,1,0.04295000000000072,0.04295000000000072
331,2,0.021500000000000102,0.021500000000000102
331,4,0.01614999999999995,0.009049999999999973
331,8,0.010749999999999963,0.006449999999999989
331,16,0.008099999999999979,0.005649999999999994
331,32,0.005399999999999995,0.005399999999999995
332,1,0.04295000000000072,0.04295000000000072
332,2,0.03225000000000041,0.026900000000000257
332,4,0.021500000000000102,0.010099999999999967
332,8,0.010749999999999963,0.006699999999999987
332,16,0.006749999999999987,0.005599999999999994
332,32,0.006049999999999991,0.0054999999999999945
329,1,0.04295000000000072,0.04295000000000072
329,2,0.021500000000000102,0.021500000000000102
329,4,0.01614999999999995,0.009299999999999971
329,8,0.013449999999999946,0.007549999999999982
329,16,0.009399999999999971,0.006099999999999991
329,32,0.007399999999999983,0.0054999999999999945
333,1,0.04295000000000072,0.04295000000000072
333,2,0.021500000000000102,0.021500000000000102
333,4,0.021500000000000102,0.01454999999999994
333,8,0.013449999999999946,0.00789999999999998
333,16,0.010749999999999963,0.005799999999999993
333,32,0.006749999999999987,0.0054999999999999945
334,1,0.04295000000000072,0.04295000000000072
334,2,0.021500000000000102,0.021500000000000102
334,4,0.01614999999999995,0.00959999999999997
334,8,0.013449999999999946,0.006899999999999986
334,16,0.008099999999999979,0.005899999999999992
334,32,0.005399999999999995,0.005399999999999995
335,1,0.04295000000000072,0.04295000000000072
335,2,0.021500000000000102,0.021500000000000102
335,4,0.01614999999999995,0.00959999999999997
335,8,0.01614999999999995,0.00789999999999998
335,16,0.009399999999999971,0.00619999999999999
335,32,0.006749999999999987,0.005599999999999994
337,1,0.04295000000000072,0.04295000000000072
337,2,0.03225000000000041,0.01795
337,4,0.01614999999999995,0.00964999999999997
337,8,0.010749999999999963,0.006899999999999986
337,16,0.009399999999999971,0.005949999999999992
337,32,0.007399999999999983,0.005549999999999994
336,1,0.04295000000000072,0.04295000000000072
336,2,0.021500000000000102,0.021500000000000102
336,4,0.021500000000000102,0.012699999999999951
336,8,0.010749999999999963,0.0071499999999999845
336,16,0.009399999999999971,0.00624999999999999
336,32,0.006749999999999987,0.005549999999999994
338,1,0.04295000000000072,0.04295000000000072
338,2,0.021500000000000102,0.01795
338,4,0.01614999999999995,0.00949999999999997
338,8,0.010749999999999963,0.006899999999999986
338,16,0.008099999999999979,0.005849999999999992
338,32,0.007399999999999983,0.0054999999999999945
339,1,0.04295000000000072,0.04295000000000072
339,2,0.03225000000000041,0.021500000000000102
339,4,0.01614999999999995,0.009049999999999973
339,8,0.010749999999999963,0.006799999999999987
339,16,0.008099999999999979,0.005899999999999992
339,32,0.006749999999999987,0.005549999999999994
340,1,0.04295000000000072,0.04295000000000072
340,2,0.021500000000000102,0.01795
340,4,0.01614999999999995,0.009099999999999973
340,8,0.010749999999999963,0.006399999999999989
340,16,0.008099999999999979,0.005749999999999993
340,32,0.006749999999999987,0.005549999999999994
342,1,0.04295000000000072,0.04295000000000072
342,2,0.03225000000000041,0.019100000000000034
342,4,0.01614999999999995,0.010349999999999965
342,8,0.010749999999999963,0.006399999999999989
342,16,0.006749999999999987,0.005749999999999993
342,32,0.005399999999999995,0.005399999999999995
341,1,0.04295000000000072,0.04295000000000072
341,2,0.03225000000000041,0.026900000000000257
341,4,0.021500000000000102,0.010999999999999961
341,8,0.013449999999999946,0.0066499999999999875
341,16,0.009399999999999971,0.005949999999999992
341,32,0.007399999999999983,0.005549999999999994
343,1,0.04295000000000072,0.04295000000000072
343,2,0.021500000000000102,0.020300000000000068
343,4,0.01614999999999995,0.012149999999999954
343,8,0.013449999999999946,0.006899999999999986
343,16,0.008099999999999979,0.005799999999999993
343,32,0.006049999999999991,0.005449999999999995
344,1,0.04295000000000072,0.04295000000000072
344,2,0.021500000000000102,0.021500000000000102
344,4,0.021500000000000102,0.009799999999999968
344,8,0.013449999999999946,0.007249999999999984
344,16,0.008099999999999979,0.006099999999999991
344,32,0.006049999999999991,0.005449999999999995
345,1,0.04295000000000072,0.04295000000000072
345,2,0.021500000000000102,0.021500000000000102
345,4,0.01614999999999995,0.00949999999999997
345,8,0.013449999999999946,0.0071499999999999845
345,16,0.010749999999999963,0.005899999999999992
345,32,0.006749999999999987,0.0054999999999999945
346,1,0.04295000000000072,0.04295000000000072
346,2,0.021500000000000102,0.021500000000000102
346,4,0.021500000000000102,0.010799999999999962
346,8,0.01614999999999995,0.007249999999999984
346,16,0.009399999999999971,0.005849999999999992
346,32,0.007399999999999983,0.005599999999999994
347,1,0.04295000000000072,0.04295000000000072
347,2,0.03225000000000041,0.029250000000000324
347,4,0.01614999999999995,0.010049999999999967
347,8,0.013449999999999946,0.006799999999999987
347,16,0.008099999999999979,0.005849999999999992
347,32,0.007399999999999983,0.005649999999999994
348,1,0.04295000000000072,0.04295000000000072
348,2,0.03225000000000041,0.01614999999999995
348,4,0.01614999999999995,0.009699999999999969
348,8,0.013449999999999946,0.006799999999999987
348,16,0.009399999999999971,0.005849999999999992
348,32,0.008099999999999979,0.005549999999999994
349,1,0.04295000000000072,0.04295000000000072
349,2,0.03225000000000041,0.01795
349,4,0.01614999999999995,0.009699999999999969
349,8,0.010749999999999963,0.0071499999999999845
349,16,0.009399999999999971,0.005849999999999992
349,32,0.007399999999999983,0.005599999999999994
350,1,0.04295000000000072,0.04295000000000072
350,2,0.021500000000000102,0.021500000000000102
350,4,0.01614999999999995,0.009699999999999969
350,8,0.010749999999999963,0.006449999999999989
350,16,0.008099999999999979,0.005799999999999993
350,32,0.006049999999999991,0.0054999999999999945
351,1,0.04295000000000072,0.04295000000000072
351,2,0.03225000000000041,0.021500000000000102
351,4,0.021500000000000102,0.011049999999999961
351,8,0.010749999999999963,0.006899999999999986
351,16,0.010749999999999963,0.005849999999999992
351,32,0.007399999999999983,0.005599999999999994
353,1,0.04295000000000072,0.04295000000000072
353,2,0.021500000000000102,0.021500000000000102
353,4,0.021500000000000102,0.01109999999999996
353,8,0.021500000000000102,0.0076499999999999815
353,16,0.014799999999999938,0.00629999999999999
353,32,0.008749999999999975,0.005699999999999993
352,1,0.04295000000000072,0.04295000000000072
352,2,0.021500000000000102,0.021500000000000102
352,4,0.01614999999999995,0.008449999999999977
352,8,0.010749999999999963,0.007049999999999985
352,16,0.008099999999999979,0.005699999999999993
352,32,0.006049999999999991,0.005449999999999995
354,1,0.04295000000000072,0.04295000000000072
354,2,0.021500000000000102,0.021500000000000102
354,4,0.021500000000000102,0.010449999999999965
354,8,0.013449999999999946,0.006999999999999985
354,16,0.008099999999999979,0.005949999999999992
354,32,0.006749999999999987,0.005549999999999994
355,1,0.04295000000000072,0.04295000000000072
355,2,0.021500000000000102,0.019100000000000034
355,4,0.01614999999999995,0.010949999999999962
355,8,0.013449999999999946,0.007249999999999984
355,16,0.009399999999999971,0.006049999999999991
355,32,0.006749999999999987,0.005549999999999994
356,1,0.04295000000000072,0.04295000000000072
356,2,0.021500000000000102,0.01795
356,4,0.021500000000000102,0.009949999999999968
356,8,0.013449999999999946,0.006849999999999986
356,16,0.009399999999999971,0.005949999999999992
356,32,0.005399999999999995,0.005399999999999995
357,1,0.04295000000000072,0.04295000000000072
357,2,0.021500000000000102,0.021500000000000102
357,4,0.01614999999999995,0.010249999999999966
357,8,0.010749999999999963,0.006749999999999987
357,16,0.006749999999999987,0.005749999999999993
357,32,0.006049999999999991,0.0054999999999999945
358,1,0.04295000000000072,0.04295000000000072
358,2,0.021500000000000102,0.021500000000000102
358,4,0.01614999999999995,0.010949999999999962
358,8,0.01614999999999995,0.007449999999999983
358,16,0.010749999999999963,0.005949999999999992
358,32,0.009399999999999971,0.005699999999999993
359,1,0.021500000000000102,0.021500000000000102
359,2,0.021500000000000102,0.021500000000000102
359,4,0.01614999999999995,0.010049999999999967
359,8,0.010749999999999963,0.006799999999999987
359,16,0.009399999999999971,0.006099999999999991
359,32,0.006049999999999991,0.005449999999999995
360,1,0.04295000000000072,0.04295000000000072
360,2,0.021500000000000102,0.01795
360,4,0.01614999999999995,0.00949999999999997
360,8,0.013449999999999946,0.007349999999999983
360,16,0.008099999999999979,0.005799999999999993
360,32,0.005399999999999995,0.005399999999999995
362,1,0.04295000000000072,0.04295000000000072
362,2,0.021500000000000102,0.021500000000000102
362,4,0.021500000000000102,0.00944999999999997
362,8,0.010749999999999963,0.007399999999999983
362,16,0.009399999999999971,0.005849999999999992
362,32,0.006049999999999991,0.005449999999999995
361,1,0.04295000000000072,0.04295000000000072
361,2,0.021500000000000102,0.021500000000000102
361,4,0.01614999999999995,0.009249999999999972
361,8,0.013449999999999946,0.007499999999999982
361,16,0.008099999999999979,0.005699999999999993
361,32,0.006049999999999991,0.005449999999999995
363,1,0.04295000000000072,0.04295000000000072
363,2,0.021500000000000102,0.021500000000000102
363,4,0.01614999999999995,0.009849999999999968
363,8,0.010749999999999963,0.007349999999999983
363,16,0.008099999999999979,0.005849999999999992
363,32,0.006049999999999991,0.0054999999999999945
365,1,0.04295000000000072,0.04295000000000072
365,2,0.03225000000000041,0.02420000000000018
365,4,0.01614999999999995,0.010949999999999962
365,8,0.010749999999999963,0.006699999999999987
365,16,0.008099999999999979,0.005699999999999993
365,32,0.006049999999999991,0.005449999999999995
364,1,0.04295000000000072,0.04295000000000072
364,2,0.03225000000000041,0.019750000000000052
364,4,0.01614999999999995,0.009149999999999972
364,8,0.010749999999999963,0.006749999999999987
364,16,0.008099999999999979,0.0059999999999999915
364,32,0.006749999999999987,0.005449999999999995
366,1,0.04295000000000072,0.04295000000000072
366,2,0.021500000000000102,0.01795
366,4,0.01614999999999995,0.00944999999999997
366,8,0.010749999999999963,0.007049999999999985
366,16,0.009399999999999971,0.005849999999999992
366,32,0.007399999999999983,0.005549999999999994
367,1,0.06445000000000106,0.06445000000000106
367,2,0.03225000000000041,0.021500000000000102
367,4,0.01614999999999995,0.008549999999999976
367,8,0.010749999999999963,0.006849999999999986
367,16,0.008099999999999979,0.005649999999999994
367,32,0.006049999999999991,0.005449999999999995
368,1,0.04295000000000072,0.04295000000000072
368,2,0.021500000000000102,0.01795
368,4,0.021500000000000102,0.009699999999999969
368,8,0.01614999999999995,0.007699999999999981
368,16,0.009399999999999971,0.0059999999999999915
368,32,0.006749999999999987,0.0054999999999999945
369,1,0.06445000000000106,0.06445000000000106
369,2,0.03225000000000041,0.026900000000000257
369,4,0.01614999999999995,0.009299999999999971
369,8,0.010749999999999963,0.006849999999999986
369,16,0.008099999999999979,0.005799999999999993
369,32,0.005399999999999995,0.005399999999999995
370,1,0.04295000000000072,0.04295000000000072
370,2,0.021500000000000102,0.01795
370,4,0.01614999999999995,0.010749999999999963
370,8,0.010749999999999963,0.006749999999999987
370,16,0.009399999999999971,0.005749999999999993
370,32,0.006749999999999987,0.005449999999999995
371,1,0.04295000000000072,0.04295000000000072
371,2,0.021500000000000102,0.021500000000000102
371,4,0.01614999999999995,0.009699999999999969
371,8,0.01614999999999995,0.007549999999999982
371,16,0.009399999999999971,0.005949999999999992
371,32,0.007399999999999983,0.005599999999999994
373,1,0.04295000000000072,0.04295000000000072
373,2,0.03225000000000041,0.019750000000000052
373,4,0.01614999999999995,0.00944999999999997
373,8,0.013449999999999946,0.007099999999999985
373,16,0.008099999999999979,0.005899999999999992
373,32,0.006049999999999991,0.0054999999999999945
372,1,0.06445000000000106,0.06445000000000106
372,2,0.03225000000000041,0.02805000000000029
372,4,0.021500000000000102,0.011499999999999958
372,8,0.013449999999999946,0.007199999999999984
372,16,0.009399999999999971,0.005849999999999992
372,32,0.007399999999999983,0.005599999999999994
375,1,0.04295000000000072,0.04295000000000072
375,2,0.021500000000000102,0.014349999999999941
375,4,0.01614999999999995,0.009799999999999968
375,8,0.010749999999999963,0.006349999999999989
375,16,0.006749999999999987,0.005749999999999993
375,32,0.005399999999999995,0.005399999999999995
374,1,0.04295000000000072,0.04295000000000072
374,2,0.03225000000000041,0.021500000000000102
374,4,0.01614999999999995,0.009749999999999969
374,8,0.010749999999999963,0.006999999999999985
374,16,0.008099999999999979,0.005899999999999992
374,32,0.006749999999999987,0.005549999999999994
376,1,0.06445000000000106,0.06445000000000106
376,2,0.03225000000000041,0.021500000000000102
376,4,0.01614999999999995,0.010099999999999967
376,8,0.013449999999999946,0.007049999999999985
376,16,0.008099999999999979,0.0059999999999999915
376,32,0.006049999999999991,0.0054999999999999945
377,1,0.04295000000000072,0.04295000000000072
377,2,0.021500000000000102,0.021500000000000102
377,4,0.01614999999999995,0.009299999999999971
377,8,0.010749999999999963,0.007449999999999983
377,16,0.008099999999999979,0.005749999999999993
377,32,0.005399999999999995,0.005399999999999995
378,1,0.04295000000000072,0.04295000000000072
378,2,0.03225000000000041,0.019750000000000052
378,4,0.01614999999999995,0.008499999999999976
378,8,0.010749999999999963,0.006999999999999985
378,16,0.010749999999999963,0.0059999999999999915
378,32,0.006749999999999987,0.005599999999999994
379,1,0.04295000000000072,0.04295000000000072
379,2,0.03225000000000041,0.026900000000000257
379,4,0.021500000000000102,0.010799999999999962
379,8,0.013449999999999946,0.007499999999999982
379,16,0.012099999999999955,0.00619999999999999
379,32,0.007399999999999983,0.0054999999999999945
380,1,0.04295000000000072,0.04295000000000072
380,2,0.021500000000000102,0.014349999999999941
380,4,0.01614999999999995,0.008849999999999974
380,8,0.010749999999999963,0.006449999999999989
380,16,0.006749999999999987,0.005599999999999994
380,32,0.005399999999999995,0.005399999999999995
381,1,0.04295000000000072,0.04295000000000072
381,2,0.021500000000000102,0.021500000000000102
381,4,0.021500000000000102,0.00944999999999997
381,8,0.010749999999999963,0.006899999999999986
381,16,0.008099999999999979,0.005849999999999992
381,32,0.006049999999999991,0.005449999999999995
383,1,0.04295000000000072,0.04295000000000072
383,2,0.021500000000000102,0.021500000000000102
383,4,0.01614999999999995,0.009199999999999972
383,8,0.010749999999999963,0.0066499999999999875
383,16,0.006749999999999987,0.005599999999999994
383,32,0.005399999999999995,0.005399999999999995
382,1,0.04295000000000072,0.04295000000000072
382,2,0.021500000000000102,0.014349999999999941
382,4,0.01614999999999995,0.00959999999999997
382,8,0.013449999999999946,0.008299999999999978
382,16,0.009399999999999971,0.005949999999999992
382,32,0.006049999999999991,0.005549999999999994
384,1,0.04295000000000072,0.04295000000000072
384,2,0.03225000000000041,0.026900000000000257
384,4,0.021500000000000102,0.012299999999999953
384,8,0.010749999999999963,0.006799999999999987
384,16,0.008099999999999979,0.005849999999999992
384,32,0.006049999999999991,0.005449999999999995
385,1,0.04295000000000072,0.04295000000000072
385,2,0.021500000000000102,0.021500000000000102
385,4,0.01614999999999995,0.009299999999999971
385,8,0.010749999999999963,0.006799999999999987
385,16,0.008099999999999979,0.005799999999999993
385,32,0.006049999999999991,0.005449999999999995
386,1,0.04295000000000072,0.04295000000000072
386,2,0.021500000000000102,0.01795
386,4,0.021500000000000102,0.011599999999999958
386,8,0.01614999999999995,0.008049999999999979
386,16,0.012099999999999955,0.00629999999999999
386,32,0.008749999999999975,0.005949999999999992
387,1,0.04295000000000072,0.04295000000000072
387,2,0.021500000000000102,0.01795
387,4,0.01614999999999995,0.00959999999999997
387,8,0.010749999999999963,0.006549999999999988
387,16,0.008099999999999979,0.005749999999999993
387,32,0.006749999999999987,0.0054999999999999945
388,1,0.04295000000000072,0.04295000000000072
388,2,0.03225000000000041,0.021500000000000102
388,4,0.01614999999999995,0.010749999999999963
388,8,0.013449999999999946,0.006699999999999987
388,16,0.009399999999999971,0.005849999999999992
388,32,0.006049999999999991,0.0054999999999999945
389,1,0.04295000000000072,0.04295000000000072
389,2,0.021500000000000102,0.021500000000000102
389,4,0.021500000000000102,0.009799999999999968
389,8,0.013449999999999946,0.006899999999999986
389,16,0.008099999999999979,0.005899999999999992
389,32,0.006049999999999991,0.005449999999999995
390,1,0.04295000000000072,0.04295000000000072
390,2,0.021500000000000102,0.01795
390,4,0.01614999999999995,0.00964999999999997
390,8,0.010749999999999963,0.006449999999999989
390,16,0.008099999999999979,0.005749999999999993
390,32,0.006049999999999991,0.005449999999999995
391,1,0.04295000000000072,0.04295000000000072
391,2,0.03225000000000041,0.01795
391,4,0.01614999999999995,0.009699999999999969
391,8,0.013449999999999946,0.0071499999999999845
391,16,0.008099999999999979,0.005899999999999992
391,32,0.005399999999999995,0.005399999999999995
394,1,0.021500000000000102,0.021500000000000102
394,2,0.03225000000000041,0.028650000000000307
394,4,0.01614999999999995,0.010299999999999965
394,8,0.010749999999999963,0.006899999999999986
394,16,0.006749999999999987,0.005699999999999993
394,32,0.005399999999999995,0.005399999999999995
392,1,0.04295000000000072,0.04295000000000072
392,2,0.021500000000000102,0.021500000000000102
392,4,0.01614999999999995,0.010149999999999966
392,8,0.010749999999999963,0.007549999999999982
392,16,0.008099999999999979,0.0059999999999999915
392,32,0.006749999999999987,0.005549999999999994
393,1,0.04295000000000072,0.04295000000000072
393,2,0.03225000000000041,0.021500000000000102
393,4,0.01614999999999995,0.010749999999999963
393,8,0.010749999999999963,0.006999999999999985
393,16,0.008099999999999979,0.005949999999999992
393,32,0.007399999999999983,0.005549999999999994
395,1,0.06445000000000106,0.06445000000000106
395,2,0.03225000000000041,0.021500000000000102
395,4,0.01614999999999995,0.010699999999999963
395,8,0.010749999999999963,0.007399999999999983
395,16,0.008099999999999979,0.005899999999999992
395,32,0.008749999999999975,0.005599999999999994
396,1,0.04295000000000072,0.04295000000000072
396,2,0.021500000000000102,0.021500000000000102
396,4,0.01614999999999995,0.010549999999999964
396,8,0.013449999999999946,0.006699999999999987
396,16,0.008099999999999979,0.005749999999999993
396,32,0.006749999999999987,0.0054999999999999945
397,1,0.04295000000000072,0.04295000000000072
397,2,0.03225000000000041,0.026900000000000257
397,4,0.01614999999999995,0.010299999999999965
397,8,0.010749999999999963,0.007349999999999983
397,16,0.008099999999999979,0.006099999999999991
397,32,0.006749999999999987,0.005549999999999994
398,1,0.04295000000000072,0.04295000000000072
398,2,0.03225000000000041,0.026900000000000257
398,4,0.021500000000000102,0.009949999999999968
398,8,0.010749999999999963,0.006449999999999989
398,16,0.008099999999999979,0.005749999999999993
398,32,0.006049999999999991,0.005449999999999995
399,1,0.04295000000000072,0.04295000000000072
399,2,0.021500000000000102,0.01795
399,4,0.01614999999999995,0.01124999999999996
399,8,0.010749999999999963,0.006899999999999986
399,16,0.009399999999999971,0.0061499999999999905
399,32,0.006749999999999987,0.005599999999999994
400,1,0.04295000000000072,0.04295000000000072
400,2,0.03225000000000041,0.029250000000000324
400,4,0.01614999999999995,0.010649999999999963
400,8,0.013449999999999946,0.006349999999999989
400,16,0.009399999999999971,0.005749999999999993
400,32,0.006049999999999991,0.0054999999999999945
401,1,0.06445000000000106,0.06445000000000106
401,2,0.03225000000000041,0.021500000000000102
401,4,0.01614999999999995,0.009749999999999969
401,8,0.010749999999999963,0.006799999999999987
401,16,0.009399999999999971,0.0059999999999999915
401,32,0.006049999999999991,0.0054999999999999945
403,1,0.04295000000000072,0.04295000000000072
403,2,0.03225000000000041,0.026900000000000257
403,4,0.01614999999999995,0.012149999999999954
403,8,0.010749999999999963,0.007249999999999984
403,16,0.006749999999999987,0.005599999999999994
403,32,0.005399999999999995,0.005399999999999995
402,1,0.04295000000000072,0.04295000000000072
402,2,0.03225000000000041,0.026900000000000257
402,4,0.01614999999999995,0.010649999999999963
402,8,0.010749999999999963,0.006599999999999988
402,16,0.008099999999999979,0.005749999999999993
402,32,0.007399999999999983,0.005549999999999994
404,1,0.021500000000000102,0.021500000000000102
404,2,0.03225000000000041,0.01614999999999995
404,4,0.021500000000000102,0.009149999999999972
404,8,0.010749999999999963,0.006549999999999988
404,16,0.008099999999999979,0.005749999999999993
404,32,0.006749999999999987,0.005549999999999994
405,1,0.06445000000000106,0.06445000000000106
405,2,0.04295000000000072,0.03010000000000035
405,4,0.021500000000000102,0.011599999999999958
405,8,0.013449999999999946,0.006949999999999986
405,16,0.009399999999999971,0.0059999999999999915
405,32,0.007399999999999983,0.005549999999999994
406,1,0.04295000000000072,0.04295000000000072
406,2,0.03225000000000041,0.02420000000000018
406,4,0.021500000000000102,0.010849999999999962
406,8,0.010749999999999963,0.0071499999999999845
406,16,0.009399999999999971,0.0061499999999999905
406,32,0.007399999999999983,0.005599999999999994
407,1,0.04295000000000072,0.04295000000000072
407,2,0.03225000000000041,0.021500000000000102
407,4,0.021500000000000102,0.011399999999999959
407,8,0.010749999999999963,0.006899999999999986
407,16,0.006749999999999987,0.005599999999999994
407,32,0.006049999999999991,0.005449999999999995
408,1,0.04295000000000072,0.04295000000000072
408,2,0.03225000000000041,0.026900000000000257
408,4,0.01614999999999995,0.009799999999999968
408,8,0.010749999999999963,0.006749999999999987
408,16,0.009399999999999971,0.005899999999999992
408,32,0.006749999999999987,0.005549999999999994
409,1,0.04295000000000072,0.04295000000000072
409,2,0.03225000000000041,0.021500000000000102
409,4,0.01614999999999995,0.009949999999999968
409,8,0.013449999999999946,0.006799999999999987
409,16,0.006749999999999987,0.005749999999999993
409,32,0.006049999999999991,0.005449999999999995
411,1,0.04295000000000072,0.04295000000000072
411,2,0.021500000000000102,0.021500000000000102
411,4,0.01614999999999995,0.008549999999999976
411,8,0.010749999999999963,0.006749999999999987
411,16,0.008099999999999979,0.005749999999999993
411,32,0.005399999999999995,0.005399999999999995
410,1,0.04295000000000072,0.04295000000000072
410,2,0.03225000000000041,0.028650000000000307
410,4,0.01614999999999995,0.010149999999999966
410,8,0.010749999999999963,0.007399999999999983
410,16,0.008099999999999979,0.0059999999999999915
410,32,0.006049999999999991,0.0054999999999999945
412,1,0.04295000000000072,0.04295000000000072
412,2,0.03225000000000041,0.028650000000000307
412,4,0.021500000000000102,0.010249999999999966
412,8,0.010749999999999963,0.006899999999999986
412,16,0.008099999999999979,0.005949999999999992
412,32,0.008749999999999975,0.005649999999999994
413,1,0.04295000000000072,0.04295000000000072
413,2,0.021500000000000102,0.021500000000000102
413,4,0.01614999999999995,0.010699999999999963
413,8,0.010749999999999963,0.0066499999999999875
413,16,0.008099999999999979,0.005849999999999992
413,32,0.006049999999999991,0.005449999999999995
415,1,0.04295000000000072,0.04295000000000072
415,2,0.021500000000000102,0.01795
415,4,0.021500000000000102,0.011049999999999961
415,8,0.013449999999999946,0.00789999999999998
415,16,0.009399999999999971,0.00619999999999999
415,32,0.006749999999999987,0.005649999999999994
414,1,0.04295000000000072,0.04295000000000072
414,2,0.03225000000000041,0.021500000000000102
414,4,0.021500000000000102,0.009999999999999967
414,8,0.013449999999999946,0.007199999999999984
414,16,0.009399999999999971,0.006049999999999991
414,32,0.006749999999999987,0.005549999999999994
417,1,0.04295000000000072,0.04295000000000072
417,2,0.021500000000000102,0.021500000000000102
417,4,0.021500000000000102,0.011849999999999956
417,8,0.013449999999999946,0.007199999999999984
417,16,0.009399999999999971,0.0061499999999999905
417,32,0.006749999999999987,0.005699999999999993
416,1,0.04295000000000072,0.04295000000000072
416,2,0.021500000000000102,0.014349999999999941
416,4,0.01614999999999995,0.009049999999999973
416,8,0.013449999999999946,0.007199999999999984
416,16,0.006749999999999987,0.005599999999999994
416,32,0.005399999999999995,0.005399999999999995
418,1,0.04295000000000072,0.04295000000000072
418,2,0.03225000000000041,0.021500000000000102
418,4,0.021500000000000102,0.00949999999999997
418,8,0.013449999999999946,0.007699999999999981
418,16,0.009399999999999971,0.0061499999999999905
418,32,0.006749999999999987,0.0054999999999999945
419,1,0.04295000000000072,0.04295000000000072
419,2,0.021500000000000102,0.021500000000000102
419,4,0.01614999999999995,0.008899999999999974
419,8,0.013449999999999946,0.006949999999999986
419,16,0.008099999999999979,0.005899999999999992
419,32,0.006049999999999991,0.0054999999999999945
420,1,0.04295000000000072,0.04295000000000072
420,2,0.021500000000000102,0.021500000000000102
420,4,0.021500000000000102,0.010049999999999967
420,8,0.010749999999999963,0.007199999999999984
420,16,0.008099999999999979,0.005799999999999993
420,32,0.008099999999999979,0.005699999999999993
421,1,0.04295000000000072,0.04295000000000072
421,2,0.021500000000000102,0.021500000000000102
421,4,0.01614999999999995,0.009699999999999969
421,8,0.018800000000000025,0.006949999999999986
421,16,0.009399999999999971,0.005949999999999992
421,32,0.006749999999999987,0.005549999999999994
423,1,0.04295000000000072,0.04295000000000072
423,2,0.021500000000000102,0.021500000000000102
423,4,0.021500000000000102,0.010749999999999963
423,8,0.013449999999999946,0.006999999999999985
423,16,0.010749999999999963,0.00629999999999999
423,32,0.006749999999999987,0.005599999999999994
422,1,0.04295000000000072,0.04295000000000072
422,2,0.021500000000000102,0.021500000000000102
422,4,0.01614999999999995,0.010099999999999967
422,8,0.010749999999999963,0.006549999999999988
422,16,0.008099999999999979,0.0059999999999999915
422,32,0.007399999999999983,0.005649999999999994
424,1,0.04295000000000072,0.04295000000000072
424,2,0.03225000000000041,0.01795
424,4,0.01614999999999995,0.010049999999999967
424,8,0.013449999999999946,0.006899999999999986
424,16,0.008099999999999979,0.005799999999999993
424,32,0.006049999999999991,0.0054999999999999945
425,1,0.04295000000000072,0.04295000000000072
425,2,0.021500000000000102,0.021500000000000102
425,4,0.01614999999999995,0.011749999999999957
425,8,0.010749999999999963,0.007349999999999983
425,16,0.009399999999999971,0.0059999999999999915
425,32,0.006049999999999991,0.0054999999999999945
426,1,0.04295000000000072,0.04295000000000072
426,2,0.021500000000000102,0.021500000000000102
426,4,0.01614999999999995,0.009299999999999971
426,8,0.010749999999999963,0.006849999999999986
426,16,0.008099999999999979,0.005949999999999992
426,32,0.006749999999999987,0.0054999999999999945
427,1,0.04295000000000072,0.04295000000000072
427,2,0.021500000000000102,0.02110000000000009
427,4,0.01614999999999995,0.010299999999999965
427,8,0.013449999999999946,0.007499999999999982
427,16,0.009399999999999971,0.0061499999999999905
427,32,0.007399999999999983,0.005649999999999994
428,1,0.04295000000000072,0.04295000000000072
428,2,0.021500000000000102,0.019100000000000034
428,4,0.01614999999999995,0.010749999999999963
428,8,0.013449999999999946,0.007249999999999984
428,16,0.008099999999999979,0.005899999999999992
428,32,0.007399999999999983,0.005599999999999994
430,1,0.04295000000000072,0.04295000000000072
430,2,0.021500000000000102,0.01795
430,4,0.01614999999999995,0.008649999999999975
430,8,0.010749999999999963,0.006699999999999987
430,16,0.008099999999999979,0.005899999999999992
430,32,0.006749999999999987,0.005599999999999994
429,1,0.04295000000000072,0.04295000000000072
429,2,0.021500000000000102,0.01795
429,4,0.01614999999999995,0.010399999999999965
429,8,0.013449999999999946,0.007099999999999985
429,16,0.006749999999999987,0.005699999999999993
429,32,0.006049999999999991,0.005449999999999995
431,1,0.04295000000000072,0.04295000000000072
431,2,0.03225000000000041,0.026900000000000257
431,4,0.01614999999999995,0.00949999999999997
431,8,0.013449999999999946,0.006849999999999986
431,16,0.008099999999999979,0.005799999999999993
431,32,0.005399999999999995,0.005399999999999995
432,1,0.04295000000000072,0.04295000000000072
432,2,0.03225000000000041,0.021500000000000102
432,4,0.01614999999999995,0.00959999999999997
432,8,0.010749999999999963,0.007049999999999985
432,16,0.008099999999999979,0.005699999999999993
432,32,0.007399999999999983,0.005599999999999994
434,1,0.04295000000000072,0.04295000000000072
434,2,0.021500000000000102,0.01795
434,4,0.01614999999999995,0.00949999999999997
434,8,0.008099999999999979,0.006399999999999989
434,16,0.008099999999999979,0.005849999999999992
434,32,0.006049999999999991,0.005449999999999995
433,1,0.04295000000000072,0.04295000000000072
433,2,0.03225000000000041,0.021500000000000102
433,4,0.01614999999999995,0.00954999999999997
433,8,0.010749999999999963,0.006749999999999987
433,16,0.009399999999999971,0.005899999999999992
433,32,0.006049999999999991,0.005449999999999995
435,1,0.04295000000000072,0.04295000000000072
435,2,0.021500000000000102,0.021500000000000102
435,4,0.01614999999999995,0.010199999999999966
435,8,0.013449999999999946,0.0071499999999999845
435,16,0.009399999999999971,0.006049999999999991
435,32,0.007399999999999983,0.005599999999999994
436,1,0.04295000000000072,0.04295000000000072
436,2,0.021500000000000102,0.01795
436,4,0.01614999999999995,0.009949999999999968
436,8,0.013449999999999946,0.007399999999999983
436,16,0.009399999999999971,0.005899999999999992
436,32,0.006749999999999987,0.005549999999999994
437,1,0.04295000000000072,0.04295000000000072
437,2,0.03225000000000041,0.021500000000000102
437,4,0.021500000000000102,0.010449999999999965
437,8,0.013449999999999946,0.0071499999999999845
437,16,0.008099999999999979,0.006049999999999991
437,32,0.007399999999999983,0.005599999999999994
438,1,0.04295000000000072,0.04295000000000072
438,2,0.021500000000000102,0.01795
438,4,0.01614999999999995,0.011599999999999958
438,8,0.01614999999999995,0.0076499999999999815
438,16,0.010749999999999963,0.0059999999999999915
438,32,0.007399999999999983,0.005549999999999994
439,1,0.04295000000000072,0.04295000000000072
439,2,0.021500000000000102,0.021500000000000102
439,4,0.01614999999999995,0.009249999999999972
439,8,0.013449999999999946,0.007499999999999982
439,16,0.008099999999999979,0.005749999999999993
439,32,0.006049999999999991,0.005449999999999995
440,1,0.04295000000000072,0.04295000000000072
440,2,0.021500000000000102,0.021500000000000102
440,4,0.021500000000000102,0.010749999999999963
440,8,0.013449999999999946,0.0071499999999999845
440,16,0.010749999999999963,0.006349999999999989
440,32,0.007399999999999983,0.005749999999999993
441,1,0.04295000000000072,0.04295000000000072
441,2,0.04295000000000072,0.029250000000000324
441,4,0.026850000000000256,0.011899999999999956
441,8,0.013449999999999946,0.007249999999999984
441,16,0.009399999999999971,0.005849999999999992
441,32,0.006049999999999991,0.005449999999999995
442,1,0.04295000000000072,0.04295000000000072
442,2,0.021500000000000102,0.021500000000000102
442,4,0.01614999999999995,0.00964999999999997
442,8,0.010749999999999963,0.006449999999999989
442,16,0.006749999999999987,0.005749999999999993
442,32,0.005399999999999995,0.005399999999999995
443,1,0.04295000000000072,0.04295000000000072
443,2,0.03225000000000041,0.01795
443,4,0.01614999999999995,0.008999999999999973
443,8,0.013449999999999946,0.006899999999999986
443,16,0.010749999999999963,0.0059999999999999915
443,32,0.007399999999999983,0.005549999999999994
444,1,0.06445000000000106,0.06445000000000106
444,2,0.03225000000000041,0.02210000000000012
444,4,0.01614999999999995,0.010199999999999966
444,8,0.013449999999999946,0.007399999999999983
444,16,0.010749999999999963,0.0061499999999999905
444,32,0.006749999999999987,0.005549999999999994
446,1,0.04295000000000072,0.04295000000000072
446,2,0.021500000000000102,0.021500000000000102
446,4,0.01614999999999995,0.009749999999999969
446,8,0.010749999999999963,0.006599999999999988
446,16,0.009399999999999971,0.0059999999999999915
446,32,0.006749999999999987,0.005449999999999995
445,1,0.04295000000000072,0.04295000000000072
445,2,0.03225000000000041,0.026900000000000257
445,4,0.01614999999999995,0.010499999999999964
445,8,0.010749999999999963,0.006849999999999986
445,16,0.008099999999999979,0.005849999999999992
445,32,0.005399999999999995,0.005399999999999995
447,1,0.04295000000000072,0.04295000000000072
447,2,0.03225000000000041,0.026900000000000257
447,4,0.021500000000000102,0.012099999999999955
447,8,0.013449999999999946,0.007249999999999984
447,16,0.009399999999999971,0.0059999999999999915
447,32,0.006749999999999987,0.005549999999999994
448,1,0.04295000000000072,0.04295000000000072
448,2,0.021500000000000102,0.021500000000000102
448,4,0.021500000000000102,0.010699999999999963
448,8,0.013449999999999946,0.007599999999999982
448,16,0.009399999999999971,0.00619999999999999
448,32,0.006749999999999987,0.005549999999999994
449,1,0.04295000000000072,0.04295000000000072
449,2,0.021500000000000102,0.01795
449,4,0.01614999999999995,0.009899999999999968
449,8,0.010749999999999963,0.006749999999999987
449,16,0.008099999999999979,0.005749999999999993
449,32,0.006749999999999987,0.005549999999999994
452,1,0.021500000000000102,0.021500000000000102
452,2,0.021500000000000102,0.014349999999999941
452,4,0.01614999999999995,0.009149999999999972
452,8,0.010749999999999963,0.006749999999999987
452,16,0.008099999999999979,0.005699999999999993
452,32,0.006049999999999991,0.005449999999999995
450,1,0.04295000000000072,0.04295000000000072
450,2,0.021500000000000102,0.019100000000000034
450,4,0.01614999999999995,0.009749999999999969
450,8,0.010749999999999963,0.006849999999999986
450,16,0.006749999999999987,0.005699999999999993
450,32,0.005399999999999995,0.005399999999999995
451,1,0.04295000000000072,0.04295000000000072
451,2,0.021500000000000102,0.01795
451,4,0.01614999999999995,0.009249999999999972
451,8,0.013449999999999946,0.006849999999999986
451,16,0.010749999999999963,0.005949999999999992
451,32,0.006749999999999987,0.005549999999999994
454,1,0.04295000000000072,0.04295000000000072
454,2,0.021500000000000102,0.021500000000000102
454,4,0.021500000000000102,0.010249999999999966
454,8,0.010749999999999963,0.0066499999999999875
454,16,0.008099999999999979,0.005699999999999993
454,32,0.006049999999999991,0.005449999999999995
453,1,0.04295000000000072,0.04295000000000072
453,2,0.021500000000000102,0.021500000000000102
453,4,0.01614999999999995,0.010249999999999966
453,8,0.008099999999999979,0.006699999999999987
453,16,0.008099999999999979,0.005749999999999993
453,32,0.005399999999999995,0.005399999999999995
455,1,0.04295000000000072,0.04295000000000072
455,2,0.021500000000000102,0.021500000000000102
455,4,0.010749999999999963,0.008399999999999977
455,8,0.010749999999999963,0.006499999999999988
455,16,0.009399999999999971,0.005699999999999993
455,32,0.006049999999999991,0.005449999999999995
456,1,0.04295000000000072,0.04295000000000072
456,2,0.021500000000000102,0.021500000000000102
456,4,0.01614999999999995,0.010299999999999965
456,8,0.013449999999999946,0.007499999999999982
456,16,0.010749999999999963,0.005949999999999992
456,32,0.006749999999999987,0.0054999999999999945
458,1,0.04295000000000072,0.04295000000000072
458,2,0.03225000000000041,0.021500000000000102
458,4,0.01614999999999995,0.009899999999999968
458,8,0.010749999999999963,0.0066499999999999875
458,16,0.008099999999999979,0.005799999999999993
458,32,0.006049999999999991,0.005449999999999995
457,1,0.04295000000000072,0.04295000000000072
457,2,0.021500000000000102,0.021500000000000102
457,4,0.01614999999999995,0.008499999999999976
457,8,0.010749999999999963,0.006599999999999988
457,16,0.009399999999999971,0.005899999999999992
457,32,0.006749999999999987,0.005449999999999995
459,1,0.04295000000000072,0.04295000000000072
459,2,0.021500000000000102,0.01795
459,4,0.021500000000000102,0.009899999999999968
459,8,0.013449999999999946,0.007699999999999981
459,16,0.009399999999999971,0.005749999999999993
459,32,0.008099999999999979,0.005549999999999994
460,1,0.04295000000000072,0.04295000000000072
460,2,0.021500000000000102,0.021500000000000102
460,4,0.01614999999999995,0.010399999999999965
460,8,0.010749999999999963,0.007199999999999984
460,16,0.010749999999999963,0.0059999999999999915
460,32,0.008099999999999979,0.005549999999999994
461,1,0.04295000000000072,0.04295000000000072
461,2,0.021500000000000102,0.021500000000000102
461,4,0.021500000000000102,0.010099999999999967
461,8,0.010749999999999963,0.0066499999999999875
461,16,0.009399999999999971,0.005849999999999992
461,32,0.005399999999999995,0.005399999999999995
463,1,0.04295000000000072,0.04295000000000072
463,2,0.021500000000000102,0.01795
463,4,0.01614999999999995,0.008399999999999977
463,8,0.010749999999999963,0.006899999999999986
463,16,0.009399999999999971,0.005849999999999992
463,32,0.006049999999999991,0.005449999999999995
462,1,0.04295000000000072,0.04295000000000072
462,2,0.03225000000000041,0.021500000000000102
462,4,0.01614999999999995,0.008399999999999977
462,8,0.010749999999999963,0.006949999999999986
462,16,0.008099999999999979,0.005699999999999993
462,32,0.007399999999999983,0.005599999999999994
464,1,0.04295000000000072,0.04295000000000072
464,2,0.021500000000000102,0.021500000000000102
464,4,0.01614999999999995,0.010049999999999967
464,8,0.013449999999999946,0.007299999999999984
464,16,0.009399999999999971,0.00619999999999999
464,32,0.006749999999999987,0.005549999999999994
465,1,0.04295000000000072,0.04295000000000072
465,2,0.03225000000000041,0.026900000000000257
465,4,0.01614999999999995,0.01124999999999996
465,8,0.013449999999999946,0.007199999999999984
465,16,0.008099999999999979,0.005749999999999993
465,32,0.006049999999999991,0.0054999999999999945
466,1,0.04295000000000072,0.04295000000000072
466,2,0.021500000000000102,0.014349999999999941
466,4,0.01614999999999995,0.00964999999999997
466,8,0.010749999999999963,0.006699999999999987
466,16,0.006749999999999987,0.005699999999999993
466,32,0.005399999999999995,0.005399999999999995
467,1,0.04295000000000072,0.04295000000000072
467,2,0.021500000000000102,0.021500000000000102
467,4,0.01614999999999995,0.010749999999999963
467,8,0.010749999999999963,0.006699999999999987
467,16,0.008099999999999979,0.005799999999999993
467,32,0.006049999999999991,0.005449999999999995
468,1,0.04295000000000072,0.04295000000000072
468,2,0.021500000000000102,0.021500000000000102
468,4,0.021500000000000102,0.010849999999999962
468,8,0.013449999999999946,0.007499999999999982
468,16,0.008099999999999979,0.005849999999999992
468,32,0.006749999999999987,0.0054999999999999945
469,1,0.04295000000000072,0.04295000000000072
469,2,0.021500000000000102,0.021500000000000102
469,4,0.01614999999999995,0.010549999999999964
469,8,0.010749999999999963,0.007049999999999985
469,16,0.008099999999999979,0.005849999999999992
469,32,0.006749999999999987,0.0054999999999999945
470,1,0.04295000000000072,0.04295000000000072
470,2,0.03225000000000041,0.021500000000000102
470,4,0.021500000000000102,0.010549999999999964
470,8,0.010749999999999963,0.007249999999999984
470,16,0.008099999999999979,0.005899999999999992
470,32,0.006749999999999987,0.0054999999999999945
471,1,0.04295000000000072,0.04295000000000072
471,2,0.021500000000000102,0.021500000000000102
471,4,0.01614999999999995,0.010199999999999966
471,8,0.010749999999999963,0.007099999999999985
471,16,0.006749999999999987,0.005749999999999993
471,32,0.006749999999999987,0.005549999999999994
472,1,0.04295000000000072,0.04295000000000072
472,2,0.021500000000000102,0.01795
472,4,0.01614999999999995,0.010549999999999964
472,8,0.013449999999999946,0.00789999999999998
472,16,0.010749999999999963,0.00624999999999999
472,32,0.008099999999999979,0.005649999999999994
475,1,0.021500000000000102,0.021500000000000102
475,2,0.021500000000000102,0.021500000000000102
475,4,0.01614999999999995,0.010449999999999965
475,8,0.010749999999999963,0.006999999999999985
475,16,0.010749999999999963,0.0059999999999999915
475,32,0.008099999999999979,0.005649999999999994
473,1,0.04295000000000072,0.04295000000000072
473,2,0.03225000000000041,0.028650000000000307
473,4,0.01614999999999995,0.01109999999999996
473,8,0.010749999999999963,0.007499999999999982
473,16,0.009399999999999971,0.0059999999999999915
473,32,0.006749999999999987,0.005549999999999994
474,1,0.04295000000000072,0.04295000000000072
474,2,0.03225000000000041,0.026900000000000257
474,4,0.021500000000000102,0.011699999999999957
474,8,0.013449999999999946,0.007199999999999984
474,16,0.008099999999999979,0.005749999999999993
474,32,0.006749999999999987,0.005449999999999995
476,1,0.04295000000000072,0.04295000000000072
476,2,0.021500000000000102,0.019100000000000034
476,4,0.01614999999999995,0.010849999999999962
476,8,0.013449999999999946,0.006599999999999988
476,16,0.008099999999999979,0.005849999999999992
476,32,0.006049999999999991,0.005449999999999995
477,1,0.06445000000000106,0.06445000000000106
477,2,0.03225000000000041,0.019750000000000052
477,4,0.021500000000000102,0.011399999999999959
477,8,0.013449999999999946,0.007249999999999984
477,16,0.012099999999999955,0.0061499999999999905
477,32,0.007399999999999983,0.005599999999999994
478,1,0.04295000000000072,0.04295000000000072
478,2,0.03225000000000041,0.020900000000000085
478,4,0.021500000000000102,0.010199999999999966
478,8,0.013449999999999946,0.007599999999999982
478,16,0.009399999999999971,0.0059999999999999915
478,32,0.007399999999999983,0.005549999999999994
479,1,0.04295000000000072,0.04295000000000072
479,2,0.021500000000000102,0.021500000000000102
479,4,0.01614999999999995,0.010199999999999966
479,8,0.013449999999999946,0.006849999999999986
479,16,0.008099999999999979,0.005849999999999992
479,32,0.006749999999999987,0.0054999999999999945
480,1,0.04295000000000072,0.04295000000000072
480,2,0.03225000000000041,0.026900000000000257
480,4,0.021500000000000102,0.010749999999999963
480,8,0.010749999999999963,0.007049999999999985
480,16,0.009399999999999971,0.006049999999999991
480,32,0.006749999999999987,0.005649999999999994
481,1,0.04295000000000072,0.04295000000000072
481,2,0.021500000000000102,0.01795
481,4,0.01614999999999995,0.010899999999999962
481,8,0.013449999999999946,0.0077999999999999806
481,16,0.009399999999999971,0.0061499999999999905
481,32,0.008099999999999979,0.005699999999999993
482,1,0.04295000000000072,0.04295000000000072
482,2,0.021500000000000102,0.014349999999999941
482,4,0.01614999999999995,0.008849999999999974
482,8,0.010749999999999963,0.006999999999999985
482,16,0.009399999999999971,0.005749999999999993
482,32,0.005399999999999995,0.005399999999999995
485,1,0.04295000000000072,0.04295000000000072
485,2,0.03225000000000041,0.026900000000000257
485,4,0.01614999999999995,0.009899999999999968
485,8,0.013449999999999946,0.007449999999999983
485,16,0.009399999999999971,0.006099999999999991
485,32,0.006749999999999987,0.005599999999999994
484,1,0.04295000000000072,0.04295000000000072
484,2,0.021500000000000102,0.021500000000000102
484,4,0.01614999999999995,0.010999999999999961
484,8,0.013449999999999946,0.0071499999999999845
484,16,0.008099999999999979,0.006099999999999991
484,32,0.006049999999999991,0.005449999999999995
483,1,0.04295000000000072,0.04295000000000072
483,2,0.03225000000000041,0.021500000000000102
483,4,0.01614999999999995,0.010799999999999962
483,8,0.013449999999999946,0.007749999999999981
483,16,0.008099999999999979,0.005849999999999992
483,32,0.006749999999999987,0.005549999999999994
486,1,0.04295000000000072,0.04295000000000072
486,2,0.03225000000000041,0.026900000000000257
486,4,0.021500000000000102,0.010749999999999963
486,8,0.010749999999999963,0.008049999999999979
486,16,0.009399999999999971,0.005849999999999992
486,32,0.006049999999999991,0.0054999999999999945
487,1,0.04295000000000072,0.04295000000000072
487,2,0.021500000000000102,0.021500000000000102
487,4,0.01614999999999995,0.010749999999999963
487,8,0.010749999999999963,0.006549999999999988
487,16,0.009399999999999971,0.005949999999999992
487,32,0.006049999999999991,0.005449999999999995
488,1,0.04295000000000072,0.04295000000000072
488,2,0.021500000000000102,0.021500000000000102
488,4,0.01614999999999995,0.00944999999999997
488,8,0.010749999999999963,0.007099999999999985
488,16,0.008099999999999979,0.005849999999999992
488,32,0.005399999999999995,0.005399999999999995
489,1,0.04295000000000072,0.04295000000000072
489,2,0.021500000000000102,0.019100000000000034
489,4,0.021500000000000102,0.010199999999999966
489,8,0.01614999999999995,0.007499999999999982
489,16,0.009399999999999971,0.00619999999999999
489,32,0.007399999999999983,0.005599999999999994
490,1,0.04295000000000072,0.04295000000000072
490,2,0.03225000000000041,0.01795
490,4,0.01614999999999995,0.010049999999999967
490,8,0.013449999999999946,0.007399999999999983
490,16,0.010749999999999963,0.00624999999999999
490,32,0.008099999999999979,0.005649999999999994
492,1,0.04295000000000072,0.04295000000000072
492,2,0.021500000000000102,0.01795
492,4,0.01614999999999995,0.009399999999999971
492,8,0.010749999999999963,0.006799999999999987
492,16,0.008099999999999979,0.005749999999999993
492,32,0.006749999999999987,0.005549999999999994
491,1,0.04295000000000072,0.04295000000000072
491,2,0.021500000000000102,0.021500000000000102
491,4,0.01614999999999995,0.010099999999999967
491,8,0.010749999999999963,0.006599999999999988
491,16,0.009399999999999971,0.005699999999999993
491,32,0.006049999999999991,0.005449999999999995
494,1,0.04295000000000072,0.04295000000000072
494,2,0.03225000000000041,0.02285000000000014
494,4,0.01614999999999995,0.008849999999999974
494,8,0.010749999999999963,0.006849999999999986
494,16,0.008099999999999979,0.005899999999999992
494,32,0.006049999999999991,0.005449999999999995
495,1,0.06445000000000106,0.06445000000000106
495,2,0.03225000000000041,0.026900000000000257
495,4,0.01614999999999995,0.010499999999999964
495,8,0.010749999999999963,0.007249999999999984
495,16,0.008099999999999979,0.005949999999999992
495,32,0.007399999999999983,0.005649999999999994
493,1,0.04295000000000072,0.04295000000000072
493,2,0.03225000000000041,0.026900000000000257
493,4,0.021500000000000102,0.010299999999999965
493,8,0.010749999999999963,0.006399999999999989
493,16,0.010749999999999963,0.0061499999999999905
493,32,0.006749999999999987,0.005549999999999994
497,1,0.04295000000000072,0.04295000000000072
497,2,0.021500000000000102,0.021500000000000102
497,4,0.01614999999999995,0.00959999999999997
497,8,0.010749999999999963,0.006999999999999985
497,16,0.009399999999999971,0.00629999999999999
497,32,0.006049999999999991,0.005449999999999995
496,1,0.04295000000000072,0.04295000000000072
496,2,0.021500000000000102,0.021500000000000102
496,4,0.01614999999999995,0.012549999999999952
496,8,0.010749999999999963,0.007199999999999984
496,16,0.008099999999999979,0.005849999999999992
496,32,0.006749999999999987,0.005549999999999994
498,1,0.04295000000000072,0.04295000000000072
498,2,0.04295000000000072,0.021500000000000102
498,4,0.021500000000000102,0.010099999999999967
498,8,0.010749999999999963,0.0071499999999999845
498,16,0.008099999999999979,0.005849999999999992
498,32,0.006749999999999987,0.005549999999999994
499,1,0.04295000000000072,0.04295000000000072
499,2,0.03225000000000041,0.026900000000000257
499,4,0.01614999999999995,0.009249999999999972
499,8,0.010749999999999963,0.006399999999999989
499,16,0.009399999999999971,0.005849999999999992
499,32,0.006049999999999991,0.0054999999999999945
500,1,0.04295000000000072,0.04295000000000072
500,2,0.04295000000000072,0.03010000000000035
500,4,0.021500000000000102,0.010849999999999962
500,8,0.013449999999999946,0.007199999999999984
500,16,0.010749999999999963,0.00619999999999999
500,32,0.006049999999999991,0.0054999999999999945
501,1,0.04295000000000072,0.04295000000000072
501,2,0.021500000000000102,0.021500000000000102
501,4,0.021500000000000102,0.009249999999999972
501,8,0.010749999999999963,0.006599999999999988
501,16,0.008099999999999979,0.005749999999999993
501,32,0.005399999999999995,0.005399999999999995
502,1,0.04295000000000072,0.04295000000000072
502,2,0.03225000000000041,0.021500000000000102
502,4,0.01614999999999995,0.01119999999999996
502,8,0.01614999999999995,0.0071499999999999845
502,16,0.009399999999999971,0.00619999999999999
502,32,0.008099999999999979,0.005649999999999994
503,1,0.04295000000000072,0.04295000000000072
503,2,0.03225000000000041,0.026900000000000257
503,4,0.01614999999999995,0.010949999999999962
503,8,0.010749999999999963,0.006549999999999988
503,16,0.008099999999999979,0.005849999999999992
503,32,0.005399999999999995,0.005399999999999995
505,1,0.04295000000000072,0.04295000000000072
505,2,0.03225000000000041,0.01795
505,4,0.01614999999999995,0.010749999999999963
505,8,0.010749999999999963,0.006449999999999989
505,16,0.008099999999999979,0.005849999999999992
505,32,0.006049999999999991,0.005449999999999995
504,1,0.04295000000000072,0.04295000000000072
504,2,0.021500000000000102,0.021500000000000102
504,4,0.021500000000000102,0.011749999999999957
504,8,0.013449999999999946,0.006699999999999987
504,16,0.010749999999999963,0.005849999999999992
504,32,0.006749999999999987,0.0054999999999999945
506,1,0.021500000000000102,0.021500000000000102
506,2,0.03225000000000041,0.026900000000000257
506,4,0.021500000000000102,0.010899999999999962
506,8,0.01614999999999995,0.0071499999999999845
506,16,0.009399999999999971,0.005849999999999992
506,32,0.006049999999999991,0.005449999999999995
507,1,0.04295000000000072,0.04295000000000072
507,2,0.021500000000000102,0.01795
507,4,0.01614999999999995,0.010399999999999965
507,8,0.010749999999999963,0.007349999999999983
507,16,0.009399999999999971,0.005799999999999993
507,32,0.006749999999999987,0.005549999999999994
508,1,0.06445000000000106,0.06445000000000106
508,2,0.03225000000000041,0.019750000000000052
508,4,0.01614999999999995,0.010199999999999966
508,8,0.010749999999999963,0.006799999999999987
508,16,0.008099999999999979,0.005749999999999993
508,32,0.006749999999999987,0.0054999999999999945
509,1,0.04295000000000072,0.04295000000000072
509,2,0.03225000000000041,0.01795
509,4,0.021500000000000102,0.010199999999999966
509,8,0.010749999999999963,0.00794999999999998
509,16,0.009399999999999971,0.0061499999999999905
509,32,0.008749999999999975,0.005649999999999994
510,1,0.04295000000000072,0.04295000000000072
510,2,0.03225000000000041,0.026900000000000257
510,4,0.021500000000000102,0.009949999999999968
510,8,0.01614999999999995,0.008099999999999979
510,16,0.010749999999999963,0.006049999999999991
510,32,0.007399999999999983,0.005549999999999994
511,1,0.06445000000000106,0.06445000000000106
511,2,0.03225000000000041,0.01614999999999995
511,4,0.021500000000000102,0.009849999999999968
511,8,0.01614999999999995,0.007449999999999983
511,16,0.008099999999999979,0.006049999999999991
511,32,0.006749999999999987,0.005449999999999995
512,1,0.04295000000000072,0.04295000000000072
512,2,0.03225000000000041,0.021500000000000102
512,4,0.01614999999999995,0.009749999999999969
512,8,0.010749999999999963,0.006799999999999987
512,16,0.008099999999999979,0.005849999999999992
512,32,0.008099999999999979,0.005549999999999994
513,1,0.04295000000000072,0.04295000000000072
513,2,0.021500000000000102,0.021500000000000102
513,4,0.01614999999999995,0.008749999999999975
513,8,0.010749999999999963,0.006849999999999986
513,16,0.008099999999999979,0.005799999999999993
513,32,0.005399999999999995,0.005399999999999995
514,1,0.04295000000000072,0.04295000000000072
514,2,0.03225000000000041,0.01795
514,4,0.01614999999999995,0.010149999999999966
514,8,0.01614999999999995,0.00789999999999998
514,16,0.009399999999999971,0.005899999999999992
514,32,0.006749999999999987,0.0054999999999999945
515,1,0.04295000000000072,0.04295000000000072
515,2,0.021500000000000102,0.019100000000000034
515,4,0.021500000000000102,0.009999999999999967
515,8,0.013449999999999946,0.006699999999999987
515,16,0.008099999999999979,0.005749999999999993
515,32,0.006749999999999987,0.005599999999999994
516,1,0.04295000000000072,0.04295000000000072
516,2,0.03225000000000041,0.029250000000000324
516,4,0.021500000000000102,0.011449999999999958
516,8,0.013449999999999946,0.007249999999999984
516,16,0.010749999999999963,0.006049999999999991
516,32,0.006049999999999991,0.0054999999999999945
517,1,0.04295000000000072,0.04295000000000072
517,2,0.021500000000000102,0.021500000000000102
517,4,0.021500000000000102,0.010149999999999966
517,8,0.010749999999999963,0.007349999999999983
517,16,0.008099999999999979,0.006049999999999991
517,32,0.006049999999999991,0.0054999999999999945
518,1,0.04295000000000072,0.04295000000000072
518,2,0.021500000000000102,0.021500000000000102
518,4,0.01614999999999995,0.009249999999999972
518,8,0.013449999999999946,0.007399999999999983
518,16,0.008099999999999979,0.005749999999999993
518,32,0.005399999999999995,0.005399999999999995
519,1,0.04295000000000072,0.04295000000000072
519,2,0.021500000000000102,0.01795
519,4,0.01614999999999995,0.009199999999999972
519,8,0.010749999999999963,0.006999999999999985
519,16,0.008099999999999979,0.005749999999999993
519,32,0.005399999999999995,0.005399999999999995
520,1,0.04295000000000072,0.04295000000000072
520,2,0.03225000000000041,0.028650000000000307
520,4,0.01614999999999995,0.010299999999999965
520,8,0.013449999999999946,0.007699999999999981
520,16,0.009399999999999971,0.0059999999999999915
520,32,0.008099999999999979,0.005549999999999994
521,1,0.04295000000000072,0.04295000000000072
521,2,0.021500000000000102,0.01795
521,4,0.01614999999999995,0.00949999999999997
521,8,0.013449999999999946,0.007299999999999984
521,16,0.009399999999999971,0.0061499999999999905
521,32,0.006749999999999987,0.005549999999999994
522,1,0.04295000000000072,0.04295000000000072
522,2,0.021500000000000102,0.021500000000000102
522,4,0.01614999999999995,0.00964999999999997
522,8,0.010749999999999963,0.006399999999999989
522,16,0.009399999999999971,0.005849999999999992
522,32,0.006749999999999987,0.005549999999999994
523,1,0.04295000000000072,0.04295000000000072
523,2,0.021500000000000102,0.014349999999999941
523,4,0.021500000000000102,0.010499999999999964
523,8,0.013449999999999946,0.008049999999999979
523,16,0.009399999999999971,0.0059999999999999915
523,32,0.006749999999999987,0.005549999999999994
524,1,0.04295000000000072,0.04295000000000072
524,2,0.03225000000000041,0.026900000000000257
524,4,0.01614999999999995,0.008399999999999977
524,8,0.01614999999999995,0.00784999999999998
524,16,0.010749999999999963,0.006099999999999991
524,32,0.006049999999999991,0.005449999999999995
525,1,0.04295000000000072,0.04295000000000072
525,2,0.021500000000000102,0.021500000000000102
525,4,0.01614999999999995,0.010199999999999966
525,8,0.013449999999999946,0.007049999999999985
525,16,0.009399999999999971,0.005899999999999992
525,32,0.005399999999999995,0.005399999999999995
526,1,0.04295000000000072,0.04295000000000072
526,2,0.03225000000000041,0.01795
526,4,0.01614999999999995,0.009049999999999973
526,8,0.010749999999999963,0.0061499999999999905
526,16,0.006749999999999987,0.005599999999999994
526,32,0.005399999999999995,0.005399999999999995
527,1,0.04295000000000072,0.04295000000000072
527,2,0.03225000000000041,0.021500000000000102
527,4,0.01614999999999995,0.010249999999999966
527,8,0.010749999999999963,0.006999999999999985
527,16,0.009399999999999971,0.0059999999999999915
527,32,0.006049999999999991,0.005449999999999995
528,1,0.021500000000000102,0.021500000000000102
528,2,0.021500000000000102,0.021500000000000102
528,4,0.01614999999999995,0.010449999999999965
528,8,0.013449999999999946,0.008349999999999977
528,16,0.009399999999999971,0.005899999999999992
528,32,0.006049999999999991,0.0054999999999999945
529,1,0.04295000000000072,0.04295000000000072
529,2,0.03225000000000041,0.019750000000000052
529,4,0.01614999999999995,0.010199999999999966
529,8,0.010749999999999963,0.006949999999999986
529,16,0.009399999999999971,0.005899999999999992
529,32,0.006749999999999987,0.0054999999999999945
530,1,0.04295000000000072,0.04295000000000072
530,2,0.03225000000000041,0.028650000000000307
530,4,0.01614999999999995,0.010049999999999967
530,8,0.013449999999999946,0.006849999999999986
530,16,0.009399999999999971,0.006349999999999989
530,32,0.006749999999999987,0.005549999999999994
531,1,0.04295000000000072,0.04295000000000072
531,2,0.03225000000000041,0.021500000000000102
531,4,0.01614999999999995,0.00944999999999997
531,8,0.013449999999999946,0.006999999999999985
531,16,0.008099999999999979,0.005749999999999993
531,32,0.006049999999999991,0.005449999999999995
532,1,0.04295000000000072,0.04295000000000072
532,2,0.021500000000000102,0.01795
532,4,0.01614999999999995,0.009949999999999968
532,8,0.010749999999999963,0.006699999999999987
532,16,0.008099999999999979,0.005799999999999993
532,32,0.006749999999999987,0.005549999999999994
534,1,0.04295000000000072,0.04295000000000072
534,2,0.03225000000000041,0.02420000000000018
534,4,0.021500000000000102,0.010649999999999963
534,8,0.01614999999999995,0.0071499999999999845
534,16,0.009399999999999971,0.0059999999999999915
534,32,0.007399999999999983,0.005549999999999994
533,1,0.04295000000000072,0.04295000000000072
533,2,0.021500000000000102,0.021500000000000102
533,4,0.01614999999999995,0.010149999999999966
533,8,0.010749999999999963,0.006549999999999988
533,16,0.008099999999999979,0.0059999999999999915
533,32,0.006749999999999987,0.0054999999999999945
535,1,0.04295000000000072,0.04295000000000072
535,2,0.021500000000000102,0.021500000000000102
535,4,0.01614999999999995,0.010199999999999966
535,8,0.013449999999999946,0.007749999999999981
535,16,0.010749999999999963,0.006349999999999989
535,32,0.007399999999999983,0.005649999999999994
536,1,0.04295000000000072,0.04295000000000072
536,2,0.03225000000000041,0.026900000000000257
536,4,0.021500000000000102,0.010249999999999966
536,8,0.010749999999999963,0.006899999999999986
536,16,0.009399999999999971,0.006099999999999991
536,32,0.007399999999999983,0.005549999999999994
537,1,0.04295000000000072,0.04295000000000072
537,2,0.021500000000000102,0.01795
537,4,0.01614999999999995,0.009049999999999973
537,8,0.013449999999999946,0.0071499999999999845
537,16,0.009399999999999971,0.0059999999999999915
537,32,0.006049999999999991,0.005449999999999995
538,1,0.021500000000000102,0.021500000000000102
538,2,0.03225000000000041,0.01795
538,4,0.01614999999999995,0.01124999999999996
538,8,0.010749999999999963,0.006999999999999985
538,16,0.009399999999999971,0.006049999999999991
538,32,0.006049999999999991,0.005449999999999995
539,1,0.04295000000000072,0.04295000000000072
539,2,0.021500000000000102,0.021500000000000102
539,4,0.021500000000000102,0.010749999999999963
539,8,0.010749999999999963,0.006899999999999986
539,16,0.009399999999999971,0.005899999999999992
539,32,0.007399999999999983,0.005599999999999994
540,1,0.04295000000000072,0.04295000000000072
540,2,0.03225000000000041,0.026900000000000257
540,4,0.01614999999999995,0.009899999999999968
540,8,0.013449999999999946,0.007499999999999982
540,16,0.008099999999999979,0.006099999999999991
540,32,0.006049999999999991,0.005549999999999994
543,1,0.04295000000000072,0.04295000000000072
543,2,0.03225000000000041,0.021500000000000102
543,4,0.01614999999999995,0.009249999999999972
543,8,0.010749999999999963,0.006549999999999988
543,16,0.008099999999999979,0.005899999999999992
543,32,0.006749999999999987,0.0054999999999999945
541,1,0.04295000000000072,0.04295000000000072
541,2,0.021500000000000102,0.021500000000000102
541,4,0.01614999999999995,0.010749999999999963
541,8,0.01614999999999995,0.007249999999999984
541,16,0.008099999999999979,0.005749999999999993
541,32,0.005399999999999995,0.005399999999999995
542,1,0.04295000000000072,0.04295000000000072
542,2,0.021500000000000102,0.021500000000000102
542,4,0.01614999999999995,0.010349999999999965
542,8,0.013449999999999946,0.006799999999999987
542,16,0.008099999999999979,0.0059999999999999915
542,32,0.006749999999999987,0.0054999999999999945
544,1,0.04295000000000072,0.04295000000000072
544,2,0.03225000000000041,0.021500000000000102
544,4,0.021500000000000102,0.010049999999999967
544,8,0.010749999999999963,0.006949999999999986
544,16,0.009399999999999971,0.006049999999999991
544,32,0.008099999999999979,0.005649999999999994
546,1,0.04295000000000072,0.04295000000000072
546,2,0.021500000000000102,0.021500000000000102
546,4,0.01614999999999995,0.010699999999999963
546,8,0.013449999999999946,0.007049999999999985
546,16,0.009399999999999971,0.0059999999999999915
546,32,0.008099999999999979,0.005649999999999994
545,1,0.04295000000000072,0.04295000000000072
545,2,0.021500000000000102,0.021500000000000102
545,4,0.01614999999999995,0.010749999999999963
545,8,0.010749999999999963,0.006749999999999987
545,16,0.009399999999999971,0.005699999999999993
545,32,0.006049999999999991,0.005449999999999995
547,1,0.04295000000000072,0.04295000000000072
547,2,0.021500000000000102,0.01795
547,4,0.01614999999999995,0.009799999999999968
547,8,0.013449999999999946,0.007399999999999983
547,16,0.009399999999999971,0.0061499999999999905
547,32,0.006749999999999987,0.005549999999999994
548,1,0.04295000000000072,0.04295000000000072
548,2,0.03225000000000041,0.021500000000000102
548,4,0.01614999999999995,0.009299999999999971
548,8,0.013449999999999946,0.007599999999999982
548,16,0.009399999999999971,0.005749999999999993
548,32,0.006749999999999987,0.005549999999999994
549,1,0.04295000000000072,0.04295000000000072
549,2,0.03225000000000041,0.021500000000000102
549,4,0.01614999999999995,0.009799999999999968
549,8,0.010749999999999963,0.007399999999999983
549,16,0.009399999999999971,0.0059999999999999915
549,32,0.006749999999999987,0.005549999999999994
550,1,0.04295000000000072,0.04295000000000072
550,2,0.021500000000000102,0.021500000000000102
550,4,0.026850000000000256,0.010849999999999962
550,8,0.01614999999999995,0.007499999999999982
550,16,0.010749999999999963,0.00629999999999999
550,32,0.006749999999999987,0.005549999999999994
553,1,0.04295000000000072,0.04295000000000072
553,2,0.021500000000000102,0.019100000000000034
553,4,0.01614999999999995,0.010599999999999964
553,8,0.010749999999999963,0.007699999999999981
553,16,0.006749999999999987,0.005699999999999993
553,32,0.006049999999999991,0.0054999999999999945
552,1,0.04295000000000072,0.04295000000000072
552,2,0.03225000000000041,0.020300000000000068
552,4,0.01614999999999995,0.00959999999999997
552,8,0.010749999999999963,0.006699999999999987
552,16,0.008099999999999979,0.006049999999999991
552,32,0.007399999999999983,0.005599999999999994
551,1,0.04295000000000072,0.04295000000000072
551,2,0.021500000000000102,0.01795
551,4,0.01614999999999995,0.008849999999999974
551,8,0.010749999999999963,0.006849999999999986
551,16,0.008099999999999979,0.005949999999999992
551,32,0.007399999999999983,0.005549999999999994
554,1,0.06445000000000106,0.06445000000000106
554,2,0.03225000000000041,0.026900000000000257
554,4,0.021500000000000102,0.011949999999999955
554,8,0.013449999999999946,0.0076499999999999815
554,16,0.008099999999999979,0.005949999999999992
554,32,0.006749999999999987,0.0054999999999999945
555,1,0.04295000000000072,0.04295000000000072
555,2,0.021500000000000102,0.01795
555,4,0.01614999999999995,0.009899999999999968
555,8,0.013449999999999946,0.007549999999999982
555,16,0.008099999999999979,0.005949999999999992
555,32,0.007399999999999983,0.005549999999999994
556,1,0.04295000000000072,0.04295000000000072
556,2,0.04295000000000072,0.0249500000000002
556,4,0.026850000000000256,0.01119999999999996
556,8,0.013449999999999946,0.007249999999999984
556,16,0.009399999999999971,0.0061499999999999905
556,32,0.007399999999999983,0.005599999999999994
557,1,0.04295000000000072,0.04295000000000072
557,2,0.03225000000000041,0.021500000000000102
557,4,0.021500000000000102,0.012649999999999951
557,8,0.013449999999999946,0.0076499999999999815
557,16,0.009399999999999971,0.005949999999999992
557,32,0.006749999999999987,0.0054999999999999945
558,1,0.04295000000000072,0.04295000000000072
558,2,0.021500000000000102,0.01795
558,4,0.01614999999999995,0.009999999999999967
558,8,0.010749999999999963,0.006799999999999987
558,16,0.009399999999999971,0.005749999999999993
558,32,0.005399999999999995,0.005399999999999995
559,1,0.04295000000000072,0.04295000000000072
559,2,0.021500000000000102,0.01795
559,4,0.01614999999999995,0.009399999999999971
559,8,0.010749999999999963,0.006399999999999989
559,16,0.006749999999999987,0.005699999999999993
559,32,0.006749999999999987,0.005549999999999994
560,1,0.04295000000000072,0.04295000000000072
560,2,0.021500000000000102,0.01795
560,4,0.01614999999999995,0.00954999999999997
560,8,0.013449999999999946,0.007099999999999985
560,16,0.009399999999999971,0.005899999999999992
560,32,0.006049999999999991,0.005449999999999995
561,1,0.04295000000000072,0.04295000000000072
561,2,0.03225000000000041,0.026900000000000257
561,4,0.01614999999999995,0.00959999999999997
561,8,0.010749999999999963,0.0066499999999999875
561,16,0.009399999999999971,0.005849999999999992
561,32,0.006049999999999991,0.005449999999999995
562,1,0.04295000000000072,0.04295000000000072
562,2,0.03225000000000041,0.01614999999999995
562,4,0.01614999999999995,0.008749999999999975
562,8,0.010749999999999963,0.007299999999999984
562,16,0.008099999999999979,0.005949999999999992
562,32,0.006749999999999987,0.005549999999999994
563,1,0.04295000000000072,0.04295000000000072
563,2,0.021500000000000102,0.021500000000000102
563,4,0.01614999999999995,0.01289999999999995
563,8,0.010749999999999963,0.006749999999999987
563,16,0.008099999999999979,0.005699999999999993
563,32,0.007399999999999983,0.005549999999999994
564,1,0.04295000000000072,0.04295000000000072
564,2,0.021500000000000102,0.021500000000000102
564,4,0.021500000000000102,0.009799999999999968
564,8,0.013449999999999946,0.008049999999999979
564,16,0.010749999999999963,0.0061499999999999905
564,32,0.008749999999999975,0.005849999999999992
565,1,0.04295000000000072,0.04295000000000072
565,2,0.03225000000000041,0.021500000000000102
565,4,0.01614999999999995,0.010199999999999966
565,8,0.013449999999999946,0.007099999999999985
565,16,0.008099999999999979,0.005849999999999992
565,32,0.006749999999999987,0.0054999999999999945
566,1,0.04295000000000072,0.04295000000000072
566,2,0.021500000000000102,0.014349999999999941
566,4,0.01614999999999995,0.008599999999999976
566,8,0.013449999999999946,0.006849999999999986
566,16,0.008099999999999979,0.005649999999999994
566,32,0.005399999999999995,0.005399999999999995
567,1,0.04295000000000072,0.04295000000000072
567,2,0.021500000000000102,0.021500000000000102
567,4,0.021500000000000102,0.01114999999999996
567,8,0.010749999999999963,0.0071499999999999845
567,16,0.009399999999999971,0.006049999999999991
567,32,0.006749999999999987,0.0054999999999999945
568,1,0.04295000000000072,0.04295000000000072
568,2,0.03225000000000041,0.01795
568,4,0.021500000000000102,0.010499999999999964
568,8,0.013449999999999946,0.0071499999999999845
568,16,0.010749999999999963,0.0059999999999999915
568,32,0.006049999999999991,0.005449999999999995
569,1,0.04295000000000072,0.04295000000000072
569,2,0.03225000000000041,0.021500000000000102
569,4,0.01614999999999995,0.009099999999999973
569,8,0.010749999999999963,0.006799999999999987
569,16,0.008099999999999979,0.005849999999999992
569,32,0.005399999999999995,0.005399999999999995
570,1,0.04295000000000072,0.04295000000000072
570,2,0.021500000000000102,0.01795
570,4,0.01614999999999995,0.009199999999999972
570,8,0.013449999999999946,0.006599999999999988
570,16,0.009399999999999971,0.005849999999999992
570,32,0.006749999999999987,0.0054999999999999945
573,1,0.04295000000000072,0.04295000000000072
573,2,0.021500000000000102,0.021500000000000102
573,4,0.010749999999999963,0.009099999999999973
573,8,0.010749999999999963,0.006699999999999987
573,16,0.009399999999999971,0.005799999999999993
573,32,0.006049999999999991,0.005449999999999995
572,1,0.04295000000000072,0.04295000000000072
572,2,0.021500000000000102,0.021500000000000102
572,4,0.01614999999999995,0.00949999999999997
572,8,0.013449999999999946,0.00794999999999998
572,16,0.008099999999999979,0.005949999999999992
572,32,0.006049999999999991,0.005449999999999995
571,1,0.04295000000000072,0.04295000000000072
571,2,0.03225000000000041,0.021500000000000102
571,4,0.01614999999999995,0.009249999999999972
571,8,0.010749999999999963,0.006899999999999986
571,16,0.006749999999999987,0.005749999999999993
571,32,0.005399999999999995,0.005399999999999995
574,1,0.04295000000000072,0.04295000000000072
574,2,0.021500000000000102,0.014349999999999941
574,4,0.01614999999999995,0.00959999999999997
574,8,0.010749999999999963,0.007249999999999984
574,16,0.008099999999999979,0.0059999999999999915
574,32,0.006049999999999991,0.005449999999999995
575,1,0.04295000000000072,0.04295000000000072
575,2,0.021500000000000102,0.01795
575,4,0.021500000000000102,0.00964999999999997
575,8,0.013449999999999946,0.006849999999999986
575,16,0.008099999999999979,0.005799999999999993
575,32,0.008099999999999979,0.005549999999999994
576,1,0.04295000000000072,0.04295000000000072
576,2,0.03225000000000041,0.01795
576,4,0.021500000000000102,0.009799999999999968
576,8,0.013449999999999946,0.006899999999999986
576,16,0.009399999999999971,0.006099999999999991
576,32,0.007399999999999983,0.005599999999999994
577,1,0.04295000000000072,0.04295000000000072
577,2,0.021500000000000102,0.01795
577,4,0.01614999999999995,0.009099999999999973
577,8,0.013449999999999946,0.007099999999999985
577,16,0.010749999999999963,0.006099999999999991
577,32,0.006749999999999987,0.005549999999999994
578,1,0.04295000000000072,0.04295000000000072
578,2,0.021500000000000102,0.019100000000000034
578,4,0.01614999999999995,0.010499999999999964
578,8,0.010749999999999963,0.0066499999999999875
578,16,0.006749999999999987,0.005749999999999993
578,32,0.006049999999999991,0.005449999999999995
579,1,0.04295000000000072,0.04295000000000072
579,2,0.03225000000000041,0.021500000000000102
579,4,0.01614999999999995,0.010499999999999964
579,8,0.010749999999999963,0.006499999999999988
579,16,0.008099999999999979,0.005749999999999993
579,32,0.006049999999999991,0.005449999999999995
582,1,0.04295000000000072,0.04295000000000072
582,2,0.03225000000000041,0.021500000000000102
582,4,0.021500000000000102,0.014299999999999941
582,8,0.01614999999999995,0.00784999999999998
582,16,0.009399999999999971,0.005899999999999992
582,32,0.006049999999999991,0.005449999999999995
581,1,0.04295000000000072,0.04295000000000072
581,2,0.03225000000000041,0.026900000000000257
581,4,0.01614999999999995,0.010899999999999962
581,8,0.010749999999999963,0.0071499999999999845
581,16,0.012099999999999955,0.006399999999999989
581,32,0.006749999999999987,0.005549999999999994
580,1,0.04295000000000072,0.04295000000000072
580,2,0.03225000000000041,0.028650000000000307
580,4,0.021500000000000102,0.012249999999999954
580,8,0.013449999999999946,0.007449999999999983
580,16,0.010749999999999963,0.006099999999999991
580,32,0.007399999999999983,0.005599999999999994
583,1,0.04295000000000072,0.04295000000000072
583,2,0.04295000000000072,0.022600000000000134
583,4,0.021500000000000102,0.010299999999999965
583,8,0.013449999999999946,0.007299999999999984
583,16,0.010749999999999963,0.0059999999999999915
583,32,0.006749999999999987,0.0054999999999999945
584,1,0.06445000000000106,0.06445000000000106
584,2,0.03225000000000041,0.01795
584,4,0.01614999999999995,0.010749999999999963
584,8,0.010749999999999963,0.006899999999999986
584,16,0.008099999999999979,0.005899999999999992
584,32,0.006049999999999991,0.005449999999999995
585,1,0.06445000000000106,0.06445000000000106
585,2,0.04295000000000072,0.03010000000000035
585,4,0.021500000000000102,0.00944999999999997
585,8,0.013449999999999946,0.006899999999999986
585,16,0.008099999999999979,0.005899999999999992
585,32,0.008099999999999979,0.005599999999999994
586,1,0.04295000000000072,0.04295000000000072
586,2,0.021500000000000102,0.021500000000000102
586,4,0.01614999999999995,0.010149999999999966
586,8,0.010749999999999963,0.006699999999999987
586,16,0.008099999999999979,0.005749999999999993
586,32,0.006049999999999991,0.0054999999999999945
587,1,0.04295000000000072,0.04295000000000072
587,2,0.021500000000000102,0.021500000000000102
587,4,0.01614999999999995,0.010749999999999963
587,8,0.010749999999999963,0.006699999999999987
587,16,0.008099999999999979,0.005899999999999992
587,32,0.006749999999999987,0.005549999999999994
588,1,0.04295000000000072,0.04295000000000072
588,2,0.021500000000000102,0.021500000000000102
588,4,0.01614999999999995,0.009849999999999968
588,8,0.010749999999999963,0.007449999999999983
588,16,0.009399999999999971,0.0059999999999999915
588,32,0.006749999999999987,0.005549999999999994
589,1,0.04295000000000072,0.04295000000000072
589,2,0.021500000000000102,0.01795
589,4,0.021500000000000102,0.008949999999999974
589,8,0.013449999999999946,0.006999999999999985
589,16,0.008099999999999979,0.0059999999999999915
589,32,0.006049999999999991,0.0054999999999999945
591,1,0.06445000000000106,0.06445000000000106
591,2,0.03225000000000041,0.021500000000000102
591,4,0.01614999999999995,0.009749999999999969
591,8,0.013449999999999946,0.006849999999999986
591,16,0.008099999999999979,0.0059999999999999915
591,32,0.006749999999999987,0.005549999999999994
590,1,0.04295000000000072,0.04295000000000072
590,2,0.021500000000000102,0.021500000000000102
590,4,0.01614999999999995,0.012549999999999952
590,8,0.013449999999999946,0.006849999999999986
590,16,0.008099999999999979,0.005849999999999992
590,32,0.005399999999999995,0.005399999999999995
592,1,0.04295000000000072,0.04295000000000072
592,2,0.021500000000000102,0.01795
592,4,0.01614999999999995,0.010399999999999965
592,8,0.013449999999999946,0.007199999999999984
592,16,0.009399999999999971,0.0061499999999999905
592,32,0.006049999999999991,0.005449999999999995
593,1,0.04295000000000072,0.04295000000000072
593,2,0.021500000000000102,0.014349999999999941
593,4,0.01614999999999995,0.00944999999999997
593,8,0.010749999999999963,0.006549999999999988
593,16,0.010749999999999963,0.005949999999999992
593,32,0.008099999999999979,0.005649999999999994
594,1,0.04295000000000072,0.04295000000000072
594,2,0.03225000000000041,0.026900000000000257
594,4,0.021500000000000102,0.011699999999999957
594,8,0.010749999999999963,0.006949999999999986
594,16,0.008099999999999979,0.005849999999999992
594,32,0.007399999999999983,0.005549999999999994
595,1,0.04295000000000072,0.04295000000000072
595,2,0.021500000000000102,0.021500000000000102
595,4,0.01614999999999995,0.009099999999999973
595,8,0.010749999999999963,0.006899999999999986
595,16,0.008099999999999979,0.005799999999999993
595,32,0.006749999999999987,0.005549999999999994
596,1,0.04295000000000072,0.04295000000000072
596,2,0.021500000000000102,0.021500000000000102
596,4,0.01614999999999995,0.009049999999999973
596,8,0.010749999999999963,0.006849999999999986
596,16,0.008099999999999979,0.005799999999999993
596,32,0.006049999999999991,0.005449999999999995
597,1,0.04295000000000072,0.04295000000000072
597,2,0.021500000000000102,0.021500000000000102
597,4,0.01614999999999995,0.00954999999999997
597,8,0.010749999999999963,0.006799999999999987
597,16,0.008099999999999979,0.005899999999999992
597,32,0.005399999999999995,0.005399999999999995
598,1,0.04295000000000072,0.04295000000000072
598,2,0.021500000000000102,0.021500000000000102
598,4,0.021500000000000102,0.013649999999999945
598,8,0.010749999999999963,0.007199999999999984
598,16,0.009399999999999971,0.006049999999999991
598,32,0.006749999999999987,0.005549999999999994
599,1,0.04295000000000072,0.04295000000000072
599,2,0.021500000000000102,0.021500000000000102
599,4,0.01614999999999995,0.008599999999999976
599,8,0.010749999999999963,0.006899999999999986
599,16,0.008099999999999979,0.005949999999999992
599,32,0.006749999999999987,0.0054999999999999945
600,1,0.04295000000000072,0.04295000000000072
600,2,0.021500000000000102,0.01795
600,4,0.01614999999999995,0.00954999999999997
600,8,0.010749999999999963,0.007099999999999985
600,16,0.006749999999999987,0.005749999999999993
600,32,0.006749999999999987,0.005549999999999994
604,1,0.04295000000000072,0.04295000000000072
604,2,0.03225000000000041,0.021500000000000102
604,4,0.01614999999999995,0.010149999999999966
604,8,0.010749999999999963,0.007549999999999982
604,16,0.009399999999999971,0.005949999999999992
604,32,0.006749999999999987,0.005549999999999994
602,1,0.06445000000000106,0.06445000000000106
602,2,0.03225000000000041,0.021500000000000102
602,4,0.01614999999999995,0.009849999999999968
602,8,0.010749999999999963,0.007199999999999984
602,16,0.008099999999999979,0.005749999999999993
602,32,0.006049999999999991,0.005449999999999995
601,1,0.04295000000000072,0.04295000000000072
601,2,0.03225000000000041,0.021500000000000102
601,4,0.021500000000000102,0.010749999999999963
601,8,0.013449999999999946,0.007349999999999983
601,16,0.009399999999999971,0.006099999999999991
601,32,0.007399999999999983,0.0054999999999999945
603,1,0.04295000000000072,0.04295000000000072
603,2,0.03225000000000041,0.019750000000000052
603,4,0.01614999999999995,0.010599999999999964
603,8,0.010749999999999963,0.006699999999999987
603,16,0.008099999999999979,0.005699999999999993
603,32,0.005399999999999995,0.005399999999999995
606,1,0.04295000000000072,0.04295000000000072
606,2,0.021500000000000102,0.021500000000000102
606,4,0.01614999999999995,0.009049999999999973
606,8,0.010749999999999963,0.006549999999999988
606,16,0.008099999999999979,0.005799999999999993
606,32,0.006749999999999987,0.005549999999999994
605,1,0.04295000000000072,0.04295000000000072
605,2,0.021500000000000102,0.01795
605,4,0.01614999999999995,0.009299999999999971
605,8,0.013449999999999946,0.007299999999999984
605,16,0.009399999999999971,0.00619999999999999
605,32,0.006049999999999991,0.005549999999999994
607,1,0.04295000000000072,0.04295000000000072
607,2,0.021500000000000102,0.021500000000000102
607,4,0.01614999999999995,0.010199999999999966
607,8,0.010749999999999963,0.0066499999999999875
607,16,0.008099999999999979,0.005649999999999994
607,32,0.006749999999999987,0.005549999999999994
608,1,0.04295000000000072,0.04295000000000072
608,2,0.021500000000000102,0.021500000000000102
608,4,0.01614999999999995,0.009299999999999971
608,8,0.010749999999999963,0.006749999999999987
608,16,0.006749999999999987,0.005749999999999993
608,32,0.006749999999999987,0.005549999999999994
609,1,0.04295000000000072,0.04295000000000072
609,2,0.021500000000000102,0.021500000000000102
609,4,0.01614999999999995,0.009049999999999973
609,8,0.013449999999999946,0.007099999999999985
609,16,0.008099999999999979,0.005849999999999992
609,32,0.005399999999999995,0.005399999999999995
610,1,0.04295000000000072,0.04295000000000072
610,2,0.021500000000000102,0.021500000000000102
610,4,0.01614999999999995,0.010349999999999965
610,8,0.010749999999999963,0.007349999999999983
610,16,0.010749999999999963,0.005949999999999992
610,32,0.008099999999999979,0.005649999999999994
613,1,0.021500000000000102,0.021500000000000102
613,2,0.021500000000000102,0.014349999999999941
613,4,0.021500000000000102,0.011649999999999957
613,8,0.013449999999999946,0.006899999999999986
613,16,0.009399999999999971,0.005749999999999993
613,32,0.006049999999999991,0.0054999999999999945
614,1,0.04295000000000072,0.04295000000000072
614,2,0.03225000000000041,0.026900000000000257
614,4,0.01614999999999995,0.009799999999999968
614,8,0.013449999999999946,0.007449999999999983
614,16,0.008099999999999979,0.005749999999999993
614,32,0.006749999999999987,0.005549999999999994
612,1,0.04295000000000072,0.04295000000000072
612,2,0.021500000000000102,0.019100000000000034
612,4,0.01614999999999995,0.00949999999999997
612,8,0.010749999999999963,0.007399999999999983
612,16,0.009399999999999971,0.0059999999999999915
612,32,0.006749999999999987,0.005549999999999994
615,1,0.04295000000000072,0.04295000000000072
615,2,0.03225000000000041,0.028650000000000307
615,4,0.026850000000000256,0.010149999999999966
615,8,0.013449999999999946,0.0071499999999999845
615,16,0.006749999999999987,0.005699999999999993
615,32,0.006049999999999991,0.005449999999999995
611,1,0.04295000000000072,0.04295000000000072
611,2,0.03225000000000041,0.021500000000000102
611,4,0.026850000000000256,0.009949999999999968
611,8,0.013449999999999946,0.007199999999999984
611,16,0.008099999999999979,0.005949999999999992
611,32,0.008099999999999979,0.005649999999999994
616,1,0.04295000000000072,0.04295000000000072
616,2,0.021500000000000102,0.021500000000000102
616,4,0.01614999999999995,0.010749999999999963
616,8,0.010749999999999963,0.006799999999999987
616,16,0.009399999999999971,0.0059999999999999915
616,32,0.006049999999999991,0.005449999999999995
617,1,0.04295000000000072,0.04295000000000072
617,2,0.021500000000000102,0.021500000000000102
617,4,0.021500000000000102,0.013499999999999946
617,8,0.010749999999999963,0.007249999999999984
617,16,0.008099999999999979,0.0059999999999999915
617,32,0.006049999999999991,0.005449999999999995
618,1,0.04295000000000072,0.04295000000000072
618,2,0.03225000000000041,0.029550000000000333
618,4,0.021500000000000102,0.010199999999999966
618,8,0.013449999999999946,0.006999999999999985
618,16,0.008099999999999979,0.005699999999999993
618,32,0.005399999999999995,0.005399999999999995
619,1,0.04295000000000072,0.04295000000000072
619,2,0.03225000000000041,0.026900000000000257
619,4,0.01614999999999995,0.00959999999999997
619,8,0.01614999999999995,0.007449999999999983
619,16,0.009399999999999971,0.006049999999999991
619,32,0.008749999999999975,0.005549999999999994
621,1,0.04295000000000072,0.04295000000000072
621,2,0.021500000000000102,0.021500000000000102
621,4,0.01614999999999995,0.010999999999999961
621,8,0.010749999999999963,0.006999999999999985
621,16,0.009399999999999971,0.006099999999999991
621,32,0.007399999999999983,0.005549999999999994
620,1,0.04295000000000072,0.04295000000000072
620,2,0.021500000000000102,0.021500000000000102
620,4,0.01614999999999995,0.009999999999999967
620,8,0.010749999999999963,0.006699999999999987
620,16,0.009399999999999971,0.005849999999999992
620,32,0.006049999999999991,0.0054999999999999945
624,1,0.04295000000000072,0.04295000000000072
624,2,0.021500000000000102,0.01795
624,4,0.01614999999999995,0.008399999999999977
624,8,0.010749999999999963,0.006399999999999989
624,16,0.006749999999999987,0.005699999999999993
624,32,0.005399999999999995,0.005399999999999995
623,1,0.04295000000000072,0.04295000000000072
623,2,0.021500000000000102,0.01795
623,4,0.01614999999999995,0.010099999999999967
623,8,0.010749999999999963,0.006899999999999986
623,16,0.009399999999999971,0.005749999999999993
623,32,0.005399999999999995,0.005399999999999995
622,1,0.04295000000000072,0.04295000000000072
622,2,0.03225000000000041,0.019750000000000052
622,4,0.026850000000000256,0.009299999999999971
622,8,0.01614999999999995,0.007199999999999984
622,16,0.009399999999999971,0.005849999999999992
622,32,0.006749999999999987,0.005549999999999994
625,1,0.04295000000000072,0.04295000000000072
625,2,0.03225000000000041,0.021500000000000102
625,4,0.021500000000000102,0.011049999999999961
625,8,0.01614999999999995,0.007449999999999983
625,16,0.008099999999999979,0.005949999999999992
625,32,0.005399999999999995,0.005399999999999995
626,1,0.04295000000000072,0.04295000000000072
626,2,0.03225000000000041,0.021500000000000102
626,4,0.021500000000000102,0.011049999999999961
626,8,0.013449999999999946,0.007249999999999984
626,16,0.008099999999999979,0.005949999999999992
626,32,0.006749999999999987,0.0054999999999999945
627,1,0.04295000000000072,0.04295000000000072
627,2,0.03225000000000041,0.026900000000000257
627,4,0.01614999999999995,0.00949999999999997
627,8,0.010749999999999963,0.006699999999999987
627,16,0.009399999999999971,0.006099999999999991
627,32,0.007399999999999983,0.005549999999999994
628,1,0.04295000000000072,0.04295000000000072
628,2,0.03225000000000041,0.019750000000000052
628,4,0.01614999999999995,0.010449999999999965
628,8,0.010749999999999963,0.006499999999999988
628,16,0.006749999999999987,0.005699999999999993
628,32,0.006049999999999991,0.005449999999999995
629,1,0.04295000000000072,0.04295000000000072
629,2,0.021500000000000102,0.019100000000000034
629,4,0.021500000000000102,0.010899999999999962
629,8,0.013449999999999946,0.007099999999999985
629,16,0.008099999999999979,0.005749999999999993
629,32,0.005399999999999995,0.005399999999999995
630,1,0.021500000000000102,0.021500000000000102
630,2,0.021500000000000102,0.014349999999999941
630,4,0.01614999999999995,0.010699999999999963
630,8,0.010749999999999963,0.007199999999999984
630,16,0.008099999999999979,0.005849999999999992
630,32,0.005399999999999995,0.005399999999999995
631,1,0.04295000000000072,0.04295000000000072
631,2,0.03225000000000041,0.021500000000000102
631,4,0.01614999999999995,0.010849999999999962
631,8,0.013449999999999946,0.006799999999999987
631,16,0.009399999999999971,0.006049999999999991
631,32,0.006749999999999987,0.0054999999999999945
632,1,0.04295000000000072,0.04295000000000072
632,2,0.021500000000000102,0.021500000000000102
632,4,0.01614999999999995,0.010699999999999963
632,8,0.013449999999999946,0.007049999999999985
632,16,0.008099999999999979,0.00619999999999999
632,32,0.007399999999999983,0.005549999999999994
633,1,0.06445000000000106,0.06445000000000106
633,2,0.03225000000000041,0.021500000000000102
633,4,0.01614999999999995,0.009199999999999972
633,8,0.010749999999999963,0.006449999999999989
633,16,0.009399999999999971,0.005699999999999993
633,32,0.006049999999999991,0.005449999999999995
635,1,0.04295000000000072,0.04295000000000072
635,2,0.021500000000000102,0.01795
635,4,0.021500000000000102,0.010499999999999964
635,8,0.013449999999999946,0.007399999999999983
635,16,0.010749999999999963,0.006099999999999991
635,32,0.006749999999999987,0.005599999999999994
634,1,0.04295000000000072,0.04295000000000072
634,2,0.03225000000000041,0.021500000000000102
634,4,0.021500000000000102,0.01274999999999995
634,8,0.013449999999999946,0.007199999999999984
634,16,0.008099999999999979,0.0059999999999999915
634,32,0.006049999999999991,0.0054999999999999945
636,1,0.04295000000000072,0.04295000000000072
636,2,0.03225000000000041,0.026900000000000257
636,4,0.01614999999999995,0.010949999999999962
636,8,0.013449999999999946,0.007399999999999983
636,16,0.010749999999999963,0.00619999999999999
636,32,0.007399999999999983,0.005649999999999994
637,1,0.04295000000000072,0.04295000000000072
637,2,0.021500000000000102,0.021500000000000102
637,4,0.01614999999999995,0.00954999999999997
637,8,0.010749999999999963,0.007199999999999984
637,16,0.008099999999999979,0.005749999999999993
637,32,0.007399999999999983,0.005699999999999993
638,1,0.04295000000000072,0.04295000000000072
638,2,0.021500000000000102,0.021500000000000102
638,4,0.021500000000000102,0.010799999999999962
638,8,0.010749999999999963,0.006949999999999986
638,16,0.008099999999999979,0.005899999999999992
638,32,0.005399999999999995,0.005399999999999995
639,1,0.04295000000000072,0.04295000000000072
639,2,0.03225000000000041,0.026900000000000257
639,4,0.01614999999999995,0.009349999999999971
639,8,0.013449999999999946,0.0066499999999999875
639,16,0.008099999999999979,0.005749999999999993
639,32,0.006049999999999991,0.005449999999999995
640,1,0.04295000000000072,0.04295000000000072
640,2,0.03225000000000041,0.02420000000000018
640,4,0.021500000000000102,0.010049999999999967
640,8,0.010749999999999963,0.006849999999999986
640,16,0.009399999999999971,0.005949999999999992
640,32,0.006049999999999991,0.005449999999999995
641,1,0.04295000000000072,0.04295000000000072
641,2,0.03225000000000041,0.021500000000000102
641,4,0.01614999999999995,0.010849999999999962
641,8,0.010749999999999963,0.006749999999999987
641,16,0.010749999999999963,0.006099999999999991
641,32,0.008099999999999979,0.005649999999999994
642,1,0.04295000000000072,0.04295000000000072
642,2,0.021500000000000102,0.021500000000000102
642,4,0.01614999999999995,0.010799999999999962
642,8,0.013449999999999946,0.007599999999999982
642,16,0.009399999999999971,0.005949999999999992
642,32,0.006049999999999991,0.005449999999999995
643,1,0.04295000000000072,0.04295000000000072
643,2,0.021500000000000102,0.021500000000000102
643,4,0.01614999999999995,0.009299999999999971
643,8,0.013449999999999946,0.006999999999999985
643,16,0.008099999999999979,0.005949999999999992
643,32,0.008099999999999979,0.005699999999999993
645,1,0.04295000000000072,0.04295000000000072
645,2,0.021500000000000102,0.01795
645,4,0.01614999999999995,0.00964999999999997
645,8,0.010749999999999963,0.006699999999999987
645,16,0.008099999999999979,0.005749999999999993
645,32,0.006749999999999987,0.0054999999999999945
644,1,0.04295000000000072,0.04295000000000072
644,2,0.03225000000000041,0.021500000000000102
644,4,0.01614999999999995,0.012299999999999953
644,8,0.010749999999999963,0.006749999999999987
644,16,0.009399999999999971,0.0059999999999999915
644,32,0.006749999999999987,0.0054999999999999945
646,1,0.04295000000000072,0.04295000000000072
646,2,0.03225000000000041,0.021500000000000102
646,4,0.021500000000000102,0.010249999999999966
646,8,0.010749999999999963,0.0071499999999999845
646,16,0.008099999999999979,0.005899999999999992
646,32,0.006749999999999987,0.005549999999999994
647,1,0.04295000000000072,0.04295000000000072
647,2,0.03225000000000041,0.026900000000000257
647,4,0.021500000000000102,0.010499999999999964
647,8,0.013449999999999946,0.006699999999999987
647,16,0.010749999999999963,0.00619999999999999
647,32,0.007399999999999983,0.005599999999999994
648,1,0.04295000000000072,0.04295000000000072
648,2,0.021500000000000102,0.021500000000000102
648,4,0.021500000000000102,0.010449999999999965
648,8,0.010749999999999963,0.006399999999999989
648,16,0.008099999999999979,0.005849999999999992
648,32,0.005399999999999995,0.005399999999999995
649,1,0.04295000000000072,0.04295000000000072
649,2,0.03225000000000041,0.020900000000000085
649,4,0.01614999999999995,0.008549999999999976
649,8,0.010749999999999963,0.006549999999999988
649,16,0.006749999999999987,0.005699999999999993
649,32,0.005399999999999995,0.005399999999999995
650,1,0.04295000000000072,0.04295000000000072
650,2,0.021500000000000102,0.021500000000000102
650,4,0.01614999999999995,0.009199999999999972
650,8,0.010749999999999963,0.006699999999999987
650,16,0.006749999999999987,0.005749999999999993
650,32,0.006749999999999987,0.0054999999999999945
651,1,0.04295000000000072,0.04295000000000072
651,2,0.03225000000000041,0.021500000000000102
651,4,0.01614999999999995,0.010199999999999966
651,8,0.013449999999999946,0.0071499999999999845
651,16,0.008099999999999979,0.005849999999999992
651,32,0.007399999999999983,0.005599999999999994
652,1,0.04295000000000072,0.04295000000000072
652,2,0.021500000000000102,0.021500000000000102
652,4,0.01614999999999995,0.009099999999999973
652,8,0.010749999999999963,0.006399999999999989
652,16,0.008099999999999979,0.005749999999999993
652,32,0.005399999999999995,0.005399999999999995
654,1,0.04295000000000072,0.04295000000000072
654,2,0.03225000000000041,0.021500000000000102
654,4,0.01614999999999995,0.009849999999999968
654,8,0.013449999999999946,0.0071499999999999845
654,16,0.008099999999999979,0.005749999999999993
654,32,0.006049999999999991,0.005449999999999995
655,1,0.04295000000000072,0.04295000000000072
655,2,0.021500000000000102,0.021500000000000102
655,4,0.021500000000000102,0.009899999999999968
655,8,0.010749999999999963,0.006749999999999987
655,16,0.010749999999999963,0.0059999999999999915
655,32,0.006749999999999987,0.005549999999999994
653,1,0.04295000000000072,0.04295000000000072
653,2,0.021500000000000102,0.021500000000000102
653,4,0.01614999999999995,0.010549999999999964
653,8,0.010749999999999963,0.006949999999999986
653,16,0.009399999999999971,0.0059999999999999915
653,32,0.006749999999999987,0.005549999999999994
657,1,0.021500000000000102,0.021500000000000102
657,2,0.021500000000000102,0.01795
657,4,0.01614999999999995,0.009299999999999971
657,8,0.010749999999999963,0.007299999999999984
657,16,0.008099999999999979,0.005849999999999992
657,32,0.006749999999999987,0.005649999999999994
658,1,0.04295000000000072,0.04295000000000072
658,2,0.021500000000000102,0.021500000000000102
658,4,0.01614999999999995,0.009799999999999968
658,8,0.013449999999999946,0.006999999999999985
658,16,0.009399999999999971,0.005849999999999992
658,32,0.006749999999999987,0.0054999999999999945
656,1,0.04295000000000072,0.04295000000000072
656,2,0.021500000000000102,0.01795
656,4,0.021500000000000102,0.01109999999999996
656,8,0.013449999999999946,0.007349999999999983
656,16,0.008099999999999979,0.0061499999999999905
656,32,0.007399999999999983,0.005649999999999994
659,1,0.04295000000000072,0.04295000000000072
659,2,0.03225000000000041,0.021500000000000102
659,4,0.01614999999999995,0.010199999999999966
659,8,0.010749999999999963,0.007099999999999985
659,16,0.009399999999999971,0.0059999999999999915
659,32,0.008099999999999979,0.005599999999999994
660,1,0.04295000000000072,0.04295000000000072
660,2,0.03225000000000041,0.026900000000000257
660,4,0.021500000000000102,0.012299999999999953
660,8,0.01614999999999995,0.008249999999999978
660,16,0.010749999999999963,0.0059999999999999915
660,32,0.007399999999999983,0.005549999999999994
662,1,0.04295000000000072,0.04295000000000072
662,2,0.021500000000000102,0.021500000000000102
662,4,0.021500000000000102,0.011899999999999956
662,8,0.013449999999999946,0.007099999999999985
662,16,0.009399999999999971,0.005749999999999993
662,32,0.006049999999999991,0.0054999999999999945
661,1,0.04295000000000072,0.04295000000000072
661,2,0.021500000000000102,0.020300000000000068
661,4,0.01614999999999995,0.009199999999999972
661,8,0.010749999999999963,0.0066499999999999875
661,16,0.009399999999999971,0.0059999999999999915
661,32,0.006049999999999991,0.005449999999999995
664,1,0.04295000000000072,0.04295000000000072
664,2,0.03225000000000041,0.021500000000000102
664,4,0.01614999999999995,0.00944999999999997
664,8,0.013449999999999946,0.00789999999999998
664,16,0.008099999999999979,0.0059999999999999915
664,32,0.006049999999999991,0.005549999999999994
665,1,0.04295000000000072,0.04295000000000072
665,2,0.021500000000000102,0.021500000000000102
665,4,0.01614999999999995,0.008599999999999976
665,8,0.010749999999999963,0.006499999999999988
665,16,0.008099999999999979,0.005849999999999992
665,32,0.006049999999999991,0.005449999999999995
663,1,0.04295000000000072,0.04295000000000072
663,2,0.03225000000000041,0.020900000000000085
663,4,0.021500000000000102,0.012049999999999955
663,8,0.013449999999999946,0.0071499999999999845
663,16,0.008099999999999979,0.005949999999999992
663,32,0.006749999999999987,0.0054999999999999945
666,1,0.04295000000000072,0.04295000000000072
666,2,0.03225000000000041,0.026900000000000257
666,4,0.01614999999999995,0.010899999999999962
666,8,0.013449999999999946,0.006699999999999987
666,16,0.010749999999999963,0.005799999999999993
666,32,0.008099999999999979,0.005549999999999994
668,1,0.04295000000000072,0.04295000000000072
668,2,0.03225000000000041,0.021500000000000102
668,4,0.01614999999999995,0.00954999999999997
668,8,0.013449999999999946,0.007499999999999982
668,16,0.009399999999999971,0.006349999999999989
668,32,0.006749999999999987,0.0054999999999999945
667,1,0.04295000000000072,0.04295000000000072
667,2,0.021500000000000102,0.021500000000000102
667,4,0.01614999999999995,0.010249999999999966
667,8,0.010749999999999963,0.006799999999999987
667,16,0.008099999999999979,0.0059999999999999915
667,32,0.005399999999999995,0.005399999999999995
669,1,0.04295000000000072,0.04295000000000072
669,2,0.03225000000000041,0.021500000000000102
669,4,0.01614999999999995,0.011049999999999961
669,8,0.010749999999999963,0.007199999999999984
669,16,0.008099999999999979,0.005949999999999992
669,32,0.006749999999999987,0.0054999999999999945
670,1,0.04295000000000072,0.04295000000000072
670,2,0.021500000000000102,0.021500000000000102
670,4,0.01614999999999995,0.009049999999999973
670,8,0.010749999999999963,0.0066499999999999875
670,16,0.008099999999999979,0.005649999999999994
670,32,0.005399999999999995,0.005399999999999995
671,1,0.04295000000000072,0.04295000000000072
671,2,0.03225000000000041,0.021500000000000102
671,4,0.01614999999999995,0.009149999999999972
671,8,0.013449999999999946,0.006899999999999986
671,16,0.008099999999999979,0.005799999999999993
671,32,0.007399999999999983,0.005549999999999994
672,1,0.04295000000000072,0.04295000000000072
672,2,0.03225000000000041,0.026900000000000257
672,4,0.021500000000000102,0.011599999999999958
672,8,0.010749999999999963,0.007099999999999985
672,16,0.009399999999999971,0.00619999999999999
672,32,0.007399999999999983,0.005599999999999994
673,1,0.04295000000000072,0.04295000000000072
673,2,0.04295000000000072,0.04295000000000072
673,4,0.021500000000000102,0.011049999999999961
673,8,0.01614999999999995,0.00794999999999998
673,16,0.009399999999999971,0.005949999999999992
673,32,0.006749999999999987,0.005549999999999994
674,1,0.04295000000000072,0.04295000000000072
674,2,0.021500000000000102,0.01795
674,4,0.01614999999999995,0.009399999999999971
674,8,0.013449999999999946,0.006949999999999986
674,16,0.008099999999999979,0.005749999999999993
674,32,0.006749999999999987,0.005599999999999994
675,1,0.04295000000000072,0.04295000000000072
675,2,0.04295000000000072,0.022000000000000117
675,4,0.026850000000000256,0.010149999999999966
675,8,0.01614999999999995,0.006849999999999986
675,16,0.008099999999999979,0.005799999999999993
675,32,0.006749999999999987,0.0054999999999999945
678,1,0.04295000000000072,0.04295000000000072
678,2,0.021500000000000102,0.01795
678,4,0.01614999999999995,0.009399999999999971
678,8,0.008099999999999979,0.006449999999999989
678,16,0.008099999999999979,0.005649999999999994
678,32,0.006049999999999991,0.005449999999999995
677,1,0.04295000000000072,0.04295000000000072
677,2,0.021500000000000102,0.019100000000000034
677,4,0.021500000000000102,0.00944999999999997
677,8,0.010749999999999963,0.006799999999999987
677,16,0.008099999999999979,0.005799999999999993
677,32,0.006049999999999991,0.005449999999999995
676,1,0.04295000000000072,0.04295000000000072
676,2,0.03225000000000041,0.021500000000000102
676,4,0.01614999999999995,0.012249999999999954
676,8,0.010749999999999963,0.006999999999999985
676,16,0.009399999999999971,0.005949999999999992
676,32,0.006049999999999991,0.005449999999999995
679,1,0.04295000000000072,0.04295000000000072
679,2,0.021500000000000102,0.021500000000000102
679,4,0.01614999999999995,0.009849999999999968
679,8,0.010749999999999963,0.007699999999999981
679,16,0.009399999999999971,0.005849999999999992
679,32,0.007399999999999983,0.005599999999999994
680,1,0.04295000000000072,0.04295000000000072
680,2,0.03225000000000041,0.026900000000000257
680,4,0.01614999999999995,0.010849999999999962
680,8,0.010749999999999963,0.006749999999999987
680,16,0.008099999999999979,0.005899999999999992
680,32,0.006049999999999991,0.005449999999999995
681,1,0.04295000000000072,0.04295000000000072
681,2,0.021500000000000102,0.01795
681,4,0.01614999999999995,0.009199999999999972
681,8,0.013449999999999946,0.007049999999999985
681,16,0.008099999999999979,0.005699999999999993
681,32,0.006049999999999991,0.005449999999999995
682,1,0.04295000000000072,0.04295000000000072
682,2,0.03225000000000041,0.021500000000000102
682,4,0.01614999999999995,0.011849999999999956
682,8,0.010749999999999963,0.006949999999999986
682,16,0.008099999999999979,0.005749999999999993
682,32,0.007399999999999983,0.005599999999999994
683,1,0.04295000000000072,0.04295000000000072
683,2,0.021500000000000102,0.021500000000000102
683,4,0.021500000000000102,0.010149999999999966
683,8,0.010749999999999963,0.007199999999999984
683,16,0.008099999999999979,0.005749999999999993
683,32,0.006749999999999987,0.0054999999999999945
684,1,0.04295000000000072,0.04295000000000072
684,2,0.021500000000000102,0.019100000000000034
684,4,0.01614999999999995,0.009399999999999971
684,8,0.010749999999999963,0.006749999999999987
684,16,0.008099999999999979,0.005849999999999992
684,32,0.006049999999999991,0.005449999999999995
685,1,0.04295000000000072,0.04295000000000072
685,2,0.03225000000000041,0.021500000000000102
685,4,0.021500000000000102,0.009749999999999969
685,8,0.010749999999999963,0.007049999999999985
685,16,0.009399999999999971,0.005749999999999993
685,32,0.006049999999999991,0.005449999999999995
687,1,0.04295000000000072,0.04295000000000072
687,2,0.021500000000000102,0.021500000000000102
687,4,0.026850000000000256,0.014699999999999939
687,8,0.013449999999999946,0.007499999999999982
687,16,0.008099999999999979,0.005849999999999992
687,32,0.006749999999999987,0.005599999999999994
686,1,0.04295000000000072,0.04295000000000072
686,2,0.03225000000000041,0.021500000000000102
686,4,0.021500000000000102,0.009999999999999967
686,8,0.010749999999999963,0.006699999999999987
686,16,0.009399999999999971,0.005749999999999993
686,32,0.006049999999999991,0.0054999999999999945
688,1,0.04295000000000072,0.04295000000000072
688,2,0.03225000000000041,0.026900000000000257
688,4,0.01614999999999995,0.010549999999999964
688,8,0.010749999999999963,0.006999999999999985
688,16,0.009399999999999971,0.006049999999999991
688,32,0.006049999999999991,0.0054999999999999945
689,1,0.04295000000000072,0.04295000000000072
689,2,0.021500000000000102,0.021500000000000102
689,4,0.021500000000000102,0.01114999999999996
689,8,0.013449999999999946,0.006949999999999986
689,16,0.009399999999999971,0.006049999999999991
689,32,0.006049999999999991,0.0054999999999999945
690,1,0.04295000000000072,0.04295000000000072
690,2,0.021500000000000102,0.021500000000000102
690,4,0.01614999999999995,0.009399999999999971
690,8,0.01614999999999995,0.007499999999999982
690,16,0.009399999999999971,0.0061499999999999905
690,32,0.006749999999999987,0.005599999999999994
691,1,0.04295000000000072,0.04295000000000072
691,2,0.021500000000000102,0.01795
691,4,0.01614999999999995,0.009249999999999972
691,8,0.013449999999999946,0.007199999999999984
691,16,0.009399999999999971,0.006099999999999991
691,32,0.006049999999999991,0.0054999999999999945
692,1,0.04295000000000072,0.04295000000000072
692,2,0.03225000000000041,0.021500000000000102
692,4,0.01614999999999995,0.010799999999999962
692,8,0.010749999999999963,0.0066499999999999875
692,16,0.006749999999999987,0.005599999999999994
692,32,0.006049999999999991,0.0054999999999999945
694,1,0.04295000000000072,0.04295000000000072
694,2,0.021500000000000102,0.021500000000000102
694,4,0.01614999999999995,0.009899999999999968
694,8,0.010749999999999963,0.006699999999999987
694,16,0.006749999999999987,0.005699999999999993
694,32,0.006749999999999987,0.0054999999999999945
693,1,0.04295000000000072,0.04295000000000072
693,2,0.021500000000000102,0.019100000000000034
693,4,0.01614999999999995,0.009749999999999969
693,8,0.013449999999999946,0.007199999999999984
693,16,0.008099999999999979,0.006099999999999991
693,32,0.006749999999999987,0.0054999999999999945
695,1,0.04295000000000072,0.04295000000000072
695,2,0.021500000000000102,0.021500000000000102
695,4,0.01614999999999995,0.00959999999999997
695,8,0.010749999999999963,0.0071499999999999845
695,16,0.008099999999999979,0.005899999999999992
695,32,0.006049999999999991,0.005449999999999995
696,1,0.04295000000000072,0.04295000000000072
696,2,0.021500000000000102,0.021500000000000102
696,4,0.021500000000000102,0.010849999999999962
696,8,0.013449999999999946,0.006949999999999986
696,16,0.009399999999999971,0.005949999999999992
696,32,0.006749999999999987,0.0054999999999999945
697,1,0.04295000000000072,0.04295000000000072
697,2,0.021500000000000102,0.021500000000000102
697,4,0.01614999999999995,0.009249999999999972
697,8,0.010749999999999963,0.0066499999999999875
697,16,0.008099999999999979,0.005749999999999993
697,32,0.006749999999999987,0.005549999999999994
698,1,0.04295000000000072,0.04295000000000072
698,2,0.021500000000000102,0.021500000000000102
698,4,0.01614999999999995,0.010449999999999965
698,8,0.010749999999999963,0.007099999999999985
698,16,0.008099999999999979,0.005799999999999993
698,32,0.006749999999999987,0.005549999999999994
700,1,0.04295000000000072,0.04295000000000072
700,2,0.03225000000000041,0.026900000000000257
700,4,0.01614999999999995,0.011849999999999956
700,8,0.013449999999999946,0.006799999999999987
700,16,0.008099999999999979,0.005749999999999993
700,32,0.006049999999999991,0.005449999999999995
699,1,0.04295000000000072,0.04295000000000072
699,2,0.03225000000000041,0.021500000000000102
699,4,0.021500000000000102,0.010249999999999966
699,8,0.010749999999999963,0.007049999999999985
699,16,0.006749999999999987,0.005749999999999993
699,32,0.006049999999999991,0.005449999999999995
701,1,0.04295000000000072,0.04295000000000072
701,2,0.03225000000000041,0.020900000000000085
701,4,0.01614999999999995,0.008849999999999974
701,8,0.010749999999999963,0.006699999999999987
701,16,0.010749999999999963,0.00619999999999999
701,32,0.006749999999999987,0.005549999999999994
702,1,0.04295000000000072,0.04295000000000072
702,2,0.03225000000000041,0.01795
702,4,0.01614999999999995,0.009849999999999968
702,8,0.010749999999999963,0.006949999999999986
702,16,0.008099999999999979,0.005949999999999992
702,32,0.006749999999999987,0.0054999999999999945
704,1,0.04295000000000072,0.04295000000000072
704,2,0.021500000000000102,0.021500000000000102
704,4,0.01614999999999995,0.009049999999999973
704,8,0.013449999999999946,0.007549999999999982
704,16,0.006749999999999987,0.005699999999999993
704,32,0.006049999999999991,0.0054999999999999945
703,1,0.04295000000000072,0.04295000000000072
703,2,0.021500000000000102,0.01795
703,4,0.01614999999999995,0.009199999999999972
703,8,0.01614999999999995,0.007449999999999983
703,16,0.009399999999999971,0.0059999999999999915
703,32,0.006749999999999987,0.0054999999999999945
705,1,0.04295000000000072,0.04295000000000072
705,2,0.03225000000000041,0.021500000000000102
705,4,0.01614999999999995,0.010199999999999966
705,8,0.010749999999999963,0.007449999999999983
705,16,0.009399999999999971,0.005949999999999992
705,32,0.006049999999999991,0.005449999999999995
707,1,0.04295000000000072,0.04295000000000072
707,2,0.03225000000000041,0.026900000000000257
707,4,0.01614999999999995,0.009849999999999968
707,8,0.013449999999999946,0.007599999999999982
707,16,0.008099999999999979,0.005749999999999993
707,32,0.006749999999999987,0.0054999999999999945
709,1,0.04295000000000072,0.04295000000000072
709,2,0.021500000000000102,0.014349999999999941
709,4,0.01614999999999995,0.010099999999999967
709,8,0.013449999999999946,0.006749999999999987
709,16,0.008099999999999979,0.005699999999999993
709,32,0.005399999999999995,0.005399999999999995
706,1,0.04295000000000072,0.04295000000000072
706,2,0.03225000000000041,0.021500000000000102
706,4,0.021500000000000102,0.00959999999999997
706,8,0.013449999999999946,0.007199999999999984
706,16,0.008099999999999979,0.005949999999999992
706,32,0.006749999999999987,0.0054999999999999945
708,1,0.06445000000000106,0.06445000000000106
708,2,0.03225000000000041,0.021550000000000104
708,4,0.026850000000000256,0.01129999999999996
708,8,0.013449999999999946,0.007499999999999982
708,16,0.009399999999999971,0.00629999999999999
708,32,0.007399999999999983,0.005599999999999994
710,1,0.04295000000000072,0.04295000000000072
710,2,0.03225000000000041,0.021500000000000102
710,4,0.026850000000000256,0.011349999999999959
710,8,0.01614999999999995,0.007499999999999982
710,16,0.009399999999999971,0.0061499999999999905
710,32,0.006049999999999991,0.005549999999999994
711,1,0.04295000000000072,0.04295000000000072
711,2,0.021500000000000102,0.021500000000000102
711,4,0.01614999999999995,0.009049999999999973
711,8,0.010749999999999963,0.006799999999999987
711,16,0.008099999999999979,0.005749999999999993
711,32,0.005399999999999995,0.005399999999999995
713,1,0.04295000000000072,0.04295000000000072
713,2,0.021500000000000102,0.021500000000000102
713,4,0.01614999999999995,0.00959999999999997
713,8,0.010749999999999963,0.006849999999999986
713,16,0.008099999999999979,0.005749999999999993
713,32,0.006749999999999987,0.005549999999999994
714,1,0.04295000000000072,0.04295000000000072
714,2,0.03225000000000041,0.021500000000000102
714,4,0.01614999999999995,0.010049999999999967
714,8,0.010749999999999963,0.0071499999999999845
714,16,0.008099999999999979,0.005799999999999993
714,32,0.006049999999999991,0.005449999999999995
712,1,0.04295000000000072,0.04295000000000072
712,2,0.03225000000000041,0.026900000000000257
712,4,0.01614999999999995,0.01109999999999996
712,8,0.013449999999999946,0.006699999999999987
712,16,0.009399999999999971,0.005899999999999992
712,32,0.006749999999999987,0.005549999999999994
715,1,0.021500000000000102,0.021500000000000102
715,2,0.03225000000000041,0.021500000000000102
715,4,0.01614999999999995,0.008499999999999976
715,8,0.010749999999999963,0.007199999999999984
715,16,0.009399999999999971,0.006049999999999991
715,32,0.006049999999999991,0.005549999999999994
716,1,0.04295000000000072,0.04295000000000072
716,2,0.04295000000000072,0.023600000000000163
716,4,0.021500000000000102,0.009799999999999968
716,8,0.010749999999999963,0.0066499999999999875
716,16,0.008099999999999979,0.005899999999999992
716,32,0.006049999999999991,0.0054999999999999945
718,1,0.04295000000000072,0.04295000000000072
718,2,0.03225000000000041,0.026900000000000257
718,4,0.01614999999999995,0.00944999999999997
718,8,0.010749999999999963,0.007199999999999984
718,16,0.006749999999999987,0.005699999999999993
718,32,0.006049999999999991,0.005449999999999995
719,1,0.04295000000000072,0.04295000000000072
719,2,0.03225000000000041,0.019750000000000052
719,4,0.01614999999999995,0.01109999999999996
719,8,0.013449999999999946,0.006999999999999985
719,16,0.008099999999999979,0.00624999999999999
719,32,0.006749999999999987,0.0054999999999999945
717,1,0.04295000000000072,0.04295000000000072
717,2,0.03225000000000041,0.021500000000000102
717,4,0.021500000000000102,0.01119999999999996
717,8,0.021500000000000102,0.00784999999999998
717,16,0.012099999999999955,0.00624999999999999
717,32,0.008749999999999975,0.005699999999999993
720,1,0.04295000000000072,0.04295000000000072
720,2,0.021500000000000102,0.021500000000000102
720,4,0.021500000000000102,0.010999999999999961
720,8,0.01614999999999995,0.008049999999999979
720,16,0.012099999999999955,0.006349999999999989
720,32,0.008099999999999979,0.005899999999999992
721,1,0.04295000000000072,0.04295000000000072
721,2,0.03225000000000041,0.021500000000000102
721,4,0.01614999999999995,0.009699999999999969
721,8,0.010749999999999963,0.006849999999999986
721,16,0.008099999999999979,0.005749999999999993
721,32,0.006049999999999991,0.005449999999999995
722,1,0.04295000000000072,0.04295000000000072
722,2,0.03225000000000041,0.021500000000000102
722,4,0.01614999999999995,0.009699999999999969
722,8,0.010749999999999963,0.0066499999999999875
722,16,0.010749999999999963,0.0061499999999999905
722,32,0.006049999999999991,0.0054999999999999945
724,1,0.04295000000000072,0.04295000000000072
724,2,0.03225000000000041,0.028650000000000307
724,4,0.01614999999999995,0.009949999999999968
724,8,0.010749999999999963,0.006799999999999987
724,16,0.009399999999999971,0.0059999999999999915
724,32,0.006049999999999991,0.005449999999999995
723,1,0.04295000000000072,0.04295000000000072
723,2,0.021500000000000102,0.021500000000000102
723,4,0.01614999999999995,0.01274999999999995
723,8,0.010749999999999963,0.007399999999999983
723,16,0.009399999999999971,0.0059999999999999915
723,32,0.007399999999999983,0.005699999999999993
725,1,0.04295000000000072,0.04295000000000072
725,2,0.021500000000000102,0.01795
725,4,0.01614999999999995,0.009299999999999971
725,8,0.010749999999999963,0.007049999999999985
725,16,0.008099999999999979,0.0059999999999999915
725,32,0.006749999999999987,0.0054999999999999945
726,1,0.04295000000000072,0.04295000000000072
726,2,0.021500000000000102,0.021500000000000102
726,4,0.01614999999999995,0.009949999999999968
726,8,0.013449999999999946,0.007049999999999985
726,16,0.013449999999999946,0.006049999999999991
726,32,0.009399999999999971,0.005799999999999993
728,1,0.04295000000000072,0.04295000000000072
728,2,0.03225000000000041,0.02420000000000018
728,4,0.026850000000000256,0.011499999999999958
728,8,0.01614999999999995,0.007049999999999985
728,16,0.010749999999999963,0.00619999999999999
728,32,0.007399999999999983,0.005599999999999994
727,1,0.04295000000000072,0.04295000000000072
727,2,0.021500000000000102,0.021500000000000102
727,4,0.021500000000000102,0.009399999999999971
727,8,0.010749999999999963,0.006899999999999986
727,16,0.008099999999999979,0.005849999999999992
727,32,0.005399999999999995,0.005399999999999995
729,1,0.04295000000000072,0.04295000000000072
729,2,0.021500000000000102,0.021500000000000102
729,4,0.01614999999999995,0.010249999999999966
729,8,0.010749999999999963,0.006799999999999987
729,16,0.008099999999999979,0.005799999999999993
729,32,0.006749999999999987,0.005549999999999994
730,1,0.04295000000000072,0.04295000000000072
730,2,0.021500000000000102,0.021500000000000102
730,4,0.01614999999999995,0.009849999999999968
730,8,0.013449999999999946,0.007199999999999984
730,16,0.008099999999999979,0.005849999999999992
730,32,0.006049999999999991,0.005449999999999995
731,1,0.04295000000000072,0.04295000000000072
731,2,0.03225000000000041,0.019750000000000052
731,4,0.021500000000000102,0.009349999999999971
731,8,0.013449999999999946,0.006949999999999986
731,16,0.009399999999999971,0.005799999999999993
731,32,0.006049999999999991,0.005449999999999995
732,1,0.04295000000000072,0.04295000000000072
732,2,0.021500000000000102,0.01795
732,4,0.01614999999999995,0.00964999999999997
732,8,0.013449999999999946,0.006849999999999986
732,16,0.009399999999999971,0.005949999999999992
732,32,0.006049999999999991,0.005449999999999995
734,1,0.04295000000000072,0.04295000000000072
734,2,0.021500000000000102,0.01795
734,4,0.01614999999999995,0.00944999999999997
734,8,0.013449999999999946,0.007199999999999984
734,16,0.009399999999999971,0.00619999999999999
734,32,0.008749999999999975,0.005849999999999992
733,1,0.04295000000000072,0.04295000000000072
733,2,0.03225000000000041,0.019100000000000034
733,4,0.01614999999999995,0.009849999999999968
733,8,0.01614999999999995,0.007449999999999983
733,16,0.008099999999999979,0.0061499999999999905
733,32,0.007399999999999983,0.005549999999999994
735,1,0.04295000000000072,0.04295000000000072
735,2,0.021500000000000102,0.01795
735,4,0.01614999999999995,0.009199999999999972
735,8,0.013449999999999946,0.007399999999999983
735,16,0.009399999999999971,0.005949999999999992
735,32,0.006749999999999987,0.005599999999999994
737,1,0.04295000000000072,0.04295000000000072
737,2,0.03225000000000041,0.026900000000000257
737,4,0.01614999999999995,0.010599999999999964
737,8,0.010749999999999963,0.006899999999999986
737,16,0.008099999999999979,0.0059999999999999915
737,32,0.006749999999999987,0.005549999999999994
738,1,0.04295000000000072,0.04295000000000072
738,2,0.021500000000000102,0.01795
738,4,0.01614999999999995,0.00944999999999997
738,8,0.010749999999999963,0.006399999999999989
738,16,0.008099999999999979,0.005749999999999993
738,32,0.007399999999999983,0.005549999999999994
736,1,0.04295000000000072,0.04295000000000072
736,2,0.03225000000000041,0.01795
736,4,0.01614999999999995,0.00964999999999997
736,8,0.010749999999999963,0.006699999999999987
736,16,0.008099999999999979,0.005949999999999992
736,32,0.006749999999999987,0.005549999999999994
739,1,0.04295000000000072,0.04295000000000072
739,2,0.03225000000000041,0.021500000000000102
739,4,0.01614999999999995,0.00964999999999997
739,8,0.013449999999999946,0.006899999999999986
739,16,0.008099999999999979,0.005749999999999993
739,32,0.007399999999999983,0.005599999999999994
741,1,0.04295000000000072,0.04295000000000072
741,2,0.03225000000000041,0.01614999999999995
741,4,0.01614999999999995,0.01109999999999996
741,8,0.010749999999999963,0.006949999999999986
741,16,0.008099999999999979,0.005649999999999994
741,32,0.006749999999999987,0.005599999999999994
740,1,0.04295000000000072,0.04295000000000072
740,2,0.04295000000000072,0.03010000000000035
740,4,0.026850000000000256,0.009299999999999971
740,8,0.01614999999999995,0.007599999999999982
740,16,0.010749999999999963,0.00624999999999999
740,32,0.006749999999999987,0.005549999999999994
743,1,0.04295000000000072,0.04295000000000072
743,2,0.03225000000000041,0.028650000000000307
743,4,0.01614999999999995,0.010399999999999965
743,8,0.010749999999999963,0.007449999999999983
743,16,0.008099999999999979,0.0059999999999999915
743,32,0.008749999999999975,0.005599999999999994
742,1,0.04295000000000072,0.04295000000000072
742,2,0.03225000000000041,0.020900000000000085
742,4,0.01614999999999995,0.010449999999999965
742,8,0.010749999999999963,0.007099999999999985
742,16,0.008099999999999979,0.005849999999999992
742,32,0.006049999999999991,0.005449999999999995
744,1,0.04295000000000072,0.04295000000000072
744,2,0.021500000000000102,0.021500000000000102
744,4,0.01614999999999995,0.010349999999999965
744,8,0.013449999999999946,0.007699999999999981
744,16,0.010749999999999963,0.006049999999999991
744,32,0.007399999999999983,0.005549999999999994
745,1,0.04295000000000072,0.04295000000000072
745,2,0.03225000000000041,0.021500000000000102
745,4,0.01614999999999995,0.009199999999999972
745,8,0.013449999999999946,0.007449999999999983
745,16,0.008099999999999979,0.006099999999999991
745,32,0.006749999999999987,0.005549999999999994
746,1,0.06445000000000106,0.06445000000000106
746,2,0.03225000000000041,0.021500000000000102
746,4,0.021500000000000102,0.009949999999999968
746,8,0.010749999999999963,0.0066499999999999875
746,16,0.008099999999999979,0.005849999999999992
746,32,0.007399999999999983,0.005599999999999994
747,1,0.04295000000000072,0.04295000000000072
747,2,0.021500000000000102,0.021500000000000102
747,4,0.01614999999999995,0.010549999999999964
747,8,0.010749999999999963,0.006849999999999986
747,16,0.006749999999999987,0.005699999999999993
747,32,0.006049999999999991,0.005449999999999995
748,1,0.04295000000000072,0.04295000000000072
748,2,0.021500000000000102,0.021500000000000102
748,4,0.01614999999999995,0.009149999999999972
748,8,0.010749999999999963,0.006949999999999986
748,16,0.008099999999999979,0.005849999999999992
748,32,0.006749999999999987,0.0054999999999999945
749,1,0.04295000000000072,0.04295000000000072
749,2,0.03225000000000041,0.021500000000000102
749,4,0.01614999999999995,0.010399999999999965
749,8,0.010749999999999963,0.007599999999999982
749,16,0.008099999999999979,0.005649999999999994
749,32,0.006049999999999991,0.005449999999999995
750,1,0.04295000000000072,0.04295000000000072
750,2,0.021500000000000102,0.014349999999999941
750,4,0.01614999999999995,0.00954999999999997
750,8,0.010749999999999963,0.006499999999999988
750,16,0.009399999999999971,0.005849999999999992
750,32,0.006049999999999991,0.005449999999999995
751,1,0.04295000000000072,0.04295000000000072
751,2,0.021500000000000102,0.021500000000000102
751,4,0.01614999999999995,0.010049999999999967
751,8,0.010749999999999963,0.006799999999999987
751,16,0.008099999999999979,0.005749999999999993
751,32,0.006749999999999987,0.0054999999999999945
752,1,0.04295000000000072,0.04295000000000072
752,2,0.03225000000000041,0.01795
752,4,0.01614999999999995,0.010099999999999967
752,8,0.013449999999999946,0.007199999999999984
752,16,0.009399999999999971,0.0059999999999999915
752,32,0.006049999999999991,0.005449999999999995
753,1,0.04295000000000072,0.04295000000000072
753,2,0.021500000000000102,0.019100000000000034
753,4,0.021500000000000102,0.010949999999999962
753,8,0.010749999999999963,0.006999999999999985
753,16,0.008099999999999979,0.0059999999999999915
753,32,0.006049999999999991,0.005449999999999995
754,1,0.021500000000000102,0.021500000000000102
754,2,0.021500000000000102,0.019100000000000034
754,4,0.01614999999999995,0.010199999999999966
754,8,0.010749999999999963,0.006549999999999988
754,16,0.009399999999999971,0.006049999999999991
754,32,0.006749999999999987,0.0054999999999999945
755,1,0.04295000000000072,0.04295000000000072
755,2,0.021500000000000102,0.01795
755,4,0.01614999999999995,0.00954999999999997
755,8,0.010749999999999963,0.006899999999999986
755,16,0.008099999999999979,0.006049999999999991
755,32,0.006749999999999987,0.0054999999999999945
756,1,0.04295000000000072,0.04295000000000072
756,2,0.021500000000000102,0.014349999999999941
756,4,0.01614999999999995,0.010249999999999966
756,8,0.010749999999999963,0.006849999999999986
756,16,0.009399999999999971,0.005799999999999993
756,32,0.009399999999999971,0.005799999999999993
757,1,0.04295000000000072,0.04295000000000072
757,2,0.03225000000000041,0.026900000000000257
757,4,0.021500000000000102,0.013249999999999948
757,8,0.01614999999999995,0.006999999999999985
757,16,0.008099999999999979,0.0059999999999999915
757,32,0.006749999999999987,0.005449999999999995
758,1,0.04295000000000072,0.04295000000000072
758,2,0.021500000000000102,0.021500000000000102
758,4,0.021500000000000102,0.009899999999999968
758,8,0.010749999999999963,0.007499999999999982
758,16,0.010749999999999963,0.005949999999999992
758,32,0.006049999999999991,0.005449999999999995
759,1,0.04295000000000072,0.04295000000000072
759,2,0.021500000000000102,0.014349999999999941
759,4,0.01614999999999995,0.009399999999999971
759,8,0.010749999999999963,0.007199999999999984
759,16,0.008099999999999979,0.005649999999999994
759,32,0.006049999999999991,0.005449999999999995
760,1,0.04295000000000072,0.04295000000000072
760,2,0.021500000000000102,0.021500000000000102
760,4,0.01614999999999995,0.009099999999999973
760,8,0.010749999999999963,0.0066499999999999875
760,16,0.008099999999999979,0.005899999999999992
760,32,0.005399999999999995,0.005399999999999995
761,1,0.04295000000000072,0.04295000000000072
761,2,0.021500000000000102,0.021500000000000102
761,4,0.021500000000000102,0.010449999999999965
761,8,0.010749999999999963,0.006949999999999986
761,16,0.010749999999999963,0.00619999999999999
761,32,0.006749999999999987,0.005549999999999994
762,1,0.04295000000000072,0.04295000000000072
762,2,0.021500000000000102,0.021500000000000102
762,4,0.01614999999999995,0.011849999999999956
762,8,0.010749999999999963,0.006449999999999989
762,16,0.008099999999999979,0.005849999999999992
762,32,0.006049999999999991,0.005449999999999995
763,1,0.04295000000000072,0.04295000000000072
763,2,0.021500000000000102,0.021500000000000102
763,4,0.01614999999999995,0.008499999999999976
763,8,0.010749999999999963,0.006449999999999989
763,16,0.008099999999999979,0.005849999999999992
763,32,0.005399999999999995,0.005399999999999995
764,1,0.04295000000000072,0.04295000000000072
764,2,0.021500000000000102,0.01795
764,4,0.01614999999999995,0.009099999999999973
764,8,0.010749999999999963,0.006699999999999987
764,16,0.009399999999999971,0.005849999999999992
764,32,0.006049999999999991,0.005449999999999995
765,1,0.04295000000000072,0.04295000000000072
765,2,0.03225000000000041,0.01795
765,4,0.01614999999999995,0.010299999999999965
765,8,0.013449999999999946,0.006849999999999986
765,16,0.008099999999999979,0.005649999999999994
765,32,0.005399999999999995,0.005399999999999995
766,1,0.04295000000000072,0.04295000000000072
766,2,0.03225000000000041,0.021500000000000102
766,4,0.01614999999999995,0.010049999999999967
766,8,0.013449999999999946,0.007399999999999983
766,16,0.009399999999999971,0.006099999999999991
766,32,0.006049999999999991,0.005449999999999995
767,1,0.04295000000000072,0.04295000000000072
767,2,0.021500000000000102,0.021500000000000102
767,4,0.021500000000000102,0.011749999999999957
767,8,0.013449999999999946,0.0076499999999999815
767,16,0.009399999999999971,0.0059999999999999915
767,32,0.007399999999999983,0.005599999999999994
769,1,0.04295000000000072,0.04295000000000072
769,2,0.021500000000000102,0.019100000000000034
769,4,0.01614999999999995,0.00944999999999997
769,8,0.010749999999999963,0.007049999999999985
769,16,0.008099999999999979,0.005749999999999993
769,32,0.005399999999999995,0.005399999999999995
770,1,0.04295000000000072,0.04295000000000072
770,2,0.021500000000000102,0.019100000000000034
770,4,0.01614999999999995,0.009049999999999973
770,8,0.010749999999999963,0.006949999999999986
770,16,0.009399999999999971,0.005849999999999992
770,32,0.006049999999999991,0.005449999999999995
768,1,0.04295000000000072,0.04295000000000072
768,2,0.021500000000000102,0.021500000000000102
768,4,0.01614999999999995,0.008849999999999974
768,8,0.010749999999999963,0.006399999999999989
768,16,0.008099999999999979,0.006049999999999991
768,32,0.006049999999999991,0.0054999999999999945
772,1,0.04295000000000072,0.04295000000000072
772,2,0.03225000000000041,0.026900000000000257
772,4,0.01614999999999995,0.00944999999999997
772,8,0.010749999999999963,0.006399999999999989
772,16,0.008099999999999979,0.005799999999999993
772,32,0.006049999999999991,0.0054999999999999945
771,1,0.04295000000000072,0.04295000000000072
771,2,0.021500000000000102,0.021500000000000102
771,4,0.01614999999999995,0.012049999999999955
771,8,0.010749999999999963,0.007399999999999983
771,16,0.008099999999999979,0.005749999999999993
771,32,0.006749999999999987,0.005599999999999994
775,1,0.04295000000000072,0.04295000000000072
775,2,0.021500000000000102,0.021500000000000102
775,4,0.01614999999999995,0.008799999999999975
775,8,0.010749999999999963,0.006799999999999987
775,16,0.008099999999999979,0.005849999999999992
775,32,0.006749999999999987,0.005449999999999995
774,1,0.04295000000000072,0.04295000000000072
774,2,0.03225000000000041,0.021500000000000102
774,4,0.01614999999999995,0.009949999999999968
774,8,0.013449999999999946,0.006849999999999986
774,16,0.008099999999999979,0.005749999999999993
774,32,0.006749999999999987,0.0054999999999999945
773,1,0.04295000000000072,0.04295000000000072
773,2,0.021500000000000102,0.01795
773,4,0.021500000000000102,0.011399999999999959
773,8,0.010749999999999963,0.0066499999999999875
773,16,0.009399999999999971,0.005849999999999992
773,32,0.005399999999999995,0.005399999999999995
776,1,0.04295000000000072,0.04295000000000072
776,2,0.03225000000000041,0.028650000000000307
776,4,0.01614999999999995,0.009149999999999972
776,8,0.010749999999999963,0.006949999999999986
776,16,0.008099999999999979,0.006099999999999991
776,32,0.006749999999999987,0.0054999999999999945
777,1,0.021500000000000102,0.021500000000000102
777,2,0.021500000000000102,0.021500000000000102
777,4,0.021500000000000102,0.009299999999999971
777,8,0.013449999999999946,0.006899999999999986
777,16,0.006749999999999987,0.005749999999999993
777,32,0.006049999999999991,0.005449999999999995
778,1,0.04295000000000072,0.04295000000000072
778,2,0.03225000000000041,0.01795
778,4,0.021500000000000102,0.009949999999999968
778,8,0.010749999999999963,0.007199999999999984
778,16,0.009399999999999971,0.005899999999999992
778,32,0.007399999999999983,0.005599999999999994
780,1,0.04295000000000072,0.04295000000000072
780,2,0.03225000000000041,0.021500000000000102
780,4,0.01614999999999995,0.008599999999999976
780,8,0.013449999999999946,0.006899999999999986
780,16,0.008099999999999979,0.005749999999999993
780,32,0.006049999999999991,0.005449999999999995
779,1,0.04295000000000072,0.04295000000000072
779,2,0.021500000000000102,0.01795
779,4,0.01614999999999995,0.010899999999999962
779,8,0.013449999999999946,0.007199999999999984
779,16,0.008099999999999979,0.005799999999999993
779,32,0.006749999999999987,0.005449999999999995
782,1,0.04295000000000072,0.04295000000000072
782,2,0.021500000000000102,0.021500000000000102
782,4,0.01614999999999995,0.00964999999999997
782,8,0.013449999999999946,0.007549999999999982
782,16,0.009399999999999971,0.006049999999999991
782,32,0.006049999999999991,0.005549999999999994
781,1,0.04295000000000072,0.04295000000000072
781,2,0.03225000000000041,0.021500000000000102
781,4,0.021500000000000102,0.010749999999999963
781,8,0.013449999999999946,0.007549999999999982
781,16,0.008099999999999979,0.0059999999999999915
781,32,0.006749999999999987,0.0054999999999999945
783,1,0.04295000000000072,0.04295000000000072
783,2,0.03225000000000041,0.021500000000000102
783,4,0.01614999999999995,0.009799999999999968
783,8,0.013449999999999946,0.006999999999999985
783,16,0.009399999999999971,0.005849999999999992
783,32,0.006049999999999991,0.005449999999999995
785,1,0.04295000000000072,0.04295000000000072
785,2,0.021500000000000102,0.021500000000000102
785,4,0.01614999999999995,0.009999999999999967
785,8,0.013449999999999946,0.0066499999999999875
785,16,0.009399999999999971,0.0059999999999999915
785,32,0.006049999999999991,0.005549999999999994
784,1,0.04295000000000072,0.04295000000000072
784,2,0.03225000000000041,0.019750000000000052
784,4,0.021500000000000102,0.01114999999999996
784,8,0.01614999999999995,0.007549999999999982
784,16,0.009399999999999971,0.00624999999999999
784,32,0.006049999999999991,0.005449999999999995
786,1,0.04295000000000072,0.04295000000000072
786,2,0.021500000000000102,0.021500000000000102
786,4,0.01614999999999995,0.010799999999999962
786,8,0.013449999999999946,0.007249999999999984
786,16,0.010749999999999963,0.00619999999999999
786,32,0.007399999999999983,0.005599999999999994
789,1,0.04295000000000072,0.04295000000000072
789,2,0.021500000000000102,0.01795
789,4,0.01614999999999995,0.00959999999999997
789,8,0.013449999999999946,0.006849999999999986
789,16,0.009399999999999971,0.00624999999999999
789,32,0.007399999999999983,0.005549999999999994
788,1,0.04295000000000072,0.04295000000000072
788,2,0.021500000000000102,0.021500000000000102
788,4,0.01614999999999995,0.009049999999999973
788,8,0.013449999999999946,0.007099999999999985
788,16,0.008099999999999979,0.005849999999999992
788,32,0.007399999999999983,0.005599999999999994
787,1,0.04295000000000072,0.04295000000000072
787,2,0.03225000000000041,0.021500000000000102
787,4,0.01614999999999995,0.012549999999999952
787,8,0.013449999999999946,0.006899999999999986
787,16,0.009399999999999971,0.005749999999999993
787,32,0.005399999999999995,0.005399999999999995
790,1,0.04295000000000072,0.04295000000000072
790,2,0.021500000000000102,0.019100000000000034
790,4,0.01614999999999995,0.010599999999999964
790,8,0.010749999999999963,0.006999999999999985
790,16,0.008099999999999979,0.005749999999999993
790,32,0.006749999999999987,0.0054999999999999945
792,1,0.06445000000000106,0.06445000000000106
792,2,0.03225000000000041,0.028650000000000307
792,4,0.026850000000000256,0.012099999999999955
792,8,0.01614999999999995,0.007749999999999981
792,16,0.009399999999999971,0.006399999999999989
792,32,0.007399999999999983,0.005649999999999994
791,1,0.04295000000000072,0.04295000000000072
791,2,0.021500000000000102,0.021500000000000102
791,4,0.01614999999999995,0.010749999999999963
791,8,0.013449999999999946,0.0071499999999999845
791,16,0.008099999999999979,0.005899999999999992
791,32,0.006749999999999987,0.005599999999999994
793,1,0.04295000000000072,0.04295000000000072
793,2,0.021500000000000102,0.019100000000000034
793,4,0.021500000000000102,0.00954999999999997
793,8,0.010749999999999963,0.006749999999999987
793,16,0.009399999999999971,0.005899999999999992
793,32,0.007399999999999983,0.005549999999999994
795,1,0.04295000000000072,0.04295000000000072
795,2,0.021500000000000102,0.021500000000000102
795,4,0.01614999999999995,0.00949999999999997
795,8,0.013449999999999946,0.0076499999999999815
795,16,0.010749999999999963,0.00619999999999999
795,32,0.006749999999999987,0.005549999999999994
794,1,0.04295000000000072,0.04295000000000072
794,2,0.021500000000000102,0.01795
794,4,0.01614999999999995,0.00944999999999997
794,8,0.01614999999999995,0.006999999999999985
794,16,0.009399999999999971,0.006049999999999991
794,32,0.007399999999999983,0.005549999999999994
796,1,0.04295000000000072,0.04295000000000072
796,2,0.03225000000000041,0.028650000000000307
796,4,0.021500000000000102,0.009849999999999968
796,8,0.013449999999999946,0.006949999999999986
796,16,0.009399999999999971,0.005849999999999992
796,32,0.006049999999999991,0.005449999999999995
799,1,0.04295000000000072,0.04295000000000072
799,2,0.021500000000000102,0.021500000000000102
799,4,0.021500000000000102,0.00944999999999997
799,8,0.013449999999999946,0.007299999999999984
799,16,0.008099999999999979,0.005799999999999993
799,32,0.006049999999999991,0.0054999999999999945
798,1,0.04295000000000072,0.04295000000000072
798,2,0.03225000000000041,0.026900000000000257
798,4,0.01614999999999995,0.009849999999999968
798,8,0.013449999999999946,0.007199999999999984
798,16,0.009399999999999971,0.0059999999999999915
798,32,0.008099999999999979,0.005549999999999994
800,1,0.04295000000000072,0.04295000000000072
800,2,0.021500000000000102,0.021500000000000102
800,4,0.01614999999999995,0.008599999999999976
800,8,0.010749999999999963,0.007249999999999984
800,16,0.008099999999999979,0.005849999999999992
800,32,0.006049999999999991,0.0054999999999999945
802,1,0.06445000000000106,0.06445000000000106
802,2,0.03225000000000041,0.021500000000000102
802,4,0.01614999999999995,0.00964999999999997
802,8,0.013449999999999946,0.007449999999999983
802,16,0.009399999999999971,0.0061499999999999905
802,32,0.008749999999999975,0.005749999999999993
797,1,0.04295000000000072,0.04295000000000072
797,2,0.021500000000000102,0.021500000000000102
797,4,0.01614999999999995,0.008599999999999976
797,8,0.010749999999999963,0.007199999999999984
797,16,0.008099999999999979,0.0059999999999999915
797,32,0.007399999999999983,0.005599999999999994
801,1,0.04295000000000072,0.04295000000000072
801,2,0.021500000000000102,0.021500000000000102
801,4,0.021500000000000102,0.013449999999999946
801,8,0.010749999999999963,0.007449999999999983
801,16,0.008099999999999979,0.0059999999999999915
801,32,0.006749999999999987,0.005549999999999994
803,1,0.04295000000000072,0.04295000000000072
803,2,0.03225000000000041,0.026900000000000257
803,4,0.021500000000000102,0.011549999999999958
803,8,0.013449999999999946,0.007249999999999984
803,16,0.009399999999999971,0.0059999999999999915
803,32,0.006749999999999987,0.005549999999999994
804,1,0.04295000000000072,0.04295000000000072
804,2,0.03225000000000041,0.02420000000000018
804,4,0.01614999999999995,0.011999999999999955
804,8,0.010749999999999963,0.006699999999999987
804,16,0.006749999999999987,0.005599999999999994
804,32,0.006749999999999987,0.005549999999999994
805,1,0.04295000000000072,0.04295000000000072
805,2,0.03225000000000041,0.026900000000000257
805,4,0.01614999999999995,0.010499999999999964
805,8,0.010749999999999963,0.006599999999999988
805,16,0.006749999999999987,0.005599999999999994
805,32,0.006049999999999991,0.005449999999999995
806,1,0.04295000000000072,0.04295000000000072
806,2,0.03225000000000041,0.021500000000000102
806,4,0.021500000000000102,0.010349999999999965
806,8,0.013449999999999946,0.006599999999999988
806,16,0.010749999999999963,0.005949999999999992
806,32,0.006749999999999987,0.005549999999999994
807,1,0.04295000000000072,0.04295000000000072
807,2,0.04295000000000072,0.026900000000000257
807,4,0.021500000000000102,0.010699999999999963
807,8,0.013449999999999946,0.007499999999999982
807,16,0.009399999999999971,0.006049999999999991
807,32,0.006049999999999991,0.005449999999999995
809,1,0.04295000000000072,0.04295000000000072
809,2,0.03225000000000041,0.019750000000000052
809,4,0.01614999999999995,0.010599999999999964
809,8,0.010749999999999963,0.007599999999999982
809,16,0.010749999999999963,0.006049999999999991
809,32,0.007399999999999983,0.005599999999999994
808,1,0.04295000000000072,0.04295000000000072
808,2,0.03225000000000041,0.021500000000000102
808,4,0.021500000000000102,0.008899999999999974
808,8,0.01614999999999995,0.00789999999999998
808,16,0.009399999999999971,0.00624999999999999
808,32,0.006749999999999987,0.005549999999999994
811,1,0.04295000000000072,0.04295000000000072
811,2,0.021500000000000102,0.021500000000000102
811,4,0.01614999999999995,0.011449999999999958
811,8,0.010749999999999963,0.006949999999999986
811,16,0.008099999999999979,0.005699999999999993
811,32,0.006049999999999991,0.005449999999999995
810,1,0.04295000000000072,0.04295000000000072
810,2,0.021500000000000102,0.021500000000000102
810,4,0.01614999999999995,0.009899999999999968
810,8,0.013449999999999946,0.00784999999999998
810,16,0.009399999999999971,0.006449999999999989
810,32,0.008099999999999979,0.005699999999999993
812,1,0.04295000000000072,0.04295000000000072
812,2,0.03225000000000041,0.021500000000000102
812,4,0.01614999999999995,0.010149999999999966
812,8,0.010749999999999963,0.0066499999999999875
812,16,0.008099999999999979,0.006449999999999989
812,32,0.007399999999999983,0.0054999999999999945
813,1,0.04295000000000072,0.04295000000000072
813,2,0.03225000000000041,0.026900000000000257
813,4,0.021500000000000102,0.009349999999999971
813,8,0.010749999999999963,0.006699999999999987
813,16,0.009399999999999971,0.005949999999999992
813,32,0.006749999999999987,0.005549999999999994
814,1,0.021500000000000102,0.021500000000000102
814,2,0.03225000000000041,0.026900000000000257
814,4,0.01614999999999995,0.010649999999999963
814,8,0.010749999999999963,0.006949999999999986
814,16,0.008099999999999979,0.005899999999999992
814,32,0.007399999999999983,0.005599999999999994
816,1,0.04295000000000072,0.04295000000000072
816,2,0.03225000000000041,0.020900000000000085
816,4,0.021500000000000102,0.008849999999999974
816,8,0.010749999999999963,0.006899999999999986
816,16,0.006749999999999987,0.005699999999999993
816,32,0.006749999999999987,0.0054999999999999945
815,1,0.04295000000000072,0.04295000000000072
815,2,0.021500000000000102,0.021500000000000102
815,4,0.01614999999999995,0.009949999999999968
815,8,0.010749999999999963,0.007049999999999985
815,16,0.008099999999999979,0.005749999999999993
815,32,0.006749999999999987,0.0054999999999999945
818,1,0.04295000000000072,0.04295000000000072
818,2,0.021500000000000102,0.021500000000000102
818,4,0.01614999999999995,0.00944999999999997
818,8,0.010749999999999963,0.006699999999999987
818,16,0.008099999999999979,0.005849999999999992
818,32,0.006749999999999987,0.005549999999999994
821,1,0.04295000000000072,0.04295000000000072
821,2,0.03225000000000041,0.026900000000000257
821,4,0.01614999999999995,0.010649999999999963
821,8,0.013449999999999946,0.008049999999999979
821,16,0.009399999999999971,0.0059999999999999915
821,32,0.006049999999999991,0.005549999999999994
822,1,0.04295000000000072,0.04295000000000072
822,2,0.021500000000000102,0.01795
822,4,0.01614999999999995,0.009799999999999968
822,8,0.013449999999999946,0.007049999999999985
822,16,0.009399999999999971,0.005799999999999993
822,32,0.006749999999999987,0.0054999999999999945
820,1,0.04295000000000072,0.04295000000000072
820,2,0.021500000000000102,0.021500000000000102
820,4,0.01614999999999995,0.010749999999999963
820,8,0.013449999999999946,0.006949999999999986
820,16,0.009399999999999971,0.005699999999999993
820,32,0.006749999999999987,0.005549999999999994
817,1,0.04295000000000072,0.04295000000000072
817,2,0.021500000000000102,0.01795
817,4,0.021500000000000102,0.011049999999999961
817,8,0.010749999999999963,0.006749999999999987
817,16,0.008099999999999979,0.0059999999999999915
817,32,0.006049999999999991,0.005449999999999995
819,1,0.04295000000000072,0.04295000000000072
819,2,0.021500000000000102,0.021500000000000102
819,4,0.021500000000000102,0.011599999999999958
819,8,0.01614999999999995,0.008299999999999978
819,16,0.008099999999999979,0.005849999999999992
819,32,0.007399999999999983,0.005699999999999993
823,1,0.04295000000000072,0.04295000000000072
823,2,0.021500000000000102,0.014349999999999941
823,4,0.01614999999999995,0.008149999999999978
823,8,0.010749999999999963,0.006399999999999989
823,16,0.006749999999999987,0.005599999999999994
823,32,0.005399999999999995,0.005399999999999995
824,1,0.04295000000000072,0.04295000000000072
824,2,0.03225000000000041,0.021500000000000102
824,4,0.01614999999999995,0.010149999999999966
824,8,0.010749999999999963,0.006899999999999986
824,16,0.008099999999999979,0.005799999999999993
824,32,0.006049999999999991,0.0054999999999999945
826,1,0.04295000000000072,0.04295000000000072
826,2,0.03225000000000041,0.021500000000000102
826,4,0.021500000000000102,0.010999999999999961
826,8,0.010749999999999963,0.006899999999999986
826,16,0.008099999999999979,0.005699999999999993
826,32,0.007399999999999983,0.005549999999999994
825,1,0.04295000000000072,0.04295000000000072
825,2,0.03225000000000041,0.02420000000000018
825,4,0.021500000000000102,0.010649999999999963
825,8,0.013449999999999946,0.006949999999999986
825,16,0.010749999999999963,0.006099999999999991
825,32,0.006049999999999991,0.005449999999999995
827,1,0.04295000000000072,0.04295000000000072
827,2,0.021500000000000102,0.021500000000000102
827,4,0.021500000000000102,0.009899999999999968
827,8,0.010749999999999963,0.007449999999999983
827,16,0.006749999999999987,0.005699999999999993
827,32,0.006749999999999987,0.005549999999999994
831,1,0.04295000000000072,0.04295000000000072
831,2,0.021500000000000102,0.021500000000000102
831,4,0.01614999999999995,0.009349999999999971
831,8,0.010749999999999963,0.006499999999999988
831,16,0.008099999999999979,0.005749999999999993
831,32,0.005399999999999995,0.005399999999999995
830,1,0.06445000000000106,0.06445000000000106
830,2,0.04295000000000072,0.022000000000000117
830,4,0.021500000000000102,0.009099999999999973
830,8,0.013449999999999946,0.0071499999999999845
830,16,0.009399999999999971,0.00629999999999999
830,32,0.006049999999999991,0.0054999999999999945
828,1,0.04295000000000072,0.04295000000000072
828,2,0.021500000000000102,0.021500000000000102
828,4,0.01614999999999995,0.008849999999999974
828,8,0.010749999999999963,0.006599999999999988
828,16,0.009399999999999971,0.0061499999999999905
828,32,0.006749999999999987,0.005549999999999994
829,1,0.04295000000000072,0.04295000000000072
829,2,0.021500000000000102,0.021500000000000102
829,4,0.01614999999999995,0.01129999999999996
829,8,0.010749999999999963,0.0066499999999999875
829,16,0.009399999999999971,0.005749999999999993
829,32,0.006749999999999987,0.0054999999999999945
832,1,0.04295000000000072,0.04295000000000072
832,2,0.021500000000000102,0.021500000000000102
832,4,0.01614999999999995,0.00949999999999997
832,8,0.013449999999999946,0.006849999999999986
832,16,0.009399999999999971,0.0059999999999999915
832,32,0.008749999999999975,0.005749999999999993
833,1,0.04295000000000072,0.04295000000000072
833,2,0.03225000000000041,0.021500000000000102
833,4,0.01614999999999995,0.008999999999999973
833,8,0.010749999999999963,0.007049999999999985
833,16,0.008099999999999979,0.005699999999999993
833,32,0.007399999999999983,0.005549999999999994
834,1,0.04295000000000072,0.04295000000000072
834,2,0.021500000000000102,0.021500000000000102
834,4,0.021500000000000102,0.009349999999999971
834,8,0.013449999999999946,0.006699999999999987
834,16,0.009399999999999971,0.0059999999999999915
834,32,0.006049999999999991,0.005449999999999995
835,1,0.04295000000000072,0.04295000000000072
835,2,0.03225000000000041,0.021500000000000102
835,4,0.01614999999999995,0.008649999999999975
835,8,0.010749999999999963,0.006949999999999986
835,16,0.008099999999999979,0.005749999999999993
835,32,0.006049999999999991,0.0054999999999999945
836,1,0.04295000000000072,0.04295000000000072
836,2,0.03225000000000041,0.021500000000000102
836,4,0.01614999999999995,0.009699999999999969
836,8,0.010749999999999963,0.006899999999999986
836,16,0.009399999999999971,0.0061499999999999905
836,32,0.006749999999999987,0.0054999999999999945
838,1,0.04295000000000072,0.04295000000000072
838,2,0.021500000000000102,0.021500000000000102
838,4,0.01614999999999995,0.010249999999999966
838,8,0.010749999999999963,0.007249999999999984
838,16,0.008099999999999979,0.006099999999999991
838,32,0.006749999999999987,0.005549999999999994
842,1,0.04295000000000072,0.04295000000000072
842,2,0.04295000000000072,0.021500000000000102
842,4,0.021500000000000102,0.008849999999999974
842,8,0.013449999999999946,0.007549999999999982
842,16,0.009399999999999971,0.005899999999999992
842,32,0.006749999999999987,0.005449999999999995
837,1,0.04295000000000072,0.04295000000000072
837,2,0.021500000000000102,0.021500000000000102
837,4,0.01614999999999995,0.009299999999999971
837,8,0.013449999999999946,0.006849999999999986
837,16,0.008099999999999979,0.005699999999999993
837,32,0.005399999999999995,0.005399999999999995
839,1,0.04295000000000072,0.04295000000000072
839,2,0.021500000000000102,0.019100000000000034
839,4,0.021500000000000102,0.010599999999999964
839,8,0.010749999999999963,0.006899999999999986
839,16,0.008099999999999979,0.005899999999999992
839,32,0.006749999999999987,0.0054999999999999945
840,1,0.04295000000000072,0.04295000000000072
840,2,0.03225000000000041,0.01795
840,4,0.021500000000000102,0.010099999999999967
840,8,0.010749999999999963,0.007249999999999984
840,16,0.008099999999999979,0.006099999999999991
840,32,0.006749999999999987,0.005599999999999994
841,1,0.021500000000000102,0.021500000000000102
841,2,0.021500000000000102,0.021500000000000102
841,4,0.01614999999999995,0.010249999999999966
841,8,0.010749999999999963,0.006849999999999986
841,16,0.008099999999999979,0.005749999999999993
841,32,0.006749999999999987,0.005549999999999994
843,1,0.04295000000000072,0.04295000000000072
843,2,0.03225000000000041,0.02210000000000012
843,4,0.01614999999999995,0.009949999999999968
843,8,0.010749999999999963,0.007049999999999985
843,16,0.006749999999999987,0.005699999999999993
843,32,0.006049999999999991,0.005449999999999995
844,1,0.04295000000000072,0.04295000000000072
844,2,0.021500000000000102,0.020300000000000068
844,4,0.01614999999999995,0.009399999999999971
844,8,0.013449999999999946,0.007349999999999983
844,16,0.010749999999999963,0.00619999999999999
844,32,0.007399999999999983,0.005549999999999994
845,1,0.04295000000000072,0.04295000000000072
845,2,0.021500000000000102,0.019100000000000034
845,4,0.021500000000000102,0.013999999999999943
845,8,0.013449999999999946,0.008549999999999976
845,16,0.010749999999999963,0.006499999999999988
845,32,0.008099999999999979,0.005549999999999994
846,1,0.04295000000000072,0.04295000000000072
846,2,0.021500000000000102,0.021500000000000102
846,4,0.01614999999999995,0.010099999999999967
846,8,0.010749999999999963,0.006399999999999989
846,16,0.008099999999999979,0.005749999999999993
846,32,0.008749999999999975,0.005649999999999994
847,1,0.04295000000000072,0.04295000000000072
847,2,0.021500000000000102,0.021500000000000102
847,4,0.01614999999999995,0.00944999999999997
847,8,0.010749999999999963,0.007399999999999983
847,16,0.010749999999999963,0.005949999999999992
847,32,0.008099999999999979,0.005549999999999994
848,1,0.04295000000000072,0.04295000000000072
848,2,0.021500000000000102,0.021500000000000102
848,4,0.01614999999999995,0.010799999999999962
848,8,0.010749999999999963,0.007199999999999984
848,16,0.008099999999999979,0.005749999999999993
848,32,0.006749999999999987,0.005649999999999994
849,1,0.04295000000000072,0.04295000000000072
849,2,0.021500000000000102,0.014349999999999941
849,4,0.01614999999999995,0.008849999999999974
849,8,0.010749999999999963,0.006499999999999988
849,16,0.006749999999999987,0.005599999999999994
849,32,0.006049999999999991,0.005449999999999995
852,1,0.04295000000000072,0.04295000000000072
852,2,0.03225000000000041,0.026900000000000257
852,4,0.01614999999999995,0.010749999999999963
852,8,0.013449999999999946,0.006899999999999986
852,16,0.009399999999999971,0.005849999999999992
852,32,0.006049999999999991,0.0054999999999999945
850,1,0.04295000000000072,0.04295000000000072
850,2,0.021500000000000102,0.01795
850,4,0.01614999999999995,0.00949999999999997
850,8,0.010749999999999963,0.006899999999999986
850,16,0.008099999999999979,0.005749999999999993
850,32,0.006049999999999991,0.0054999999999999945
851,1,0.04295000000000072,0.04295000000000072
851,2,0.021500000000000102,0.01795
851,4,0.021500000000000102,0.010999999999999961
851,8,0.013449999999999946,0.007099999999999985
851,16,0.009399999999999971,0.006349999999999989
851,32,0.006049999999999991,0.005449999999999995
853,1,0.04295000000000072,0.04295000000000072
853,2,0.03225000000000041,0.028650000000000307
853,4,0.026850000000000256,0.016649999999999963
853,8,0.013449999999999946,0.00789999999999998
853,16,0.008099999999999979,0.005949999999999992
853,32,0.007399999999999983,0.005599999999999994
854,1,0.04295000000000072,0.04295000000000072
854,2,0.03225000000000041,0.026900000000000257
854,4,0.021500000000000102,0.011349999999999959
854,8,0.013449999999999946,0.007349999999999983
854,16,0.009399999999999971,0.006449999999999989
854,32,0.006049999999999991,0.005449999999999995
855,1,0.04295000000000072,0.04295000000000072
855,2,0.03225000000000041,0.021500000000000102
855,4,0.01614999999999995,0.01289999999999995
855,8,0.010749999999999963,0.007199999999999984
855,16,0.008099999999999979,0.005849999999999992
855,32,0.006749999999999987,0.0054999999999999945
856,1,0.04295000000000072,0.04295000000000072
856,2,0.021500000000000102,0.021500000000000102
856,4,0.01614999999999995,0.010749999999999963
856,8,0.013449999999999946,0.007099999999999985
856,16,0.008099999999999979,0.005949999999999992
856,32,0.006749999999999987,0.005549999999999994
859,1,0.04295000000000072,0.04295000000000072
859,2,0.021500000000000102,0.021500000000000102
859,4,0.021500000000000102,0.011599999999999958
859,8,0.013449999999999946,0.007499999999999982
859,16,0.008099999999999979,0.005749999999999993
859,32,0.006049999999999991,0.005449999999999995
860,1,0.04295000000000072,0.04295000000000072
860,2,0.021500000000000102,0.021500000000000102
860,4,0.01614999999999995,0.009299999999999971
860,8,0.013449999999999946,0.0066499999999999875
860,16,0.009399999999999971,0.0059999999999999915
860,32,0.006049999999999991,0.005449999999999995
857,1,0.04295000000000072,0.04295000000000072
857,2,0.021500000000000102,0.01795
857,4,0.021500000000000102,0.00964999999999997
857,8,0.013449999999999946,0.006849999999999986
857,16,0.009399999999999971,0.006349999999999989
857,32,0.007399999999999983,0.005599999999999994
858,1,0.04295000000000072,0.04295000000000072
858,2,0.021500000000000102,0.021500000000000102
858,4,0.01614999999999995,0.009299999999999971
858,8,0.013449999999999946,0.006899999999999986
858,16,0.009399999999999971,0.005749999999999993
858,32,0.007399999999999983,0.005549999999999994
861,1,0.04295000000000072,0.04295000000000072
861,2,0.021500000000000102,0.01795
861,4,0.01614999999999995,0.010049999999999967
861,8,0.010749999999999963,0.006499999999999988
861,16,0.009399999999999971,0.005699999999999993
861,32,0.006749999999999987,0.005549999999999994
862,1,0.04295000000000072,0.04295000000000072
862,2,0.021500000000000102,0.01795
862,4,0.01614999999999995,0.01109999999999996
862,8,0.010749999999999963,0.006449999999999989
862,16,0.009399999999999971,0.005849999999999992
862,32,0.005399999999999995,0.005399999999999995
864,1,0.04295000000000072,0.04295000000000072
864,2,0.03225000000000041,0.026900000000000257
864,4,0.01614999999999995,0.009349999999999971
864,8,0.010749999999999963,0.006799999999999987
864,16,0.008099999999999979,0.005799999999999993
864,32,0.006049999999999991,0.0054999999999999945
863,1,0.04295000000000072,0.04295000000000072
863,2,0.03225000000000041,0.021500000000000102
863,4,0.01614999999999995,0.009949999999999968
863,8,0.013449999999999946,0.0071499999999999845
863,16,0.009399999999999971,0.005949999999999992
863,32,0.006749999999999987,0.0054999999999999945
865,1,0.04295000000000072,0.04295000000000072
865,2,0.021500000000000102,0.01795
865,4,0.01614999999999995,0.009099999999999973
865,8,0.010749999999999963,0.007099999999999985
865,16,0.008099999999999979,0.005849999999999992
865,32,0.006049999999999991,0.005449999999999995
866,1,0.04295000000000072,0.04295000000000072
866,2,0.021500000000000102,0.014349999999999941
866,4,0.01614999999999995,0.011499999999999958
866,8,0.010749999999999963,0.006599999999999988
866,16,0.006749999999999987,0.005549999999999994
866,32,0.005399999999999995,0.005399999999999995
867,1,0.04295000000000072,0.04295000000000072
867,2,0.021500000000000102,0.01795
867,4,0.021500000000000102,0.010449999999999965
867,8,0.013449999999999946,0.007249999999999984
867,16,0.009399999999999971,0.005749999999999993
867,32,0.006749999999999987,0.005549999999999994
871,1,0.04295000000000072,0.04295000000000072
871,2,0.03225000000000041,0.021500000000000102
871,4,0.021500000000000102,0.010149999999999966
871,8,0.013449999999999946,0.006999999999999985
871,16,0.009399999999999971,0.005849999999999992
871,32,0.006049999999999991,0.0054999999999999945
872,1,0.04295000000000072,0.04295000000000072
872,2,0.021500000000000102,0.014349999999999941
872,4,0.01614999999999995,0.008599999999999976
872,8,0.013449999999999946,0.007449999999999983
872,16,0.009399999999999971,0.0059999999999999915
872,32,0.006749999999999987,0.0054999999999999945
870,1,0.04295000000000072,0.04295000000000072
870,2,0.03225000000000041,0.01614999999999995
870,4,0.01614999999999995,0.009149999999999972
870,8,0.010749999999999963,0.0066499999999999875
870,16,0.009399999999999971,0.0059999999999999915
870,32,0.007399999999999983,0.005549999999999994
868,1,0.04295000000000072,0.04295000000000072
868,2,0.021500000000000102,0.021500000000000102
868,4,0.01614999999999995,0.012049999999999955
868,8,0.010749999999999963,0.007699999999999981
868,16,0.009399999999999971,0.0059999999999999915
868,32,0.006749999999999987,0.0054999999999999945
869,1,0.06445000000000106,0.06445000000000106
869,2,0.03225000000000041,0.021500000000000102
869,4,0.01614999999999995,0.010149999999999966
869,8,0.013449999999999946,0.007099999999999985
869,16,0.008099999999999979,0.006049999999999991
869,32,0.006749999999999987,0.005699999999999993
873,1,0.04295000000000072,0.04295000000000072
873,2,0.03225000000000041,0.025100000000000205
873,4,0.01614999999999995,0.00944999999999997
873,8,0.010749999999999963,0.006849999999999986
873,16,0.006749999999999987,0.005699999999999993
873,32,0.005399999999999995,0.005399999999999995
874,1,0.04295000000000072,0.04295000000000072
874,2,0.03225000000000041,0.021500000000000102
874,4,0.01614999999999995,0.009299999999999971
874,8,0.010749999999999963,0.006799999999999987
874,16,0.009399999999999971,0.005849999999999992
874,32,0.007399999999999983,0.005599999999999994
876,1,0.021500000000000102,0.021500000000000102
876,2,0.021500000000000102,0.021500000000000102
876,4,0.01614999999999995,0.00964999999999997
876,8,0.010749999999999963,0.006699999999999987
876,16,0.010749999999999963,0.00619999999999999
876,32,0.006749999999999987,0.005549999999999994
875,1,0.04295000000000072,0.04295000000000072
875,2,0.021500000000000102,0.021500000000000102
875,4,0.01614999999999995,0.010899999999999962
875,8,0.013449999999999946,0.007349999999999983
875,16,0.009399999999999971,0.005849999999999992
875,32,0.007399999999999983,0.005599999999999994
877,1,0.04295000000000072,0.04295000000000072
877,2,0.021500000000000102,0.021500000000000102
877,4,0.01614999999999995,0.009899999999999968
877,8,0.013449999999999946,0.0071499999999999845
877,16,0.008099999999999979,0.0059999999999999915
877,32,0.007399999999999983,0.0054999999999999945
878,1,0.04295000000000072,0.04295000000000072
878,2,0.021500000000000102,0.020300000000000068
878,4,0.01614999999999995,0.009999999999999967
878,8,0.010749999999999963,0.006549999999999988
878,16,0.010749999999999963,0.0061499999999999905
878,32,0.006749999999999987,0.005549999999999994
879,1,0.04295000000000072,0.04295000000000072
879,2,0.03225000000000041,0.026900000000000257
879,4,0.01614999999999995,0.009349999999999971
879,8,0.010749999999999963,0.006699999999999987
879,16,0.008099999999999979,0.005699999999999993
879,32,0.005399999999999995,0.005399999999999995
881,1,0.04295000000000072,0.04295000000000072
881,2,0.021500000000000102,0.021500000000000102
881,4,0.01614999999999995,0.00944999999999997
881,8,0.010749999999999963,0.006949999999999986
881,16,0.008099999999999979,0.005899999999999992
881,32,0.007399999999999983,0.005649999999999994
880,1,0.04295000000000072,0.04295000000000072
880,2,0.03225000000000041,0.021500000000000102
880,4,0.021500000000000102,0.011899999999999956
880,8,0.010749999999999963,0.007199999999999984
880,16,0.008099999999999979,0.005599999999999994
880,32,0.008099999999999979,0.005649999999999994
882,1,0.04295000000000072,0.04295000000000072
882,2,0.03225000000000041,0.01795
882,4,0.021500000000000102,0.010999999999999961
882,8,0.010749999999999963,0.007249999999999984
882,16,0.009399999999999971,0.0061499999999999905
882,32,0.006749999999999987,0.0054999999999999945
883,1,0.04295000000000072,0.04295000000000072
883,2,0.021500000000000102,0.01795
883,4,0.01614999999999995,0.010349999999999965
883,8,0.013449999999999946,0.0066499999999999875
883,16,0.010749999999999963,0.00624999999999999
883,32,0.008099999999999979,0.005699999999999993
884,1,0.04295000000000072,0.04295000000000072
884,2,0.021500000000000102,0.021500000000000102
884,4,0.01614999999999995,0.008399999999999977
884,8,0.013449999999999946,0.007449999999999983
884,16,0.009399999999999971,0.0059999999999999915
884,32,0.005399999999999995,0.005399999999999995
885,1,0.04295000000000072,0.04295000000000072
885,2,0.021500000000000102,0.021500000000000102
885,4,0.01614999999999995,0.012499999999999952
885,8,0.010749999999999963,0.007249999999999984
885,16,0.009399999999999971,0.0059999999999999915
885,32,0.006749999999999987,0.005549999999999994
886,1,0.04295000000000072,0.04295000000000072
886,2,0.021500000000000102,0.021500000000000102
886,4,0.01614999999999995,0.00959999999999997
886,8,0.013449999999999946,0.0071499999999999845
886,16,0.008099999999999979,0.005799999999999993
886,32,0.006749999999999987,0.005549999999999994
887,1,0.04295000000000072,0.04295000000000072
887,2,0.021500000000000102,0.021500000000000102
887,4,0.021500000000000102,0.012349999999999953
887,8,0.01614999999999995,0.008149999999999978
887,16,0.009399999999999971,0.0059999999999999915
887,32,0.008099999999999979,0.005749999999999993
891,1,0.04295000000000072,0.04295000000000072
891,2,0.021500000000000102,0.021500000000000102
891,4,0.01614999999999995,0.010099999999999967
891,8,0.010749999999999963,0.007249999999999984
891,16,0.006749999999999987,0.005749999999999993
891,32,0.005399999999999995,0.005399999999999995
890,1,0.06445000000000106,0.06445000000000106
890,2,0.03225000000000041,0.026900000000000257
890,4,0.01614999999999995,0.010449999999999965
890,8,0.010749999999999963,0.006799999999999987
890,16,0.006749999999999987,0.005599999999999994
890,32,0.006049999999999991,0.005449999999999995
888,1,0.04295000000000072,0.04295000000000072
888,2,0.03225000000000041,0.026900000000000257
888,4,0.021500000000000102,0.01119999999999996
888,8,0.01614999999999995,0.006899999999999986
888,16,0.010749999999999963,0.005949999999999992
888,32,0.006749999999999987,0.0054999999999999945
889,1,0.04295000000000072,0.04295000000000072
889,2,0.021500000000000102,0.021500000000000102
889,4,0.01614999999999995,0.010499999999999964
889,8,0.013449999999999946,0.006849999999999986
889,16,0.008099999999999979,0.005949999999999992
889,32,0.006749999999999987,0.0054999999999999945
892,1,0.04295000000000072,0.04295000000000072
892,2,0.03225000000000041,0.01795
892,4,0.01614999999999995,0.00954999999999997
892,8,0.010749999999999963,0.006449999999999989
892,16,0.009399999999999971,0.005699999999999993
892,32,0.006049999999999991,0.005449999999999995
893,1,0.04295000000000072,0.04295000000000072
893,2,0.021500000000000102,0.01795
893,4,0.01614999999999995,0.009949999999999968
893,8,0.010749999999999963,0.0071499999999999845
893,16,0.010749999999999963,0.005949999999999992
893,32,0.005399999999999995,0.005399999999999995
894,1,0.04295000000000072,0.04295000000000072
894,2,0.021500000000000102,0.021500000000000102
894,4,0.01614999999999995,0.009749999999999969
894,8,0.010749999999999963,0.0066499999999999875
894,16,0.009399999999999971,0.006349999999999989
894,32,0.008749999999999975,0.005699999999999993
896,1,0.04295000000000072,0.04295000000000072
896,2,0.021500000000000102,0.021500000000000102
896,4,0.01614999999999995,0.010649999999999963
896,8,0.013449999999999946,0.006849999999999986
896,16,0.008099999999999979,0.0059999999999999915
896,32,0.006049999999999991,0.005449999999999995
897,1,0.04295000000000072,0.04295000000000072
897,2,0.021500000000000102,0.014349999999999941
897,4,0.01614999999999995,0.009299999999999971
897,8,0.013449999999999946,0.0071499999999999845
897,16,0.008099999999999979,0.005799999999999993
897,32,0.005399999999999995,0.005399999999999995
895,1,0.04295000000000072,0.04295000000000072
895,2,0.03225000000000041,0.019750000000000052
895,4,0.021500000000000102,0.010799999999999962
895,8,0.013449999999999946,0.007599999999999982
895,16,0.008099999999999979,0.005949999999999992
895,32,0.007399999999999983,0.005549999999999994
899,1,0.04295000000000072,0.04295000000000072
899,2,0.021500000000000102,0.01795
899,4,0.01614999999999995,0.00964999999999997
899,8,0.013449999999999946,0.0071499999999999845
899,16,0.009399999999999971,0.005799999999999993
899,32,0.006049999999999991,0.005449999999999995
900,1,0.04295000000000072,0.04295000000000072
900,2,0.021500000000000102,0.021500000000000102
900,4,0.01614999999999995,0.010699999999999963
900,8,0.010749999999999963,0.006749999999999987
900,16,0.010749999999999963,0.006099999999999991
900,32,0.007399999999999983,0.005549999999999994
901,1,0.04295000000000072,0.04295000000000072
901,2,0.03225000000000041,0.026900000000000257
901,4,0.01614999999999995,0.009349999999999971
901,8,0.010749999999999963,0.007049999999999985
901,16,0.008099999999999979,0.005749999999999993
901,32,0.006049999999999991,0.005449999999999995
898,1,0.04295000000000072,0.04295000000000072
898,2,0.03225000000000041,0.026900000000000257
898,4,0.01614999999999995,0.011349999999999959
898,8,0.013449999999999946,0.008249999999999978
898,16,0.009399999999999971,0.0061499999999999905
898,32,0.007399999999999983,0.005599999999999994
903,1,0.04295000000000072,0.04295000000000072
903,2,0.03225000000000041,0.021500000000000102
903,4,0.021500000000000102,0.009749999999999969
903,8,0.013449999999999946,0.006849999999999986
903,16,0.008099999999999979,0.005749999999999993
903,32,0.006749999999999987,0.005449999999999995
902,1,0.04295000000000072,0.04295000000000072
902,2,0.021500000000000102,0.01795
902,4,0.01614999999999995,0.00944999999999997
902,8,0.013449999999999946,0.006599999999999988
902,16,0.008099999999999979,0.005949999999999992
902,32,0.006749999999999987,0.005599999999999994
904,1,0.04295000000000072,0.04295000000000072
904,2,0.021500000000000102,0.014349999999999941
904,4,0.01614999999999995,0.010099999999999967
904,8,0.013449999999999946,0.007749999999999981
904,16,0.008099999999999979,0.0059999999999999915
904,32,0.007399999999999983,0.005549999999999994
905,1,0.04295000000000072,0.04295000000000072
905,2,0.03225000000000041,0.028650000000000307
905,4,0.01614999999999995,0.011049999999999961
905,8,0.013449999999999946,0.00794999999999998
905,16,0.008099999999999979,0.005949999999999992
905,32,0.006049999999999991,0.0054999999999999945
907,1,0.04295000000000072,0.04295000000000072
907,2,0.021500000000000102,0.021500000000000102
907,4,0.01614999999999995,0.008899999999999974
907,8,0.010749999999999963,0.007099999999999985
907,16,0.009399999999999971,0.005899999999999992
907,32,0.006049999999999991,0.005449999999999995
910,1,0.04295000000000072,0.04295000000000072
910,2,0.021500000000000102,0.021500000000000102
910,4,0.021500000000000102,0.00959999999999997
910,8,0.01614999999999995,0.008149999999999978
910,16,0.010749999999999963,0.00624999999999999
910,32,0.008099999999999979,0.005699999999999993
908,1,0.04295000000000072,0.04295000000000072
908,2,0.03225000000000041,0.021500000000000102
908,4,0.021500000000000102,0.011549999999999958
908,8,0.013449999999999946,0.006999999999999985
908,16,0.012099999999999955,0.006099999999999991
908,32,0.006749999999999987,0.005549999999999994
911,1,0.04295000000000072,0.04295000000000072
911,2,0.03225000000000041,0.026900000000000257
911,4,0.01614999999999995,0.010249999999999966
911,8,0.010749999999999963,0.006449999999999989
911,16,0.009399999999999971,0.005849999999999992
911,32,0.006049999999999991,0.005449999999999995
906,1,0.04295000000000072,0.04295000000000072
906,2,0.03225000000000041,0.021550000000000104
906,4,0.01614999999999995,0.010249999999999966
906,8,0.010749999999999963,0.007399999999999983
906,16,0.009399999999999971,0.005899999999999992
906,32,0.006049999999999991,0.005449999999999995
912,1,0.04295000000000072,0.04295000000000072
912,2,0.03225000000000041,0.028650000000000307
912,4,0.01614999999999995,0.00949999999999997
912,8,0.013449999999999946,0.007199999999999984
912,16,0.009399999999999971,0.005899999999999992
912,32,0.006749999999999987,0.005549999999999994
909,1,0.04295000000000072,0.04295000000000072
909,2,0.03225000000000041,0.021500000000000102
909,4,0.021500000000000102,0.012349999999999953
909,8,0.013449999999999946,0.007199999999999984
909,16,0.009399999999999971,0.006049999999999991
909,32,0.006749999999999987,0.005549999999999994
913,1,0.04295000000000072,0.04295000000000072
913,2,0.021500000000000102,0.019100000000000034
913,4,0.01614999999999995,0.009049999999999973
913,8,0.010749999999999963,0.006899999999999986
913,16,0.010749999999999963,0.0061499999999999905
913,32,0.007399999999999983,0.005599999999999994
914,1,0.04295000000000072,0.04295000000000072
914,2,0.021500000000000102,0.01795
914,4,0.01614999999999995,0.00944999999999997
914,8,0.01614999999999995,0.006949999999999986
914,16,0.009399999999999971,0.005899999999999992
914,32,0.006049999999999991,0.005449999999999995
915,1,0.04295000000000072,0.04295000000000072
915,2,0.021500000000000102,0.01795
915,4,0.01614999999999995,0.010499999999999964
915,8,0.010749999999999963,0.006449999999999989
915,16,0.008099999999999979,0.005849999999999992
915,32,0.006049999999999991,0.005449999999999995
916,1,0.04295000000000072,0.04295000000000072
916,2,0.021500000000000102,0.021500000000000102
916,4,0.01614999999999995,0.00959999999999997
916,8,0.010749999999999963,0.006799999999999987
916,16,0.008099999999999979,0.005849999999999992
916,32,0.006749999999999987,0.005449999999999995
918,1,0.04295000000000072,0.04295000000000072
918,2,0.021500000000000102,0.014349999999999941
918,4,0.01614999999999995,0.009949999999999968
918,8,0.010749999999999963,0.006849999999999986
918,16,0.006749999999999987,0.005599999999999994
918,32,0.006049999999999991,0.005449999999999995
919,1,0.04295000000000072,0.04295000000000072
919,2,0.021500000000000102,0.021500000000000102
919,4,0.021500000000000102,0.011699999999999957
919,8,0.013449999999999946,0.007199999999999984
919,16,0.008099999999999979,0.006099999999999991
919,32,0.007399999999999983,0.005599999999999994
917,1,0.04295000000000072,0.04295000000000072
917,2,0.03225000000000041,0.026900000000000257
917,4,0.026850000000000256,0.013699999999999945
917,8,0.01614999999999995,0.007549999999999982
917,16,0.009399999999999971,0.00624999999999999
917,32,0.007399999999999983,0.005549999999999994
920,1,0.04295000000000072,0.04295000000000072
920,2,0.021500000000000102,0.01795
920,4,0.01614999999999995,0.011799999999999956
920,8,0.010749999999999963,0.006549999999999988
920,16,0.009399999999999971,0.006049999999999991
920,32,0.010749999999999963,0.005749999999999993
921,1,0.021500000000000102,0.021500000000000102
921,2,0.021500000000000102,0.021500000000000102
921,4,0.01614999999999995,0.009249999999999972
921,8,0.010749999999999963,0.006749999999999987
921,16,0.006749999999999987,0.005749999999999993
921,32,0.006049999999999991,0.005449999999999995
922,1,0.021500000000000102,0.021500000000000102
922,2,0.021500000000000102,0.014349999999999941
922,4,0.01614999999999995,0.009399999999999971
922,8,0.010749999999999963,0.006599999999999988
922,16,0.006749999999999987,0.005599999999999994
922,32,0.006049999999999991,0.005449999999999995
923,1,0.04295000000000072,0.04295000000000072
923,2,0.021500000000000102,0.01795
923,4,0.01614999999999995,0.00944999999999997
923,8,0.010749999999999963,0.006899999999999986
923,16,0.006749999999999987,0.005599999999999994
923,32,0.006749999999999987,0.005549999999999994
924,1,0.04295000000000072,0.04295000000000072
924,2,0.021500000000000102,0.021500000000000102
924,4,0.01614999999999995,0.009949999999999968
924,8,0.010749999999999963,0.006999999999999985
924,16,0.008099999999999979,0.005649999999999994
924,32,0.005399999999999995,0.005399999999999995
926,1,0.04295000000000072,0.04295000000000072
926,2,0.021500000000000102,0.01795
926,4,0.01614999999999995,0.009749999999999969
926,8,0.013449999999999946,0.007349999999999983
926,16,0.006749999999999987,0.005699999999999993
926,32,0.006049999999999991,0.005449999999999995
925,1,0.04295000000000072,0.04295000000000072
925,2,0.021500000000000102,0.021500000000000102
925,4,0.01614999999999995,0.009349999999999971
925,8,0.013449999999999946,0.007299999999999984
925,16,0.009399999999999971,0.005849999999999992
925,32,0.006749999999999987,0.0054999999999999945
929,1,0.04295000000000072,0.04295000000000072
929,2,0.021500000000000102,0.01795
929,4,0.01614999999999995,0.010599999999999964
929,8,0.010749999999999963,0.006449999999999989
929,16,0.008099999999999979,0.005649999999999994
929,32,0.006049999999999991,0.005449999999999995
927,1,0.04295000000000072,0.04295000000000072
927,2,0.021500000000000102,0.021500000000000102
927,4,0.01614999999999995,0.008949999999999974
927,8,0.013449999999999946,0.0071499999999999845
927,16,0.008099999999999979,0.005849999999999992
927,32,0.006049999999999991,0.005449999999999995
930,1,0.04295000000000072,0.04295000000000072
930,2,0.021500000000000102,0.021500000000000102
930,4,0.01614999999999995,0.010749999999999963
930,8,0.010749999999999963,0.006949999999999986
930,16,0.006749999999999987,0.005749999999999993
930,32,0.006749999999999987,0.0054999999999999945
928,1,0.04295000000000072,0.04295000000000072
928,2,0.021500000000000102,0.01795
928,4,0.021500000000000102,0.012449999999999952
928,8,0.013449999999999946,0.007199999999999984
928,16,0.008099999999999979,0.005899999999999992
928,32,0.006049999999999991,0.0054999999999999945
931,1,0.04295000000000072,0.04295000000000072
931,2,0.021500000000000102,0.021500000000000102
931,4,0.021500000000000102,0.009799999999999968
931,8,0.013449999999999946,0.006949999999999986
931,16,0.008099999999999979,0.00619999999999999
931,32,0.006749999999999987,0.005649999999999994
932,1,0.04295000000000072,0.04295000000000072
932,2,0.03225000000000041,0.019750000000000052
932,4,0.01614999999999995,0.009349999999999971
932,8,0.013449999999999946,0.007499999999999982
932,16,0.009399999999999971,0.006049999999999991
932,32,0.006749999999999987,0.005549999999999994
934,1,0.04295000000000072,0.04295000000000072
934,2,0.04295000000000072,0.026900000000000257
934,4,0.021500000000000102,0.00959999999999997
934,8,0.013449999999999946,0.007549999999999982
934,16,0.008099999999999979,0.0059999999999999915
934,32,0.006049999999999991,0.0054999999999999945
933,1,0.06445000000000106,0.06445000000000106
933,2,0.03225000000000041,0.021500000000000102
933,4,0.01614999999999995,0.010299999999999965
933,8,0.010749999999999963,0.006549999999999988
933,16,0.008099999999999979,0.005899999999999992
933,32,0.006049999999999991,0.0054999999999999945
935,1,0.04295000000000072,0.04295000000000072
935,2,0.03225000000000041,0.029250000000000324
935,4,0.01614999999999995,0.010049999999999967
935,8,0.010749999999999963,0.006949999999999986
935,16,0.009399999999999971,0.006049999999999991
935,32,0.006749999999999987,0.005549999999999994
937,1,0.04295000000000072,0.04295000000000072
937,2,0.021500000000000102,0.01795
937,4,0.021500000000000102,0.011549999999999958
937,8,0.010749999999999963,0.007199999999999984
937,16,0.008099999999999979,0.005849999999999992
937,32,0.007399999999999983,0.005549999999999994
936,1,0.04295000000000072,0.04295000000000072
936,2,0.03225000000000041,0.020900000000000085
936,4,0.01614999999999995,0.009799999999999968
936,8,0.010749999999999963,0.006549999999999988
936,16,0.009399999999999971,0.0059999999999999915
936,32,0.006749999999999987,0.005549999999999994
938,1,0.04295000000000072,0.04295000000000072
938,2,0.021500000000000102,0.01795
938,4,0.01614999999999995,0.009399999999999971
938,8,0.013449999999999946,0.006749999999999987
938,16,0.008099999999999979,0.005799999999999993
938,32,0.006049999999999991,0.005449999999999995
939,1,0.04295000000000072,0.04295000000000072
939,2,0.03225000000000041,0.019750000000000052
939,4,0.021500000000000102,0.009799999999999968
939,8,0.010749999999999963,0.007049999999999985
939,16,0.008099999999999979,0.005899999999999992
939,32,0.006049999999999991,0.005449999999999995
941,1,0.04295000000000072,0.04295000000000072
941,2,0.021500000000000102,0.021500000000000102
941,4,0.01614999999999995,0.008499999999999976
941,8,0.010749999999999963,0.006699999999999987
941,16,0.008099999999999979,0.005899999999999992
941,32,0.006049999999999991,0.0054999999999999945
940,1,0.04295000000000072,0.04295000000000072
940,2,0.03225000000000041,0.026900000000000257
940,4,0.01614999999999995,0.010849999999999962
940,8,0.013449999999999946,0.007049999999999985
940,16,0.010749999999999963,0.005899999999999992
940,32,0.008099999999999979,0.005549999999999994
943,1,0.04295000000000072,0.04295000000000072
943,2,0.021500000000000102,0.021500000000000102
943,4,0.01614999999999995,0.01129999999999996
943,8,0.010749999999999963,0.007099999999999985
943,16,0.008099999999999979,0.005749999999999993
943,32,0.006049999999999991,0.005449999999999995
944,1,0.04295000000000072,0.04295000000000072
944,2,0.03225000000000041,0.026900000000000257
944,4,0.01614999999999995,0.010299999999999965
944,8,0.010749999999999963,0.006999999999999985
944,16,0.008099999999999979,0.005849999999999992
944,32,0.006049999999999991,0.005449999999999995
942,1,0.04295000000000072,0.04295000000000072
942,2,0.03225000000000041,0.021500000000000102
942,4,0.021500000000000102,0.011699999999999957
942,8,0.010749999999999963,0.007199999999999984
942,16,0.008099999999999979,0.0059999999999999915
942,32,0.006749999999999987,0.005549999999999994
946,1,0.04295000000000072,0.04295000000000072
946,2,0.03225000000000041,0.01795
946,4,0.01614999999999995,0.013449999999999946
946,8,0.013449999999999946,0.006949999999999986
946,16,0.009399999999999971,0.005749999999999993
946,32,0.006049999999999991,0.005449999999999995
947,1,0.04295000000000072,0.04295000000000072
947,2,0.021500000000000102,0.021500000000000102
947,4,0.01614999999999995,0.009949999999999968
947,8,0.013449999999999946,0.006899999999999986
947,16,0.009399999999999971,0.0059999999999999915
947,32,0.006749999999999987,0.005549999999999994
945,1,0.04295000000000072,0.04295000000000072
945,2,0.03225000000000041,0.026900000000000257
945,4,0.01614999999999995,0.009299999999999971
945,8,0.010749999999999963,0.006999999999999985
945,16,0.009399999999999971,0.00624999999999999
945,32,0.006749999999999987,0.005449999999999995
948,1,0.04295000000000072,0.04295000000000072
948,2,0.021500000000000102,0.021500000000000102
948,4,0.01614999999999995,0.008999999999999973
948,8,0.010749999999999963,0.007599999999999982
948,16,0.008099999999999979,0.006049999999999991
948,32,0.006749999999999987,0.0054999999999999945
949,1,0.04295000000000072,0.04295000000000072
949,2,0.021500000000000102,0.014349999999999941
949,4,0.021500000000000102,0.010749999999999963
949,8,0.010749999999999963,0.006399999999999989
949,16,0.006749999999999987,0.005599999999999994
949,32,0.006049999999999991,0.005449999999999995
950,1,0.04295000000000072,0.04295000000000072
950,2,0.03225000000000041,0.022700000000000137
950,4,0.01614999999999995,0.00964999999999997
950,8,0.010749999999999963,0.0071499999999999845
950,16,0.008099999999999979,0.005699999999999993
950,32,0.006049999999999991,0.005449999999999995
951,1,0.04295000000000072,0.04295000000000072
951,2,0.03225000000000041,0.021500000000000102
951,4,0.01614999999999995,0.010749999999999963
951,8,0.010749999999999963,0.006699999999999987
951,16,0.009399999999999971,0.006049999999999991
951,32,0.006749999999999987,0.005549999999999994
952,1,0.04295000000000072,0.04295000000000072
952,2,0.021500000000000102,0.021500000000000102
952,4,0.026850000000000256,0.010249999999999966
952,8,0.01614999999999995,0.007749999999999981
952,16,0.009399999999999971,0.00619999999999999
952,32,0.006749999999999987,0.0054999999999999945
954,1,0.04295000000000072,0.04295000000000072
954,2,0.021500000000000102,0.019100000000000034
954,4,0.026850000000000256,0.010849999999999962
954,8,0.013449999999999946,0.006899999999999986
954,16,0.009399999999999971,0.005749999999999993
954,32,0.006049999999999991,0.005449999999999995
953,1,0.04295000000000072,0.04295000000000072
953,2,0.03225000000000041,0.026900000000000257
953,4,0.026850000000000256,0.01114999999999996
953,8,0.013449999999999946,0.007249999999999984
953,16,0.008099999999999979,0.005899999999999992
953,32,0.006749999999999987,0.005549999999999994
955,1,0.04295000000000072,0.04295000000000072
955,2,0.021500000000000102,0.01795
955,4,0.01614999999999995,0.00954999999999997
955,8,0.010749999999999963,0.006949999999999986
955,16,0.008099999999999979,0.005799999999999993
955,32,0.006049999999999991,0.005449999999999995
957,1,0.021500000000000102,0.021500000000000102
957,2,0.03225000000000041,0.026900000000000257
957,4,0.021500000000000102,0.00964999999999997
957,8,0.013449999999999946,0.0071499999999999845
957,16,0.008099999999999979,0.005949999999999992
957,32,0.006049999999999991,0.005449999999999995
956,1,0.04295000000000072,0.04295000000000072
956,2,0.021500000000000102,0.01795
956,4,0.01614999999999995,0.009849999999999968
956,8,0.010749999999999963,0.006599999999999988
956,16,0.010749999999999963,0.006049999999999991
956,32,0.006049999999999991,0.005449999999999995
958,1,0.04295000000000072,0.04295000000000072
958,2,0.03225000000000041,0.028650000000000307
958,4,0.021500000000000102,0.011749999999999957
958,8,0.010749999999999963,0.006849999999999986
958,16,0.006749999999999987,0.005699999999999993
958,32,0.006049999999999991,0.005449999999999995
959,1,0.04295000000000072,0.04295000000000072
959,2,0.021500000000000102,0.014349999999999941
959,4,0.01614999999999995,0.008849999999999974
959,8,0.010749999999999963,0.006849999999999986
959,16,0.008099999999999979,0.005749999999999993
959,32,0.006049999999999991,0.005449999999999995
962,1,0.04295000000000072,0.04295000000000072
962,2,0.021500000000000102,0.014349999999999941
962,4,0.01614999999999995,0.010149999999999966
962,8,0.010749999999999963,0.006599999999999988
962,16,0.006749999999999987,0.005699999999999993
962,32,0.006049999999999991,0.0054999999999999945
960,1,0.04295000000000072,0.04295000000000072
960,2,0.03225000000000041,0.021500000000000102
960,4,0.021500000000000102,0.011049999999999961
960,8,0.013449999999999946,0.007049999999999985
960,16,0.009399999999999971,0.0061499999999999905
960,32,0.007399999999999983,0.005549999999999994
961,1,0.04295000000000072,0.04295000000000072
961,2,0.021500000000000102,0.01795
961,4,0.01614999999999995,0.008399999999999977
961,8,0.010749999999999963,0.006399999999999989
961,16,0.008099999999999979,0.005749999999999993
961,32,0.006049999999999991,0.0054999999999999945
963,1,0.04295000000000072,0.04295000000000072
963,2,0.03225000000000041,0.021500000000000102
963,4,0.01614999999999995,0.009099999999999973
963,8,0.010749999999999963,0.006949999999999986
963,16,0.008099999999999979,0.005749999999999993
963,32,0.006049999999999991,0.005449999999999995
964,1,0.04295000000000072,0.04295000000000072
964,2,0.021500000000000102,0.021500000000000102
964,4,0.021500000000000102,0.010399999999999965
964,8,0.013449999999999946,0.007349999999999983
964,16,0.009399999999999971,0.005849999999999992
964,32,0.007399999999999983,0.0054999999999999945
966,1,0.04295000000000072,0.04295000000000072
966,2,0.021500000000000102,0.01795
966,4,0.021500000000000102,0.014149999999999942
966,8,0.010749999999999963,0.006999999999999985
966,16,0.009399999999999971,0.006099999999999991
966,32,0.006049999999999991,0.005449999999999995
965,1,0.06445000000000106,0.06445000000000106
965,2,0.03225000000000041,0.021500000000000102
965,4,0.021500000000000102,0.00949999999999997
965,8,0.013449999999999946,0.0071499999999999845
965,16,0.009399999999999971,0.005849999999999992
965,32,0.007399999999999983,0.005599999999999994
968,1,0.04295000000000072,0.04295000000000072
968,2,0.021500000000000102,0.021500000000000102
968,4,0.01614999999999995,0.010149999999999966
968,8,0.01614999999999995,0.007049999999999985
968,16,0.009399999999999971,0.005899999999999992
968,32,0.006749999999999987,0.0054999999999999945
969,1,0.021500000000000102,0.021500000000000102
969,2,0.03225000000000041,0.026900000000000257
969,4,0.01614999999999995,0.00944999999999997
969,8,0.010749999999999963,0.007049999999999985
969,16,0.010749999999999963,0.005899999999999992
969,32,0.006049999999999991,0.0054999999999999945
967,1,0.04295000000000072,0.04295000000000072
967,2,0.03225000000000041,0.021500000000000102
967,4,0.021500000000000102,0.009949999999999968
967,8,0.010749999999999963,0.006799999999999987
967,16,0.008099999999999979,0.005799999999999993
967,32,0.006749999999999987,0.005599999999999994
972,1,0.04295000000000072,0.04295000000000072
972,2,0.021500000000000102,0.021500000000000102
972,4,0.01614999999999995,0.00949999999999997
972,8,0.010749999999999963,0.006949999999999986
972,16,0.008099999999999979,0.005749999999999993
972,32,0.007399999999999983,0.005549999999999994
971,1,0.04295000000000072,0.04295000000000072
971,2,0.021500000000000102,0.021500000000000102
971,4,0.01614999999999995,0.010749999999999963
971,8,0.010749999999999963,0.006749999999999987
971,16,0.009399999999999971,0.00624999999999999
971,32,0.007399999999999983,0.005699999999999993
970,1,0.04295000000000072,0.04295000000000072
970,2,0.03225000000000041,0.01614999999999995
970,4,0.01614999999999995,0.009949999999999968
970,8,0.013449999999999946,0.007249999999999984
970,16,0.008099999999999979,0.0059999999999999915
970,32,0.005399999999999995,0.005399999999999995
974,1,0.04295000000000072,0.04295000000000072
974,2,0.021500000000000102,0.021500000000000102
974,4,0.01614999999999995,0.009999999999999967
974,8,0.010749999999999963,0.006999999999999985
974,16,0.008099999999999979,0.005799999999999993
974,32,0.007399999999999983,0.0054999999999999945
973,1,0.04295000000000072,0.04295000000000072
973,2,0.021500000000000102,0.019100000000000034
973,4,0.01614999999999995,0.010049999999999967
973,8,0.010749999999999963,0.007099999999999985
973,16,0.008099999999999979,0.005849999999999992
973,32,0.006049999999999991,0.005449999999999995
975,1,0.04295000000000072,0.04295000000000072
975,2,0.03225000000000041,0.021500000000000102
975,4,0.01614999999999995,0.012049999999999955
975,8,0.010749999999999963,0.0066499999999999875
975,16,0.008099999999999979,0.005799999999999993
975,32,0.006049999999999991,0.005449999999999995
976,1,0.04295000000000072,0.04295000000000072
976,2,0.021500000000000102,0.021500000000000102
976,4,0.01614999999999995,0.009199999999999972
976,8,0.010749999999999963,0.006599999999999988
976,16,0.008099999999999979,0.005799999999999993
976,32,0.006749999999999987,0.005549999999999994
978,1,0.04295000000000072,0.04295000000000072
978,2,0.021500000000000102,0.021500000000000102
978,4,0.01614999999999995,0.009749999999999969
978,8,0.010749999999999963,0.006999999999999985
978,16,0.008099999999999979,0.006099999999999991
978,32,0.006749999999999987,0.0054999999999999945
979,1,0.04295000000000072,0.04295000000000072
979,2,0.021500000000000102,0.021500000000000102
979,4,0.01614999999999995,0.010099999999999967
979,8,0.013449999999999946,0.007299999999999984
979,16,0.009399999999999971,0.006099999999999991
979,32,0.006049999999999991,0.0054999999999999945
977,1,0.04295000000000072,0.04295000000000072
977,2,0.03225000000000041,0.020900000000000085
977,4,0.01614999999999995,0.00964999999999997
977,8,0.010749999999999963,0.007199999999999984
977,16,0.009399999999999971,0.005849999999999992
977,32,0.007399999999999983,0.005549999999999994
980,1,0.04295000000000072,0.04295000000000072
980,2,0.021500000000000102,0.020300000000000068
980,4,0.01614999999999995,0.009149999999999972
980,8,0.010749999999999963,0.006749999999999987
980,16,0.009399999999999971,0.0061499999999999905
980,32,0.006749999999999987,0.0054999999999999945
982,1,0.04295000000000072,0.04295000000000072
982,2,0.03225000000000041,0.02420000000000018
982,4,0.01614999999999995,0.00959999999999997
982,8,0.010749999999999963,0.006749999999999987
982,16,0.006749999999999987,0.005699999999999993
982,32,0.005399999999999995,0.005399999999999995
981,1,0.04295000000000072,0.04295000000000072
981,2,0.021500000000000102,0.021500000000000102
981,4,0.01614999999999995,0.009249999999999972
981,8,0.010749999999999963,0.0071499999999999845
981,16,0.008099999999999979,0.005849999999999992
981,32,0.006749999999999987,0.0054999999999999945
984,1,0.021500000000000102,0.021500000000000102
984,2,0.021500000000000102,0.01795
984,4,0.01614999999999995,0.00959999999999997
984,8,0.010749999999999963,0.007249999999999984
984,16,0.009399999999999971,0.005849999999999992
984,32,0.006749999999999987,0.005599999999999994
985,1,0.04295000000000072,0.04295000000000072
985,2,0.03225000000000041,0.026900000000000257
985,4,0.01614999999999995,0.013549999999999946
985,8,0.013449999999999946,0.007349999999999983
985,16,0.010749999999999963,0.0061499999999999905
985,32,0.006749999999999987,0.005549999999999994
987,1,0.04295000000000072,0.04295000000000072
987,2,0.021500000000000102,0.021500000000000102
987,4,0.01614999999999995,0.010599999999999964
987,8,0.010749999999999963,0.006849999999999986
987,16,0.008099999999999979,0.005849999999999992
987,32,0.007399999999999983,0.005699999999999993
983,1,0.04295000000000072,0.04295000000000072
983,2,0.021500000000000102,0.021500000000000102
983,4,0.01614999999999995,0.013099999999999948
983,8,0.013449999999999946,0.006549999999999988
983,16,0.008099999999999979,0.005849999999999992
983,32,0.008749999999999975,0.005699999999999993
988,1,0.04295000000000072,0.04295000000000072
988,2,0.03225000000000041,0.026900000000000257
988,4,0.01614999999999995,0.009149999999999972
988,8,0.010749999999999963,0.006849999999999986
988,16,0.006749999999999987,0.005549999999999994
988,32,0.006749999999999987,0.005549999999999994
989,1,0.04295000000000072,0.04295000000000072
989,2,0.021500000000000102,0.01795
989,4,0.01614999999999995,0.011549999999999958
989,8,0.010749999999999963,0.006699999999999987
989,16,0.008099999999999979,0.00619999999999999
989,32,0.006749999999999987,0.0054999999999999945
986,1,0.04295000000000072,0.04295000000000072
986,2,0.021500000000000102,0.021500000000000102
986,4,0.01614999999999995,0.009349999999999971
986,8,0.010749999999999963,0.007049999999999985
986,16,0.009399999999999971,0.005899999999999992
986,32,0.006049999999999991,0.005449999999999995
990,1,0.04295000000000072,0.04295000000000072
990,2,0.03225000000000041,0.021500000000000102
990,4,0.021500000000000102,0.010649999999999963
990,8,0.010749999999999963,0.0071499999999999845
990,16,0.008099999999999979,0.005699999999999993
990,32,0.006049999999999991,0.005449999999999995
991,1,0.04295000000000072,0.04295000000000072
991,2,0.021500000000000102,0.021500000000000102
991,4,0.01614999999999995,0.01109999999999996
991,8,0.010749999999999963,0.0076499999999999815
991,16,0.012099999999999955,0.0061499999999999905
991,32,0.008099999999999979,0.005649999999999994
992,1,0.04295000000000072,0.04295000000000072
992,2,0.021500000000000102,0.021500000000000102
992,4,0.01614999999999995,0.008399999999999977
992,8,0.010749999999999963,0.006849999999999986
992,16,0.009399999999999971,0.00624999999999999
992,32,0.007399999999999983,0.005599999999999994
994,1,0.04295000000000072,0.04295000000000072
994,2,0.021500000000000102,0.019100000000000034
994,4,0.021500000000000102,0.013449999999999946
994,8,0.013449999999999946,0.008249999999999978
994,16,0.009399999999999971,0.00619999999999999
994,32,0.006049999999999991,0.005549999999999994
993,1,0.04295000000000072,0.04295000000000072
993,2,0.03225000000000041,0.021500000000000102
993,4,0.01614999999999995,0.009399999999999971
993,8,0.010749999999999963,0.006899999999999986
993,16,0.009399999999999971,0.005849999999999992
993,32,0.006749999999999987,0.0054999999999999945
995,1,0.04295000000000072,0.04295000000000072
995,2,0.03225000000000041,0.021500000000000102
995,4,0.01614999999999995,0.010099999999999967
995,8,0.010749999999999963,0.007249999999999984
995,16,0.009399999999999971,0.005849999999999992
995,32,0.006049999999999991,0.0054999999999999945
996,1,0.04295000000000072,0.04295000000000072
996,2,0.021500000000000102,0.021500000000000102
996,4,0.01614999999999995,0.010249999999999966
996,8,0.013449999999999946,0.006999999999999985
996,16,0.009399999999999971,0.0059999999999999915
996,32,0.006049999999999991,0.005449999999999995
997,1,0.04295000000000072,0.04295000000000072
997,2,0.03225000000000041,0.026900000000000257
997,4,0.021500000000000102,0.009849999999999968
997,8,0.013449999999999946,0.007299999999999984
997,16,0.010749999999999963,0.0061499999999999905
997,32,0.006749999999999987,0.005549999999999994
998,1,0.04295000000000072,0.04295000000000072
998,2,0.021500000000000102,0.01795
998,4,0.01614999999999995,0.010099999999999967
998,8,0.010749999999999963,0.006949999999999986
998,16,0.008099999999999979,0.005899999999999992
998,32,0.006049999999999991,0.0054999999999999945
999,1,0.04295000000000072,0.04295000000000072
999,2,0.021500000000000102,0.01795
999,4,0.01614999999999995,0.009049999999999973
999,8,0.013449999999999946,0.007399999999999983
999,16,0.009399999999999971,0.0061499999999999905
999,32,0.006749999999999987,0.005599999999999994
