fabric,P,seed,k,t_prop
3tier_nb,16,7,2,0.005399999999999995
3tier_nb,16,7,4,0.005399999999999995
3tier_nb,16,7,8,0.005399999999999995
3tier_nb,16,7,16,0.005399999999999995
3tier_nb,16,7,32,0.005399999999999995
3tier_os2,16,7,2,0.010749999999999963
3tier_os2,16,7,4,0.005399999999999995
3tier_os2,16,7,8,0.005399999999999995
3tier_os2,16,7,16,0.005399999999999995
3tier_os2,16,7,32,0.005399999999999995
3tier_os4,16,7,2,0.021500000000000102
3tier_os4,16,7,4,0.007199999999999984
3tier_os4,16,7,8,0.005899999999999992
3tier_os4,16,7,16,0.005399999999999995
3tier_os4,16,7,32,0.005399999999999995
2tier,16,7,2,0.007549999999999982
2tier,16,7,4,0.00624999999999999
2tier,16,7,8,0.005399999999999995
2tier,16,7,16,0.005399999999999995
2tier,16,7,32,0.005399999999999995
3tier_nb,64,7,2,0.007549999999999982
3tier_nb,64,7,4,0.005399999999999995
3tier_nb,64,7,8,0.005399999999999995
3tier_nb,64,7,16,0.005399999999999995
3tier_nb,64,7,32,0.005399999999999995
3tier_os2,64,7,2,0.010749999999999963
3tier_os2,64,7,4,0.006849999999999986
3tier_os2,64,7,8,0.005399999999999995
3tier_os2,64,7,16,0.005399999999999995
3tier_os2,64,7,32,0.005399999999999995
3tier_os4,64,7,2,0.021500000000000102
3tier_os4,64,7,4,0.010749999999999963
3tier_os4,64,7,8,0.006949999999999986
3tier_os4,64,7,16,0.005899999999999992
3tier_os4,64,7,32,0.005449999999999995
2tier,64,7,2,0.009999999999999967
2tier,64,7,4,0.006999999999999985
2tier,64,7,8,0.006599999999999988
2tier,64,7,16,0.0059999999999999915
2tier,64,7,32,0.005449999999999995
3tier_nb,16,2,2,0.005399999999999995
3tier_nb,16,2,4,0.005399999999999995
3tier_nb,16,2,8,0.005399999999999995
3tier_nb,16,2,16,0.005399999999999995
3tier_nb,16,2,32,0.005399999999999995
3tier_os2,16,2,2,0.005399999999999995
3tier_os2,16,2,4,0.005399999999999995
3tier_os2,16,2,8,0.005399999999999995
3tier_os2,16,2,16,0.005399999999999995
3tier_os2,16,2,32,0.005399999999999995
3tier_os4,16,2,2,0.010749999999999963
3tier_os4,16,2,4,0.007199999999999984
3tier_os4,16,2,8,0.005399999999999995
3tier_os4,16,2,16,0.005399999999999995
3tier_os4,16,2,32,0.005399999999999995
2tier,16,2,2,0.007549999999999982
2tier,16,2,4,0.005399999999999995
2tier,16,2,8,0.005399999999999995
2tier,16,2,16,0.005399999999999995
2tier,16,2,32,0.005399999999999995
3tier_nb,64,2,2,0.007549999999999982
3tier_nb,64,2,4,0.006549999999999988
3tier_nb,64,2,8,0.005399999999999995
3tier_nb,64,2,16,0.005399999999999995
3tier_nb,64,2,32,0.005399999999999995
3tier_os2,64,2,2,0.010749999999999963
3tier_os2,64,2,4,0.007049999999999985
3tier_os2,64,2,8,0.005849999999999992
3tier_os2,64,2,16,0.005449999999999995
3tier_os2,64,2,32,0.005399999999999995
3tier_os4,64,2,2,0.021500000000000102
3tier_os4,64,2,4,0.010899999999999962
3tier_os4,64,2,8,0.0077999999999999806
3tier_os4,64,2,16,0.006349999999999989
3tier_os4,64,2,32,0.005699999999999993
2tier,64,2,2,0.008999999999999973
2tier,64,2,4,0.007099999999999985
2tier,64,2,8,0.0061499999999999905
2tier,64,2,16,0.005649999999999994
2tier,64,2,32,0.005449999999999995
3tier_nb,16,0,2,0.005399999999999995
3tier_nb,16,0,4,0.005399999999999995
3tier_nb,16,0,8,0.005399999999999995
3tier_nb,16,0,16,0.005399999999999995
3tier_nb,16,0,32,0.005399999999999995
3tier_os2,16,0,2,0.007199999999999984
3tier_os2,16,0,4,0.005399999999999995
3tier_os2,16,0,8,0.005399999999999995
3tier_os2,16,0,16,0.005399999999999995
3tier_os2,16,0,32,0.005399999999999995
3tier_os4,16,0,2,0.014349999999999941
3tier_os4,16,0,4,0.008099999999999979
3tier_os4,16,0,8,0.005399999999999995
3tier_os4,16,0,16,0.005399999999999995
3tier_os4,16,0,32,0.005399999999999995
2tier,16,0,2,0.005399999999999995
2tier,16,0,4,0.005399999999999995
2tier,16,0,8,0.005399999999999995
2tier,16,0,16,0.005399999999999995
2tier,16,0,32,0.005399999999999995
3tier_nb,64,0,2,0.007549999999999982
3tier_nb,64,0,4,0.006349999999999989
3tier_nb,64,0,8,0.005399999999999995
3tier_nb,64,0,16,0.005399999999999995
3tier_nb,64,0,32,0.005399999999999995
3tier_os2,64,0,2,0.008999999999999973
3tier_os2,64,0,4,0.008199999999999978
3tier_os2,64,0,8,0.005399999999999995
3tier_os2,64,0,16,0.005399999999999995
3tier_os2,64,0,32,0.005399999999999995
3tier_os4,64,0,2,0.01795
3tier_os4,64,0,4,0.011699999999999957
3tier_os4,64,0,8,0.007399999999999983
3tier_os4,64,0,16,0.005899999999999992
3tier_os4,64,0,32,0.005549999999999994
2tier,64,0,2,0.00944999999999997
2tier,64,0,4,0.0076499999999999815
2tier,64,0,8,0.006349999999999989
2tier,64,0,16,0.005549999999999994
2tier,64,0,32,0.005399999999999995
3tier_nb,16,1,2,0.005399999999999995
3tier_nb,16,1,4,0.005399999999999995
3tier_nb,16,1,8,0.005399999999999995
3tier_nb,16,1,16,0.005399999999999995
3tier_nb,16,1,32,0.005399999999999995
3tier_os2,16,1,2,0.007199999999999984
3tier_os2,16,1,4,0.005399999999999995
3tier_os2,16,1,8,0.005399999999999995
3tier_os2,16,1,16,0.005399999999999995
3tier_os2,16,1,32,0.005399999999999995
3tier_os4,16,1,2,0.014349999999999941
3tier_os4,16,1,4,0.007199999999999984
3tier_os4,16,1,8,0.005849999999999992
3tier_os4,16,1,16,0.005399999999999995
3tier_os4,16,1,32,0.005399999999999995
2tier,16,1,2,0.007549999999999982
2tier,16,1,4,0.005399999999999995
2tier,16,1,8,0.005399999999999995
2tier,16,1,16,0.005399999999999995
2tier,16,1,32,0.005399999999999995
3tier_nb,64,1,2,0.007549999999999982
3tier_nb,64,1,4,0.005399999999999995
3tier_nb,64,1,8,0.005399999999999995
3tier_nb,64,1,16,0.005399999999999995
3tier_nb,64,1,32,0.005399999999999995
3tier_os2,64,1,2,0.010749999999999963
3tier_os2,64,1,4,0.005899999999999992
3tier_os2,64,1,8,0.005399999999999995
3tier_os2,64,1,16,0.005399999999999995
3tier_os2,64,1,32,0.005399999999999995
3tier_os4,64,1,2,0.021500000000000102
3tier_os4,64,1,4,0.008749999999999975
3tier_os4,64,1,8,0.006899999999999986
3tier_os4,64,1,16,0.005849999999999992
3tier_os4,64,1,32,0.005549999999999994
2tier,64,1,2,0.00944999999999997
2tier,64,1,4,0.007399999999999983
2tier,64,1,8,0.0059999999999999915
2tier,64,1,16,0.005849999999999992
2tier,64,1,32,0.005449999999999995
3tier_nb,16,6,2,0.005399999999999995
3tier_nb,16,6,4,0.005399999999999995
3tier_nb,16,6,8,0.005399999999999995
3tier_nb,16,6,16,0.005399999999999995
3tier_nb,16,6,32,0.005399999999999995
3tier_os2,16,6,2,0.005399999999999995
3tier_os2,16,6,4,0.005399999999999995
3tier_os2,16,6,8,0.005399999999999995
3tier_os2,16,6,16,0.005399999999999995
3tier_os2,16,6,32,0.005399999999999995
3tier_os4,16,6,2,0.010749999999999963
3tier_os4,16,6,4,0.007199999999999984
3tier_os4,16,6,8,0.005399999999999995
3tier_os4,16,6,16,0.005399999999999995
3tier_os4,16,6,32,0.005399999999999995
2tier,16,6,2,0.007549999999999982
2tier,16,6,4,0.005399999999999995
2tier,16,6,8,0.005399999999999995
2tier,16,6,16,0.005399999999999995
2tier,16,6,32,0.005399999999999995
3tier_nb,64,6,2,0.007549999999999982
3tier_nb,64,6,4,0.005399999999999995
3tier_nb,64,6,8,0.005399999999999995
3tier_nb,64,6,16,0.005399999999999995
3tier_nb,64,6,32,0.005399999999999995
3tier_os2,64,6,2,0.009199999999999972
3tier_os2,64,6,4,0.006399999999999989
3tier_os2,64,6,8,0.005399999999999995
3tier_os2,64,6,16,0.005399999999999995
3tier_os2,64,6,32,0.005399999999999995
3tier_os4,64,6,2,0.01795
3tier_os4,64,6,4,0.009699999999999969
3tier_os4,64,6,8,0.006849999999999986
3tier_os4,64,6,16,0.005899999999999992
3tier_os4,64,6,32,0.005599999999999994
2tier,64,6,2,0.010749999999999963
2tier,64,6,4,0.007449999999999983
2tier,64,6,8,0.006399999999999989
2tier,64,6,16,0.005599999999999994
2tier,64,6,32,0.0054999999999999945
3tier_nb,16,3,2,0.005399999999999995
3tier_nb,16,3,4,0.005399999999999995
3tier_nb,16,3,8,0.005399999999999995
3tier_nb,16,3,16,0.005399999999999995
3tier_nb,16,3,32,0.005399999999999995
3tier_os2,16,3,2,0.007199999999999984
3tier_os2,16,3,4,0.005399999999999995
3tier_os2,16,3,8,0.005399999999999995
3tier_os2,16,3,16,0.005399999999999995
3tier_os2,16,3,32,0.005399999999999995
3tier_os4,16,3,2,0.014349999999999941
3tier_os4,16,3,4,0.007099999999999985
3tier_os4,16,3,8,0.005849999999999992
3tier_os4,16,3,16,0.005599999999999994
3tier_os4,16,3,32,0.005399999999999995
2tier,16,3,2,0.007549999999999982
2tier,16,3,4,0.005399999999999995
2tier,16,3,8,0.005399999999999995
2tier,16,3,16,0.005399999999999995
2tier,16,3,32,0.005399999999999995
3tier_nb,64,3,2,0.007549999999999982
3tier_nb,64,3,4,0.005399999999999995
3tier_nb,64,3,8,0.005799999999999993
3tier_nb,64,3,16,0.005399999999999995
3tier_nb,64,3,32,0.005399999999999995
3tier_os2,64,3,2,0.010749999999999963
3tier_os2,64,3,4,0.005899999999999992
3tier_os2,64,3,8,0.005849999999999992
3tier_os2,64,3,16,0.005399999999999995
3tier_os2,64,3,32,0.005399999999999995
3tier_os4,64,3,2,0.021500000000000102
3tier_os4,64,3,4,0.009199999999999972
3tier_os4,64,3,8,0.006949999999999986
3tier_os4,64,3,16,0.005899999999999992
3tier_os4,64,3,32,0.0054999999999999945
2tier,64,3,2,0.014099999999999942
2tier,64,3,4,0.007699999999999981
2tier,64,3,8,0.006099999999999991
2tier,64,3,16,0.006049999999999991
2tier,64,3,32,0.005549999999999994
3tier_nb,16,5,2,0.005399999999999995
3tier_nb,16,5,4,0.005399999999999995
3tier_nb,16,5,8,0.005399999999999995
3tier_nb,16,5,16,0.005399999999999995
3tier_nb,16,5,32,0.005399999999999995
3tier_os2,16,5,2,0.005399999999999995
3tier_os2,16,5,4,0.005399999999999995
3tier_os2,16,5,8,0.005399999999999995
3tier_os2,16,5,16,0.005399999999999995
3tier_os2,16,5,32,0.005399999999999995
3tier_os4,16,5,2,0.010749999999999963
3tier_os4,16,5,4,0.007099999999999985
3tier_os4,16,5,8,0.005399999999999995
3tier_os4,16,5,16,0.005399999999999995
3tier_os4,16,5,32,0.005399999999999995
2tier,16,5,2,0.005399999999999995
2tier,16,5,4,0.005399999999999995
2tier,16,5,8,0.005399999999999995
2tier,16,5,16,0.005399999999999995
2tier,16,5,32,0.005399999999999995
3tier_nb,64,5,2,0.005399999999999995
3tier_nb,64,5,4,0.005399999999999995
3tier_nb,64,5,8,0.005399999999999995
3tier_nb,64,5,16,0.005399999999999995
3tier_nb,64,5,32,0.005399999999999995
3tier_os2,64,5,2,0.010749999999999963
3tier_os2,64,5,4,0.006399999999999989
3tier_os2,64,5,8,0.005399999999999995
3tier_os2,64,5,16,0.005399999999999995
3tier_os2,64,5,32,0.005399999999999995
3tier_os4,64,5,2,0.021500000000000102
3tier_os4,64,5,4,0.00959999999999997
3tier_os4,64,5,8,0.006599999999999988
3tier_os4,64,5,16,0.005749999999999993
3tier_os4,64,5,32,0.005449999999999995
2tier,64,5,2,0.009999999999999967
2tier,64,5,4,0.008899999999999974
2tier,64,5,8,0.006549999999999988
2tier,64,5,16,0.005749999999999993
2tier,64,5,32,0.0054999999999999945
3tier_nb,16,9,2,0.005399999999999995
3tier_nb,16,9,4,0.005399999999999995
3tier_nb,16,9,8,0.005399999999999995
3tier_nb,16,9,16,0.005399999999999995
3tier_nb,16,9,32,0.005399999999999995
3tier_os2,16,9,2,0.010749999999999963
3tier_os2,16,9,4,0.005399999999999995
3tier_os2,16,9,8,0.005399999999999995
3tier_os2,16,9,16,0.005399999999999995
3tier_os2,16,9,32,0.005399999999999995
3tier_os4,16,9,2,0.021500000000000102
3tier_os4,16,9,4,0.008199999999999978
3tier_os4,16,9,8,0.005849999999999992
3tier_os4,16,9,16,0.005699999999999993
3tier_os4,16,9,32,0.005399999999999995
2tier,16,9,2,0.007549999999999982
2tier,16,9,4,0.005399999999999995
2tier,16,9,8,0.005399999999999995
2tier,16,9,16,0.005399999999999995
2tier,16,9,32,0.005399999999999995
3tier_nb,64,9,2,0.010749999999999963
3tier_nb,64,9,4,0.007549999999999982
3tier_nb,64,9,8,0.005699999999999993
3tier_nb,64,9,16,0.005399999999999995
3tier_nb,64,9,32,0.005399999999999995
3tier_os2,64,9,2,0.010749999999999963
3tier_os2,64,9,4,0.007549999999999982
3tier_os2,64,9,8,0.005699999999999993
3tier_os2,64,9,16,0.005399999999999995
3tier_os2,64,9,32,0.005399999999999995
3tier_os4,64,9,2,0.021500000000000102
3tier_os4,64,9,4,0.009199999999999972
3tier_os4,64,9,8,0.007049999999999985
3tier_os4,64,9,16,0.005899999999999992
3tier_os4,64,9,32,0.005399999999999995
2tier,64,9,2,0.008999999999999973
2tier,64,9,4,0.006849999999999986
2tier,64,9,8,0.005949999999999992
2tier,64,9,16,0.005549999999999994
2tier,64,9,32,0.0054999999999999945
3tier_nb,16,8,2,0.005399999999999995
3tier_nb,16,8,4,0.005399999999999995
3tier_nb,16,8,8,0.005399999999999995
3tier_nb,16,8,16,0.005399999999999995
3tier_nb,16,8,32,0.005399999999999995
3tier_os2,16,8,2,0.007199999999999984
3tier_os2,16,8,4,0.006399999999999989
3tier_os2,16,8,8,0.005399999999999995
3tier_os2,16,8,16,0.005399999999999995
3tier_os2,16,8,32,0.005399999999999995
3tier_os4,16,8,2,0.014349999999999941
3tier_os4,16,8,4,0.00789999999999998
3tier_os4,16,8,8,0.005849999999999992
3tier_os4,16,8,16,0.005399999999999995
3tier_os4,16,8,32,0.005399999999999995
2tier,16,8,2,0.007549999999999982
2tier,16,8,4,0.005399999999999995
2tier,16,8,8,0.005399999999999995
2tier,16,8,16,0.005399999999999995
2tier,16,8,32,0.005399999999999995
3tier_nb,64,8,2,0.007549999999999982
3tier_nb,64,8,4,0.005399999999999995
3tier_nb,64,8,8,0.005399999999999995
3tier_nb,64,8,16,0.005399999999999995
3tier_nb,64,8,32,0.005399999999999995
3tier_os2,64,8,2,0.010499999999999964
3tier_os2,64,8,4,0.006449999999999989
3tier_os2,64,8,8,0.005699999999999993
3tier_os2,64,8,16,0.005399999999999995
3tier_os2,64,8,32,0.005399999999999995
3tier_os4,64,8,2,0.020900000000000085
3tier_os4,64,8,4,0.010649999999999963
3tier_os4,64,8,8,0.007749999999999981
3tier_os4,64,8,16,0.006099999999999991
3tier_os4,64,8,32,0.0054999999999999945
2tier,64,8,2,0.008999999999999973
2tier,64,8,4,0.007099999999999985
2tier,64,8,8,0.006599999999999988
2tier,64,8,16,0.005949999999999992
2tier,64,8,32,0.005399999999999995
3tier_nb,16,4,2,0.005399999999999995
3tier_nb,16,4,4,0.005399999999999995
3tier_nb,16,4,8,0.005399999999999995
3tier_nb,16,4,16,0.005399999999999995
3tier_nb,16,4,32,0.005399999999999995
3tier_os2,16,4,2,0.007199999999999984
3tier_os2,16,4,4,0.005399999999999995
3tier_os2,16,4,8,0.005399999999999995
3tier_os2,16,4,16,0.005399999999999995
3tier_os2,16,4,32,0.005399999999999995
3tier_os4,16,4,2,0.014349999999999941
3tier_os4,16,4,4,0.007199999999999984
3tier_os4,16,4,8,0.005849999999999992
3tier_os4,16,4,16,0.005399999999999995
3tier_os4,16,4,32,0.005399999999999995
2tier,16,4,2,0.007549999999999982
2tier,16,4,4,0.005399999999999995
2tier,16,4,8,0.005399999999999995
2tier,16,4,16,0.005399999999999995
2tier,16,4,32,0.005399999999999995
3tier_nb,64,4,2,0.005399999999999995
3tier_nb,64,4,4,0.005399999999999995
3tier_nb,64,4,8,0.005399999999999995
3tier_nb,64,4,16,0.005399999999999995
3tier_nb,64,4,32,0.005399999999999995
3tier_os2,64,4,2,0.008999999999999973
3tier_os2,64,4,4,0.005899999999999992
3tier_os2,64,4,8,0.005399999999999995
3tier_os2,64,4,16,0.005399999999999995
3tier_os2,64,4,32,0.005399999999999995
3tier_os4,64,4,2,0.01795
3tier_os4,64,4,4,0.009349999999999971
3tier_os4,64,4,8,0.006749999999999987
3tier_os4,64,4,16,0.005899999999999992
3tier_os4,64,4,32,0.0054999999999999945
2tier,64,4,2,0.009849999999999968
2tier,64,4,4,0.007499999999999982
2tier,64,4,8,0.006349999999999989
2tier,64,4,16,0.005399999999999995
2tier,64,4,32,0.005449999999999995
3tier_nb,16,12,2,0.005399999999999995
3tier_nb,16,12,4,0.005399999999999995
3tier_nb,16,12,8,0.005399999999999995
3tier_nb,16,12,16,0.005399999999999995
3tier_nb,16,12,32,0.005399999999999995
3tier_os2,16,12,2,0.005399999999999995
3tier_os2,16,12,4,0.005399999999999995
3tier_os2,16,12,8,0.005399999999999995
3tier_os2,16,12,16,0.005399999999999995
3tier_os2,16,12,32,0.005399999999999995
3tier_os4,16,12,2,0.010749999999999963
3tier_os4,16,12,4,0.007199999999999984
3tier_os4,16,12,8,0.005849999999999992
3tier_os4,16,12,16,0.005399999999999995
3tier_os4,16,12,32,0.005399999999999995
2tier,16,12,2,0.005399999999999995
2tier,16,12,4,0.005399999999999995
2tier,16,12,8,0.005399999999999995
2tier,16,12,16,0.005399999999999995
2tier,16,12,32,0.005399999999999995
3tier_nb,64,12,2,0.007549999999999982
3tier_nb,64,12,4,0.005399999999999995
3tier_nb,64,12,8,0.005399999999999995
3tier_nb,64,12,16,0.005399999999999995
3tier_nb,64,12,32,0.005399999999999995
3tier_os2,64,12,2,0.014349999999999941
3tier_os2,64,12,4,0.006849999999999986
3tier_os2,64,12,8,0.005399999999999995
3tier_os2,64,12,16,0.005399999999999995
3tier_os2,64,12,32,0.005399999999999995
3tier_os4,64,12,2,0.028650000000000307
3tier_os4,64,12,4,0.00964999999999997
3tier_os4,64,12,8,0.006499999999999988
3tier_os4,64,12,16,0.005749999999999993
3tier_os4,64,12,32,0.005549999999999994
2tier,64,12,2,0.009849999999999968
2tier,64,12,4,0.007499999999999982
2tier,64,12,8,0.006349999999999989
2tier,64,12,16,0.005899999999999992
2tier,64,12,32,0.005649999999999994
3tier_nb,16,10,2,0.005399999999999995
3tier_nb,16,10,4,0.005399999999999995
3tier_nb,16,10,8,0.005399999999999995
3tier_nb,16,10,16,0.005399999999999995
3tier_nb,16,10,32,0.005399999999999995
3tier_os2,16,10,2,0.010749999999999963
3tier_os2,16,10,4,0.007199999999999984
3tier_os2,16,10,8,0.005399999999999995
3tier_os2,16,10,16,0.005399999999999995
3tier_os2,16,10,32,0.005399999999999995
3tier_os4,16,10,2,0.021500000000000102
3tier_os4,16,10,4,0.010749999999999963
3tier_os4,16,10,8,0.0061499999999999905
3tier_os4,16,10,16,0.005399999999999995
3tier_os4,16,10,32,0.005399999999999995
2tier,16,10,2,0.007549999999999982
2tier,16,10,4,0.005399999999999995
2tier,16,10,8,0.005399999999999995
2tier,16,10,16,0.005399999999999995
2tier,16,10,32,0.005399999999999995
3tier_nb,64,10,2,0.005399999999999995
3tier_nb,64,10,4,0.005399999999999995
3tier_nb,64,10,8,0.005399999999999995
3tier_nb,64,10,16,0.005399999999999995
3tier_nb,64,10,32,0.005399999999999995
3tier_os2,64,10,2,0.010749999999999963
3tier_os2,64,10,4,0.006399999999999989
3tier_os2,64,10,8,0.005399999999999995
3tier_os2,64,10,16,0.005399999999999995
3tier_os2,64,10,32,0.005399999999999995
3tier_os4,64,10,2,0.021500000000000102
3tier_os4,64,10,4,0.010649999999999963
3tier_os4,64,10,8,0.006799999999999987
3tier_os4,64,10,16,0.005749999999999993
3tier_os4,64,10,32,0.005549999999999994
2tier,64,10,2,0.008999999999999973
2tier,64,10,4,0.006949999999999986
2tier,64,10,8,0.0061499999999999905
2tier,64,10,16,0.005799999999999993
2tier,64,10,32,0.005699999999999993
3tier_nb,16,14,2,0.005399999999999995
3tier_nb,16,14,4,0.005399999999999995
3tier_nb,16,14,8,0.005399999999999995
3tier_nb,16,14,16,0.005399999999999995
3tier_nb,16,14,32,0.005399999999999995
3tier_os2,16,14,2,0.010749999999999963
3tier_os2,16,14,4,0.007199999999999984
3tier_os2,16,14,8,0.005399999999999995
3tier_os2,16,14,16,0.005399999999999995
3tier_os2,16,14,32,0.005399999999999995
3tier_os4,16,14,2,0.021500000000000102
3tier_os4,16,14,4,0.010749999999999963
3tier_os4,16,14,8,0.0061499999999999905
3tier_os4,16,14,16,0.005399999999999995
3tier_os4,16,14,32,0.005399999999999995
2tier,16,14,2,0.010749999999999963
2tier,16,14,4,0.006349999999999989
2tier,16,14,8,0.005399999999999995
2tier,16,14,16,0.005399999999999995
2tier,16,14,32,0.005399999999999995
3tier_nb,64,14,2,0.007549999999999982
3tier_nb,64,14,4,0.005399999999999995
3tier_nb,64,14,8,0.005399999999999995
3tier_nb,64,14,16,0.005399999999999995
3tier_nb,64,14,32,0.005399999999999995
3tier_os2,64,14,2,0.010749999999999963
3tier_os2,64,14,4,0.007199999999999984
3tier_os2,64,14,8,0.005399999999999995
3tier_os2,64,14,16,0.005399999999999995
3tier_os2,64,14,32,0.005399999999999995
3tier_os4,64,14,2,0.021500000000000102
3tier_os4,64,14,4,0.012549999999999952
3tier_os4,64,14,8,0.006999999999999985
3tier_os4,64,14,16,0.00629999999999999
3tier_os4,64,14,32,0.0054999999999999945
2tier,64,14,2,0.010749999999999963
2tier,64,14,4,0.007499999999999982
2tier,64,14,8,0.00629999999999999
2tier,64,14,16,0.0059999999999999915
2tier,64,14,32,0.0054999999999999945
3tier_nb,16,11,2,0.005399999999999995
3tier_nb,16,11,4,0.005399999999999995
3tier_nb,16,11,8,0.005399999999999995
3tier_nb,16,11,16,0.005399999999999995
3tier_nb,16,11,32,0.005399999999999995
3tier_os2,16,11,2,0.005399999999999995
3tier_os2,16,11,4,0.005399999999999995
3tier_os2,16,11,8,0.005399999999999995
3tier_os2,16,11,16,0.005399999999999995
3tier_os2,16,11,32,0.005399999999999995
3tier_os4,16,11,2,0.010749999999999963
3tier_os4,16,11,4,0.0061499999999999905
3tier_os4,16,11,8,0.005899999999999992
3tier_os4,16,11,16,0.005399999999999995
3tier_os4,16,11,32,0.005399999999999995
2tier,16,11,2,0.005399999999999995
2tier,16,11,4,0.005399999999999995
2tier,16,11,8,0.005399999999999995
2tier,16,11,16,0.005399999999999995
2tier,16,11,32,0.005399999999999995
3tier_nb,64,11,2,0.007549999999999982
3tier_nb,64,11,4,0.005399999999999995
3tier_nb,64,11,8,0.005399999999999995
3tier_nb,64,11,16,0.005399999999999995
3tier_nb,64,11,32,0.005399999999999995
3tier_os2,64,11,2,0.010749999999999963
3tier_os2,64,11,4,0.006949999999999986
3tier_os2,64,11,8,0.005399999999999995
3tier_os2,64,11,16,0.005399999999999995
3tier_os2,64,11,32,0.005399999999999995
3tier_os4,64,11,2,0.021500000000000102
3tier_os4,64,11,4,0.011049999999999961
3tier_os4,64,11,8,0.006999999999999985
3tier_os4,64,11,16,0.0059999999999999915
3tier_os4,64,11,32,0.0054999999999999945
2tier,64,11,2,0.013749999999999945
2tier,64,11,4,0.007049999999999985
2tier,64,11,8,0.006349999999999989
2tier,64,11,16,0.005699999999999993
2tier,64,11,32,0.0054999999999999945
3tier_nb,16,15,2,0.005399999999999995
3tier_nb,16,15,4,0.005399999999999995
3tier_nb,16,15,8,0.005399999999999995
3tier_nb,16,15,16,0.005399999999999995
3tier_nb,16,15,32,0.005399999999999995
3tier_os2,16,15,2,0.007199999999999984
3tier_os2,16,15,4,0.005399999999999995
3tier_os2,16,15,8,0.005399999999999995
3tier_os2,16,15,16,0.005399999999999995
3tier_os2,16,15,32,0.005399999999999995
3tier_os4,16,15,2,0.014349999999999941
3tier_os4,16,15,4,0.007199999999999984
3tier_os4,16,15,8,0.006099999999999991
3tier_os4,16,15,16,0.005399999999999995
3tier_os4,16,15,32,0.005399999999999995
2tier,16,15,2,0.005399999999999995
2tier,16,15,4,0.0059999999999999915
2tier,16,15,8,0.005399999999999995
2tier,16,15,16,0.005399999999999995
2tier,16,15,32,0.005399999999999995
3tier_nb,64,15,2,0.007549999999999982
3tier_nb,64,15,4,0.006949999999999986
3tier_nb,64,15,8,0.005399999999999995
3tier_nb,64,15,16,0.005399999999999995
3tier_nb,64,15,32,0.005399999999999995
3tier_os2,64,15,2,0.010749999999999963
3tier_os2,64,15,4,0.006999999999999985
3tier_os2,64,15,8,0.005399999999999995
3tier_os2,64,15,16,0.005399999999999995
3tier_os2,64,15,32,0.005399999999999995
3tier_os4,64,15,2,0.021500000000000102
3tier_os4,64,15,4,0.009299999999999971
3tier_os4,64,15,8,0.006749999999999987
3tier_os4,64,15,16,0.005849999999999992
3tier_os4,64,15,32,0.005449999999999995
2tier,64,15,2,0.00959999999999997
2tier,64,15,4,0.007449999999999983
2tier,64,15,8,0.0061499999999999905
2tier,64,15,16,0.0054999999999999945
2tier,64,15,32,0.005399999999999995
3tier_nb,16,16,2,0.005399999999999995
3tier_nb,16,16,4,0.005399999999999995
3tier_nb,16,16,8,0.005399999999999995
3tier_nb,16,16,16,0.005399999999999995
3tier_nb,16,16,32,0.005399999999999995
3tier_os2,16,16,2,0.005399999999999995
3tier_os2,16,16,4,0.005399999999999995
3tier_os2,16,16,8,0.005399999999999995
3tier_os2,16,16,16,0.005399999999999995
3tier_os2,16,16,32,0.005399999999999995
3tier_os4,16,16,2,0.010749999999999963
3tier_os4,16,16,4,0.008199999999999978
3tier_os4,16,16,8,0.005899999999999992
3tier_os4,16,16,16,0.005399999999999995
3tier_os4,16,16,32,0.005399999999999995
2tier,16,16,2,0.008999999999999973
2tier,16,16,4,0.005399999999999995
2tier,16,16,8,0.005399999999999995
2tier,16,16,16,0.005399999999999995
2tier,16,16,32,0.005399999999999995
3tier_nb,64,16,2,0.005399999999999995
3tier_nb,64,16,4,0.005399999999999995
3tier_nb,64,16,8,0.005399999999999995
3tier_nb,64,16,16,0.005399999999999995
3tier_nb,64,16,32,0.005399999999999995
3tier_os2,64,16,2,0.008999999999999973
3tier_os2,64,16,4,0.006399999999999989
3tier_os2,64,16,8,0.005399999999999995
3tier_os2,64,16,16,0.005399999999999995
3tier_os2,64,16,32,0.005399999999999995
3tier_os4,64,16,2,0.01795
3tier_os4,64,16,4,0.009299999999999971
3tier_os4,64,16,8,0.006849999999999986
3tier_os4,64,16,16,0.005849999999999992
3tier_os4,64,16,32,0.0054999999999999945
2tier,64,16,2,0.008999999999999973
2tier,64,16,4,0.006899999999999986
2tier,64,16,8,0.0059999999999999915
2tier,64,16,16,0.005549999999999994
2tier,64,16,32,0.005399999999999995
3tier_nb,16,13,2,0.005399999999999995
3tier_nb,16,13,4,0.005399999999999995
3tier_nb,16,13,8,0.005399999999999995
3tier_nb,16,13,16,0.005399999999999995
3tier_nb,16,13,32,0.005399999999999995
3tier_os2,16,13,2,0.007199999999999984
3tier_os2,16,13,4,0.005399999999999995
3tier_os2,16,13,8,0.005399999999999995
3tier_os2,16,13,16,0.005399999999999995
3tier_os2,16,13,32,0.005399999999999995
3tier_os4,16,13,2,0.014349999999999941
3tier_os4,16,13,4,0.007199999999999984
3tier_os4,16,13,8,0.0061499999999999905
3tier_os4,16,13,16,0.005399999999999995
3tier_os4,16,13,32,0.005399999999999995
2tier,16,13,2,0.007549999999999982
2tier,16,13,4,0.005399999999999995
2tier,16,13,8,0.005399999999999995
2tier,16,13,16,0.005399999999999995
2tier,16,13,32,0.005399999999999995
3tier_nb,64,13,2,0.007549999999999982
3tier_nb,64,13,4,0.006349999999999989
3tier_nb,64,13,8,0.005399999999999995
3tier_nb,64,13,16,0.005399999999999995
3tier_nb,64,13,32,0.005399999999999995
3tier_os2,64,13,2,0.012099999999999955
3tier_os2,64,13,4,0.006749999999999987
3tier_os2,64,13,8,0.005399999999999995
3tier_os2,64,13,16,0.005399999999999995
3tier_os2,64,13,32,0.005399999999999995
3tier_os4,64,13,2,0.02420000000000018
3tier_os4,64,13,4,0.00964999999999997
3tier_os4,64,13,8,0.0076499999999999815
3tier_os4,64,13,16,0.006049999999999991
3tier_os4,64,13,32,0.005699999999999993
2tier,64,13,2,0.008099999999999979
2tier,64,13,4,0.006749999999999987
2tier,64,13,8,0.006099999999999991
2tier,64,13,16,0.005849999999999992
2tier,64,13,32,0.005399999999999995
3tier_nb,16,17,2,0.005399999999999995
3tier_nb,16,17,4,0.005399999999999995
3tier_nb,16,17,8,0.005399999999999995
3tier_nb,16,17,16,0.005399999999999995
3tier_nb,16,17,32,0.005399999999999995
3tier_os2,16,17,2,0.005399999999999995
3tier_os2,16,17,4,0.005399999999999995
3tier_os2,16,17,8,0.005399999999999995
3tier_os2,16,17,16,0.005399999999999995
3tier_os2,16,17,32,0.005399999999999995
3tier_os4,16,17,2,0.010749999999999963
3tier_os4,16,17,4,0.007199999999999984
3tier_os4,16,17,8,0.005399999999999995
3tier_os4,16,17,16,0.005399999999999995
3tier_os4,16,17,32,0.005399999999999995
2tier,16,17,2,0.007549999999999982
2tier,16,17,4,0.005399999999999995
2tier,16,17,8,0.005399999999999995
2tier,16,17,16,0.005399999999999995
2tier,16,17,32,0.005399999999999995
3tier_nb,64,17,2,0.008999999999999973
3tier_nb,64,17,4,0.0059999999999999915
3tier_nb,64,17,8,0.005699999999999993
3tier_nb,64,17,16,0.005399999999999995
3tier_nb,64,17,32,0.005399999999999995
3tier_os2,64,17,2,0.008999999999999973
3tier_os2,64,17,4,0.006399999999999989
3tier_os2,64,17,8,0.005699999999999993
3tier_os2,64,17,16,0.005399999999999995
3tier_os2,64,17,32,0.005399999999999995
3tier_os4,64,17,2,0.01795
3tier_os4,64,17,4,0.010149999999999966
3tier_os4,64,17,8,0.007549999999999982
3tier_os4,64,17,16,0.005849999999999992
3tier_os4,64,17,32,0.005449999999999995
2tier,64,17,2,0.010099999999999967
2tier,64,17,4,0.0077999999999999806
2tier,64,17,8,0.006349999999999989
2tier,64,17,16,0.005649999999999994
2tier,64,17,32,0.005549999999999994
3tier_nb,16,19,2,0.005399999999999995
3tier_nb,16,19,4,0.005399999999999995
3tier_nb,16,19,8,0.005399999999999995
3tier_nb,16,19,16,0.005399999999999995
3tier_nb,16,19,32,0.005399999999999995
3tier_os2,16,19,2,0.005399999999999995
3tier_os2,16,19,4,0.005399999999999995
3tier_os2,16,19,8,0.005399999999999995
3tier_os2,16,19,16,0.005399999999999995
3tier_os2,16,19,32,0.005399999999999995
3tier_os4,16,19,2,0.010749999999999963
3tier_os4,16,19,4,0.007199999999999984
3tier_os4,16,19,8,0.005849999999999992
3tier_os4,16,19,16,0.005399999999999995
3tier_os4,16,19,32,0.005399999999999995
2tier,16,19,2,0.005399999999999995
2tier,16,19,4,0.006349999999999989
2tier,16,19,8,0.005399999999999995
2tier,16,19,16,0.005399999999999995
2tier,16,19,32,0.005399999999999995
3tier_nb,64,19,2,0.006449999999999989
3tier_nb,64,19,4,0.005399999999999995
3tier_nb,64,19,8,0.005399999999999995
3tier_nb,64,19,16,0.005399999999999995
3tier_nb,64,19,32,0.005399999999999995
3tier_os2,64,19,2,0.009899999999999968
3tier_os2,64,19,4,0.006899999999999986
3tier_os2,64,19,8,0.005399999999999995
3tier_os2,64,19,16,0.005399999999999995
3tier_os2,64,19,32,0.005399999999999995
3tier_os4,64,19,2,0.019750000000000052
3tier_os4,64,19,4,0.00949999999999997
3tier_os4,64,19,8,0.006449999999999989
3tier_os4,64,19,16,0.005699999999999993
3tier_os4,64,19,32,0.0054999999999999945
2tier,64,19,2,0.010249999999999966
2tier,64,19,4,0.007249999999999984
2tier,64,19,8,0.00624999999999999
2tier,64,19,16,0.005699999999999993
2tier,64,19,32,0.005399999999999995
3tier_nb,16,18,2,0.007549999999999982
3tier_nb,16,18,4,0.006349999999999989
3tier_nb,16,18,8,0.005399999999999995
3tier_nb,16,18,16,0.005399999999999995
3tier_nb,16,18,32,0.005399999999999995
3tier_os2,16,18,2,0.010749999999999963
3tier_os2,16,18,4,0.006399999999999989
3tier_os2,16,18,8,0.005399999999999995
3tier_os2,16,18,16,0.005399999999999995
3tier_os2,16,18,32,0.005399999999999995
3tier_os4,16,18,2,0.021500000000000102
3tier_os4,16,18,4,0.008899999999999974
3tier_os4,16,18,8,0.005849999999999992
3tier_os4,16,18,16,0.005599999999999994
3tier_os4,16,18,32,0.005399999999999995
2tier,16,18,2,0.005399999999999995
2tier,16,18,4,0.0059999999999999915
2tier,16,18,8,0.005399999999999995
2tier,16,18,16,0.005399999999999995
2tier,16,18,32,0.005399999999999995
3tier_nb,64,18,2,0.007549999999999982
3tier_nb,64,18,4,0.006349999999999989
3tier_nb,64,18,8,0.005399999999999995
3tier_nb,64,18,16,0.005399999999999995
3tier_nb,64,18,32,0.005399999999999995
3tier_os2,64,18,2,0.010749999999999963
3tier_os2,64,18,4,0.006499999999999988
3tier_os2,64,18,8,0.005399999999999995
3tier_os2,64,18,16,0.005399999999999995
3tier_os2,64,18,32,0.005399999999999995
3tier_os4,64,18,2,0.021500000000000102
3tier_os4,64,18,4,0.00959999999999997
3tier_os4,64,18,8,0.007699999999999981
3tier_os4,64,18,16,0.005949999999999992
3tier_os4,64,18,32,0.005599999999999994
2tier,64,18,2,0.010749999999999963
2tier,64,18,4,0.007049999999999985
2tier,64,18,8,0.005799999999999993
2tier,64,18,16,0.005399999999999995
2tier,64,18,32,0.005399999999999995
3tier_nb,16,23,2,0.005399999999999995
3tier_nb,16,23,4,0.005399999999999995
3tier_nb,16,23,8,0.005399999999999995
3tier_nb,16,23,16,0.005399999999999995
3tier_nb,16,23,32,0.005399999999999995
3tier_os2,16,23,2,0.007199999999999984
3tier_os2,16,23,4,0.005399999999999995
3tier_os2,16,23,8,0.005399999999999995
3tier_os2,16,23,16,0.005399999999999995
3tier_os2,16,23,32,0.005399999999999995
3tier_os4,16,23,2,0.014349999999999941
3tier_os4,16,23,4,0.007699999999999981
3tier_os4,16,23,8,0.005899999999999992
3tier_os4,16,23,16,0.005399999999999995
3tier_os4,16,23,32,0.005399999999999995
2tier,16,23,2,0.005399999999999995
2tier,16,23,4,0.005399999999999995
2tier,16,23,8,0.005399999999999995
2tier,16,23,16,0.005399999999999995
2tier,16,23,32,0.005399999999999995
3tier_nb,64,23,2,0.007549999999999982
3tier_nb,64,23,4,0.005399999999999995
3tier_nb,64,23,8,0.005399999999999995
3tier_nb,64,23,16,0.005399999999999995
3tier_nb,64,23,32,0.005399999999999995
3tier_os2,64,23,2,0.008999999999999973
3tier_os2,64,23,4,0.006399999999999989
3tier_os2,64,23,8,0.005699999999999993
3tier_os2,64,23,16,0.005399999999999995
3tier_os2,64,23,32,0.005399999999999995
3tier_os4,64,23,2,0.01795
3tier_os4,64,23,4,0.010099999999999967
3tier_os4,64,23,8,0.007549999999999982
3tier_os4,64,23,16,0.0061499999999999905
3tier_os4,64,23,32,0.005449999999999995
2tier,64,23,2,0.010549999999999964
2tier,64,23,4,0.007599999999999982
2tier,64,23,8,0.0059999999999999915
2tier,64,23,16,0.005599999999999994
2tier,64,23,32,0.005549999999999994
3tier_nb,16,21,2,0.005399999999999995
3tier_nb,16,21,4,0.005399999999999995
3tier_nb,16,21,8,0.005399999999999995
3tier_nb,16,21,16,0.005399999999999995
3tier_nb,16,21,32,0.005399999999999995
3tier_os2,16,21,2,0.005399999999999995
3tier_os2,16,21,4,0.005399999999999995
3tier_os2,16,21,8,0.005399999999999995
3tier_os2,16,21,16,0.005399999999999995
3tier_os2,16,21,32,0.005399999999999995
3tier_os4,16,21,2,0.010749999999999963
3tier_os4,16,21,4,0.0061499999999999905
3tier_os4,16,21,8,0.005899999999999992
3tier_os4,16,21,16,0.005399999999999995
3tier_os4,16,21,32,0.005399999999999995
2tier,16,21,2,0.005399999999999995
2tier,16,21,4,0.005399999999999995
2tier,16,21,8,0.005399999999999995
2tier,16,21,16,0.005399999999999995
2tier,16,21,32,0.005399999999999995
3tier_nb,64,21,2,0.007549999999999982
3tier_nb,64,21,4,0.005399999999999995
3tier_nb,64,21,8,0.005399999999999995
3tier_nb,64,21,16,0.005399999999999995
3tier_nb,64,21,32,0.005399999999999995
3tier_os2,64,21,2,0.013449999999999946
3tier_os2,64,21,4,0.006399999999999989
3tier_os2,64,21,8,0.006099999999999991
3tier_os2,64,21,16,0.005399999999999995
3tier_os2,64,21,32,0.005399999999999995
3tier_os4,64,21,2,0.026900000000000257
3tier_os4,64,21,4,0.009249999999999972
3tier_os4,64,21,8,0.007199999999999984
3tier_os4,64,21,16,0.005849999999999992
3tier_os4,64,21,32,0.005449999999999995
2tier,64,21,2,0.010749999999999963
2tier,64,21,4,0.006849999999999986
2tier,64,21,8,0.0059999999999999915
2tier,64,21,16,0.005649999999999994
2tier,64,21,32,0.005399999999999995
3tier_nb,16,24,2,0.005399999999999995
3tier_nb,16,24,4,0.005399999999999995
3tier_nb,16,24,8,0.005399999999999995
3tier_nb,16,24,16,0.005399999999999995
3tier_nb,16,24,32,0.005399999999999995
3tier_os2,16,24,2,0.007199999999999984
3tier_os2,16,24,4,0.005399999999999995
3tier_os2,16,24,8,0.005399999999999995
3tier_os2,16,24,16,0.005399999999999995
3tier_os2,16,24,32,0.005399999999999995
3tier_os4,16,24,2,0.014349999999999941
3tier_os4,16,24,4,0.007099999999999985
3tier_os4,16,24,8,0.005649999999999994
3tier_os4,16,24,16,0.005599999999999994
3tier_os4,16,24,32,0.005399999999999995
2tier,16,24,2,0.007549999999999982
2tier,16,24,4,0.005399999999999995
2tier,16,24,8,0.005399999999999995
2tier,16,24,16,0.005399999999999995
2tier,16,24,32,0.005399999999999995
3tier_nb,64,24,2,0.007549999999999982
3tier_nb,64,24,4,0.006349999999999989
3tier_nb,64,24,8,0.005399999999999995
3tier_nb,64,24,16,0.005399999999999995
3tier_nb,64,24,32,0.005399999999999995
3tier_os2,64,24,2,0.010749999999999963
3tier_os2,64,24,4,0.006399999999999989
3tier_os2,64,24,8,0.005399999999999995
3tier_os2,64,24,16,0.005399999999999995
3tier_os2,64,24,32,0.005399999999999995
3tier_os4,64,24,2,0.021500000000000102
3tier_os4,64,24,4,0.009199999999999972
3tier_os4,64,24,8,0.006749999999999987
3tier_os4,64,24,16,0.0059999999999999915
3tier_os4,64,24,32,0.0054999999999999945
2tier,64,24,2,0.010049999999999967
2tier,64,24,4,0.006949999999999986
2tier,64,24,8,0.005799999999999993
2tier,64,24,16,0.005399999999999995
2tier,64,24,32,0.005399999999999995
3tier_nb,16,20,2,0.005399999999999995
3tier_nb,16,20,4,0.005399999999999995
3tier_nb,16,20,8,0.005399999999999995
3tier_nb,16,20,16,0.005399999999999995
3tier_nb,16,20,32,0.005399999999999995
3tier_os2,16,20,2,0.005399999999999995
3tier_os2,16,20,4,0.005399999999999995
3tier_os2,16,20,8,0.005399999999999995
3tier_os2,16,20,16,0.005399999999999995
3tier_os2,16,20,32,0.005399999999999995
3tier_os4,16,20,2,0.010749999999999963
3tier_os4,16,20,4,0.007199999999999984
3tier_os4,16,20,8,0.005849999999999992
3tier_os4,16,20,16,0.005399999999999995
3tier_os4,16,20,32,0.005399999999999995
2tier,16,20,2,0.005399999999999995
2tier,16,20,4,0.005399999999999995
2tier,16,20,8,0.005399999999999995
2tier,16,20,16,0.005399999999999995
2tier,16,20,32,0.005399999999999995
3tier_nb,64,20,2,0.007549999999999982
3tier_nb,64,20,4,0.005399999999999995
3tier_nb,64,20,8,0.005399999999999995
3tier_nb,64,20,16,0.005399999999999995
3tier_nb,64,20,32,0.005399999999999995
3tier_os2,64,20,2,0.010749999999999963
3tier_os2,64,20,4,0.007499999999999982
3tier_os2,64,20,8,0.0061499999999999905
3tier_os2,64,20,16,0.005399999999999995
3tier_os2,64,20,32,0.005399999999999995
3tier_os4,64,20,2,0.021500000000000102
3tier_os4,64,20,4,0.01109999999999996
3tier_os4,64,20,8,0.008099999999999979
3tier_os4,64,20,16,0.006099999999999991
3tier_os4,64,20,32,0.005599999999999994
2tier,64,20,2,0.00959999999999997
2tier,64,20,4,0.007599999999999982
2tier,64,20,8,0.00629999999999999
2tier,64,20,16,0.006099999999999991
2tier,64,20,32,0.005549999999999994
3tier_nb,16,25,2,0.005399999999999995
3tier_nb,16,25,4,0.005399999999999995
3tier_nb,16,25,8,0.005399999999999995
3tier_nb,16,25,16,0.005399999999999995
3tier_nb,16,25,32,0.005399999999999995
3tier_os2,16,25,2,0.005399999999999995
3tier_os2,16,25,4,0.005399999999999995
3tier_os2,16,25,8,0.005399999999999995
3tier_os2,16,25,16,0.005399999999999995
3tier_os2,16,25,32,0.005399999999999995
3tier_os4,16,25,2,0.010749999999999963
3tier_os4,16,25,4,0.007199999999999984
3tier_os4,16,25,8,0.005849999999999992
3tier_os4,16,25,16,0.005399999999999995
3tier_os4,16,25,32,0.005399999999999995
2tier,16,25,2,0.005399999999999995
2tier,16,25,4,0.005399999999999995
2tier,16,25,8,0.005399999999999995
2tier,16,25,16,0.005399999999999995
2tier,16,25,32,0.005399999999999995
3tier_nb,64,25,2,0.007549999999999982
3tier_nb,64,25,4,0.007549999999999982
3tier_nb,64,25,8,0.005399999999999995
3tier_nb,64,25,16,0.005399999999999995
3tier_nb,64,25,32,0.005399999999999995
3tier_os2,64,25,2,0.010749999999999963
3tier_os2,64,25,4,0.007549999999999982
3tier_os2,64,25,8,0.005399999999999995
3tier_os2,64,25,16,0.005399999999999995
3tier_os2,64,25,32,0.005399999999999995
3tier_os4,64,25,2,0.021500000000000102
3tier_os4,64,25,4,0.010499999999999964
3tier_os4,64,25,8,0.007699999999999981
3tier_os4,64,25,16,0.005799999999999993
3tier_os4,64,25,32,0.005549999999999994
2tier,64,25,2,0.010749999999999963
2tier,64,25,4,0.008099999999999979
2tier,64,25,8,0.006499999999999988
2tier,64,25,16,0.005649999999999994
2tier,64,25,32,0.005549999999999994
3tier_nb,16,22,2,0.005399999999999995
3tier_nb,16,22,4,0.005399999999999995
3tier_nb,16,22,8,0.005399999999999995
3tier_nb,16,22,16,0.005399999999999995
3tier_nb,16,22,32,0.005399999999999995
3tier_os2,16,22,2,0.010749999999999963
3tier_os2,16,22,4,0.005399999999999995
3tier_os2,16,22,8,0.005399999999999995
3tier_os2,16,22,16,0.005399999999999995
3tier_os2,16,22,32,0.005399999999999995
3tier_os4,16,22,2,0.021500000000000102
3tier_os4,16,22,4,0.007199999999999984
3tier_os4,16,22,8,0.006549999999999988
3tier_os4,16,22,16,0.005399999999999995
3tier_os4,16,22,32,0.005399999999999995
2tier,16,22,2,0.007549999999999982
2tier,16,22,4,0.005399999999999995
2tier,16,22,8,0.005399999999999995
2tier,16,22,16,0.005399999999999995
2tier,16,22,32,0.005399999999999995
3tier_nb,64,22,2,0.007549999999999982
3tier_nb,64,22,4,0.005399999999999995
3tier_nb,64,22,8,0.005399999999999995
3tier_nb,64,22,16,0.005399999999999995
3tier_nb,64,22,32,0.005399999999999995
3tier_os2,64,22,2,0.014349999999999941
3tier_os2,64,22,4,0.006849999999999986
3tier_os2,64,22,8,0.005699999999999993
3tier_os2,64,22,16,0.005399999999999995
3tier_os2,64,22,32,0.005399999999999995
3tier_os4,64,22,2,0.028650000000000307
3tier_os4,64,22,4,0.010199999999999966
3tier_os4,64,22,8,0.007199999999999984
3tier_os4,64,22,16,0.005749999999999993
3tier_os4,64,22,32,0.005449999999999995
2tier,64,22,2,0.010749999999999963
2tier,64,22,4,0.007199999999999984
2tier,64,22,8,0.006449999999999989
2tier,64,22,16,0.005599999999999994
2tier,64,22,32,0.0054999999999999945
3tier_nb,16,26,2,0.005399999999999995
3tier_nb,16,26,4,0.005399999999999995
3tier_nb,16,26,8,0.005399999999999995
3tier_nb,16,26,16,0.005399999999999995
3tier_nb,16,26,32,0.005399999999999995
3tier_os2,16,26,2,0.005399999999999995
3tier_os2,16,26,4,0.005399999999999995
3tier_os2,16,26,8,0.005399999999999995
3tier_os2,16,26,16,0.005399999999999995
3tier_os2,16,26,32,0.005399999999999995
3tier_os4,16,26,2,0.010749999999999963
3tier_os4,16,26,4,0.007199999999999984
3tier_os4,16,26,8,0.0061499999999999905
3tier_os4,16,26,16,0.005399999999999995
3tier_os4,16,26,32,0.005399999999999995
2tier,16,26,2,0.005399999999999995
2tier,16,26,4,0.005399999999999995
2tier,16,26,8,0.005399999999999995
2tier,16,26,16,0.005399999999999995
2tier,16,26,32,0.005399999999999995
3tier_nb,64,26,2,0.007549999999999982
3tier_nb,64,26,4,0.005399999999999995
3tier_nb,64,26,8,0.005399999999999995
3tier_nb,64,26,16,0.005399999999999995
3tier_nb,64,26,32,0.005399999999999995
3tier_os2,64,26,2,0.010749999999999963
3tier_os2,64,26,4,0.006399999999999989
3tier_os2,64,26,8,0.005399999999999995
3tier_os2,64,26,16,0.005399999999999995
3tier_os2,64,26,32,0.005399999999999995
3tier_os4,64,26,2,0.021500000000000102
3tier_os4,64,26,4,0.010749999999999963
3tier_os4,64,26,8,0.007049999999999985
3tier_os4,64,26,16,0.0059999999999999915
3tier_os4,64,26,32,0.005599999999999994
2tier,64,26,2,0.010749999999999963
2tier,64,26,4,0.007399999999999983
2tier,64,26,8,0.0059999999999999915
2tier,64,26,16,0.005799999999999993
2tier,64,26,32,0.005549999999999994
3tier_nb,16,27,2,0.007549999999999982
3tier_nb,16,27,4,0.005399999999999995
3tier_nb,16,27,8,0.005399999999999995
3tier_nb,16,27,16,0.005399999999999995
3tier_nb,16,27,32,0.005399999999999995
3tier_os2,16,27,2,0.008649999999999975
3tier_os2,16,27,4,0.005399999999999995
3tier_os2,16,27,8,0.005399999999999995
3tier_os2,16,27,16,0.005399999999999995
3tier_os2,16,27,32,0.005399999999999995
3tier_os4,16,27,2,0.014349999999999941
3tier_os4,16,27,4,0.007199999999999984
3tier_os4,16,27,8,0.0061499999999999905
3tier_os4,16,27,16,0.005399999999999995
3tier_os4,16,27,32,0.005399999999999995
2tier,16,27,2,0.005399999999999995
2tier,16,27,4,0.005399999999999995
2tier,16,27,8,0.005399999999999995
2tier,16,27,16,0.005399999999999995
2tier,16,27,32,0.005399999999999995
3tier_nb,64,27,2,0.007549999999999982
3tier_nb,64,27,4,0.006349999999999989
3tier_nb,64,27,8,0.005399999999999995
3tier_nb,64,27,16,0.005399999999999995
3tier_nb,64,27,32,0.005399999999999995
3tier_os2,64,27,2,0.008999999999999973
3tier_os2,64,27,4,0.006849999999999986
3tier_os2,64,27,8,0.005399999999999995
3tier_os2,64,27,16,0.005399999999999995
3tier_os2,64,27,32,0.005399999999999995
3tier_os4,64,27,2,0.01795
3tier_os4,64,27,4,0.009699999999999969
3tier_os4,64,27,8,0.006799999999999987
3tier_os4,64,27,16,0.006049999999999991
3tier_os4,64,27,32,0.005549999999999994
2tier,64,27,2,0.010549999999999964
2tier,64,27,4,0.008499999999999976
2tier,64,27,8,0.006599999999999988
2tier,64,27,16,0.0059999999999999915
2tier,64,27,32,0.005449999999999995
3tier_nb,16,29,2,0.005399999999999995
3tier_nb,16,29,4,0.005399999999999995
3tier_nb,16,29,8,0.005399999999999995
3tier_nb,16,29,16,0.005399999999999995
3tier_nb,16,29,32,0.005399999999999995
3tier_os2,16,29,2,0.005399999999999995
3tier_os2,16,29,4,0.005399999999999995
3tier_os2,16,29,8,0.005399999999999995
3tier_os2,16,29,16,0.005399999999999995
3tier_os2,16,29,32,0.005399999999999995
3tier_os4,16,29,2,0.010749999999999963
3tier_os4,16,29,4,0.007199999999999984
3tier_os4,16,29,8,0.005899999999999992
3tier_os4,16,29,16,0.005399999999999995
3tier_os4,16,29,32,0.005399999999999995
2tier,16,29,2,0.005399999999999995
2tier,16,29,4,0.005399999999999995
2tier,16,29,8,0.005399999999999995
2tier,16,29,16,0.005399999999999995
2tier,16,29,32,0.005399999999999995
3tier_nb,64,29,2,0.007549999999999982
3tier_nb,64,29,4,0.005399999999999995
3tier_nb,64,29,8,0.005399999999999995
3tier_nb,64,29,16,0.005399999999999995
3tier_nb,64,29,32,0.005399999999999995
3tier_os2,64,29,2,0.010749999999999963
3tier_os2,64,29,4,0.006399999999999989
3tier_os2,64,29,8,0.005699999999999993
3tier_os2,64,29,16,0.005399999999999995
3tier_os2,64,29,32,0.005399999999999995
3tier_os4,64,29,2,0.021500000000000102
3tier_os4,64,29,4,0.009949999999999968
3tier_os4,64,29,8,0.007049999999999985
3tier_os4,64,29,16,0.006099999999999991
3tier_os4,64,29,32,0.0054999999999999945
2tier,64,29,2,0.010749999999999963
2tier,64,29,4,0.007049999999999985
2tier,64,29,8,0.005949999999999992
2tier,64,29,16,0.005649999999999994
2tier,64,29,32,0.005399999999999995
3tier_nb,16,28,2,0.005399999999999995
3tier_nb,16,28,4,0.005399999999999995
3tier_nb,16,28,8,0.005399999999999995
3tier_nb,16,28,16,0.005399999999999995
3tier_nb,16,28,32,0.005399999999999995
3tier_os2,16,28,2,0.010749999999999963
3tier_os2,16,28,4,0.005399999999999995
3tier_os2,16,28,8,0.005399999999999995
3tier_os2,16,28,16,0.005399999999999995
3tier_os2,16,28,32,0.005399999999999995
3tier_os4,16,28,2,0.021500000000000102
3tier_os4,16,28,4,0.007199999999999984
3tier_os4,16,28,8,0.005399999999999995
3tier_os4,16,28,16,0.005399999999999995
3tier_os4,16,28,32,0.005399999999999995
2tier,16,28,2,0.005399999999999995
2tier,16,28,4,0.005399999999999995
2tier,16,28,8,0.005399999999999995
2tier,16,28,16,0.005399999999999995
2tier,16,28,32,0.005399999999999995
3tier_nb,64,28,2,0.007549999999999982
3tier_nb,64,28,4,0.005399999999999995
3tier_nb,64,28,8,0.005399999999999995
3tier_nb,64,28,16,0.005399999999999995
3tier_nb,64,28,32,0.005399999999999995
3tier_os2,64,28,2,0.010749999999999963
3tier_os2,64,28,4,0.006399999999999989
3tier_os2,64,28,8,0.005699999999999993
3tier_os2,64,28,16,0.005399999999999995
3tier_os2,64,28,32,0.005399999999999995
3tier_os4,64,28,2,0.021500000000000102
3tier_os4,64,28,4,0.010199999999999966
3tier_os4,64,28,8,0.006799999999999987
3tier_os4,64,28,16,0.006099999999999991
3tier_os4,64,28,32,0.005549999999999994
2tier,64,28,2,0.010749999999999963
2tier,64,28,4,0.007049999999999985
2tier,64,28,8,0.005899999999999992
2tier,64,28,16,0.005799999999999993
2tier,64,28,32,0.005399999999999995
3tier_nb,16,31,2,0.005399999999999995
3tier_nb,16,31,4,0.005399999999999995
3tier_nb,16,31,8,0.005399999999999995
3tier_nb,16,31,16,0.005399999999999995
3tier_nb,16,31,32,0.005399999999999995
3tier_os2,16,31,2,0.007199999999999984
3tier_os2,16,31,4,0.005399999999999995
3tier_os2,16,31,8,0.005399999999999995
3tier_os2,16,31,16,0.005399999999999995
3tier_os2,16,31,32,0.005399999999999995
3tier_os4,16,31,2,0.014349999999999941
3tier_os4,16,31,4,0.007199999999999984
3tier_os4,16,31,8,0.005849999999999992
3tier_os4,16,31,16,0.005399999999999995
3tier_os4,16,31,32,0.005399999999999995
2tier,16,31,2,0.005399999999999995
2tier,16,31,4,0.005399999999999995
2tier,16,31,8,0.005399999999999995
2tier,16,31,16,0.005399999999999995
2tier,16,31,32,0.005399999999999995
3tier_nb,64,31,2,0.007549999999999982
3tier_nb,64,31,4,0.005399999999999995
3tier_nb,64,31,8,0.005399999999999995
3tier_nb,64,31,16,0.005399999999999995
3tier_nb,64,31,32,0.005399999999999995
3tier_os2,64,31,2,0.009349999999999971
3tier_os2,64,31,4,0.006399999999999989
3tier_os2,64,31,8,0.005549999999999994
3tier_os2,64,31,16,0.005399999999999995
3tier_os2,64,31,32,0.005399999999999995
3tier_os4,64,31,2,0.01795
3tier_os4,64,31,4,0.008849999999999974
3tier_os4,64,31,8,0.006699999999999987
3tier_os4,64,31,16,0.005699999999999993
3tier_os4,64,31,32,0.005449999999999995
2tier,64,31,2,0.00944999999999997
2tier,64,31,4,0.0071499999999999845
2tier,64,31,8,0.006349999999999989
2tier,64,31,16,0.005749999999999993
2tier,64,31,32,0.005699999999999993
3tier_nb,16,34,2,0.005399999999999995
3tier_nb,16,34,4,0.005399999999999995
3tier_nb,16,34,8,0.005399999999999995
3tier_nb,16,34,16,0.005399999999999995
3tier_nb,16,34,32,0.005399999999999995
3tier_os2,16,34,2,0.005399999999999995
3tier_os2,16,34,4,0.005399999999999995
3tier_os2,16,34,8,0.005399999999999995
3tier_os2,16,34,16,0.005399999999999995
3tier_os2,16,34,32,0.005399999999999995
3tier_os4,16,34,2,0.010749999999999963
3tier_os4,16,34,4,0.007199999999999984
3tier_os4,16,34,8,0.005399999999999995
3tier_os4,16,34,16,0.005399999999999995
3tier_os4,16,34,32,0.005399999999999995
2tier,16,34,2,0.007549999999999982
2tier,16,34,4,0.005399999999999995
2tier,16,34,8,0.005399999999999995
2tier,16,34,16,0.005399999999999995
2tier,16,34,32,0.005399999999999995
3tier_nb,64,34,2,0.007549999999999982
3tier_nb,64,34,4,0.0059999999999999915
3tier_nb,64,34,8,0.005399999999999995
3tier_nb,64,34,16,0.005399999999999995
3tier_nb,64,34,32,0.005399999999999995
3tier_os2,64,34,2,0.010749999999999963
3tier_os2,64,34,4,0.006399999999999989
3tier_os2,64,34,8,0.005549999999999994
3tier_os2,64,34,16,0.005399999999999995
3tier_os2,64,34,32,0.005399999999999995
3tier_os4,64,34,2,0.021500000000000102
3tier_os4,64,34,4,0.009249999999999972
3tier_os4,64,34,8,0.007049999999999985
3tier_os4,64,34,16,0.0059999999999999915
3tier_os4,64,34,32,0.005549999999999994
2tier,64,34,2,0.010449999999999965
2tier,64,34,4,0.008199999999999978
2tier,64,34,8,0.00624999999999999
2tier,64,34,16,0.005849999999999992
2tier,64,34,32,0.0054999999999999945
3tier_nb,16,30,2,0.005399999999999995
3tier_nb,16,30,4,0.005399999999999995
3tier_nb,16,30,8,0.005399999999999995
3tier_nb,16,30,16,0.005399999999999995
3tier_nb,16,30,32,0.005399999999999995
3tier_os2,16,30,2,0.005399999999999995
3tier_os2,16,30,4,0.005399999999999995
3tier_os2,16,30,8,0.005399999999999995
3tier_os2,16,30,16,0.005399999999999995
3tier_os2,16,30,32,0.005399999999999995
3tier_os4,16,30,2,0.010749999999999963
3tier_os4,16,30,4,0.008199999999999978
3tier_os4,16,30,8,0.006099999999999991
3tier_os4,16,30,16,0.005399999999999995
3tier_os4,16,30,32,0.005399999999999995
2tier,16,30,2,0.005399999999999995
2tier,16,30,4,0.005399999999999995
2tier,16,30,8,0.005399999999999995
2tier,16,30,16,0.005399999999999995
2tier,16,30,32,0.005399999999999995
3tier_nb,64,30,2,0.006449999999999989
3tier_nb,64,30,4,0.005399999999999995
3tier_nb,64,30,8,0.005399999999999995
3tier_nb,64,30,16,0.005399999999999995
3tier_nb,64,30,32,0.005399999999999995
3tier_os2,64,30,2,0.010749999999999963
3tier_os2,64,30,4,0.006949999999999986
3tier_os2,64,30,8,0.005699999999999993
3tier_os2,64,30,16,0.005399999999999995
3tier_os2,64,30,32,0.005399999999999995
3tier_os4,64,30,2,0.021500000000000102
3tier_os4,64,30,4,0.010899999999999962
3tier_os4,64,30,8,0.007099999999999985
3tier_os4,64,30,16,0.0059999999999999915
3tier_os4,64,30,32,0.005449999999999995
2tier,64,30,2,0.010549999999999964
2tier,64,30,4,0.007599999999999982
2tier,64,30,8,0.00624999999999999
2tier,64,30,16,0.005849999999999992
2tier,64,30,32,0.005649999999999994
3tier_nb,16,33,2,0.005399999999999995
3tier_nb,16,33,4,0.005399999999999995
3tier_nb,16,33,8,0.005399999999999995
3tier_nb,16,33,16,0.005399999999999995
3tier_nb,16,33,32,0.005399999999999995
3tier_os2,16,33,2,0.007199999999999984
3tier_os2,16,33,4,0.005399999999999995
3tier_os2,16,33,8,0.005399999999999995
3tier_os2,16,33,16,0.005399999999999995
3tier_os2,16,33,32,0.005399999999999995
3tier_os4,16,33,2,0.014349999999999941
3tier_os4,16,33,4,0.007199999999999984
3tier_os4,16,33,8,0.005649999999999994
3tier_os4,16,33,16,0.005699999999999993
3tier_os4,16,33,32,0.005399999999999995
2tier,16,33,2,0.005399999999999995
2tier,16,33,4,0.005399999999999995
2tier,16,33,8,0.005399999999999995
2tier,16,33,16,0.005399999999999995
2tier,16,33,32,0.005399999999999995
3tier_nb,64,33,2,0.006449999999999989
3tier_nb,64,33,4,0.0059999999999999915
3tier_nb,64,33,8,0.005399999999999995
3tier_nb,64,33,16,0.005399999999999995
3tier_nb,64,33,32,0.005399999999999995
3tier_os2,64,33,2,0.008999999999999973
3tier_os2,64,33,4,0.006399999999999989
3tier_os2,64,33,8,0.005699999999999993
3tier_os2,64,33,16,0.005399999999999995
3tier_os2,64,33,32,0.005399999999999995
3tier_os4,64,33,2,0.01795
3tier_os4,64,33,4,0.00964999999999997
3tier_os4,64,33,8,0.00799999999999998
3tier_os4,64,33,16,0.00629999999999999
3tier_os4,64,33,32,0.005649999999999994
2tier,64,33,2,0.010749999999999963
2tier,64,33,4,0.008599999999999976
2tier,64,33,8,0.006849999999999986
2tier,64,33,16,0.005749999999999993
2tier,64,33,32,0.005649999999999994
3tier_nb,16,32,2,0.005399999999999995
3tier_nb,16,32,4,0.005399999999999995
3tier_nb,16,32,8,0.005399999999999995
3tier_nb,16,32,16,0.005399999999999995
3tier_nb,16,32,32,0.005399999999999995
3tier_os2,16,32,2,0.005399999999999995
3tier_os2,16,32,4,0.005399999999999995
3tier_os2,16,32,8,0.005399999999999995
3tier_os2,16,32,16,0.005399999999999995
3tier_os2,16,32,32,0.005399999999999995
3tier_os4,16,32,2,0.010749999999999963
3tier_os4,16,32,4,0.007199999999999984
3tier_os4,16,32,8,0.005399999999999995
3tier_os4,16,32,16,0.005399999999999995
3tier_os4,16,32,32,0.005399999999999995
2tier,16,32,2,0.005399999999999995
2tier,16,32,4,0.005399999999999995
2tier,16,32,8,0.005399999999999995
2tier,16,32,16,0.005399999999999995
2tier,16,32,32,0.005399999999999995
3tier_nb,64,32,2,0.007549999999999982
3tier_nb,64,32,4,0.005399999999999995
3tier_nb,64,32,8,0.005399999999999995
3tier_nb,64,32,16,0.005399999999999995
3tier_nb,64,32,32,0.005399999999999995
3tier_os2,64,32,2,0.011999999999999955
3tier_os2,64,32,4,0.005899999999999992
3tier_os2,64,32,8,0.005399999999999995
3tier_os2,64,32,16,0.005399999999999995
3tier_os2,64,32,32,0.005399999999999995
3tier_os4,64,32,2,0.02390000000000017
3tier_os4,64,32,4,0.010749999999999963
3tier_os4,64,32,8,0.007249999999999984
3tier_os4,64,32,16,0.005749999999999993
3tier_os4,64,32,32,0.005449999999999995
2tier,64,32,2,0.008799999999999975
2tier,64,32,4,0.007399999999999983
2tier,64,32,8,0.006549999999999988
2tier,64,32,16,0.005749999999999993
2tier,64,32,32,0.0054999999999999945
3tier_nb,16,35,2,0.005399999999999995
3tier_nb,16,35,4,0.005399999999999995
3tier_nb,16,35,8,0.005399999999999995
3tier_nb,16,35,16,0.005399999999999995
3tier_nb,16,35,32,0.005399999999999995
3tier_os2,16,35,2,0.010749999999999963
3tier_os2,16,35,4,0.005399999999999995
3tier_os2,16,35,8,0.005399999999999995
3tier_os2,16,35,16,0.005399999999999995
3tier_os2,16,35,32,0.005399999999999995
3tier_os4,16,35,2,0.021500000000000102
3tier_os4,16,35,4,0.010749999999999963
3tier_os4,16,35,8,0.005849999999999992
3tier_os4,16,35,16,0.005399999999999995
3tier_os4,16,35,32,0.005399999999999995
2tier,16,35,2,0.007549999999999982
2tier,16,35,4,0.005399999999999995
2tier,16,35,8,0.005399999999999995
2tier,16,35,16,0.005399999999999995
2tier,16,35,32,0.005399999999999995
3tier_nb,64,35,2,0.007549999999999982
3tier_nb,64,35,4,0.006949999999999986
3tier_nb,64,35,8,0.005699999999999993
3tier_nb,64,35,16,0.005399999999999995
3tier_nb,64,35,32,0.005399999999999995
3tier_os2,64,35,2,0.010749999999999963
3tier_os2,64,35,4,0.007049999999999985
3tier_os2,64,35,8,0.005699999999999993
3tier_os2,64,35,16,0.005399999999999995
3tier_os2,64,35,32,0.005399999999999995
3tier_os4,64,35,2,0.021500000000000102
3tier_os4,64,35,4,0.011849999999999956
3tier_os4,64,35,8,0.006749999999999987
3tier_os4,64,35,16,0.005849999999999992
3tier_os4,64,35,32,0.005549999999999994
2tier,64,35,2,0.009999999999999967
2tier,64,35,4,0.006849999999999986
2tier,64,35,8,0.0061499999999999905
2tier,64,35,16,0.005649999999999994
2tier,64,35,32,0.005449999999999995
3tier_nb,16,36,2,0.005399999999999995
3tier_nb,16,36,4,0.005399999999999995
3tier_nb,16,36,8,0.005399999999999995
3tier_nb,16,36,16,0.005399999999999995
3tier_nb,16,36,32,0.005399999999999995
3tier_os2,16,36,2,0.010749999999999963
3tier_os2,16,36,4,0.006399999999999989
3tier_os2,16,36,8,0.005399999999999995
3tier_os2,16,36,16,0.005399999999999995
3tier_os2,16,36,32,0.005399999999999995
3tier_os4,16,36,2,0.021500000000000102
3tier_os4,16,36,4,0.00789999999999998
3tier_os4,16,36,8,0.005899999999999992
3tier_os4,16,36,16,0.005399999999999995
3tier_os4,16,36,32,0.005399999999999995
2tier,16,36,2,0.006449999999999989
2tier,16,36,4,0.006349999999999989
2tier,16,36,8,0.005399999999999995
2tier,16,36,16,0.005399999999999995
2tier,16,36,32,0.005399999999999995
3tier_nb,64,36,2,0.007549999999999982
3tier_nb,64,36,4,0.005399999999999995
3tier_nb,64,36,8,0.005399999999999995
3tier_nb,64,36,16,0.005399999999999995
3tier_nb,64,36,32,0.005399999999999995
3tier_os2,64,36,2,0.010749999999999963
3tier_os2,64,36,4,0.006399999999999989
3tier_os2,64,36,8,0.005849999999999992
3tier_os2,64,36,16,0.005399999999999995
3tier_os2,64,36,32,0.005399999999999995
3tier_os4,64,36,2,0.021500000000000102
3tier_os4,64,36,4,0.010749999999999963
3tier_os4,64,36,8,0.007199999999999984
3tier_os4,64,36,16,0.006099999999999991
3tier_os4,64,36,32,0.0054999999999999945
2tier,64,36,2,0.010749999999999963
2tier,64,36,4,0.006999999999999985
2tier,64,36,8,0.006499999999999988
2tier,64,36,16,0.005649999999999994
2tier,64,36,32,0.005399999999999995
3tier_nb,16,37,2,0.010749999999999963
3tier_nb,16,37,4,0.006949999999999986
3tier_nb,16,37,8,0.005399999999999995
3tier_nb,16,37,16,0.005399999999999995
3tier_nb,16,37,32,0.005399999999999995
3tier_os2,16,37,2,0.016799999999999968
3tier_os2,16,37,4,0.007199999999999984
3tier_os2,16,37,8,0.005399999999999995
3tier_os2,16,37,16,0.005399999999999995
3tier_os2,16,37,32,0.005399999999999995
3tier_os4,16,37,2,0.03010000000000035
3tier_os4,16,37,4,0.010749999999999963
3tier_os4,16,37,8,0.006449999999999989
3tier_os4,16,37,16,0.005399999999999995
3tier_os4,16,37,32,0.005399999999999995
2tier,16,37,2,0.005399999999999995
2tier,16,37,4,0.005399999999999995
2tier,16,37,8,0.005399999999999995
2tier,16,37,16,0.005399999999999995
2tier,16,37,32,0.005399999999999995
3tier_nb,64,37,2,0.010749999999999963
3tier_nb,64,37,4,0.0059999999999999915
3tier_nb,64,37,8,0.005399999999999995
3tier_nb,64,37,16,0.005399999999999995
3tier_nb,64,37,32,0.005399999999999995
3tier_os2,64,37,2,0.016799999999999968
3tier_os2,64,37,4,0.007199999999999984
3tier_os2,64,37,8,0.006099999999999991
3tier_os2,64,37,16,0.005399999999999995
3tier_os2,64,37,32,0.005399999999999995
3tier_os4,64,37,2,0.03010000000000035
3tier_os4,64,37,4,0.010999999999999961
3tier_os4,64,37,8,0.007099999999999985
3tier_os4,64,37,16,0.005899999999999992
3tier_os4,64,37,32,0.005449999999999995
2tier,64,37,2,0.010749999999999963
2tier,64,37,4,0.006449999999999989
2tier,64,37,8,0.0061499999999999905
2tier,64,37,16,0.005949999999999992
2tier,64,37,32,0.005399999999999995
3tier_nb,16,38,2,0.005399999999999995
3tier_nb,16,38,4,0.005399999999999995
3tier_nb,16,38,8,0.005399999999999995
3tier_nb,16,38,16,0.005399999999999995
3tier_nb,16,38,32,0.005399999999999995
3tier_os2,16,38,2,0.008999999999999973
3tier_os2,16,38,4,0.005899999999999992
3tier_os2,16,38,8,0.005399999999999995
3tier_os2,16,38,16,0.005399999999999995
3tier_os2,16,38,32,0.005399999999999995
3tier_os4,16,38,2,0.01795
3tier_os4,16,38,4,0.008199999999999978
3tier_os4,16,38,8,0.005849999999999992
3tier_os4,16,38,16,0.005599999999999994
3tier_os4,16,38,32,0.005399999999999995
2tier,16,38,2,0.008999999999999973
2tier,16,38,4,0.006549999999999988
2tier,16,38,8,0.005399999999999995
2tier,16,38,16,0.005399999999999995
2tier,16,38,32,0.005399999999999995
3tier_nb,64,38,2,0.007549999999999982
3tier_nb,64,38,4,0.005399999999999995
3tier_nb,64,38,8,0.005399999999999995
3tier_nb,64,38,16,0.005399999999999995
3tier_nb,64,38,32,0.005399999999999995
3tier_os2,64,38,2,0.009899999999999968
3tier_os2,64,38,4,0.005899999999999992
3tier_os2,64,38,8,0.005399999999999995
3tier_os2,64,38,16,0.005399999999999995
3tier_os2,64,38,32,0.005399999999999995
3tier_os4,64,38,2,0.019750000000000052
3tier_os4,64,38,4,0.00954999999999997
3tier_os4,64,38,8,0.007099999999999985
3tier_os4,64,38,16,0.005749999999999993
3tier_os4,64,38,32,0.0054999999999999945
2tier,64,38,2,0.010749999999999963
2tier,64,38,4,0.00794999999999998
2tier,64,38,8,0.0066499999999999875
2tier,64,38,16,0.006049999999999991
2tier,64,38,32,0.005599999999999994
3tier_nb,16,39,2,0.007549999999999982
3tier_nb,16,39,4,0.005399999999999995
3tier_nb,16,39,8,0.005399999999999995
3tier_nb,16,39,16,0.005399999999999995
3tier_nb,16,39,32,0.005399999999999995
3tier_os2,16,39,2,0.010749999999999963
3tier_os2,16,39,4,0.005399999999999995
3tier_os2,16,39,8,0.005399999999999995
3tier_os2,16,39,16,0.005399999999999995
3tier_os2,16,39,32,0.005399999999999995
3tier_os4,16,39,2,0.021500000000000102
3tier_os4,16,39,4,0.007199999999999984
3tier_os4,16,39,8,0.006099999999999991
3tier_os4,16,39,16,0.005399999999999995
3tier_os4,16,39,32,0.005399999999999995
2tier,16,39,2,0.005399999999999995
2tier,16,39,4,0.005399999999999995
2tier,16,39,8,0.005399999999999995
2tier,16,39,16,0.005399999999999995
2tier,16,39,32,0.005399999999999995
3tier_nb,64,39,2,0.007549999999999982
3tier_nb,64,39,4,0.00624999999999999
3tier_nb,64,39,8,0.005399999999999995
3tier_nb,64,39,16,0.005399999999999995
3tier_nb,64,39,32,0.005399999999999995
3tier_os2,64,39,2,0.010749999999999963
3tier_os2,64,39,4,0.006849999999999986
3tier_os2,64,39,8,0.005699999999999993
3tier_os2,64,39,16,0.005399999999999995
3tier_os2,64,39,32,0.005399999999999995
3tier_os4,64,39,2,0.021500000000000102
3tier_os4,64,39,4,0.011399999999999959
3tier_os4,64,39,8,0.008199999999999978
3tier_os4,64,39,16,0.006049999999999991
3tier_os4,64,39,32,0.005799999999999993
2tier,64,39,2,0.010549999999999964
2tier,64,39,4,0.008699999999999975
2tier,64,39,8,0.006899999999999986
2tier,64,39,16,0.005899999999999992
2tier,64,39,32,0.005449999999999995
3tier_nb,16,43,2,0.005399999999999995
3tier_nb,16,43,4,0.005399999999999995
3tier_nb,16,43,8,0.005399999999999995
3tier_nb,16,43,16,0.005399999999999995
3tier_nb,16,43,32,0.005399999999999995
3tier_os2,16,43,2,0.007199999999999984
3tier_os2,16,43,4,0.005399999999999995
3tier_os2,16,43,8,0.005399999999999995
3tier_os2,16,43,16,0.005399999999999995
3tier_os2,16,43,32,0.005399999999999995
3tier_os4,16,43,2,0.014349999999999941
3tier_os4,16,43,4,0.007199999999999984
3tier_os4,16,43,8,0.005399999999999995
3tier_os4,16,43,16,0.005399999999999995
3tier_os4,16,43,32,0.005399999999999995
2tier,16,43,2,0.007549999999999982
2tier,16,43,4,0.005399999999999995
2tier,16,43,8,0.005399999999999995
2tier,16,43,16,0.005399999999999995
2tier,16,43,32,0.005399999999999995
3tier_nb,64,43,2,0.007549999999999982
3tier_nb,64,43,4,0.005399999999999995
3tier_nb,64,43,8,0.005399999999999995
3tier_nb,64,43,16,0.005399999999999995
3tier_nb,64,43,32,0.005399999999999995
3tier_os2,64,43,2,0.008999999999999973
3tier_os2,64,43,4,0.006399999999999989
3tier_os2,64,43,8,0.005699999999999993
3tier_os2,64,43,16,0.005399999999999995
3tier_os2,64,43,32,0.005399999999999995
3tier_os4,64,43,2,0.01795
3tier_os4,64,43,4,0.008899999999999974
3tier_os4,64,43,8,0.006849999999999986
3tier_os4,64,43,16,0.005799999999999993
3tier_os4,64,43,32,0.005449999999999995
2tier,64,43,2,0.00959999999999997
2tier,64,43,4,0.007399999999999983
2tier,64,43,8,0.00624999999999999
2tier,64,43,16,0.005749999999999993
2tier,64,43,32,0.005649999999999994
3tier_nb,16,40,2,0.005399999999999995
3tier_nb,16,40,4,0.005399999999999995
3tier_nb,16,40,8,0.005399999999999995
3tier_nb,16,40,16,0.005399999999999995
3tier_nb,16,40,32,0.005399999999999995
3tier_os2,16,40,2,0.005399999999999995
3tier_os2,16,40,4,0.005399999999999995
3tier_os2,16,40,8,0.005399999999999995
3tier_os2,16,40,16,0.005399999999999995
3tier_os2,16,40,32,0.005399999999999995
3tier_os4,16,40,2,0.010749999999999963
3tier_os4,16,40,4,0.007099999999999985
3tier_os4,16,40,8,0.005849999999999992
3tier_os4,16,40,16,0.005599999999999994
3tier_os4,16,40,32,0.005399999999999995
2tier,16,40,2,0.005399999999999995
2tier,16,40,4,0.005399999999999995
2tier,16,40,8,0.005399999999999995
2tier,16,40,16,0.005399999999999995
2tier,16,40,32,0.005399999999999995
3tier_nb,64,40,2,0.009299999999999971
3tier_nb,64,40,4,0.00624999999999999
3tier_nb,64,40,8,0.005399999999999995
3tier_nb,64,40,16,0.005399999999999995
3tier_nb,64,40,32,0.005399999999999995
3tier_os2,64,40,2,0.01459999999999994
3tier_os2,64,40,4,0.006449999999999989
3tier_os2,64,40,8,0.005699999999999993
3tier_os2,64,40,16,0.005399999999999995
3tier_os2,64,40,32,0.005399999999999995
3tier_os4,64,40,2,0.028650000000000307
3tier_os4,64,40,4,0.008899999999999974
3tier_os4,64,40,8,0.0071499999999999845
3tier_os4,64,40,16,0.005899999999999992
3tier_os4,64,40,32,0.005449999999999995
2tier,64,40,2,0.01294999999999995
2tier,64,40,4,0.007449999999999983
2tier,64,40,8,0.006099999999999991
2tier,64,40,16,0.005749999999999993
2tier,64,40,32,0.005649999999999994
3tier_nb,16,41,2,0.005399999999999995
3tier_nb,16,41,4,0.005399999999999995
3tier_nb,16,41,8,0.005399999999999995
3tier_nb,16,41,16,0.005399999999999995
3tier_nb,16,41,32,0.005399999999999995
3tier_os2,16,41,2,0.007199999999999984
3tier_os2,16,41,4,0.005399999999999995
3tier_os2,16,41,8,0.005399999999999995
3tier_os2,16,41,16,0.005399999999999995
3tier_os2,16,41,32,0.005399999999999995
3tier_os4,16,41,2,0.014349999999999941
3tier_os4,16,41,4,0.007099999999999985
3tier_os4,16,41,8,0.005849999999999992
3tier_os4,16,41,16,0.005399999999999995
3tier_os4,16,41,32,0.005399999999999995
2tier,16,41,2,0.006449999999999989
2tier,16,41,4,0.00624999999999999
2tier,16,41,8,0.005399999999999995
2tier,16,41,16,0.005399999999999995
2tier,16,41,32,0.005399999999999995
3tier_nb,64,41,2,0.007549999999999982
3tier_nb,64,41,4,0.005399999999999995
3tier_nb,64,41,8,0.005399999999999995
3tier_nb,64,41,16,0.005399999999999995
3tier_nb,64,41,32,0.005399999999999995
3tier_os2,64,41,2,0.008999999999999973
3tier_os2,64,41,4,0.006399999999999989
3tier_os2,64,41,8,0.005399999999999995
3tier_os2,64,41,16,0.005399999999999995
3tier_os2,64,41,32,0.005399999999999995
3tier_os4,64,41,2,0.01795
3tier_os4,64,41,4,0.009799999999999968
3tier_os4,64,41,8,0.007199999999999984
3tier_os4,64,41,16,0.0059999999999999915
3tier_os4,64,41,32,0.0054999999999999945
2tier,64,41,2,0.008999999999999973
2tier,64,41,4,0.006949999999999986
2tier,64,41,8,0.006349999999999989
2tier,64,41,16,0.0054999999999999945
2tier,64,41,32,0.0054999999999999945
3tier_nb,16,42,2,0.005399999999999995
3tier_nb,16,42,4,0.005399999999999995
3tier_nb,16,42,8,0.005399999999999995
3tier_nb,16,42,16,0.005399999999999995
3tier_nb,16,42,32,0.005399999999999995
3tier_os2,16,42,2,0.005399999999999995
3tier_os2,16,42,4,0.005399999999999995
3tier_os2,16,42,8,0.005399999999999995
3tier_os2,16,42,16,0.005399999999999995
3tier_os2,16,42,32,0.005399999999999995
3tier_os4,16,42,2,0.010749999999999963
3tier_os4,16,42,4,0.005399999999999995
3tier_os4,16,42,8,0.005399999999999995
3tier_os4,16,42,16,0.005399999999999995
3tier_os4,16,42,32,0.005399999999999995
2tier,16,42,2,0.005399999999999995
2tier,16,42,4,0.005399999999999995
2tier,16,42,8,0.005399999999999995
2tier,16,42,16,0.005399999999999995
2tier,16,42,32,0.005399999999999995
3tier_nb,64,42,2,0.007549999999999982
3tier_nb,64,42,4,0.005399999999999995
3tier_nb,64,42,8,0.005399999999999995
3tier_nb,64,42,16,0.005399999999999995
3tier_nb,64,42,32,0.005399999999999995
3tier_os2,64,42,2,0.008649999999999975
3tier_os2,64,42,4,0.005899999999999992
3tier_os2,64,42,8,0.005399999999999995
3tier_os2,64,42,16,0.005399999999999995
3tier_os2,64,42,32,0.005399999999999995
3tier_os4,64,42,2,0.014349999999999941
3tier_os4,64,42,4,0.008799999999999975
3tier_os4,64,42,8,0.006449999999999989
3tier_os4,64,42,16,0.005699999999999993
3tier_os4,64,42,32,0.005449999999999995
2tier,64,42,2,0.01294999999999995
2tier,64,42,4,0.007449999999999983
2tier,64,42,8,0.00624999999999999
2tier,64,42,16,0.006099999999999991
2tier,64,42,32,0.005799999999999993
3tier_nb,16,45,2,0.005399999999999995
3tier_nb,16,45,4,0.005399999999999995
3tier_nb,16,45,8,0.005399999999999995
3tier_nb,16,45,16,0.005399999999999995
3tier_nb,16,45,32,0.005399999999999995
3tier_os2,16,45,2,0.005399999999999995
3tier_os2,16,45,4,0.005399999999999995
3tier_os2,16,45,8,0.005399999999999995
3tier_os2,16,45,16,0.005399999999999995
3tier_os2,16,45,32,0.005399999999999995
3tier_os4,16,45,2,0.010749999999999963
3tier_os4,16,45,4,0.007199999999999984
3tier_os4,16,45,8,0.005399999999999995
3tier_os4,16,45,16,0.005399999999999995
3tier_os4,16,45,32,0.005399999999999995
2tier,16,45,2,0.005399999999999995
2tier,16,45,4,0.005399999999999995
2tier,16,45,8,0.005399999999999995
2tier,16,45,16,0.005399999999999995
2tier,16,45,32,0.005399999999999995
3tier_nb,64,45,2,0.006449999999999989
3tier_nb,64,45,4,0.005399999999999995
3tier_nb,64,45,8,0.005399999999999995
3tier_nb,64,45,16,0.005399999999999995
3tier_nb,64,45,32,0.005399999999999995
3tier_os2,64,45,2,0.00959999999999997
3tier_os2,64,45,4,0.006949999999999986
3tier_os2,64,45,8,0.005399999999999995
3tier_os2,64,45,16,0.005399999999999995
3tier_os2,64,45,32,0.005399999999999995
3tier_os4,64,45,2,0.019100000000000034
3tier_os4,64,45,4,0.010499999999999964
3tier_os4,64,45,8,0.007249999999999984
3tier_os4,64,45,16,0.005799999999999993
3tier_os4,64,45,32,0.005599999999999994
2tier,64,45,2,0.010649999999999963
2tier,64,45,4,0.00789999999999998
2tier,64,45,8,0.006049999999999991
2tier,64,45,16,0.005399999999999995
2tier,64,45,32,0.005399999999999995
3tier_nb,16,46,2,0.005399999999999995
3tier_nb,16,46,4,0.005399999999999995
3tier_nb,16,46,8,0.005399999999999995
3tier_nb,16,46,16,0.005399999999999995
3tier_nb,16,46,32,0.005399999999999995
3tier_os2,16,46,2,0.005399999999999995
3tier_os2,16,46,4,0.005399999999999995
3tier_os2,16,46,8,0.005399999999999995
3tier_os2,16,46,16,0.005399999999999995
3tier_os2,16,46,32,0.005399999999999995
3tier_os4,16,46,2,0.010749999999999963
3tier_os4,16,46,4,0.007199999999999984
3tier_os4,16,46,8,0.005649999999999994
3tier_os4,16,46,16,0.005399999999999995
3tier_os4,16,46,32,0.005399999999999995
2tier,16,46,2,0.007549999999999982
2tier,16,46,4,0.005399999999999995
2tier,16,46,8,0.005399999999999995
2tier,16,46,16,0.005399999999999995
2tier,16,46,32,0.005399999999999995
3tier_nb,64,46,2,0.007549999999999982
3tier_nb,64,46,4,0.005399999999999995
3tier_nb,64,46,8,0.005399999999999995
3tier_nb,64,46,16,0.005399999999999995
3tier_nb,64,46,32,0.005399999999999995
3tier_os2,64,46,2,0.013449999999999946
3tier_os2,64,46,4,0.006449999999999989
3tier_os2,64,46,8,0.005699999999999993
3tier_os2,64,46,16,0.005399999999999995
3tier_os2,64,46,32,0.005399999999999995
3tier_os4,64,46,2,0.026900000000000257
3tier_os4,64,46,4,0.010449999999999965
3tier_os4,64,46,8,0.006699999999999987
3tier_os4,64,46,16,0.005899999999999992
3tier_os4,64,46,32,0.005449999999999995
2tier,64,46,2,0.008999999999999973
2tier,64,46,4,0.0077999999999999806
2tier,64,46,8,0.0059999999999999915
2tier,64,46,16,0.005399999999999995
2tier,64,46,32,0.005399999999999995
3tier_nb,16,47,2,0.005399999999999995
3tier_nb,16,47,4,0.005399999999999995
3tier_nb,16,47,8,0.005399999999999995
3tier_nb,16,47,16,0.005399999999999995
3tier_nb,16,47,32,0.005399999999999995
3tier_os2,16,47,2,0.005399999999999995
3tier_os2,16,47,4,0.005399999999999995
3tier_os2,16,47,8,0.005399999999999995
3tier_os2,16,47,16,0.005399999999999995
3tier_os2,16,47,32,0.005399999999999995
3tier_os4,16,47,2,0.010749999999999963
3tier_os4,16,47,4,0.0061499999999999905
3tier_os4,16,47,8,0.005399999999999995
3tier_os4,16,47,16,0.005399999999999995
3tier_os4,16,47,32,0.005399999999999995
2tier,16,47,2,0.007549999999999982
2tier,16,47,4,0.005399999999999995
2tier,16,47,8,0.005399999999999995
2tier,16,47,16,0.005399999999999995
2tier,16,47,32,0.005399999999999995
3tier_nb,64,47,2,0.007549999999999982
3tier_nb,64,47,4,0.006349999999999989
3tier_nb,64,47,8,0.005399999999999995
3tier_nb,64,47,16,0.005399999999999995
3tier_nb,64,47,32,0.005399999999999995
3tier_os2,64,47,2,0.010749999999999963
3tier_os2,64,47,4,0.006549999999999988
3tier_os2,64,47,8,0.005399999999999995
3tier_os2,64,47,16,0.005399999999999995
3tier_os2,64,47,32,0.005399999999999995
3tier_os4,64,47,2,0.021500000000000102
3tier_os4,64,47,4,0.010299999999999965
3tier_os4,64,47,8,0.006599999999999988
3tier_os4,64,47,16,0.005799999999999993
3tier_os4,64,47,32,0.005449999999999995
2tier,64,47,2,0.010749999999999963
2tier,64,47,4,0.00799999999999998
2tier,64,47,8,0.006449999999999989
2tier,64,47,16,0.005599999999999994
2tier,64,47,32,0.005449999999999995
3tier_nb,16,48,2,0.005399999999999995
3tier_nb,16,48,4,0.005399999999999995
3tier_nb,16,48,8,0.005399999999999995
3tier_nb,16,48,16,0.005399999999999995
3tier_nb,16,48,32,0.005399999999999995
3tier_os2,16,48,2,0.005399999999999995
3tier_os2,16,48,4,0.005399999999999995
3tier_os2,16,48,8,0.005399999999999995
3tier_os2,16,48,16,0.005399999999999995
3tier_os2,16,48,32,0.005399999999999995
3tier_os4,16,48,2,0.010749999999999963
3tier_os4,16,48,4,0.005399999999999995
3tier_os4,16,48,8,0.005399999999999995
3tier_os4,16,48,16,0.005399999999999995
3tier_os4,16,48,32,0.005399999999999995
2tier,16,48,2,0.005399999999999995
2tier,16,48,4,0.005399999999999995
2tier,16,48,8,0.005399999999999995
2tier,16,48,16,0.005399999999999995
2tier,16,48,32,0.005399999999999995
3tier_nb,64,48,2,0.005399999999999995
3tier_nb,64,48,4,0.005399999999999995
3tier_nb,64,48,8,0.005399999999999995
3tier_nb,64,48,16,0.005399999999999995
3tier_nb,64,48,32,0.005399999999999995
3tier_os2,64,48,2,0.00959999999999997
3tier_os2,64,48,4,0.006399999999999989
3tier_os2,64,48,8,0.005399999999999995
3tier_os2,64,48,16,0.005399999999999995
3tier_os2,64,48,32,0.005399999999999995
3tier_os4,64,48,2,0.019100000000000034
3tier_os4,64,48,4,0.009399999999999971
3tier_os4,64,48,8,0.006699999999999987
3tier_os4,64,48,16,0.005749999999999993
3tier_os4,64,48,32,0.005549999999999994
2tier,64,48,2,0.00944999999999997
2tier,64,48,4,0.008499999999999976
2tier,64,48,8,0.00619999999999999
2tier,64,48,16,0.005849999999999992
2tier,64,48,32,0.005449999999999995
3tier_nb,16,44,2,0.005399999999999995
3tier_nb,16,44,4,0.005399999999999995
3tier_nb,16,44,8,0.005399999999999995
3tier_nb,16,44,16,0.005399999999999995
3tier_nb,16,44,32,0.005399999999999995
3tier_os2,16,44,2,0.008999999999999973
3tier_os2,16,44,4,0.006399999999999989
3tier_os2,16,44,8,0.005399999999999995
3tier_os2,16,44,16,0.005399999999999995
3tier_os2,16,44,32,0.005399999999999995
3tier_os4,16,44,2,0.01795
3tier_os4,16,44,4,0.00789999999999998
3tier_os4,16,44,8,0.005849999999999992
3tier_os4,16,44,16,0.005399999999999995
3tier_os4,16,44,32,0.005399999999999995
2tier,16,44,2,0.007549999999999982
2tier,16,44,4,0.005399999999999995
2tier,16,44,8,0.005399999999999995
2tier,16,44,16,0.005399999999999995
2tier,16,44,32,0.005399999999999995
3tier_nb,64,44,2,0.012299999999999953
3tier_nb,64,44,4,0.006949999999999986
3tier_nb,64,44,8,0.005399999999999995
3tier_nb,64,44,16,0.005399999999999995
3tier_nb,64,44,32,0.005399999999999995
3tier_os2,64,44,2,0.012999999999999949
3tier_os2,64,44,4,0.006999999999999985
3tier_os2,64,44,8,0.005699999999999993
3tier_os2,64,44,16,0.005399999999999995
3tier_os2,64,44,32,0.005399999999999995
3tier_os4,64,44,2,0.021500000000000102
3tier_os4,64,44,4,0.009849999999999968
3tier_os4,64,44,8,0.006749999999999987
3tier_os4,64,44,16,0.005799999999999993
3tier_os4,64,44,32,0.005549999999999994
2tier,64,44,2,0.00799999999999998
2tier,64,44,4,0.007499999999999982
2tier,64,44,8,0.006499999999999988
2tier,64,44,16,0.0059999999999999915
2tier,64,44,32,0.005399999999999995
3tier_nb,16,49,2,0.005399999999999995
3tier_nb,16,49,4,0.005399999999999995
3tier_nb,16,49,8,0.005399999999999995
3tier_nb,16,49,16,0.005399999999999995
3tier_nb,16,49,32,0.005399999999999995
3tier_os2,16,49,2,0.007199999999999984
3tier_os2,16,49,4,0.006399999999999989
3tier_os2,16,49,8,0.005399999999999995
3tier_os2,16,49,16,0.005399999999999995
3tier_os2,16,49,32,0.005399999999999995
3tier_os4,16,49,2,0.014349999999999941
3tier_os4,16,49,4,0.008899999999999974
3tier_os4,16,49,8,0.005849999999999992
3tier_os4,16,49,16,0.005399999999999995
3tier_os4,16,49,32,0.005399999999999995
2tier,16,49,2,0.007549999999999982
2tier,16,49,4,0.005399999999999995
2tier,16,49,8,0.005399999999999995
2tier,16,49,16,0.005399999999999995
2tier,16,49,32,0.005399999999999995
3tier_nb,64,49,2,0.005399999999999995
3tier_nb,64,49,4,0.005399999999999995
3tier_nb,64,49,8,0.005399999999999995
3tier_nb,64,49,16,0.005399999999999995
3tier_nb,64,49,32,0.005399999999999995
3tier_os2,64,49,2,0.008999999999999973
3tier_os2,64,49,4,0.006399999999999989
3tier_os2,64,49,8,0.005399999999999995
3tier_os2,64,49,16,0.005399999999999995
3tier_os2,64,49,32,0.005399999999999995
3tier_os4,64,49,2,0.01795
3tier_os4,64,49,4,0.008899999999999974
3tier_os4,64,49,8,0.006949999999999986
3tier_os4,64,49,16,0.005699999999999993
3tier_os4,64,49,32,0.005549999999999994
2tier,64,49,2,0.013449999999999946
2tier,64,49,4,0.0071499999999999845
2tier,64,49,8,0.0061499999999999905
2tier,64,49,16,0.005449999999999995
2tier,64,49,32,0.005599999999999994
3tier_nb,16,53,2,0.005399999999999995
3tier_nb,16,53,4,0.005399999999999995
3tier_nb,16,53,8,0.005399999999999995
3tier_nb,16,53,16,0.005399999999999995
3tier_nb,16,53,32,0.005399999999999995
3tier_os2,16,53,2,0.005399999999999995
3tier_os2,16,53,4,0.005399999999999995
3tier_os2,16,53,8,0.005399999999999995
3tier_os2,16,53,16,0.005399999999999995
3tier_os2,16,53,32,0.005399999999999995
3tier_os4,16,53,2,0.010749999999999963
3tier_os4,16,53,4,0.007199999999999984
3tier_os4,16,53,8,0.0061499999999999905
3tier_os4,16,53,16,0.005399999999999995
3tier_os4,16,53,32,0.005399999999999995
2tier,16,53,2,0.005399999999999995
2tier,16,53,4,0.006349999999999989
2tier,16,53,8,0.005399999999999995
2tier,16,53,16,0.005399999999999995
2tier,16,53,32,0.005399999999999995
3tier_nb,64,53,2,0.007549999999999982
3tier_nb,64,53,4,0.005399999999999995
3tier_nb,64,53,8,0.005399999999999995
3tier_nb,64,53,16,0.005399999999999995
3tier_nb,64,53,32,0.005399999999999995
3tier_os2,64,53,2,0.00959999999999997
3tier_os2,64,53,4,0.005899999999999992
3tier_os2,64,53,8,0.005849999999999992
3tier_os2,64,53,16,0.005399999999999995
3tier_os2,64,53,32,0.005399999999999995
3tier_os4,64,53,2,0.019100000000000034
3tier_os4,64,53,4,0.008749999999999975
3tier_os4,64,53,8,0.007299999999999984
3tier_os4,64,53,16,0.005699999999999993
3tier_os4,64,53,32,0.0054999999999999945
2tier,64,53,2,0.00959999999999997
2tier,64,53,4,0.006949999999999986
2tier,64,53,8,0.006099999999999991
2tier,64,53,16,0.005599999999999994
2tier,64,53,32,0.005399999999999995
3tier_nb,16,52,2,0.005399999999999995
3tier_nb,16,52,4,0.005399999999999995
3tier_nb,16,52,8,0.005399999999999995
3tier_nb,16,52,16,0.005399999999999995
3tier_nb,16,52,32,0.005399999999999995
3tier_os2,16,52,2,0.007199999999999984
3tier_os2,16,52,4,0.005399999999999995
3tier_os2,16,52,8,0.005399999999999995
3tier_os2,16,52,16,0.005399999999999995
3tier_os2,16,52,32,0.005399999999999995
3tier_os4,16,52,2,0.014349999999999941
3tier_os4,16,52,4,0.007199999999999984
3tier_os4,16,52,8,0.0061499999999999905
3tier_os4,16,52,16,0.005549999999999994
3tier_os4,16,52,32,0.005399999999999995
2tier,16,52,2,0.006449999999999989
2tier,16,52,4,0.005399999999999995
2tier,16,52,8,0.005399999999999995
2tier,16,52,16,0.005399999999999995
2tier,16,52,32,0.005399999999999995
3tier_nb,64,52,2,0.007549999999999982
3tier_nb,64,52,4,0.005399999999999995
3tier_nb,64,52,8,0.005399999999999995
3tier_nb,64,52,16,0.005399999999999995
3tier_nb,64,52,32,0.005399999999999995
3tier_os2,64,52,2,0.013449999999999946
3tier_os2,64,52,4,0.006399999999999989
3tier_os2,64,52,8,0.005699999999999993
3tier_os2,64,52,16,0.005399999999999995
3tier_os2,64,52,32,0.005399999999999995
3tier_os4,64,52,2,0.026900000000000257
3tier_os4,64,52,4,0.009249999999999972
3tier_os4,64,52,8,0.0071499999999999845
3tier_os4,64,52,16,0.005849999999999992
3tier_os4,64,52,32,0.005599999999999994
2tier,64,52,2,0.008999999999999973
2tier,64,52,4,0.007549999999999982
2tier,64,52,8,0.005849999999999992
2tier,64,52,16,0.0054999999999999945
2tier,64,52,32,0.005449999999999995
3tier_nb,16,50,2,0.005399999999999995
3tier_nb,16,50,4,0.005399999999999995
3tier_nb,16,50,8,0.005399999999999995
3tier_nb,16,50,16,0.005399999999999995
3tier_nb,16,50,32,0.005399999999999995
3tier_os2,16,50,2,0.005399999999999995
3tier_os2,16,50,4,0.005399999999999995
3tier_os2,16,50,8,0.005399999999999995
3tier_os2,16,50,16,0.005399999999999995
3tier_os2,16,50,32,0.005399999999999995
3tier_os4,16,50,2,0.010749999999999963
3tier_os4,16,50,4,0.007199999999999984
3tier_os4,16,50,8,0.005899999999999992
3tier_os4,16,50,16,0.005399999999999995
3tier_os4,16,50,32,0.005399999999999995
2tier,16,50,2,0.005399999999999995
2tier,16,50,4,0.005399999999999995
2tier,16,50,8,0.005399999999999995
2tier,16,50,16,0.005399999999999995
2tier,16,50,32,0.005399999999999995
3tier_nb,64,50,2,0.007549999999999982
3tier_nb,64,50,4,0.005399999999999995
3tier_nb,64,50,8,0.005399999999999995
3tier_nb,64,50,16,0.005399999999999995
3tier_nb,64,50,32,0.005399999999999995
3tier_os2,64,50,2,0.010749999999999963
3tier_os2,64,50,4,0.0066499999999999875
3tier_os2,64,50,8,0.005399999999999995
3tier_os2,64,50,16,0.005399999999999995
3tier_os2,64,50,32,0.005399999999999995
3tier_os4,64,50,2,0.021500000000000102
3tier_os4,64,50,4,0.010499999999999964
3tier_os4,64,50,8,0.007399999999999983
3tier_os4,64,50,16,0.005899999999999992
3tier_os4,64,50,32,0.005549999999999994
2tier,64,50,2,0.009999999999999967
2tier,64,50,4,0.006549999999999988
2tier,64,50,8,0.006099999999999991
2tier,64,50,16,0.005599999999999994
2tier,64,50,32,0.005399999999999995
3tier_nb,16,51,2,0.005399999999999995
3tier_nb,16,51,4,0.005399999999999995
3tier_nb,16,51,8,0.005399999999999995
3tier_nb,16,51,16,0.005399999999999995
3tier_nb,16,51,32,0.005399999999999995
3tier_os2,16,51,2,0.005399999999999995
3tier_os2,16,51,4,0.005399999999999995
3tier_os2,16,51,8,0.005399999999999995
3tier_os2,16,51,16,0.005399999999999995
3tier_os2,16,51,32,0.005399999999999995
3tier_os4,16,51,2,0.010749999999999963
3tier_os4,16,51,4,0.007199999999999984
3tier_os4,16,51,8,0.0061499999999999905
3tier_os4,16,51,16,0.005399999999999995
3tier_os4,16,51,32,0.005399999999999995
2tier,16,51,2,0.007549999999999982
2tier,16,51,4,0.005399999999999995
2tier,16,51,8,0.005399999999999995
2tier,16,51,16,0.005399999999999995
2tier,16,51,32,0.005399999999999995
3tier_nb,64,51,2,0.005399999999999995
3tier_nb,64,51,4,0.005399999999999995
3tier_nb,64,51,8,0.005399999999999995
3tier_nb,64,51,16,0.005399999999999995
3tier_nb,64,51,32,0.005399999999999995
3tier_os2,64,51,2,0.007199999999999984
3tier_os2,64,51,4,0.007199999999999984
3tier_os2,64,51,8,0.005849999999999992
3tier_os2,64,51,16,0.005399999999999995
3tier_os2,64,51,32,0.005399999999999995
3tier_os4,64,51,2,0.014349999999999941
3tier_os4,64,51,4,0.00964999999999997
3tier_os4,64,51,8,0.007199999999999984
3tier_os4,64,51,16,0.005899999999999992
3tier_os4,64,51,32,0.005699999999999993
2tier,64,51,2,0.010749999999999963
2tier,64,51,4,0.006949999999999986
2tier,64,51,8,0.006099999999999991
2tier,64,51,16,0.005399999999999995
2tier,64,51,32,0.005399999999999995
3tier_nb,16,55,2,0.005399999999999995
3tier_nb,16,55,4,0.005399999999999995
3tier_nb,16,55,8,0.005399999999999995
3tier_nb,16,55,16,0.005399999999999995
3tier_nb,16,55,32,0.005399999999999995
3tier_os2,16,55,2,0.005399999999999995
3tier_os2,16,55,4,0.005399999999999995
3tier_os2,16,55,8,0.005399999999999995
3tier_os2,16,55,16,0.005399999999999995
3tier_os2,16,55,32,0.005399999999999995
3tier_os4,16,55,2,0.010749999999999963
3tier_os4,16,55,4,0.007199999999999984
3tier_os4,16,55,8,0.0061499999999999905
3tier_os4,16,55,16,0.005399999999999995
3tier_os4,16,55,32,0.005399999999999995
2tier,16,55,2,0.005399999999999995
2tier,16,55,4,0.005399999999999995
2tier,16,55,8,0.005399999999999995
2tier,16,55,16,0.005399999999999995
2tier,16,55,32,0.005399999999999995
3tier_nb,64,55,2,0.010749999999999963
3tier_nb,64,55,4,0.006599999999999988
3tier_nb,64,55,8,0.005399999999999995
3tier_nb,64,55,16,0.005399999999999995
3tier_nb,64,55,32,0.005399999999999995
3tier_os2,64,55,2,0.010749999999999963
3tier_os2,64,55,4,0.007249999999999984
3tier_os2,64,55,8,0.005399999999999995
3tier_os2,64,55,16,0.005399999999999995
3tier_os2,64,55,32,0.005399999999999995
3tier_os4,64,55,2,0.021500000000000102
3tier_os4,64,55,4,0.009899999999999968
3tier_os4,64,55,8,0.007449999999999983
3tier_os4,64,55,16,0.005749999999999993
3tier_os4,64,55,32,0.005399999999999995
2tier,64,55,2,0.009999999999999967
2tier,64,55,4,0.007349999999999983
2tier,64,55,8,0.005899999999999992
2tier,64,55,16,0.005799999999999993
2tier,64,55,32,0.005549999999999994
3tier_nb,16,54,2,0.005399999999999995
3tier_nb,16,54,4,0.005399999999999995
3tier_nb,16,54,8,0.005399999999999995
3tier_nb,16,54,16,0.005399999999999995
3tier_nb,16,54,32,0.005399999999999995
3tier_os2,16,54,2,0.005399999999999995
3tier_os2,16,54,4,0.006399999999999989
3tier_os2,16,54,8,0.005399999999999995
3tier_os2,16,54,16,0.005399999999999995
3tier_os2,16,54,32,0.005399999999999995
3tier_os4,16,54,2,0.010749999999999963
3tier_os4,16,54,4,0.00789999999999998
3tier_os4,16,54,8,0.005899999999999992
3tier_os4,16,54,16,0.005399999999999995
3tier_os4,16,54,32,0.005399999999999995
2tier,16,54,2,0.005399999999999995
2tier,16,54,4,0.005399999999999995
2tier,16,54,8,0.005399999999999995
2tier,16,54,16,0.005399999999999995
2tier,16,54,32,0.005399999999999995
3tier_nb,64,54,2,0.008999999999999973
3tier_nb,64,54,4,0.006949999999999986
3tier_nb,64,54,8,0.005399999999999995
3tier_nb,64,54,16,0.005399999999999995
3tier_nb,64,54,32,0.005399999999999995
3tier_os2,64,54,2,0.008999999999999973
3tier_os2,64,54,4,0.006999999999999985
3tier_os2,64,54,8,0.005699999999999993
3tier_os2,64,54,16,0.005399999999999995
3tier_os2,64,54,32,0.005399999999999995
3tier_os4,64,54,2,0.01795
3tier_os4,64,54,4,0.009699999999999969
3tier_os4,64,54,8,0.007449999999999983
3tier_os4,64,54,16,0.005949999999999992
3tier_os4,64,54,32,0.0054999999999999945
2tier,64,54,2,0.010749999999999963
2tier,64,54,4,0.007049999999999985
2tier,64,54,8,0.0061499999999999905
2tier,64,54,16,0.005649999999999994
2tier,64,54,32,0.005699999999999993
3tier_nb,16,57,2,0.005399999999999995
3tier_nb,16,57,4,0.005399999999999995
3tier_nb,16,57,8,0.005399999999999995
3tier_nb,16,57,16,0.005399999999999995
3tier_nb,16,57,32,0.005399999999999995
3tier_os2,16,57,2,0.005399999999999995
3tier_os2,16,57,4,0.005399999999999995
3tier_os2,16,57,8,0.005399999999999995
3tier_os2,16,57,16,0.005399999999999995
3tier_os2,16,57,32,0.005399999999999995
3tier_os4,16,57,2,0.010749999999999963
3tier_os4,16,57,4,0.007199999999999984
3tier_os4,16,57,8,0.005649999999999994
3tier_os4,16,57,16,0.005399999999999995
3tier_os4,16,57,32,0.005399999999999995
2tier,16,57,2,0.005399999999999995
2tier,16,57,4,0.006849999999999986
2tier,16,57,8,0.005399999999999995
2tier,16,57,16,0.005399999999999995
2tier,16,57,32,0.005399999999999995
3tier_nb,64,57,2,0.008999999999999973
3tier_nb,64,57,4,0.006349999999999989
3tier_nb,64,57,8,0.005399999999999995
3tier_nb,64,57,16,0.005399999999999995
3tier_nb,64,57,32,0.005399999999999995
3tier_os2,64,57,2,0.008999999999999973
3tier_os2,64,57,4,0.006399999999999989
3tier_os2,64,57,8,0.005399999999999995
3tier_os2,64,57,16,0.005399999999999995
3tier_os2,64,57,32,0.005399999999999995
3tier_os4,64,57,2,0.014349999999999941
3tier_os4,64,57,4,0.009399999999999971
3tier_os4,64,57,8,0.006799999999999987
3tier_os4,64,57,16,0.006049999999999991
3tier_os4,64,57,32,0.005549999999999994
2tier,64,57,2,0.012299999999999953
2tier,64,57,4,0.009049999999999973
2tier,64,57,8,0.006999999999999985
2tier,64,57,16,0.005749999999999993
2tier,64,57,32,0.005399999999999995
3tier_nb,16,58,2,0.005399999999999995
3tier_nb,16,58,4,0.005399999999999995
3tier_nb,16,58,8,0.005399999999999995
3tier_nb,16,58,16,0.005399999999999995
3tier_nb,16,58,32,0.005399999999999995
3tier_os2,16,58,2,0.005399999999999995
3tier_os2,16,58,4,0.005399999999999995
3tier_os2,16,58,8,0.005399999999999995
3tier_os2,16,58,16,0.005399999999999995
3tier_os2,16,58,32,0.005399999999999995
3tier_os4,16,58,2,0.010749999999999963
3tier_os4,16,58,4,0.0061499999999999905
3tier_os4,16,58,8,0.0061499999999999905
3tier_os4,16,58,16,0.005399999999999995
3tier_os4,16,58,32,0.005399999999999995
2tier,16,58,2,0.005399999999999995
2tier,16,58,4,0.005399999999999995
2tier,16,58,8,0.005399999999999995
2tier,16,58,16,0.005399999999999995
2tier,16,58,32,0.005399999999999995
3tier_nb,64,58,2,0.007549999999999982
3tier_nb,64,58,4,0.0059999999999999915
3tier_nb,64,58,8,0.005399999999999995
3tier_nb,64,58,16,0.005399999999999995
3tier_nb,64,58,32,0.005399999999999995
3tier_os2,64,58,2,0.008999999999999973
3tier_os2,64,58,4,0.006399999999999989
3tier_os2,64,58,8,0.006099999999999991
3tier_os2,64,58,16,0.005399999999999995
3tier_os2,64,58,32,0.005399999999999995
3tier_os4,64,58,2,0.01795
3tier_os4,64,58,4,0.009299999999999971
3tier_os4,64,58,8,0.007449999999999983
3tier_os4,64,58,16,0.0061499999999999905
3tier_os4,64,58,32,0.005599999999999994
2tier,64,58,2,0.008999999999999973
2tier,64,58,4,0.007449999999999983
2tier,64,58,8,0.005949999999999992
2tier,64,58,16,0.005749999999999993
2tier,64,58,32,0.005399999999999995
3tier_nb,16,56,2,0.005399999999999995
3tier_nb,16,56,4,0.005399999999999995
3tier_nb,16,56,8,0.005399999999999995
3tier_nb,16,56,16,0.005399999999999995
3tier_nb,16,56,32,0.005399999999999995
3tier_os2,16,56,2,0.007199999999999984
3tier_os2,16,56,4,0.005399999999999995
3tier_os2,16,56,8,0.005399999999999995
3tier_os2,16,56,16,0.005399999999999995
3tier_os2,16,56,32,0.005399999999999995
3tier_os4,16,56,2,0.014349999999999941
3tier_os4,16,56,4,0.007199999999999984
3tier_os4,16,56,8,0.0061499999999999905
3tier_os4,16,56,16,0.005399999999999995
3tier_os4,16,56,32,0.005399999999999995
2tier,16,56,2,0.007549999999999982
2tier,16,56,4,0.005399999999999995
2tier,16,56,8,0.005399999999999995
2tier,16,56,16,0.005399999999999995
2tier,16,56,32,0.005399999999999995
3tier_nb,64,56,2,0.007549999999999982
3tier_nb,64,56,4,0.005399999999999995
3tier_nb,64,56,8,0.005799999999999993
3tier_nb,64,56,16,0.005399999999999995
3tier_nb,64,56,32,0.005399999999999995
3tier_os2,64,56,2,0.009349999999999971
3tier_os2,64,56,4,0.006399999999999989
3tier_os2,64,56,8,0.005799999999999993
3tier_os2,64,56,16,0.005399999999999995
3tier_os2,64,56,32,0.005399999999999995
3tier_os4,64,56,2,0.01795
3tier_os4,64,56,4,0.00959999999999997
3tier_os4,64,56,8,0.007399999999999983
3tier_os4,64,56,16,0.005949999999999992
3tier_os4,64,56,32,0.005599999999999994
2tier,64,56,2,0.009999999999999967
2tier,64,56,4,0.008549999999999976
2tier,64,56,8,0.0071499999999999845
2tier,64,56,16,0.006449999999999989
2tier,64,56,32,0.005649999999999994
3tier_nb,16,59,2,0.005399999999999995
3tier_nb,16,59,4,0.005399999999999995
3tier_nb,16,59,8,0.005399999999999995
3tier_nb,16,59,16,0.005399999999999995
3tier_nb,16,59,32,0.005399999999999995
3tier_os2,16,59,2,0.005399999999999995
3tier_os2,16,59,4,0.005399999999999995
3tier_os2,16,59,8,0.005399999999999995
3tier_os2,16,59,16,0.005399999999999995
3tier_os2,16,59,32,0.005399999999999995
3tier_os4,16,59,2,0.010749999999999963
3tier_os4,16,59,4,0.0061499999999999905
3tier_os4,16,59,8,0.005399999999999995
3tier_os4,16,59,16,0.005399999999999995
3tier_os4,16,59,32,0.005399999999999995
2tier,16,59,2,0.005399999999999995
2tier,16,59,4,0.005399999999999995
2tier,16,59,8,0.005399999999999995
2tier,16,59,16,0.005399999999999995
2tier,16,59,32,0.005399999999999995
3tier_nb,64,59,2,0.007549999999999982
3tier_nb,64,59,4,0.005399999999999995
3tier_nb,64,59,8,0.005399999999999995
3tier_nb,64,59,16,0.005399999999999995
3tier_nb,64,59,32,0.005399999999999995
3tier_os2,64,59,2,0.013449999999999946
3tier_os2,64,59,4,0.007349999999999983
3tier_os2,64,59,8,0.005399999999999995
3tier_os2,64,59,16,0.005399999999999995
3tier_os2,64,59,32,0.005399999999999995
3tier_os4,64,59,2,0.026900000000000257
3tier_os4,64,59,4,0.01109999999999996
3tier_os4,64,59,8,0.006999999999999985
3tier_os4,64,59,16,0.005849999999999992
3tier_os4,64,59,32,0.005549999999999994
2tier,64,59,2,0.010799999999999962
2tier,64,59,4,0.008999999999999973
2tier,64,59,8,0.006349999999999989
2tier,64,59,16,0.005649999999999994
2tier,64,59,32,0.005399999999999995
3tier_nb,16,63,2,0.005399999999999995
3tier_nb,16,63,4,0.005399999999999995
3tier_nb,16,63,8,0.005399999999999995
3tier_nb,16,63,16,0.005399999999999995
3tier_nb,16,63,32,0.005399999999999995
3tier_os2,16,63,2,0.007199999999999984
3tier_os2,16,63,4,0.005399999999999995
3tier_os2,16,63,8,0.005399999999999995
3tier_os2,16,63,16,0.005399999999999995
3tier_os2,16,63,32,0.005399999999999995
3tier_os4,16,63,2,0.014349999999999941
3tier_os4,16,63,4,0.008199999999999978
3tier_os4,16,63,8,0.005749999999999993
3tier_os4,16,63,16,0.005399999999999995
3tier_os4,16,63,32,0.005399999999999995
2tier,16,63,2,0.007199999999999984
2tier,16,63,4,0.006399999999999989
2tier,16,63,8,0.005399999999999995
2tier,16,63,16,0.005399999999999995
2tier,16,63,32,0.005399999999999995
3tier_nb,64,63,2,0.007549999999999982
3tier_nb,64,63,4,0.006349999999999989
3tier_nb,64,63,8,0.005399999999999995
3tier_nb,64,63,16,0.005399999999999995
3tier_nb,64,63,32,0.005399999999999995
3tier_os2,64,63,2,0.010049999999999967
3tier_os2,64,63,4,0.006549999999999988
3tier_os2,64,63,8,0.005699999999999993
3tier_os2,64,63,16,0.005399999999999995
3tier_os2,64,63,32,0.005399999999999995
3tier_os4,64,63,2,0.019100000000000034
3tier_os4,64,63,4,0.010049999999999967
3tier_os4,64,63,8,0.007199999999999984
3tier_os4,64,63,16,0.0059999999999999915
3tier_os4,64,63,32,0.0054999999999999945
2tier,64,63,2,0.008999999999999973
2tier,64,63,4,0.0066499999999999875
2tier,64,63,8,0.005949999999999992
2tier,64,63,16,0.005549999999999994
2tier,64,63,32,0.005399999999999995
3tier_nb,16,65,2,0.006449999999999989
3tier_nb,16,65,4,0.005399999999999995
3tier_nb,16,65,8,0.005399999999999995
3tier_nb,16,65,16,0.005399999999999995
3tier_nb,16,65,32,0.005399999999999995
3tier_os2,16,65,2,0.006449999999999989
3tier_os2,16,65,4,0.006399999999999989
3tier_os2,16,65,8,0.005399999999999995
3tier_os2,16,65,16,0.005399999999999995
3tier_os2,16,65,32,0.005399999999999995
3tier_os4,16,65,2,0.010749999999999963
3tier_os4,16,65,4,0.00789999999999998
3tier_os4,16,65,8,0.005899999999999992
3tier_os4,16,65,16,0.005699999999999993
3tier_os4,16,65,32,0.005399999999999995
2tier,16,65,2,0.007549999999999982
2tier,16,65,4,0.005399999999999995
2tier,16,65,8,0.005399999999999995
2tier,16,65,16,0.005399999999999995
2tier,16,65,32,0.005399999999999995
3tier_nb,64,65,2,0.007549999999999982
3tier_nb,64,65,4,0.005399999999999995
3tier_nb,64,65,8,0.005399999999999995
3tier_nb,64,65,16,0.005399999999999995
3tier_nb,64,65,32,0.005399999999999995
3tier_os2,64,65,2,0.00959999999999997
3tier_os2,64,65,4,0.006399999999999989
3tier_os2,64,65,8,0.005699999999999993
3tier_os2,64,65,16,0.005399999999999995
3tier_os2,64,65,32,0.005399999999999995
3tier_os4,64,65,2,0.019100000000000034
3tier_os4,64,65,4,0.008499999999999976
3tier_os4,64,65,8,0.007499999999999982
3tier_os4,64,65,16,0.005849999999999992
3tier_os4,64,65,32,0.005549999999999994
2tier,64,65,2,0.008399999999999977
2tier,64,65,4,0.008499999999999976
2tier,64,65,8,0.007249999999999984
2tier,64,65,16,0.006099999999999991
2tier,64,65,32,0.005899999999999992
3tier_nb,16,60,2,0.005399999999999995
3tier_nb,16,60,4,0.005399999999999995
3tier_nb,16,60,8,0.005399999999999995
3tier_nb,16,60,16,0.005399999999999995
3tier_nb,16,60,32,0.005399999999999995
3tier_os2,16,60,2,0.007199999999999984
3tier_os2,16,60,4,0.005399999999999995
3tier_os2,16,60,8,0.005399999999999995
3tier_os2,16,60,16,0.005399999999999995
3tier_os2,16,60,32,0.005399999999999995
3tier_os4,16,60,2,0.014349999999999941
3tier_os4,16,60,4,0.008199999999999978
3tier_os4,16,60,8,0.005399999999999995
3tier_os4,16,60,16,0.005399999999999995
3tier_os4,16,60,32,0.005399999999999995
2tier,16,60,2,0.005399999999999995
2tier,16,60,4,0.005399999999999995
2tier,16,60,8,0.005399999999999995
2tier,16,60,16,0.005399999999999995
2tier,16,60,32,0.005399999999999995
3tier_nb,64,60,2,0.005399999999999995
3tier_nb,64,60,4,0.005399999999999995
3tier_nb,64,60,8,0.005399999999999995
3tier_nb,64,60,16,0.005399999999999995
3tier_nb,64,60,32,0.005399999999999995
3tier_os2,64,60,2,0.00959999999999997
3tier_os2,64,60,4,0.006949999999999986
3tier_os2,64,60,8,0.005399999999999995
3tier_os2,64,60,16,0.005399999999999995
3tier_os2,64,60,32,0.005399999999999995
3tier_os4,64,60,2,0.019100000000000034
3tier_os4,64,60,4,0.010099999999999967
3tier_os4,64,60,8,0.007249999999999984
3tier_os4,64,60,16,0.005699999999999993
3tier_os4,64,60,32,0.0054999999999999945
2tier,64,60,2,0.008099999999999979
2tier,64,60,4,0.006699999999999987
2tier,64,60,8,0.006099999999999991
2tier,64,60,16,0.0054999999999999945
2tier,64,60,32,0.005399999999999995
3tier_nb,16,61,2,0.005399999999999995
3tier_nb,16,61,4,0.005399999999999995
3tier_nb,16,61,8,0.005399999999999995
3tier_nb,16,61,16,0.005399999999999995
3tier_nb,16,61,32,0.005399999999999995
3tier_os2,16,61,2,0.007199999999999984
3tier_os2,16,61,4,0.006399999999999989
3tier_os2,16,61,8,0.005399999999999995
3tier_os2,16,61,16,0.005399999999999995
3tier_os2,16,61,32,0.005399999999999995
3tier_os4,16,61,2,0.014349999999999941
3tier_os4,16,61,4,0.00789999999999998
3tier_os4,16,61,8,0.005849999999999992
3tier_os4,16,61,16,0.005399999999999995
3tier_os4,16,61,32,0.005399999999999995
2tier,16,61,2,0.005399999999999995
2tier,16,61,4,0.005399999999999995
2tier,16,61,8,0.005399999999999995
2tier,16,61,16,0.005399999999999995
2tier,16,61,32,0.005399999999999995
3tier_nb,64,61,2,0.005399999999999995
3tier_nb,64,61,4,0.005399999999999995
3tier_nb,64,61,8,0.005399999999999995
3tier_nb,64,61,16,0.005399999999999995
3tier_nb,64,61,32,0.005399999999999995
3tier_os2,64,61,2,0.00959999999999997
3tier_os2,64,61,4,0.006399999999999989
3tier_os2,64,61,8,0.005699999999999993
3tier_os2,64,61,16,0.005399999999999995
3tier_os2,64,61,32,0.005399999999999995
3tier_os4,64,61,2,0.019100000000000034
3tier_os4,64,61,4,0.009399999999999971
3tier_os4,64,61,8,0.007449999999999983
3tier_os4,64,61,16,0.00624999999999999
3tier_os4,64,61,32,0.005399999999999995
2tier,64,61,2,0.01279999999999995
2tier,64,61,4,0.007449999999999983
2tier,64,61,8,0.0061499999999999905
2tier,64,61,16,0.005649999999999994
2tier,64,61,32,0.005399999999999995
3tier_nb,16,62,2,0.005399999999999995
3tier_nb,16,62,4,0.005399999999999995
3tier_nb,16,62,8,0.005399999999999995
3tier_nb,16,62,16,0.005399999999999995
3tier_nb,16,62,32,0.005399999999999995
3tier_os2,16,62,2,0.005399999999999995
3tier_os2,16,62,4,0.005399999999999995
3tier_os2,16,62,8,0.005399999999999995
3tier_os2,16,62,16,0.005399999999999995
3tier_os2,16,62,32,0.005399999999999995
3tier_os4,16,62,2,0.010749999999999963
3tier_os4,16,62,4,0.007199999999999984
3tier_os4,16,62,8,0.005849999999999992
3tier_os4,16,62,16,0.005399999999999995
3tier_os4,16,62,32,0.005399999999999995
2tier,16,62,2,0.005399999999999995
2tier,16,62,4,0.00624999999999999
2tier,16,62,8,0.005399999999999995
2tier,16,62,16,0.005399999999999995
2tier,16,62,32,0.005399999999999995
3tier_nb,64,62,2,0.007549999999999982
3tier_nb,64,62,4,0.005399999999999995
3tier_nb,64,62,8,0.005399999999999995
3tier_nb,64,62,16,0.005399999999999995
3tier_nb,64,62,32,0.005399999999999995
3tier_os2,64,62,2,0.009899999999999968
3tier_os2,64,62,4,0.006849999999999986
3tier_os2,64,62,8,0.005699999999999993
3tier_os2,64,62,16,0.005399999999999995
3tier_os2,64,62,32,0.005399999999999995
3tier_os4,64,62,2,0.019750000000000052
3tier_os4,64,62,4,0.011499999999999958
3tier_os4,64,62,8,0.006799999999999987
3tier_os4,64,62,16,0.0059999999999999915
3tier_os4,64,62,32,0.0054999999999999945
2tier,64,62,2,0.010749999999999963
2tier,64,62,4,0.008799999999999975
2tier,64,62,8,0.00619999999999999
2tier,64,62,16,0.005949999999999992
2tier,64,62,32,0.005699999999999993
3tier_nb,16,66,2,0.005399999999999995
3tier_nb,16,66,4,0.005399999999999995
3tier_nb,16,66,8,0.005399999999999995
3tier_nb,16,66,16,0.005399999999999995
3tier_nb,16,66,32,0.005399999999999995
3tier_os2,16,66,2,0.005399999999999995
3tier_os2,16,66,4,0.005399999999999995
3tier_os2,16,66,8,0.005399999999999995
3tier_os2,16,66,16,0.005399999999999995
3tier_os2,16,66,32,0.005399999999999995
3tier_os4,16,66,2,0.010749999999999963
3tier_os4,16,66,4,0.008199999999999978
3tier_os4,16,66,8,0.005399999999999995
3tier_os4,16,66,16,0.005399999999999995
3tier_os4,16,66,32,0.005399999999999995
2tier,16,66,2,0.005399999999999995
2tier,16,66,4,0.005399999999999995
2tier,16,66,8,0.005399999999999995
2tier,16,66,16,0.005399999999999995
2tier,16,66,32,0.005399999999999995
3tier_nb,64,66,2,0.007549999999999982
3tier_nb,64,66,4,0.0059999999999999915
3tier_nb,64,66,8,0.005399999999999995
3tier_nb,64,66,16,0.005399999999999995
3tier_nb,64,66,32,0.005399999999999995
3tier_os2,64,66,2,0.010749999999999963
3tier_os2,64,66,4,0.006399999999999989
3tier_os2,64,66,8,0.005399999999999995
3tier_os2,64,66,16,0.005399999999999995
3tier_os2,64,66,32,0.005399999999999995
3tier_os4,64,66,2,0.021500000000000102
3tier_os4,64,66,4,0.008599999999999976
3tier_os4,64,66,8,0.0066499999999999875
3tier_os4,64,66,16,0.005849999999999992
3tier_os4,64,66,32,0.005449999999999995
2tier,64,66,2,0.012599999999999952
2tier,64,66,4,0.008299999999999978
2tier,64,66,8,0.007249999999999984
2tier,64,66,16,0.006049999999999991
2tier,64,66,32,0.005749999999999993
3tier_nb,16,64,2,0.005399999999999995
3tier_nb,16,64,4,0.005399999999999995
3tier_nb,16,64,8,0.005399999999999995
3tier_nb,16,64,16,0.005399999999999995
3tier_nb,16,64,32,0.005399999999999995
3tier_os2,16,64,2,0.005399999999999995
3tier_os2,16,64,4,0.005399999999999995
3tier_os2,16,64,8,0.005399999999999995
3tier_os2,16,64,16,0.005399999999999995
3tier_os2,16,64,32,0.005399999999999995
3tier_os4,16,64,2,0.010749999999999963
3tier_os4,16,64,4,0.007199999999999984
3tier_os4,16,64,8,0.005399999999999995
3tier_os4,16,64,16,0.005399999999999995
3tier_os4,16,64,32,0.005399999999999995
2tier,16,64,2,0.007549999999999982
2tier,16,64,4,0.005399999999999995
2tier,16,64,8,0.005399999999999995
2tier,16,64,16,0.005399999999999995
2tier,16,64,32,0.005399999999999995
3tier_nb,64,64,2,0.007549999999999982
3tier_nb,64,64,4,0.005399999999999995
3tier_nb,64,64,8,0.005399999999999995
3tier_nb,64,64,16,0.005399999999999995
3tier_nb,64,64,32,0.005399999999999995
3tier_os2,64,64,2,0.008999999999999973
3tier_os2,64,64,4,0.006949999999999986
3tier_os2,64,64,8,0.005399999999999995
3tier_os2,64,64,16,0.005399999999999995
3tier_os2,64,64,32,0.005399999999999995
3tier_os4,64,64,2,0.01795
3tier_os4,64,64,4,0.010049999999999967
3tier_os4,64,64,8,0.006699999999999987
3tier_os4,64,64,16,0.005849999999999992
3tier_os4,64,64,32,0.005449999999999995
2tier,64,64,2,0.009849999999999968
2tier,64,64,4,0.007549999999999982
2tier,64,64,8,0.006549999999999988
2tier,64,64,16,0.0059999999999999915
2tier,64,64,32,0.005549999999999994
3tier_nb,16,68,2,0.005399999999999995
3tier_nb,16,68,4,0.005399999999999995
3tier_nb,16,68,8,0.005399999999999995
3tier_nb,16,68,16,0.005399999999999995
3tier_nb,16,68,32,0.005399999999999995
3tier_os2,16,68,2,0.007199999999999984
3tier_os2,16,68,4,0.005399999999999995
3tier_os2,16,68,8,0.005399999999999995
3tier_os2,16,68,16,0.005399999999999995
3tier_os2,16,68,32,0.005399999999999995
3tier_os4,16,68,2,0.014349999999999941
3tier_os4,16,68,4,0.007199999999999984
3tier_os4,16,68,8,0.005899999999999992
3tier_os4,16,68,16,0.005399999999999995
3tier_os4,16,68,32,0.005399999999999995
2tier,16,68,2,0.007549999999999982
2tier,16,68,4,0.005399999999999995
2tier,16,68,8,0.005399999999999995
2tier,16,68,16,0.005399999999999995
2tier,16,68,32,0.005399999999999995
3tier_nb,64,68,2,0.007549999999999982
3tier_nb,64,68,4,0.005399999999999995
3tier_nb,64,68,8,0.005399999999999995
3tier_nb,64,68,16,0.005399999999999995
3tier_nb,64,68,32,0.005399999999999995
3tier_os2,64,68,2,0.013449999999999946
3tier_os2,64,68,4,0.006849999999999986
3tier_os2,64,68,8,0.005399999999999995
3tier_os2,64,68,16,0.005399999999999995
3tier_os2,64,68,32,0.005399999999999995
3tier_os4,64,68,2,0.026900000000000257
3tier_os4,64,68,4,0.00964999999999997
3tier_os4,64,68,8,0.006949999999999986
3tier_os4,64,68,16,0.006049999999999991
3tier_os4,64,68,32,0.005449999999999995
2tier,64,68,2,0.009899999999999968
2tier,64,68,4,0.006949999999999986
2tier,64,68,8,0.00619999999999999
2tier,64,68,16,0.005899999999999992
2tier,64,68,32,0.005699999999999993
3tier_nb,16,69,2,0.005399999999999995
3tier_nb,16,69,4,0.005399999999999995
3tier_nb,16,69,8,0.005399999999999995
3tier_nb,16,69,16,0.005399999999999995
3tier_nb,16,69,32,0.005399999999999995
3tier_os2,16,69,2,0.005399999999999995
3tier_os2,16,69,4,0.005399999999999995
3tier_os2,16,69,8,0.005399999999999995
3tier_os2,16,69,16,0.005399999999999995
3tier_os2,16,69,32,0.005399999999999995
3tier_os4,16,69,2,0.010749999999999963
3tier_os4,16,69,4,0.007199999999999984
3tier_os4,16,69,8,0.005849999999999992
3tier_os4,16,69,16,0.005399999999999995
3tier_os4,16,69,32,0.005399999999999995
2tier,16,69,2,0.005399999999999995
2tier,16,69,4,0.005399999999999995
2tier,16,69,8,0.005399999999999995
2tier,16,69,16,0.005399999999999995
2tier,16,69,32,0.005399999999999995
3tier_nb,64,69,2,0.007549999999999982
3tier_nb,64,69,4,0.00624999999999999
3tier_nb,64,69,8,0.005649999999999994
3tier_nb,64,69,16,0.005399999999999995
3tier_nb,64,69,32,0.005399999999999995
3tier_os2,64,69,2,0.013449999999999946
3tier_os2,64,69,4,0.006399999999999989
3tier_os2,64,69,8,0.005649999999999994
3tier_os2,64,69,16,0.005399999999999995
3tier_os2,64,69,32,0.005399999999999995
3tier_os4,64,69,2,0.026900000000000257
3tier_os4,64,69,4,0.009899999999999968
3tier_os4,64,69,8,0.007449999999999983
3tier_os4,64,69,16,0.005849999999999992
3tier_os4,64,69,32,0.005399999999999995
2tier,64,69,2,0.012299999999999953
2tier,64,69,4,0.007549999999999982
2tier,64,69,8,0.005949999999999992
2tier,64,69,16,0.005649999999999994
2tier,64,69,32,0.005399999999999995
3tier_nb,16,67,2,0.005399999999999995
3tier_nb,16,67,4,0.005399999999999995
3tier_nb,16,67,8,0.005399999999999995
3tier_nb,16,67,16,0.005399999999999995
3tier_nb,16,67,32,0.005399999999999995
3tier_os2,16,67,2,0.007199999999999984
3tier_os2,16,67,4,0.006399999999999989
3tier_os2,16,67,8,0.005399999999999995
3tier_os2,16,67,16,0.005399999999999995
3tier_os2,16,67,32,0.005399999999999995
3tier_os4,16,67,2,0.014349999999999941
3tier_os4,16,67,4,0.00959999999999997
3tier_os4,16,67,8,0.0061499999999999905
3tier_os4,16,67,16,0.005399999999999995
3tier_os4,16,67,32,0.005399999999999995
2tier,16,67,2,0.005399999999999995
2tier,16,67,4,0.005399999999999995
2tier,16,67,8,0.005399999999999995
2tier,16,67,16,0.005399999999999995
2tier,16,67,32,0.005399999999999995
3tier_nb,64,67,2,0.007549999999999982
3tier_nb,64,67,4,0.005399999999999995
3tier_nb,64,67,8,0.005399999999999995
3tier_nb,64,67,16,0.005399999999999995
3tier_nb,64,67,32,0.005399999999999995
3tier_os2,64,67,2,0.008999999999999973
3tier_os2,64,67,4,0.006399999999999989
3tier_os2,64,67,8,0.005549999999999994
3tier_os2,64,67,16,0.005399999999999995
3tier_os2,64,67,32,0.005399999999999995
3tier_os4,64,67,2,0.01795
3tier_os4,64,67,4,0.009949999999999968
3tier_os4,64,67,8,0.006699999999999987
3tier_os4,64,67,16,0.005699999999999993
3tier_os4,64,67,32,0.005449999999999995
2tier,64,67,2,0.010749999999999963
2tier,64,67,4,0.00789999999999998
2tier,64,67,8,0.006349999999999989
2tier,64,67,16,0.005599999999999994
2tier,64,67,32,0.005599999999999994
3tier_nb,16,74,2,0.005399999999999995
3tier_nb,16,74,4,0.005399999999999995
3tier_nb,16,74,8,0.005399999999999995
3tier_nb,16,74,16,0.005399999999999995
3tier_nb,16,74,32,0.005399999999999995
3tier_os2,16,74,2,0.007199999999999984
3tier_os2,16,74,4,0.006399999999999989
3tier_os2,16,74,8,0.005399999999999995
3tier_os2,16,74,16,0.005399999999999995
3tier_os2,16,74,32,0.005399999999999995
3tier_os4,16,74,2,0.014349999999999941
3tier_os4,16,74,4,0.00789999999999998
3tier_os4,16,74,8,0.005849999999999992
3tier_os4,16,74,16,0.005399999999999995
3tier_os4,16,74,32,0.005399999999999995
2tier,16,74,2,0.010749999999999963
2tier,16,74,4,0.005399999999999995
2tier,16,74,8,0.005399999999999995
2tier,16,74,16,0.005399999999999995
2tier,16,74,32,0.005399999999999995
3tier_nb,64,74,2,0.007549999999999982
3tier_nb,64,74,4,0.005399999999999995
3tier_nb,64,74,8,0.005399999999999995
3tier_nb,64,74,16,0.005399999999999995
3tier_nb,64,74,32,0.005399999999999995
3tier_os2,64,74,2,0.008999999999999973
3tier_os2,64,74,4,0.006399999999999989
3tier_os2,64,74,8,0.005699999999999993
3tier_os2,64,74,16,0.005399999999999995
3tier_os2,64,74,32,0.005399999999999995
3tier_os4,64,74,2,0.01795
3tier_os4,64,74,4,0.009249999999999972
3tier_os4,64,74,8,0.0066499999999999875
3tier_os4,64,74,16,0.005949999999999992
3tier_os4,64,74,32,0.005449999999999995
2tier,64,74,2,0.013449999999999946
2tier,64,74,4,0.007099999999999985
2tier,64,74,8,0.006849999999999986
2tier,64,74,16,0.005899999999999992
2tier,64,74,32,0.005599999999999994
3tier_nb,16,78,2,0.005399999999999995
3tier_nb,16,78,4,0.005399999999999995
3tier_nb,16,78,8,0.005399999999999995
3tier_nb,16,78,16,0.005399999999999995
3tier_nb,16,78,32,0.005399999999999995
3tier_os2,16,78,2,0.007199999999999984
3tier_os2,16,78,4,0.005399999999999995
3tier_os2,16,78,8,0.005399999999999995
3tier_os2,16,78,16,0.005399999999999995
3tier_os2,16,78,32,0.005399999999999995
3tier_os4,16,78,2,0.014349999999999941
3tier_os4,16,78,4,0.008199999999999978
3tier_os4,16,78,8,0.005849999999999992
3tier_os4,16,78,16,0.005399999999999995
3tier_os4,16,78,32,0.005399999999999995
2tier,16,78,2,0.006449999999999989
2tier,16,78,4,0.005399999999999995
2tier,16,78,8,0.005399999999999995
2tier,16,78,16,0.005399999999999995
2tier,16,78,32,0.005399999999999995
3tier_nb,64,78,2,0.007549999999999982
3tier_nb,64,78,4,0.005399999999999995
3tier_nb,64,78,8,0.005399999999999995
3tier_nb,64,78,16,0.005399999999999995
3tier_nb,64,78,32,0.005399999999999995
3tier_os2,64,78,2,0.010749999999999963
3tier_os2,64,78,4,0.005899999999999992
3tier_os2,64,78,8,0.005399999999999995
3tier_os2,64,78,16,0.005399999999999995
3tier_os2,64,78,32,0.005399999999999995
3tier_os4,64,78,2,0.021500000000000102
3tier_os4,64,78,4,0.009699999999999969
3tier_os4,64,78,8,0.006699999999999987
3tier_os4,64,78,16,0.005749999999999993
3tier_os4,64,78,32,0.0054999999999999945
2tier,64,78,2,0.013449999999999946
2tier,64,78,4,0.007549999999999982
2tier,64,78,8,0.007399999999999983
2tier,64,78,16,0.00624999999999999
2tier,64,78,32,0.0054999999999999945
3tier_nb,16,79,2,0.005399999999999995
3tier_nb,16,79,4,0.005399999999999995
3tier_nb,16,79,8,0.005399999999999995
3tier_nb,16,79,16,0.005399999999999995
3tier_nb,16,79,32,0.005399999999999995
3tier_os2,16,79,2,0.005399999999999995
3tier_os2,16,79,4,0.005399999999999995
3tier_os2,16,79,8,0.005399999999999995
3tier_os2,16,79,16,0.005399999999999995
3tier_os2,16,79,32,0.005399999999999995
3tier_os4,16,79,2,0.010749999999999963
3tier_os4,16,79,4,0.007199999999999984
3tier_os4,16,79,8,0.005399999999999995
3tier_os4,16,79,16,0.005399999999999995
3tier_os4,16,79,32,0.005399999999999995
2tier,16,79,2,0.005399999999999995
2tier,16,79,4,0.005399999999999995
2tier,16,79,8,0.005399999999999995
2tier,16,79,16,0.005399999999999995
2tier,16,79,32,0.005399999999999995
3tier_nb,64,79,2,0.007549999999999982
3tier_nb,64,79,4,0.005399999999999995
3tier_nb,64,79,8,0.005399999999999995
3tier_nb,64,79,16,0.005399999999999995
3tier_nb,64,79,32,0.005399999999999995
3tier_os2,64,79,2,0.008649999999999975
3tier_os2,64,79,4,0.006399999999999989
3tier_os2,64,79,8,0.005399999999999995
3tier_os2,64,79,16,0.005399999999999995
3tier_os2,64,79,32,0.005399999999999995
3tier_os4,64,79,2,0.014349999999999941
3tier_os4,64,79,4,0.009299999999999971
3tier_os4,64,79,8,0.007099999999999985
3tier_os4,64,79,16,0.005899999999999992
3tier_os4,64,79,32,0.005449999999999995
2tier,64,79,2,0.010749999999999963
2tier,64,79,4,0.006849999999999986
2tier,64,79,8,0.006499999999999988
2tier,64,79,16,0.005549999999999994
2tier,64,79,32,0.005399999999999995
3tier_nb,16,75,2,0.005399999999999995
3tier_nb,16,75,4,0.005399999999999995
3tier_nb,16,75,8,0.005399999999999995
3tier_nb,16,75,16,0.005399999999999995
3tier_nb,16,75,32,0.005399999999999995
3tier_os2,16,75,2,0.007199999999999984
3tier_os2,16,75,4,0.005399999999999995
3tier_os2,16,75,8,0.005399999999999995
3tier_os2,16,75,16,0.005399999999999995
3tier_os2,16,75,32,0.005399999999999995
3tier_os4,16,75,2,0.014349999999999941
3tier_os4,16,75,4,0.007099999999999985
3tier_os4,16,75,8,0.005399999999999995
3tier_os4,16,75,16,0.005399999999999995
3tier_os4,16,75,32,0.005399999999999995
2tier,16,75,2,0.005399999999999995
2tier,16,75,4,0.005399999999999995
2tier,16,75,8,0.005399999999999995
2tier,16,75,16,0.005399999999999995
2tier,16,75,32,0.005399999999999995
3tier_nb,64,75,2,0.006449999999999989
3tier_nb,64,75,4,0.005399999999999995
3tier_nb,64,75,8,0.005399999999999995
3tier_nb,64,75,16,0.005399999999999995
3tier_nb,64,75,32,0.005399999999999995
3tier_os2,64,75,2,0.008099999999999979
3tier_os2,64,75,4,0.006399999999999989
3tier_os2,64,75,8,0.005399999999999995
3tier_os2,64,75,16,0.005399999999999995
3tier_os2,64,75,32,0.005399999999999995
3tier_os4,64,75,2,0.01614999999999995
3tier_os4,64,75,4,0.009249999999999972
3tier_os4,64,75,8,0.006599999999999988
3tier_os4,64,75,16,0.005749999999999993
3tier_os4,64,75,32,0.005549999999999994
2tier,64,75,2,0.00799999999999998
2tier,64,75,4,0.007199999999999984
2tier,64,75,8,0.005699999999999993
2tier,64,75,16,0.005399999999999995
2tier,64,75,32,0.005399999999999995
3tier_nb,16,70,2,0.005399999999999995
3tier_nb,16,70,4,0.005399999999999995
3tier_nb,16,70,8,0.005399999999999995
3tier_nb,16,70,16,0.005399999999999995
3tier_nb,16,70,32,0.005399999999999995
3tier_os2,16,70,2,0.005399999999999995
3tier_os2,16,70,4,0.005399999999999995
3tier_os2,16,70,8,0.005399999999999995
3tier_os2,16,70,16,0.005399999999999995
3tier_os2,16,70,32,0.005399999999999995
3tier_os4,16,70,2,0.010749999999999963
3tier_os4,16,70,4,0.0061499999999999905
3tier_os4,16,70,8,0.005399999999999995
3tier_os4,16,70,16,0.005399999999999995
3tier_os4,16,70,32,0.005399999999999995
2tier,16,70,2,0.005399999999999995
2tier,16,70,4,0.005399999999999995
2tier,16,70,8,0.005399999999999995
2tier,16,70,16,0.005399999999999995
2tier,16,70,32,0.005399999999999995
3tier_nb,64,70,2,0.007549999999999982
3tier_nb,64,70,4,0.006349999999999989
3tier_nb,64,70,8,0.005399999999999995
3tier_nb,64,70,16,0.005399999999999995
3tier_nb,64,70,32,0.005399999999999995
3tier_os2,64,70,2,0.008999999999999973
3tier_os2,64,70,4,0.006849999999999986
3tier_os2,64,70,8,0.005399999999999995
3tier_os2,64,70,16,0.005399999999999995
3tier_os2,64,70,32,0.005399999999999995
3tier_os4,64,70,2,0.01795
3tier_os4,64,70,4,0.010749999999999963
3tier_os4,64,70,8,0.0076499999999999815
3tier_os4,64,70,16,0.005949999999999992
3tier_os4,64,70,32,0.0054999999999999945
2tier,64,70,2,0.008999999999999973
2tier,64,70,4,0.006399999999999989
2tier,64,70,8,0.006049999999999991
2tier,64,70,16,0.005599999999999994
2tier,64,70,32,0.005449999999999995
3tier_nb,16,71,2,0.005399999999999995
3tier_nb,16,71,4,0.005399999999999995
3tier_nb,16,71,8,0.005399999999999995
3tier_nb,16,71,16,0.005399999999999995
3tier_nb,16,71,32,0.005399999999999995
3tier_os2,16,71,2,0.005399999999999995
3tier_os2,16,71,4,0.005399999999999995
3tier_os2,16,71,8,0.005399999999999995
3tier_os2,16,71,16,0.005399999999999995
3tier_os2,16,71,32,0.005399999999999995
3tier_os4,16,71,2,0.010749999999999963
3tier_os4,16,71,4,0.007099999999999985
3tier_os4,16,71,8,0.005649999999999994
3tier_os4,16,71,16,0.005399999999999995
3tier_os4,16,71,32,0.005399999999999995
2tier,16,71,2,0.007549999999999982
2tier,16,71,4,0.005399999999999995
2tier,16,71,8,0.005399999999999995
2tier,16,71,16,0.005399999999999995
2tier,16,71,32,0.005399999999999995
3tier_nb,64,71,2,0.007549999999999982
3tier_nb,64,71,4,0.006949999999999986
3tier_nb,64,71,8,0.005399999999999995
3tier_nb,64,71,16,0.005399999999999995
3tier_nb,64,71,32,0.005399999999999995
3tier_os2,64,71,2,0.010749999999999963
3tier_os2,64,71,4,0.006999999999999985
3tier_os2,64,71,8,0.005399999999999995
3tier_os2,64,71,16,0.005399999999999995
3tier_os2,64,71,32,0.005399999999999995
3tier_os4,64,71,2,0.021500000000000102
3tier_os4,64,71,4,0.009199999999999972
3tier_os4,64,71,8,0.006899999999999986
3tier_os4,64,71,16,0.005849999999999992
3tier_os4,64,71,32,0.005449999999999995
2tier,64,71,2,0.009199999999999972
2tier,64,71,4,0.006849999999999986
2tier,64,71,8,0.005699999999999993
2tier,64,71,16,0.005749999999999993
2tier,64,71,32,0.005449999999999995
3tier_nb,16,73,2,0.005399999999999995
3tier_nb,16,73,4,0.005399999999999995
3tier_nb,16,73,8,0.005399999999999995
3tier_nb,16,73,16,0.005399999999999995
3tier_nb,16,73,32,0.005399999999999995
3tier_os2,16,73,2,0.007199999999999984
3tier_os2,16,73,4,0.005399999999999995
3tier_os2,16,73,8,0.005399999999999995
3tier_os2,16,73,16,0.005399999999999995
3tier_os2,16,73,32,0.005399999999999995
3tier_os4,16,73,2,0.014349999999999941
3tier_os4,16,73,4,0.007199999999999984
3tier_os4,16,73,8,0.005849999999999992
3tier_os4,16,73,16,0.005399999999999995
3tier_os4,16,73,32,0.005399999999999995
2tier,16,73,2,0.006449999999999989
2tier,16,73,4,0.00624999999999999
2tier,16,73,8,0.005799999999999993
2tier,16,73,16,0.005399999999999995
2tier,16,73,32,0.005399999999999995
3tier_nb,64,73,2,0.00799999999999998
3tier_nb,64,73,4,0.005399999999999995
3tier_nb,64,73,8,0.005399999999999995
3tier_nb,64,73,16,0.005399999999999995
3tier_nb,64,73,32,0.005399999999999995
3tier_os2,64,73,2,0.014049999999999943
3tier_os2,64,73,4,0.006399999999999989
3tier_os2,64,73,8,0.005699999999999993
3tier_os2,64,73,16,0.005399999999999995
3tier_os2,64,73,32,0.005399999999999995
3tier_os4,64,73,2,0.026900000000000257
3tier_os4,64,73,4,0.00944999999999997
3tier_os4,64,73,8,0.007199999999999984
3tier_os4,64,73,16,0.00619999999999999
3tier_os4,64,73,32,0.005649999999999994
2tier,64,73,2,0.00944999999999997
2tier,64,73,4,0.007549999999999982
2tier,64,73,8,0.006549999999999988
2tier,64,73,16,0.005699999999999993
2tier,64,73,32,0.0054999999999999945
3tier_nb,16,77,2,0.005399999999999995
3tier_nb,16,77,4,0.005399999999999995
3tier_nb,16,77,8,0.005399999999999995
3tier_nb,16,77,16,0.005399999999999995
3tier_nb,16,77,32,0.005399999999999995
3tier_os2,16,77,2,0.010749999999999963
3tier_os2,16,77,4,0.005399999999999995
3tier_os2,16,77,8,0.005399999999999995
3tier_os2,16,77,16,0.005399999999999995
3tier_os2,16,77,32,0.005399999999999995
3tier_os4,16,77,2,0.021500000000000102
3tier_os4,16,77,4,0.007199999999999984
3tier_os4,16,77,8,0.005899999999999992
3tier_os4,16,77,16,0.005399999999999995
3tier_os4,16,77,32,0.005399999999999995
2tier,16,77,2,0.007549999999999982
2tier,16,77,4,0.005399999999999995
2tier,16,77,8,0.005399999999999995
2tier,16,77,16,0.005399999999999995
2tier,16,77,32,0.005399999999999995
3tier_nb,64,77,2,0.007549999999999982
3tier_nb,64,77,4,0.005399999999999995
3tier_nb,64,77,8,0.005399999999999995
3tier_nb,64,77,16,0.005399999999999995
3tier_nb,64,77,32,0.005399999999999995
3tier_os2,64,77,2,0.010749999999999963
3tier_os2,64,77,4,0.006399999999999989
3tier_os2,64,77,8,0.005399999999999995
3tier_os2,64,77,16,0.005399999999999995
3tier_os2,64,77,32,0.005399999999999995
3tier_os4,64,77,2,0.021500000000000102
3tier_os4,64,77,4,0.009349999999999971
3tier_os4,64,77,8,0.006849999999999986
3tier_os4,64,77,16,0.005899999999999992
3tier_os4,64,77,32,0.005549999999999994
2tier,64,77,2,0.009899999999999968
2tier,64,77,4,0.006999999999999985
2tier,64,77,8,0.00619999999999999
2tier,64,77,16,0.005899999999999992
2tier,64,77,32,0.005649999999999994
3tier_nb,16,72,2,0.005399999999999995
3tier_nb,16,72,4,0.005399999999999995
3tier_nb,16,72,8,0.005399999999999995
3tier_nb,16,72,16,0.005399999999999995
3tier_nb,16,72,32,0.005399999999999995
3tier_os2,16,72,2,0.005399999999999995
3tier_os2,16,72,4,0.005399999999999995
3tier_os2,16,72,8,0.005399999999999995
3tier_os2,16,72,16,0.005399999999999995
3tier_os2,16,72,32,0.005399999999999995
3tier_os4,16,72,2,0.010749999999999963
3tier_os4,16,72,4,0.007199999999999984
3tier_os4,16,72,8,0.005899999999999992
3tier_os4,16,72,16,0.005399999999999995
3tier_os4,16,72,32,0.005399999999999995
2tier,16,72,2,0.005399999999999995
2tier,16,72,4,0.005399999999999995
2tier,16,72,8,0.005399999999999995
2tier,16,72,16,0.005399999999999995
2tier,16,72,32,0.005399999999999995
3tier_nb,64,72,2,0.007549999999999982
3tier_nb,64,72,4,0.006349999999999989
3tier_nb,64,72,8,0.005399999999999995
3tier_nb,64,72,16,0.005399999999999995
3tier_nb,64,72,32,0.005399999999999995
3tier_os2,64,72,2,0.014349999999999941
3tier_os2,64,72,4,0.006449999999999989
3tier_os2,64,72,8,0.005399999999999995
3tier_os2,64,72,16,0.005399999999999995
3tier_os2,64,72,32,0.005399999999999995
3tier_os4,64,72,2,0.028650000000000307
3tier_os4,64,72,4,0.00954999999999997
3tier_os4,64,72,8,0.007249999999999984
3tier_os4,64,72,16,0.005949999999999992
3tier_os4,64,72,32,0.005449999999999995
2tier,64,72,2,0.00959999999999997
2tier,64,72,4,0.007499999999999982
2tier,64,72,8,0.005949999999999992
2tier,64,72,16,0.005649999999999994
2tier,64,72,32,0.005449999999999995
3tier_nb,16,76,2,0.005399999999999995
3tier_nb,16,76,4,0.005399999999999995
3tier_nb,16,76,8,0.005399999999999995
3tier_nb,16,76,16,0.005399999999999995
3tier_nb,16,76,32,0.005399999999999995
3tier_os2,16,76,2,0.007199999999999984
3tier_os2,16,76,4,0.006399999999999989
3tier_os2,16,76,8,0.005399999999999995
3tier_os2,16,76,16,0.005399999999999995
3tier_os2,16,76,32,0.005399999999999995
3tier_os4,16,76,2,0.014349999999999941
3tier_os4,16,76,4,0.009349999999999971
3tier_os4,16,76,8,0.005849999999999992
3tier_os4,16,76,16,0.005399999999999995
3tier_os4,16,76,32,0.005399999999999995
2tier,16,76,2,0.005399999999999995
2tier,16,76,4,0.005399999999999995
2tier,16,76,8,0.005399999999999995
2tier,16,76,16,0.005399999999999995
2tier,16,76,32,0.005399999999999995
3tier_nb,64,76,2,0.007549999999999982
3tier_nb,64,76,4,0.005399999999999995
3tier_nb,64,76,8,0.005399999999999995
3tier_nb,64,76,16,0.005399999999999995
3tier_nb,64,76,32,0.005399999999999995
3tier_os2,64,76,2,0.009199999999999972
3tier_os2,64,76,4,0.006399999999999989
3tier_os2,64,76,8,0.005399999999999995
3tier_os2,64,76,16,0.005399999999999995
3tier_os2,64,76,32,0.005399999999999995
3tier_os4,64,76,2,0.01795
3tier_os4,64,76,4,0.010199999999999966
3tier_os4,64,76,8,0.007449999999999983
3tier_os4,64,76,16,0.005749999999999993
3tier_os4,64,76,32,0.005399999999999995
2tier,64,76,2,0.010449999999999965
2tier,64,76,4,0.008499999999999976
2tier,64,76,8,0.007299999999999984
2tier,64,76,16,0.00619999999999999
2tier,64,76,32,0.005649999999999994
3tier_nb,16,81,2,0.005399999999999995
3tier_nb,16,81,4,0.005399999999999995
3tier_nb,16,81,8,0.005399999999999995
3tier_nb,16,81,16,0.005399999999999995
3tier_nb,16,81,32,0.005399999999999995
3tier_os2,16,81,2,0.007199999999999984
3tier_os2,16,81,4,0.005399999999999995
3tier_os2,16,81,8,0.005399999999999995
3tier_os2,16,81,16,0.005399999999999995
3tier_os2,16,81,32,0.005399999999999995
3tier_os4,16,81,2,0.014349999999999941
3tier_os4,16,81,4,0.008199999999999978
3tier_os4,16,81,8,0.005399999999999995
3tier_os4,16,81,16,0.005399999999999995
3tier_os4,16,81,32,0.005399999999999995
2tier,16,81,2,0.007549999999999982
2tier,16,81,4,0.005399999999999995
2tier,16,81,8,0.005399999999999995
2tier,16,81,16,0.005399999999999995
2tier,16,81,32,0.005399999999999995
3tier_nb,64,81,2,0.010749999999999963
3tier_nb,64,81,4,0.0059999999999999915
3tier_nb,64,81,8,0.005399999999999995
3tier_nb,64,81,16,0.005399999999999995
3tier_nb,64,81,32,0.005399999999999995
3tier_os2,64,81,2,0.010749999999999963
3tier_os2,64,81,4,0.006449999999999989
3tier_os2,64,81,8,0.005699999999999993
3tier_os2,64,81,16,0.005399999999999995
3tier_os2,64,81,32,0.005399999999999995
3tier_os4,64,81,2,0.021500000000000102
3tier_os4,64,81,4,0.008799999999999975
3tier_os4,64,81,8,0.007349999999999983
3tier_os4,64,81,16,0.005949999999999992
3tier_os4,64,81,32,0.005599999999999994
2tier,64,81,2,0.008999999999999973
2tier,64,81,4,0.00624999999999999
2tier,64,81,8,0.0061499999999999905
2tier,64,81,16,0.005749999999999993
2tier,64,81,32,0.005399999999999995
3tier_nb,16,84,2,0.007549999999999982
3tier_nb,16,84,4,0.005399999999999995
3tier_nb,16,84,8,0.005399999999999995
3tier_nb,16,84,16,0.005399999999999995
3tier_nb,16,84,32,0.005399999999999995
3tier_os2,16,84,2,0.013449999999999946
3tier_os2,16,84,4,0.006399999999999989
3tier_os2,16,84,8,0.005399999999999995
3tier_os2,16,84,16,0.005399999999999995
3tier_os2,16,84,32,0.005399999999999995
3tier_os4,16,84,2,0.026900000000000257
3tier_os4,16,84,4,0.008199999999999978
3tier_os4,16,84,8,0.005899999999999992
3tier_os4,16,84,16,0.005399999999999995
3tier_os4,16,84,32,0.005399999999999995
2tier,16,84,2,0.005399999999999995
2tier,16,84,4,0.005399999999999995
2tier,16,84,8,0.005399999999999995
2tier,16,84,16,0.005399999999999995
2tier,16,84,32,0.005399999999999995
3tier_nb,64,84,2,0.007549999999999982
3tier_nb,64,84,4,0.005399999999999995
3tier_nb,64,84,8,0.005399999999999995
3tier_nb,64,84,16,0.005399999999999995
3tier_nb,64,84,32,0.005399999999999995
3tier_os2,64,84,2,0.013449999999999946
3tier_os2,64,84,4,0.006949999999999986
3tier_os2,64,84,8,0.005549999999999994
3tier_os2,64,84,16,0.005399999999999995
3tier_os2,64,84,32,0.005399999999999995
3tier_os4,64,84,2,0.026900000000000257
3tier_os4,64,84,4,0.009899999999999968
3tier_os4,64,84,8,0.006899999999999986
3tier_os4,64,84,16,0.006049999999999991
3tier_os4,64,84,32,0.0054999999999999945
2tier,64,84,2,0.012299999999999953
2tier,64,84,4,0.007599999999999982
2tier,64,84,8,0.006549999999999988
2tier,64,84,16,0.006399999999999989
2tier,64,84,32,0.005649999999999994
3tier_nb,16,80,2,0.005399999999999995
3tier_nb,16,80,4,0.005399999999999995
3tier_nb,16,80,8,0.005399999999999995
3tier_nb,16,80,16,0.005399999999999995
3tier_nb,16,80,32,0.005399999999999995
3tier_os2,16,80,2,0.007199999999999984
3tier_os2,16,80,4,0.005399999999999995
3tier_os2,16,80,8,0.005399999999999995
3tier_os2,16,80,16,0.005399999999999995
3tier_os2,16,80,32,0.005399999999999995
3tier_os4,16,80,2,0.014349999999999941
3tier_os4,16,80,4,0.007199999999999984
3tier_os4,16,80,8,0.0061499999999999905
3tier_os4,16,80,16,0.005399999999999995
3tier_os4,16,80,32,0.005399999999999995
2tier,16,80,2,0.005399999999999995
2tier,16,80,4,0.005399999999999995
2tier,16,80,8,0.005399999999999995
2tier,16,80,16,0.005399999999999995
2tier,16,80,32,0.005399999999999995
3tier_nb,64,80,2,0.006449999999999989
3tier_nb,64,80,4,0.005399999999999995
3tier_nb,64,80,8,0.005399999999999995
3tier_nb,64,80,16,0.005399999999999995
3tier_nb,64,80,32,0.005399999999999995
3tier_os2,64,80,2,0.008999999999999973
3tier_os2,64,80,4,0.005899999999999992
3tier_os2,64,80,8,0.005399999999999995
3tier_os2,64,80,16,0.005399999999999995
3tier_os2,64,80,32,0.005399999999999995
3tier_os4,64,80,2,0.01795
3tier_os4,64,80,4,0.009399999999999971
3tier_os4,64,80,8,0.006449999999999989
3tier_os4,64,80,16,0.005749999999999993
3tier_os4,64,80,32,0.005399999999999995
2tier,64,80,2,0.009999999999999967
2tier,64,80,4,0.006599999999999988
2tier,64,80,8,0.005949999999999992
2tier,64,80,16,0.005399999999999995
2tier,64,80,32,0.005399999999999995
3tier_nb,16,85,2,0.005399999999999995
3tier_nb,16,85,4,0.005399999999999995
3tier_nb,16,85,8,0.005399999999999995
3tier_nb,16,85,16,0.005399999999999995
3tier_nb,16,85,32,0.005399999999999995
3tier_os2,16,85,2,0.005399999999999995
3tier_os2,16,85,4,0.005399999999999995
3tier_os2,16,85,8,0.005399999999999995
3tier_os2,16,85,16,0.005399999999999995
3tier_os2,16,85,32,0.005399999999999995
3tier_os4,16,85,2,0.010749999999999963
3tier_os4,16,85,4,0.007199999999999984
3tier_os4,16,85,8,0.005399999999999995
3tier_os4,16,85,16,0.005399999999999995
3tier_os4,16,85,32,0.005399999999999995
2tier,16,85,2,0.007549999999999982
2tier,16,85,4,0.005399999999999995
2tier,16,85,8,0.005399999999999995
2tier,16,85,16,0.005399999999999995
2tier,16,85,32,0.005399999999999995
3tier_nb,64,85,2,0.007549999999999982
3tier_nb,64,85,4,0.005399999999999995
3tier_nb,64,85,8,0.005399999999999995
3tier_nb,64,85,16,0.005399999999999995
3tier_nb,64,85,32,0.005399999999999995
3tier_os2,64,85,2,0.010499999999999964
3tier_os2,64,85,4,0.006949999999999986
3tier_os2,64,85,8,0.005399999999999995
3tier_os2,64,85,16,0.005399999999999995
3tier_os2,64,85,32,0.005399999999999995
3tier_os4,64,85,2,0.019750000000000052
3tier_os4,64,85,4,0.00949999999999997
3tier_os4,64,85,8,0.006699999999999987
3tier_os4,64,85,16,0.0059999999999999915
3tier_os4,64,85,32,0.005649999999999994
2tier,64,85,2,0.01114999999999996
2tier,64,85,4,0.007399999999999983
2tier,64,85,8,0.006549999999999988
2tier,64,85,16,0.005899999999999992
2tier,64,85,32,0.005799999999999993
3tier_nb,16,83,2,0.005399999999999995
3tier_nb,16,83,4,0.005399999999999995
3tier_nb,16,83,8,0.005399999999999995
3tier_nb,16,83,16,0.005399999999999995
3tier_nb,16,83,32,0.005399999999999995
3tier_os2,16,83,2,0.010749999999999963
3tier_os2,16,83,4,0.005399999999999995
3tier_os2,16,83,8,0.005399999999999995
3tier_os2,16,83,16,0.005399999999999995
3tier_os2,16,83,32,0.005399999999999995
3tier_os4,16,83,2,0.021500000000000102
3tier_os4,16,83,4,0.008149999999999978
3tier_os4,16,83,8,0.0061499999999999905
3tier_os4,16,83,16,0.005649999999999994
3tier_os4,16,83,32,0.005399999999999995
2tier,16,83,2,0.005399999999999995
2tier,16,83,4,0.005399999999999995
2tier,16,83,8,0.005399999999999995
2tier,16,83,16,0.005399999999999995
2tier,16,83,32,0.005399999999999995
3tier_nb,64,83,2,0.007549999999999982
3tier_nb,64,83,4,0.005399999999999995
3tier_nb,64,83,8,0.005399999999999995
3tier_nb,64,83,16,0.005399999999999995
3tier_nb,64,83,32,0.005399999999999995
3tier_os2,64,83,2,0.010749999999999963
3tier_os2,64,83,4,0.006399999999999989
3tier_os2,64,83,8,0.005399999999999995
3tier_os2,64,83,16,0.005399999999999995
3tier_os2,64,83,32,0.005399999999999995
3tier_os4,64,83,2,0.021500000000000102
3tier_os4,64,83,4,0.010049999999999967
3tier_os4,64,83,8,0.007349999999999983
3tier_os4,64,83,16,0.005749999999999993
3tier_os4,64,83,32,0.005449999999999995
2tier,64,83,2,0.012299999999999953
2tier,64,83,4,0.008099999999999979
2tier,64,83,8,0.006449999999999989
2tier,64,83,16,0.005849999999999992
2tier,64,83,32,0.005399999999999995
3tier_nb,16,82,2,0.005399999999999995
3tier_nb,16,82,4,0.005399999999999995
3tier_nb,16,82,8,0.005399999999999995
3tier_nb,16,82,16,0.005399999999999995
3tier_nb,16,82,32,0.005399999999999995
3tier_os2,16,82,2,0.007199999999999984
3tier_os2,16,82,4,0.005399999999999995
3tier_os2,16,82,8,0.005399999999999995
3tier_os2,16,82,16,0.005399999999999995
3tier_os2,16,82,32,0.005399999999999995
3tier_os4,16,82,2,0.014349999999999941
3tier_os4,16,82,4,0.0061499999999999905
3tier_os4,16,82,8,0.0061499999999999905
3tier_os4,16,82,16,0.005399999999999995
3tier_os4,16,82,32,0.005399999999999995
2tier,16,82,2,0.005399999999999995
2tier,16,82,4,0.005399999999999995
2tier,16,82,8,0.005399999999999995
2tier,16,82,16,0.005399999999999995
2tier,16,82,32,0.005399999999999995
3tier_nb,64,82,2,0.007549999999999982
3tier_nb,64,82,4,0.005399999999999995
3tier_nb,64,82,8,0.005399999999999995
3tier_nb,64,82,16,0.005399999999999995
3tier_nb,64,82,32,0.005399999999999995
3tier_os2,64,82,2,0.010749999999999963
3tier_os2,64,82,4,0.006399999999999989
3tier_os2,64,82,8,0.005399999999999995
3tier_os2,64,82,16,0.005399999999999995
3tier_os2,64,82,32,0.005399999999999995
3tier_os4,64,82,2,0.021500000000000102
3tier_os4,64,82,4,0.009249999999999972
3tier_os4,64,82,8,0.007549999999999982
3tier_os4,64,82,16,0.0059999999999999915
3tier_os4,64,82,32,0.005449999999999995
2tier,64,82,2,0.010899999999999962
2tier,64,82,4,0.0071499999999999845
2tier,64,82,8,0.006599999999999988
2tier,64,82,16,0.005649999999999994
2tier,64,82,32,0.005399999999999995
3tier_nb,16,88,2,0.005399999999999995
3tier_nb,16,88,4,0.005399999999999995
3tier_nb,16,88,8,0.005399999999999995
3tier_nb,16,88,16,0.005399999999999995
3tier_nb,16,88,32,0.005399999999999995
3tier_os2,16,88,2,0.005399999999999995
3tier_os2,16,88,4,0.005399999999999995
3tier_os2,16,88,8,0.005399999999999995
3tier_os2,16,88,16,0.005399999999999995
3tier_os2,16,88,32,0.005399999999999995
3tier_os4,16,88,2,0.010749999999999963
3tier_os4,16,88,4,0.007199999999999984
3tier_os4,16,88,8,0.005849999999999992
3tier_os4,16,88,16,0.005399999999999995
3tier_os4,16,88,32,0.005399999999999995
2tier,16,88,2,0.005399999999999995
2tier,16,88,4,0.005399999999999995
2tier,16,88,8,0.005399999999999995
2tier,16,88,16,0.005399999999999995
2tier,16,88,32,0.005399999999999995
3tier_nb,64,88,2,0.007549999999999982
3tier_nb,64,88,4,0.006349999999999989
3tier_nb,64,88,8,0.005399999999999995
3tier_nb,64,88,16,0.005399999999999995
3tier_nb,64,88,32,0.005399999999999995
3tier_os2,64,88,2,0.013449999999999946
3tier_os2,64,88,4,0.006399999999999989
3tier_os2,64,88,8,0.005399999999999995
3tier_os2,64,88,16,0.005399999999999995
3tier_os2,64,88,32,0.005399999999999995
3tier_os4,64,88,2,0.026900000000000257
3tier_os4,64,88,4,0.008649999999999975
3tier_os4,64,88,8,0.007099999999999985
3tier_os4,64,88,16,0.005749999999999993
3tier_os4,64,88,32,0.005399999999999995
2tier,64,88,2,0.008999999999999973
2tier,64,88,4,0.007349999999999983
2tier,64,88,8,0.006849999999999986
2tier,64,88,16,0.005649999999999994
2tier,64,88,32,0.005599999999999994
3tier_nb,16,87,2,0.005399999999999995
3tier_nb,16,87,4,0.005399999999999995
3tier_nb,16,87,8,0.005399999999999995
3tier_nb,16,87,16,0.005399999999999995
3tier_nb,16,87,32,0.005399999999999995
3tier_os2,16,87,2,0.007199999999999984
3tier_os2,16,87,4,0.005399999999999995
3tier_os2,16,87,8,0.005399999999999995
3tier_os2,16,87,16,0.005399999999999995
3tier_os2,16,87,32,0.005399999999999995
3tier_os4,16,87,2,0.014349999999999941
3tier_os4,16,87,4,0.0061499999999999905
3tier_os4,16,87,8,0.005399999999999995
3tier_os4,16,87,16,0.005399999999999995
3tier_os4,16,87,32,0.005399999999999995
2tier,16,87,2,0.005399999999999995
2tier,16,87,4,0.005399999999999995
2tier,16,87,8,0.005399999999999995
2tier,16,87,16,0.005399999999999995
2tier,16,87,32,0.005399999999999995
3tier_nb,64,87,2,0.007549999999999982
3tier_nb,64,87,4,0.00629999999999999
3tier_nb,64,87,8,0.005399999999999995
3tier_nb,64,87,16,0.005399999999999995
3tier_nb,64,87,32,0.005399999999999995
3tier_os2,64,87,2,0.010749999999999963
3tier_os2,64,87,4,0.006549999999999988
3tier_os2,64,87,8,0.005399999999999995
3tier_os2,64,87,16,0.005399999999999995
3tier_os2,64,87,32,0.005399999999999995
3tier_os4,64,87,2,0.021500000000000102
3tier_os4,64,87,4,0.012299999999999953
3tier_os4,64,87,8,0.006999999999999985
3tier_os4,64,87,16,0.005799999999999993
3tier_os4,64,87,32,0.005549999999999994
2tier,64,87,2,0.011349999999999959
2tier,64,87,4,0.008399999999999977
2tier,64,87,8,0.006099999999999991
2tier,64,87,16,0.005649999999999994
2tier,64,87,32,0.005599999999999994
3tier_nb,16,89,2,0.005399999999999995
3tier_nb,16,89,4,0.005399999999999995
3tier_nb,16,89,8,0.005399999999999995
3tier_nb,16,89,16,0.005399999999999995
3tier_nb,16,89,32,0.005399999999999995
3tier_os2,16,89,2,0.010749999999999963
3tier_os2,16,89,4,0.005399999999999995
3tier_os2,16,89,8,0.005399999999999995
3tier_os2,16,89,16,0.005399999999999995
3tier_os2,16,89,32,0.005399999999999995
3tier_os4,16,89,2,0.021500000000000102
3tier_os4,16,89,4,0.007199999999999984
3tier_os4,16,89,8,0.005399999999999995
3tier_os4,16,89,16,0.005399999999999995
3tier_os4,16,89,32,0.005399999999999995
2tier,16,89,2,0.005399999999999995
2tier,16,89,4,0.005399999999999995
2tier,16,89,8,0.005399999999999995
2tier,16,89,16,0.005399999999999995
2tier,16,89,32,0.005399999999999995
3tier_nb,64,89,2,0.007549999999999982
3tier_nb,64,89,4,0.005399999999999995
3tier_nb,64,89,8,0.005399999999999995
3tier_nb,64,89,16,0.005399999999999995
3tier_nb,64,89,32,0.005399999999999995
3tier_os2,64,89,2,0.013449999999999946
3tier_os2,64,89,4,0.006399999999999989
3tier_os2,64,89,8,0.005399999999999995
3tier_os2,64,89,16,0.005399999999999995
3tier_os2,64,89,32,0.005399999999999995
3tier_os4,64,89,2,0.026900000000000257
3tier_os4,64,89,4,0.009749999999999969
3tier_os4,64,89,8,0.006699999999999987
3tier_os4,64,89,16,0.005849999999999992
3tier_os4,64,89,32,0.005399999999999995
2tier,64,89,2,0.010749999999999963
2tier,64,89,4,0.008999999999999973
2tier,64,89,8,0.007099999999999985
2tier,64,89,16,0.0059999999999999915
2tier,64,89,32,0.0054999999999999945
3tier_nb,16,86,2,0.005399999999999995
3tier_nb,16,86,4,0.005399999999999995
3tier_nb,16,86,8,0.005399999999999995
3tier_nb,16,86,16,0.005399999999999995
3tier_nb,16,86,32,0.005399999999999995
3tier_os2,16,86,2,0.005399999999999995
3tier_os2,16,86,4,0.005399999999999995
3tier_os2,16,86,8,0.005399999999999995
3tier_os2,16,86,16,0.005399999999999995
3tier_os2,16,86,32,0.005399999999999995
3tier_os4,16,86,2,0.010749999999999963
3tier_os4,16,86,4,0.008199999999999978
3tier_os4,16,86,8,0.005899999999999992
3tier_os4,16,86,16,0.005399999999999995
3tier_os4,16,86,32,0.005399999999999995
2tier,16,86,2,0.007549999999999982
2tier,16,86,4,0.005399999999999995
2tier,16,86,8,0.005399999999999995
2tier,16,86,16,0.005399999999999995
2tier,16,86,32,0.005399999999999995
3tier_nb,64,86,2,0.007549999999999982
3tier_nb,64,86,4,0.006549999999999988
3tier_nb,64,86,8,0.005399999999999995
3tier_nb,64,86,16,0.005399999999999995
3tier_nb,64,86,32,0.005399999999999995
3tier_os2,64,86,2,0.00959999999999997
3tier_os2,64,86,4,0.0066499999999999875
3tier_os2,64,86,8,0.005399999999999995
3tier_os2,64,86,16,0.005399999999999995
3tier_os2,64,86,32,0.005399999999999995
3tier_os4,64,86,2,0.01795
3tier_os4,64,86,4,0.009749999999999969
3tier_os4,64,86,8,0.006949999999999986
3tier_os4,64,86,16,0.005899999999999992
3tier_os4,64,86,32,0.005449999999999995
2tier,64,86,2,0.009699999999999969
2tier,64,86,4,0.006949999999999986
2tier,64,86,8,0.006399999999999989
2tier,64,86,16,0.005599999999999994
2tier,64,86,32,0.005449999999999995
3tier_nb,16,90,2,0.005399999999999995
3tier_nb,16,90,4,0.005399999999999995
3tier_nb,16,90,8,0.005399999999999995
3tier_nb,16,90,16,0.005399999999999995
3tier_nb,16,90,32,0.005399999999999995
3tier_os2,16,90,2,0.005399999999999995
3tier_os2,16,90,4,0.005399999999999995
3tier_os2,16,90,8,0.005399999999999995
3tier_os2,16,90,16,0.005399999999999995
3tier_os2,16,90,32,0.005399999999999995
3tier_os4,16,90,2,0.010749999999999963
3tier_os4,16,90,4,0.0061499999999999905
3tier_os4,16,90,8,0.005849999999999992
3tier_os4,16,90,16,0.005399999999999995
3tier_os4,16,90,32,0.005399999999999995
2tier,16,90,2,0.006449999999999989
2tier,16,90,4,0.005399999999999995
2tier,16,90,8,0.005399999999999995
2tier,16,90,16,0.005399999999999995
2tier,16,90,32,0.005399999999999995
3tier_nb,64,90,2,0.005399999999999995
3tier_nb,64,90,4,0.006349999999999989
3tier_nb,64,90,8,0.005399999999999995
3tier_nb,64,90,16,0.005399999999999995
3tier_nb,64,90,32,0.005399999999999995
3tier_os2,64,90,2,0.010749999999999963
3tier_os2,64,90,4,0.008899999999999974
3tier_os2,64,90,8,0.005399999999999995
3tier_os2,64,90,16,0.005399999999999995
3tier_os2,64,90,32,0.005399999999999995
3tier_os4,64,90,2,0.021500000000000102
3tier_os4,64,90,4,0.014949999999999937
3tier_os4,64,90,8,0.007199999999999984
3tier_os4,64,90,16,0.005899999999999992
3tier_os4,64,90,32,0.0054999999999999945
2tier,64,90,2,0.010749999999999963
2tier,64,90,4,0.0076499999999999815
2tier,64,90,8,0.00619999999999999
2tier,64,90,16,0.0054999999999999945
2tier,64,90,32,0.005449999999999995
3tier_nb,16,91,2,0.005399999999999995
3tier_nb,16,91,4,0.005399999999999995
3tier_nb,16,91,8,0.005399999999999995
3tier_nb,16,91,16,0.005399999999999995
3tier_nb,16,91,32,0.005399999999999995
3tier_os2,16,91,2,0.010749999999999963
3tier_os2,16,91,4,0.005399999999999995
3tier_os2,16,91,8,0.005399999999999995
3tier_os2,16,91,16,0.005399999999999995
3tier_os2,16,91,32,0.005399999999999995
3tier_os4,16,91,2,0.021500000000000102
3tier_os4,16,91,4,0.007199999999999984
3tier_os4,16,91,8,0.0061499999999999905
3tier_os4,16,91,16,0.005399999999999995
3tier_os4,16,91,32,0.005399999999999995
2tier,16,91,2,0.005399999999999995
2tier,16,91,4,0.005399999999999995
2tier,16,91,8,0.005399999999999995
2tier,16,91,16,0.005399999999999995
2tier,16,91,32,0.005399999999999995
3tier_nb,64,91,2,0.007549999999999982
3tier_nb,64,91,4,0.0059999999999999915
3tier_nb,64,91,8,0.005699999999999993
3tier_nb,64,91,16,0.005399999999999995
3tier_nb,64,91,32,0.005399999999999995
3tier_os2,64,91,2,0.010749999999999963
3tier_os2,64,91,4,0.006399999999999989
3tier_os2,64,91,8,0.005849999999999992
3tier_os2,64,91,16,0.005399999999999995
3tier_os2,64,91,32,0.005399999999999995
3tier_os4,64,91,2,0.021500000000000102
3tier_os4,64,91,4,0.010899999999999962
3tier_os4,64,91,8,0.007049999999999985
3tier_os4,64,91,16,0.005749999999999993
3tier_os4,64,91,32,0.0054999999999999945
2tier,64,91,2,0.00944999999999997
2tier,64,91,4,0.008199999999999978
2tier,64,91,8,0.0059999999999999915
2tier,64,91,16,0.005649999999999994
2tier,64,91,32,0.005449999999999995
3tier_nb,16,92,2,0.005399999999999995
3tier_nb,16,92,4,0.005399999999999995
3tier_nb,16,92,8,0.005399999999999995
3tier_nb,16,92,16,0.005399999999999995
3tier_nb,16,92,32,0.005399999999999995
3tier_os2,16,92,2,0.010749999999999963
3tier_os2,16,92,4,0.006399999999999989
3tier_os2,16,92,8,0.005399999999999995
3tier_os2,16,92,16,0.005399999999999995
3tier_os2,16,92,32,0.005399999999999995
3tier_os4,16,92,2,0.021500000000000102
3tier_os4,16,92,4,0.00789999999999998
3tier_os4,16,92,8,0.005849999999999992
3tier_os4,16,92,16,0.005399999999999995
3tier_os4,16,92,32,0.005399999999999995
2tier,16,92,2,0.007549999999999982
2tier,16,92,4,0.005399999999999995
2tier,16,92,8,0.005399999999999995
2tier,16,92,16,0.005399999999999995
2tier,16,92,32,0.005399999999999995
3tier_nb,64,92,2,0.007549999999999982
3tier_nb,64,92,4,0.005399999999999995
3tier_nb,64,92,8,0.005399999999999995
3tier_nb,64,92,16,0.005399999999999995
3tier_nb,64,92,32,0.005399999999999995
3tier_os2,64,92,2,0.010749999999999963
3tier_os2,64,92,4,0.006399999999999989
3tier_os2,64,92,8,0.005399999999999995
3tier_os2,64,92,16,0.005399999999999995
3tier_os2,64,92,32,0.005399999999999995
3tier_os4,64,92,2,0.021500000000000102
3tier_os4,64,92,4,0.00959999999999997
3tier_os4,64,92,8,0.007049999999999985
3tier_os4,64,92,16,0.005699999999999993
3tier_os4,64,92,32,0.005549999999999994
2tier,64,92,2,0.008299999999999978
2tier,64,92,4,0.008349999999999977
2tier,64,92,8,0.006049999999999991
2tier,64,92,16,0.005699999999999993
2tier,64,92,32,0.0054999999999999945
3tier_nb,16,93,2,0.005399999999999995
3tier_nb,16,93,4,0.005399999999999995
3tier_nb,16,93,8,0.005399999999999995
3tier_nb,16,93,16,0.005399999999999995
3tier_nb,16,93,32,0.005399999999999995
3tier_os2,16,93,2,0.010749999999999963
3tier_os2,16,93,4,0.007199999999999984
3tier_os2,16,93,8,0.005399999999999995
3tier_os2,16,93,16,0.005399999999999995
3tier_os2,16,93,32,0.005399999999999995
3tier_os4,16,93,2,0.021500000000000102
3tier_os4,16,93,4,0.010749999999999963
3tier_os4,16,93,8,0.0061499999999999905
3tier_os4,16,93,16,0.005399999999999995
3tier_os4,16,93,32,0.005399999999999995
2tier,16,93,2,0.005399999999999995
2tier,16,93,4,0.005399999999999995
2tier,16,93,8,0.005399999999999995
2tier,16,93,16,0.005399999999999995
2tier,16,93,32,0.005399999999999995
3tier_nb,64,93,2,0.007549999999999982
3tier_nb,64,93,4,0.005399999999999995
3tier_nb,64,93,8,0.005399999999999995
3tier_nb,64,93,16,0.005399999999999995
3tier_nb,64,93,32,0.005399999999999995
3tier_os2,64,93,2,0.013449999999999946
3tier_os2,64,93,4,0.007199999999999984
3tier_os2,64,93,8,0.005399999999999995
3tier_os2,64,93,16,0.005399999999999995
3tier_os2,64,93,32,0.005399999999999995
3tier_os4,64,93,2,0.026900000000000257
3tier_os4,64,93,4,0.010749999999999963
3tier_os4,64,93,8,0.006999999999999985
3tier_os4,64,93,16,0.005749999999999993
3tier_os4,64,93,32,0.005449999999999995
2tier,64,93,2,0.008999999999999973
2tier,64,93,4,0.007099999999999985
2tier,64,93,8,0.006349999999999989
2tier,64,93,16,0.005899999999999992
2tier,64,93,32,0.005549999999999994
3tier_nb,16,94,2,0.005399999999999995
3tier_nb,16,94,4,0.005399999999999995
3tier_nb,16,94,8,0.005399999999999995
3tier_nb,16,94,16,0.005399999999999995
3tier_nb,16,94,32,0.005399999999999995
3tier_os2,16,94,2,0.010749999999999963
3tier_os2,16,94,4,0.005399999999999995
3tier_os2,16,94,8,0.005399999999999995
3tier_os2,16,94,16,0.005399999999999995
3tier_os2,16,94,32,0.005399999999999995
3tier_os4,16,94,2,0.021500000000000102
3tier_os4,16,94,4,0.008199999999999978
3tier_os4,16,94,8,0.005849999999999992
3tier_os4,16,94,16,0.005399999999999995
3tier_os4,16,94,32,0.005399999999999995
2tier,16,94,2,0.008999999999999973
2tier,16,94,4,0.005399999999999995
2tier,16,94,8,0.005399999999999995
2tier,16,94,16,0.005399999999999995
2tier,16,94,32,0.005399999999999995
3tier_nb,64,94,2,0.007549999999999982
3tier_nb,64,94,4,0.005399999999999995
3tier_nb,64,94,8,0.005399999999999995
3tier_nb,64,94,16,0.005399999999999995
3tier_nb,64,94,32,0.005399999999999995
3tier_os2,64,94,2,0.010749999999999963
3tier_os2,64,94,4,0.006399999999999989
3tier_os2,64,94,8,0.005699999999999993
3tier_os2,64,94,16,0.005399999999999995
3tier_os2,64,94,32,0.005399999999999995
3tier_os4,64,94,2,0.021500000000000102
3tier_os4,64,94,4,0.009199999999999972
3tier_os4,64,94,8,0.0071499999999999845
3tier_os4,64,94,16,0.005749999999999993
3tier_os4,64,94,32,0.005449999999999995
2tier,64,94,2,0.009999999999999967
2tier,64,94,4,0.006949999999999986
2tier,64,94,8,0.006049999999999991
2tier,64,94,16,0.005649999999999994
2tier,64,94,32,0.005399999999999995
3tier_nb,16,95,2,0.005399999999999995
3tier_nb,16,95,4,0.005399999999999995
3tier_nb,16,95,8,0.005399999999999995
3tier_nb,16,95,16,0.005399999999999995
3tier_nb,16,95,32,0.005399999999999995
3tier_os2,16,95,2,0.005399999999999995
3tier_os2,16,95,4,0.005399999999999995
3tier_os2,16,95,8,0.005399999999999995
3tier_os2,16,95,16,0.005399999999999995
3tier_os2,16,95,32,0.005399999999999995
3tier_os4,16,95,2,0.010749999999999963
3tier_os4,16,95,4,0.007199999999999984
3tier_os4,16,95,8,0.005899999999999992
3tier_os4,16,95,16,0.005399999999999995
3tier_os4,16,95,32,0.005399999999999995
2tier,16,95,2,0.007549999999999982
2tier,16,95,4,0.006349999999999989
2tier,16,95,8,0.005399999999999995
2tier,16,95,16,0.005399999999999995
2tier,16,95,32,0.005399999999999995
3tier_nb,64,95,2,0.007549999999999982
3tier_nb,64,95,4,0.005399999999999995
3tier_nb,64,95,8,0.005399999999999995
3tier_nb,64,95,16,0.005399999999999995
3tier_nb,64,95,32,0.005399999999999995
3tier_os2,64,95,2,0.010749999999999963
3tier_os2,64,95,4,0.007199999999999984
3tier_os2,64,95,8,0.005399999999999995
3tier_os2,64,95,16,0.005399999999999995
3tier_os2,64,95,32,0.005399999999999995
3tier_os4,64,95,2,0.021500000000000102
3tier_os4,64,95,4,0.010849999999999962
3tier_os4,64,95,8,0.007099999999999985
3tier_os4,64,95,16,0.005749999999999993
3tier_os4,64,95,32,0.005399999999999995
2tier,64,95,2,0.009799999999999968
2tier,64,95,4,0.007249999999999984
2tier,64,95,8,0.00619999999999999
2tier,64,95,16,0.0054999999999999945
2tier,64,95,32,0.005399999999999995
3tier_nb,16,96,2,0.007549999999999982
3tier_nb,16,96,4,0.005399999999999995
3tier_nb,16,96,8,0.005399999999999995
3tier_nb,16,96,16,0.005399999999999995
3tier_nb,16,96,32,0.005399999999999995
3tier_os2,16,96,2,0.007549999999999982
3tier_os2,16,96,4,0.005399999999999995
3tier_os2,16,96,8,0.005399999999999995
3tier_os2,16,96,16,0.005399999999999995
3tier_os2,16,96,32,0.005399999999999995
3tier_os4,16,96,2,0.010749999999999963
3tier_os4,16,96,4,0.005399999999999995
3tier_os4,16,96,8,0.005849999999999992
3tier_os4,16,96,16,0.005599999999999994
3tier_os4,16,96,32,0.005399999999999995
2tier,16,96,2,0.005399999999999995
2tier,16,96,4,0.005399999999999995
2tier,16,96,8,0.005399999999999995
2tier,16,96,16,0.005399999999999995
2tier,16,96,32,0.005399999999999995
3tier_nb,64,96,2,0.008999999999999973
3tier_nb,64,96,4,0.006349999999999989
3tier_nb,64,96,8,0.005399999999999995
3tier_nb,64,96,16,0.005399999999999995
3tier_nb,64,96,32,0.005399999999999995
3tier_os2,64,96,2,0.010049999999999967
3tier_os2,64,96,4,0.006449999999999989
3tier_os2,64,96,8,0.005399999999999995
3tier_os2,64,96,16,0.005399999999999995
3tier_os2,64,96,32,0.005399999999999995
3tier_os4,64,96,2,0.019100000000000034
3tier_os4,64,96,4,0.009299999999999971
3tier_os4,64,96,8,0.006399999999999989
3tier_os4,64,96,16,0.005849999999999992
3tier_os4,64,96,32,0.005449999999999995
2tier,64,96,2,0.008999999999999973
2tier,64,96,4,0.008199999999999978
2tier,64,96,8,0.0066499999999999875
2tier,64,96,16,0.005549999999999994
2tier,64,96,32,0.005399999999999995
3tier_nb,16,97,2,0.005399999999999995
3tier_nb,16,97,4,0.005399999999999995
3tier_nb,16,97,8,0.005399999999999995
3tier_nb,16,97,16,0.005399999999999995
3tier_nb,16,97,32,0.005399999999999995
3tier_os2,16,97,2,0.005399999999999995
3tier_os2,16,97,4,0.007199999999999984
3tier_os2,16,97,8,0.005399999999999995
3tier_os2,16,97,16,0.005399999999999995
3tier_os2,16,97,32,0.005399999999999995
3tier_os4,16,97,2,0.010749999999999963
3tier_os4,16,97,4,0.010749999999999963
3tier_os4,16,97,8,0.0061499999999999905
3tier_os4,16,97,16,0.005399999999999995
3tier_os4,16,97,32,0.005399999999999995
2tier,16,97,2,0.005399999999999995
2tier,16,97,4,0.005399999999999995
2tier,16,97,8,0.005399999999999995
2tier,16,97,16,0.005399999999999995
2tier,16,97,32,0.005399999999999995
3tier_nb,64,97,2,0.007549999999999982
3tier_nb,64,97,4,0.005399999999999995
3tier_nb,64,97,8,0.005399999999999995
3tier_nb,64,97,16,0.005399999999999995
3tier_nb,64,97,32,0.005399999999999995
3tier_os2,64,97,2,0.013449999999999946
3tier_os2,64,97,4,0.008199999999999978
3tier_os2,64,97,8,0.005399999999999995
3tier_os2,64,97,16,0.005399999999999995
3tier_os2,64,97,32,0.005399999999999995
3tier_os4,64,97,2,0.026900000000000257
3tier_os4,64,97,4,0.011599999999999958
3tier_os4,64,97,8,0.0071499999999999845
3tier_os4,64,97,16,0.005949999999999992
3tier_os4,64,97,32,0.005549999999999994
2tier,64,97,2,0.009699999999999969
2tier,64,97,4,0.008049999999999979
2tier,64,97,8,0.0059999999999999915
2tier,64,97,16,0.005799999999999993
2tier,64,97,32,0.005549999999999994
3tier_nb,16,98,2,0.005399999999999995
3tier_nb,16,98,4,0.005399999999999995
3tier_nb,16,98,8,0.005399999999999995
3tier_nb,16,98,16,0.005399999999999995
3tier_nb,16,98,32,0.005399999999999995
3tier_os2,16,98,2,0.007199999999999984
3tier_os2,16,98,4,0.005399999999999995
3tier_os2,16,98,8,0.005399999999999995
3tier_os2,16,98,16,0.005399999999999995
3tier_os2,16,98,32,0.005399999999999995
3tier_os4,16,98,2,0.014349999999999941
3tier_os4,16,98,4,0.008199999999999978
3tier_os4,16,98,8,0.005849999999999992
3tier_os4,16,98,16,0.005599999999999994
3tier_os4,16,98,32,0.005399999999999995
2tier,16,98,2,0.005399999999999995
2tier,16,98,4,0.005399999999999995
2tier,16,98,8,0.005399999999999995
2tier,16,98,16,0.005399999999999995
2tier,16,98,32,0.005399999999999995
3tier_nb,64,98,2,0.006449999999999989
3tier_nb,64,98,4,0.005399999999999995
3tier_nb,64,98,8,0.005399999999999995
3tier_nb,64,98,16,0.005399999999999995
3tier_nb,64,98,32,0.005399999999999995
3tier_os2,64,98,2,0.010749999999999963
3tier_os2,64,98,4,0.006849999999999986
3tier_os2,64,98,8,0.005399999999999995
3tier_os2,64,98,16,0.005399999999999995
3tier_os2,64,98,32,0.005399999999999995
3tier_os4,64,98,2,0.021500000000000102
3tier_os4,64,98,4,0.010899999999999962
3tier_os4,64,98,8,0.007499999999999982
3tier_os4,64,98,16,0.005749999999999993
3tier_os4,64,98,32,0.005549999999999994
2tier,64,98,2,0.009999999999999967
2tier,64,98,4,0.009399999999999971
2tier,64,98,8,0.00624999999999999
2tier,64,98,16,0.005849999999999992
2tier,64,98,32,0.005599999999999994
3tier_nb,16,99,2,0.007549999999999982
3tier_nb,16,99,4,0.005399999999999995
3tier_nb,16,99,8,0.005399999999999995
3tier_nb,16,99,16,0.005399999999999995
3tier_nb,16,99,32,0.005399999999999995
3tier_os2,16,99,2,0.007549999999999982
3tier_os2,16,99,4,0.005399999999999995
3tier_os2,16,99,8,0.005399999999999995
3tier_os2,16,99,16,0.005399999999999995
3tier_os2,16,99,32,0.005399999999999995
3tier_os4,16,99,2,0.010749999999999963
3tier_os4,16,99,4,0.0061499999999999905
3tier_os4,16,99,8,0.005899999999999992
3tier_os4,16,99,16,0.005399999999999995
3tier_os4,16,99,32,0.005399999999999995
2tier,16,99,2,0.008999999999999973
2tier,16,99,4,0.0059999999999999915
2tier,16,99,8,0.005399999999999995
2tier,16,99,16,0.005399999999999995
2tier,16,99,32,0.005399999999999995
3tier_nb,64,99,2,0.008999999999999973
3tier_nb,64,99,4,0.00624999999999999
3tier_nb,64,99,8,0.005399999999999995
3tier_nb,64,99,16,0.005399999999999995
3tier_nb,64,99,32,0.005399999999999995
3tier_os2,64,99,2,0.010749999999999963
3tier_os2,64,99,4,0.006949999999999986
3tier_os2,64,99,8,0.005399999999999995
3tier_os2,64,99,16,0.005399999999999995
3tier_os2,64,99,32,0.005399999999999995
3tier_os4,64,99,2,0.021500000000000102
3tier_os4,64,99,4,0.01109999999999996
3tier_os4,64,99,8,0.0066499999999999875
3tier_os4,64,99,16,0.005699999999999993
3tier_os4,64,99,32,0.0054999999999999945
2tier,64,99,2,0.012299999999999953
2tier,64,99,4,0.007449999999999983
2tier,64,99,8,0.00619999999999999
2tier,64,99,16,0.005649999999999994
2tier,64,99,32,0.0054999999999999945
