run,k,arrival_rate_fps,allreduce_time_s,mean_step_s,p99_step_s,max_step_s
0,1,0,0.04050000000000065,0.005220000000000082,0.005400000000000155,0.005400000000000155
1,1,0,0.04050000000000065,0.005220000000000082,0.005400000000000155,0.005400000000000155
2,1,0,0.04050000000000065,0.005220000000000082,0.005400000000000155,0.005400000000000155
3,1,0,0.04050000000000065,0.005220000000000082,0.005400000000000155,0.005400000000000155
4,1,0,0.04050000000000065,0.005220000000000082,0.005400000000000155,0.005400000000000155
5,1,0,0.041850000000000685,0.005310000000000083,0.005400000000000155,0.005400000000000155
6,1,0,0.04050000000000065,0.005220000000000082,0.005400000000000155,0.005400000000000155
7,1,0,0.04050000000000065,0.005220000000000082,0.005400000000000155,0.005400000000000155
8,1,0,0.04050000000000065,0.005220000000000082,0.005400000000000155,0.005400000000000155
9,1,0,0.04050000000000065,0.005220000000000082,0.005400000000000155,0.005400000000000155
10,1,0,0.04050000000000065,0.005220000000000082,0.005400000000000155,0.005400000000000155
11,1,0,0.041850000000000685,0.00537833333333342,0.006750000000000193,0.006750000000000193
12,1,0,0.04050000000000065,0.005220000000000082,0.005400000000000155,0.005400000000000155
13,1,0,0.04050000000000065,0.005220000000000082,0.005400000000000155,0.005400000000000155
14,1,0,0.04050000000000065,0.005220000000000082,0.005400000000000155,0.005400000000000155
15,1,0,0.04050000000000065,0.005220000000000082,0.005400000000000155,0.005400000000000155
16,1,0,0.04050000000000065,0.005220000000000082,0.005400000000000155,0.005400000000000155
17,1,0,0.04050000000000065,0.005220000000000082,0.005400000000000155,0.005400000000000155
18,1,0,0.041850000000000685,0.005400000000000086,0.006750000000000193,0.006750000000000193
19,1,0,0.04050000000000065,0.005220000000000082,0.005400000000000155,0.005400000000000155
20,1,0,0.04050000000000065,0.005220000000000082,0.005400000000000155,0.005400000000000155
21,1,0,0.04050000000000065,0.005220000000000082,0.005400000000000155,0.005400000000000155
22,1,0,0.04050000000000065,0.005220000000000082,0.005400000000000155,0.005400000000000155
23,1,0,0.04050000000000065,0.005220000000000082,0.005400000000000155,0.005400000000000155
24,1,0,0.04050000000000065,0.005220000000000082,0.005400000000000155,0.005400000000000155
25,1,0,0.04050000000000065,0.005220000000000082,0.005400000000000155,0.005400000000000155
26,1,0,0.04050000000000065,0.005220000000000082,0.005400000000000155,0.005400000000000155
27,1,0,0.04050000000000065,0.005220000000000082,0.005400000000000155,0.005400000000000155
28,1,0,0.04050000000000065,0.005220000000000082,0.005400000000000155,0.005400000000000155
29,1,0,0.04050000000000065,0.005220000000000082,0.005400000000000155,0.005400000000000155
30,1,0,0.04050000000000065,0.005220000000000082,0.005400000000000155,0.005400000000000155
31,1,0,0.04050000000000065,0.005220000000000082,0.005400000000000155,0.005400000000000155
32,1,0,0.04050000000000065,0.005220000000000082,0.005400000000000155,0.005400000000000155
33,1,0,0.04050000000000065,0.005220000000000082,0.005400000000000155,0.005400000000000155
34,1,0,0.04050000000000065,0.005220000000000082,0.005400000000000155,0.005400000000000155
35,1,0,0.04050000000000065,0.005220000000000082,0.005400000000000155,0.005400000000000155
36,1,0,0.04050000000000065,0.005220000000000082,0.005400000000000155,0.005400000000000155
37,1,0,0.04720000000000084,0.006023333333333437,0.009399999999999962,0.009399999999999962
38,1,0,0.04050000000000065,0.005220000000000082,0.005400000000000155,0.005400000000000155
39,1,0,0.04050000000000065,0.005220000000000082,0.005400000000000155,0.005400000000000155
40,1,0,0.04050000000000065,0.005220000000000082,0.005400000000000155,0.005400000000000155
41,1,0,0.043200000000000724,0.0054900000000000886,0.006750000000000027,0.006750000000000027
42,1,0,0.04050000000000065,0.005220000000000082,0.005400000000000155,0.005400000000000155
43,1,0,0.04050000000000065,0.005220000000000082,0.005400000000000155,0.005400000000000155
44,1,0,0.04050000000000065,0.005220000000000082,0.005400000000000155,0.005400000000000155
45,1,0,0.041850000000000685,0.005310000000000083,0.005400000000000155,0.005400000000000155
46,1,0,0.04050000000000065,0.005220000000000082,0.005400000000000155,0.005400000000000155
47,1,0,0.04050000000000065,0.005220000000000082,0.005400000000000155,0.005400000000000155
48,1,0,0.04050000000000065,0.005220000000000082,0.005400000000000155,0.005400000000000155
49,1,0,0.04050000000000065,0.005220000000000082,0.005400000000000155,0.005400000000000155
50,1,0,0.041850000000000685,0.005310000000000083,0.005400000000000155,0.005400000000000155
51,1,0,0.04050000000000065,0.005220000000000082,0.005400000000000155,0.005400000000000155
52,1,0,0.04050000000000065,0.005220000000000082,0.005400000000000155,0.005400000000000155
53,1,0,0.04050000000000065,0.005220000000000082,0.005400000000000155,0.005400000000000155
54,1,0,0.04050000000000065,0.005220000000000082,0.005400000000000155,0.005400000000000155
55,1,0,0.04050000000000065,0.005220000000000082,0.005400000000000155,0.005400000000000155
56,1,0,0.04050000000000065,0.005220000000000082,0.005400000000000155,0.005400000000000155
57,1,0,0.04050000000000065,0.005220000000000082,0.005400000000000155,0.005400000000000155
58,1,0,0.04050000000000065,0.005220000000000082,0.005400000000000155,0.005400000000000155
59,1,0,0.041850000000000685,0.005400000000000086,0.006750000000000193,0.006750000000000193
60,1,0,0.04050000000000065,0.005220000000000082,0.005400000000000155,0.005400000000000155
61,1,0,0.04050000000000065,0.005220000000000082,0.005400000000000155,0.005400000000000155
62,1,0,0.041850000000000685,0.005310000000000083,0.005400000000000155,0.005400000000000155
63,1,0,0.04050000000000065,0.005220000000000082,0.005400000000000155,0.005400000000000155
64,1,0,0.04050000000000065,0.005220000000000082,0.005400000000000155,0.005400000000000155
65,1,0,0.042900000000000715,0.005548333333333423,0.006750000000000193,0.006750000000000193
66,1,0,0.041850000000000685,0.005408333333333419,0.006750000000000193,0.006750000000000193
67,1,0,0.04050000000000065,0.005220000000000082,0.005400000000000155,0.005400000000000155
68,1,0,0.04050000000000065,0.005220000000000082,0.005400000000000155,0.005400000000000155
69,1,0,0.04050000000000065,0.005220000000000082,0.005400000000000155,0.005400000000000155
70,1,0,0.04050000000000065,0.005220000000000082,0.005400000000000155,0.005400000000000155
71,1,0,0.041850000000000685,0.005310000000000083,0.005400000000000155,0.005400000000000155
72,1,0,0.04050000000000065,0.005220000000000082,0.005400000000000155,0.005400000000000155
73,1,0,0.04050000000000065,0.005220000000000082,0.005400000000000155,0.005400000000000155
74,1,0,0.04050000000000065,0.005220000000000082,0.005400000000000155,0.005400000000000155
75,1,0,0.04050000000000065,0.005220000000000082,0.005400000000000155,0.005400000000000155
76,1,0,0.04050000000000065,0.005220000000000082,0.005400000000000155,0.005400000000000155
77,1,0,0.041850000000000685,0.005400000000000086,0.006749999999999959,0.006749999999999959
78,1,0,0.04050000000000065,0.005220000000000082,0.005400000000000155,0.005400000000000155
79,1,0,0.04050000000000065,0.005220000000000082,0.005400000000000155,0.005400000000000155
80,1,0,0.04050000000000065,0.005220000000000082,0.005400000000000155,0.005400000000000155
81,1,0,0.04050000000000065,0.005220000000000082,0.005400000000000155,0.005400000000000155
82,1,0,0.04050000000000065,0.005220000000000082,0.005400000000000155,0.005400000000000155
83,1,0,0.04050000000000065,0.005220000000000082,0.005400000000000155,0.005400000000000155
84,1,0,0.04050000000000065,0.005220000000000082,0.005400000000000155,0.005400000000000155
85,1,0,0.04050000000000065,0.005220000000000082,0.005400000000000155,0.005400000000000155
86,1,0,0.04050000000000065,0.005220000000000082,0.005400000000000155,0.005400000000000155
87,1,0,0.04050000000000065,0.005220000000000082,0.005400000000000155,0.005400000000000155
88,1,0,0.04050000000000065,0.005220000000000082,0.005400000000000155,0.005400000000000155
89,1,0,0.04050000000000065,0.005220000000000082,0.005400000000000155,0.005400000000000155
90,1,0,0.04050000000000065,0.005220000000000082,0.005400000000000155,0.005400000000000155
91,1,0,0.04050000000000065,0.005220000000000082,0.005400000000000155,0.005400000000000155
92,1,0,0.04050000000000065,0.005220000000000082,0.005400000000000155,0.005400000000000155
93,1,0,0.04050000000000065,0.005220000000000082,0.005400000000000155,0.005400000000000155
94,1,0,0.041850000000000685,0.005310000000000083,0.005400000000000155,0.005400000000000155
95,1,0,0.041850000000000685,0.005400000000000086,0.006750000000000193,0.006750000000000193
96,1,0,0.041850000000000685,0.005310000000000083,0.005400000000000155,0.005400000000000155
97,1,0,0.04050000000000065,0.005220000000000082,0.005400000000000155,0.005400000000000155
98,1,0,0.04050000000000065,0.005220000000000082,0.005400000000000155,0.005400000000000155
99,1,0,0.04050000000000065,0.005220000000000082,0.005400000000000155,0.005400000000000155
100,1,0,0.04050000000000065,0.005220000000000082,0.005400000000000155,0.005400000000000155
101,1,0,0.04050000000000065,0.005220000000000082,0.005400000000000155,0.005400000000000155
102,1,0,0.04050000000000065,0.005220000000000082,0.005400000000000155,0.005400000000000155
103,1,0,0.04050000000000065,0.005220000000000082,0.005400000000000155,0.005400000000000155
104,1,0,0.04050000000000065,0.005220000000000082,0.005400000000000155,0.005400000000000155
105,1,0,0.04050000000000065,0.005220000000000082,0.005400000000000155,0.005400000000000155
106,1,0,0.04050000000000065,0.005220000000000082,0.005400000000000155,0.005400000000000155
107,1,0,0.04050000000000065,0.005220000000000082,0.005400000000000155,0.005400000000000155
108,1,0,0.04050000000000065,0.005220000000000082,0.005400000000000155,0.005400000000000155
109,1,0,0.04050000000000065,0.005220000000000082,0.005400000000000155,0.005400000000000155
110,1,0,0.04050000000000065,0.005220000000000082,0.005400000000000155,0.005400000000000155
111,1,0,0.04050000000000065,0.005220000000000082,0.005400000000000155,0.005400000000000155
112,1,0,0.04050000000000065,0.005220000000000082,0.005400000000000155,0.005400000000000155
113,1,0,0.04050000000000065,0.005220000000000082,0.005400000000000155,0.005400000000000155
114,1,0,0.04050000000000065,0.005220000000000082,0.005400000000000155,0.005400000000000155
115,1,0,0.041850000000000685,0.005400000000000086,0.006750000000000193,0.006750000000000193
116,1,0,0.04050000000000065,0.005220000000000082,0.005400000000000155,0.005400000000000155
117,1,0,0.04050000000000065,0.005220000000000082,0.005400000000000155,0.005400000000000155
118,1,0,0.04050000000000065,0.005220000000000082,0.005400000000000155,0.005400000000000155
119,1,0,0.04050000000000065,0.005220000000000082,0.005400000000000155,0.005400000000000155
120,1,0,0.04050000000000065,0.005220000000000082,0.005400000000000155,0.005400000000000155
121,1,0,0.04050000000000065,0.005220000000000082,0.005400000000000155,0.005400000000000155
122,1,0,0.04050000000000065,0.005220000000000082,0.005400000000000155,0.005400000000000155
123,1,0,0.04050000000000065,0.005220000000000082,0.005400000000000155,0.005400000000000155
124,1,0,0.04050000000000065,0.005220000000000082,0.005400000000000155,0.005400000000000155
125,1,0,0.04050000000000065,0.005220000000000082,0.005400000000000155,0.005400000000000155
126,1,0,0.04050000000000065,0.005220000000000082,0.005400000000000155,0.005400000000000155
127,1,0,0.04050000000000065,0.005220000000000082,0.005400000000000155,0.005400000000000155
128,1,0,0.04050000000000065,0.005220000000000082,0.005400000000000155,0.005400000000000155
129,1,0,0.04050000000000065,0.005220000000000082,0.005400000000000155,0.005400000000000155
130,1,0,0.04050000000000065,0.005220000000000082,0.005400000000000155,0.005400000000000155
131,1,0,0.04050000000000065,0.005220000000000082,0.005400000000000155,0.005400000000000155
132,1,0,0.04050000000000065,0.005220000000000082,0.005400000000000155,0.005400000000000155
133,1,0,0.04050000000000065,0.005220000000000082,0.005400000000000155,0.005400000000000155
134,1,0,0.04050000000000065,0.005220000000000082,0.005400000000000155,0.005400000000000155
135,1,0,0.041850000000000685,0.005400000000000086,0.006750000000000193,0.006750000000000193
136,1,0,0.041850000000000685,0.005310000000000083,0.005400000000000155,0.005400000000000155
137,1,0,0.04050000000000065,0.005220000000000082,0.005400000000000155,0.005400000000000155
138,1,0,0.04050000000000065,0.005220000000000082,0.005400000000000155,0.005400000000000155
139,1,0,0.04050000000000065,0.005220000000000082,0.005400000000000155,0.005400000000000155
140,1,0,0.04050000000000065,0.005220000000000082,0.005400000000000155,0.005400000000000155
141,1,0,0.043200000000000724,0.005580000000000093,0.008100000000000232,0.008100000000000232
142,1,0,0.04050000000000065,0.005220000000000082,0.005400000000000155,0.005400000000000155
143,1,0,0.04050000000000065,0.005220000000000082,0.005400000000000155,0.005400000000000155
144,1,0,0.04050000000000065,0.005220000000000082,0.005400000000000155,0.005400000000000155
145,1,0,0.04050000000000065,0.005220000000000082,0.005400000000000155,0.005400000000000155
146,1,0,0.04050000000000065,0.005220000000000082,0.005400000000000155,0.005400000000000155
147,1,0,0.04050000000000065,0.005220000000000082,0.005400000000000155,0.005400000000000155
148,1,0,0.04050000000000065,0.005220000000000082,0.005400000000000155,0.005400000000000155
149,1,0,0.04050000000000065,0.005220000000000082,0.005400000000000155,0.005400000000000155
150,1,0,0.041850000000000685,0.005310000000000083,0.005400000000000155,0.005400000000000155
151,1,0,0.04050000000000065,0.005220000000000082,0.005400000000000155,0.005400000000000155
152,1,0,0.04050000000000065,0.005220000000000082,0.005400000000000155,0.005400000000000155
153,1,0,0.041850000000000685,0.005310000000000083,0.005400000000000155,0.005400000000000155
154,1,0,0.04050000000000065,0.005220000000000082,0.005400000000000155,0.005400000000000155
155,1,0,0.04050000000000065,0.005220000000000082,0.005400000000000155,0.005400000000000155
156,1,0,0.04050000000000065,0.005220000000000082,0.005400000000000155,0.005400000000000155
157,1,0,0.041850000000000685,0.005400000000000086,0.006750000000000193,0.006750000000000193
158,1,0,0.04050000000000065,0.005220000000000082,0.005400000000000155,0.005400000000000155
159,1,0,0.04050000000000065,0.005220000000000082,0.005400000000000155,0.005400000000000155
160,1,0,0.04050000000000065,0.005220000000000082,0.005400000000000155,0.005400000000000155
161,1,0,0.041850000000000685,0.005400000000000086,0.006750000000000193,0.006750000000000193
162,1,0,0.04050000000000065,0.005220000000000082,0.005400000000000155,0.005400000000000155
163,1,0,0.04050000000000065,0.005220000000000082,0.005400000000000155,0.005400000000000155
164,1,0,0.04155000000000068,0.0053683333333334185,0.006749999999999959,0.006749999999999959
165,1,0,0.04050000000000065,0.005220000000000082,0.005400000000000155,0.005400000000000155
166,1,0,0.04050000000000065,0.005220000000000082,0.005400000000000155,0.005400000000000155
167,1,0,0.04050000000000065,0.005220000000000082,0.005400000000000155,0.005400000000000155
168,1,0,0.041850000000000685,0.005400000000000086,0.006750000000000193,0.006750000000000193
169,1,0,0.04155000000000068,0.0053683333333334185,0.006750000000000193,0.006750000000000193
170,1,0,0.04050000000000065,0.005220000000000082,0.005400000000000155,0.005400000000000155
171,1,0,0.04050000000000065,0.005220000000000082,0.005400000000000155,0.005400000000000155
172,1,0,0.04050000000000065,0.005220000000000082,0.005400000000000155,0.005400000000000155
173,1,0,0.04050000000000065,0.005220000000000082,0.005400000000000155,0.005400000000000155
174,1,0,0.04050000000000065,0.005220000000000082,0.005400000000000155,0.005400000000000155
175,1,0,0.042900000000000715,0.005446666666666754,0.006750000000000027,0.006750000000000027
176,1,0,0.04050000000000065,0.005220000000000082,0.005400000000000155,0.005400000000000155
177,1,0,0.041850000000000685,0.005400000000000086,0.006750000000000193,0.006750000000000193
178,1,0,0.04050000000000065,0.005220000000000082,0.005400000000000155,0.005400000000000155
179,1,0,0.04050000000000065,0.005220000000000082,0.005400000000000155,0.005400000000000155
180,1,0,0.04050000000000065,0.005220000000000082,0.005400000000000155,0.005400000000000155
181,1,0,0.04050000000000065,0.005220000000000082,0.005400000000000155,0.005400000000000155
182,1,0,0.043200000000000724,0.0054900000000000886,0.006750000000000193,0.006750000000000193
183,1,0,0.041850000000000685,0.005310000000000083,0.005400000000000155,0.005400000000000155
184,1,0,0.04050000000000065,0.005220000000000082,0.005400000000000155,0.005400000000000155
185,1,0,0.043200000000000724,0.0054900000000000886,0.006750000000000193,0.006750000000000193
186,1,0,0.04050000000000065,0.005220000000000082,0.005400000000000155,0.005400000000000155
187,1,0,0.04050000000000065,0.005220000000000082,0.005400000000000155,0.005400000000000155
188,1,0,0.04050000000000065,0.005220000000000082,0.005400000000000155,0.005400000000000155
189,1,0,0.041850000000000685,0.005400000000000086,0.006750000000000193,0.006750000000000193
190,1,0,0.04050000000000065,0.005220000000000082,0.005400000000000155,0.005400000000000155
191,1,0,0.04050000000000065,0.005220000000000082,0.005400000000000155,0.005400000000000155
192,1,0,0.04050000000000065,0.005220000000000082,0.005400000000000155,0.005400000000000155
193,1,0,0.04050000000000065,0.005220000000000082,0.005400000000000155,0.005400000000000155
194,1,0,0.04050000000000065,0.005220000000000082,0.005400000000000155,0.005400000000000155
195,1,0,0.04050000000000065,0.005220000000000082,0.005400000000000155,0.005400000000000155
196,1,0,0.04050000000000065,0.005220000000000082,0.005400000000000155,0.005400000000000155
197,1,0,0.04050000000000065,0.005220000000000082,0.005400000000000155,0.005400000000000155
198,1,0,0.04050000000000065,0.005220000000000082,0.005400000000000155,0.005400000000000155
199,1,0,0.04050000000000065,0.005220000000000082,0.005400000000000155,0.005400000000000155
200,1,0,0.04050000000000065,0.005220000000000082,0.005400000000000155,0.005400000000000155
201,1,0,0.04050000000000065,0.005220000000000082,0.005400000000000155,0.005400000000000155
202,1,0,0.04155000000000068,0.005368333333333419,0.006750000000000193,0.006750000000000193
203,1,0,0.04050000000000065,0.005220000000000082,0.005400000000000155,0.005400000000000155
204,1,0,0.04050000000000065,0.005220000000000082,0.005400000000000155,0.005400000000000155
205,1,0,0.04050000000000065,0.005220000000000082,0.005400000000000155,0.005400000000000155
206,1,0,0.04050000000000065,0.005220000000000082,0.005400000000000155,0.005400000000000155
207,1,0,0.04050000000000065,0.005220000000000082,0.005400000000000155,0.005400000000000155
208,1,0,0.04050000000000065,0.005220000000000082,0.005400000000000155,0.005400000000000155
209,1,0,0.04050000000000065,0.005220000000000082,0.005400000000000155,0.005400000000000155
210,1,0,0.04155000000000068,0.0053683333333334185,0.006750000000000027,0.006750000000000027
211,1,0,0.04050000000000065,0.005220000000000082,0.005400000000000155,0.005400000000000155
212,1,0,0.04050000000000065,0.005220000000000082,0.005400000000000155,0.005400000000000155
213,1,0,0.04050000000000065,0.005220000000000082,0.005400000000000155,0.005400000000000155
214,1,0,0.041850000000000685,0.005310000000000083,0.005400000000000155,0.005400000000000155
215,1,0,0.04050000000000065,0.005220000000000082,0.005400000000000155,0.005400000000000155
216,1,0,0.04050000000000065,0.005220000000000082,0.005400000000000155,0.005400000000000155
217,1,0,0.04050000000000065,0.005220000000000082,0.005400000000000155,0.005400000000000155
218,1,0,0.04050000000000065,0.005220000000000082,0.005400000000000155,0.005400000000000155
219,1,0,0.04050000000000065,0.005220000000000082,0.005400000000000155,0.005400000000000155
220,1,0,0.04050000000000065,0.005220000000000082,0.005400000000000155,0.005400000000000155
221,1,0,0.04295000000000072,0.005480000000000088,0.0070000000000002005,0.0070000000000002005
222,1,0,0.04050000000000065,0.005220000000000082,0.005400000000000155,0.005400000000000155
223,1,0,0.04050000000000065,0.005220000000000082,0.005400000000000155,0.005400000000000155
224,1,0,0.04050000000000065,0.005220000000000082,0.005400000000000155,0.005400000000000155
225,1,0,0.04050000000000065,0.005220000000000082,0.005400000000000155,0.005400000000000155
226,1,0,0.04155000000000068,0.0053683333333334185,0.006750000000000193,0.006750000000000193
227,1,0,0.04050000000000065,0.005220000000000082,0.005400000000000155,0.005400000000000155
228,1,0,0.04050000000000065,0.005220000000000082,0.005400000000000155,0.005400000000000155
229,1,0,0.04050000000000065,0.005220000000000082,0.005400000000000155,0.005400000000000155
230,1,0,0.04050000000000065,0.005220000000000082,0.005400000000000155,0.005400000000000155
231,1,0,0.04050000000000065,0.005220000000000082,0.005400000000000155,0.005400000000000155
232,1,0,0.041850000000000685,0.005310000000000083,0.005400000000000155,0.005400000000000155
233,1,0,0.04050000000000065,0.005220000000000082,0.005400000000000155,0.005400000000000155
234,1,0,0.04050000000000065,0.005220000000000082,0.005400000000000155,0.005400000000000155
235,1,0,0.04050000000000065,0.005220000000000082,0.005400000000000155,0.005400000000000155
236,1,0,0.04050000000000065,0.005220000000000082,0.005400000000000155,0.005400000000000155
237,1,0,0.04050000000000065,0.005220000000000082,0.005400000000000155,0.005400000000000155
238,1,0,0.04050000000000065,0.005220000000000082,0.005400000000000155,0.005400000000000155
239,1,0,0.041850000000000685,0.005310000000000083,0.005400000000000155,0.005400000000000155
240,1,0,0.04050000000000065,0.005220000000000082,0.005400000000000155,0.005400000000000155
241,1,0,0.04050000000000065,0.005220000000000082,0.005400000000000155,0.005400000000000155
242,1,0,0.04050000000000065,0.005220000000000082,0.005400000000000155,0.005400000000000155
243,1,0,0.041850000000000685,0.005310000000000083,0.005400000000000155,0.005400000000000155
244,1,0,0.04050000000000065,0.005220000000000082,0.005400000000000155,0.005400000000000155
245,1,0,0.04050000000000065,0.005220000000000082,0.005400000000000155,0.005400000000000155
246,1,0,0.04050000000000065,0.005220000000000082,0.005400000000000155,0.005400000000000155
247,1,0,0.04050000000000065,0.005220000000000082,0.005400000000000155,0.005400000000000155
248,1,0,0.04050000000000065,0.005220000000000082,0.005400000000000155,0.005400000000000155
249,1,0,0.041850000000000685,0.005310000000000083,0.005400000000000155,0.005400000000000155
250,1,0,0.04050000000000065,0.005220000000000082,0.005400000000000155,0.005400000000000155
251,1,0,0.04050000000000065,0.005220000000000082,0.005400000000000155,0.005400000000000155
252,1,0,0.04050000000000065,0.005220000000000082,0.005400000000000155,0.005400000000000155
253,1,0,0.04050000000000065,0.005220000000000082,0.005400000000000155,0.005400000000000155
254,1,0,0.04050000000000065,0.005220000000000082,0.005400000000000155,0.005400000000000155
255,1,0,0.04050000000000065,0.005220000000000082,0.005400000000000155,0.005400000000000155
256,1,0,0.041850000000000685,0.005378333333333418,0.006750000000000193,0.006750000000000193
257,1,0,0.04050000000000065,0.005220000000000082,0.005400000000000155,0.005400000000000155
258,1,0,0.04050000000000065,0.005220000000000082,0.005400000000000155,0.005400000000000155
259,1,0,0.04050000000000065,0.005220000000000082,0.005400000000000155,0.005400000000000155
260,1,0,0.043200000000000724,0.0054900000000000886,0.006750000000000027,0.006750000000000027
261,1,0,0.04050000000000065,0.005220000000000082,0.005400000000000155,0.005400000000000155
262,1,0,0.041850000000000685,0.005400000000000086,0.006750000000000193,0.006750000000000193
263,1,0,0.041850000000000685,0.005310000000000083,0.005400000000000155,0.005400000000000155
264,1,0,0.041850000000000685,0.005400000000000086,0.006750000000000027,0.006750000000000027
265,1,0,0.04050000000000065,0.005220000000000082,0.005400000000000155,0.005400000000000155
266,1,0,0.04050000000000065,0.005220000000000082,0.005400000000000155,0.005400000000000155
267,1,0,0.04050000000000065,0.005220000000000082,0.005400000000000155,0.005400000000000155
268,1,0,0.04050000000000065,0.005220000000000082,0.005400000000000155,0.005400000000000155
269,1,0,0.04050000000000065,0.005220000000000082,0.005400000000000155,0.005400000000000155
270,1,0,0.04050000000000065,0.005220000000000082,0.005400000000000155,0.005400000000000155
271,1,0,0.04050000000000065,0.005220000000000082,0.005400000000000155,0.005400000000000155
272,1,0,0.04050000000000065,0.005220000000000082,0.005400000000000155,0.005400000000000155
273,1,0,0.041850000000000685,0.005310000000000083,0.005400000000000155,0.005400000000000155
274,1,0,0.04050000000000065,0.005220000000000082,0.005400000000000155,0.005400000000000155
275,1,0,0.04490000000000077,0.005866666666666767,0.008099999999999979,0.008099999999999979
276,1,0,0.04050000000000065,0.005220000000000082,0.005400000000000155,0.005400000000000155
277,1,0,0.04050000000000065,0.005220000000000082,0.005400000000000155,0.005400000000000155
278,1,0,0.04050000000000065,0.005220000000000082,0.005400000000000155,0.005400000000000155
279,1,0,0.04050000000000065,0.005220000000000082,0.005400000000000155,0.005400000000000155
280,1,0,0.04050000000000065,0.005220000000000082,0.005400000000000155,0.005400000000000155
281,1,0,0.04050000000000065,0.005220000000000082,0.005400000000000155,0.005400000000000155
282,1,0,0.041850000000000685,0.005310000000000083,0.005400000000000155,0.005400000000000155
283,1,0,0.04050000000000065,0.005220000000000082,0.005400000000000155,0.005400000000000155
284,1,0,0.04050000000000065,0.005220000000000082,0.005400000000000155,0.005400000000000155
285,1,0,0.04050000000000065,0.005220000000000082,0.005400000000000155,0.005400000000000155
286,1,0,0.04155000000000068,0.0053683333333334185,0.006750000000000193,0.006750000000000193
287,1,0,0.04050000000000065,0.005220000000000082,0.005400000000000155,0.005400000000000155
288,1,0,0.04050000000000065,0.005220000000000082,0.005400000000000155,0.005400000000000155
289,1,0,0.041850000000000685,0.005310000000000083,0.005400000000000155,0.005400000000000155
290,1,0,0.04050000000000065,0.005220000000000082,0.005400000000000155,0.005400000000000155
291,1,0,0.04050000000000065,0.005220000000000082,0.005400000000000155,0.005400000000000155
292,1,0,0.04050000000000065,0.005220000000000082,0.005400000000000155,0.005400000000000155
293,1,0,0.04050000000000065,0.005220000000000082,0.005400000000000155,0.005400000000000155
294,1,0,0.04050000000000065,0.005220000000000082,0.005400000000000155,0.005400000000000155
295,1,0,0.04050000000000065,0.005220000000000082,0.005400000000000155,0.005400000000000155
296,1,0,0.04050000000000065,0.005220000000000082,0.005400000000000155,0.005400000000000155
297,1,0,0.041850000000000685,0.005378333333333418,0.006749999999999959,0.006749999999999959
298,1,0,0.04050000000000065,0.005220000000000082,0.005400000000000155,0.005400000000000155
299,1,0,0.041850000000000685,0.005400000000000086,0.006750000000000193,0.006750000000000193
300,1,0,0.04050000000000065,0.005220000000000082,0.005400000000000155,0.005400000000000155
301,1,0,0.04050000000000065,0.005220000000000082,0.005400000000000155,0.005400000000000155
302,1,0,0.04050000000000065,0.005220000000000082,0.005400000000000155,0.005400000000000155
303,1,0,0.04050000000000065,0.005220000000000082,0.005400000000000155,0.005400000000000155
304,1,0,0.04050000000000065,0.005220000000000082,0.005400000000000155,0.005400000000000155
305,1,0,0.04050000000000065,0.005220000000000082,0.005400000000000155,0.005400000000000155
306,1,0,0.04050000000000065,0.005220000000000082,0.005400000000000155,0.005400000000000155
307,1,0,0.04050000000000065,0.005220000000000082,0.005400000000000155,0.005400000000000155
308,1,0,0.04050000000000065,0.005220000000000082,0.005400000000000155,0.005400000000000155
309,1,0,0.04050000000000065,0.005220000000000082,0.005400000000000155,0.005400000000000155
310,1,0,0.04050000000000065,0.005220000000000082,0.005400000000000155,0.005400000000000155
311,1,0,0.04050000000000065,0.005220000000000082,0.005400000000000155,0.005400000000000155
312,1,0,0.04050000000000065,0.005220000000000082,0.005400000000000155,0.005400000000000155
313,1,0,0.04050000000000065,0.005220000000000082,0.005400000000000155,0.005400000000000155
314,1,0,0.04050000000000065,0.005220000000000082,0.005400000000000155,0.005400000000000155
315,1,0,0.041850000000000685,0.005310000000000083,0.005400000000000155,0.005400000000000155
316,1,0,0.04050000000000065,0.005220000000000082,0.005400000000000155,0.005400000000000155
317,1,0,0.04050000000000065,0.005220000000000082,0.005400000000000155,0.005400000000000155
318,1,0,0.04050000000000065,0.005220000000000082,0.005400000000000155,0.005400000000000155
319,1,0,0.04050000000000065,0.005220000000000082,0.005400000000000155,0.005400000000000155
320,1,0,0.04050000000000065,0.005220000000000082,0.005400000000000155,0.005400000000000155
321,1,0,0.043200000000000724,0.005558333333333425,0.006750000000000193,0.006750000000000193
322,1,0,0.04050000000000065,0.005220000000000082,0.005400000000000155,0.005400000000000155
323,1,0,0.04050000000000065,0.005220000000000082,0.005400000000000155,0.005400000000000155
324,1,0,0.04050000000000065,0.005220000000000082,0.005400000000000155,0.005400000000000155
325,1,0,0.04050000000000065,0.005220000000000082,0.005400000000000155,0.005400000000000155
326,1,0,0.04050000000000065,0.005220000000000082,0.005400000000000155,0.005400000000000155
327,1,0,0.04050000000000065,0.005220000000000082,0.005400000000000155,0.005400000000000155
328,1,0,0.04050000000000065,0.005220000000000082,0.005400000000000155,0.005400000000000155
329,1,0,0.04050000000000065,0.005220000000000082,0.005400000000000155,0.005400000000000155
330,1,0,0.04050000000000065,0.005220000000000082,0.005400000000000155,0.005400000000000155
331,1,0,0.04050000000000065,0.005220000000000082,0.005400000000000155,0.005400000000000155
332,1,0,0.04050000000000065,0.005220000000000082,0.005400000000000155,0.005400000000000155
333,1,0,0.041850000000000685,0.005378333333333418,0.006749999999999987,0.006749999999999987
334,1,0,0.041850000000000685,0.005400000000000086,0.006750000000000193,0.006750000000000193
335,1,0,0.04050000000000065,0.005220000000000082,0.005400000000000155,0.005400000000000155
336,1,0,0.041850000000000685,0.005310000000000083,0.005400000000000155,0.005400000000000155
337,1,0,0.04310000000000072,0.0054766666666667555,0.0070000000000002005,0.0070000000000002005
338,1,0,0.04050000000000065,0.005220000000000082,0.005400000000000155,0.005400000000000155
339,1,0,0.04155000000000068,0.0053683333333334185,0.006750000000000193,0.006750000000000193
340,1,0,0.04050000000000065,0.005220000000000082,0.005400000000000155,0.005400000000000155
341,1,0,0.04050000000000065,0.005220000000000082,0.005400000000000155,0.005400000000000155
342,1,0,0.04050000000000065,0.005220000000000082,0.005400000000000155,0.005400000000000155
343,1,0,0.04050000000000065,0.005220000000000082,0.005400000000000155,0.005400000000000155
344,1,0,0.04050000000000065,0.005220000000000082,0.005400000000000155,0.005400000000000155
345,1,0,0.04050000000000065,0.005220000000000082,0.005400000000000155,0.005400000000000155
346,1,0,0.04050000000000065,0.005220000000000082,0.005400000000000155,0.005400000000000155
347,1,0,0.04050000000000065,0.005220000000000082,0.005400000000000155,0.005400000000000155
348,1,0,0.04050000000000065,0.005220000000000082,0.005400000000000155,0.005400000000000155
349,1,0,0.04050000000000065,0.005220000000000082,0.005400000000000155,0.005400000000000155
350,1,0,0.041850000000000685,0.0054083333333334194,0.0070000000000002005,0.0070000000000002005
351,1,0,0.04050000000000065,0.005220000000000082,0.005400000000000155,0.005400000000000155
352,1,0,0.04050000000000065,0.005220000000000082,0.005400000000000155,0.005400000000000155
353,1,0,0.04050000000000065,0.005220000000000082,0.005400000000000155,0.005400000000000155
354,1,0,0.04050000000000065,0.005220000000000082,0.005400000000000155,0.005400000000000155
355,1,0,0.04050000000000065,0.005220000000000082,0.005400000000000155,0.005400000000000155
356,1,0,0.04050000000000065,0.005220000000000082,0.005400000000000155,0.005400000000000155
357,1,0,0.04050000000000065,0.005220000000000082,0.005400000000000155,0.005400000000000155
358,1,0,0.04050000000000065,0.005220000000000082,0.005400000000000155,0.005400000000000155
359,1,0,0.04050000000000065,0.005220000000000082,0.005400000000000155,0.005400000000000155
360,1,0,0.04050000000000065,0.005220000000000082,0.005400000000000155,0.005400000000000155
361,1,0,0.04050000000000065,0.005220000000000082,0.005400000000000155,0.005400000000000155
362,1,0,0.04050000000000065,0.005220000000000082,0.005400000000000155,0.005400000000000155
363,1,0,0.04050000000000065,0.005220000000000082,0.005400000000000155,0.005400000000000155
364,1,0,0.04050000000000065,0.005220000000000082,0.005400000000000155,0.005400000000000155
365,1,0,0.04050000000000065,0.005220000000000082,0.005400000000000155,0.005400000000000155
366,1,0,0.041850000000000685,0.005400000000000086,0.006749999999999959,0.006749999999999959
367,1,0,0.04050000000000065,0.005220000000000082,0.005400000000000155,0.005400000000000155
368,1,0,0.04050000000000065,0.005220000000000082,0.005400000000000155,0.005400000000000155
369,1,0,0.041850000000000685,0.005400000000000086,0.006750000000000193,0.006750000000000193
370,1,0,0.04050000000000065,0.005220000000000082,0.005400000000000155,0.005400000000000155
371,1,0,0.041850000000000685,0.005310000000000083,0.005400000000000155,0.005400000000000155
372,1,0,0.04050000000000065,0.005220000000000082,0.005400000000000155,0.005400000000000155
373,1,0,0.04050000000000065,0.005220000000000082,0.005400000000000155,0.005400000000000155
374,1,0,0.04050000000000065,0.005220000000000082,0.005400000000000155,0.005400000000000155
375,1,0,0.04050000000000065,0.005220000000000082,0.005400000000000155,0.005400000000000155
376,1,0,0.04050000000000065,0.005220000000000082,0.005400000000000155,0.005400000000000155
377,1,0,0.041850000000000685,0.005310000000000083,0.005400000000000155,0.005400000000000155
378,1,0,0.04050000000000065,0.005220000000000082,0.005400000000000155,0.005400000000000155
379,1,0,0.041850000000000685,0.005310000000000083,0.005400000000000155,0.005400000000000155
380,1,0,0.04050000000000065,0.005220000000000082,0.005400000000000155,0.005400000000000155
381,1,0,0.04050000000000065,0.005220000000000082,0.005400000000000155,0.005400000000000155
382,1,0,0.04050000000000065,0.005220000000000082,0.005400000000000155,0.005400000000000155
383,1,0,0.04050000000000065,0.005220000000000082,0.005400000000000155,0.005400000000000155
384,1,0,0.04050000000000065,0.005220000000000082,0.005400000000000155,0.005400000000000155
385,1,0,0.041850000000000685,0.005310000000000083,0.005400000000000155,0.005400000000000155
386,1,0,0.04050000000000065,0.005220000000000082,0.005400000000000155,0.005400000000000155
387,1,0,0.04050000000000065,0.005220000000000082,0.005400000000000155,0.005400000000000155
388,1,0,0.04155000000000068,0.0053683333333334185,0.006750000000000193,0.006750000000000193
389,1,0,0.04050000000000065,0.005220000000000082,0.005400000000000155,0.005400000000000155
390,1,0,0.04295000000000072,0.005455000000000088,0.006999999999999958,0.006999999999999958
391,1,0,0.04050000000000065,0.005220000000000082,0.005400000000000155,0.005400000000000155
392,1,0,0.04050000000000065,0.005220000000000082,0.005400000000000155,0.005400000000000155
393,1,0,0.04050000000000065,0.005220000000000082,0.005400000000000155,0.005400000000000155
394,1,0,0.04050000000000065,0.005220000000000082,0.005400000000000155,0.005400000000000155
395,1,0,0.04050000000000065,0.005220000000000082,0.005400000000000155,0.005400000000000155
396,1,0,0.04050000000000065,0.005220000000000082,0.005400000000000155,0.005400000000000155
397,1,0,0.04050000000000065,0.005220000000000082,0.005400000000000155,0.005400000000000155
398,1,0,0.04050000000000065,0.005220000000000082,0.005400000000000155,0.005400000000000155
399,1,0,0.04050000000000065,0.005220000000000082,0.005400000000000155,0.005400000000000155
400,1,0,0.04050000000000065,0.005220000000000082,0.005400000000000155,0.005400000000000155
401,1,0,0.04050000000000065,0.005220000000000082,0.005400000000000155,0.005400000000000155
402,1,0,0.04050000000000065,0.005220000000000082,0.005400000000000155,0.005400000000000155
403,1,0,0.04050000000000065,0.005220000000000082,0.005400000000000155,0.005400000000000155
404,1,0,0.04050000000000065,0.005220000000000082,0.005400000000000155,0.005400000000000155
405,1,0,0.04050000000000065,0.005220000000000082,0.005400000000000155,0.005400000000000155
406,1,0,0.04050000000000065,0.005220000000000082,0.005400000000000155,0.005400000000000155
407,1,0,0.04050000000000065,0.005220000000000082,0.005400000000000155,0.005400000000000155
408,1,0,0.04050000000000065,0.005220000000000082,0.005400000000000155,0.005400000000000155
409,1,0,0.04050000000000065,0.005220000000000082,0.005400000000000155,0.005400000000000155
410,1,0,0.041850000000000685,0.005400000000000086,0.006750000000000193,0.006750000000000193
411,1,0,0.04050000000000065,0.005220000000000082,0.005400000000000155,0.005400000000000155
412,1,0,0.04050000000000065,0.005220000000000082,0.005400000000000155,0.005400000000000155
413,1,0,0.04050000000000065,0.005220000000000082,0.005400000000000155,0.005400000000000155
414,1,0,0.043200000000000724,0.0054900000000000886,0.006750000000000193,0.006750000000000193
415,1,0,0.04050000000000065,0.005220000000000082,0.005400000000000155,0.005400000000000155
416,1,0,0.04050000000000065,0.005220000000000082,0.005400000000000155,0.005400000000000155
417,1,0,0.04050000000000065,0.005220000000000082,0.005400000000000155,0.005400000000000155
418,1,0,0.04050000000000065,0.005220000000000082,0.005400000000000155,0.005400000000000155
419,1,0,0.04050000000000065,0.005220000000000082,0.005400000000000155,0.005400000000000155
420,1,0,0.04050000000000065,0.005220000000000082,0.005400000000000155,0.005400000000000155
421,1,0,0.04050000000000065,0.005220000000000082,0.005400000000000155,0.005400000000000155
422,1,0,0.04050000000000065,0.005220000000000082,0.005400000000000155,0.005400000000000155
423,1,0,0.04050000000000065,0.005220000000000082,0.005400000000000155,0.005400000000000155
424,1,0,0.04050000000000065,0.005220000000000082,0.005400000000000155,0.005400000000000155
425,1,0,0.04050000000000065,0.005220000000000082,0.005400000000000155,0.005400000000000155
426,1,0,0.04050000000000065,0.005220000000000082,0.005400000000000155,0.005400000000000155
427,1,0,0.04050000000000065,0.005220000000000082,0.005400000000000155,0.005400000000000155
428,1,0,0.04050000000000065,0.005220000000000082,0.005400000000000155,0.005400000000000155
429,1,0,0.041850000000000685,0.005400000000000086,0.006749999999999987,0.006749999999999987
430,1,0,0.04050000000000065,0.005220000000000082,0.005400000000000155,0.005400000000000155
431,1,0,0.04050000000000065,0.005220000000000082,0.005400000000000155,0.005400000000000155
432,1,0,0.04050000000000065,0.005220000000000082,0.005400000000000155,0.005400000000000155
433,1,0,0.041850000000000685,0.005310000000000083,0.005400000000000155,0.005400000000000155
434,1,0,0.04050000000000065,0.005220000000000082,0.005400000000000155,0.005400000000000155
435,1,0,0.04050000000000065,0.005220000000000082,0.005400000000000155,0.005400000000000155
436,1,0,0.04050000000000065,0.005220000000000082,0.005400000000000155,0.005400000000000155
437,1,0,0.04050000000000065,0.005220000000000082,0.005400000000000155,0.005400000000000155
438,1,0,0.04050000000000065,0.005220000000000082,0.005400000000000155,0.005400000000000155
439,1,0,0.04050000000000065,0.005220000000000082,0.005400000000000155,0.005400000000000155
440,1,0,0.04050000000000065,0.005220000000000082,0.005400000000000155,0.005400000000000155
441,1,0,0.04155000000000068,0.0053683333333334185,0.006750000000000193,0.006750000000000193
442,1,0,0.04050000000000065,0.005220000000000082,0.005400000000000155,0.005400000000000155
443,1,0,0.04050000000000065,0.005220000000000082,0.005400000000000155,0.005400000000000155
444,1,0,0.04050000000000065,0.005220000000000082,0.005400000000000155,0.005400000000000155
445,1,0,0.04050000000000065,0.005220000000000082,0.005400000000000155,0.005400000000000155
446,1,0,0.04050000000000065,0.005220000000000082,0.005400000000000155,0.005400000000000155
447,1,0,0.04050000000000065,0.005220000000000082,0.005400000000000155,0.005400000000000155
448,1,0,0.04050000000000065,0.005220000000000082,0.005400000000000155,0.005400000000000155
449,1,0,0.04050000000000065,0.005220000000000082,0.005400000000000155,0.005400000000000155
450,1,0,0.04050000000000065,0.005220000000000082,0.005400000000000155,0.005400000000000155
451,1,0,0.04050000000000065,0.005220000000000082,0.005400000000000155,0.005400000000000155
452,1,0,0.04050000000000065,0.005220000000000082,0.005400000000000155,0.005400000000000155
453,1,0,0.04050000000000065,0.005220000000000082,0.005400000000000155,0.005400000000000155
454,1,0,0.04155000000000068,0.0053683333333334185,0.006749999999999987,0.006749999999999987
455,1,0,0.04050000000000065,0.005220000000000082,0.005400000000000155,0.005400000000000155
456,1,0,0.04050000000000065,0.005220000000000082,0.005400000000000155,0.005400000000000155
457,1,0,0.041850000000000685,0.0054083333333334194,0.0070000000000002005,0.0070000000000002005
458,1,0,0.04050000000000065,0.005220000000000082,0.005400000000000155,0.005400000000000155
459,1,0,0.04050000000000065,0.005220000000000082,0.005400000000000155,0.005400000000000155
460,1,0,0.04050000000000065,0.005220000000000082,0.005400000000000155,0.005400000000000155
461,1,0,0.04050000000000065,0.005220000000000082,0.005400000000000155,0.005400000000000155
462,1,0,0.04050000000000065,0.005220000000000082,0.005400000000000155,0.005400000000000155
463,1,0,0.04050000000000065,0.005220000000000082,0.005400000000000155,0.005400000000000155
464,1,0,0.04050000000000065,0.005220000000000082,0.005400000000000155,0.005400000000000155
465,1,0,0.04050000000000065,0.005220000000000082,0.005400000000000155,0.005400000000000155
466,1,0,0.04050000000000065,0.005220000000000082,0.005400000000000155,0.005400000000000155
467,1,0,0.04050000000000065,0.005220000000000082,0.005400000000000155,0.005400000000000155
468,1,0,0.04050000000000065,0.005220000000000082,0.005400000000000155,0.005400000000000155
469,1,0,0.04050000000000065,0.005220000000000082,0.005400000000000155,0.005400000000000155
470,1,0,0.04050000000000065,0.005220000000000082,0.005400000000000155,0.005400000000000155
471,1,0,0.04050000000000065,0.005220000000000082,0.005400000000000155,0.005400000000000155
472,1,0,0.04050000000000065,0.005220000000000082,0.005400000000000155,0.005400000000000155
473,1,0,0.04050000000000065,0.005220000000000082,0.005400000000000155,0.005400000000000155
474,1,0,0.04050000000000065,0.005220000000000082,0.005400000000000155,0.005400000000000155
475,1,0,0.04050000000000065,0.005220000000000082,0.005400000000000155,0.005400000000000155
476,1,0,0.04050000000000065,0.005220000000000082,0.005400000000000155,0.005400000000000155
477,1,0,0.04050000000000065,0.005220000000000082,0.005400000000000155,0.005400000000000155
478,1,0,0.04050000000000065,0.005220000000000082,0.005400000000000155,0.005400000000000155
479,1,0,0.04050000000000065,0.005220000000000082,0.005400000000000155,0.005400000000000155
480,1,0,0.04050000000000065,0.005220000000000082,0.005400000000000155,0.005400000000000155
481,1,0,0.04050000000000065,0.005220000000000082,0.005400000000000155,0.005400000000000155
482,1,0,0.04050000000000065,0.005220000000000082,0.005400000000000155,0.005400000000000155
483,1,0,0.04050000000000065,0.005220000000000082,0.005400000000000155,0.005400000000000155
484,1,0,0.04050000000000065,0.005220000000000082,0.005400000000000155,0.005400000000000155
485,1,0,0.04050000000000065,0.005220000000000082,0.005400000000000155,0.005400000000000155
486,1,0,0.04050000000000065,0.005220000000000082,0.005400000000000155,0.005400000000000155
487,1,0,0.04050000000000065,0.005220000000000082,0.005400000000000155,0.005400000000000155
488,1,0,0.04050000000000065,0.005220000000000082,0.005400000000000155,0.005400000000000155
489,1,0,0.04050000000000065,0.005220000000000082,0.005400000000000155,0.005400000000000155
490,1,0,0.04050000000000065,0.005220000000000082,0.005400000000000155,0.005400000000000155
491,1,0,0.04050000000000065,0.005220000000000082,0.005400000000000155,0.005400000000000155
492,1,0,0.041850000000000685,0.005310000000000083,0.005400000000000155,0.005400000000000155
493,1,0,0.04050000000000065,0.005220000000000082,0.005400000000000155,0.005400000000000155
494,1,0,0.04050000000000065,0.005220000000000082,0.005400000000000155,0.005400000000000155
495,1,0,0.04050000000000065,0.005220000000000082,0.005400000000000155,0.005400000000000155
496,1,0,0.04050000000000065,0.005220000000000082,0.005400000000000155,0.005400000000000155
497,1,0,0.04050000000000065,0.005220000000000082,0.005400000000000155,0.005400000000000155
498,1,0,0.04050000000000065,0.005220000000000082,0.005400000000000155,0.005400000000000155
499,1,0,0.04050000000000065,0.005220000000000082,0.005400000000000155,0.005400000000000155
500,1,0,0.04050000000000065,0.005220000000000082,0.005400000000000155,0.005400000000000155
501,1,0,0.04050000000000065,0.005220000000000082,0.005400000000000155,0.005400000000000155
502,1,0,0.04050000000000065,0.005220000000000082,0.005400000000000155,0.005400000000000155
503,1,0,0.04050000000000065,0.005220000000000082,0.005400000000000155,0.005400000000000155
504,1,0,0.04050000000000065,0.005220000000000082,0.005400000000000155,0.005400000000000155
505,1,0,0.04050000000000065,0.005220000000000082,0.005400000000000155,0.005400000000000155
506,1,0,0.04050000000000065,0.005220000000000082,0.005400000000000155,0.005400000000000155
507,1,0,0.04050000000000065,0.005220000000000082,0.005400000000000155,0.005400000000000155
508,1,0,0.04050000000000065,0.005220000000000082,0.005400000000000155,0.005400000000000155
509,1,0,0.04050000000000065,0.005220000000000082,0.005400000000000155,0.005400000000000155
510,1,0,0.04050000000000065,0.005220000000000082,0.005400000000000155,0.005400000000000155
511,1,0,0.041850000000000685,0.005400000000000086,0.006750000000000193,0.006750000000000193
512,1,0,0.04050000000000065,0.005220000000000082,0.005400000000000155,0.005400000000000155
513,1,0,0.04050000000000065,0.005220000000000082,0.005400000000000155,0.005400000000000155
514,1,0,0.04050000000000065,0.005220000000000082,0.005400000000000155,0.005400000000000155
515,1,0,0.041850000000000685,0.005310000000000083,0.005400000000000155,0.005400000000000155
516,1,0,0.04050000000000065,0.005220000000000082,0.005400000000000155,0.005400000000000155
517,1,0,0.04050000000000065,0.005220000000000082,0.005400000000000155,0.005400000000000155
518,1,0,0.041850000000000685,0.005310000000000083,0.005400000000000155,0.005400000000000155
519,1,0,0.04050000000000065,0.005220000000000082,0.005400000000000155,0.005400000000000155
520,1,0,0.04050000000000065,0.005220000000000082,0.005400000000000155,0.005400000000000155
521,1,0,0.041850000000000685,0.005310000000000083,0.005400000000000155,0.005400000000000155
522,1,0,0.04050000000000065,0.005220000000000082,0.005400000000000155,0.005400000000000155
523,1,0,0.04050000000000065,0.005220000000000082,0.005400000000000155,0.005400000000000155
524,1,0,0.04050000000000065,0.005220000000000082,0.005400000000000155,0.005400000000000155
525,1,0,0.04050000000000065,0.005220000000000082,0.005400000000000155,0.005400000000000155
526,1,0,0.04050000000000065,0.005220000000000082,0.005400000000000155,0.005400000000000155
527,1,0,0.04050000000000065,0.005220000000000082,0.005400000000000155,0.005400000000000155
528,1,0,0.041850000000000685,0.005370000000000086,0.006750000000000193,0.006750000000000193
529,1,0,0.04050000000000065,0.005220000000000082,0.005400000000000155,0.005400000000000155
530,1,0,0.04050000000000065,0.005220000000000082,0.005400000000000155,0.005400000000000155
531,1,0,0.04050000000000065,0.005220000000000082,0.005400000000000155,0.005400000000000155
532,1,0,0.041850000000000685,0.005310000000000083,0.005400000000000155,0.005400000000000155
533,1,0,0.04050000000000065,0.005220000000000082,0.005400000000000155,0.005400000000000155
534,1,0,0.04050000000000065,0.005220000000000082,0.005400000000000155,0.005400000000000155
535,1,0,0.04050000000000065,0.005220000000000082,0.005400000000000155,0.005400000000000155
536,1,0,0.04050000000000065,0.005220000000000082,0.005400000000000155,0.005400000000000155
537,1,0,0.04050000000000065,0.005220000000000082,0.005400000000000155,0.005400000000000155
538,1,0,0.041850000000000685,0.005310000000000083,0.005400000000000155,0.005400000000000155
539,1,0,0.041850000000000685,0.005400000000000086,0.006750000000000027,0.006750000000000027
540,1,0,0.04050000000000065,0.005220000000000082,0.005400000000000155,0.005400000000000155
541,1,0,0.04050000000000065,0.005220000000000082,0.005400000000000155,0.005400000000000155
542,1,0,0.04050000000000065,0.005220000000000082,0.005400000000000155,0.005400000000000155
543,1,0,0.04410000000000075,0.005635000000000093,0.006999999999999958,0.006999999999999958
544,1,0,0.04050000000000065,0.005220000000000082,0.005400000000000155,0.005400000000000155
545,1,0,0.04050000000000065,0.005220000000000082,0.005400000000000155,0.005400000000000155
546,1,0,0.04050000000000065,0.005220000000000082,0.005400000000000155,0.005400000000000155
547,1,0,0.04050000000000065,0.005220000000000082,0.005400000000000155,0.005400000000000155
548,1,0,0.04050000000000065,0.005220000000000082,0.005400000000000155,0.005400000000000155
549,1,0,0.04050000000000065,0.005220000000000082,0.005400000000000155,0.005400000000000155
550,1,0,0.04050000000000065,0.005220000000000082,0.005400000000000155,0.005400000000000155
551,1,0,0.04050000000000065,0.005220000000000082,0.005400000000000155,0.005400000000000155
552,1,0,0.04050000000000065,0.005220000000000082,0.005400000000000155,0.005400000000000155
553,1,0,0.04050000000000065,0.005220000000000082,0.005400000000000155,0.005400000000000155
554,1,0,0.04050000000000065,0.005220000000000082,0.005400000000000155,0.005400000000000155
555,1,0,0.04050000000000065,0.005220000000000082,0.005400000000000155,0.005400000000000155
556,1,0,0.04050000000000065,0.005220000000000082,0.005400000000000155,0.005400000000000155
557,1,0,0.04050000000000065,0.005220000000000082,0.005400000000000155,0.005400000000000155
558,1,0,0.04050000000000065,0.005220000000000082,0.005400000000000155,0.005400000000000155
559,1,0,0.04050000000000065,0.005220000000000082,0.005400000000000155,0.005400000000000155
560,1,0,0.04050000000000065,0.005220000000000082,0.005400000000000155,0.005400000000000155
561,1,0,0.04050000000000065,0.005220000000000082,0.005400000000000155,0.005400000000000155
562,1,0,0.04050000000000065,0.005220000000000082,0.005400000000000155,0.005400000000000155
563,1,0,0.04050000000000065,0.005220000000000082,0.005400000000000155,0.005400000000000155
564,1,0,0.041850000000000685,0.005310000000000083,0.005400000000000155,0.005400000000000155
565,1,0,0.04050000000000065,0.005220000000000082,0.005400000000000155,0.005400000000000155
566,1,0,0.041850000000000685,0.005310000000000083,0.005400000000000155,0.005400000000000155
567,1,0,0.04050000000000065,0.005220000000000082,0.005400000000000155,0.005400000000000155
568,1,0,0.04050000000000065,0.005220000000000082,0.005400000000000155,0.005400000000000155
569,1,0,0.04050000000000065,0.005220000000000082,0.005400000000000155,0.005400000000000155
570,1,0,0.04050000000000065,0.005220000000000082,0.005400000000000155,0.005400000000000155
571,1,0,0.04050000000000065,0.005220000000000082,0.005400000000000155,0.005400000000000155
572,1,0,0.04050000000000065,0.005220000000000082,0.005400000000000155,0.005400000000000155
573,1,0,0.04050000000000065,0.005220000000000082,0.005400000000000155,0.005400000000000155
574,1,0,0.04050000000000065,0.005220000000000082,0.005400000000000155,0.005400000000000155
575,1,0,0.04050000000000065,0.005220000000000082,0.005400000000000155,0.005400000000000155
576,1,0,0.04155000000000068,0.005368333333333419,0.006750000000000193,0.006750000000000193
577,1,0,0.04050000000000065,0.005220000000000082,0.005400000000000155,0.005400000000000155
578,1,0,0.041850000000000685,0.005310000000000083,0.005400000000000155,0.005400000000000155
579,1,0,0.04050000000000065,0.005220000000000082,0.005400000000000155,0.005400000000000155
580,1,0,0.04050000000000065,0.005220000000000082,0.005400000000000155,0.005400000000000155
581,1,0,0.04050000000000065,0.005220000000000082,0.005400000000000155,0.005400000000000155
582,1,0,0.04050000000000065,0.005220000000000082,0.005400000000000155,0.005400000000000155
583,1,0,0.04050000000000065,0.005220000000000082,0.005400000000000155,0.005400000000000155
584,1,0,0.04050000000000065,0.005220000000000082,0.005400000000000155,0.005400000000000155
585,1,0,0.04630000000000081,0.0059950000000001035,0.008300000000000118,0.008300000000000118
586,1,0,0.04050000000000065,0.005220000000000082,0.005400000000000155,0.005400000000000155
587,1,0,0.04050000000000065,0.005220000000000082,0.005400000000000155,0.005400000000000155
588,1,0,0.04050000000000065,0.005220000000000082,0.005400000000000155,0.005400000000000155
589,1,0,0.041850000000000685,0.005310000000000083,0.005400000000000155,0.005400000000000155
590,1,0,0.04050000000000065,0.005220000000000082,0.005400000000000155,0.005400000000000155
591,1,0,0.04050000000000065,0.005220000000000082,0.005400000000000155,0.005400000000000155
592,1,0,0.04050000000000065,0.005220000000000082,0.005400000000000155,0.005400000000000155
593,1,0,0.04050000000000065,0.005220000000000082,0.005400000000000155,0.005400000000000155
594,1,0,0.04050000000000065,0.005220000000000082,0.005400000000000155,0.005400000000000155
595,1,0,0.04050000000000065,0.005220000000000082,0.005400000000000155,0.005400000000000155
596,1,0,0.04050000000000065,0.005220000000000082,0.005400000000000155,0.005400000000000155
597,1,0,0.04050000000000065,0.005220000000000082,0.005400000000000155,0.005400000000000155
598,1,0,0.04050000000000065,0.005220000000000082,0.005400000000000155,0.005400000000000155
599,1,0,0.04050000000000065,0.005220000000000082,0.005400000000000155,0.005400000000000155
600,1,0,0.04050000000000065,0.005220000000000082,0.005400000000000155,0.005400000000000155
601,1,0,0.041850000000000685,0.005265000000000083,0.005400000000000155,0.005400000000000155
602,1,0,0.04050000000000065,0.005220000000000082,0.005400000000000155,0.005400000000000155
603,1,0,0.04050000000000065,0.005220000000000082,0.005400000000000155,0.005400000000000155
604,1,0,0.04050000000000065,0.005220000000000082,0.005400000000000155,0.005400000000000155
605,1,0,0.04050000000000065,0.005220000000000082,0.005400000000000155,0.005400000000000155
606,1,0,0.04050000000000065,0.005220000000000082,0.005400000000000155,0.005400000000000155
607,1,0,0.04050000000000065,0.005220000000000082,0.005400000000000155,0.005400000000000155
608,1,0,0.04050000000000065,0.005220000000000082,0.005400000000000155,0.005400000000000155
609,1,0,0.041850000000000685,0.005400000000000086,0.006750000000000193,0.006750000000000193
610,1,0,0.04050000000000065,0.005220000000000082,0.005400000000000155,0.005400000000000155
611,1,0,0.04050000000000065,0.005220000000000082,0.005400000000000155,0.005400000000000155
612,1,0,0.04050000000000065,0.005220000000000082,0.005400000000000155,0.005400000000000155
613,1,0,0.04050000000000065,0.005220000000000082,0.005400000000000155,0.005400000000000155
614,1,0,0.04050000000000065,0.005220000000000082,0.005400000000000155,0.005400000000000155
615,1,0,0.04050000000000065,0.005220000000000082,0.005400000000000155,0.005400000000000155
616,1,0,0.04050000000000065,0.005220000000000082,0.005400000000000155,0.005400000000000155
617,1,0,0.04050000000000065,0.005220000000000082,0.005400000000000155,0.005400000000000155
618,1,0,0.043200000000000724,0.00558000000000009,0.008100000000000232,0.008100000000000232
619,1,0,0.04050000000000065,0.005220000000000082,0.005400000000000155,0.005400000000000155
620,1,0,0.04050000000000065,0.005220000000000082,0.005400000000000155,0.005400000000000155
621,1,0,0.04050000000000065,0.005220000000000082,0.005400000000000155,0.005400000000000155
622,1,0,0.04050000000000065,0.005220000000000082,0.005400000000000155,0.005400000000000155
623,1,0,0.041850000000000685,0.005310000000000083,0.005400000000000155,0.005400000000000155
624,1,0,0.04050000000000065,0.005220000000000082,0.005400000000000155,0.005400000000000155
625,1,0,0.04050000000000065,0.005220000000000082,0.005400000000000155,0.005400000000000155
626,1,0,0.04050000000000065,0.005220000000000082,0.005400000000000155,0.005400000000000155
627,1,0,0.04050000000000065,0.005220000000000082,0.005400000000000155,0.005400000000000155
628,1,0,0.04050000000000065,0.005220000000000082,0.005400000000000155,0.005400000000000155
629,1,0,0.04050000000000065,0.005220000000000082,0.005400000000000155,0.005400000000000155
630,1,0,0.04050000000000065,0.005220000000000082,0.005400000000000155,0.005400000000000155
631,1,0,0.041850000000000685,0.005310000000000083,0.005400000000000155,0.005400000000000155
632,1,0,0.04050000000000065,0.005220000000000082,0.005400000000000155,0.005400000000000155
633,1,0,0.04050000000000065,0.005220000000000082,0.005400000000000155,0.005400000000000155
634,1,0,0.041850000000000685,0.005400000000000086,0.006750000000000193,0.006750000000000193
635,1,0,0.04050000000000065,0.005220000000000082,0.005400000000000155,0.005400000000000155
636,1,0,0.04050000000000065,0.005220000000000082,0.005400000000000155,0.005400000000000155
637,1,0,0.04050000000000065,0.005220000000000082,0.005400000000000155,0.005400000000000155
638,1,0,0.043200000000000724,0.005490000000000089,0.006750000000000193,0.006750000000000193
639,1,0,0.04050000000000065,0.005220000000000082,0.005400000000000155,0.005400000000000155
640,1,0,0.04050000000000065,0.005220000000000082,0.005400000000000155,0.005400000000000155
641,1,0,0.0459000000000008,0.005850000000000097,0.008100000000000232,0.008100000000000232
642,1,0,0.04050000000000065,0.005220000000000082,0.005400000000000155,0.005400000000000155
643,1,0,0.043200000000000724,0.005580000000000093,0.006750000000000193,0.006750000000000193
644,1,0,0.04050000000000065,0.005220000000000082,0.005400000000000155,0.005400000000000155
645,1,0,0.04050000000000065,0.005220000000000082,0.005400000000000155,0.005400000000000155
646,1,0,0.04050000000000065,0.005220000000000082,0.005400000000000155,0.005400000000000155
647,1,0,0.04050000000000065,0.005220000000000082,0.005400000000000155,0.005400000000000155
648,1,0,0.04050000000000065,0.005220000000000082,0.005400000000000155,0.005400000000000155
649,1,0,0.04050000000000065,0.005220000000000082,0.005400000000000155,0.005400000000000155
650,1,0,0.04050000000000065,0.005220000000000082,0.005400000000000155,0.005400000000000155
651,1,0,0.04050000000000065,0.005220000000000082,0.005400000000000155,0.005400000000000155
652,1,0,0.04050000000000065,0.005220000000000082,0.005400000000000155,0.005400000000000155
653,1,0,0.04050000000000065,0.005220000000000082,0.005400000000000155,0.005400000000000155
654,1,0,0.041850000000000685,0.005310000000000083,0.005400000000000155,0.005400000000000155
655,1,0,0.04050000000000065,0.005220000000000082,0.005400000000000155,0.005400000000000155
656,1,0,0.04050000000000065,0.005220000000000082,0.005400000000000155,0.005400000000000155
657,1,0,0.04050000000000065,0.005220000000000082,0.005400000000000155,0.005400000000000155
658,1,0,0.04050000000000065,0.005220000000000082,0.005400000000000155,0.005400000000000155
659,1,0,0.04050000000000065,0.005220000000000082,0.005400000000000155,0.005400000000000155
660,1,0,0.04050000000000065,0.005220000000000082,0.005400000000000155,0.005400000000000155
661,1,0,0.041850000000000685,0.005310000000000083,0.005400000000000155,0.005400000000000155
662,1,0,0.04050000000000065,0.005220000000000082,0.005400000000000155,0.005400000000000155
663,1,0,0.04050000000000065,0.005220000000000082,0.005400000000000155,0.005400000000000155
664,1,0,0.04050000000000065,0.005220000000000082,0.005400000000000155,0.005400000000000155
665,1,0,0.04050000000000065,0.005220000000000082,0.005400000000000155,0.005400000000000155
666,1,0,0.04050000000000065,0.005220000000000082,0.005400000000000155,0.005400000000000155
667,1,0,0.04050000000000065,0.005220000000000082,0.005400000000000155,0.005400000000000155
668,1,0,0.04050000000000065,0.005220000000000082,0.005400000000000155,0.005400000000000155
669,1,0,0.04050000000000065,0.005220000000000082,0.005400000000000155,0.005400000000000155
670,1,0,0.04050000000000065,0.005220000000000082,0.005400000000000155,0.005400000000000155
671,1,0,0.04050000000000065,0.005220000000000082,0.005400000000000155,0.005400000000000155
672,1,0,0.041850000000000685,0.005400000000000086,0.006750000000000193,0.006750000000000193
673,1,0,0.043200000000000724,0.005400000000000086,0.005400000000000155,0.005400000000000155
674,1,0,0.04050000000000065,0.005220000000000082,0.005400000000000155,0.005400000000000155
675,1,0,0.04050000000000065,0.005220000000000082,0.005400000000000155,0.005400000000000155
676,1,0,0.04050000000000065,0.005220000000000082,0.005400000000000155,0.005400000000000155
677,1,0,0.04050000000000065,0.005220000000000082,0.005400000000000155,0.005400000000000155
678,1,0,0.04050000000000065,0.005220000000000082,0.005400000000000155,0.005400000000000155
679,1,0,0.04050000000000065,0.005220000000000082,0.005400000000000155,0.005400000000000155
680,1,0,0.04050000000000065,0.005220000000000082,0.005400000000000155,0.005400000000000155
681,1,0,0.04050000000000065,0.005220000000000082,0.005400000000000155,0.005400000000000155
682,1,0,0.04050000000000065,0.005220000000000082,0.005400000000000155,0.005400000000000155
683,1,0,0.04050000000000065,0.005220000000000082,0.005400000000000155,0.005400000000000155
684,1,0,0.04050000000000065,0.005220000000000082,0.005400000000000155,0.005400000000000155
685,1,0,0.04050000000000065,0.005220000000000082,0.005400000000000155,0.005400000000000155
686,1,0,0.041850000000000685,0.005310000000000083,0.005400000000000155,0.005400000000000155
687,1,0,0.04050000000000065,0.005220000000000082,0.005400000000000155,0.005400000000000155
688,1,0,0.04050000000000065,0.005220000000000082,0.005400000000000155,0.005400000000000155
689,1,0,0.04050000000000065,0.005220000000000082,0.005400000000000155,0.005400000000000155
690,1,0,0.04050000000000065,0.005220000000000082,0.005400000000000155,0.005400000000000155
691,1,0,0.04050000000000065,0.005220000000000082,0.005400000000000155,0.005400000000000155
692,1,0,0.04050000000000065,0.005220000000000082,0.005400000000000155,0.005400000000000155
693,1,0,0.04050000000000065,0.005220000000000082,0.005400000000000155,0.005400000000000155
694,1,0,0.04050000000000065,0.005220000000000082,0.005400000000000155,0.005400000000000155
695,1,0,0.041850000000000685,0.005378333333333418,0.006750000000000027,0.006750000000000027
696,1,0,0.04050000000000065,0.005220000000000082,0.005400000000000155,0.005400000000000155
697,1,0,0.04050000000000065,0.005220000000000082,0.005400000000000155,0.005400000000000155
698,1,0,0.041850000000000685,0.005310000000000083,0.005400000000000155,0.005400000000000155
699,1,0,0.041850000000000685,0.005310000000000083,0.005400000000000155,0.005400000000000155
700,1,0,0.04050000000000065,0.005220000000000082,0.005400000000000155,0.005400000000000155
701,1,0,0.04050000000000065,0.005220000000000082,0.005400000000000155,0.005400000000000155
702,1,0,0.04050000000000065,0.005220000000000082,0.005400000000000155,0.005400000000000155
703,1,0,0.04050000000000065,0.005220000000000082,0.005400000000000155,0.005400000000000155
704,1,0,0.04050000000000065,0.005220000000000082,0.005400000000000155,0.005400000000000155
705,1,0,0.041850000000000685,0.005310000000000083,0.005400000000000155,0.005400000000000155
706,1,0,0.04050000000000065,0.005220000000000082,0.005400000000000155,0.005400000000000155
707,1,0,0.04050000000000065,0.005220000000000082,0.005400000000000155,0.005400000000000155
708,1,0,0.04050000000000065,0.005220000000000082,0.005400000000000155,0.005400000000000155
709,1,0,0.04050000000000065,0.005220000000000082,0.005400000000000155,0.005400000000000155
710,1,0,0.04050000000000065,0.005220000000000082,0.005400000000000155,0.005400000000000155
711,1,0,0.04050000000000065,0.005220000000000082,0.005400000000000155,0.005400000000000155
712,1,0,0.04050000000000065,0.005220000000000082,0.005400000000000155,0.005400000000000155
713,1,0,0.04050000000000065,0.005220000000000082,0.005400000000000155,0.005400000000000155
714,1,0,0.04050000000000065,0.005220000000000082,0.005400000000000155,0.005400000000000155
715,1,0,0.04050000000000065,0.005220000000000082,0.005400000000000155,0.005400000000000155
716,1,0,0.041850000000000685,0.005310000000000083,0.005400000000000155,0.005400000000000155
717,1,0,0.04050000000000065,0.005220000000000082,0.005400000000000155,0.005400000000000155
718,1,0,0.04050000000000065,0.005220000000000082,0.005400000000000155,0.005400000000000155
719,1,0,0.04050000000000065,0.005220000000000082,0.005400000000000155,0.005400000000000155
720,1,0,0.04050000000000065,0.005220000000000082,0.005400000000000155,0.005400000000000155
721,1,0,0.04050000000000065,0.005220000000000082,0.005400000000000155,0.005400000000000155
722,1,0,0.04050000000000065,0.005220000000000082,0.005400000000000155,0.005400000000000155
723,1,0,0.04050000000000065,0.005220000000000082,0.005400000000000155,0.005400000000000155
724,1,0,0.04050000000000065,0.005220000000000082,0.005400000000000155,0.005400000000000155
725,1,0,0.04050000000000065,0.005220000000000082,0.005400000000000155,0.005400000000000155
726,1,0,0.04050000000000065,0.005220000000000082,0.005400000000000155,0.005400000000000155
727,1,0,0.04050000000000065,0.005220000000000082,0.005400000000000155,0.005400000000000155
728,1,0,0.04050000000000065,0.005220000000000082,0.005400000000000155,0.005400000000000155
729,1,0,0.04050000000000065,0.005220000000000082,0.005400000000000155,0.005400000000000155
730,1,0,0.04050000000000065,0.005220000000000082,0.005400000000000155,0.005400000000000155
731,1,0,0.04050000000000065,0.005220000000000082,0.005400000000000155,0.005400000000000155
732,1,0,0.041850000000000685,0.005400000000000086,0.006749999999999987,0.006749999999999987
733,1,0,0.043200000000000724,0.0054900000000000886,0.006749999999999959,0.006749999999999959
734,1,0,0.041850000000000685,0.005310000000000083,0.005400000000000155,0.005400000000000155
735,1,0,0.04050000000000065,0.005220000000000082,0.005400000000000155,0.005400000000000155
736,1,0,0.041850000000000685,0.005310000000000083,0.005400000000000155,0.005400000000000155
737,1,0,0.04050000000000065,0.005220000000000082,0.005400000000000155,0.005400000000000155
738,1,0,0.04050000000000065,0.005220000000000082,0.005400000000000155,0.005400000000000155
739,1,0,0.04050000000000065,0.005220000000000082,0.005400000000000155,0.005400000000000155
740,1,0,0.04050000000000065,0.005220000000000082,0.005400000000000155,0.005400000000000155
741,1,0,0.041850000000000685,0.005310000000000083,0.005400000000000155,0.005400000000000155
742,1,0,0.04050000000000065,0.005220000000000082,0.005400000000000155,0.005400000000000155
743,1,0,0.04050000000000065,0.005220000000000082,0.005400000000000155,0.005400000000000155
744,1,0,0.041850000000000685,0.005400000000000086,0.006750000000000027,0.006750000000000027
745,1,0,0.04050000000000065,0.005220000000000082,0.005400000000000155,0.005400000000000155
746,1,0,0.04050000000000065,0.005220000000000082,0.005400000000000155,0.005400000000000155
747,1,0,0.04050000000000065,0.005220000000000082,0.005400000000000155,0.005400000000000155
748,1,0,0.04050000000000065,0.005220000000000082,0.005400000000000155,0.005400000000000155
749,1,0,0.041850000000000685,0.005310000000000083,0.005400000000000155,0.005400000000000155
750,1,0,0.04050000000000065,0.005220000000000082,0.005400000000000155,0.005400000000000155
751,1,0,0.041850000000000685,0.005310000000000083,0.005400000000000155,0.005400000000000155
752,1,0,0.041850000000000685,0.005400000000000088,0.006750000000000193,0.006750000000000193
753,1,0,0.04455000000000076,0.0057383333333334285,0.008099999999999951,0.008099999999999951
754,1,0,0.041850000000000685,0.005310000000000083,0.005400000000000155,0.005400000000000155
755,1,0,0.04050000000000065,0.005220000000000082,0.005400000000000155,0.005400000000000155
756,1,0,0.04050000000000065,0.005220000000000082,0.005400000000000155,0.005400000000000155
757,1,0,0.04050000000000065,0.005220000000000082,0.005400000000000155,0.005400000000000155
758,1,0,0.041850000000000685,0.005378333333333418,0.006749999999999959,0.006749999999999959
759,1,0,0.04050000000000065,0.005220000000000082,0.005400000000000155,0.005400000000000155
760,1,0,0.04050000000000065,0.005220000000000082,0.005400000000000155,0.005400000000000155
761,1,0,0.04050000000000065,0.005220000000000082,0.005400000000000155,0.005400000000000155
762,1,0,0.04050000000000065,0.005220000000000082,0.005400000000000155,0.005400000000000155
763,1,0,0.04050000000000065,0.005220000000000082,0.005400000000000155,0.005400000000000155
764,1,0,0.04050000000000065,0.005220000000000082,0.005400000000000155,0.005400000000000155
765,1,0,0.04050000000000065,0.005220000000000082,0.005400000000000155,0.005400000000000155
766,1,0,0.04050000000000065,0.005220000000000082,0.005400000000000155,0.005400000000000155
767,1,0,0.04050000000000065,0.005220000000000082,0.005400000000000155,0.005400000000000155
768,1,0,0.04345000000000073,0.005541666666666758,0.006749999999999959,0.006749999999999959
769,1,0,0.041850000000000685,0.005310000000000083,0.005400000000000155,0.005400000000000155
770,1,0,0.04050000000000065,0.005220000000000082,0.005400000000000155,0.005400000000000155
771,1,0,0.041850000000000685,0.005310000000000083,0.005400000000000155,0.005400000000000155
772,1,0,0.04050000000000065,0.005220000000000082,0.005400000000000155,0.005400000000000155
773,1,0,0.04050000000000065,0.005220000000000082,0.005400000000000155,0.005400000000000155
774,1,0,0.041850000000000685,0.005310000000000083,0.005400000000000155,0.005400000000000155
775,1,0,0.04050000000000065,0.005220000000000082,0.005400000000000155,0.005400000000000155
776,1,0,0.04050000000000065,0.005220000000000082,0.005400000000000155,0.005400000000000155
777,1,0,0.04050000000000065,0.005220000000000082,0.005400000000000155,0.005400000000000155
778,1,0,0.04050000000000065,0.005220000000000082,0.005400000000000155,0.005400000000000155
779,1,0,0.04050000000000065,0.005220000000000082,0.005400000000000155,0.005400000000000155
780,1,0,0.043200000000000724,0.005580000000000093,0.008099999999999951,0.008099999999999951
781,1,0,0.04050000000000065,0.005220000000000082,0.005400000000000155,0.005400000000000155
782,1,0,0.04050000000000065,0.005220000000000082,0.005400000000000155,0.005400000000000155
783,1,0,0.04050000000000065,0.005220000000000082,0.005400000000000155,0.005400000000000155
784,1,0,0.04050000000000065,0.005220000000000082,0.005400000000000155,0.005400000000000155
785,1,0,0.041850000000000685,0.005310000000000083,0.005400000000000155,0.005400000000000155
786,1,0,0.04050000000000065,0.005220000000000082,0.005400000000000155,0.005400000000000155
787,1,0,0.04050000000000065,0.005220000000000082,0.005400000000000155,0.005400000000000155
788,1,0,0.04050000000000065,0.005220000000000082,0.005400000000000155,0.005400000000000155
789,1,0,0.04050000000000065,0.005220000000000082,0.005400000000000155,0.005400000000000155
790,1,0,0.04050000000000065,0.005220000000000082,0.005400000000000155,0.005400000000000155
791,1,0,0.04050000000000065,0.005220000000000082,0.005400000000000155,0.005400000000000155
792,1,0,0.04050000000000065,0.005220000000000082,0.005400000000000155,0.005400000000000155
793,1,0,0.041850000000000685,0.005310000000000083,0.005400000000000155,0.005400000000000155
794,1,0,0.04050000000000065,0.005220000000000082,0.005400000000000155,0.005400000000000155
795,1,0,0.04050000000000065,0.005220000000000082,0.005400000000000155,0.005400000000000155
796,1,0,0.04050000000000065,0.005220000000000082,0.005400000000000155,0.005400000000000155
797,1,0,0.04050000000000065,0.005220000000000082,0.005400000000000155,0.005400000000000155
798,1,0,0.04050000000000065,0.005220000000000082,0.005400000000000155,0.005400000000000155
799,1,0,0.04050000000000065,0.005220000000000082,0.005400000000000155,0.005400000000000155
800,1,0,0.04050000000000065,0.005220000000000082,0.005400000000000155,0.005400000000000155
801,1,0,0.04050000000000065,0.005220000000000082,0.005400000000000155,0.005400000000000155
802,1,0,0.041850000000000685,0.005400000000000086,0.006750000000000193,0.006750000000000193
803,1,0,0.04050000000000065,0.005220000000000082,0.005400000000000155,0.005400000000000155
804,1,0,0.04050000000000065,0.005220000000000082,0.005400000000000155,0.005400000000000155
805,1,0,0.04050000000000065,0.005220000000000082,0.005400000000000155,0.005400000000000155
806,1,0,0.04155000000000068,0.0053683333333334185,0.006750000000000027,0.006750000000000027
807,1,0,0.04050000000000065,0.005220000000000082,0.005400000000000155,0.005400000000000155
808,1,0,0.041850000000000685,0.005310000000000083,0.005400000000000155,0.005400000000000155
809,1,0,0.04050000000000065,0.005220000000000082,0.005400000000000155,0.005400000000000155
810,1,0,0.04050000000000065,0.005220000000000082,0.005400000000000155,0.005400000000000155
811,1,0,0.04050000000000065,0.005220000000000082,0.005400000000000155,0.005400000000000155
812,1,0,0.041850000000000685,0.00540833333333342,0.006750000000000193,0.006750000000000193
813,1,0,0.04050000000000065,0.005220000000000082,0.005400000000000155,0.005400000000000155
814,1,0,0.04050000000000065,0.005220000000000082,0.005400000000000155,0.005400000000000155
815,1,0,0.04050000000000065,0.005220000000000082,0.005400000000000155,0.005400000000000155
816,1,0,0.04050000000000065,0.005220000000000082,0.005400000000000155,0.005400000000000155
817,1,0,0.04050000000000065,0.005220000000000082,0.005400000000000155,0.005400000000000155
818,1,0,0.041850000000000685,0.005400000000000088,0.006750000000000193,0.006750000000000193
819,1,0,0.04155000000000068,0.0053683333333334185,0.006749999999999959,0.006749999999999959
820,1,0,0.04050000000000065,0.005220000000000082,0.005400000000000155,0.005400000000000155
821,1,0,0.04050000000000065,0.005220000000000082,0.005400000000000155,0.005400000000000155
822,1,0,0.04050000000000065,0.005220000000000082,0.005400000000000155,0.005400000000000155
823,1,0,0.04050000000000065,0.005220000000000082,0.005400000000000155,0.005400000000000155
824,1,0,0.04050000000000065,0.005220000000000082,0.005400000000000155,0.005400000000000155
825,1,0,0.041850000000000685,0.005400000000000086,0.006750000000000027,0.006750000000000027
826,1,0,0.043200000000000724,0.0054900000000000886,0.006750000000000193,0.006750000000000193
827,1,0,0.04455000000000076,0.005573333333333425,0.006750000000000193,0.006750000000000193
828,1,0,0.04050000000000065,0.005220000000000082,0.005400000000000155,0.005400000000000155
829,1,0,0.04050000000000065,0.005220000000000082,0.005400000000000155,0.005400000000000155
830,1,0,0.041850000000000685,0.005378333333333418,0.006750000000000027,0.006750000000000027
831,1,0,0.04050000000000065,0.005220000000000082,0.005400000000000155,0.005400000000000155
832,1,0,0.04050000000000065,0.005220000000000082,0.005400000000000155,0.005400000000000155
833,1,0,0.041850000000000685,0.005310000000000083,0.005400000000000155,0.005400000000000155
834,1,0,0.041850000000000685,0.005310000000000083,0.005400000000000155,0.005400000000000155
835,1,0,0.04050000000000065,0.005220000000000082,0.005400000000000155,0.005400000000000155
836,1,0,0.04050000000000065,0.005220000000000082,0.005400000000000155,0.005400000000000155
837,1,0,0.04155000000000068,0.0053683333333334185,0.006750000000000193,0.006750000000000193
838,1,0,0.04050000000000065,0.005220000000000082,0.005400000000000155,0.005400000000000155
839,1,0,0.04050000000000065,0.005220000000000082,0.005400000000000155,0.005400000000000155
840,1,0,0.04050000000000065,0.005220000000000082,0.005400000000000155,0.005400000000000155
841,1,0,0.04050000000000065,0.005220000000000082,0.005400000000000155,0.005400000000000155
842,1,0,0.04050000000000065,0.005220000000000082,0.005400000000000155,0.005400000000000155
843,1,0,0.04050000000000065,0.005220000000000082,0.005400000000000155,0.005400000000000155
844,1,0,0.04050000000000065,0.005220000000000082,0.005400000000000155,0.005400000000000155
845,1,0,0.04050000000000065,0.005220000000000082,0.005400000000000155,0.005400000000000155
846,1,0,0.04050000000000065,0.005220000000000082,0.005400000000000155,0.005400000000000155
847,1,0,0.04050000000000065,0.005220000000000082,0.005400000000000155,0.005400000000000155
848,1,0,0.04050000000000065,0.005220000000000082,0.005400000000000155,0.005400000000000155
849,1,0,0.04050000000000065,0.005220000000000082,0.005400000000000155,0.005400000000000155
850,1,0,0.04050000000000065,0.005220000000000082,0.005400000000000155,0.005400000000000155
851,1,0,0.04050000000000065,0.005220000000000082,0.005400000000000155,0.005400000000000155
852,1,0,0.04050000000000065,0.005220000000000082,0.005400000000000155,0.005400000000000155
853,1,0,0.04050000000000065,0.005220000000000082,0.005400000000000155,0.005400000000000155
854,1,0,0.04050000000000065,0.005220000000000082,0.005400000000000155,0.005400000000000155
855,1,0,0.041850000000000685,0.005310000000000083,0.005400000000000155,0.005400000000000155
856,1,0,0.04050000000000065,0.005220000000000082,0.005400000000000155,0.005400000000000155
857,1,0,0.04050000000000065,0.005220000000000082,0.005400000000000155,0.005400000000000155
858,1,0,0.041850000000000685,0.005400000000000086,0.006750000000000193,0.006750000000000193
859,1,0,0.04050000000000065,0.005220000000000082,0.005400000000000155,0.005400000000000155
860,1,0,0.041850000000000685,0.005400000000000086,0.006750000000000193,0.006750000000000193
861,1,0,0.04050000000000065,0.005220000000000082,0.005400000000000155,0.005400000000000155
862,1,0,0.041850000000000685,0.005310000000000083,0.005400000000000155,0.005400000000000155
863,1,0,0.04050000000000065,0.005220000000000082,0.005400000000000155,0.005400000000000155
864,1,0,0.04050000000000065,0.005220000000000082,0.005400000000000155,0.005400000000000155
865,1,0,0.04050000000000065,0.005220000000000082,0.005400000000000155,0.005400000000000155
866,1,0,0.04050000000000065,0.005220000000000082,0.005400000000000155,0.005400000000000155
867,1,0,0.043200000000000724,0.00558000000000009,0.008100000000000232,0.008100000000000232
868,1,0,0.041850000000000685,0.005400000000000086,0.006749999999999959,0.006749999999999959
869,1,0,0.04050000000000065,0.005220000000000082,0.005400000000000155,0.005400000000000155
870,1,0,0.04050000000000065,0.005220000000000082,0.005400000000000155,0.005400000000000155
871,1,0,0.04050000000000065,0.005220000000000082,0.005400000000000155,0.005400000000000155
872,1,0,0.04050000000000065,0.005220000000000082,0.005400000000000155,0.005400000000000155
873,1,0,0.04050000000000065,0.005220000000000082,0.005400000000000155,0.005400000000000155
874,1,0,0.04050000000000065,0.005220000000000082,0.005400000000000155,0.005400000000000155
875,1,0,0.04050000000000065,0.005220000000000082,0.005400000000000155,0.005400000000000155
876,1,0,0.04050000000000065,0.005220000000000082,0.005400000000000155,0.005400000000000155
877,1,0,0.041850000000000685,0.005310000000000083,0.005400000000000155,0.005400000000000155
878,1,0,0.04050000000000065,0.005220000000000082,0.005400000000000155,0.005400000000000155
879,1,0,0.04050000000000065,0.005220000000000082,0.005400000000000155,0.005400000000000155
880,1,0,0.04050000000000065,0.005220000000000082,0.005400000000000155,0.005400000000000155
881,1,0,0.04050000000000065,0.005220000000000082,0.005400000000000155,0.005400000000000155
882,1,0,0.04050000000000065,0.005220000000000082,0.005400000000000155,0.005400000000000155
883,1,0,0.04050000000000065,0.005220000000000082,0.005400000000000155,0.005400000000000155
884,1,0,0.04050000000000065,0.005220000000000082,0.005400000000000155,0.005400000000000155
885,1,0,0.04050000000000065,0.005220000000000082,0.005400000000000155,0.005400000000000155
886,1,0,0.04050000000000065,0.005220000000000082,0.005400000000000155,0.005400000000000155
887,1,0,0.04050000000000065,0.005220000000000082,0.005400000000000155,0.005400000000000155
888,1,0,0.041850000000000685,0.005378333333333418,0.006750000000000027,0.006750000000000027
889,1,0,0.04050000000000065,0.005220000000000082,0.005400000000000155,0.005400000000000155
890,1,0,0.04050000000000065,0.005220000000000082,0.005400000000000155,0.005400000000000155
891,1,0,0.04050000000000065,0.005220000000000082,0.005400000000000155,0.005400000000000155
892,1,0,0.04050000000000065,0.005220000000000082,0.005400000000000155,0.005400000000000155
893,1,0,0.041850000000000685,0.0054083333333334194,0.007000000000000034,0.007000000000000034
894,1,0,0.04050000000000065,0.005220000000000082,0.005400000000000155,0.005400000000000155
895,1,0,0.04050000000000065,0.005220000000000082,0.005400000000000155,0.005400000000000155
896,1,0,0.04050000000000065,0.005220000000000082,0.005400000000000155,0.005400000000000155
897,1,0,0.04050000000000065,0.005220000000000082,0.005400000000000155,0.005400000000000155
898,1,0,0.04050000000000065,0.005220000000000082,0.005400000000000155,0.005400000000000155
899,1,0,0.04050000000000065,0.005220000000000082,0.005400000000000155,0.005400000000000155
900,1,0,0.04050000000000065,0.005220000000000082,0.005400000000000155,0.005400000000000155
901,1,0,0.04050000000000065,0.005220000000000082,0.005400000000000155,0.005400000000000155
902,1,0,0.04050000000000065,0.005220000000000082,0.005400000000000155,0.005400000000000155
903,1,0,0.04050000000000065,0.005220000000000082,0.005400000000000155,0.005400000000000155
904,1,0,0.04050000000000065,0.005220000000000082,0.005400000000000155,0.005400000000000155
905,1,0,0.04050000000000065,0.005220000000000082,0.005400000000000155,0.005400000000000155
906,1,0,0.043200000000000724,0.0054900000000000886,0.006750000000000193,0.006750000000000193
907,1,0,0.04050000000000065,0.005220000000000082,0.005400000000000155,0.005400000000000155
908,1,0,0.04050000000000065,0.005220000000000082,0.005400000000000155,0.005400000000000155
909,1,0,0.04050000000000065,0.005220000000000082,0.005400000000000155,0.005400000000000155
910,1,0,0.041850000000000685,0.005400000000000086,0.006750000000000193,0.006750000000000193
911,1,0,0.04050000000000065,0.005220000000000082,0.005400000000000155,0.005400000000000155
912,1,0,0.04050000000000065,0.005220000000000082,0.005400000000000155,0.005400000000000155
913,1,0,0.041850000000000685,0.005310000000000083,0.005400000000000155,0.005400000000000155
914,1,0,0.04050000000000065,0.005220000000000082,0.005400000000000155,0.005400000000000155
915,1,0,0.04050000000000065,0.005220000000000082,0.005400000000000155,0.005400000000000155
916,1,0,0.043200000000000724,0.005400000000000086,0.005400000000000155,0.005400000000000155
917,1,0,0.04050000000000065,0.005220000000000082,0.005400000000000155,0.005400000000000155
918,1,0,0.04050000000000065,0.005220000000000082,0.005400000000000155,0.005400000000000155
919,1,0,0.04050000000000065,0.005220000000000082,0.005400000000000155,0.005400000000000155
920,1,0,0.04050000000000065,0.005220000000000082,0.005400000000000155,0.005400000000000155
921,1,0,0.04050000000000065,0.005220000000000082,0.005400000000000155,0.005400000000000155
922,1,0,0.04050000000000065,0.005220000000000082,0.005400000000000155,0.005400000000000155
923,1,0,0.04050000000000065,0.005220000000000082,0.005400000000000155,0.005400000000000155
924,1,0,0.041850000000000685,0.005310000000000083,0.005400000000000155,0.005400000000000155
925,1,0,0.041850000000000685,0.005310000000000083,0.005400000000000155,0.005400000000000155
926,1,0,0.04050000000000065,0.005220000000000082,0.005400000000000155,0.005400000000000155
927,1,0,0.04050000000000065,0.005220000000000082,0.005400000000000155,0.005400000000000155
928,1,0,0.04050000000000065,0.005220000000000082,0.005400000000000155,0.005400000000000155
929,1,0,0.041850000000000685,0.005400000000000086,0.006750000000000193,0.006750000000000193
930,1,0,0.04050000000000065,0.005220000000000082,0.005400000000000155,0.005400000000000155
931,1,0,0.04050000000000065,0.005220000000000082,0.005400000000000155,0.005400000000000155
932,1,0,0.04050000000000065,0.005220000000000082,0.005400000000000155,0.005400000000000155
933,1,0,0.041850000000000685,0.005310000000000083,0.005400000000000155,0.005400000000000155
934,1,0,0.04050000000000065,0.005220000000000082,0.005400000000000155,0.005400000000000155
935,1,0,0.04050000000000065,0.005220000000000082,0.005400000000000155,0.005400000000000155
936,1,0,0.04050000000000065,0.005220000000000082,0.005400000000000155,0.005400000000000155
937,1,0,0.04050000000000065,0.005220000000000082,0.005400000000000155,0.005400000000000155
938,1,0,0.04050000000000065,0.005220000000000082,0.005400000000000155,0.005400000000000155
939,1,0,0.04050000000000065,0.005220000000000082,0.005400000000000155,0.005400000000000155
940,1,0,0.04050000000000065,0.005220000000000082,0.005400000000000155,0.005400000000000155
941,1,0,0.04050000000000065,0.005220000000000082,0.005400000000000155,0.005400000000000155
942,1,0,0.04050000000000065,0.005220000000000082,0.005400000000000155,0.005400000000000155
943,1,0,0.04050000000000065,0.005220000000000082,0.005400000000000155,0.005400000000000155
944,1,0,0.04050000000000065,0.005220000000000082,0.005400000000000155,0.005400000000000155
945,1,0,0.04050000000000065,0.005220000000000082,0.005400000000000155,0.005400000000000155
946,1,0,0.04050000000000065,0.005220000000000082,0.005400000000000155,0.005400000000000155
947,1,0,0.04050000000000065,0.005220000000000082,0.005400000000000155,0.005400000000000155
948,1,0,0.04050000000000065,0.005220000000000082,0.005400000000000155,0.005400000000000155
949,1,0,0.04050000000000065,0.005220000000000082,0.005400000000000155,0.005400000000000155
950,1,0,0.04050000000000065,0.005220000000000082,0.005400000000000155,0.005400000000000155
951,1,0,0.04050000000000065,0.005220000000000082,0.005400000000000155,0.005400000000000155
952,1,0,0.04050000000000065,0.005220000000000082,0.005400000000000155,0.005400000000000155
953,1,0,0.04050000000000065,0.005220000000000082,0.005400000000000155,0.005400000000000155
954,1,0,0.04050000000000065,0.005220000000000082,0.005400000000000155,0.005400000000000155
955,1,0,0.04050000000000065,0.005220000000000082,0.005400000000000155,0.005400000000000155
956,1,0,0.04190000000000069,0.005380000000000085,0.006750000000000193,0.006750000000000193
957,1,0,0.04050000000000065,0.005220000000000082,0.005400000000000155,0.005400000000000155
958,1,0,0.041850000000000685,0.005400000000000086,0.006749999999999987,0.006749999999999987
959,1,0,0.04050000000000065,0.005220000000000082,0.005400000000000155,0.005400000000000155
960,1,0,0.04050000000000065,0.005220000000000082,0.005400000000000155,0.005400000000000155
961,1,0,0.041850000000000685,0.0054083333333334194,0.0070000000000002005,0.0070000000000002005
962,1,0,0.04050000000000065,0.005220000000000082,0.005400000000000155,0.005400000000000155
963,1,0,0.04050000000000065,0.005220000000000082,0.005400000000000155,0.005400000000000155
964,1,0,0.04050000000000065,0.005220000000000082,0.005400000000000155,0.005400000000000155
965,1,0,0.04050000000000065,0.005220000000000082,0.005400000000000155,0.005400000000000155
966,1,0,0.04050000000000065,0.005220000000000082,0.005400000000000155,0.005400000000000155
967,1,0,0.04050000000000065,0.005220000000000082,0.005400000000000155,0.005400000000000155
968,1,0,0.04050000000000065,0.005220000000000082,0.005400000000000155,0.005400000000000155
969,1,0,0.04050000000000065,0.005220000000000082,0.005400000000000155,0.005400000000000155
970,1,0,0.04050000000000065,0.005220000000000082,0.005400000000000155,0.005400000000000155
971,1,0,0.04050000000000065,0.005220000000000082,0.005400000000000155,0.005400000000000155
972,1,0,0.04050000000000065,0.005220000000000082,0.005400000000000155,0.005400000000000155
973,1,0,0.041850000000000685,0.005400000000000088,0.006750000000000193,0.006750000000000193
974,1,0,0.04050000000000065,0.005220000000000082,0.005400000000000155,0.005400000000000155
975,1,0,0.04050000000000065,0.005220000000000082,0.005400000000000155,0.005400000000000155
976,1,0,0.04050000000000065,0.005220000000000082,0.005400000000000155,0.005400000000000155
977,1,0,0.041850000000000685,0.005310000000000083,0.005400000000000155,0.005400000000000155
978,1,0,0.043200000000000724,0.005580000000000093,0.008100000000000232,0.008100000000000232
979,1,0,0.04050000000000065,0.005220000000000082,0.005400000000000155,0.005400000000000155
980,1,0,0.04050000000000065,0.005220000000000082,0.005400000000000155,0.005400000000000155
981,1,0,0.04155000000000068,0.0053683333333334185,0.006750000000000027,0.006750000000000027
982,1,0,0.04050000000000065,0.005220000000000082,0.005400000000000155,0.005400000000000155
983,1,0,0.04050000000000065,0.005220000000000082,0.005400000000000155,0.005400000000000155
984,1,0,0.041850000000000685,0.005400000000000086,0.006750000000000193,0.006750000000000193
985,1,0,0.04050000000000065,0.005220000000000082,0.005400000000000155,0.005400000000000155
986,1,0,0.04050000000000065,0.005220000000000082,0.005400000000000155,0.005400000000000155
987,1,0,0.04050000000000065,0.005220000000000082,0.005400000000000155,0.005400000000000155
988,1,0,0.04050000000000065,0.005220000000000082,0.005400000000000155,0.005400000000000155
989,1,0,0.04050000000000065,0.005220000000000082,0.005400000000000155,0.005400000000000155
990,1,0,0.04050000000000065,0.005220000000000082,0.005400000000000155,0.005400000000000155
991,1,0,0.04050000000000065,0.005220000000000082,0.005400000000000155,0.005400000000000155
992,1,0,0.04050000000000065,0.005220000000000082,0.005400000000000155,0.005400000000000155
993,1,0,0.04050000000000065,0.005220000000000082,0.005400000000000155,0.005400000000000155
994,1,0,0.04050000000000065,0.005220000000000082,0.005400000000000155,0.005400000000000155
995,1,0,0.04050000000000065,0.005220000000000082,0.005400000000000155,0.005400000000000155
996,1,0,0.04050000000000065,0.005220000000000082,0.005400000000000155,0.005400000000000155
997,1,0,0.041850000000000685,0.005310000000000083,0.005400000000000155,0.005400000000000155
998,1,0,0.04050000000000065,0.005220000000000082,0.005400000000000155,0.005400000000000155
999,1,0,0.04050000000000065,0.005220000000000082,0.005400000000000155,0.005400000000000155
0,1,200,0.04050000000000065,0.005220000000000082,0.005400000000000155,0.005400000000000155
1,1,200,0.0424000000000007,0.005473333333333423,0.006549999999999988,0.006549999999999988
2,1,200,0.04050000000000065,0.005220000000000082,0.005400000000000155,0.005400000000000155
3,1,200,0.04050000000000065,0.005220000000000082,0.005400000000000155,0.005400000000000155
4,1,200,0.04205000000000069,0.005360000000000085,0.00595000000000017,0.00595000000000017
5,1,200,0.041850000000000685,0.005310000000000083,0.005400000000000155,0.005400000000000155
6,1,200,0.04095000000000066,0.005280000000000082,0.0058500000000001676,0.0058500000000001676
7,1,200,0.04050000000000065,0.005220000000000082,0.005400000000000155,0.005400000000000155
8,1,200,0.04050000000000065,0.005220000000000082,0.005400000000000155,0.005400000000000155
9,1,200,0.04050000000000065,0.005220000000000082,0.005400000000000155,0.005400000000000155
10,1,200,0.04260000000000071,0.00550000000000009,0.00654999999999996,0.00654999999999996
11,1,200,0.04270000000000071,0.005491666666666756,0.006750000000000193,0.006750000000000193
12,1,200,0.04205000000000069,0.005426666666666754,0.006200000000000011,0.006200000000000011
13,1,200,0.04350000000000073,0.00553000000000009,0.006750000000000193,0.006750000000000193
14,1,200,0.04050000000000065,0.005220000000000082,0.005400000000000155,0.005400000000000155
15,1,200,0.04050000000000065,0.005220000000000082,0.005400000000000155,0.005400000000000155
16,1,200,0.042200000000000695,0.005446666666666755,0.006200000000000178,0.006200000000000178
17,1,200,0.04050000000000065,0.005220000000000082,0.005400000000000155,0.005400000000000155
18,1,200,0.041850000000000685,0.005400000000000086,0.006750000000000193,0.006750000000000193
19,1,200,0.04050000000000065,0.005220000000000082,0.005400000000000155,0.005400000000000155
20,1,200,0.04050000000000065,0.005220000000000082,0.005400000000000155,0.005400000000000155
21,1,200,0.04830000000000087,0.0061700000000001086,0.006750000000000193,0.006750000000000193
22,1,200,0.041150000000000665,0.00530666666666675,0.006050000000000007,0.006050000000000007
23,1,200,0.04050000000000065,0.005220000000000082,0.005400000000000155,0.005400000000000155
24,1,200,0.04050000000000065,0.005220000000000082,0.005400000000000155,0.005400000000000155
25,1,200,0.04050000000000065,0.005220000000000082,0.005400000000000155,0.005400000000000155
26,1,200,0.04050000000000065,0.005220000000000082,0.005400000000000155,0.005400000000000155
27,1,200,0.045300000000000784,0.005836666666666766,0.006750000000000193,0.006750000000000193
28,1,200,0.04085000000000066,0.005266666666666749,0.005750000000000165,0.005750000000000165
29,1,200,0.041150000000000665,0.00530666666666675,0.005799999999999965,0.005799999999999965
30,1,200,0.04050000000000065,0.005220000000000082,0.005400000000000155,0.005400000000000155
31,1,200,0.04050000000000065,0.005220000000000082,0.005400000000000155,0.005400000000000155
32,1,200,0.04050000000000065,0.005220000000000082,0.005400000000000155,0.005400000000000155
33,1,200,0.04050000000000065,0.005220000000000082,0.005400000000000155,0.005400000000000155
34,1,200,0.04050000000000065,0.005220000000000082,0.005400000000000155,0.005400000000000155
35,1,200,0.04050000000000065,0.005220000000000082,0.005400000000000155,0.005400000000000155
36,1,200,0.04050000000000065,0.005220000000000082,0.005400000000000155,0.005400000000000155
37,1,200,0.04720000000000084,0.006023333333333437,0.009399999999999962,0.009399999999999962
38,1,200,0.04050000000000065,0.005220000000000082,0.005400000000000155,0.005400000000000155
39,1,200,0.04050000000000065,0.005220000000000082,0.005400000000000155,0.005400000000000155
40,1,200,0.04050000000000065,0.005220000000000082,0.005400000000000155,0.005400000000000155
41,1,200,0.043200000000000724,0.0054900000000000886,0.006750000000000027,0.006750000000000027
42,1,200,0.04300000000000072,0.0054633333333334215,0.006550000000000188,0.006550000000000188
43,1,200,0.04050000000000065,0.005220000000000082,0.005400000000000155,0.005400000000000155
44,1,200,0.041150000000000665,0.00530666666666675,0.006050000000000173,0.006050000000000173
45,1,200,0.041850000000000685,0.005310000000000083,0.005400000000000155,0.005400000000000155
46,1,200,0.04050000000000065,0.005220000000000082,0.005400000000000155,0.005400000000000155
47,1,200,0.04050000000000065,0.005220000000000082,0.005400000000000155,0.005400000000000155
48,1,200,0.04050000000000065,0.005220000000000082,0.005400000000000155,0.005400000000000155
49,1,200,0.04050000000000065,0.005220000000000082,0.005400000000000155,0.005400000000000155
50,1,200,0.041850000000000685,0.005310000000000083,0.005400000000000155,0.005400000000000155
51,1,200,0.04050000000000065,0.005220000000000082,0.005400000000000155,0.005400000000000155
52,1,200,0.04665000000000082,0.006040000000000104,0.006750000000000193,0.006750000000000193
53,1,200,0.04050000000000065,0.005220000000000082,0.005400000000000155,0.005400000000000155
54,1,200,0.04050000000000065,0.005220000000000082,0.005400000000000155,0.005400000000000155
55,1,200,0.042550000000000705,0.005493333333333422,0.0066000000000000225,0.0066000000000000225
56,1,200,0.041850000000000685,0.005400000000000088,0.006350000000000182,0.006350000000000182
57,1,200,0.04050000000000065,0.005220000000000082,0.005400000000000155,0.005400000000000155
58,1,200,0.043200000000000724,0.005580000000000093,0.006750000000000034,0.006750000000000034
59,1,200,0.043200000000000724,0.0054900000000000886,0.006750000000000193,0.006750000000000193
60,1,200,0.04050000000000065,0.005220000000000082,0.005400000000000155,0.005400000000000155
61,1,200,0.04050000000000065,0.005220000000000082,0.005400000000000155,0.005400000000000155
62,1,200,0.041850000000000685,0.005310000000000083,0.005400000000000155,0.005400000000000155
63,1,200,0.04050000000000065,0.005220000000000082,0.005400000000000155,0.005400000000000155
64,1,200,0.04050000000000065,0.005220000000000082,0.005400000000000155,0.005400000000000155
65,1,200,0.042900000000000715,0.005548333333333423,0.006750000000000193,0.006750000000000193
66,1,200,0.041850000000000685,0.005408333333333419,0.006750000000000193,0.006750000000000193
67,1,200,0.04050000000000065,0.005220000000000082,0.005400000000000155,0.005400000000000155
68,1,200,0.04270000000000071,0.005513333333333422,0.006750000000000193,0.006750000000000193
69,1,200,0.04050000000000065,0.005220000000000082,0.005400000000000155,0.005400000000000155
70,1,200,0.04050000000000065,0.005220000000000082,0.005400000000000155,0.005400000000000155
71,1,200,0.041850000000000685,0.005310000000000083,0.005400000000000155,0.005400000000000155
72,1,200,0.04100000000000066,0.005253333333333415,0.005400000000000155,0.005400000000000155
73,1,200,0.04050000000000065,0.005220000000000082,0.005400000000000155,0.005400000000000155
74,1,200,0.04050000000000065,0.005220000000000082,0.005400000000000155,0.005400000000000155
75,1,200,0.04825000000000087,0.006163333333333442,0.006750000000000193,0.006750000000000193
76,1,200,0.04050000000000065,0.005220000000000082,0.005400000000000155,0.005400000000000155
77,1,200,0.041850000000000685,0.005400000000000086,0.006749999999999959,0.006749999999999959
78,1,200,0.04050000000000065,0.005220000000000082,0.005400000000000155,0.005400000000000155
79,1,200,0.04050000000000065,0.005220000000000082,0.005400000000000155,0.005400000000000155
80,1,200,0.04050000000000065,0.005220000000000082,0.005400000000000155,0.005400000000000155
81,1,200,0.04050000000000065,0.005220000000000082,0.005400000000000155,0.005400000000000155
82,1,200,0.04050000000000065,0.005220000000000082,0.005400000000000155,0.005400000000000155
83,1,200,0.04050000000000065,0.005220000000000082,0.005400000000000155,0.005400000000000155
84,1,200,0.04050000000000065,0.005220000000000082,0.005400000000000155,0.005400000000000155
85,1,200,0.04050000000000065,0.005220000000000082,0.005400000000000155,0.005400000000000155
86,1,200,0.04050000000000065,0.005220000000000082,0.005400000000000155,0.005400000000000155
87,1,200,0.042900000000000715,0.0054766666666667555,0.006750000000000193,0.006750000000000193
88,1,200,0.04050000000000065,0.005220000000000082,0.005400000000000155,0.005400000000000155
89,1,200,0.04050000000000065,0.005220000000000082,0.005400000000000155,0.005400000000000155
90,1,200,0.04050000000000065,0.005220000000000082,0.005400000000000155,0.005400000000000155
91,1,200,0.04050000000000065,0.005220000000000082,0.005400000000000155,0.005400000000000155
92,1,200,0.04050000000000065,0.005220000000000082,0.005400000000000155,0.005400000000000155
93,1,200,0.041150000000000665,0.005263333333333416,0.005400000000000155,0.005400000000000155
94,1,200,0.041850000000000685,0.005310000000000083,0.005400000000000155,0.005400000000000155
95,1,200,0.041850000000000685,0.005400000000000086,0.006750000000000193,0.006750000000000193
96,1,200,0.041850000000000685,0.005310000000000083,0.005400000000000155,0.005400000000000155
97,1,200,0.04050000000000065,0.005220000000000082,0.005400000000000155,0.005400000000000155
98,1,200,0.04050000000000065,0.005220000000000082,0.005400000000000155,0.005400000000000155
99,1,200,0.04050000000000065,0.005220000000000082,0.005400000000000155,0.005400000000000155
100,1,200,0.04050000000000065,0.005220000000000082,0.005400000000000155,0.005400000000000155
101,1,200,0.04050000000000065,0.005220000000000082,0.005400000000000155,0.005400000000000155
102,1,200,0.04050000000000065,0.005220000000000082,0.005400000000000155,0.005400000000000155
103,1,200,0.04550000000000079,0.005886666666666767,0.006750000000000193,0.006750000000000193
104,1,200,0.04050000000000065,0.005220000000000082,0.005400000000000155,0.005400000000000155
105,1,200,0.04050000000000065,0.005220000000000082,0.005400000000000155,0.005400000000000155
106,1,200,0.04050000000000065,0.005220000000000082,0.005400000000000155,0.005400000000000155
107,1,200,0.04720000000000084,0.006023333333333438,0.006750000000000193,0.006750000000000193
108,1,200,0.04050000000000065,0.005220000000000082,0.005400000000000155,0.005400000000000155
109,1,200,0.04050000000000065,0.005220000000000082,0.005400000000000155,0.005400000000000155
110,1,200,0.04050000000000065,0.005220000000000082,0.005400000000000155,0.005400000000000155
111,1,200,0.04050000000000065,0.005220000000000082,0.005400000000000155,0.005400000000000155
112,1,200,0.04700000000000083,0.005996666666666771,0.006750000000000193,0.006750000000000193
113,1,200,0.04050000000000065,0.005220000000000082,0.005400000000000155,0.005400000000000155
114,1,200,0.04050000000000065,0.005220000000000082,0.005400000000000155,0.005400000000000155
115,1,200,0.041850000000000685,0.005400000000000086,0.006750000000000193,0.006750000000000193
116,1,200,0.04050000000000065,0.005220000000000082,0.005400000000000155,0.005400000000000155
117,1,200,0.04050000000000065,0.005220000000000082,0.005400000000000155,0.005400000000000155
118,1,200,0.04050000000000065,0.005220000000000082,0.005400000000000155,0.005400000000000155
119,1,200,0.04050000000000065,0.005220000000000082,0.005400000000000155,0.005400000000000155
120,1,200,0.0424000000000007,0.005473333333333423,0.00675000000000003,0.00675000000000003
121,1,200,0.04050000000000065,0.005220000000000082,0.005400000000000155,0.005400000000000155
122,1,200,0.04050000000000065,0.005220000000000082,0.005400000000000155,0.005400000000000155
123,1,200,0.041150000000000665,0.005263333333333416,0.005400000000000155,0.005400000000000155
124,1,200,0.04050000000000065,0.005220000000000082,0.005400000000000155,0.005400000000000155
125,1,200,0.04050000000000065,0.005220000000000082,0.005400000000000155,0.005400000000000155
126,1,200,0.04050000000000065,0.005220000000000082,0.005400000000000155,0.005400000000000155
127,1,200,0.04050000000000065,0.005220000000000082,0.005400000000000155,0.005400000000000155
128,1,200,0.04050000000000065,0.005220000000000082,0.005400000000000155,0.005400000000000155
129,1,200,0.04445000000000076,0.00565666666666676,0.006750000000000193,0.006750000000000193
130,1,200,0.04050000000000065,0.005220000000000082,0.005400000000000155,0.005400000000000155
131,1,200,0.04050000000000065,0.005220000000000082,0.005400000000000155,0.005400000000000155
132,1,200,0.04050000000000065,0.005220000000000082,0.005400000000000155,0.005400000000000155
133,1,200,0.04050000000000065,0.005220000000000082,0.005400000000000155,0.005400000000000155
134,1,200,0.04050000000000065,0.005220000000000082,0.005400000000000155,0.005400000000000155
135,1,200,0.041850000000000685,0.005400000000000086,0.006750000000000193,0.006750000000000193
136,1,200,0.04450000000000076,0.005663333333333426,0.006749999999999959,0.006749999999999959
137,1,200,0.04050000000000065,0.005220000000000082,0.005400000000000155,0.005400000000000155
138,1,200,0.04505000000000078,0.0058266666666667655,0.006750000000000193,0.006750000000000193
139,1,200,0.04050000000000065,0.005220000000000082,0.005400000000000155,0.005400000000000155
140,1,200,0.04050000000000065,0.005220000000000082,0.005400000000000155,0.005400000000000155
141,1,200,0.043200000000000724,0.005580000000000093,0.008100000000000232,0.008100000000000232
142,1,200,0.04050000000000065,0.005220000000000082,0.005400000000000155,0.005400000000000155
143,1,200,0.04050000000000065,0.005220000000000082,0.005400000000000155,0.005400000000000155
144,1,200,0.04050000000000065,0.005220000000000082,0.005400000000000155,0.005400000000000155
145,1,200,0.04050000000000065,0.005220000000000082,0.005400000000000155,0.005400000000000155
146,1,200,0.04050000000000065,0.005220000000000082,0.005400000000000155,0.005400000000000155
147,1,200,0.044600000000000764,0.0057666666666667645,0.006750000000000193,0.006750000000000193
148,1,200,0.04050000000000065,0.005220000000000082,0.005400000000000155,0.005400000000000155
149,1,200,0.04050000000000065,0.005220000000000082,0.005400000000000155,0.005400000000000155
150,1,200,0.041850000000000685,0.005310000000000083,0.005400000000000155,0.005400000000000155
151,1,200,0.0424500000000007,0.005480000000000088,0.006400000000000183,0.006400000000000183
152,1,200,0.04050000000000065,0.005220000000000082,0.005400000000000155,0.005400000000000155
153,1,200,0.041850000000000685,0.005310000000000083,0.005400000000000155,0.005400000000000155
154,1,200,0.04100000000000066,0.00528666666666675,0.005849999999999965,0.005849999999999965
155,1,200,0.04050000000000065,0.005220000000000082,0.005400000000000155,0.005400000000000155
156,1,200,0.0422500000000007,0.005423333333333422,0.006700000000000192,0.006700000000000192
157,1,200,0.041850000000000685,0.005400000000000086,0.006750000000000193,0.006750000000000193
158,1,200,0.04050000000000065,0.005220000000000082,0.005400000000000155,0.005400000000000155
159,1,200,0.04050000000000065,0.005220000000000082,0.005400000000000155,0.005400000000000155
160,1,200,0.04050000000000065,0.005220000000000082,0.005400000000000155,0.005400000000000155
161,1,200,0.041850000000000685,0.005400000000000086,0.006750000000000193,0.006750000000000193
162,1,200,0.04050000000000065,0.005220000000000082,0.005400000000000155,0.005400000000000155
163,1,200,0.04050000000000065,0.005220000000000082,0.005400000000000155,0.005400000000000155
164,1,200,0.04155000000000068,0.0053683333333334185,0.006749999999999959,0.006749999999999959
165,1,200,0.04050000000000065,0.005220000000000082,0.005400000000000155,0.005400000000000155
166,1,200,0.04050000000000065,0.005220000000000082,0.005400000000000155,0.005400000000000155
167,1,200,0.04165000000000068,0.005373333333333419,0.006000000000000172,0.006000000000000172
168,1,200,0.04380000000000074,0.005660000000000095,0.006750000000000193,0.006750000000000193
169,1,200,0.04155000000000068,0.0053683333333334185,0.006750000000000193,0.006750000000000193
170,1,200,0.04050000000000065,0.005220000000000082,0.005400000000000155,0.005400000000000155
171,1,200,0.04050000000000065,0.005220000000000082,0.005400000000000155,0.005400000000000155
172,1,200,0.048150000000000866,0.006150000000000106,0.007699999999999953,0.007699999999999953
173,1,200,0.04050000000000065,0.005220000000000082,0.005400000000000155,0.005400000000000155
174,1,200,0.04050000000000065,0.005220000000000082,0.005400000000000155,0.005400000000000155
175,1,200,0.042900000000000715,0.005446666666666754,0.006750000000000027,0.006750000000000027
176,1,200,0.04050000000000065,0.005220000000000082,0.005400000000000155,0.005400000000000155
177,1,200,0.04625000000000081,0.005896666666666768,0.006750000000000193,0.006750000000000193
178,1,200,0.04050000000000065,0.005220000000000082,0.005400000000000155,0.005400000000000155
179,1,200,0.04050000000000065,0.005220000000000082,0.005400000000000155,0.005400000000000155
180,1,200,0.04050000000000065,0.005220000000000082,0.005400000000000155,0.005400000000000155
181,1,200,0.04050000000000065,0.005220000000000082,0.005400000000000155,0.005400000000000155
182,1,200,0.043200000000000724,0.0054900000000000886,0.006750000000000193,0.006750000000000193
183,1,200,0.041850000000000685,0.005310000000000083,0.005400000000000155,0.005400000000000155
184,1,200,0.04050000000000065,0.005220000000000082,0.005400000000000155,0.005400000000000155
185,1,200,0.04665000000000082,0.005950000000000103,0.006750000000000193,0.006750000000000193
186,1,200,0.04050000000000065,0.005220000000000082,0.005400000000000155,0.005400000000000155
187,1,200,0.04050000000000065,0.005220000000000082,0.005400000000000155,0.005400000000000155
188,1,200,0.04050000000000065,0.005220000000000082,0.005400000000000155,0.005400000000000155
189,1,200,0.042550000000000705,0.005493333333333424,0.006750000000000193,0.006750000000000193
190,1,200,0.04050000000000065,0.005220000000000082,0.005400000000000155,0.005400000000000155
191,1,200,0.04050000000000065,0.005220000000000082,0.005400000000000155,0.005400000000000155
192,1,200,0.04050000000000065,0.005220000000000082,0.005400000000000155,0.005400000000000155
193,1,200,0.04050000000000065,0.005220000000000082,0.005400000000000155,0.005400000000000155
194,1,200,0.04050000000000065,0.005220000000000082,0.005400000000000155,0.005400000000000155
195,1,200,0.04050000000000065,0.005220000000000082,0.005400000000000155,0.005400000000000155
196,1,200,0.04050000000000065,0.005220000000000082,0.005400000000000155,0.005400000000000155
197,1,200,0.04050000000000065,0.005220000000000082,0.005400000000000155,0.005400000000000155
198,1,200,0.04050000000000065,0.005220000000000082,0.005400000000000155,0.005400000000000155
199,1,200,0.04050000000000065,0.005220000000000082,0.005400000000000155,0.005400000000000155
200,1,200,0.04050000000000065,0.005220000000000082,0.005400000000000155,0.005400000000000155
201,1,200,0.04050000000000065,0.005220000000000082,0.005400000000000155,0.005400000000000155
202,1,200,0.04155000000000068,0.005368333333333419,0.006750000000000193,0.006750000000000193
203,1,200,0.04050000000000065,0.005220000000000082,0.005400000000000155,0.005400000000000155
204,1,200,0.048500000000000876,0.006203333333333444,0.006750000000000193,0.006750000000000193
205,1,200,0.04050000000000065,0.005220000000000082,0.005400000000000155,0.005400000000000155
206,1,200,0.04050000000000065,0.005220000000000082,0.005400000000000155,0.005400000000000155
207,1,200,0.04050000000000065,0.005220000000000082,0.005400000000000155,0.005400000000000155
208,1,200,0.04050000000000065,0.005220000000000082,0.005400000000000155,0.005400000000000155
209,1,200,0.04050000000000065,0.005220000000000082,0.005400000000000155,0.005400000000000155
210,1,200,0.04155000000000068,0.0053683333333334185,0.006750000000000027,0.006750000000000027
211,1,200,0.04050000000000065,0.005220000000000082,0.005400000000000155,0.005400000000000155
212,1,200,0.04050000000000065,0.005220000000000082,0.005400000000000155,0.005400000000000155
213,1,200,0.04345000000000073,0.005613333333333426,0.006750000000000193,0.006750000000000193
214,1,200,0.041850000000000685,0.005310000000000083,0.005400000000000155,0.005400000000000155
215,1,200,0.04050000000000065,0.005220000000000082,0.005400000000000155,0.005400000000000155
216,1,200,0.04050000000000065,0.005220000000000082,0.005400000000000155,0.005400000000000155
217,1,200,0.04050000000000065,0.005220000000000082,0.005400000000000155,0.005400000000000155
218,1,200,0.04050000000000065,0.005220000000000082,0.005400000000000155,0.005400000000000155
219,1,200,0.04505000000000078,0.0058266666666667655,0.006750000000000193,0.006750000000000193
220,1,200,0.04050000000000065,0.005220000000000082,0.005400000000000155,0.005400000000000155
221,1,200,0.04295000000000072,0.005480000000000088,0.0070000000000002005,0.0070000000000002005
222,1,200,0.04050000000000065,0.005220000000000082,0.005400000000000155,0.005400000000000155
223,1,200,0.04050000000000065,0.005220000000000082,0.005400000000000155,0.005400000000000155
224,1,200,0.04050000000000065,0.005220000000000082,0.005400000000000155,0.005400000000000155
225,1,200,0.04050000000000065,0.005220000000000082,0.005400000000000155,0.005400000000000155
226,1,200,0.04155000000000068,0.0053683333333334185,0.006750000000000193,0.006750000000000193
227,1,200,0.04050000000000065,0.005220000000000082,0.005400000000000155,0.005400000000000155
228,1,200,0.04050000000000065,0.005220000000000082,0.005400000000000155,0.005400000000000155
229,1,200,0.04060000000000065,0.005226666666666748,0.005400000000000155,0.005400000000000155
230,1,200,0.04050000000000065,0.005220000000000082,0.005400000000000155,0.005400000000000155
231,1,200,0.04065000000000065,0.005230000000000081,0.005400000000000155,0.005400000000000155
232,1,200,0.041850000000000685,0.005310000000000083,0.005400000000000155,0.005400000000000155
233,1,200,0.04050000000000065,0.005220000000000082,0.005400000000000155,0.005400000000000155
234,1,200,0.04270000000000071,0.005513333333333422,0.006750000000000193,0.006750000000000193
235,1,200,0.04050000000000065,0.005220000000000082,0.005400000000000155,0.005400000000000155
236,1,200,0.04050000000000065,0.005220000000000082,0.005400000000000155,0.005400000000000155
237,1,200,0.04510000000000078,0.00574333333333343,0.006750000000000193,0.006750000000000193
238,1,200,0.04050000000000065,0.005220000000000082,0.005400000000000155,0.005400000000000155
239,1,200,0.041850000000000685,0.005310000000000083,0.005400000000000155,0.005400000000000155
240,1,200,0.043600000000000735,0.005633333333333427,0.006750000000000193,0.006750000000000193
241,1,200,0.04050000000000065,0.005220000000000082,0.005400000000000155,0.005400000000000155
242,1,200,0.042150000000000694,0.005440000000000087,0.0063000000000001805,0.0063000000000001805
243,1,200,0.041850000000000685,0.005310000000000083,0.005400000000000155,0.005400000000000155
244,1,200,0.04050000000000065,0.005220000000000082,0.005400000000000155,0.005400000000000155
245,1,200,0.048100000000000864,0.0062333333333334465,0.006750000000000193,0.006750000000000193
246,1,200,0.04050000000000065,0.005220000000000082,0.005400000000000155,0.005400000000000155
247,1,200,0.04050000000000065,0.005220000000000082,0.005400000000000155,0.005400000000000155
248,1,200,0.04100000000000066,0.00528666666666675,0.005900000000000169,0.005900000000000169
249,1,200,0.041850000000000685,0.005310000000000083,0.005400000000000155,0.005400000000000155
250,1,200,0.04050000000000065,0.005220000000000082,0.005400000000000155,0.005400000000000155
251,1,200,0.04365000000000074,0.005550000000000091,0.006750000000000193,0.006750000000000193
252,1,200,0.04050000000000065,0.005220000000000082,0.005400000000000155,0.005400000000000155
253,1,200,0.04050000000000065,0.005220000000000082,0.005400000000000155,0.005400000000000155
254,1,200,0.04050000000000065,0.005220000000000082,0.005400000000000155,0.005400000000000155
255,1,200,0.04050000000000065,0.005220000000000082,0.005400000000000155,0.005400000000000155
256,1,200,0.04410000000000075,0.005606666666666759,0.006750000000000193,0.006750000000000193
257,1,200,0.04050000000000065,0.005220000000000082,0.005400000000000155,0.005400000000000155
258,1,200,0.04050000000000065,0.005220000000000082,0.005400000000000155,0.005400000000000155
259,1,200,0.04200000000000069,0.005330000000000085,0.005550000000000159,0.005550000000000159
260,1,200,0.043200000000000724,0.0054900000000000886,0.006750000000000027,0.006750000000000027
261,1,200,0.04050000000000065,0.005220000000000082,0.005400000000000155,0.005400000000000155
262,1,200,0.041850000000000685,0.005400000000000086,0.006750000000000193,0.006750000000000193
263,1,200,0.041850000000000685,0.005310000000000083,0.005400000000000155,0.005400000000000155
264,1,200,0.041850000000000685,0.005400000000000086,0.006750000000000027,0.006750000000000027
265,1,200,0.04050000000000065,0.005220000000000082,0.005400000000000155,0.005400000000000155
266,1,200,0.04050000000000065,0.005220000000000082,0.005400000000000155,0.005400000000000155
267,1,200,0.04050000000000065,0.005220000000000082,0.005400000000000155,0.005400000000000155
268,1,200,0.04050000000000065,0.005220000000000082,0.005400000000000155,0.005400000000000155
269,1,200,0.04050000000000065,0.005220000000000082,0.005400000000000155,0.005400000000000155
270,1,200,0.04050000000000065,0.005220000000000082,0.005400000000000155,0.005400000000000155
271,1,200,0.04050000000000065,0.005220000000000082,0.005400000000000155,0.005400000000000155
272,1,200,0.04050000000000065,0.005220000000000082,0.005400000000000155,0.005400000000000155
273,1,200,0.045300000000000784,0.005770000000000096,0.006750000000000193,0.006750000000000193
274,1,200,0.04050000000000065,0.005220000000000082,0.005400000000000155,0.005400000000000155
275,1,200,0.04490000000000077,0.005866666666666767,0.008099999999999979,0.008099999999999979
276,1,200,0.04660000000000082,0.005943333333333436,0.006750000000000193,0.006750000000000193
277,1,200,0.04095000000000066,0.005250000000000083,0.005400000000000155,0.005400000000000155
278,1,200,0.04050000000000065,0.005220000000000082,0.005400000000000155,0.005400000000000155
279,1,200,0.04050000000000065,0.005220000000000082,0.005400000000000155,0.005400000000000155
280,1,200,0.04050000000000065,0.005220000000000082,0.005400000000000155,0.005400000000000155
281,1,200,0.04050000000000065,0.005220000000000082,0.005400000000000155,0.005400000000000155
282,1,200,0.041850000000000685,0.005310000000000083,0.005400000000000155,0.005400000000000155
283,1,200,0.04155000000000068,0.005360000000000085,0.006450000000000018,0.006450000000000018
284,1,200,0.04050000000000065,0.005220000000000082,0.005400000000000155,0.005400000000000155
285,1,200,0.04050000000000065,0.005220000000000082,0.005400000000000155,0.005400000000000155
286,1,200,0.04155000000000068,0.0053683333333334185,0.006750000000000193,0.006750000000000193
287,1,200,0.04050000000000065,0.005220000000000082,0.005400000000000155,0.005400000000000155
288,1,200,0.04050000000000065,0.005220000000000082,0.005400000000000155,0.005400000000000155
289,1,200,0.041850000000000685,0.005310000000000083,0.005400000000000155,0.005400000000000155
290,1,200,0.04050000000000065,0.005220000000000082,0.005400000000000155,0.005400000000000155
291,1,200,0.04050000000000065,0.005220000000000082,0.005400000000000155,0.005400000000000155
292,1,200,0.04050000000000065,0.005220000000000082,0.005400000000000155,0.005400000000000155
293,1,200,0.04050000000000065,0.005220000000000082,0.005400000000000155,0.005400000000000155
294,1,200,0.04105000000000066,0.005293333333333416,0.0058500000000001676,0.0058500000000001676
295,1,200,0.04050000000000065,0.005220000000000082,0.005400000000000155,0.005400000000000155
296,1,200,0.041100000000000664,0.005300000000000084,0.006000000000000005,0.006000000000000005
297,1,200,0.041850000000000685,0.005378333333333418,0.006749999999999959,0.006749999999999959
298,1,200,0.04050000000000065,0.005220000000000082,0.005400000000000155,0.005400000000000155
299,1,200,0.041850000000000685,0.005400000000000086,0.006750000000000193,0.006750000000000193
300,1,200,0.04300000000000072,0.005553333333333425,0.006750000000000193,0.006750000000000193
301,1,200,0.04260000000000071,0.005486666666666756,0.006750000000000193,0.006750000000000193
302,1,200,0.04050000000000065,0.005220000000000082,0.005400000000000155,0.005400000000000155
303,1,200,0.04050000000000065,0.005220000000000082,0.005400000000000155,0.005400000000000155
304,1,200,0.04050000000000065,0.005220000000000082,0.005400000000000155,0.005400000000000155
305,1,200,0.04050000000000065,0.005220000000000082,0.005400000000000155,0.005400000000000155
306,1,200,0.04050000000000065,0.005220000000000082,0.005400000000000155,0.005400000000000155
307,1,200,0.04050000000000065,0.005220000000000082,0.005400000000000155,0.005400000000000155
308,1,200,0.04050000000000065,0.005220000000000082,0.005400000000000155,0.005400000000000155
309,1,200,0.04275000000000071,0.00552000000000009,0.006750000000000193,0.006750000000000193
310,1,200,0.04050000000000065,0.005220000000000082,0.005400000000000155,0.005400000000000155
311,1,200,0.04755000000000085,0.006070000000000106,0.006750000000000193,0.006750000000000193
312,1,200,0.04050000000000065,0.005220000000000082,0.005400000000000155,0.005400000000000155
313,1,200,0.04050000000000065,0.005220000000000082,0.005400000000000155,0.005400000000000155
314,1,200,0.04050000000000065,0.005220000000000082,0.005400000000000155,0.005400000000000155
315,1,200,0.041850000000000685,0.005310000000000083,0.005400000000000155,0.005400000000000155
316,1,200,0.04050000000000065,0.005220000000000082,0.005400000000000155,0.005400000000000155
317,1,200,0.04050000000000065,0.005220000000000082,0.005400000000000155,0.005400000000000155
318,1,200,0.04050000000000065,0.005220000000000082,0.005400000000000155,0.005400000000000155
319,1,200,0.04050000000000065,0.005220000000000082,0.005400000000000155,0.005400000000000155
320,1,200,0.04050000000000065,0.005220000000000082,0.005400000000000155,0.005400000000000155
321,1,200,0.04350000000000073,0.005598333333333426,0.006750000000000193,0.006750000000000193
322,1,200,0.04050000000000065,0.005220000000000082,0.005400000000000155,0.005400000000000155
323,1,200,0.044250000000000754,0.005630000000000093,0.006750000000000193,0.006750000000000193
324,1,200,0.04050000000000065,0.005220000000000082,0.005400000000000155,0.005400000000000155
325,1,200,0.04050000000000065,0.005220000000000082,0.005400000000000155,0.005400000000000155
326,1,200,0.041500000000000675,0.005353333333333419,0.00595000000000017,0.00595000000000017
327,1,200,0.04050000000000065,0.005220000000000082,0.005400000000000155,0.005400000000000155
328,1,200,0.04050000000000065,0.005220000000000082,0.005400000000000155,0.005400000000000155
329,1,200,0.04050000000000065,0.005220000000000082,0.005400000000000155,0.005400000000000155
330,1,200,0.04050000000000065,0.005220000000000082,0.005400000000000155,0.005400000000000155
331,1,200,0.04050000000000065,0.005220000000000082,0.005400000000000155,0.005400000000000155
332,1,200,0.04050000000000065,0.005220000000000082,0.005400000000000155,0.005400000000000155
333,1,200,0.041850000000000685,0.005378333333333418,0.006749999999999987,0.006749999999999987
334,1,200,0.041850000000000685,0.005400000000000086,0.006750000000000193,0.006750000000000193
335,1,200,0.04050000000000065,0.005220000000000082,0.005400000000000155,0.005400000000000155
336,1,200,0.041850000000000685,0.005310000000000083,0.005400000000000155,0.005400000000000155
337,1,200,0.04310000000000072,0.0054766666666667555,0.0070000000000002005,0.0070000000000002005
338,1,200,0.04050000000000065,0.005220000000000082,0.005400000000000155,0.005400000000000155
339,1,200,0.04155000000000068,0.0053683333333334185,0.006750000000000193,0.006750000000000193
340,1,200,0.0423000000000007,0.005406666666666754,0.006400000000000183,0.006400000000000183
341,1,200,0.04050000000000065,0.005220000000000082,0.005400000000000155,0.005400000000000155
342,1,200,0.04050000000000065,0.005220000000000082,0.005400000000000155,0.005400000000000155
343,1,200,0.04050000000000065,0.005220000000000082,0.005400000000000155,0.005400000000000155
344,1,200,0.04050000000000065,0.005220000000000082,0.005400000000000155,0.005400000000000155
345,1,200,0.04050000000000065,0.005220000000000082,0.005400000000000155,0.005400000000000155
346,1,200,0.04190000000000069,0.005406666666666754,0.0066500000000001905,0.0066500000000001905
347,1,200,0.04050000000000065,0.005220000000000082,0.005400000000000155,0.005400000000000155
348,1,200,0.04050000000000065,0.005220000000000082,0.005400000000000155,0.005400000000000155
349,1,200,0.04050000000000065,0.005220000000000082,0.005400000000000155,0.005400000000000155
350,1,200,0.04210000000000069,0.005416666666666753,0.0070000000000002005,0.0070000000000002005
351,1,200,0.04050000000000065,0.005220000000000082,0.005400000000000155,0.005400000000000155
352,1,200,0.046750000000000826,0.005963333333333436,0.006750000000000193,0.006750000000000193
353,1,200,0.04200000000000069,0.005390000000000086,0.006450000000000185,0.006450000000000185
354,1,200,0.04050000000000065,0.005220000000000082,0.005400000000000155,0.005400000000000155
355,1,200,0.0458500000000008,0.0059333333333334345,0.006750000000000193,0.006750000000000193
356,1,200,0.04050000000000065,0.005220000000000082,0.005400000000000155,0.005400000000000155
357,1,200,0.04050000000000065,0.005220000000000082,0.005400000000000155,0.005400000000000155
358,1,200,0.04050000000000065,0.005220000000000082,0.005400000000000155,0.005400000000000155
359,1,200,0.047800000000000856,0.006193333333333443,0.006750000000000193,0.006750000000000193
360,1,200,0.04050000000000065,0.005220000000000082,0.005400000000000155,0.005400000000000155
361,1,200,0.04050000000000065,0.005220000000000082,0.005400000000000155,0.005400000000000155
362,1,200,0.04050000000000065,0.005220000000000082,0.005400000000000155,0.005400000000000155
363,1,200,0.04050000000000065,0.005220000000000082,0.005400000000000155,0.005400000000000155
364,1,200,0.04050000000000065,0.005220000000000082,0.005400000000000155,0.005400000000000155
365,1,200,0.04050000000000065,0.005220000000000082,0.005400000000000155,0.005400000000000155
366,1,200,0.041850000000000685,0.005400000000000086,0.006749999999999959,0.006749999999999959
367,1,200,0.04050000000000065,0.005220000000000082,0.005400000000000155,0.005400000000000155
368,1,200,0.04050000000000065,0.005220000000000082,0.005400000000000155,0.005400000000000155
369,1,200,0.04475000000000077,0.005696666666666762,0.006750000000000193,0.006750000000000193
370,1,200,0.04050000000000065,0.005220000000000082,0.005400000000000155,0.005400000000000155
371,1,200,0.041850000000000685,0.005310000000000083,0.005400000000000155,0.005400000000000155
372,1,200,0.04050000000000065,0.005220000000000082,0.005400000000000155,0.005400000000000155
373,1,200,0.04195000000000069,0.005340000000000085,0.005750000000000165,0.005750000000000165
374,1,200,0.04050000000000065,0.005220000000000082,0.005400000000000155,0.005400000000000155
375,1,200,0.04050000000000065,0.005220000000000082,0.005400000000000155,0.005400000000000155
376,1,200,0.04050000000000065,0.005220000000000082,0.005400000000000155,0.005400000000000155
377,1,200,0.041850000000000685,0.005310000000000083,0.005400000000000155,0.005400000000000155
378,1,200,0.04210000000000069,0.005433333333333421,0.006749999999999959,0.006749999999999959
379,1,200,0.041850000000000685,0.005310000000000083,0.005400000000000155,0.005400000000000155
380,1,200,0.04050000000000065,0.005220000000000082,0.005400000000000155,0.005400000000000155
381,1,200,0.04050000000000065,0.005220000000000082,0.005400000000000155,0.005400000000000155
382,1,200,0.04050000000000065,0.005220000000000082,0.005400000000000155,0.005400000000000155
383,1,200,0.04050000000000065,0.005220000000000082,0.005400000000000155,0.005400000000000155
384,1,200,0.04175000000000068,0.005370000000000086,0.006400000000000183,0.006400000000000183
385,1,200,0.041850000000000685,0.005310000000000083,0.005400000000000155,0.005400000000000155
386,1,200,0.04050000000000065,0.005220000000000082,0.005400000000000155,0.005400000000000155
387,1,200,0.04050000000000065,0.005220000000000082,0.005400000000000155,0.005400000000000155
388,1,200,0.041850000000000685,0.005378333333333418,0.006750000000000193,0.006750000000000193
389,1,200,0.04050000000000065,0.005220000000000082,0.005400000000000155,0.005400000000000155
390,1,200,0.04365000000000074,0.005550000000000091,0.006999999999999958,0.006999999999999958
391,1,200,0.04050000000000065,0.005220000000000082,0.005400000000000155,0.005400000000000155
392,1,200,0.04050000000000065,0.005220000000000082,0.005400000000000155,0.005400000000000155
393,1,200,0.04050000000000065,0.005220000000000082,0.005400000000000155,0.005400000000000155
394,1,200,0.04720000000000084,0.006023333333333438,0.006750000000000193,0.006750000000000193
395,1,200,0.04050000000000065,0.005220000000000082,0.005400000000000155,0.005400000000000155
396,1,200,0.04050000000000065,0.005220000000000082,0.005400000000000155,0.005400000000000155
397,1,200,0.04050000000000065,0.005220000000000082,0.005400000000000155,0.005400000000000155
398,1,200,0.04050000000000065,0.005220000000000082,0.005400000000000155,0.005400000000000155
399,1,200,0.04050000000000065,0.005220000000000082,0.005400000000000155,0.005400000000000155
400,1,200,0.04050000000000065,0.005220000000000082,0.005400000000000155,0.005400000000000155
401,1,200,0.04130000000000067,0.005326666666666752,0.006200000000000178,0.006200000000000178
402,1,200,0.04050000000000065,0.005220000000000082,0.005400000000000155,0.005400000000000155
403,1,200,0.04050000000000065,0.005220000000000082,0.005400000000000155,0.005400000000000155
404,1,200,0.04055000000000065,0.0052216666666667485,0.005400000000000155,0.005400000000000155
405,1,200,0.04050000000000065,0.005220000000000082,0.005400000000000155,0.005400000000000155
406,1,200,0.04050000000000065,0.005220000000000082,0.005400000000000155,0.005400000000000155
407,1,200,0.04050000000000065,0.005220000000000082,0.005400000000000155,0.005400000000000155
408,1,200,0.04625000000000081,0.005986666666666771,0.006750000000000193,0.006750000000000193
409,1,200,0.04210000000000069,0.005343333333333417,0.005650000000000162,0.005650000000000162
410,1,200,0.041850000000000685,0.005400000000000086,0.006750000000000193,0.006750000000000193
411,1,200,0.04050000000000065,0.005220000000000082,0.005400000000000155,0.005400000000000155
412,1,200,0.04050000000000065,0.005220000000000082,0.005400000000000155,0.005400000000000155
413,1,200,0.04100000000000066,0.00528666666666675,0.005750000000000165,0.005750000000000165
414,1,200,0.043200000000000724,0.0054900000000000886,0.006750000000000193,0.006750000000000193
415,1,200,0.042200000000000695,0.005446666666666755,0.006450000000000041,0.006450000000000041
416,1,200,0.04050000000000065,0.005220000000000082,0.005400000000000155,0.005400000000000155
417,1,200,0.04050000000000065,0.005220000000000082,0.005400000000000155,0.005400000000000155
418,1,200,0.04050000000000065,0.005220000000000082,0.005400000000000155,0.005400000000000155
419,1,200,0.04295000000000072,0.005546666666666757,0.006749999999999959,0.006749999999999959
420,1,200,0.04050000000000065,0.005220000000000082,0.005400000000000155,0.005400000000000155
421,1,200,0.04050000000000065,0.005220000000000082,0.005400000000000155,0.005400000000000155
422,1,200,0.04050000000000065,0.005220000000000082,0.005400000000000155,0.005400000000000155
423,1,200,0.04050000000000065,0.005220000000000082,0.005400000000000155,0.005400000000000155
424,1,200,0.04050000000000065,0.005220000000000082,0.005400000000000155,0.005400000000000155
425,1,200,0.04050000000000065,0.005220000000000082,0.005400000000000155,0.005400000000000155
426,1,200,0.04050000000000065,0.005220000000000082,0.005400000000000155,0.005400000000000155
427,1,200,0.04190000000000069,0.005406666666666754,0.006599999999999988,0.006599999999999988
428,1,200,0.04050000000000065,0.005220000000000082,0.005400000000000155,0.005400000000000155
429,1,200,0.04560000000000079,0.0059000000000001,0.006750000000000193,0.006750000000000193
430,1,200,0.04435000000000076,0.005733333333333429,0.006750000000000193,0.006750000000000193
431,1,200,0.04050000000000065,0.005220000000000082,0.005400000000000155,0.005400000000000155
432,1,200,0.04050000000000065,0.005220000000000082,0.005400000000000155,0.005400000000000155
433,1,200,0.041850000000000685,0.005310000000000083,0.005400000000000155,0.005400000000000155
434,1,200,0.04105000000000066,0.005293333333333416,0.005950000000000004,0.005950000000000004
435,1,200,0.04050000000000065,0.005220000000000082,0.005400000000000155,0.005400000000000155
436,1,200,0.04545000000000079,0.0058800000000000996,0.006750000000000193,0.006750000000000193
437,1,200,0.04050000000000065,0.005220000000000082,0.005400000000000155,0.005400000000000155
438,1,200,0.0423500000000007,0.0053766666666667535,0.005900000000000169,0.005900000000000169
439,1,200,0.04050000000000065,0.005220000000000082,0.005400000000000155,0.005400000000000155
440,1,200,0.041100000000000664,0.005300000000000084,0.005999999999999964,0.005999999999999964
441,1,200,0.04155000000000068,0.0053683333333334185,0.006750000000000193,0.006750000000000193
442,1,200,0.04050000000000065,0.005220000000000082,0.005400000000000155,0.005400000000000155
443,1,200,0.04050000000000065,0.005220000000000082,0.005400000000000155,0.005400000000000155
444,1,200,0.04050000000000065,0.005220000000000082,0.005400000000000155,0.005400000000000155
445,1,200,0.04050000000000065,0.005220000000000082,0.005400000000000155,0.005400000000000155
446,1,200,0.04050000000000065,0.005220000000000082,0.005400000000000155,0.005400000000000155
447,1,200,0.04050000000000065,0.005220000000000082,0.005400000000000155,0.005400000000000155
448,1,200,0.047050000000000834,0.006003333333333438,0.006750000000000193,0.006750000000000193
449,1,200,0.04050000000000065,0.005220000000000082,0.005400000000000155,0.005400000000000155
450,1,200,0.04050000000000065,0.005220000000000082,0.005400000000000155,0.005400000000000155
451,1,200,0.04050000000000065,0.005220000000000082,0.005400000000000155,0.005400000000000155
452,1,200,0.04050000000000065,0.005220000000000082,0.005400000000000155,0.005400000000000155
453,1,200,0.04050000000000065,0.005220000000000082,0.005400000000000155,0.005400000000000155
454,1,200,0.04310000000000072,0.0055833333333334245,0.006750000000000193,0.006750000000000193
455,1,200,0.04050000000000065,0.005220000000000082,0.005400000000000155,0.005400000000000155
456,1,200,0.04050000000000065,0.005220000000000082,0.005400000000000155,0.005400000000000155
457,1,200,0.04840000000000087,0.0061833333333334425,0.006750000000000193,0.006750000000000193
458,1,200,0.04050000000000065,0.005220000000000082,0.005400000000000155,0.005400000000000155
459,1,200,0.04050000000000065,0.005220000000000082,0.005400000000000155,0.005400000000000155
460,1,200,0.0457500000000008,0.005920000000000101,0.006750000000000193,0.006750000000000193
461,1,200,0.04050000000000065,0.005220000000000082,0.005400000000000155,0.005400000000000155
462,1,200,0.04050000000000065,0.005220000000000082,0.005400000000000155,0.005400000000000155
463,1,200,0.04050000000000065,0.005220000000000082,0.005400000000000155,0.005400000000000155
464,1,200,0.04050000000000065,0.005220000000000082,0.005400000000000155,0.005400000000000155
465,1,200,0.04050000000000065,0.005220000000000082,0.005400000000000155,0.005400000000000155
466,1,200,0.04050000000000065,0.005220000000000082,0.005400000000000155,0.005400000000000155
467,1,200,0.04050000000000065,0.005220000000000082,0.005400000000000155,0.005400000000000155
468,1,200,0.04050000000000065,0.005220000000000082,0.005400000000000155,0.005400000000000155
469,1,200,0.04050000000000065,0.005220000000000082,0.005400000000000155,0.005400000000000155
470,1,200,0.045000000000000775,0.005730000000000096,0.006750000000000193,0.006750000000000193
471,1,200,0.04050000000000065,0.005220000000000082,0.005400000000000155,0.005400000000000155
472,1,200,0.04050000000000065,0.005220000000000082,0.005400000000000155,0.005400000000000155
473,1,200,0.04275000000000071,0.005430000000000088,0.0063000000000001805,0.0063000000000001805
474,1,200,0.04050000000000065,0.005220000000000082,0.005400000000000155,0.005400000000000155
475,1,200,0.04050000000000065,0.005220000000000082,0.005400000000000155,0.005400000000000155
476,1,200,0.04050000000000065,0.005220000000000082,0.005400000000000155,0.005400000000000155
477,1,200,0.04050000000000065,0.005220000000000082,0.005400000000000155,0.005400000000000155
478,1,200,0.04790000000000086,0.006116666666666774,0.006750000000000193,0.006750000000000193
479,1,200,0.04050000000000065,0.005220000000000082,0.005400000000000155,0.005400000000000155
480,1,200,0.04050000000000065,0.005220000000000082,0.005400000000000155,0.005400000000000155
481,1,200,0.04050000000000065,0.005220000000000082,0.005400000000000155,0.005400000000000155
482,1,200,0.04050000000000065,0.005220000000000082,0.005400000000000155,0.005400000000000155
483,1,200,0.04270000000000071,0.00550000000000009,0.006750000000000193,0.006750000000000193
484,1,200,0.04050000000000065,0.005220000000000082,0.005400000000000155,0.005400000000000155
485,1,200,0.04050000000000065,0.005220000000000082,0.005400000000000155,0.005400000000000155
486,1,200,0.04050000000000065,0.005220000000000082,0.005400000000000155,0.005400000000000155
487,1,200,0.04050000000000065,0.005220000000000082,0.005400000000000155,0.005400000000000155
488,1,200,0.04050000000000065,0.005220000000000082,0.005400000000000155,0.005400000000000155
489,1,200,0.04050000000000065,0.005220000000000082,0.005400000000000155,0.005400000000000155
490,1,200,0.04050000000000065,0.005220000000000082,0.005400000000000155,0.005400000000000155
491,1,200,0.04280000000000071,0.005526666666666758,0.006750000000000193,0.006750000000000193
492,1,200,0.043200000000000724,0.0054900000000000886,0.006750000000000027,0.006750000000000027
493,1,200,0.04050000000000065,0.005220000000000082,0.005400000000000155,0.005400000000000155
494,1,200,0.04050000000000065,0.005220000000000082,0.005400000000000155,0.005400000000000155
495,1,200,0.04050000000000065,0.005220000000000082,0.005400000000000155,0.005400000000000155
496,1,200,0.04050000000000065,0.005220000000000082,0.005400000000000155,0.005400000000000155
497,1,200,0.04065000000000065,0.005238333333333415,0.005549999999999994,0.005549999999999994
498,1,200,0.04050000000000065,0.005220000000000082,0.005400000000000155,0.005400000000000155
499,1,200,0.04050000000000065,0.005220000000000082,0.005400000000000155,0.005400000000000155
500,1,200,0.04050000000000065,0.005220000000000082,0.005400000000000155,0.005400000000000155
501,1,200,0.04050000000000065,0.005220000000000082,0.005400000000000155,0.005400000000000155
502,1,200,0.04050000000000065,0.005220000000000082,0.005400000000000155,0.005400000000000155
503,1,200,0.04095000000000066,0.005253333333333415,0.005450000000000156,0.005450000000000156
504,1,200,0.04050000000000065,0.005220000000000082,0.005400000000000155,0.005400000000000155
505,1,200,0.04050000000000065,0.005220000000000082,0.005400000000000155,0.005400000000000155
506,1,200,0.0494500000000009,0.006323333333333446,0.006750000000000193,0.006750000000000193
507,1,200,0.0424000000000007,0.00541333333333342,0.006400000000000183,0.006400000000000183
508,1,200,0.04050000000000065,0.005220000000000082,0.005400000000000155,0.005400000000000155
509,1,200,0.04050000000000065,0.005220000000000082,0.005400000000000155,0.005400000000000155
510,1,200,0.04445000000000076,0.005746666666666763,0.006750000000000105,0.006750000000000105
511,1,200,0.041850000000000685,0.005400000000000086,0.006750000000000193,0.006750000000000193
512,1,200,0.04050000000000065,0.005220000000000082,0.005400000000000155,0.005400000000000155
513,1,200,0.04050000000000065,0.005220000000000082,0.005400000000000155,0.005400000000000155
514,1,200,0.04050000000000065,0.005220000000000082,0.005400000000000155,0.005400000000000155
515,1,200,0.041850000000000685,0.005310000000000083,0.005400000000000155,0.005400000000000155
516,1,200,0.04050000000000065,0.005220000000000082,0.005400000000000155,0.005400000000000155
517,1,200,0.04050000000000065,0.005220000000000082,0.005400000000000155,0.005400000000000155
518,1,200,0.041850000000000685,0.005310000000000083,0.005400000000000155,0.005400000000000155
519,1,200,0.04050000000000065,0.005220000000000082,0.005400000000000155,0.005400000000000155
520,1,200,0.04050000000000065,0.005220000000000082,0.005400000000000155,0.005400000000000155
521,1,200,0.041850000000000685,0.005310000000000083,0.005400000000000155,0.005400000000000155
522,1,200,0.041850000000000685,0.005400000000000086,0.006200000000000178,0.006200000000000178
523,1,200,0.044250000000000754,0.005676666666666762,0.006750000000000193,0.006750000000000193
524,1,200,0.04050000000000065,0.005220000000000082,0.005400000000000155,0.005400000000000155
525,1,200,0.04200000000000069,0.005420000000000088,0.006750000000000193,0.006750000000000193
526,1,200,0.04050000000000065,0.005220000000000082,0.005400000000000155,0.005400000000000155
527,1,200,0.04205000000000069,0.005426666666666754,0.006400000000000183,0.006400000000000183
528,1,200,0.041850000000000685,0.005370000000000086,0.006750000000000193,0.006750000000000193
529,1,200,0.04050000000000065,0.005220000000000082,0.005400000000000155,0.005400000000000155
530,1,200,0.041100000000000664,0.0052600000000000815,0.005400000000000155,0.005400000000000155
531,1,200,0.04050000000000065,0.005220000000000082,0.005400000000000155,0.005400000000000155
532,1,200,0.041850000000000685,0.005310000000000083,0.005400000000000155,0.005400000000000155
533,1,200,0.04050000000000065,0.005220000000000082,0.005400000000000155,0.005400000000000155
534,1,200,0.04050000000000065,0.005220000000000082,0.005400000000000155,0.005400000000000155
535,1,200,0.04050000000000065,0.005220000000000082,0.005400000000000155,0.005400000000000155
536,1,200,0.04050000000000065,0.005220000000000082,0.005400000000000155,0.005400000000000155
537,1,200,0.04050000000000065,0.005220000000000082,0.005400000000000155,0.005400000000000155
538,1,200,0.04380000000000074,0.0055700000000000905,0.006750000000000193,0.006750000000000193
539,1,200,0.041850000000000685,0.005400000000000086,0.006750000000000027,0.006750000000000027
540,1,200,0.04050000000000065,0.005220000000000082,0.005400000000000155,0.005400000000000155
541,1,200,0.04050000000000065,0.005220000000000082,0.005400000000000155,0.005400000000000155
542,1,200,0.04050000000000065,0.005220000000000082,0.005400000000000155,0.005400000000000155
543,1,200,0.04410000000000075,0.005635000000000093,0.006999999999999958,0.006999999999999958
544,1,200,0.04050000000000065,0.005220000000000082,0.005400000000000155,0.005400000000000155
545,1,200,0.04050000000000065,0.005220000000000082,0.005400000000000155,0.005400000000000155
546,1,200,0.04050000000000065,0.005220000000000082,0.005400000000000155,0.005400000000000155
547,1,200,0.046750000000000826,0.005980000000000104,0.006750000000000193,0.006750000000000193
548,1,200,0.04050000000000065,0.005220000000000082,0.005400000000000155,0.005400000000000155
549,1,200,0.04050000000000065,0.005220000000000082,0.005400000000000155,0.005400000000000155
550,1,200,0.04050000000000065,0.005220000000000082,0.005400000000000155,0.005400000000000155
551,1,200,0.04050000000000065,0.005220000000000082,0.005400000000000155,0.005400000000000155
552,1,200,0.04050000000000065,0.005220000000000082,0.005400000000000155,0.005400000000000155
553,1,200,0.04050000000000065,0.005220000000000082,0.005400000000000155,0.005400000000000155
554,1,200,0.04050000000000065,0.005220000000000082,0.005400000000000155,0.005400000000000155
555,1,200,0.04050000000000065,0.005220000000000082,0.005400000000000155,0.005400000000000155
556,1,200,0.04050000000000065,0.005220000000000082,0.005400000000000155,0.005400000000000155
557,1,200,0.04050000000000065,0.005220000000000082,0.005400000000000155,0.005400000000000155
558,1,200,0.04050000000000065,0.005220000000000082,0.005400000000000155,0.005400000000000155
559,1,200,0.041850000000000685,0.005400000000000086,0.006250000000000179,0.006250000000000179
560,1,200,0.04050000000000065,0.005220000000000082,0.005400000000000155,0.005400000000000155
561,1,200,0.04050000000000065,0.005220000000000082,0.005400000000000155,0.005400000000000155
562,1,200,0.04050000000000065,0.005220000000000082,0.005400000000000155,0.005400000000000155
563,1,200,0.04050000000000065,0.005220000000000082,0.005400000000000155,0.005400000000000155
564,1,200,0.041850000000000685,0.005310000000000083,0.005400000000000155,0.005400000000000155
565,1,200,0.04050000000000065,0.005220000000000082,0.005400000000000155,0.005400000000000155
566,1,200,0.041850000000000685,0.005310000000000083,0.005400000000000155,0.005400000000000155
567,1,200,0.04050000000000065,0.005220000000000082,0.005400000000000155,0.005400000000000155
568,1,200,0.04050000000000065,0.005220000000000082,0.005400000000000155,0.005400000000000155
569,1,200,0.041150000000000665,0.00530666666666675,0.006050000000000173,0.006050000000000173
570,1,200,0.04050000000000065,0.005220000000000082,0.005400000000000155,0.005400000000000155
571,1,200,0.04050000000000065,0.005220000000000082,0.005400000000000155,0.005400000000000155
572,1,200,0.041850000000000685,0.005310000000000083,0.005400000000000155,0.005400000000000155
573,1,200,0.04050000000000065,0.005220000000000082,0.005400000000000155,0.005400000000000155
574,1,200,0.04050000000000065,0.005220000000000082,0.005400000000000155,0.005400000000000155
575,1,200,0.04050000000000065,0.005220000000000082,0.005400000000000155,0.005400000000000155
576,1,200,0.04155000000000068,0.005368333333333419,0.006750000000000193,0.006750000000000193
577,1,200,0.04050000000000065,0.005220000000000082,0.005400000000000155,0.005400000000000155
578,1,200,0.041850000000000685,0.005310000000000083,0.005400000000000155,0.005400000000000155
579,1,200,0.04050000000000065,0.005220000000000082,0.005400000000000155,0.005400000000000155
580,1,200,0.04050000000000065,0.005220000000000082,0.005400000000000155,0.005400000000000155
581,1,200,0.04050000000000065,0.005220000000000082,0.005400000000000155,0.005400000000000155
582,1,200,0.04050000000000065,0.005220000000000082,0.005400000000000155,0.005400000000000155
583,1,200,0.04050000000000065,0.005220000000000082,0.005400000000000155,0.005400000000000155
584,1,200,0.04050000000000065,0.005220000000000082,0.005400000000000155,0.005400000000000155
585,1,200,0.04630000000000081,0.0059950000000001035,0.008300000000000118,0.008300000000000118
586,1,200,0.04050000000000065,0.005220000000000082,0.005400000000000155,0.005400000000000155
587,1,200,0.04050000000000065,0.005220000000000082,0.005400000000000155,0.005400000000000155
588,1,200,0.04050000000000065,0.005220000000000082,0.005400000000000155,0.005400000000000155
589,1,200,0.044300000000000755,0.005636666666666759,0.006750000000000193,0.006750000000000193
590,1,200,0.04335000000000073,0.00551000000000009,0.006399999999999961,0.006399999999999961
591,1,200,0.04050000000000065,0.005220000000000082,0.005400000000000155,0.005400000000000155
592,1,200,0.04050000000000065,0.005220000000000082,0.005400000000000155,0.005400000000000155
593,1,200,0.04050000000000065,0.005220000000000082,0.005400000000000155,0.005400000000000155
594,1,200,0.04050000000000065,0.005220000000000082,0.005400000000000155,0.005400000000000155
595,1,200,0.04190000000000069,0.005316666666666749,0.005450000000000156,0.005450000000000156
596,1,200,0.04050000000000065,0.005220000000000082,0.005400000000000155,0.005400000000000155
597,1,200,0.04130000000000067,0.005273333333333417,0.005400000000000155,0.005400000000000155
598,1,200,0.04050000000000065,0.005220000000000082,0.005400000000000155,0.005400000000000155
599,1,200,0.04190000000000069,0.005406666666666754,0.0063000000000001805,0.0063000000000001805
600,1,200,0.04050000000000065,0.005220000000000082,0.005400000000000155,0.005400000000000155
601,1,200,0.041850000000000685,0.005265000000000083,0.005400000000000155,0.005400000000000155
602,1,200,0.04050000000000065,0.005220000000000082,0.005400000000000155,0.005400000000000155
603,1,200,0.04050000000000065,0.005220000000000082,0.005400000000000155,0.005400000000000155
604,1,200,0.04050000000000065,0.005220000000000082,0.005400000000000155,0.005400000000000155
605,1,200,0.04050000000000065,0.005220000000000082,0.005400000000000155,0.005400000000000155
606,1,200,0.041500000000000675,0.005353333333333419,0.006099999999999963,0.006099999999999963
607,1,200,0.04050000000000065,0.005220000000000082,0.005400000000000155,0.005400000000000155
608,1,200,0.04435000000000076,0.005643333333333427,0.006750000000000193,0.006750000000000193
609,1,200,0.04380000000000074,0.005630000000000094,0.006750000000000193,0.006750000000000193
610,1,200,0.04050000000000065,0.005220000000000082,0.005400000000000155,0.005400000000000155
611,1,200,0.04050000000000065,0.005220000000000082,0.005400000000000155,0.005400000000000155
612,1,200,0.04050000000000065,0.005220000000000082,0.005400000000000155,0.005400000000000155
613,1,200,0.04050000000000065,0.005220000000000082,0.005400000000000155,0.005400000000000155
614,1,200,0.04050000000000065,0.005220000000000082,0.005400000000000155,0.005400000000000155
615,1,200,0.04050000000000065,0.005220000000000082,0.005400000000000155,0.005400000000000155
616,1,200,0.042850000000000714,0.005533333333333423,0.006750000000000027,0.006750000000000027
617,1,200,0.04050000000000065,0.005220000000000082,0.005400000000000155,0.005400000000000155
618,1,200,0.043200000000000724,0.00558000000000009,0.008100000000000232,0.008100000000000232
619,1,200,0.04050000000000065,0.005220000000000082,0.005400000000000155,0.005400000000000155
620,1,200,0.04050000000000065,0.005220000000000082,0.005400000000000155,0.005400000000000155
621,1,200,0.0423000000000007,0.005460000000000091,0.006700000000000192,0.006700000000000192
622,1,200,0.04050000000000065,0.005220000000000082,0.005400000000000155,0.005400000000000155
623,1,200,0.041850000000000685,0.005310000000000083,0.005400000000000155,0.005400000000000155
624,1,200,0.04050000000000065,0.005220000000000082,0.005400000000000155,0.005400000000000155
625,1,200,0.04050000000000065,0.005220000000000082,0.005400000000000155,0.005400000000000155
626,1,200,0.04050000000000065,0.005220000000000082,0.005400000000000155,0.005400000000000155
627,1,200,0.04050000000000065,0.005220000000000082,0.005400000000000155,0.005400000000000155
628,1,200,0.04335000000000073,0.005600000000000092,0.006750000000000193,0.006750000000000193
629,1,200,0.04050000000000065,0.005220000000000082,0.005400000000000155,0.005400000000000155
630,1,200,0.04050000000000065,0.005220000000000082,0.005400000000000155,0.005400000000000155
631,1,200,0.04515000000000078,0.005750000000000096,0.006749999999999959,0.006749999999999959
632,1,200,0.04050000000000065,0.005220000000000082,0.005400000000000155,0.005400000000000155
633,1,200,0.04050000000000065,0.005220000000000082,0.005400000000000155,0.005400000000000155
634,1,200,0.041850000000000685,0.005400000000000086,0.006750000000000193,0.006750000000000193
635,1,200,0.04050000000000065,0.005220000000000082,0.005400000000000155,0.005400000000000155
636,1,200,0.04050000000000065,0.005220000000000082,0.005400000000000155,0.005400000000000155
637,1,200,0.04050000000000065,0.005220000000000082,0.005400000000000155,0.005400000000000155
638,1,200,0.043200000000000724,0.005490000000000089,0.006750000000000193,0.006750000000000193
639,1,200,0.04050000000000065,0.005220000000000082,0.005400000000000155,0.005400000000000155
640,1,200,0.04380000000000074,0.005570000000000091,0.006750000000000193,0.006750000000000193
641,1,200,0.0459000000000008,0.005850000000000097,0.008100000000000232,0.008100000000000232
642,1,200,0.04050000000000065,0.005220000000000082,0.005400000000000155,0.005400000000000155
643,1,200,0.043200000000000724,0.005580000000000093,0.006750000000000193,0.006750000000000193
644,1,200,0.04050000000000065,0.005220000000000082,0.005400000000000155,0.005400000000000155
645,1,200,0.04050000000000065,0.005220000000000082,0.005400000000000155,0.005400000000000155
646,1,200,0.0423500000000007,0.005466666666666755,0.006749999999999959,0.006749999999999959
647,1,200,0.04050000000000065,0.005220000000000082,0.005400000000000155,0.005400000000000155
648,1,200,0.04050000000000065,0.005220000000000082,0.005400000000000155,0.005400000000000155
649,1,200,0.04050000000000065,0.005220000000000082,0.005400000000000155,0.005400000000000155
650,1,200,0.04050000000000065,0.005220000000000082,0.005400000000000155,0.005400000000000155
651,1,200,0.04050000000000065,0.005220000000000082,0.005400000000000155,0.005400000000000155
652,1,200,0.04050000000000065,0.005220000000000082,0.005400000000000155,0.005400000000000155
653,1,200,0.04050000000000065,0.005220000000000082,0.005400000000000155,0.005400000000000155
654,1,200,0.041850000000000685,0.005310000000000083,0.005400000000000155,0.005400000000000155
655,1,200,0.04050000000000065,0.005220000000000082,0.005400000000000155,0.005400000000000155
656,1,200,0.04050000000000065,0.005220000000000082,0.005400000000000155,0.005400000000000155
657,1,200,0.043250000000000725,0.005526666666666758,0.006750000000000193,0.006750000000000193
658,1,200,0.04050000000000065,0.005220000000000082,0.005400000000000155,0.005400000000000155
659,1,200,0.04050000000000065,0.005220000000000082,0.005400000000000155,0.005400000000000155
660,1,200,0.04050000000000065,0.005220000000000082,0.005400000000000155,0.005400000000000155
661,1,200,0.041850000000000685,0.005310000000000083,0.005400000000000155,0.005400000000000155
662,1,200,0.04050000000000065,0.005220000000000082,0.005400000000000155,0.005400000000000155
663,1,200,0.041850000000000685,0.005400000000000086,0.006399999999999961,0.006399999999999961
664,1,200,0.047450000000000846,0.006056666666666772,0.006750000000000193,0.006750000000000193
665,1,200,0.04050000000000065,0.005220000000000082,0.005400000000000155,0.005400000000000155
666,1,200,0.04160000000000068,0.005366666666666751,0.006050000000000173,0.006050000000000173
667,1,200,0.04050000000000065,0.005220000000000082,0.005400000000000155,0.005400000000000155
668,1,200,0.04050000000000065,0.005220000000000082,0.005400000000000155,0.005400000000000155
669,1,200,0.04050000000000065,0.005220000000000082,0.005400000000000155,0.005400000000000155
670,1,200,0.04050000000000065,0.005220000000000082,0.005400000000000155,0.005400000000000155
671,1,200,0.04050000000000065,0.005220000000000082,0.005400000000000155,0.005400000000000155
672,1,200,0.041850000000000685,0.005400000000000086,0.006750000000000193,0.006750000000000193
673,1,200,0.043200000000000724,0.005400000000000086,0.005400000000000155,0.005400000000000155
674,1,200,0.04050000000000065,0.005220000000000082,0.005400000000000155,0.005400000000000155
675,1,200,0.04050000000000065,0.005220000000000082,0.005400000000000155,0.005400000000000155
676,1,200,0.04050000000000065,0.005220000000000082,0.005400000000000155,0.005400000000000155
677,1,200,0.04050000000000065,0.005220000000000082,0.005400000000000155,0.005400000000000155
678,1,200,0.04050000000000065,0.005220000000000082,0.005400000000000155,0.005400000000000155
679,1,200,0.04050000000000065,0.005220000000000082,0.005400000000000155,0.005400000000000155
680,1,200,0.04050000000000065,0.005220000000000082,0.005400000000000155,0.005400000000000155
681,1,200,0.04050000000000065,0.005220000000000082,0.005400000000000155,0.005400000000000155
682,1,200,0.04130000000000067,0.005273333333333417,0.005400000000000155,0.005400000000000155
683,1,200,0.04050000000000065,0.005220000000000082,0.005400000000000155,0.005400000000000155
684,1,200,0.04050000000000065,0.005220000000000082,0.005400000000000155,0.005400000000000155
685,1,200,0.04050000000000065,0.005220000000000082,0.005400000000000155,0.005400000000000155
686,1,200,0.041850000000000685,0.005310000000000083,0.005400000000000155,0.005400000000000155
687,1,200,0.043250000000000725,0.005496666666666756,0.006750000000000193,0.006750000000000193
688,1,200,0.041800000000000684,0.00539333333333342,0.006550000000000188,0.006550000000000188
689,1,200,0.04050000000000065,0.005220000000000082,0.005400000000000155,0.005400000000000155
690,1,200,0.049500000000000904,0.006330000000000113,0.006750000000000193,0.006750000000000193
691,1,200,0.04275000000000071,0.00552000000000009,0.006750000000000193,0.006750000000000193
692,1,200,0.04050000000000065,0.005220000000000082,0.005400000000000155,0.005400000000000155
693,1,200,0.04050000000000065,0.005220000000000082,0.005400000000000155,0.005400000000000155
694,1,200,0.04050000000000065,0.005220000000000082,0.005400000000000155,0.005400000000000155
695,1,200,0.041850000000000685,0.005378333333333418,0.006750000000000027,0.006750000000000027
696,1,200,0.04050000000000065,0.005220000000000082,0.005400000000000155,0.005400000000000155
697,1,200,0.05040000000000093,0.006450000000000117,0.006750000000000193,0.006750000000000193
698,1,200,0.041850000000000685,0.005310000000000083,0.005400000000000155,0.005400000000000155
699,1,200,0.04545000000000079,0.005790000000000097,0.006750000000000193,0.006750000000000193
700,1,200,0.04050000000000065,0.005220000000000082,0.005400000000000155,0.005400000000000155
701,1,200,0.04835000000000087,0.0061766666666667755,0.006750000000000193,0.006750000000000193
702,1,200,0.04050000000000065,0.005220000000000082,0.005400000000000155,0.005400000000000155
703,1,200,0.04050000000000065,0.005220000000000082,0.005400000000000155,0.005400000000000155
704,1,200,0.04085000000000066,0.005266666666666749,0.005749999999999993,0.005749999999999993
705,1,200,0.041850000000000685,0.005310000000000083,0.005400000000000155,0.005400000000000155
706,1,200,0.04050000000000065,0.005220000000000082,0.005400000000000155,0.005400000000000155
707,1,200,0.04050000000000065,0.005220000000000082,0.005400000000000155,0.005400000000000155
708,1,200,0.04050000000000065,0.005220000000000082,0.005400000000000155,0.005400000000000155
709,1,200,0.043550000000000734,0.00562666666666676,0.006750000000000049,0.006750000000000049
710,1,200,0.04050000000000065,0.005220000000000082,0.005400000000000155,0.005400000000000155
711,1,200,0.04050000000000065,0.005220000000000082,0.005400000000000155,0.005400000000000155
712,1,200,0.04050000000000065,0.005220000000000082,0.005400000000000155,0.005400000000000155
713,1,200,0.04105000000000066,0.005293333333333416,0.005749999999999998,0.005749999999999998
714,1,200,0.04120000000000067,0.005313333333333416,0.006100000000000175,0.006100000000000175
715,1,200,0.04050000000000065,0.005220000000000082,0.005400000000000155,0.005400000000000155
716,1,200,0.041850000000000685,0.005310000000000083,0.005400000000000155,0.005400000000000155
717,1,200,0.04050000000000065,0.005220000000000082,0.005400000000000155,0.005400000000000155
718,1,200,0.04050000000000065,0.005220000000000082,0.005400000000000155,0.005400000000000155
719,1,200,0.04050000000000065,0.005220000000000082,0.005400000000000155,0.005400000000000155
720,1,200,0.04050000000000065,0.005220000000000082,0.005400000000000155,0.005400000000000155
721,1,200,0.04050000000000065,0.005220000000000082,0.005400000000000155,0.005400000000000155
722,1,200,0.04050000000000065,0.005220000000000082,0.005400000000000155,0.005400000000000155
723,1,200,0.04050000000000065,0.005220000000000082,0.005400000000000155,0.005400000000000155
724,1,200,0.04050000000000065,0.005220000000000082,0.005400000000000155,0.005400000000000155
725,1,200,0.04050000000000065,0.005220000000000082,0.005400000000000155,0.005400000000000155
726,1,200,0.04050000000000065,0.005220000000000082,0.005400000000000155,0.005400000000000155
727,1,200,0.04050000000000065,0.005220000000000082,0.005400000000000155,0.005400000000000155
728,1,200,0.042150000000000694,0.00537666666666675,0.006100000000000175,0.006100000000000175
729,1,200,0.04050000000000065,0.005220000000000082,0.005400000000000155,0.005400000000000155
730,1,200,0.04050000000000065,0.005220000000000082,0.005400000000000155,0.005400000000000155
731,1,200,0.04050000000000065,0.005220000000000082,0.005400000000000155,0.005400000000000155
732,1,200,0.041850000000000685,0.005400000000000086,0.006749999999999987,0.006749999999999987
733,1,200,0.043200000000000724,0.0054900000000000886,0.006749999999999959,0.006749999999999959
734,1,200,0.041850000000000685,0.005310000000000083,0.005400000000000155,0.005400000000000155
735,1,200,0.04720000000000084,0.006036666666666772,0.006750000000000193,0.006750000000000193
736,1,200,0.041850000000000685,0.005310000000000083,0.005400000000000155,0.005400000000000155
737,1,200,0.04405000000000075,0.005603333333333426,0.006750000000000193,0.006750000000000193
738,1,200,0.04050000000000065,0.005220000000000082,0.005400000000000155,0.005400000000000155
739,1,200,0.04050000000000065,0.005220000000000082,0.005400000000000155,0.005400000000000155
740,1,200,0.04050000000000065,0.005220000000000082,0.005400000000000155,0.005400000000000155
741,1,200,0.041850000000000685,0.005310000000000083,0.005400000000000155,0.005400000000000155
742,1,200,0.04050000000000065,0.005220000000000082,0.005400000000000155,0.005400000000000155
743,1,200,0.04135000000000067,0.005333333333333417,0.006250000000000179,0.006250000000000179
744,1,200,0.041850000000000685,0.005400000000000086,0.006750000000000027,0.006750000000000027
745,1,200,0.04050000000000065,0.005220000000000082,0.005400000000000155,0.005400000000000155
746,1,200,0.04050000000000065,0.005220000000000082,0.005400000000000155,0.005400000000000155
747,1,200,0.04050000000000065,0.005220000000000082,0.005400000000000155,0.005400000000000155
748,1,200,0.04050000000000065,0.005220000000000082,0.005400000000000155,0.005400000000000155
749,1,200,0.041850000000000685,0.005310000000000083,0.005400000000000155,0.005400000000000155
750,1,200,0.04050000000000065,0.005220000000000082,0.005400000000000155,0.005400000000000155
751,1,200,0.041850000000000685,0.005310000000000083,0.005400000000000155,0.005400000000000155
752,1,200,0.041850000000000685,0.005400000000000088,0.006750000000000193,0.006750000000000193
753,1,200,0.04455000000000076,0.0057383333333334285,0.008099999999999951,0.008099999999999951
754,1,200,0.041850000000000685,0.005310000000000083,0.005400000000000155,0.005400000000000155
755,1,200,0.04050000000000065,0.005220000000000082,0.005400000000000155,0.005400000000000155
756,1,200,0.04050000000000065,0.005220000000000082,0.005400000000000155,0.005400000000000155
757,1,200,0.04050000000000065,0.005220000000000082,0.005400000000000155,0.005400000000000155
758,1,200,0.041850000000000685,0.005378333333333418,0.006749999999999959,0.006749999999999959
759,1,200,0.04050000000000065,0.005220000000000082,0.005400000000000155,0.005400000000000155
760,1,200,0.04050000000000065,0.005220000000000082,0.005400000000000155,0.005400000000000155
761,1,200,0.04050000000000065,0.005220000000000082,0.005400000000000155,0.005400000000000155
762,1,200,0.04870000000000088,0.0062233333333334435,0.006750000000000193,0.006750000000000193
763,1,200,0.043200000000000724,0.005580000000000093,0.006749999999999959,0.006749999999999959
764,1,200,0.04050000000000065,0.005220000000000082,0.005400000000000155,0.005400000000000155
765,1,200,0.04050000000000065,0.005220000000000082,0.005400000000000155,0.005400000000000155
766,1,200,0.04380000000000074,0.005570000000000091,0.006750000000000193,0.006750000000000193
767,1,200,0.04050000000000065,0.005220000000000082,0.005400000000000155,0.005400000000000155
768,1,200,0.04345000000000073,0.005541666666666758,0.006749999999999959,0.006749999999999959
769,1,200,0.041850000000000685,0.005310000000000083,0.005400000000000155,0.005400000000000155
770,1,200,0.04050000000000065,0.005220000000000082,0.005400000000000155,0.005400000000000155
771,1,200,0.041850000000000685,0.005310000000000083,0.005400000000000155,0.005400000000000155
772,1,200,0.048150000000000866,0.0061500000000001085,0.006750000000000193,0.006750000000000193
773,1,200,0.04050000000000065,0.005220000000000082,0.005400000000000155,0.005400000000000155
774,1,200,0.041850000000000685,0.005310000000000083,0.005400000000000155,0.005400000000000155
775,1,200,0.04050000000000065,0.005220000000000082,0.005400000000000155,0.005400000000000155
776,1,200,0.04205000000000069,0.005426666666666754,0.0061999999999999625,0.0061999999999999625
777,1,200,0.04405000000000075,0.005693333333333428,0.006750000000000193,0.006750000000000193
778,1,200,0.041850000000000685,0.005310000000000083,0.005400000000000155,0.005400000000000155
779,1,200,0.05070000000000094,0.006490000000000118,0.006750000000000193,0.006750000000000193
780,1,200,0.043200000000000724,0.005580000000000093,0.008099999999999951,0.008099999999999951
781,1,200,0.0422500000000007,0.005453333333333421,0.006749999999999959,0.006749999999999959
782,1,200,0.04050000000000065,0.005220000000000082,0.005400000000000155,0.005400000000000155
783,1,200,0.04050000000000065,0.005220000000000082,0.005400000000000155,0.005400000000000155
784,1,200,0.04050000000000065,0.005220000000000082,0.005400000000000155,0.005400000000000155
785,1,200,0.041850000000000685,0.005310000000000083,0.005400000000000155,0.005400000000000155
786,1,200,0.041450000000000674,0.005346666666666751,0.006349999999999962,0.006349999999999962
787,1,200,0.04050000000000065,0.005220000000000082,0.005400000000000155,0.005400000000000155
788,1,200,0.04050000000000065,0.005220000000000082,0.005400000000000155,0.005400000000000155
789,1,200,0.04050000000000065,0.005220000000000082,0.005400000000000155,0.005400000000000155
790,1,200,0.04085000000000066,0.005231666666666748,0.005400000000000155,0.005400000000000155
791,1,200,0.04050000000000065,0.005220000000000082,0.005400000000000155,0.005400000000000155
792,1,200,0.04050000000000065,0.005220000000000082,0.005400000000000155,0.005400000000000155
793,1,200,0.041850000000000685,0.005310000000000083,0.005400000000000155,0.005400000000000155
794,1,200,0.04700000000000083,0.005996666666666771,0.006750000000000193,0.006750000000000193
795,1,200,0.04050000000000065,0.005220000000000082,0.005400000000000155,0.005400000000000155
796,1,200,0.04050000000000065,0.005220000000000082,0.005400000000000155,0.005400000000000155
797,1,200,0.04050000000000065,0.005220000000000082,0.005400000000000155,0.005400000000000155
798,1,200,0.04200000000000069,0.005330000000000085,0.005550000000000159,0.005550000000000159
799,1,200,0.04050000000000065,0.005220000000000082,0.005400000000000155,0.005400000000000155
800,1,200,0.04555000000000079,0.0058933333333334335,0.006750000000000193,0.006750000000000193
801,1,200,0.04050000000000065,0.005220000000000082,0.005400000000000155,0.005400000000000155
802,1,200,0.041850000000000685,0.005400000000000086,0.006750000000000193,0.006750000000000193
803,1,200,0.04050000000000065,0.005220000000000082,0.005400000000000155,0.005400000000000155
804,1,200,0.04050000000000065,0.005220000000000082,0.005400000000000155,0.005400000000000155
805,1,200,0.04050000000000065,0.005220000000000082,0.005400000000000155,0.005400000000000155
806,1,200,0.04155000000000068,0.0053683333333334185,0.006750000000000027,0.006750000000000027
807,1,200,0.04050000000000065,0.005220000000000082,0.005400000000000155,0.005400000000000155
808,1,200,0.041850000000000685,0.005310000000000083,0.005400000000000155,0.005400000000000155
809,1,200,0.04050000000000065,0.005220000000000082,0.005400000000000155,0.005400000000000155
810,1,200,0.04190000000000069,0.005406666666666754,0.006400000000000183,0.006400000000000183
811,1,200,0.04050000000000065,0.005220000000000082,0.005400000000000155,0.005400000000000155
812,1,200,0.041850000000000685,0.00540833333333342,0.006750000000000193,0.006750000000000193
813,1,200,0.04050000000000065,0.005220000000000082,0.005400000000000155,0.005400000000000155
814,1,200,0.04050000000000065,0.005220000000000082,0.005400000000000155,0.005400000000000155
815,1,200,0.041850000000000685,0.005310000000000083,0.005400000000000155,0.005400000000000155
816,1,200,0.04050000000000065,0.005220000000000082,0.005400000000000155,0.005400000000000155
817,1,200,0.04050000000000065,0.005220000000000082,0.005400000000000155,0.005400000000000155
818,1,200,0.0424000000000007,0.005473333333333423,0.006750000000000193,0.006750000000000193
819,1,200,0.04155000000000068,0.0053683333333334185,0.006749999999999959,0.006749999999999959
820,1,200,0.04050000000000065,0.005220000000000082,0.005400000000000155,0.005400000000000155
821,1,200,0.04050000000000065,0.005220000000000082,0.005400000000000155,0.005400000000000155
822,1,200,0.046350000000000814,0.006000000000000103,0.006750000000000193,0.006750000000000193
823,1,200,0.04050000000000065,0.005220000000000082,0.005400000000000155,0.005400000000000155
824,1,200,0.041850000000000685,0.005400000000000086,0.006350000000000182,0.006350000000000182
825,1,200,0.043550000000000734,0.00562666666666676,0.006750000000000027,0.006750000000000027
826,1,200,0.04400000000000075,0.005596666666666758,0.006750000000000193,0.006750000000000193
827,1,200,0.04455000000000076,0.005573333333333425,0.006750000000000193,0.006750000000000193
828,1,200,0.04050000000000065,0.005220000000000082,0.005400000000000155,0.005400000000000155
829,1,200,0.04120000000000067,0.005313333333333418,0.006100000000000175,0.006100000000000175
830,1,200,0.041850000000000685,0.005378333333333418,0.006750000000000027,0.006750000000000027
831,1,200,0.04125000000000067,0.0052766666666667515,0.0055000000000001575,0.0055000000000001575
832,1,200,0.04050000000000065,0.005220000000000082,0.005400000000000155,0.005400000000000155
833,1,200,0.041850000000000685,0.005310000000000083,0.005400000000000155,0.005400000000000155
834,1,200,0.042200000000000695,0.005356666666666751,0.005749999999999993,0.005749999999999993
835,1,200,0.04205000000000069,0.005426666666666754,0.0063000000000000365,0.0063000000000000365
836,1,200,0.04050000000000065,0.005220000000000082,0.005400000000000155,0.005400000000000155
837,1,200,0.04155000000000068,0.0053683333333334185,0.006750000000000193,0.006750000000000193
838,1,200,0.04050000000000065,0.005220000000000082,0.005400000000000155,0.005400000000000155
839,1,200,0.04050000000000065,0.005220000000000082,0.005400000000000155,0.005400000000000155
840,1,200,0.04050000000000065,0.005220000000000082,0.005400000000000155,0.005400000000000155
841,1,200,0.04050000000000065,0.005220000000000082,0.005400000000000155,0.005400000000000155
842,1,200,0.04050000000000065,0.005220000000000082,0.005400000000000155,0.005400000000000155
843,1,200,0.04050000000000065,0.005220000000000082,0.005400000000000155,0.005400000000000155
844,1,200,0.04050000000000065,0.005220000000000082,0.005400000000000155,0.005400000000000155
845,1,200,0.04370000000000074,0.005646666666666761,0.006750000000000193,0.006750000000000193
846,1,200,0.04205000000000069,0.005393333333333418,0.006450000000000185,0.006450000000000185
847,1,200,0.04050000000000065,0.005220000000000082,0.005400000000000155,0.005400000000000155
848,1,200,0.04050000000000065,0.005220000000000082,0.005400000000000155,0.005400000000000155
849,1,200,0.04050000000000065,0.005220000000000082,0.005400000000000155,0.005400000000000155
850,1,200,0.04050000000000065,0.005220000000000082,0.005400000000000155,0.005400000000000155
851,1,200,0.04050000000000065,0.005220000000000082,0.005400000000000155,0.005400000000000155
852,1,200,0.04050000000000065,0.005220000000000082,0.005400000000000155,0.005400000000000155
853,1,200,0.04050000000000065,0.005220000000000082,0.005400000000000155,0.005400000000000155
854,1,200,0.04050000000000065,0.005220000000000082,0.005400000000000155,0.005400000000000155
855,1,200,0.041850000000000685,0.005310000000000083,0.005400000000000155,0.005400000000000155
856,1,200,0.04340000000000073,0.00560666666666676,0.006550000000000188,0.006550000000000188
857,1,200,0.04050000000000065,0.005220000000000082,0.005400000000000155,0.005400000000000155
858,1,200,0.047750000000000854,0.006186666666666777,0.006750000000000193,0.006750000000000193
859,1,200,0.04050000000000065,0.005220000000000082,0.005400000000000155,0.005400000000000155
860,1,200,0.041850000000000685,0.005400000000000086,0.006750000000000193,0.006750000000000193
861,1,200,0.04050000000000065,0.005220000000000082,0.005400000000000155,0.005400000000000155
862,1,200,0.041850000000000685,0.005310000000000083,0.005400000000000155,0.005400000000000155
863,1,200,0.04050000000000065,0.005220000000000082,0.005400000000000155,0.005400000000000155
864,1,200,0.04050000000000065,0.005220000000000082,0.005400000000000155,0.005400000000000155
865,1,200,0.04050000000000065,0.005220000000000082,0.005400000000000155,0.005400000000000155
866,1,200,0.04050000000000065,0.005220000000000082,0.005400000000000155,0.005400000000000155
867,1,200,0.043200000000000724,0.00558000000000009,0.008100000000000232,0.008100000000000232
868,1,200,0.041850000000000685,0.005400000000000086,0.006749999999999959,0.006749999999999959
869,1,200,0.04050000000000065,0.005220000000000082,0.005400000000000155,0.005400000000000155
870,1,200,0.04050000000000065,0.005220000000000082,0.005400000000000155,0.005400000000000155
871,1,200,0.04050000000000065,0.005220000000000082,0.005400000000000155,0.005400000000000155
872,1,200,0.04295000000000072,0.005546666666666757,0.006750000000000193,0.006750000000000193
873,1,200,0.04380000000000074,0.005660000000000095,0.006750000000000086,0.006750000000000086
874,1,200,0.04050000000000065,0.005220000000000082,0.005400000000000155,0.005400000000000155
875,1,200,0.04050000000000065,0.005220000000000082,0.005400000000000155,0.005400000000000155
876,1,200,0.04050000000000065,0.005220000000000082,0.005400000000000155,0.005400000000000155
877,1,200,0.041850000000000685,0.005310000000000083,0.005400000000000155,0.005400000000000155
878,1,200,0.04050000000000065,0.005220000000000082,0.005400000000000155,0.005400000000000155
879,1,200,0.04050000000000065,0.005220000000000082,0.005400000000000155,0.005400000000000155
880,1,200,0.04050000000000065,0.005220000000000082,0.005400000000000155,0.005400000000000155
881,1,200,0.04050000000000065,0.005220000000000082,0.005400000000000155,0.005400000000000155
882,1,200,0.04050000000000065,0.005220000000000082,0.005400000000000155,0.005400000000000155
883,1,200,0.042850000000000714,0.005533333333333423,0.0067500000000000615,0.0067500000000000615
884,1,200,0.04050000000000065,0.005220000000000082,0.005400000000000155,0.005400000000000155
885,1,200,0.04050000000000065,0.005220000000000082,0.005400000000000155,0.005400000000000155
886,1,200,0.04050000000000065,0.005220000000000082,0.005400000000000155,0.005400000000000155
887,1,200,0.04050000000000065,0.005220000000000082,0.005400000000000155,0.005400000000000155
888,1,200,0.041850000000000685,0.005378333333333418,0.006750000000000027,0.006750000000000027
889,1,200,0.04050000000000065,0.005220000000000082,0.005400000000000155,0.005400000000000155
890,1,200,0.04050000000000065,0.005220000000000082,0.005400000000000155,0.005400000000000155
891,1,200,0.04050000000000065,0.005220000000000082,0.005400000000000155,0.005400000000000155
892,1,200,0.04050000000000065,0.005220000000000082,0.005400000000000155,0.005400000000000155
893,1,200,0.04340000000000073,0.00561666666666676,0.007000000000000034,0.007000000000000034
894,1,200,0.04050000000000065,0.005220000000000082,0.005400000000000155,0.005400000000000155
895,1,200,0.04050000000000065,0.005220000000000082,0.005400000000000155,0.005400000000000155
896,1,200,0.04050000000000065,0.005220000000000082,0.005400000000000155,0.005400000000000155
897,1,200,0.04050000000000065,0.005220000000000082,0.005400000000000155,0.005400000000000155
898,1,200,0.04095000000000066,0.005280000000000082,0.005699999999999997,0.005699999999999997
899,1,200,0.04050000000000065,0.005220000000000082,0.005400000000000155,0.005400000000000155
900,1,200,0.04050000000000065,0.005220000000000082,0.005400000000000155,0.005400000000000155
901,1,200,0.04050000000000065,0.005220000000000082,0.005400000000000155,0.005400000000000155
902,1,200,0.04050000000000065,0.005220000000000082,0.005400000000000155,0.005400000000000155
903,1,200,0.04050000000000065,0.005220000000000082,0.005400000000000155,0.005400000000000155
904,1,200,0.04050000000000065,0.005220000000000082,0.005400000000000155,0.005400000000000155
905,1,200,0.04050000000000065,0.005220000000000082,0.005400000000000155,0.005400000000000155
906,1,200,0.043200000000000724,0.0054900000000000886,0.006750000000000193,0.006750000000000193
907,1,200,0.04050000000000065,0.005220000000000082,0.005400000000000155,0.005400000000000155
908,1,200,0.04050000000000065,0.005220000000000082,0.005400000000000155,0.005400000000000155
909,1,200,0.04095000000000066,0.005280000000000082,0.0058500000000001676,0.0058500000000001676
910,1,200,0.041850000000000685,0.005400000000000086,0.006750000000000193,0.006750000000000193
911,1,200,0.04050000000000065,0.005220000000000082,0.005400000000000155,0.005400000000000155
912,1,200,0.04050000000000065,0.005220000000000082,0.005400000000000155,0.005400000000000155
913,1,200,0.041850000000000685,0.005310000000000083,0.005400000000000155,0.005400000000000155
914,1,200,0.04050000000000065,0.005220000000000082,0.005400000000000155,0.005400000000000155
915,1,200,0.04050000000000065,0.005220000000000082,0.005400000000000155,0.005400000000000155
916,1,200,0.04645000000000082,0.0058333333333334325,0.006750000000000193,0.006750000000000193
917,1,200,0.04050000000000065,0.005220000000000082,0.005400000000000155,0.005400000000000155
918,1,200,0.04050000000000065,0.005220000000000082,0.005400000000000155,0.005400000000000155
919,1,200,0.04050000000000065,0.005220000000000082,0.005400000000000155,0.005400000000000155
920,1,200,0.04050000000000065,0.005220000000000082,0.005400000000000155,0.005400000000000155
921,1,200,0.04050000000000065,0.005220000000000082,0.005400000000000155,0.005400000000000155
922,1,200,0.04050000000000065,0.005220000000000082,0.005400000000000155,0.005400000000000155
923,1,200,0.04050000000000065,0.005220000000000082,0.005400000000000155,0.005400000000000155
924,1,200,0.042900000000000715,0.005450000000000088,0.006150000000000176,0.006150000000000176
925,1,200,0.04385000000000074,0.0055766666666667575,0.006750000000000193,0.006750000000000193
926,1,200,0.04050000000000065,0.005220000000000082,0.005400000000000155,0.005400000000000155
927,1,200,0.04300000000000072,0.005553333333333425,0.006750000000000193,0.006750000000000193
928,1,200,0.04050000000000065,0.005220000000000082,0.005400000000000155,0.005400000000000155
929,1,200,0.041850000000000685,0.005400000000000086,0.006750000000000193,0.006750000000000193
930,1,200,0.04050000000000065,0.005220000000000082,0.005400000000000155,0.005400000000000155
931,1,200,0.043200000000000724,0.005580000000000093,0.006750000000000193,0.006750000000000193
932,1,200,0.04050000000000065,0.005220000000000082,0.005400000000000155,0.005400000000000155
933,1,200,0.041850000000000685,0.005310000000000083,0.005400000000000155,0.005400000000000155
934,1,200,0.04050000000000065,0.005220000000000082,0.005400000000000155,0.005400000000000155
935,1,200,0.04365000000000074,0.00559666666666676,0.006750000000000193,0.006750000000000193
936,1,200,0.04050000000000065,0.005220000000000082,0.005400000000000155,0.005400000000000155
937,1,200,0.04050000000000065,0.005220000000000082,0.005400000000000155,0.005400000000000155
938,1,200,0.04050000000000065,0.005220000000000082,0.005400000000000155,0.005400000000000155
939,1,200,0.04050000000000065,0.005220000000000082,0.005400000000000155,0.005400000000000155
940,1,200,0.04050000000000065,0.005220000000000082,0.005400000000000155,0.005400000000000155
941,1,200,0.04140000000000067,0.005340000000000085,0.0063000000000001805,0.0063000000000001805
942,1,200,0.04105000000000066,0.005256666666666748,0.005400000000000155,0.005400000000000155
943,1,200,0.04050000000000065,0.005220000000000082,0.005400000000000155,0.005400000000000155
944,1,200,0.04190000000000069,0.005406666666666754,0.006149999999999963,0.006149999999999963
945,1,200,0.04135000000000067,0.005333333333333417,0.0058500000000001676,0.0058500000000001676
946,1,200,0.04050000000000065,0.005220000000000082,0.005400000000000155,0.005400000000000155
947,1,200,0.04050000000000065,0.005220000000000082,0.005400000000000155,0.005400000000000155
948,1,200,0.04050000000000065,0.005220000000000082,0.005400000000000155,0.005400000000000155
949,1,200,0.04340000000000073,0.00560666666666676,0.006750000000000193,0.006750000000000193
950,1,200,0.04050000000000065,0.005220000000000082,0.005400000000000155,0.005400000000000155
951,1,200,0.04050000000000065,0.005220000000000082,0.005400000000000155,0.005400000000000155
952,1,200,0.04050000000000065,0.005220000000000082,0.005400000000000155,0.005400000000000155
953,1,200,0.04400000000000075,0.005596666666666759,0.006750000000000193,0.006750000000000193
954,1,200,0.04050000000000065,0.005220000000000082,0.005400000000000155,0.005400000000000155
955,1,200,0.04125000000000067,0.005320000000000084,0.00605000000000001,0.00605000000000001
956,1,200,0.04190000000000069,0.005380000000000085,0.006750000000000193,0.006750000000000193
957,1,200,0.04050000000000065,0.005220000000000082,0.005400000000000155,0.005400000000000155
958,1,200,0.041850000000000685,0.005400000000000086,0.006749999999999987,0.006749999999999987
959,1,200,0.04050000000000065,0.005220000000000082,0.005400000000000155,0.005400000000000155
960,1,200,0.04370000000000074,0.005646666666666761,0.006750000000000193,0.006750000000000193
961,1,200,0.041850000000000685,0.0054083333333334194,0.0070000000000002005,0.0070000000000002005
962,1,200,0.042150000000000694,0.005350000000000082,0.005700000000000163,0.005700000000000163
963,1,200,0.04265000000000071,0.005416666666666753,0.006200000000000178,0.006200000000000178
964,1,200,0.04050000000000065,0.005220000000000082,0.005400000000000155,0.005400000000000155
965,1,200,0.04050000000000065,0.005220000000000082,0.005400000000000155,0.005400000000000155
966,1,200,0.04050000000000065,0.005220000000000082,0.005400000000000155,0.005400000000000155
967,1,200,0.04050000000000065,0.005220000000000082,0.005400000000000155,0.005400000000000155
968,1,200,0.04050000000000065,0.005220000000000082,0.005400000000000155,0.005400000000000155
969,1,200,0.04205000000000069,0.005426666666666754,0.006750000000000193,0.006750000000000193
970,1,200,0.04050000000000065,0.005220000000000082,0.005400000000000155,0.005400000000000155
971,1,200,0.04050000000000065,0.005220000000000082,0.005400000000000155,0.005400000000000155
972,1,200,0.04050000000000065,0.005220000000000082,0.005400000000000155,0.005400000000000155
973,1,200,0.041850000000000685,0.005400000000000088,0.006750000000000193,0.006750000000000193
974,1,200,0.041850000000000685,0.005310000000000083,0.005400000000000155,0.005400000000000155
975,1,200,0.04050000000000065,0.005220000000000082,0.005400000000000155,0.005400000000000155
976,1,200,0.04050000000000065,0.005220000000000082,0.005400000000000155,0.005400000000000155
977,1,200,0.041850000000000685,0.005310000000000083,0.005400000000000155,0.005400000000000155
978,1,200,0.043200000000000724,0.005580000000000093,0.008100000000000232,0.008100000000000232
979,1,200,0.04050000000000065,0.005220000000000082,0.005400000000000155,0.005400000000000155
980,1,200,0.04155000000000068,0.005360000000000085,0.00629999999999999,0.00629999999999999
981,1,200,0.04155000000000068,0.0053683333333334185,0.006750000000000027,0.006750000000000027
982,1,200,0.04050000000000065,0.005220000000000082,0.005400000000000155,0.005400000000000155
983,1,200,0.04050000000000065,0.005220000000000082,0.005400000000000155,0.005400000000000155
984,1,200,0.041850000000000685,0.005400000000000086,0.006750000000000193,0.006750000000000193
985,1,200,0.04050000000000065,0.005220000000000082,0.005400000000000155,0.005400000000000155
986,1,200,0.04170000000000068,0.005380000000000087,0.006000000000000172,0.006000000000000172
987,1,200,0.04050000000000065,0.005220000000000082,0.005400000000000155,0.005400000000000155
988,1,200,0.04050000000000065,0.005220000000000082,0.005400000000000155,0.005400000000000155
989,1,200,0.04875000000000088,0.0062300000000001104,0.006750000000000193,0.006750000000000193
990,1,200,0.040800000000000655,0.005240000000000081,0.005400000000000155,0.005400000000000155
991,1,200,0.04050000000000065,0.005220000000000082,0.005400000000000155,0.005400000000000155
992,1,200,0.04050000000000065,0.005220000000000082,0.005400000000000155,0.005400000000000155
993,1,200,0.04300000000000072,0.005553333333333425,0.006750000000000193,0.006750000000000193
994,1,200,0.04050000000000065,0.005220000000000082,0.005400000000000155,0.005400000000000155
995,1,200,0.04050000000000065,0.005220000000000082,0.005400000000000155,0.005400000000000155
996,1,200,0.04050000000000065,0.005220000000000082,0.005400000000000155,0.005400000000000155
997,1,200,0.042850000000000714,0.0054433333333334215,0.006050000000000173,0.006050000000000173
998,1,200,0.04050000000000065,0.005220000000000082,0.005400000000000155,0.005400000000000155
999,1,200,0.04050000000000065,0.005220000000000082,0.005400000000000155,0.005400000000000155
0,1,500,0.04050000000000065,0.005220000000000082,0.005400000000000155,0.005400000000000155
1,1,500,0.04405000000000075,0.005603333333333426,0.006750000000000193,0.006750000000000193
2,1,500,0.04120000000000067,0.005266666666666749,0.005400000000000155,0.005400000000000155
3,1,500,0.042900000000000715,0.005526666666666758,0.006750000000000193,0.006750000000000193
4,1,500,0.04160000000000068,0.005330000000000085,0.00595000000000017,0.00595000000000017
5,1,500,0.044300000000000755,0.00563666666666676,0.006750000000000193,0.006750000000000193
6,1,500,0.04050000000000065,0.005220000000000082,0.005400000000000155,0.005400000000000155
7,1,500,0.04050000000000065,0.005220000000000082,0.005400000000000155,0.005400000000000155
8,1,500,0.04050000000000065,0.005220000000000082,0.005400000000000155,0.005400000000000155
9,1,500,0.04050000000000065,0.005220000000000082,0.005400000000000155,0.005400000000000155
10,1,500,0.04305000000000072,0.005470000000000088,0.006600000000000189,0.006600000000000189
11,1,500,0.0424500000000007,0.005466666666666755,0.006750000000000193,0.006750000000000193
12,1,500,0.04050000000000065,0.005220000000000082,0.005400000000000155,0.005400000000000155
13,1,500,0.04440000000000076,0.005650000000000094,0.006750000000000193,0.006750000000000193
14,1,500,0.047400000000000844,0.006050000000000106,0.006750000000000193,0.006750000000000193
15,1,500,0.04050000000000065,0.005220000000000082,0.005400000000000155,0.005400000000000155
16,1,500,0.04050000000000065,0.005220000000000082,0.005400000000000155,0.005400000000000155
17,1,500,0.04050000000000065,0.005220000000000082,0.005400000000000155,0.005400000000000155
18,1,500,0.04490000000000077,0.0058066666666667655,0.006750000000000193,0.006750000000000193
19,1,500,0.0424000000000007,0.005473333333333423,0.006750000000000193,0.006750000000000193
20,1,500,0.04050000000000065,0.005220000000000082,0.005400000000000155,0.005400000000000155
21,1,500,0.040750000000000654,0.005253333333333415,0.005649999999999995,0.005649999999999995
22,1,500,0.04135000000000067,0.005333333333333417,0.006200000000000178,0.006200000000000178
23,1,500,0.04550000000000079,0.005830000000000099,0.006750000000000193,0.006750000000000193
24,1,500,0.0494500000000009,0.006323333333333446,0.006750000000000193,0.006750000000000193
25,1,500,0.05070000000000094,0.006490000000000118,0.006750000000000193,0.006750000000000193
26,1,500,0.04050000000000065,0.005220000000000082,0.005400000000000155,0.005400000000000155
27,1,500,0.04050000000000065,0.005220000000000082,0.005400000000000155,0.005400000000000155
28,1,500,0.042500000000000704,0.005486666666666754,0.006250000000000179,0.006250000000000179
29,1,500,0.04190000000000069,0.005406666666666754,0.006450000000000018,0.006450000000000018
30,1,500,0.04050000000000065,0.005220000000000082,0.005400000000000155,0.005400000000000155
31,1,500,0.04050000000000065,0.005220000000000082,0.005400000000000155,0.005400000000000155
32,1,500,0.04050000000000065,0.005220000000000082,0.005400000000000155,0.005400000000000155
33,1,500,0.041850000000000685,0.005310000000000083,0.005400000000000155,0.005400000000000155
34,1,500,0.04050000000000065,0.005220000000000082,0.005400000000000155,0.005400000000000155
35,1,500,0.04050000000000065,0.005220000000000082,0.005400000000000155,0.005400000000000155
36,1,500,0.04050000000000065,0.005220000000000082,0.005400000000000155,0.005400000000000155
37,1,500,0.04720000000000084,0.006023333333333437,0.009399999999999962,0.009399999999999962
38,1,500,0.04050000000000065,0.005220000000000082,0.005400000000000155,0.005400000000000155
39,1,500,0.048150000000000866,0.006153333333333442,0.006750000000000193,0.006750000000000193
40,1,500,0.04505000000000078,0.0058266666666667655,0.007850000000000225,0.007850000000000225
41,1,500,0.04350000000000073,0.005530000000000089,0.006750000000000027,0.006750000000000027
42,1,500,0.04070000000000065,0.0052333333333334136,0.005400000000000155,0.005400000000000155
43,1,500,0.04050000000000065,0.005220000000000082,0.005400000000000155,0.005400000000000155
44,1,500,0.04050000000000065,0.005220000000000082,0.005400000000000155,0.005400000000000155
45,1,500,0.041850000000000685,0.005310000000000083,0.005400000000000155,0.005400000000000155
46,1,500,0.04050000000000065,0.005220000000000082,0.005400000000000155,0.005400000000000155
47,1,500,0.043900000000000744,0.005673333333333429,0.006750000000000058,0.006750000000000058
48,1,500,0.04330000000000073,0.005503333333333422,0.006450000000000185,0.006450000000000185
49,1,500,0.04090000000000066,0.005246666666666749,0.005400000000000155,0.005400000000000155
50,1,500,0.041850000000000685,0.005310000000000083,0.005400000000000155,0.005400000000000155
51,1,500,0.04050000000000065,0.005220000000000082,0.005400000000000155,0.005400000000000155
52,1,500,0.04050000000000065,0.005220000000000082,0.005400000000000155,0.005400000000000155
53,1,500,0.04050000000000065,0.005220000000000082,0.005400000000000155,0.005400000000000155
54,1,500,0.05080000000000094,0.006503333333333452,0.006750000000000193,0.006750000000000193
55,1,500,0.04050000000000065,0.005220000000000082,0.005400000000000155,0.005400000000000155
56,1,500,0.04050000000000065,0.005220000000000082,0.005400000000000155,0.005400000000000155
57,1,500,0.04050000000000065,0.005220000000000082,0.005400000000000155,0.005400000000000155
58,1,500,0.04095000000000066,0.005280000000000082,0.0058500000000001676,0.0058500000000001676
59,1,500,0.041850000000000685,0.005400000000000086,0.006750000000000193,0.006750000000000193
60,1,500,0.04050000000000065,0.005220000000000082,0.005400000000000155,0.005400000000000155
61,1,500,0.04050000000000065,0.005220000000000082,0.005400000000000155,0.005400000000000155
62,1,500,0.04410000000000075,0.005610000000000092,0.006750000000000193,0.006750000000000193
63,1,500,0.04050000000000065,0.005220000000000082,0.005400000000000155,0.005400000000000155
64,1,500,0.04050000000000065,0.005220000000000082,0.005400000000000155,0.005400000000000155
65,1,500,0.04385000000000074,0.005675000000000094,0.006750000000000193,0.006750000000000193
66,1,500,0.041850000000000685,0.005408333333333419,0.006750000000000193,0.006750000000000193
67,1,500,0.04050000000000065,0.005220000000000082,0.005400000000000155,0.005400000000000155
68,1,500,0.04050000000000065,0.005220000000000082,0.005400000000000155,0.005400000000000155
69,1,500,0.04300000000000072,0.005553333333333425,0.006750000000000193,0.006750000000000193
70,1,500,0.045650000000000794,0.0059066666666667674,0.006750000000000193,0.006750000000000193
71,1,500,0.04480000000000077,0.005703333333333427,0.006750000000000193,0.006750000000000193
72,1,500,0.04615000000000081,0.005910000000000101,0.006750000000000193,0.006750000000000193
73,1,500,0.04050000000000065,0.005220000000000082,0.005400000000000155,0.005400000000000155
74,1,500,0.051250000000000955,0.006563333333333453,0.006750000000000193,0.006750000000000193
75,1,500,0.04050000000000065,0.005220000000000082,0.005400000000000155,0.005400000000000155
76,1,500,0.04050000000000065,0.005220000000000082,0.005400000000000155,0.005400000000000155
77,1,500,0.042150000000000694,0.005440000000000087,0.006749999999999959,0.006749999999999959
78,1,500,0.04450000000000076,0.0057533333333334305,0.006750000000000193,0.006750000000000193
79,1,500,0.04050000000000065,0.005220000000000082,0.005400000000000155,0.005400000000000155
80,1,500,0.04050000000000065,0.005220000000000082,0.005400000000000155,0.005400000000000155
81,1,500,0.04300000000000072,0.005553333333333425,0.006749999999999959,0.006749999999999959
82,1,500,0.04050000000000065,0.005220000000000082,0.005400000000000155,0.005400000000000155
83,1,500,0.04470000000000077,0.005780000000000098,0.006750000000000193,0.006750000000000193
84,1,500,0.04050000000000065,0.005220000000000082,0.005400000000000155,0.005400000000000155
85,1,500,0.04350000000000073,0.005536666666666758,0.006750000000000193,0.006750000000000193
86,1,500,0.04140000000000067,0.005280000000000082,0.005400000000000155,0.005400000000000155
87,1,500,0.04195000000000069,0.00541333333333342,0.006200000000000178,0.006200000000000178
88,1,500,0.04050000000000065,0.005220000000000082,0.005400000000000155,0.005400000000000155
89,1,500,0.04050000000000065,0.005220000000000082,0.005400000000000155,0.005400000000000155
90,1,500,0.04050000000000065,0.005220000000000082,0.005400000000000155,0.005400000000000155
91,1,500,0.04060000000000065,0.005226666666666748,0.005400000000000155,0.005400000000000155
92,1,500,0.04770000000000085,0.006090000000000107,0.006750000000000193,0.006750000000000193
93,1,500,0.04050000000000065,0.005220000000000082,0.005400000000000155,0.005400000000000155
94,1,500,0.04550000000000079,0.005796666666666765,0.006750000000000193,0.006750000000000193
95,1,500,0.041850000000000685,0.005400000000000086,0.006750000000000193,0.006750000000000193
96,1,500,0.04655000000000082,0.00593666666666677,0.006750000000000193,0.006750000000000193
97,1,500,0.04050000000000065,0.005220000000000082,0.005400000000000155,0.005400000000000155
98,1,500,0.04050000000000065,0.005220000000000082,0.005400000000000155,0.005400000000000155
99,1,500,0.04525000000000078,0.0058533333333334325,0.006750000000000193,0.006750000000000193
100,1,500,0.04050000000000065,0.005220000000000082,0.005400000000000155,0.005400000000000155
101,1,500,0.043600000000000735,0.005633333333333427,0.006750000000000193,0.006750000000000193
102,1,500,0.04050000000000065,0.005220000000000082,0.005400000000000155,0.005400000000000155
103,1,500,0.04050000000000065,0.005220000000000082,0.005400000000000155,0.005400000000000155
104,1,500,0.0423500000000007,0.005466666666666755,0.006450000000000046,0.006450000000000046
105,1,500,0.043600000000000735,0.005633333333333427,0.006750000000000193,0.006750000000000193
106,1,500,0.04275000000000071,0.005430000000000088,0.0063000000000001805,0.0063000000000001805
107,1,500,0.04050000000000065,0.005220000000000082,0.005400000000000155,0.005400000000000155
108,1,500,0.040800000000000655,0.005260000000000083,0.005699999999999997,0.005699999999999997
109,1,500,0.04050000000000065,0.005220000000000082,0.005400000000000155,0.005400000000000155
110,1,500,0.04260000000000071,0.00550000000000009,0.006550000000000188,0.006550000000000188
111,1,500,0.04305000000000072,0.005553333333333425,0.006750000000000193,0.006750000000000193
112,1,500,0.04050000000000065,0.005220000000000082,0.005400000000000155,0.005400000000000155
113,1,500,0.047400000000000844,0.006050000000000106,0.006750000000000193,0.006750000000000193
114,1,500,0.04050000000000065,0.005220000000000082,0.005400000000000155,0.005400000000000155
115,1,500,0.04275000000000071,0.005520000000000092,0.006750000000000193,0.006750000000000193
116,1,500,0.04485000000000077,0.005800000000000098,0.006750000000000193,0.006750000000000193
117,1,500,0.04275000000000071,0.005483333333333422,0.006350000000000182,0.006350000000000182
118,1,500,0.0423500000000007,0.005466666666666755,0.006550000000000021,0.006550000000000021
119,1,500,0.04050000000000065,0.005220000000000082,0.005400000000000155,0.005400000000000155
120,1,500,0.04190000000000069,0.005406666666666754,0.006150000000000032,0.006150000000000032
121,1,500,0.04385000000000074,0.0056666666666667625,0.006750000000000193,0.006750000000000193
122,1,500,0.04050000000000065,0.005220000000000082,0.005400000000000155,0.005400000000000155
123,1,500,0.04050000000000065,0.005220000000000082,0.005400000000000155,0.005400000000000155
124,1,500,0.04375000000000074,0.005653333333333427,0.006750000000000074,0.006750000000000074
125,1,500,0.04050000000000065,0.005220000000000082,0.005400000000000155,0.005400000000000155
126,1,500,0.04050000000000065,0.005220000000000082,0.005400000000000155,0.005400000000000155
127,1,500,0.04050000000000065,0.005220000000000082,0.005400000000000155,0.005400000000000155
128,1,500,0.04050000000000065,0.005220000000000082,0.005400000000000155,0.005400000000000155
129,1,500,0.04315000000000072,0.005573333333333425,0.006750000000000193,0.006750000000000193
130,1,500,0.04890000000000089,0.006250000000000111,0.006750000000000193,0.006750000000000193
131,1,500,0.04475000000000077,0.005723333333333429,0.006750000000000193,0.006750000000000193
132,1,500,0.04050000000000065,0.005220000000000082,0.005400000000000155,0.005400000000000155
133,1,500,0.04170000000000068,0.005300000000000084,0.005400000000000155,0.005400000000000155
134,1,500,0.04050000000000065,0.005220000000000082,0.005400000000000155,0.005400000000000155
135,1,500,0.04400000000000075,0.005686666666666762,0.006750000000000193,0.006750000000000193
136,1,500,0.04770000000000085,0.006090000000000106,0.006750000000000193,0.006750000000000193
137,1,500,0.04050000000000065,0.005220000000000082,0.005400000000000155,0.005400000000000155
138,1,500,0.04050000000000065,0.005220000000000082,0.005400000000000155,0.005400000000000155
139,1,500,0.04050000000000065,0.005220000000000082,0.005400000000000155,0.005400000000000155
140,1,500,0.04050000000000065,0.005220000000000082,0.005400000000000155,0.005400000000000155
141,1,500,0.043200000000000724,0.005580000000000093,0.008100000000000232,0.008100000000000232
142,1,500,0.04050000000000065,0.005220000000000082,0.005400000000000155,0.005400000000000155
143,1,500,0.044300000000000755,0.00563666666666676,0.006750000000000193,0.006750000000000193
144,1,500,0.04050000000000065,0.005220000000000082,0.005400000000000155,0.005400000000000155
145,1,500,0.04050000000000065,0.005220000000000082,0.005400000000000155,0.005400000000000155
146,1,500,0.04050000000000065,0.005220000000000082,0.005400000000000155,0.005400000000000155
147,1,500,0.04050000000000065,0.005220000000000082,0.005400000000000155,0.005400000000000155
148,1,500,0.04050000000000065,0.005220000000000082,0.005400000000000155,0.005400000000000155
149,1,500,0.041100000000000664,0.005300000000000084,0.005999999999999964,0.005999999999999964
150,1,500,0.041850000000000685,0.005310000000000083,0.005400000000000155,0.005400000000000155
151,1,500,0.04190000000000069,0.005316666666666749,0.005450000000000156,0.005450000000000156
152,1,500,0.042150000000000694,0.005440000000000087,0.006750000000000027,0.006750000000000027
153,1,500,0.042150000000000694,0.005350000000000082,0.005700000000000163,0.005700000000000163
154,1,500,0.04050000000000065,0.005220000000000082,0.005400000000000155,0.005400000000000155
155,1,500,0.04050000000000065,0.005220000000000082,0.005400000000000155,0.005400000000000155
156,1,500,0.04050000000000065,0.005220000000000082,0.005400000000000155,0.005400000000000155
157,1,500,0.041850000000000685,0.005400000000000086,0.006750000000000193,0.006750000000000193
158,1,500,0.04560000000000079,0.005900000000000101,0.006750000000000193,0.006750000000000193
159,1,500,0.04050000000000065,0.005220000000000082,0.005400000000000155,0.005400000000000155
160,1,500,0.04050000000000065,0.005220000000000082,0.005400000000000155,0.005400000000000155
161,1,500,0.044600000000000764,0.0057666666666667645,0.006750000000000193,0.006750000000000193
162,1,500,0.04050000000000065,0.005220000000000082,0.005400000000000155,0.005400000000000155
163,1,500,0.04265000000000071,0.005506666666666756,0.006700000000000192,0.006700000000000192
164,1,500,0.04155000000000068,0.0053683333333334185,0.006749999999999959,0.006749999999999959
165,1,500,0.04085000000000066,0.005266666666666749,0.005599999999999994,0.005599999999999994
166,1,500,0.04050000000000065,0.005220000000000082,0.005400000000000155,0.005400000000000155
167,1,500,0.04050000000000065,0.005220000000000082,0.005400000000000155,0.005400000000000155
168,1,500,0.041850000000000685,0.005400000000000086,0.006750000000000193,0.006750000000000193
169,1,500,0.04550000000000079,0.005863333333333433,0.006750000000000193,0.006750000000000193
170,1,500,0.04050000000000065,0.005220000000000082,0.005400000000000155,0.005400000000000155
171,1,500,0.04050000000000065,0.005220000000000082,0.005400000000000155,0.005400000000000155
172,1,500,0.04050000000000065,0.005220000000000082,0.005400000000000155,0.005400000000000155
173,1,500,0.04050000000000065,0.005220000000000082,0.005400000000000155,0.005400000000000155
174,1,500,0.04700000000000083,0.005996666666666771,0.006750000000000193,0.006750000000000193
175,1,500,0.042900000000000715,0.005446666666666754,0.006750000000000027,0.006750000000000027
176,1,500,0.04280000000000071,0.005526666666666758,0.006750000000000049,0.006750000000000049
177,1,500,0.041850000000000685,0.005400000000000086,0.006750000000000193,0.006750000000000193
178,1,500,0.043900000000000744,0.005583333333333424,0.006450000000000185,0.006450000000000185
179,1,500,0.04070000000000065,0.0052333333333334136,0.005400000000000155,0.005400000000000155
180,1,500,0.04050000000000065,0.005220000000000082,0.005400000000000155,0.005400000000000155
181,1,500,0.04375000000000074,0.005653333333333427,0.006750000000000091,0.006750000000000091
182,1,500,0.043200000000000724,0.0054900000000000886,0.006750000000000193,0.006750000000000193
183,1,500,0.042850000000000714,0.005443333333333421,0.006200000000000178,0.006200000000000178
184,1,500,0.04050000000000065,0.005220000000000082,0.005400000000000155,0.005400000000000155
185,1,500,0.04980000000000091,0.006370000000000114,0.006750000000000193,0.006750000000000193
186,1,500,0.04050000000000065,0.005220000000000082,0.005400000000000155,0.005400000000000155
187,1,500,0.04270000000000071,0.005513333333333424,0.006750000000000048,0.006750000000000048
188,1,500,0.04625000000000081,0.005970000000000104,0.008100000000000232,0.008100000000000232
189,1,500,0.041850000000000685,0.005400000000000086,0.006750000000000193,0.006750000000000193
190,1,500,0.044600000000000764,0.0057666666666667645,0.006749999999999959,0.006749999999999959
191,1,500,0.04650000000000082,0.005930000000000102,0.006750000000000193,0.006750000000000193
192,1,500,0.04050000000000065,0.005220000000000082,0.005400000000000155,0.005400000000000155
193,1,500,0.04260000000000071,0.005410000000000087,0.006150000000000176,0.006150000000000176
194,1,500,0.04050000000000065,0.005220000000000082,0.005400000000000155,0.005400000000000155
195,1,500,0.04050000000000065,0.005220000000000082,0.005400000000000155,0.005400000000000155
196,1,500,0.04830000000000087,0.0061700000000001086,0.006750000000000193,0.006750000000000193
197,1,500,0.04050000000000065,0.005220000000000082,0.005400000000000155,0.005400000000000155
198,1,500,0.04210000000000069,0.005403333333333421,0.006550000000000188,0.006550000000000188
199,1,500,0.046000000000000804,0.005863333333333433,0.006750000000000193,0.006750000000000193
200,1,500,0.04050000000000065,0.005220000000000082,0.005400000000000155,0.005400000000000155
201,1,500,0.04050000000000065,0.005220000000000082,0.005400000000000155,0.005400000000000155
202,1,500,0.04155000000000068,0.005368333333333419,0.006750000000000193,0.006750000000000193
203,1,500,0.04315000000000072,0.005573333333333425,0.006750000000000193,0.006750000000000193
204,1,500,0.04070000000000065,0.005246666666666749,0.00560000000000016,0.00560000000000016
205,1,500,0.04050000000000065,0.005220000000000082,0.005400000000000155,0.005400000000000155
206,1,500,0.04050000000000065,0.005220000000000082,0.005400000000000155,0.005400000000000155
207,1,500,0.04455000000000076,0.00570333333333343,0.006750000000000193,0.006750000000000193
208,1,500,0.04050000000000065,0.005220000000000082,0.005400000000000155,0.005400000000000155
209,1,500,0.04050000000000065,0.005220000000000082,0.005400000000000155,0.005400000000000155
210,1,500,0.04550000000000079,0.0057933333333334315,0.006750000000000193,0.006750000000000193
211,1,500,0.047050000000000834,0.006003333333333438,0.006750000000000193,0.006750000000000193
212,1,500,0.04050000000000065,0.005220000000000082,0.005400000000000155,0.005400000000000155
213,1,500,0.04050000000000065,0.005220000000000082,0.005400000000000155,0.005400000000000155
214,1,500,0.041850000000000685,0.005310000000000083,0.005400000000000155,0.005400000000000155
215,1,500,0.04050000000000065,0.005220000000000082,0.005400000000000155,0.005400000000000155
216,1,500,0.041850000000000685,0.005310000000000083,0.005400000000000155,0.005400000000000155
217,1,500,0.04050000000000065,0.005220000000000082,0.005400000000000155,0.005400000000000155
218,1,500,0.04505000000000078,0.005773333333333431,0.006750000000000193,0.006750000000000193
219,1,500,0.04050000000000065,0.005220000000000082,0.005400000000000155,0.005400000000000155
220,1,500,0.04700000000000083,0.005996666666666771,0.006750000000000193,0.006750000000000193
221,1,500,0.04295000000000072,0.005480000000000088,0.0070000000000002005,0.0070000000000002005
222,1,500,0.04385000000000074,0.005660000000000095,0.006750000000000193,0.006750000000000193
223,1,500,0.04165000000000068,0.005320000000000086,0.005750000000000165,0.005750000000000165
224,1,500,0.04050000000000065,0.005220000000000082,0.005400000000000155,0.005400000000000155
225,1,500,0.04085000000000066,0.005266666666666749,0.005749999999999965,0.005749999999999965
226,1,500,0.04685000000000083,0.005975000000000104,0.006750000000000193,0.006750000000000193
227,1,500,0.04350000000000073,0.005620000000000094,0.006700000000000192,0.006700000000000192
228,1,500,0.041850000000000685,0.005400000000000086,0.006350000000000182,0.006350000000000182
229,1,500,0.04050000000000065,0.005220000000000082,0.005400000000000155,0.005400000000000155
230,1,500,0.04050000000000065,0.005220000000000082,0.005400000000000155,0.005400000000000155
231,1,500,0.04050000000000065,0.005220000000000082,0.005400000000000155,0.005400000000000155
232,1,500,0.041850000000000685,0.005310000000000083,0.005400000000000155,0.005400000000000155
233,1,500,0.04050000000000065,0.005220000000000082,0.005400000000000155,0.005400000000000155
234,1,500,0.04400000000000075,0.005596666666666759,0.006750000000000193,0.006750000000000193
235,1,500,0.04365000000000074,0.005640000000000093,0.006750000000000077,0.006750000000000077
236,1,500,0.04105000000000066,0.005293333333333416,0.005949999999999992,0.005949999999999992
237,1,500,0.04050000000000065,0.005220000000000082,0.005400000000000155,0.005400000000000155
238,1,500,0.04050000000000065,0.005220000000000082,0.005400000000000155,0.005400000000000155
239,1,500,0.041850000000000685,0.005310000000000083,0.005400000000000155,0.005400000000000155
240,1,500,0.04050000000000065,0.005220000000000082,0.005400000000000155,0.005400000000000155
241,1,500,0.04050000000000065,0.005220000000000082,0.005400000000000155,0.005400000000000155
242,1,500,0.04050000000000065,0.005220000000000082,0.005400000000000155,0.005400000000000155
243,1,500,0.041850000000000685,0.005310000000000083,0.005400000000000155,0.005400000000000155
244,1,500,0.04515000000000078,0.005750000000000097,0.006750000000000193,0.006750000000000193
245,1,500,0.042150000000000694,0.005440000000000087,0.00625000000000004,0.00625000000000004
246,1,500,0.040800000000000655,0.005260000000000083,0.005599999999999966,0.005599999999999966
247,1,500,0.044650000000000765,0.005683333333333427,0.006600000000000189,0.006600000000000189
248,1,500,0.0423500000000007,0.0053766666666667535,0.005900000000000169,0.005900000000000169
249,1,500,0.041850000000000685,0.005310000000000083,0.005400000000000155,0.005400000000000155
250,1,500,0.04610000000000081,0.00596666666666677,0.006750000000000193,0.006750000000000193
251,1,500,0.04210000000000069,0.005433333333333421,0.006750000000000027,0.006750000000000027
252,1,500,0.04050000000000065,0.005220000000000082,0.005400000000000155,0.005400000000000155
253,1,500,0.04275000000000071,0.00552000000000009,0.006750000000000193,0.006750000000000193
254,1,500,0.04050000000000065,0.005220000000000082,0.005400000000000155,0.005400000000000155
255,1,500,0.04050000000000065,0.005220000000000082,0.005400000000000155,0.005400000000000155
256,1,500,0.041850000000000685,0.005378333333333418,0.006750000000000193,0.006750000000000193
257,1,500,0.04050000000000065,0.005220000000000082,0.005400000000000155,0.005400000000000155
258,1,500,0.04050000000000065,0.005220000000000082,0.005400000000000155,0.005400000000000155
259,1,500,0.04050000000000065,0.005220000000000082,0.005400000000000155,0.005400000000000155
260,1,500,0.043200000000000724,0.0054900000000000886,0.006750000000000027,0.006750000000000027
261,1,500,0.04910000000000089,0.006276666666666778,0.006750000000000193,0.006750000000000193
262,1,500,0.041850000000000685,0.005400000000000086,0.006750000000000193,0.006750000000000193
263,1,500,0.04440000000000076,0.005650000000000093,0.006750000000000032,0.006750000000000032
264,1,500,0.041850000000000685,0.005400000000000086,0.006750000000000027,0.006750000000000027
265,1,500,0.04050000000000065,0.005220000000000082,0.005400000000000155,0.005400000000000155
266,1,500,0.04050000000000065,0.005220000000000082,0.005400000000000155,0.005400000000000155
267,1,500,0.04050000000000065,0.005220000000000082,0.005400000000000155,0.005400000000000155
268,1,500,0.0423000000000007,0.005370000000000084,0.0058500000000001676,0.0058500000000001676
269,1,500,0.04625000000000081,0.005926666666666769,0.006750000000000193,0.006750000000000193
270,1,500,0.04170000000000068,0.005380000000000087,0.006599999999999988,0.006599999999999988
271,1,500,0.04050000000000065,0.005220000000000082,0.005400000000000155,0.005400000000000155
272,1,500,0.04050000000000065,0.005220000000000082,0.005400000000000155,0.005400000000000155
273,1,500,0.041850000000000685,0.005310000000000083,0.005400000000000155,0.005400000000000155
274,1,500,0.04505000000000078,0.0057366666666667605,0.0066500000000000534,0.0066500000000000534
275,1,500,0.04665000000000082,0.0060683333333334385,0.008099999999999979,0.008099999999999979
276,1,500,0.04050000000000065,0.005220000000000082,0.005400000000000155,0.005400000000000155
277,1,500,0.04050000000000065,0.005220000000000082,0.005400000000000155,0.005400000000000155
278,1,500,0.04050000000000065,0.005220000000000082,0.005400000000000155,0.005400000000000155
279,1,500,0.04050000000000065,0.005220000000000082,0.005400000000000155,0.005400000000000155
280,1,500,0.04050000000000065,0.005220000000000082,0.005400000000000155,0.005400000000000155
281,1,500,0.04050000000000065,0.005220000000000082,0.005400000000000155,0.005400000000000155
282,1,500,0.041850000000000685,0.005310000000000083,0.005400000000000155,0.005400000000000155
283,1,500,0.04050000000000065,0.005220000000000082,0.005400000000000155,0.005400000000000155
284,1,500,0.04050000000000065,0.005220000000000082,0.005400000000000155,0.005400000000000155
285,1,500,0.04380000000000074,0.005570000000000091,0.006750000000000193,0.006750000000000193
286,1,500,0.04155000000000068,0.0053683333333334185,0.006750000000000193,0.006750000000000193
287,1,500,0.04050000000000065,0.005220000000000082,0.005400000000000155,0.005400000000000155
288,1,500,0.0424500000000007,0.005480000000000088,0.006000000000000172,0.006000000000000172
289,1,500,0.041850000000000685,0.005310000000000083,0.005400000000000155,0.005400000000000155
290,1,500,0.04050000000000065,0.005220000000000082,0.005400000000000155,0.005400000000000155
291,1,500,0.04050000000000065,0.005220000000000082,0.005400000000000155,0.005400000000000155
292,1,500,0.04050000000000065,0.005220000000000082,0.005400000000000155,0.005400000000000155
293,1,500,0.04725000000000084,0.006030000000000105,0.006750000000000193,0.006750000000000193
294,1,500,0.04050000000000065,0.005220000000000082,0.005400000000000155,0.005400000000000155
295,1,500,0.04050000000000065,0.005220000000000082,0.005400000000000155,0.005400000000000155
296,1,500,0.043200000000000724,0.005580000000000093,0.006750000000000067,0.006750000000000067
297,1,500,0.04190000000000069,0.005388333333333419,0.006749999999999959,0.006749999999999959
298,1,500,0.04050000000000065,0.005220000000000082,0.005400000000000155,0.005400000000000155
299,1,500,0.041850000000000685,0.005400000000000086,0.006750000000000193,0.006750000000000193
300,1,500,0.04050000000000065,0.005220000000000082,0.005400000000000155,0.005400000000000155
301,1,500,0.04050000000000065,0.005220000000000082,0.005400000000000155,0.005400000000000155
302,1,500,0.04050000000000065,0.005220000000000082,0.005400000000000155,0.005400000000000155
303,1,500,0.04050000000000065,0.005220000000000082,0.005400000000000155,0.005400000000000155
304,1,500,0.04050000000000065,0.005220000000000082,0.005400000000000155,0.005400000000000155
305,1,500,0.04050000000000065,0.005220000000000082,0.005400000000000155,0.005400000000000155
306,1,500,0.04050000000000065,0.005220000000000082,0.005400000000000155,0.005400000000000155
307,1,500,0.05075000000000094,0.006496666666666785,0.006750000000000193,0.006750000000000193
308,1,500,0.04050000000000065,0.005220000000000082,0.005400000000000155,0.005400000000000155
309,1,500,0.04050000000000065,0.005220000000000082,0.005400000000000155,0.005400000000000155
310,1,500,0.04050000000000065,0.005220000000000082,0.005400000000000155,0.005400000000000155
311,1,500,0.04050000000000065,0.005220000000000082,0.005400000000000155,0.005400000000000155
312,1,500,0.04445000000000076,0.005746666666666764,0.006750000000000193,0.006750000000000193
313,1,500,0.04050000000000065,0.005220000000000082,0.005400000000000155,0.005400000000000155
314,1,500,0.04155000000000068,0.005360000000000085,0.0063000000000001805,0.0063000000000001805
315,1,500,0.04515000000000078,0.005750000000000096,0.006749999999999959,0.006749999999999959
316,1,500,0.04050000000000065,0.005220000000000082,0.005400000000000155,0.005400000000000155
317,1,500,0.04190000000000069,0.005316666666666749,0.005450000000000156,0.005450000000000156
318,1,500,0.04050000000000065,0.005220000000000082,0.005400000000000155,0.005400000000000155
319,1,500,0.04200000000000069,0.005420000000000088,0.0061499999999999905,0.0061499999999999905
320,1,500,0.04050000000000065,0.005220000000000082,0.005400000000000155,0.005400000000000155
321,1,500,0.043200000000000724,0.005558333333333425,0.006750000000000193,0.006750000000000193
322,1,500,0.042150000000000694,0.005373333333333419,0.005950000000000007,0.005950000000000007
323,1,500,0.044650000000000765,0.005683333333333428,0.006750000000000193,0.006750000000000193
324,1,500,0.04050000000000065,0.005220000000000082,0.005400000000000155,0.005400000000000155
325,1,500,0.04050000000000065,0.005220000000000082,0.005400000000000155,0.005400000000000155
326,1,500,0.04050000000000065,0.005220000000000082,0.005400000000000155,0.005400000000000155
327,1,500,0.04050000000000065,0.005220000000000082,0.005400000000000155,0.005400000000000155
328,1,500,0.04050000000000065,0.005220000000000082,0.005400000000000155,0.005400000000000155
329,1,500,0.04050000000000065,0.005220000000000082,0.005400000000000155,0.005400000000000155
330,1,500,0.04050000000000065,0.005220000000000082,0.005400000000000155,0.005400000000000155
331,1,500,0.04515000000000078,0.005748333333333429,0.006750000000000193,0.006750000000000193
332,1,500,0.04050000000000065,0.005220000000000082,0.005400000000000155,0.005400000000000155
333,1,500,0.041850000000000685,0.005378333333333418,0.006749999999999987,0.006749999999999987
334,1,500,0.04725000000000084,0.006030000000000105,0.006750000000000193,0.006750000000000193
335,1,500,0.04050000000000065,0.005220000000000082,0.005400000000000155,0.005400000000000155
336,1,500,0.04965000000000091,0.006350000000000114,0.006750000000000193,0.006750000000000193
337,1,500,0.04310000000000072,0.0054766666666667555,0.0070000000000002005,0.0070000000000002005
338,1,500,0.04050000000000065,0.005220000000000082,0.005400000000000155,0.005400000000000155
339,1,500,0.04155000000000068,0.0053683333333334185,0.006750000000000193,0.006750000000000193
340,1,500,0.042900000000000715,0.005540000000000091,0.0067500000000000285,0.0067500000000000285
341,1,500,0.04510000000000078,0.00574333333333343,0.006750000000000193,0.006750000000000193
342,1,500,0.04050000000000065,0.005220000000000082,0.005400000000000155,0.005400000000000155
343,1,500,0.04050000000000065,0.005220000000000082,0.005400000000000155,0.005400000000000155
344,1,500,0.04050000000000065,0.005220000000000082,0.005400000000000155,0.005400000000000155
345,1,500,0.04050000000000065,0.005220000000000082,0.005400000000000155,0.005400000000000155
346,1,500,0.04050000000000065,0.005220000000000082,0.005400000000000155,0.005400000000000155
347,1,500,0.04050000000000065,0.005220000000000082,0.005400000000000155,0.005400000000000155
348,1,500,0.04050000000000065,0.005220000000000082,0.005400000000000155,0.005400000000000155
349,1,500,0.04050000000000065,0.005220000000000082,0.005400000000000155,0.005400000000000155
350,1,500,0.041850000000000685,0.0054083333333334194,0.0070000000000002005,0.0070000000000002005
351,1,500,0.04050000000000065,0.005220000000000082,0.005400000000000155,0.005400000000000155
352,1,500,0.04050000000000065,0.005220000000000082,0.005400000000000155,0.005400000000000155
353,1,500,0.04050000000000065,0.005220000000000082,0.005400000000000155,0.005400000000000155
354,1,500,0.04050000000000065,0.005220000000000082,0.005400000000000155,0.005400000000000155
355,1,500,0.04050000000000065,0.005220000000000082,0.005400000000000155,0.005400000000000155
356,1,500,0.04365000000000074,0.005640000000000093,0.006750000000000193,0.006750000000000193
357,1,500,0.043200000000000724,0.005490000000000089,0.006750000000000193,0.006750000000000193
358,1,500,0.04050000000000065,0.005220000000000082,0.005400000000000155,0.005400000000000155
359,1,500,0.049500000000000904,0.006330000000000113,0.006750000000000193,0.006750000000000193
360,1,500,0.04050000000000065,0.005220000000000082,0.005400000000000155,0.005400000000000155
361,1,500,0.04050000000000065,0.005220000000000082,0.005400000000000155,0.005400000000000155
362,1,500,0.04050000000000065,0.005220000000000082,0.005400000000000155,0.005400000000000155
363,1,500,0.04050000000000065,0.005220000000000082,0.005400000000000155,0.005400000000000155
364,1,500,0.04050000000000065,0.005220000000000082,0.005400000000000155,0.005400000000000155
365,1,500,0.04050000000000065,0.005220000000000082,0.005400000000000155,0.005400000000000155
366,1,500,0.04860000000000088,0.0062100000000001095,0.006750000000000193,0.006750000000000193
367,1,500,0.04050000000000065,0.005220000000000082,0.005400000000000155,0.005400000000000155
368,1,500,0.04050000000000065,0.005220000000000082,0.005400000000000155,0.005400000000000155
369,1,500,0.04375000000000074,0.005563333333333424,0.006750000000000193,0.006750000000000193
370,1,500,0.04805000000000086,0.006226666666666777,0.006750000000000193,0.006750000000000193
371,1,500,0.041850000000000685,0.005310000000000083,0.005400000000000155,0.005400000000000155
372,1,500,0.045700000000000796,0.0058400000000000995,0.006750000000000193,0.006750000000000193
373,1,500,0.04270000000000071,0.005423333333333419,0.006250000000000179,0.006250000000000179
374,1,500,0.04050000000000065,0.005220000000000082,0.005400000000000155,0.005400000000000155
375,1,500,0.04975000000000091,0.006363333333333447,0.006750000000000193,0.006750000000000193
376,1,500,0.04050000000000065,0.005220000000000082,0.005400000000000155,0.005400000000000155
377,1,500,0.04300000000000072,0.005463333333333421,0.006499999999999988,0.006499999999999988
378,1,500,0.0422500000000007,0.005453333333333421,0.006500000000000186,0.006500000000000186
379,1,500,0.041850000000000685,0.005310000000000083,0.005400000000000155,0.005400000000000155
380,1,500,0.04270000000000071,0.0054233333333334206,0.006150000000000176,0.006150000000000176
381,1,500,0.04050000000000065,0.005220000000000082,0.005400000000000155,0.005400000000000155
382,1,500,0.04515000000000078,0.005840000000000099,0.006750000000000193,0.006750000000000193
383,1,500,0.04050000000000065,0.005220000000000082,0.005400000000000155,0.005400000000000155
384,1,500,0.04050000000000065,0.005220000000000082,0.005400000000000155,0.005400000000000155
385,1,500,0.04410000000000075,0.0056100000000000915,0.006750000000000193,0.006750000000000193
386,1,500,0.04050000000000065,0.005220000000000082,0.005400000000000155,0.005400000000000155
387,1,500,0.046000000000000804,0.005953333333333436,0.006750000000000193,0.006750000000000193
388,1,500,0.04720000000000084,0.006023333333333438,0.006750000000000193,0.006750000000000193
389,1,500,0.04050000000000065,0.005220000000000082,0.005400000000000155,0.005400000000000155
390,1,500,0.04415000000000075,0.005615000000000092,0.006799999999999959,0.006799999999999959
391,1,500,0.04125000000000067,0.005270000000000082,0.005400000000000155,0.005400000000000155
392,1,500,0.04165000000000068,0.00529666666666675,0.005400000000000155,0.005400000000000155
393,1,500,0.04050000000000065,0.005220000000000082,0.005400000000000155,0.005400000000000155
394,1,500,0.043550000000000734,0.005546666666666759,0.006750000000000193,0.006750000000000193
395,1,500,0.04050000000000065,0.005220000000000082,0.005400000000000155,0.005400000000000155
396,1,500,0.04050000000000065,0.005220000000000082,0.005400000000000155,0.005400000000000155
397,1,500,0.04050000000000065,0.005220000000000082,0.005400000000000155,0.005400000000000155
398,1,500,0.041800000000000684,0.00539333333333342,0.0063000000000001805,0.0063000000000001805
399,1,500,0.04420000000000075,0.0057133333333334296,0.006750000000000193,0.006750000000000193
400,1,500,0.04050000000000065,0.005220000000000082,0.005400000000000155,0.005400000000000155
401,1,500,0.04050000000000065,0.005220000000000082,0.005400000000000155,0.005400000000000155
402,1,500,0.04050000000000065,0.005220000000000082,0.005400000000000155,0.005400000000000155
403,1,500,0.043600000000000735,0.005633333333333427,0.006750000000000193,0.006750000000000193
404,1,500,0.04050000000000065,0.005220000000000082,0.005400000000000155,0.005400000000000155
405,1,500,0.04050000000000065,0.005220000000000082,0.005400000000000155,0.005400000000000155
406,1,500,0.04050000000000065,0.005220000000000082,0.005400000000000155,0.005400000000000155
407,1,500,0.04050000000000065,0.005220000000000082,0.005400000000000155,0.005400000000000155
408,1,500,0.04050000000000065,0.005220000000000082,0.005400000000000155,0.005400000000000155
409,1,500,0.04455000000000076,0.005760000000000097,0.006750000000000193,0.006750000000000193
410,1,500,0.04265000000000071,0.005506666666666756,0.006750000000000193,0.006750000000000193
411,1,500,0.04405000000000075,0.005693333333333428,0.006750000000000091,0.006750000000000091
412,1,500,0.04050000000000065,0.005220000000000082,0.005400000000000155,0.005400000000000155
413,1,500,0.04050000000000065,0.005220000000000082,0.005400000000000155,0.005400000000000155
414,1,500,0.043200000000000724,0.0054900000000000886,0.006750000000000193,0.006750000000000193
415,1,500,0.05250000000000099,0.006730000000000125,0.007950000000000228,0.007950000000000228
416,1,500,0.04050000000000065,0.005220000000000082,0.005400000000000155,0.005400000000000155
417,1,500,0.04050000000000065,0.005220000000000082,0.005400000000000155,0.005400000000000155
418,1,500,0.04050000000000065,0.005220000000000082,0.005400000000000155,0.005400000000000155
419,1,500,0.04050000000000065,0.005220000000000082,0.005400000000000155,0.005400000000000155
420,1,500,0.04345000000000073,0.005523333333333424,0.0063000000000001805,0.0063000000000001805
421,1,500,0.0458000000000008,0.005836666666666766,0.006750000000000193,0.006750000000000193
422,1,500,0.04050000000000065,0.005220000000000082,0.005400000000000155,0.005400000000000155
423,1,500,0.04095000000000066,0.005280000000000082,0.005849999999999965,0.005849999999999965
424,1,500,0.04050000000000065,0.005220000000000082,0.005400000000000155,0.005400000000000155
425,1,500,0.04265000000000071,0.005506666666666756,0.006700000000000192,0.006700000000000192
426,1,500,0.041850000000000685,0.005400000000000086,0.00654999999999996,0.00654999999999996
427,1,500,0.042850000000000714,0.005506666666666756,0.006749999999999959,0.006749999999999959
428,1,500,0.04050000000000065,0.005220000000000082,0.005400000000000155,0.005400000000000155
429,1,500,0.041850000000000685,0.005400000000000086,0.006749999999999987,0.006749999999999987
430,1,500,0.04050000000000065,0.005220000000000082,0.005400000000000155,0.005400000000000155
431,1,500,0.04050000000000065,0.005220000000000082,0.005400000000000155,0.005400000000000155
432,1,500,0.04050000000000065,0.005220000000000082,0.005400000000000155,0.005400000000000155
433,1,500,0.041850000000000685,0.005310000000000083,0.005400000000000155,0.005400000000000155
434,1,500,0.04555000000000079,0.005890000000000102,0.006750000000000193,0.006750000000000193
435,1,500,0.04795000000000086,0.006140000000000108,0.006750000000000193,0.006750000000000193
436,1,500,0.04125000000000067,0.005320000000000084,0.006000000000000172,0.006000000000000172
437,1,500,0.04050000000000065,0.005220000000000082,0.005400000000000155,0.005400000000000155
438,1,500,0.04050000000000065,0.005220000000000082,0.005400000000000155,0.005400000000000155
439,1,500,0.04050000000000065,0.005220000000000082,0.005400000000000155,0.005400000000000155
440,1,500,0.048500000000000876,0.0061966666666667765,0.006750000000000193,0.006750000000000193
441,1,500,0.047100000000000836,0.006006666666666771,0.006750000000000193,0.006750000000000193
442,1,500,0.04050000000000065,0.005220000000000082,0.005400000000000155,0.005400000000000155
443,1,500,0.04050000000000065,0.005220000000000082,0.005400000000000155,0.005400000000000155
444,1,500,0.04050000000000065,0.005220000000000082,0.005400000000000155,0.005400000000000155
445,1,500,0.04050000000000065,0.005220000000000082,0.005400000000000155,0.005400000000000155
446,1,500,0.04050000000000065,0.005220000000000082,0.005400000000000155,0.005400000000000155
447,1,500,0.04050000000000065,0.005220000000000082,0.005400000000000155,0.005400000000000155
448,1,500,0.04050000000000065,0.005220000000000082,0.005400000000000155,0.005400000000000155
449,1,500,0.04050000000000065,0.005220000000000082,0.005400000000000155,0.005400000000000155
450,1,500,0.043250000000000725,0.005496666666666756,0.006750000000000193,0.006750000000000193
451,1,500,0.04995000000000092,0.006390000000000115,0.006750000000000193,0.006750000000000193
452,1,500,0.04050000000000065,0.005220000000000082,0.005400000000000155,0.005400000000000155
453,1,500,0.04130000000000067,0.005326666666666752,0.006200000000000011,0.006200000000000011
454,1,500,0.04160000000000068,0.005378333333333419,0.006749999999999987,0.006749999999999987
455,1,500,0.043900000000000744,0.005583333333333425,0.006750000000000193,0.006750000000000193
456,1,500,0.04050000000000065,0.005220000000000082,0.005400000000000155,0.005400000000000155
457,1,500,0.041850000000000685,0.0054083333333334194,0.0070000000000002005,0.0070000000000002005
458,1,500,0.04050000000000065,0.005220000000000082,0.005400000000000155,0.005400000000000155
459,1,500,0.04050000000000065,0.005220000000000082,0.005400000000000155,0.005400000000000155
460,1,500,0.04050000000000065,0.005220000000000082,0.005400000000000155,0.005400000000000155
461,1,500,0.04050000000000065,0.005220000000000082,0.005400000000000155,0.005400000000000155
462,1,500,0.04050000000000065,0.005220000000000082,0.005400000000000155,0.005400000000000155
463,1,500,0.041450000000000674,0.005346666666666751,0.005999999999999964,0.005999999999999964
464,1,500,0.0423500000000007,0.005466666666666755,0.0066999999999999595,0.0066999999999999595
465,1,500,0.04050000000000065,0.005220000000000082,0.005400000000000155,0.005400000000000155
466,1,500,0.04050000000000065,0.005220000000000082,0.005400000000000155,0.005400000000000155
467,1,500,0.04050000000000065,0.005220000000000082,0.005400000000000155,0.005400000000000155
468,1,500,0.04050000000000065,0.005220000000000082,0.005400000000000155,0.005400000000000155
469,1,500,0.04050000000000065,0.005220000000000082,0.005400000000000155,0.005400000000000155
470,1,500,0.04720000000000084,0.006023333333333438,0.006750000000000193,0.006750000000000193
471,1,500,0.04050000000000065,0.005220000000000082,0.005400000000000155,0.005400000000000155
472,1,500,0.04050000000000065,0.005220000000000082,0.005400000000000155,0.005400000000000155
473,1,500,0.04050000000000065,0.005220000000000082,0.005400000000000155,0.005400000000000155
474,1,500,0.04130000000000067,0.005326666666666752,0.005949999999999964,0.005949999999999964
475,1,500,0.04380000000000074,0.005633333333333427,0.006550000000000021,0.006550000000000021
476,1,500,0.04050000000000065,0.005220000000000082,0.005400000000000155,0.005400000000000155
477,1,500,0.04200000000000069,0.005420000000000088,0.0066499999999999875,0.0066499999999999875
478,1,500,0.041850000000000685,0.005310000000000083,0.005400000000000155,0.005400000000000155
479,1,500,0.042150000000000694,0.005440000000000087,0.006349999999999962,0.006349999999999962
480,1,500,0.04910000000000089,0.006276666666666778,0.006750000000000193,0.006750000000000193
481,1,500,0.04050000000000065,0.005220000000000082,0.005400000000000155,0.005400000000000155
482,1,500,0.04050000000000065,0.005220000000000082,0.005400000000000155,0.005400000000000155
483,1,500,0.04190000000000069,0.005316666666666749,0.005450000000000156,0.005450000000000156
484,1,500,0.04050000000000065,0.005220000000000082,0.005400000000000155,0.005400000000000155
485,1,500,0.04510000000000078,0.005833333333333435,0.007300000000000209,0.007300000000000209
486,1,500,0.04385000000000074,0.005576666666666758,0.006750000000000193,0.006750000000000193
487,1,500,0.04380000000000074,0.005660000000000095,0.006750000000000193,0.006750000000000193
488,1,500,0.04050000000000065,0.005220000000000082,0.005400000000000155,0.005400000000000155
489,1,500,0.04050000000000065,0.005220000000000082,0.005400000000000155,0.005400000000000155
490,1,500,0.04050000000000065,0.005220000000000082,0.005400000000000155,0.005400000000000155
491,1,500,0.04050000000000065,0.005220000000000082,0.005400000000000155,0.005400000000000155
492,1,500,0.041850000000000685,0.005310000000000083,0.005400000000000155,0.005400000000000155
493,1,500,0.04050000000000065,0.005220000000000082,0.005400000000000155,0.005400000000000155
494,1,500,0.04610000000000081,0.005876666666666767,0.006750000000000193,0.006750000000000193
495,1,500,0.047750000000000854,0.006096666666666774,0.006750000000000193,0.006750000000000193
496,1,500,0.04050000000000065,0.005220000000000082,0.005400000000000155,0.005400000000000155
497,1,500,0.04155000000000068,0.005360000000000085,0.00595000000000017,0.00595000000000017
498,1,500,0.04375000000000074,0.005563333333333424,0.006550000000000188,0.006550000000000188
499,1,500,0.04050000000000065,0.005220000000000082,0.005400000000000155,0.005400000000000155
500,1,500,0.04050000000000065,0.005220000000000082,0.005400000000000155,0.005400000000000155
501,1,500,0.04050000000000065,0.005220000000000082,0.005400000000000155,0.005400000000000155
502,1,500,0.04050000000000065,0.005220000000000082,0.005400000000000155,0.005400000000000155
503,1,500,0.04050000000000065,0.005220000000000082,0.005400000000000155,0.005400000000000155
504,1,500,0.04050000000000065,0.005220000000000082,0.005400000000000155,0.005400000000000155
505,1,500,0.0422500000000007,0.005453333333333421,0.006700000000000041,0.006700000000000041
506,1,500,0.04050000000000065,0.005220000000000082,0.005400000000000155,0.005400000000000155
507,1,500,0.04380000000000074,0.005570000000000091,0.006750000000000193,0.006750000000000193
508,1,500,0.04070000000000065,0.0052333333333334136,0.005400000000000155,0.005400000000000155
509,1,500,0.04050000000000065,0.005220000000000082,0.005400000000000155,0.005400000000000155
510,1,500,0.04050000000000065,0.005220000000000082,0.005400000000000155,0.005400000000000155
511,1,500,0.0424000000000007,0.005436666666666754,0.006750000000000193,0.006750000000000193
512,1,500,0.04100000000000066,0.005253333333333415,0.005400000000000155,0.005400000000000155
513,1,500,0.050250000000000926,0.006430000000000116,0.006750000000000193,0.006750000000000193
514,1,500,0.04050000000000065,0.005220000000000082,0.005400000000000155,0.005400000000000155
515,1,500,0.04420000000000075,0.005623333333333425,0.006750000000000193,0.006750000000000193
516,1,500,0.04050000000000065,0.005220000000000082,0.005400000000000155,0.005400000000000155
517,1,500,0.04050000000000065,0.005220000000000082,0.005400000000000155,0.005400000000000155
518,1,500,0.04270000000000071,0.00542333333333342,0.006250000000000179,0.006250000000000179
519,1,500,0.042200000000000695,0.005356666666666752,0.005750000000000165,0.005750000000000165
520,1,500,0.04060000000000065,0.005233333333333415,0.0055000000000001575,0.0055000000000001575
521,1,500,0.04190000000000069,0.005316666666666749,0.005450000000000156,0.005450000000000156
522,1,500,0.04305000000000072,0.005560000000000091,0.006750000000000193,0.006750000000000193
523,1,500,0.04050000000000065,0.005220000000000082,0.005400000000000155,0.005400000000000155
524,1,500,0.04050000000000065,0.005220000000000082,0.005400000000000155,0.005400000000000155
525,1,500,0.04050000000000065,0.005220000000000082,0.005400000000000155,0.005400000000000155
526,1,500,0.04050000000000065,0.005220000000000082,0.005400000000000155,0.005400000000000155
527,1,500,0.04050000000000065,0.005220000000000082,0.005400000000000155,0.005400000000000155
528,1,500,0.04695000000000083,0.005990000000000105,0.006750000000000193,0.006750000000000193
529,1,500,0.04165000000000068,0.005300000000000082,0.005450000000000156,0.005450000000000156
530,1,500,0.04050000000000065,0.005220000000000082,0.005400000000000155,0.005400000000000155
531,1,500,0.04050000000000065,0.005220000000000082,0.005400000000000155,0.005400000000000155
532,1,500,0.041850000000000685,0.005310000000000083,0.005400000000000155,0.005400000000000155
533,1,500,0.04050000000000065,0.005220000000000082,0.005400000000000155,0.005400000000000155
534,1,500,0.04050000000000065,0.005220000000000082,0.005400000000000155,0.005400000000000155
535,1,500,0.04545000000000079,0.005880000000000102,0.006750000000000193,0.006750000000000193
536,1,500,0.04050000000000065,0.005220000000000082,0.005400000000000155,0.005400000000000155
537,1,500,0.04095000000000066,0.005280000000000082,0.005749999999999993,0.005749999999999993
538,1,500,0.04295000000000072,0.005456666666666752,0.006500000000000186,0.006500000000000186
539,1,500,0.041850000000000685,0.005400000000000086,0.006750000000000027,0.006750000000000027
540,1,500,0.04270000000000071,0.005443333333333422,0.006550000000000188,0.006550000000000188
541,1,500,0.046050000000000806,0.005960000000000102,0.006750000000000193,0.006750000000000193
542,1,500,0.04400000000000075,0.005596666666666758,0.006499999999999961,0.006499999999999961
543,1,500,0.04410000000000075,0.005635000000000093,0.006999999999999958,0.006999999999999958
544,1,500,0.04050000000000065,0.005220000000000082,0.005400000000000155,0.005400000000000155
545,1,500,0.041450000000000674,0.005346666666666751,0.005900000000000169,0.005900000000000169
546,1,500,0.04300000000000072,0.005540000000000089,0.006750000000000193,0.006750000000000193
547,1,500,0.04875000000000088,0.0062300000000001104,0.006750000000000193,0.006750000000000193
548,1,500,0.048850000000000886,0.006313333333333447,0.006750000000000193,0.006750000000000193
549,1,500,0.0494500000000009,0.006323333333333446,0.006750000000000193,0.006750000000000193
550,1,500,0.04130000000000067,0.005326666666666752,0.006200000000000178,0.006200000000000178
551,1,500,0.04090000000000066,0.005246666666666749,0.005400000000000155,0.005400000000000155
552,1,500,0.04050000000000065,0.005220000000000082,0.005400000000000155,0.005400000000000155
553,1,500,0.04050000000000065,0.005220000000000082,0.005400000000000155,0.005400000000000155
554,1,500,0.04050000000000065,0.005220000000000082,0.005400000000000155,0.005400000000000155
555,1,500,0.04050000000000065,0.005220000000000082,0.005400000000000155,0.005400000000000155
556,1,500,0.04050000000000065,0.005220000000000082,0.005400000000000155,0.005400000000000155
557,1,500,0.04100000000000066,0.005260000000000085,0.0055000000000001575,0.0055000000000001575
558,1,500,0.04050000000000065,0.005220000000000082,0.005400000000000155,0.005400000000000155
559,1,500,0.04050000000000065,0.005220000000000082,0.005400000000000155,0.005400000000000155
560,1,500,0.04160000000000068,0.005366666666666753,0.00595000000000017,0.00595000000000017
561,1,500,0.04300000000000072,0.0054633333333334215,0.006550000000000188,0.006550000000000188
562,1,500,0.047800000000000856,0.0061033333333334406,0.006750000000000193,0.006750000000000193
563,1,500,0.04335000000000073,0.005563333333333424,0.006750000000000193,0.006750000000000193
564,1,500,0.041850000000000685,0.005310000000000083,0.005400000000000155,0.005400000000000155
565,1,500,0.048500000000000876,0.0061966666666667765,0.006750000000000193,0.006750000000000193
566,1,500,0.041850000000000685,0.005310000000000083,0.005400000000000155,0.005400000000000155
567,1,500,0.04050000000000065,0.005220000000000082,0.005400000000000155,0.005400000000000155
568,1,500,0.04050000000000065,0.005220000000000082,0.005400000000000155,0.005400000000000155
569,1,500,0.042900000000000715,0.005450000000000086,0.006450000000000185,0.006450000000000185
570,1,500,0.04050000000000065,0.005220000000000082,0.005400000000000155,0.005400000000000155
571,1,500,0.04050000000000065,0.005220000000000082,0.005400000000000155,0.005400000000000155
572,1,500,0.04050000000000065,0.005220000000000082,0.005400000000000155,0.005400000000000155
573,1,500,0.043900000000000744,0.005673333333333429,0.006750000000000193,0.006750000000000193
574,1,500,0.04310000000000072,0.005476666666666754,0.0066500000000001905,0.0066500000000001905
575,1,500,0.04050000000000065,0.005220000000000082,0.005400000000000155,0.005400000000000155
576,1,500,0.04155000000000068,0.005368333333333419,0.006750000000000193,0.006750000000000193
577,1,500,0.04050000000000065,0.005220000000000082,0.005400000000000155,0.005400000000000155
578,1,500,0.0424500000000007,0.0053900000000000866,0.0058500000000001676,0.0058500000000001676
579,1,500,0.04050000000000065,0.005220000000000082,0.005400000000000155,0.005400000000000155
580,1,500,0.04050000000000065,0.005220000000000082,0.005400000000000155,0.005400000000000155
581,1,500,0.047100000000000836,0.006010000000000104,0.006750000000000193,0.006750000000000193
582,1,500,0.04330000000000073,0.005503333333333423,0.006750000000000193,0.006750000000000193
583,1,500,0.04690000000000083,0.0059300000000001,0.008100000000000232,0.008100000000000232
584,1,500,0.04400000000000075,0.005686666666666762,0.006449999999999961,0.006449999999999961
585,1,500,0.04630000000000081,0.0059950000000001035,0.008300000000000118,0.008300000000000118
586,1,500,0.04310000000000072,0.005563333333333425,0.006500000000000186,0.006500000000000186
587,1,500,0.04050000000000065,0.005220000000000082,0.005400000000000155,0.005400000000000155
588,1,500,0.04050000000000065,0.005220000000000082,0.005400000000000155,0.005400000000000155
589,1,500,0.043900000000000744,0.005583333333333425,0.006750000000000193,0.006750000000000193
590,1,500,0.04050000000000065,0.005220000000000082,0.005400000000000155,0.005400000000000155
591,1,500,0.05085000000000094,0.006510000000000118,0.006750000000000193,0.006750000000000193
592,1,500,0.04050000000000065,0.005220000000000082,0.005400000000000155,0.005400000000000155
593,1,500,0.04050000000000065,0.005220000000000082,0.005400000000000155,0.005400000000000155
594,1,500,0.04210000000000069,0.005433333333333421,0.006350000000000182,0.006350000000000182
595,1,500,0.04525000000000078,0.00576333333333343,0.006750000000000193,0.006750000000000193
596,1,500,0.04380000000000074,0.005660000000000095,0.006750000000000193,0.006750000000000193
597,1,500,0.04050000000000065,0.005220000000000082,0.005400000000000155,0.005400000000000155
598,1,500,0.04275000000000071,0.005430000000000088,0.0063000000000001805,0.0063000000000001805
599,1,500,0.04050000000000065,0.005220000000000082,0.005400000000000155,0.005400000000000155
600,1,500,0.04050000000000065,0.005220000000000082,0.005400000000000155,0.005400000000000155
601,1,500,0.041850000000000685,0.005265000000000083,0.005400000000000155,0.005400000000000155
602,1,500,0.04050000000000065,0.005220000000000082,0.005400000000000155,0.005400000000000155
603,1,500,0.04050000000000065,0.005220000000000082,0.005400000000000155,0.005400000000000155
604,1,500,0.04265000000000071,0.005506666666666756,0.006700000000000192,0.006700000000000192
605,1,500,0.04050000000000065,0.005220000000000082,0.005400000000000155,0.005400000000000155
606,1,500,0.042550000000000705,0.005473333333333422,0.006349999999999962,0.006349999999999962
607,1,500,0.04050000000000065,0.005220000000000082,0.005400000000000155,0.005400000000000155
608,1,500,0.04050000000000065,0.005220000000000082,0.005400000000000155,0.005400000000000155
609,1,500,0.041850000000000685,0.005400000000000086,0.006750000000000193,0.006750000000000193
610,1,500,0.05080000000000094,0.006503333333333452,0.006750000000000193,0.006750000000000193
611,1,500,0.04050000000000065,0.005220000000000082,0.005400000000000155,0.005400000000000155
612,1,500,0.04050000000000065,0.005220000000000082,0.005400000000000155,0.005400000000000155
613,1,500,0.04345000000000073,0.005523333333333423,0.006750000000000193,0.006750000000000193
614,1,500,0.04050000000000065,0.005220000000000082,0.005400000000000155,0.005400000000000155
615,1,500,0.04050000000000065,0.005220000000000082,0.005400000000000155,0.005400000000000155
616,1,500,0.04050000000000065,0.005220000000000082,0.005400000000000155,0.005400000000000155
617,1,500,0.041100000000000664,0.005300000000000084,0.006000000000000005,0.006000000000000005
618,1,500,0.05215000000000098,0.006683333333333454,0.008100000000000232,0.008100000000000232
619,1,500,0.047400000000000844,0.006140000000000108,0.006750000000000193,0.006750000000000193
620,1,500,0.04050000000000065,0.005220000000000082,0.005400000000000155,0.005400000000000155
621,1,500,0.0458500000000008,0.00584333333333343,0.006750000000000193,0.006750000000000193
622,1,500,0.04050000000000065,0.005220000000000082,0.005400000000000155,0.005400000000000155
623,1,500,0.04695000000000083,0.005990000000000104,0.006750000000000193,0.006750000000000193
624,1,500,0.04050000000000065,0.005220000000000082,0.005400000000000155,0.005400000000000155
625,1,500,0.04050000000000065,0.005220000000000082,0.005400000000000155,0.005400000000000155
626,1,500,0.046000000000000804,0.005866666666666767,0.006749999999999959,0.006749999999999959
627,1,500,0.04050000000000065,0.005220000000000082,0.005400000000000155,0.005400000000000155
628,1,500,0.04645000000000082,0.005923333333333435,0.006750000000000193,0.006750000000000193
629,1,500,0.04350000000000073,0.005620000000000092,0.006500000000000186,0.006500000000000186
630,1,500,0.041450000000000674,0.005346666666666751,0.006350000000000015,0.006350000000000015
631,1,500,0.041850000000000685,0.005310000000000083,0.005400000000000155,0.005400000000000155
632,1,500,0.04050000000000065,0.005220000000000082,0.005400000000000155,0.005400000000000155
633,1,500,0.04050000000000065,0.005220000000000082,0.005400000000000155,0.005400000000000155
634,1,500,0.04385000000000074,0.005666666666666761,0.006750000000000193,0.006750000000000193
635,1,500,0.04160000000000068,0.005360000000000085,0.006400000000000183,0.006400000000000183
636,1,500,0.04050000000000065,0.005220000000000082,0.005400000000000155,0.005400000000000155
637,1,500,0.04270000000000071,0.005513333333333424,0.006750000000000037,0.006750000000000037
638,1,500,0.043200000000000724,0.005490000000000089,0.006750000000000193,0.006750000000000193
639,1,500,0.04050000000000065,0.005220000000000082,0.005400000000000155,0.005400000000000155
640,1,500,0.04130000000000067,0.005273333333333417,0.005400000000000155,0.005400000000000155
641,1,500,0.0459000000000008,0.005850000000000097,0.008100000000000232,0.008100000000000232
642,1,500,0.04050000000000065,0.005220000000000082,0.005400000000000155,0.005400000000000155
643,1,500,0.043200000000000724,0.005580000000000093,0.006750000000000193,0.006750000000000193
644,1,500,0.04050000000000065,0.005220000000000082,0.005400000000000155,0.005400000000000155
645,1,500,0.04195000000000069,0.00541333333333342,0.006250000000000033,0.006250000000000033
646,1,500,0.04050000000000065,0.005220000000000082,0.005400000000000155,0.005400000000000155
647,1,500,0.04260000000000071,0.005410000000000087,0.006150000000000176,0.006150000000000176
648,1,500,0.041850000000000685,0.005400000000000086,0.006200000000000178,0.006200000000000178
649,1,500,0.0422500000000007,0.005453333333333421,0.006050000000000173,0.006050000000000173
650,1,500,0.04050000000000065,0.005220000000000082,0.005400000000000155,0.005400000000000155
651,1,500,0.050600000000000936,0.006476666666666784,0.006750000000000193,0.006750000000000193
652,1,500,0.04195000000000069,0.00541333333333342,0.006400000000000183,0.006400000000000183
653,1,500,0.04190000000000069,0.005406666666666754,0.0061999999999999625,0.0061999999999999625
654,1,500,0.041850000000000685,0.005310000000000083,0.005400000000000155,0.005400000000000155
655,1,500,0.04050000000000065,0.005220000000000082,0.005400000000000155,0.005400000000000155
656,1,500,0.043250000000000725,0.005586666666666758,0.006750000000000037,0.006750000000000037
657,1,500,0.04050000000000065,0.005220000000000082,0.005400000000000155,0.005400000000000155
658,1,500,0.04050000000000065,0.005220000000000082,0.005400000000000155,0.005400000000000155
659,1,500,0.04050000000000065,0.005220000000000082,0.005400000000000155,0.005400000000000155
660,1,500,0.04050000000000065,0.005220000000000082,0.005400000000000155,0.005400000000000155
661,1,500,0.041850000000000685,0.005310000000000083,0.005400000000000155,0.005400000000000155
662,1,500,0.04345000000000073,0.0056133333333334276,0.006750000000000193,0.006750000000000193
663,1,500,0.04050000000000065,0.005220000000000082,0.005400000000000155,0.005400000000000155
664,1,500,0.04050000000000065,0.005220000000000082,0.005400000000000155,0.005400000000000155
665,1,500,0.04275000000000071,0.00552000000000009,0.006750000000000042,0.006750000000000042
666,1,500,0.04050000000000065,0.005220000000000082,0.005400000000000155,0.005400000000000155
667,1,500,0.04270000000000071,0.00542333333333342,0.0058500000000001676,0.0058500000000001676
668,1,500,0.04100000000000066,0.00528666666666675,0.005700000000000163,0.005700000000000163
669,1,500,0.04405000000000075,0.00563666666666676,0.006749999999999959,0.006749999999999959
670,1,500,0.04050000000000065,0.005220000000000082,0.005400000000000155,0.005400000000000155
671,1,500,0.04785000000000086,0.006200000000000109,0.006750000000000193,0.006750000000000193
672,1,500,0.043250000000000725,0.005526666666666757,0.006750000000000193,0.006750000000000193
673,1,500,0.043200000000000724,0.005400000000000086,0.005400000000000155,0.005400000000000155
674,1,500,0.04315000000000072,0.005573333333333425,0.006749999999999959,0.006749999999999959
675,1,500,0.04050000000000065,0.005220000000000082,0.005400000000000155,0.005400000000000155
676,1,500,0.0493000000000009,0.006303333333333446,0.006750000000000193,0.006750000000000193
677,1,500,0.04085000000000066,0.005243333333333415,0.005400000000000155,0.005400000000000155
678,1,500,0.04050000000000065,0.005220000000000082,0.005400000000000155,0.005400000000000155
679,1,500,0.04050000000000065,0.005220000000000082,0.005400000000000155,0.005400000000000155
680,1,500,0.04050000000000065,0.005220000000000082,0.005400000000000155,0.005400000000000155
681,1,500,0.04050000000000065,0.005220000000000082,0.005400000000000155,0.005400000000000155
682,1,500,0.04130000000000067,0.005326666666666752,0.006099999999999991,0.006099999999999991
683,1,500,0.04205000000000069,0.005426666666666754,0.006750000000000193,0.006750000000000193
684,1,500,0.04800000000000086,0.006130000000000108,0.006750000000000193,0.006750000000000193
685,1,500,0.04200000000000069,0.005330000000000085,0.005550000000000159,0.005550000000000159
686,1,500,0.041850000000000685,0.005310000000000083,0.005400000000000155,0.005400000000000155
687,1,500,0.042150000000000694,0.005440000000000087,0.006299999999999962,0.006299999999999962
688,1,500,0.04050000000000065,0.005220000000000082,0.005400000000000155,0.005400000000000155
689,1,500,0.040750000000000654,0.005253333333333415,0.005649999999999994,0.005649999999999994
690,1,500,0.04050000000000065,0.005220000000000082,0.005400000000000155,0.005400000000000155
691,1,500,0.04625000000000081,0.005986666666666771,0.006750000000000193,0.006750000000000193
692,1,500,0.041800000000000684,0.00530666666666675,0.005400000000000155,0.005400000000000155
693,1,500,0.0422500000000007,0.005453333333333421,0.006750000000000032,0.006750000000000032
694,1,500,0.04050000000000065,0.005220000000000082,0.005400000000000155,0.005400000000000155
695,1,500,0.041850000000000685,0.005378333333333418,0.006750000000000027,0.006750000000000027
696,1,500,0.04140000000000067,0.005340000000000085,0.005949999999999964,0.005949999999999964
697,1,500,0.041500000000000675,0.005353333333333419,0.006200000000000178,0.006200000000000178
698,1,500,0.041850000000000685,0.005310000000000083,0.005400000000000155,0.005400000000000155
699,1,500,0.041850000000000685,0.005310000000000083,0.005400000000000155,0.005400000000000155
700,1,500,0.04140000000000067,0.005250000000000083,0.005400000000000155,0.005400000000000155
701,1,500,0.04050000000000065,0.005220000000000082,0.005400000000000155,0.005400000000000155
702,1,500,0.04050000000000065,0.005220000000000082,0.005400000000000155,0.005400000000000155
703,1,500,0.04490000000000077,0.005716666666666762,0.006750000000000193,0.006750000000000193
704,1,500,0.04050000000000065,0.005220000000000082,0.005400000000000155,0.005400000000000155
705,1,500,0.04875000000000088,0.0062300000000001104,0.006750000000000193,0.006750000000000193
706,1,500,0.04050000000000065,0.005220000000000082,0.005400000000000155,0.005400000000000155
707,1,500,0.04335000000000073,0.005513333333333424,0.006750000000000193,0.006750000000000193
708,1,500,0.04050000000000065,0.005220000000000082,0.005400000000000155,0.005400000000000155
709,1,500,0.04050000000000065,0.005220000000000082,0.005400000000000155,0.005400000000000155
710,1,500,0.04050000000000065,0.005220000000000082,0.005400000000000155,0.005400000000000155
711,1,500,0.04435000000000076,0.005643333333333427,0.006750000000000193,0.006750000000000193
712,1,500,0.04050000000000065,0.005220000000000082,0.005400000000000155,0.005400000000000155
713,1,500,0.04135000000000067,0.005333333333333417,0.006250000000000179,0.006250000000000179
714,1,500,0.041150000000000665,0.005263333333333416,0.005400000000000155,0.005400000000000155
715,1,500,0.04050000000000065,0.005220000000000082,0.005400000000000155,0.005400000000000155
716,1,500,0.041850000000000685,0.005310000000000083,0.005400000000000155,0.005400000000000155
717,1,500,0.04050000000000065,0.005220000000000082,0.005400000000000155,0.005400000000000155
718,1,500,0.05000000000000092,0.006396666666666782,0.006750000000000193,0.006750000000000193
719,1,500,0.04050000000000065,0.005220000000000082,0.005400000000000155,0.005400000000000155
720,1,500,0.04050000000000065,0.005220000000000082,0.005400000000000155,0.005400000000000155
721,1,500,0.04140000000000067,0.005316666666666751,0.00595000000000017,0.00595000000000017
722,1,500,0.04050000000000065,0.005220000000000082,0.005400000000000155,0.005400000000000155
723,1,500,0.04050000000000065,0.005220000000000082,0.005400000000000155,0.005400000000000155
724,1,500,0.04050000000000065,0.005220000000000082,0.005400000000000155,0.005400000000000155
725,1,500,0.04800000000000086,0.006130000000000108,0.006750000000000193,0.006750000000000193
726,1,500,0.04400000000000075,0.005596666666666759,0.006200000000000178,0.006200000000000178
727,1,500,0.04050000000000065,0.005220000000000082,0.005400000000000155,0.005400000000000155
728,1,500,0.04050000000000065,0.005220000000000082,0.005400000000000155,0.005400000000000155
729,1,500,0.04050000000000065,0.005220000000000082,0.005400000000000155,0.005400000000000155
730,1,500,0.04050000000000065,0.005220000000000082,0.005400000000000155,0.005400000000000155
731,1,500,0.04350000000000073,0.00553000000000009,0.006750000000000193,0.006750000000000193
732,1,500,0.04695000000000083,0.006023333333333437,0.006750000000000193,0.006750000000000193
733,1,500,0.04685000000000083,0.005976666666666769,0.006750000000000193,0.006750000000000193
734,1,500,0.04550000000000079,0.005796666666666763,0.006750000000000193,0.006750000000000193
735,1,500,0.04050000000000065,0.005220000000000082,0.005400000000000155,0.005400000000000155
736,1,500,0.045650000000000794,0.005816666666666763,0.006750000000000193,0.006750000000000193
737,1,500,0.04050000000000065,0.005220000000000082,0.005400000000000155,0.005400000000000155
738,1,500,0.0423500000000007,0.005460000000000089,0.006750000000000193,0.006750000000000193
739,1,500,0.04050000000000065,0.005220000000000082,0.005400000000000155,0.005400000000000155
740,1,500,0.04050000000000065,0.005220000000000082,0.005400000000000155,0.005400000000000155
741,1,500,0.04265000000000071,0.005416666666666753,0.006200000000000178,0.006200000000000178
742,1,500,0.04050000000000065,0.005220000000000082,0.005400000000000155,0.005400000000000155
743,1,500,0.04050000000000065,0.005220000000000082,0.005400000000000155,0.005400000000000155
744,1,500,0.043200000000000724,0.005445000000000087,0.006750000000000027,0.006750000000000027
745,1,500,0.04050000000000065,0.005220000000000082,0.005400000000000155,0.005400000000000155
746,1,500,0.04050000000000065,0.005220000000000082,0.005400000000000155,0.005400000000000155
747,1,500,0.04050000000000065,0.005220000000000082,0.005400000000000155,0.005400000000000155
748,1,500,0.042500000000000704,0.005486666666666756,0.006499999999999961,0.006499999999999961
749,1,500,0.041850000000000685,0.005310000000000083,0.005400000000000155,0.005400000000000155
750,1,500,0.04525000000000078,0.005800000000000099,0.006750000000000193,0.006750000000000193
751,1,500,0.041850000000000685,0.005310000000000083,0.005400000000000155,0.005400000000000155
752,1,500,0.047800000000000856,0.006193333333333443,0.006750000000000193,0.006750000000000193
753,1,500,0.04455000000000076,0.005745000000000096,0.008099999999999951,0.008099999999999951
754,1,500,0.041850000000000685,0.005310000000000083,0.005400000000000155,0.005400000000000155
755,1,500,0.04050000000000065,0.005220000000000082,0.005400000000000155,0.005400000000000155
756,1,500,0.04135000000000067,0.005333333333333417,0.005950000000000014,0.005950000000000014
757,1,500,0.04525000000000078,0.005853333333333434,0.006750000000000193,0.006750000000000193
758,1,500,0.041850000000000685,0.005378333333333418,0.006749999999999959,0.006749999999999959
759,1,500,0.04050000000000065,0.005220000000000082,0.005400000000000155,0.005400000000000155
760,1,500,0.04200000000000069,0.005330000000000085,0.005550000000000159,0.005550000000000159
761,1,500,0.04200000000000069,0.005420000000000088,0.006050000000000028,0.006050000000000028
762,1,500,0.04200000000000069,0.005420000000000088,0.0063000000000001805,0.0063000000000001805
763,1,500,0.04050000000000065,0.005220000000000082,0.005400000000000155,0.005400000000000155
764,1,500,0.0423000000000007,0.005460000000000089,0.006750000000000193,0.006750000000000193
765,1,500,0.044650000000000765,0.005773333333333432,0.006750000000000193,0.006750000000000193
766,1,500,0.043550000000000734,0.0056266666666667615,0.006750000000000193,0.006750000000000193
767,1,500,0.04545000000000079,0.005790000000000098,0.006750000000000193,0.006750000000000193
768,1,500,0.04665000000000082,0.005950000000000103,0.006750000000000193,0.006750000000000193
769,1,500,0.041850000000000685,0.005310000000000083,0.005400000000000155,0.005400000000000155
770,1,500,0.041800000000000684,0.00530666666666675,0.005400000000000155,0.005400000000000155
771,1,500,0.041850000000000685,0.005310000000000083,0.005400000000000155,0.005400000000000155
772,1,500,0.04050000000000065,0.005220000000000082,0.005400000000000155,0.005400000000000155
773,1,500,0.040800000000000655,0.005240000000000081,0.005400000000000155,0.005400000000000155
774,1,500,0.041850000000000685,0.005310000000000083,0.005400000000000155,0.005400000000000155
775,1,500,0.043550000000000734,0.00562666666666676,0.006750000000000193,0.006750000000000193
776,1,500,0.04050000000000065,0.005220000000000082,0.005400000000000155,0.005400000000000155
777,1,500,0.04050000000000065,0.005220000000000082,0.005400000000000155,0.005400000000000155
778,1,500,0.04840000000000087,0.0061833333333334425,0.006750000000000193,0.006750000000000193
779,1,500,0.04050000000000065,0.005220000000000082,0.005400000000000155,0.005400000000000155
780,1,500,0.043200000000000724,0.005580000000000093,0.008099999999999951,0.008099999999999951
781,1,500,0.04050000000000065,0.005220000000000082,0.005400000000000155,0.005400000000000155
782,1,500,0.04050000000000065,0.005220000000000082,0.005400000000000155,0.005400000000000155
783,1,500,0.04275000000000071,0.005520000000000092,0.006350000000000182,0.006350000000000182
784,1,500,0.04050000000000065,0.005220000000000082,0.005400000000000155,0.005400000000000155
785,1,500,0.04475000000000077,0.005696666666666762,0.006750000000000193,0.006750000000000193
786,1,500,0.04410000000000075,0.005610000000000092,0.006750000000000193,0.006750000000000193
787,1,500,0.04405000000000075,0.005693333333333428,0.006750000000000193,0.006750000000000193
788,1,500,0.04865000000000088,0.0062166666666667765,0.006750000000000193,0.006750000000000193
789,1,500,0.04095000000000066,0.005280000000000082,0.005650000000000162,0.005650000000000162
790,1,500,0.04050000000000065,0.005220000000000082,0.005400000000000155,0.005400000000000155
791,1,500,0.042150000000000694,0.005440000000000087,0.00635000000000004,0.00635000000000004
792,1,500,0.04205000000000069,0.005336666666666751,0.00560000000000016,0.00560000000000016
793,1,500,0.041850000000000685,0.005310000000000083,0.005400000000000155,0.005400000000000155
794,1,500,0.04050000000000065,0.005220000000000082,0.005400000000000155,0.005400000000000155
795,1,500,0.04050000000000065,0.005220000000000082,0.005400000000000155,0.005400000000000155
796,1,500,0.04050000000000065,0.005220000000000082,0.005400000000000155,0.005400000000000155
797,1,500,0.04275000000000071,0.00552000000000009,0.006749999999999959,0.006749999999999959
798,1,500,0.04050000000000065,0.005220000000000082,0.005400000000000155,0.005400000000000155
799,1,500,0.04050000000000065,0.005220000000000082,0.005400000000000155,0.005400000000000155
800,1,500,0.04050000000000065,0.005220000000000082,0.005400000000000155,0.005400000000000155
801,1,500,0.04345000000000073,0.005613333333333426,0.006750000000000193,0.006750000000000193
802,1,500,0.04335000000000073,0.005580000000000091,0.006750000000000193,0.006750000000000193
803,1,500,0.04260000000000071,0.005410000000000087,0.006150000000000176,0.006150000000000176
804,1,500,0.0424500000000007,0.005480000000000088,0.006450000000000185,0.006450000000000185
805,1,500,0.04725000000000084,0.006120000000000107,0.006750000000000193,0.006750000000000193
806,1,500,0.04155000000000068,0.0053683333333334185,0.006750000000000027,0.006750000000000027
807,1,500,0.04895000000000089,0.0062566666666667775,0.006750000000000193,0.006750000000000193
808,1,500,0.041850000000000685,0.005310000000000083,0.005400000000000155,0.005400000000000155
809,1,500,0.04305000000000072,0.005560000000000091,0.006750000000000193,0.006750000000000193
810,1,500,0.04050000000000065,0.005220000000000082,0.005400000000000155,0.005400000000000155
811,1,500,0.04050000000000065,0.005220000000000082,0.005400000000000155,0.005400000000000155
812,1,500,0.041850000000000685,0.00540833333333342,0.006750000000000193,0.006750000000000193
813,1,500,0.045000000000000775,0.005820000000000098,0.006750000000000193,0.006750000000000193
814,1,500,0.04085000000000066,0.005243333333333415,0.005400000000000155,0.005400000000000155
815,1,500,0.041850000000000685,0.005310000000000083,0.005400000000000155,0.005400000000000155
816,1,500,0.04165000000000068,0.00529666666666675,0.005400000000000155,0.005400000000000155
817,1,500,0.05005000000000092,0.00642333333333345,0.006750000000000193,0.006750000000000193
818,1,500,0.04525000000000078,0.005853333333333434,0.006750000000000193,0.006750000000000193
819,1,500,0.043900000000000744,0.005581666666666758,0.006749999999999959,0.006749999999999959
820,1,500,0.04050000000000065,0.005220000000000082,0.005400000000000155,0.005400000000000155
821,1,500,0.0423000000000007,0.005460000000000089,0.006400000000000183,0.006400000000000183
822,1,500,0.04375000000000074,0.005653333333333427,0.006750000000000193,0.006750000000000193
823,1,500,0.043600000000000735,0.005633333333333427,0.006749999999999959,0.006749999999999959
824,1,500,0.04050000000000065,0.005220000000000082,0.005400000000000155,0.005400000000000155
825,1,500,0.041850000000000685,0.005400000000000086,0.006750000000000027,0.006750000000000027
826,1,500,0.043200000000000724,0.0054900000000000886,0.006750000000000193,0.006750000000000193
827,1,500,0.04455000000000076,0.005573333333333425,0.006750000000000193,0.006750000000000193
828,1,500,0.04540000000000079,0.005873333333333434,0.006750000000000193,0.006750000000000193
829,1,500,0.04050000000000065,0.005220000000000082,0.005400000000000155,0.005400000000000155
830,1,500,0.04720000000000084,0.006021666666666772,0.006750000000000193,0.006750000000000193
831,1,500,0.04050000000000065,0.005220000000000082,0.005400000000000155,0.005400000000000155
832,1,500,0.04280000000000071,0.005460000000000089,0.006200000000000178,0.006200000000000178
833,1,500,0.04410000000000075,0.005610000000000091,0.006750000000000193,0.006750000000000193
834,1,500,0.041850000000000685,0.005310000000000083,0.005400000000000155,0.005400000000000155
835,1,500,0.04270000000000071,0.005423333333333419,0.006250000000000179,0.006250000000000179
836,1,500,0.04050000000000065,0.005220000000000082,0.005400000000000155,0.005400000000000155
837,1,500,0.04155000000000068,0.0053683333333334185,0.006750000000000193,0.006750000000000193
838,1,500,0.040800000000000655,0.005240000000000081,0.005400000000000155,0.005400000000000155
839,1,500,0.04050000000000065,0.005220000000000082,0.005400000000000155,0.005400000000000155
840,1,500,0.04315000000000072,0.005483333333333423,0.006700000000000192,0.006700000000000192
841,1,500,0.04050000000000065,0.005220000000000082,0.005400000000000155,0.005400000000000155
842,1,500,0.04050000000000065,0.005220000000000082,0.005400000000000155,0.005400000000000155
843,1,500,0.04335000000000073,0.0055100000000000895,0.006750000000000193,0.006750000000000193
844,1,500,0.04050000000000065,0.005220000000000082,0.005400000000000155,0.005400000000000155
845,1,500,0.04050000000000065,0.005220000000000082,0.005400000000000155,0.005400000000000155
846,1,500,0.04095000000000066,0.005280000000000082,0.005849999999999992,0.005849999999999992
847,1,500,0.04555000000000079,0.005846666666666766,0.006750000000000193,0.006750000000000193
848,1,500,0.041450000000000674,0.005346666666666751,0.006349999999999989,0.006349999999999989
849,1,500,0.042850000000000714,0.00552000000000009,0.006750000000000193,0.006750000000000193
850,1,500,0.04625000000000081,0.005986666666666769,0.006750000000000193,0.006750000000000193
851,1,500,0.04445000000000076,0.005746666666666763,0.006750000000000193,0.006750000000000193
852,1,500,0.04050000000000065,0.005220000000000082,0.005400000000000155,0.005400000000000155
853,1,500,0.04050000000000065,0.005220000000000082,0.005400000000000155,0.005400000000000155
854,1,500,0.04470000000000077,0.005780000000000098,0.006750000000000193,0.006750000000000193
855,1,500,0.041850000000000685,0.005310000000000083,0.005400000000000155,0.005400000000000155
856,1,500,0.04050000000000065,0.005220000000000082,0.005400000000000155,0.005400000000000155
857,1,500,0.04200000000000069,0.005406666666666752,0.006200000000000178,0.006200000000000178
858,1,500,0.04510000000000078,0.00574333333333343,0.006750000000000193,0.006750000000000193
859,1,500,0.04050000000000065,0.005220000000000082,0.005400000000000155,0.005400000000000155
860,1,500,0.041850000000000685,0.005400000000000086,0.006750000000000193,0.006750000000000193
861,1,500,0.04140000000000067,0.005340000000000085,0.005950000000000016,0.005950000000000016
862,1,500,0.041850000000000685,0.005310000000000083,0.005400000000000155,0.005400000000000155
863,1,500,0.04310000000000072,0.005566666666666759,0.006750000000000193,0.006750000000000193
864,1,500,0.04050000000000065,0.005220000000000082,0.005400000000000155,0.005400000000000155
865,1,500,0.04370000000000074,0.005556666666666756,0.0066999999999999595,0.0066999999999999595
866,1,500,0.04050000000000065,0.005220000000000082,0.005400000000000155,0.005400000000000155
867,1,500,0.043200000000000724,0.00558000000000009,0.008100000000000232,0.008100000000000232
868,1,500,0.041850000000000685,0.005400000000000086,0.006749999999999959,0.006749999999999959
869,1,500,0.04050000000000065,0.005220000000000082,0.005400000000000155,0.005400000000000155
870,1,500,0.04050000000000065,0.005220000000000082,0.005400000000000155,0.005400000000000155
871,1,500,0.04050000000000065,0.005220000000000082,0.005400000000000155,0.005400000000000155
872,1,500,0.04050000000000065,0.005220000000000082,0.005400000000000155,0.005400000000000155
873,1,500,0.04050000000000065,0.005220000000000082,0.005400000000000155,0.005400000000000155
874,1,500,0.04905000000000089,0.006273333333333446,0.006750000000000193,0.006750000000000193
875,1,500,0.04050000000000065,0.005220000000000082,0.005400000000000155,0.005400000000000155
876,1,500,0.04050000000000065,0.005220000000000082,0.005400000000000155,0.005400000000000155
877,1,500,0.041850000000000685,0.005310000000000083,0.005400000000000155,0.005400000000000155
878,1,500,0.04330000000000073,0.005593333333333426,0.006750000000000193,0.006750000000000193
879,1,500,0.04050000000000065,0.005220000000000082,0.005400000000000155,0.005400000000000155
880,1,500,0.04315000000000072,0.005573333333333425,0.006749999999999959,0.006749999999999959
881,1,500,0.04050000000000065,0.005220000000000082,0.005400000000000155,0.005400000000000155
882,1,500,0.04490000000000077,0.005716666666666762,0.006750000000000193,0.006750000000000193
883,1,500,0.04050000000000065,0.005220000000000082,0.005400000000000155,0.005400000000000155
884,1,500,0.041100000000000664,0.005266666666666751,0.0055000000000001575,0.0055000000000001575
885,1,500,0.04050000000000065,0.005220000000000082,0.005400000000000155,0.005400000000000155
886,1,500,0.04050000000000065,0.005220000000000082,0.005400000000000155,0.005400000000000155
887,1,500,0.04050000000000065,0.005220000000000082,0.005400000000000155,0.005400000000000155
888,1,500,0.041850000000000685,0.005388333333333419,0.006750000000000027,0.006750000000000027
889,1,500,0.04125000000000067,0.005320000000000084,0.005900000000000169,0.005900000000000169
890,1,500,0.04050000000000065,0.005220000000000082,0.005400000000000155,0.005400000000000155
891,1,500,0.043550000000000734,0.00562666666666676,0.006750000000000193,0.006750000000000193
892,1,500,0.04050000000000065,0.005220000000000082,0.005400000000000155,0.005400000000000155
893,1,500,0.041850000000000685,0.0054083333333334194,0.007000000000000034,0.007000000000000034
894,1,500,0.04050000000000065,0.005220000000000082,0.005400000000000155,0.005400000000000155
895,1,500,0.04050000000000065,0.005220000000000082,0.005400000000000155,0.005400000000000155
896,1,500,0.04050000000000065,0.005220000000000082,0.005400000000000155,0.005400000000000155
897,1,500,0.04050000000000065,0.005220000000000082,0.005400000000000155,0.005400000000000155
898,1,500,0.045000000000000775,0.005740000000000097,0.006750000000000193,0.006750000000000193
899,1,500,0.04065000000000065,0.005230000000000081,0.005400000000000155,0.005400000000000155
900,1,500,0.04050000000000065,0.005220000000000082,0.005400000000000155,0.005400000000000155
901,1,500,0.04050000000000065,0.005220000000000082,0.005400000000000155,0.005400000000000155
902,1,500,0.04050000000000065,0.005220000000000082,0.005400000000000155,0.005400000000000155
903,1,500,0.04050000000000065,0.005220000000000082,0.005400000000000155,0.005400000000000155
904,1,500,0.04050000000000065,0.005220000000000082,0.005400000000000155,0.005400000000000155
905,1,500,0.04050000000000065,0.005220000000000082,0.005400000000000155,0.005400000000000155
906,1,500,0.043200000000000724,0.0054900000000000886,0.006750000000000193,0.006750000000000193
907,1,500,0.0422500000000007,0.005453333333333421,0.006449999999999961,0.006449999999999961
908,1,500,0.04410000000000075,0.005646666666666759,0.006749999999999959,0.006749999999999959
909,1,500,0.04910000000000089,0.006350000000000115,0.006750000000000193,0.006750000000000193
910,1,500,0.042850000000000714,0.005510000000000088,0.006750000000000193,0.006750000000000193
911,1,500,0.04050000000000065,0.005220000000000082,0.005400000000000155,0.005400000000000155
912,1,500,0.04050000000000065,0.005220000000000082,0.005400000000000155,0.005400000000000155
913,1,500,0.041850000000000685,0.005310000000000083,0.005400000000000155,0.005400000000000155
914,1,500,0.04050000000000065,0.005220000000000082,0.005400000000000155,0.005400000000000155
915,1,500,0.04050000000000065,0.005220000000000082,0.005400000000000155,0.005400000000000155
916,1,500,0.043200000000000724,0.005400000000000086,0.005400000000000155,0.005400000000000155
917,1,500,0.04050000000000065,0.005220000000000082,0.005400000000000155,0.005400000000000155
918,1,500,0.044300000000000755,0.0057266666666667635,0.006750000000000193,0.006750000000000193
919,1,500,0.046050000000000806,0.005960000000000104,0.006750000000000193,0.006750000000000193
920,1,500,0.04050000000000065,0.005220000000000082,0.005400000000000155,0.005400000000000155
921,1,500,0.04315000000000072,0.005483333333333423,0.006700000000000192,0.006700000000000192
922,1,500,0.04050000000000065,0.005220000000000082,0.005400000000000155,0.005400000000000155
923,1,500,0.04050000000000065,0.005220000000000082,0.005400000000000155,0.005400000000000155
924,1,500,0.041850000000000685,0.005310000000000083,0.005400000000000155,0.005400000000000155
925,1,500,0.041850000000000685,0.005310000000000083,0.005400000000000155,0.005400000000000155
926,1,500,0.042200000000000695,0.005356666666666752,0.005750000000000165,0.005750000000000165
927,1,500,0.04975000000000091,0.006363333333333447,0.006750000000000193,0.006750000000000193
928,1,500,0.04050000000000065,0.005220000000000082,0.005400000000000155,0.005400000000000155
929,1,500,0.0423000000000007,0.0054300000000000875,0.006750000000000193,0.006750000000000193
930,1,500,0.04050000000000065,0.005220000000000082,0.005400000000000155,0.005400000000000155
931,1,500,0.04555000000000079,0.005890000000000102,0.006750000000000193,0.006750000000000193
932,1,500,0.04050000000000065,0.005220000000000082,0.005400000000000155,0.005400000000000155
933,1,500,0.041850000000000685,0.005310000000000083,0.005400000000000155,0.005400000000000155
934,1,500,0.0493000000000009,0.006303333333333446,0.006750000000000193,0.006750000000000193
935,1,500,0.04050000000000065,0.005220000000000082,0.005400000000000155,0.005400000000000155
936,1,500,0.04050000000000065,0.005220000000000082,0.005400000000000155,0.005400000000000155
937,1,500,0.04050000000000065,0.005220000000000082,0.005400000000000155,0.005400000000000155
938,1,500,0.049500000000000904,0.006406666666666783,0.006750000000000193,0.006750000000000193
939,1,500,0.045000000000000775,0.005730000000000095,0.006750000000000193,0.006750000000000193
940,1,500,0.04050000000000065,0.005220000000000082,0.005400000000000155,0.005400000000000155
941,1,500,0.04050000000000065,0.005220000000000082,0.005400000000000155,0.005400000000000155
942,1,500,0.04050000000000065,0.005220000000000082,0.005400000000000155,0.005400000000000155
943,1,500,0.04050000000000065,0.005220000000000082,0.005400000000000155,0.005400000000000155
944,1,500,0.04050000000000065,0.005220000000000082,0.005400000000000155,0.005400000000000155
945,1,500,0.04300000000000072,0.005490000000000089,0.006750000000000193,0.006750000000000193
946,1,500,0.04050000000000065,0.005220000000000082,0.005400000000000155,0.005400000000000155
947,1,500,0.0422500000000007,0.005453333333333421,0.006600000000000189,0.006600000000000189
948,1,500,0.04050000000000065,0.005220000000000082,0.005400000000000155,0.005400000000000155
949,1,500,0.04050000000000065,0.005220000000000082,0.005400000000000155,0.005400000000000155
950,1,500,0.04050000000000065,0.005220000000000082,0.005400000000000155,0.005400000000000155
951,1,500,0.044300000000000755,0.005660000000000093,0.006750000000000048,0.006750000000000048
952,1,500,0.04050000000000065,0.005220000000000082,0.005400000000000155,0.005400000000000155
953,1,500,0.04050000000000065,0.005220000000000082,0.005400000000000155,0.005400000000000155
954,1,500,0.04050000000000065,0.005220000000000082,0.005400000000000155,0.005400000000000155
955,1,500,0.04050000000000065,0.005220000000000082,0.005400000000000155,0.005400000000000155
956,1,500,0.04190000000000069,0.005380000000000085,0.006750000000000193,0.006750000000000193
957,1,500,0.04050000000000065,0.005220000000000082,0.005400000000000155,0.005400000000000155
958,1,500,0.041850000000000685,0.005400000000000086,0.006749999999999987,0.006749999999999987
959,1,500,0.04135000000000067,0.005333333333333417,0.006200000000000178,0.006200000000000178
960,1,500,0.04090000000000066,0.005273333333333415,0.005750000000000165,0.005750000000000165
961,1,500,0.041850000000000685,0.0054083333333334194,0.0070000000000002005,0.0070000000000002005
962,1,500,0.04550000000000079,0.005846666666666766,0.006750000000000193,0.006750000000000193
963,1,500,0.04050000000000065,0.005220000000000082,0.005400000000000155,0.005400000000000155
964,1,500,0.04630000000000081,0.005993333333333437,0.006750000000000193,0.006750000000000193
965,1,500,0.04050000000000065,0.005220000000000082,0.005400000000000155,0.005400000000000155
966,1,500,0.04550000000000079,0.005886666666666767,0.006750000000000119,0.006750000000000119
967,1,500,0.04050000000000065,0.005220000000000082,0.005400000000000155,0.005400000000000155
968,1,500,0.04700000000000083,0.005996666666666771,0.006750000000000193,0.006750000000000193
969,1,500,0.04050000000000065,0.005220000000000082,0.005400000000000155,0.005400000000000155
970,1,500,0.04050000000000065,0.005220000000000082,0.005400000000000155,0.005400000000000155
971,1,500,0.04265000000000071,0.005416666666666753,0.006200000000000178,0.006200000000000178
972,1,500,0.043600000000000735,0.005633333333333427,0.006749999999999959,0.006749999999999959
973,1,500,0.041850000000000685,0.005400000000000088,0.006750000000000193,0.006750000000000193
974,1,500,0.04050000000000065,0.005220000000000082,0.005400000000000155,0.005400000000000155
975,1,500,0.04170000000000068,0.005380000000000084,0.0063000000000001805,0.0063000000000001805
976,1,500,0.04050000000000065,0.005220000000000082,0.005400000000000155,0.005400000000000155
977,1,500,0.042850000000000714,0.0054433333333334215,0.005950000000000004,0.005950000000000004
978,1,500,0.043200000000000724,0.005580000000000093,0.008100000000000232,0.008100000000000232
979,1,500,0.04330000000000073,0.005503333333333423,0.006750000000000193,0.006750000000000193
980,1,500,0.04370000000000074,0.005556666666666757,0.006750000000000193,0.006750000000000193
981,1,500,0.04155000000000068,0.005370000000000086,0.006750000000000027,0.006750000000000027
982,1,500,0.04330000000000073,0.005503333333333423,0.006750000000000193,0.006750000000000193
983,1,500,0.04050000000000065,0.005220000000000082,0.005400000000000155,0.005400000000000155
984,1,500,0.04260000000000071,0.00550000000000009,0.007500000000000215,0.007500000000000215
985,1,500,0.041150000000000665,0.00530666666666675,0.005750000000000165,0.005750000000000165
986,1,500,0.04050000000000065,0.005220000000000082,0.005400000000000155,0.005400000000000155
987,1,500,0.04445000000000076,0.005746666666666763,0.006750000000000193,0.006750000000000193
988,1,500,0.04175000000000068,0.005386666666666754,0.006150000000000176,0.006150000000000176
989,1,500,0.04050000000000065,0.005220000000000082,0.005400000000000155,0.005400000000000155
990,1,500,0.042850000000000714,0.005533333333333426,0.006550000000000033,0.006550000000000033
991,1,500,0.04050000000000065,0.005220000000000082,0.005400000000000155,0.005400000000000155
992,1,500,0.04050000000000065,0.005220000000000082,0.005400000000000155,0.005400000000000155
993,1,500,0.044600000000000764,0.005676666666666761,0.006750000000000193,0.006750000000000193
994,1,500,0.04050000000000065,0.005220000000000082,0.005400000000000155,0.005400000000000155
995,1,500,0.04545000000000079,0.005790000000000098,0.006750000000000193,0.006750000000000193
996,1,500,0.04205000000000069,0.005426666666666754,0.006750000000000193,0.006750000000000193
997,1,500,0.04470000000000077,0.005690000000000094,0.006750000000000044,0.006750000000000044
998,1,500,0.040800000000000655,0.005260000000000083,0.005700000000000163,0.005700000000000163
999,1,500,0.04050000000000065,0.005220000000000082,0.005400000000000155,0.005400000000000155
0,1,1000,0.04760000000000085,0.006133333333333441,0.006750000000000193,0.006750000000000193
1,1,1000,0.041150000000000665,0.005263333333333416,0.005400000000000155,0.005400000000000155
2,1,1000,0.0493000000000009,0.006303333333333446,0.006750000000000193,0.006750000000000193
3,1,1000,0.048850000000000886,0.006296666666666778,0.007750000000000222,0.007750000000000222
4,1,1000,0.04335000000000073,0.005600000000000092,0.006750000000000193,0.006750000000000193
5,1,1000,0.041850000000000685,0.005310000000000083,0.005400000000000155,0.005400000000000155
6,1,1000,0.045350000000000786,0.0058666666666667665,0.006750000000000193,0.006750000000000193
7,1,1000,0.0423000000000007,0.005460000000000089,0.006550000000000044,0.006550000000000044
8,1,1000,0.04855000000000088,0.006203333333333443,0.006750000000000193,0.006750000000000193
9,1,1000,0.04050000000000065,0.005220000000000082,0.005400000000000155,0.005400000000000155
10,1,1000,0.04050000000000065,0.005220000000000082,0.005400000000000155,0.005400000000000155
11,1,1000,0.041850000000000685,0.00537833333333342,0.006750000000000193,0.006750000000000193
12,1,1000,0.04665000000000082,0.006010000000000105,0.006750000000000193,0.006750000000000193
13,1,1000,0.041150000000000665,0.00530666666666675,0.005699999999999993,0.005699999999999993
14,1,1000,0.042550000000000705,0.005493333333333422,0.00624999999999999,0.00624999999999999
15,1,1000,0.04485000000000077,0.005710000000000095,0.006750000000000193,0.006750000000000193
16,1,1000,0.04380000000000074,0.005586666666666759,0.006750000000000193,0.006750000000000193
17,1,1000,0.04820000000000087,0.006066666666666771,0.007650000000000219,0.007650000000000219
18,1,1000,0.041850000000000685,0.005400000000000086,0.006750000000000193,0.006750000000000193
19,1,1000,0.04315000000000072,0.005483333333333423,0.006700000000000192,0.006700000000000192
20,1,1000,0.04190000000000069,0.005316666666666749,0.005450000000000156,0.005450000000000156
21,1,1000,0.04665000000000082,0.006010000000000105,0.006750000000000193,0.006750000000000193
22,1,1000,0.04790000000000086,0.006116666666666774,0.006750000000000193,0.006750000000000193
23,1,1000,0.043550000000000734,0.00562666666666676,0.006750000000000055,0.006750000000000055
24,1,1000,0.04365000000000074,0.005550000000000091,0.006750000000000193,0.006750000000000193
25,1,1000,0.048800000000000884,0.006236666666666777,0.007750000000000222,0.007750000000000222
26,1,1000,0.04050000000000065,0.005220000000000082,0.005400000000000155,0.005400000000000155
27,1,1000,0.04205000000000069,0.005336666666666751,0.00560000000000016,0.00560000000000016
28,1,1000,0.04275000000000071,0.005430000000000088,0.0063000000000001805,0.0063000000000001805
29,1,1000,0.05045000000000093,0.006456666666666783,0.006750000000000193,0.006750000000000193
30,1,1000,0.04835000000000087,0.0061766666666667755,0.006750000000000193,0.006750000000000193
31,1,1000,0.04050000000000065,0.005220000000000082,0.005400000000000155,0.005400000000000155
32,1,1000,0.0458000000000008,0.005836666666666766,0.006750000000000067,0.006750000000000067
33,1,1000,0.04050000000000065,0.005220000000000082,0.005400000000000155,0.005400000000000155
34,1,1000,0.04050000000000065,0.005220000000000082,0.005400000000000155,0.005400000000000155
35,1,1000,0.04440000000000076,0.005650000000000094,0.006750000000000193,0.006750000000000193
36,1,1000,0.04760000000000085,0.006076666666666773,0.006750000000000193,0.006750000000000193
37,1,1000,0.04720000000000084,0.006023333333333437,0.009399999999999962,0.009399999999999962
38,1,1000,0.042550000000000705,0.005493333333333424,0.006750000000000041,0.006750000000000041
39,1,1000,0.04125000000000067,0.005270000000000082,0.005400000000000155,0.005400000000000155
40,1,1000,0.04050000000000065,0.005220000000000082,0.005400000000000155,0.005400000000000155
41,1,1000,0.04970000000000091,0.00635666666666678,0.006750000000000193,0.006750000000000193
42,1,1000,0.047100000000000836,0.006100000000000105,0.006750000000000193,0.006750000000000193
43,1,1000,0.04835000000000087,0.0061766666666667755,0.006750000000000193,0.006750000000000193
44,1,1000,0.04050000000000065,0.005220000000000082,0.005400000000000155,0.005400000000000155
45,1,1000,0.04750000000000085,0.006063333333333439,0.006750000000000193,0.006750000000000193
46,1,1000,0.04050000000000065,0.005220000000000082,0.005400000000000155,0.005400000000000155
47,1,1000,0.04890000000000089,0.006250000000000111,0.006750000000000193,0.006750000000000193
48,1,1000,0.043600000000000735,0.005570000000000091,0.006750000000000193,0.006750000000000193
49,1,1000,0.04315000000000072,0.005483333333333423,0.006700000000000192,0.006700000000000192
50,1,1000,0.04330000000000073,0.005503333333333422,0.006750000000000027,0.006750000000000027
51,1,1000,0.04050000000000065,0.005220000000000082,0.005400000000000155,0.005400000000000155
52,1,1000,0.04050000000000065,0.005220000000000082,0.005400000000000155,0.005400000000000155
53,1,1000,0.045700000000000796,0.005823333333333432,0.006750000000000193,0.006750000000000193
54,1,1000,0.04400000000000075,0.0055966666666667575,0.0066500000000001905,0.0066500000000001905
55,1,1000,0.04380000000000074,0.005570000000000091,0.0066500000000001905,0.0066500000000001905
56,1,1000,0.042900000000000715,0.005540000000000091,0.006749999999999959,0.006749999999999959
57,1,1000,0.04445000000000076,0.005716666666666763,0.006750000000000193,0.006750000000000193
58,1,1000,0.04050000000000065,0.005220000000000082,0.005400000000000155,0.005400000000000155
59,1,1000,0.04420000000000075,0.005713333333333431,0.006750000000000193,0.006750000000000193
60,1,1000,0.04095000000000066,0.005280000000000082,0.0058500000000001676,0.0058500000000001676
61,1,1000,0.04545000000000079,0.0058800000000000996,0.006750000000000193,0.006750000000000193
62,1,1000,0.041850000000000685,0.005310000000000083,0.005400000000000155,0.005400000000000155
63,1,1000,0.04190000000000069,0.005316666666666749,0.005450000000000156,0.005450000000000156
64,1,1000,0.041150000000000665,0.00530666666666675,0.006050000000000173,0.006050000000000173
65,1,1000,0.04800000000000086,0.006146666666666774,0.006750000000000193,0.006750000000000193
66,1,1000,0.04385000000000074,0.005581666666666757,0.006750000000000193,0.006750000000000193
67,1,1000,0.041850000000000685,0.005310000000000083,0.005400000000000155,0.005400000000000155
68,1,1000,0.04050000000000065,0.005220000000000082,0.005400000000000155,0.005400000000000155
69,1,1000,0.04050000000000065,0.005220000000000082,0.005400000000000155,0.005400000000000155
70,1,1000,0.05010000000000092,0.006410000000000115,0.006750000000000193,0.006750000000000193
71,1,1000,0.053350000000001015,0.0067533333333334574,0.008100000000000232,0.008100000000000232
72,1,1000,0.04610000000000081,0.005876666666666767,0.006750000000000193,0.006750000000000193
73,1,1000,0.041500000000000675,0.005353333333333419,0.00595000000000017,0.00595000000000017
74,1,1000,0.04050000000000065,0.005220000000000082,0.005400000000000155,0.005400000000000155
75,1,1000,0.04165000000000068,0.005373333333333419,0.006250000000000179,0.006250000000000179
76,1,1000,0.04540000000000079,0.005783333333333431,0.006750000000000193,0.006750000000000193
77,1,1000,0.041850000000000685,0.005400000000000086,0.006749999999999959,0.006749999999999959
78,1,1000,0.0423500000000007,0.0053766666666667535,0.005900000000000169,0.005900000000000169
79,1,1000,0.041850000000000685,0.005400000000000088,0.006750000000000193,0.006750000000000193
80,1,1000,0.042850000000000714,0.005533333333333423,0.006750000000000039,0.006750000000000039
81,1,1000,0.04050000000000065,0.005220000000000082,0.005400000000000155,0.005400000000000155
82,1,1000,0.04735000000000084,0.006043333333333439,0.006750000000000193,0.006750000000000193
83,1,1000,0.04050000000000065,0.005220000000000082,0.005400000000000155,0.005400000000000155
84,1,1000,0.0494500000000009,0.006323333333333446,0.006750000000000193,0.006750000000000193
85,1,1000,0.04210000000000069,0.005410000000000085,0.0066500000000001905,0.0066500000000001905
86,1,1000,0.04050000000000065,0.005220000000000082,0.005400000000000155,0.005400000000000155
87,1,1000,0.04050000000000065,0.005220000000000082,0.005400000000000155,0.005400000000000155
88,1,1000,0.04050000000000065,0.005220000000000082,0.005400000000000155,0.005400000000000155
89,1,1000,0.04100000000000066,0.0052866666666667485,0.0058500000000001676,0.0058500000000001676
90,1,1000,0.04350000000000073,0.00553000000000009,0.006750000000000193,0.006750000000000193
91,1,1000,0.04050000000000065,0.005220000000000082,0.005400000000000155,0.005400000000000155
92,1,1000,0.04350000000000073,0.005620000000000094,0.0067500000000000684,0.0067500000000000684
93,1,1000,0.04205000000000069,0.005336666666666751,0.00560000000000016,0.00560000000000016
94,1,1000,0.04210000000000069,0.005343333333333417,0.005650000000000162,0.005650000000000162
95,1,1000,0.043950000000000745,0.005680000000000094,0.006750000000000193,0.006750000000000193
96,1,1000,0.0493000000000009,0.006303333333333444,0.006750000000000193,0.006750000000000193
97,1,1000,0.04050000000000065,0.005220000000000082,0.005400000000000155,0.005400000000000155
98,1,1000,0.05035000000000093,0.00644333333333345,0.006750000000000193,0.006750000000000193
99,1,1000,0.04415000000000075,0.005616666666666759,0.006750000000000193,0.006750000000000193
100,1,1000,0.04720000000000084,0.006030000000000106,0.006750000000000193,0.006750000000000193
101,1,1000,0.043200000000000724,0.005580000000000093,0.006750000000000051,0.006750000000000051
102,1,1000,0.04660000000000082,0.006033333333333438,0.006750000000000193,0.006750000000000193
103,1,1000,0.04270000000000071,0.005423333333333419,0.006250000000000179,0.006250000000000179
104,1,1000,0.04050000000000065,0.005220000000000082,0.005400000000000155,0.005400000000000155
105,1,1000,0.04050000000000065,0.005220000000000082,0.005400000000000155,0.005400000000000155
106,1,1000,0.04050000000000065,0.005220000000000082,0.005400000000000155,0.005400000000000155
107,1,1000,0.043600000000000735,0.005543333333333423,0.006300000000000024,0.006300000000000024
108,1,1000,0.04050000000000065,0.005220000000000082,0.005400000000000155,0.005400000000000155
109,1,1000,0.04050000000000065,0.005220000000000082,0.005400000000000155,0.005400000000000155
110,1,1000,0.046350000000000814,0.006000000000000103,0.006750000000000193,0.006750000000000193
111,1,1000,0.0422500000000007,0.005363333333333418,0.005800000000000166,0.005800000000000166
112,1,1000,0.04550000000000079,0.005796666666666765,0.006750000000000193,0.006750000000000193
113,1,1000,0.043550000000000734,0.005620000000000094,0.006750000000000193,0.006750000000000193
114,1,1000,0.04420000000000075,0.0057133333333334296,0.006750000000000193,0.006750000000000193
115,1,1000,0.041850000000000685,0.005400000000000086,0.006750000000000193,0.006750000000000193
116,1,1000,0.042550000000000705,0.005403333333333417,0.006100000000000175,0.006100000000000175
117,1,1000,0.04305000000000072,0.005560000000000091,0.006750000000000193,0.006750000000000193
118,1,1000,0.0423500000000007,0.005420000000000087,0.006550000000000021,0.006550000000000021
119,1,1000,0.04050000000000065,0.005220000000000082,0.005400000000000155,0.005400000000000155
120,1,1000,0.04825000000000087,0.006253333333333444,0.006750000000000193,0.006750000000000193
121,1,1000,0.04050000000000065,0.005220000000000082,0.005400000000000155,0.005400000000000155
122,1,1000,0.04685000000000083,0.00597666666666677,0.007550000000000216,0.007550000000000216
123,1,1000,0.044600000000000764,0.0057666666666667645,0.006750000000000089,0.006750000000000089
124,1,1000,0.04550000000000079,0.005796666666666765,0.006750000000000055,0.006750000000000055
125,1,1000,0.04405000000000075,0.005603333333333426,0.006750000000000193,0.006750000000000193
126,1,1000,0.041150000000000665,0.00530666666666675,0.005750000000000009,0.005750000000000009
127,1,1000,0.04050000000000065,0.005220000000000082,0.005400000000000155,0.005400000000000155
128,1,1000,0.04050000000000065,0.005220000000000082,0.005400000000000155,0.005400000000000155
129,1,1000,0.04270000000000071,0.0054766666666667555,0.006750000000000193,0.006750000000000193
130,1,1000,0.04645000000000082,0.005923333333333435,0.006750000000000193,0.006750000000000193
131,1,1000,0.04050000000000065,0.005220000000000082,0.005400000000000155,0.005400000000000155
132,1,1000,0.04050000000000065,0.005220000000000082,0.005400000000000155,0.005400000000000155
133,1,1000,0.041800000000000684,0.00539333333333342,0.006150000000000176,0.006150000000000176
134,1,1000,0.04265000000000071,0.0054166666666667545,0.005900000000000169,0.005900000000000169
135,1,1000,0.041850000000000685,0.005400000000000086,0.006750000000000193,0.006750000000000193
136,1,1000,0.04345000000000073,0.0055233333333334226,0.006750000000000193,0.006750000000000193
137,1,1000,0.04050000000000065,0.005220000000000082,0.005400000000000155,0.005400000000000155
138,1,1000,0.04050000000000065,0.005220000000000082,0.005400000000000155,0.005400000000000155
139,1,1000,0.04050000000000065,0.005220000000000082,0.005400000000000155,0.005400000000000155
140,1,1000,0.04140000000000067,0.005340000000000087,0.0063000000000001805,0.0063000000000001805
141,1,1000,0.043200000000000724,0.005580000000000093,0.008100000000000232,0.008100000000000232
142,1,1000,0.043200000000000724,0.005546666666666758,0.006750000000000193,0.006750000000000193
143,1,1000,0.04050000000000065,0.005220000000000082,0.005400000000000155,0.005400000000000155
144,1,1000,0.047450000000000846,0.006056666666666772,0.006750000000000193,0.006750000000000193
145,1,1000,0.04545000000000079,0.005790000000000098,0.006750000000000193,0.006750000000000193
146,1,1000,0.04160000000000068,0.005293333333333416,0.005400000000000155,0.005400000000000155
147,1,1000,0.04050000000000065,0.005220000000000082,0.005400000000000155,0.005400000000000155
148,1,1000,0.04475000000000077,0.005696666666666762,0.006750000000000193,0.006750000000000193
149,1,1000,0.04820000000000087,0.006156666666666775,0.006750000000000193,0.006750000000000193
150,1,1000,0.045650000000000794,0.005816666666666764,0.006750000000000093,0.006750000000000093
151,1,1000,0.04050000000000065,0.005220000000000082,0.005400000000000155,0.005400000000000155
152,1,1000,0.043550000000000734,0.0056266666666667615,0.006750000000000193,0.006750000000000193
153,1,1000,0.045650000000000794,0.005816666666666765,0.006750000000000193,0.006750000000000193
154,1,1000,0.041100000000000664,0.005280000000000081,0.005700000000000163,0.005700000000000163
155,1,1000,0.04690000000000083,0.005983333333333437,0.006750000000000193,0.006750000000000193
156,1,1000,0.041850000000000685,0.005265000000000083,0.005400000000000155,0.005400000000000155
157,1,1000,0.0459000000000008,0.0058500000000001,0.006750000000000193,0.006750000000000193
158,1,1000,0.04455000000000076,0.005760000000000097,0.006750000000000193,0.006750000000000193
159,1,1000,0.04445000000000076,0.00565666666666676,0.006750000000000193,0.006750000000000193
160,1,1000,0.043250000000000725,0.00558666666666676,0.006750000000000193,0.006750000000000193
161,1,1000,0.041850000000000685,0.005400000000000086,0.006750000000000193,0.006750000000000193
162,1,1000,0.043600000000000735,0.005633333333333425,0.006750000000000193,0.006750000000000193
163,1,1000,0.04050000000000065,0.005220000000000082,0.005400000000000155,0.005400000000000155
164,1,1000,0.041850000000000685,0.005378333333333418,0.006749999999999959,0.006749999999999959
165,1,1000,0.04050000000000065,0.005220000000000082,0.005400000000000155,0.005400000000000155
166,1,1000,0.044300000000000755,0.0056633333333334255,0.006750000000000193,0.006750000000000193
167,1,1000,0.04200000000000069,0.005330000000000085,0.005550000000000159,0.005550000000000159
168,1,1000,0.04805000000000086,0.0061366666666667746,0.006750000000000193,0.006750000000000193
169,1,1000,0.04375000000000074,0.0056533333333334285,0.006750000000000193,0.006750000000000193
170,1,1000,0.041850000000000685,0.005400000000000086,0.006450000000000185,0.006450000000000185
171,1,1000,0.042900000000000715,0.005540000000000091,0.006750000000000039,0.006750000000000039
172,1,1000,0.04695000000000083,0.005990000000000104,0.006750000000000193,0.006750000000000193
173,1,1000,0.04050000000000065,0.005220000000000082,0.005400000000000155,0.005400000000000155
174,1,1000,0.048450000000000874,0.0062300000000001104,0.006750000000000193,0.006750000000000193
175,1,1000,0.04665000000000082,0.005950000000000104,0.006750000000000193,0.006750000000000193
176,1,1000,0.04050000000000065,0.005220000000000082,0.005400000000000155,0.005400000000000155
177,1,1000,0.04865000000000088,0.0062166666666667765,0.006750000000000193,0.006750000000000193
178,1,1000,0.041500000000000675,0.005353333333333419,0.006300000000000014,0.006300000000000014
179,1,1000,0.048800000000000884,0.006236666666666777,0.007950000000000228,0.007950000000000228
180,1,1000,0.041100000000000664,0.005300000000000084,0.006000000000000005,0.006000000000000005
181,1,1000,0.04050000000000065,0.005220000000000082,0.005400000000000155,0.005400000000000155
182,1,1000,0.043200000000000724,0.0054900000000000886,0.006750000000000193,0.006750000000000193
183,1,1000,0.043200000000000724,0.0054900000000000886,0.006550000000000188,0.006550000000000188
184,1,1000,0.04370000000000074,0.005646666666666761,0.006750000000000193,0.006750000000000193
185,1,1000,0.043200000000000724,0.0054900000000000886,0.006750000000000193,0.006750000000000193
186,1,1000,0.04050000000000065,0.005220000000000082,0.005400000000000155,0.005400000000000155
187,1,1000,0.04545000000000079,0.005816666666666765,0.006750000000000193,0.006750000000000193
188,1,1000,0.04260000000000071,0.00550000000000009,0.006700000000000192,0.006700000000000192
189,1,1000,0.04455000000000076,0.005670000000000094,0.006750000000000193,0.006750000000000193
190,1,1000,0.04050000000000065,0.005220000000000082,0.005400000000000155,0.005400000000000155
191,1,1000,0.0459000000000008,0.005940000000000102,0.006750000000000193,0.006750000000000193
192,1,1000,0.04470000000000077,0.005690000000000095,0.006750000000000193,0.006750000000000193
193,1,1000,0.04070000000000065,0.0052333333333334136,0.005400000000000155,0.005400000000000155
194,1,1000,0.04050000000000065,0.005220000000000082,0.005400000000000155,0.005400000000000155
195,1,1000,0.04205000000000069,0.005426666666666756,0.006399999999999989,0.006399999999999989
196,1,1000,0.04050000000000065,0.005220000000000082,0.005400000000000155,0.005400000000000155
197,1,1000,0.040800000000000655,0.005260000000000083,0.005699999999999997,0.005699999999999997
198,1,1000,0.04050000000000065,0.005220000000000082,0.005400000000000155,0.005400000000000155
199,1,1000,0.04450000000000076,0.005696666666666761,0.00675000000000007,0.00675000000000007
200,1,1000,0.0423500000000007,0.0053766666666667535,0.005900000000000169,0.005900000000000169
201,1,1000,0.04385000000000074,0.005666666666666761,0.006750000000000091,0.006750000000000091
202,1,1000,0.048150000000000866,0.0061500000000001085,0.006750000000000193,0.006750000000000193
203,1,1000,0.04755000000000085,0.006070000000000106,0.006750000000000193,0.006750000000000193
204,1,1000,0.04050000000000065,0.005220000000000082,0.005400000000000155,0.005400000000000155
205,1,1000,0.0424500000000007,0.005480000000000088,0.00659999999999996,0.00659999999999996
206,1,1000,0.04520000000000078,0.005846666666666766,0.006750000000000193,0.006750000000000193
207,1,1000,0.04190000000000069,0.005370000000000085,0.006200000000000178,0.006200000000000178
208,1,1000,0.04475000000000077,0.005696666666666762,0.0066500000000001905,0.0066500000000001905
209,1,1000,0.041500000000000675,0.0052866666666667485,0.005400000000000155,0.005400000000000155
210,1,1000,0.04825000000000087,0.006160000000000109,0.006750000000000193,0.006750000000000193
211,1,1000,0.04050000000000065,0.005220000000000082,0.005400000000000155,0.005400000000000155
212,1,1000,0.043550000000000734,0.00562666666666676,0.006750000000000193,0.006750000000000193
213,1,1000,0.04365000000000074,0.005640000000000093,0.006750000000000193,0.006750000000000193
214,1,1000,0.05045000000000093,0.006456666666666783,0.006750000000000193,0.006750000000000193
215,1,1000,0.0424500000000007,0.005480000000000088,0.006750000000000193,0.006750000000000193
216,1,1000,0.04385000000000074,0.005590000000000092,0.006550000000000188,0.006550000000000188
217,1,1000,0.04265000000000071,0.005416666666666753,0.006200000000000178,0.006200000000000178
218,1,1000,0.04350000000000073,0.005620000000000094,0.006750000000000082,0.006750000000000082
219,1,1000,0.047400000000000844,0.00614000000000011,0.007250000000000208,0.007250000000000208
220,1,1000,0.04050000000000065,0.005220000000000082,0.005400000000000155,0.005400000000000155
221,1,1000,0.04510000000000078,0.005740000000000095,0.006950000000000199,0.006950000000000199
222,1,1000,0.04050000000000065,0.005220000000000082,0.005400000000000155,0.005400000000000155
223,1,1000,0.04050000000000065,0.005220000000000082,0.005400000000000155,0.005400000000000155
224,1,1000,0.04340000000000073,0.0055166666666667565,0.006750000000000193,0.006750000000000193
225,1,1000,0.044950000000000774,0.0058133333333334316,0.00675000000000011,0.00675000000000011
226,1,1000,0.04435000000000076,0.005733333333333429,0.006750000000000193,0.006750000000000193
227,1,1000,0.04050000000000065,0.005220000000000082,0.005400000000000155,0.005400000000000155
228,1,1000,0.04650000000000082,0.005930000000000102,0.006750000000000193,0.006750000000000193
229,1,1000,0.0458500000000008,0.0059333333333334345,0.006750000000000193,0.006750000000000193
230,1,1000,0.04615000000000081,0.005943333333333436,0.006750000000000193,0.006750000000000193
231,1,1000,0.04140000000000067,0.005340000000000085,0.006200000000000178,0.006200000000000178
232,1,1000,0.047050000000000834,0.005970000000000101,0.006750000000000193,0.006750000000000193
233,1,1000,0.04050000000000065,0.005220000000000082,0.005400000000000155,0.005400000000000155
234,1,1000,0.04050000000000065,0.005220000000000082,0.005400000000000155,0.005400000000000155
235,1,1000,0.04305000000000072,0.005560000000000091,0.006600000000000036,0.006600000000000036
236,1,1000,0.04050000000000065,0.005220000000000082,0.005400000000000155,0.005400000000000155
237,1,1000,0.04330000000000073,0.005593333333333426,0.006750000000000193,0.006750000000000193
238,1,1000,0.04790000000000086,0.006206666666666777,0.006750000000000193,0.006750000000000193
239,1,1000,0.041850000000000685,0.005310000000000083,0.005400000000000155,0.005400000000000155
240,1,1000,0.04050000000000065,0.005220000000000082,0.005400000000000155,0.005400000000000155
241,1,1000,0.04275000000000071,0.005513333333333424,0.006750000000000193,0.006750000000000193
242,1,1000,0.04475000000000077,0.005786666666666764,0.006750000000000193,0.006750000000000193
243,1,1000,0.041850000000000685,0.005310000000000083,0.005400000000000155,0.005400000000000155
244,1,1000,0.041100000000000664,0.0052600000000000815,0.005400000000000155,0.005400000000000155
245,1,1000,0.04515000000000078,0.005840000000000099,0.006750000000000193,0.006750000000000193
246,1,1000,0.04525000000000078,0.0058533333333334325,0.006750000000000193,0.006750000000000193
247,1,1000,0.04310000000000072,0.005476666666666754,0.0066500000000001905,0.0066500000000001905
248,1,1000,0.04655000000000082,0.005936666666666769,0.006750000000000193,0.006750000000000193
249,1,1000,0.04505000000000078,0.005736666666666763,0.006750000000000193,0.006750000000000193
250,1,1000,0.04050000000000065,0.005220000000000082,0.005400000000000155,0.005400000000000155
251,1,1000,0.04050000000000065,0.005220000000000082,0.005400000000000155,0.005400000000000155
252,1,1000,0.04050000000000065,0.005220000000000082,0.005400000000000155,0.005400000000000155
253,1,1000,0.04895000000000089,0.006290000000000113,0.006750000000000193,0.006750000000000193
254,1,1000,0.04870000000000088,0.0062233333333334435,0.006750000000000193,0.006750000000000193
255,1,1000,0.04050000000000065,0.005220000000000082,0.005400000000000155,0.005400000000000155
256,1,1000,0.041850000000000685,0.005378333333333418,0.006750000000000193,0.006750000000000193
257,1,1000,0.04300000000000072,0.005553333333333425,0.006750000000000193,0.006750000000000193
258,1,1000,0.041850000000000685,0.005310000000000083,0.005400000000000155,0.005400000000000155
259,1,1000,0.042550000000000705,0.005493333333333422,0.00659999999999996,0.00659999999999996
260,1,1000,0.043200000000000724,0.0054900000000000886,0.006750000000000027,0.006750000000000027
261,1,1000,0.04050000000000065,0.005220000000000082,0.005400000000000155,0.005400000000000155
262,1,1000,0.041850000000000685,0.005400000000000086,0.006750000000000193,0.006750000000000193
263,1,1000,0.041850000000000685,0.005310000000000083,0.005400000000000155,0.005400000000000155
264,1,1000,0.041850000000000685,0.005400000000000086,0.006750000000000027,0.006750000000000027
265,1,1000,0.04165000000000068,0.005303333333333419,0.0055000000000001575,0.0055000000000001575
266,1,1000,0.04730000000000084,0.006036666666666772,0.007300000000000209,0.007300000000000209
267,1,1000,0.04050000000000065,0.005220000000000082,0.005400000000000155,0.005400000000000155
268,1,1000,0.04050000000000065,0.005220000000000082,0.005400000000000155,0.005400000000000155
269,1,1000,0.04685000000000083,0.005996666666666772,0.006750000000000193,0.006750000000000193
270,1,1000,0.04550000000000079,0.005886666666666767,0.006750000000000193,0.006750000000000193
271,1,1000,0.04295000000000072,0.005546666666666757,0.006750000000000193,0.006750000000000193
272,1,1000,0.04050000000000065,0.005220000000000082,0.005400000000000155,0.005400000000000155
273,1,1000,0.0459000000000008,0.0058500000000001,0.006750000000000193,0.006750000000000193
274,1,1000,0.04050000000000065,0.005220000000000082,0.005400000000000155,0.005400000000000155
275,1,1000,0.04490000000000077,0.005866666666666767,0.008099999999999979,0.008099999999999979
276,1,1000,0.041100000000000664,0.0052600000000000815,0.005400000000000155,0.005400000000000155
277,1,1000,0.043900000000000744,0.005583333333333425,0.006750000000000193,0.006750000000000193
278,1,1000,0.041800000000000684,0.005393333333333418,0.006450000000000185,0.006450000000000185
279,1,1000,0.04050000000000065,0.005220000000000082,0.005400000000000155,0.005400000000000155
280,1,1000,0.04120000000000067,0.005313333333333418,0.00580000000000001,0.00580000000000001
281,1,1000,0.04050000000000065,0.005220000000000082,0.005400000000000155,0.005400000000000155
282,1,1000,0.042200000000000695,0.005356666666666751,0.005749999999999993,0.005749999999999993
283,1,1000,0.04050000000000065,0.005220000000000082,0.005400000000000155,0.005400000000000155
284,1,1000,0.04050000000000065,0.005220000000000082,0.005400000000000155,0.005400000000000155
285,1,1000,0.04050000000000065,0.005220000000000082,0.005400000000000155,0.005400000000000155
286,1,1000,0.0422500000000007,0.0054416666666667534,0.006750000000000193,0.006750000000000193
287,1,1000,0.04520000000000078,0.005846666666666766,0.006750000000000193,0.006750000000000193
288,1,1000,0.04330000000000073,0.005593333333333426,0.006750000000000065,0.006750000000000065
289,1,1000,0.041850000000000685,0.005310000000000083,0.005400000000000155,0.005400000000000155
290,1,1000,0.04410000000000075,0.005610000000000092,0.006750000000000193,0.006750000000000193
291,1,1000,0.04050000000000065,0.005220000000000082,0.005400000000000155,0.005400000000000155
292,1,1000,0.04050000000000065,0.005220000000000082,0.005400000000000155,0.005400000000000155
293,1,1000,0.04050000000000065,0.005220000000000082,0.005400000000000155,0.005400000000000155
294,1,1000,0.041800000000000684,0.00539333333333342,0.006100000000000175,0.006100000000000175
295,1,1000,0.047750000000000854,0.006096666666666774,0.006750000000000193,0.006750000000000193
296,1,1000,0.04050000000000065,0.005220000000000082,0.005400000000000155,0.005400000000000155
297,1,1000,0.04720000000000084,0.006020000000000103,0.006750000000000193,0.006750000000000193
298,1,1000,0.04860000000000088,0.006240000000000111,0.006750000000000193,0.006750000000000193
299,1,1000,0.043950000000000745,0.005676666666666761,0.006750000000000193,0.006750000000000193
300,1,1000,0.042550000000000705,0.005493333333333422,0.006750000000000193,0.006750000000000193
301,1,1000,0.04050000000000065,0.005220000000000082,0.005400000000000155,0.005400000000000155
302,1,1000,0.04050000000000065,0.005220000000000082,0.005400000000000155,0.005400000000000155
303,1,1000,0.043250000000000725,0.005586666666666758,0.006750000000000193,0.006750000000000193
304,1,1000,0.04050000000000065,0.005220000000000082,0.005400000000000155,0.005400000000000155
305,1,1000,0.04770000000000085,0.00609333333333344,0.006750000000000193,0.006750000000000193
306,1,1000,0.04050000000000065,0.005220000000000082,0.005400000000000155,0.005400000000000155
307,1,1000,0.04265000000000071,0.005506666666666756,0.006600000000000189,0.006600000000000189
308,1,1000,0.04800000000000086,0.006130000000000108,0.006750000000000193,0.006750000000000193
309,1,1000,0.04755000000000085,0.006070000000000106,0.007100000000000203,0.007100000000000203
310,1,1000,0.04280000000000071,0.005526666666666758,0.006750000000000193,0.006750000000000193
311,1,1000,0.05085000000000094,0.006510000000000118,0.006750000000000193,0.006750000000000193
312,1,1000,0.04050000000000065,0.005220000000000082,0.005400000000000155,0.005400000000000155
313,1,1000,0.04260000000000071,0.005496666666666756,0.006450000000000018,0.006450000000000018
314,1,1000,0.04205000000000069,0.005376666666666752,0.0058500000000001676,0.0058500000000001676
315,1,1000,0.0458000000000008,0.005836666666666764,0.006750000000000193,0.006750000000000193
316,1,1000,0.04050000000000065,0.005220000000000082,0.005400000000000155,0.005400000000000155
317,1,1000,0.04050000000000065,0.005220000000000082,0.005400000000000155,0.005400000000000155
318,1,1000,0.04050000000000065,0.005220000000000082,0.005400000000000155,0.005400000000000155
319,1,1000,0.04050000000000065,0.005220000000000082,0.005400000000000155,0.005400000000000155
320,1,1000,0.04295000000000072,0.005466666666666755,0.006150000000000176,0.006150000000000176
321,1,1000,0.043200000000000724,0.005558333333333425,0.006750000000000193,0.006750000000000193
322,1,1000,0.04790000000000086,0.006116666666666774,0.006750000000000193,0.006750000000000193
323,1,1000,0.04445000000000076,0.0056566666666667586,0.006450000000000185,0.006450000000000185
324,1,1000,0.04120000000000067,0.005313333333333418,0.00575000000000001,0.00575000000000001
325,1,1000,0.04315000000000072,0.005573333333333425,0.0067500000000000355,0.0067500000000000355
326,1,1000,0.04050000000000065,0.005220000000000082,0.005400000000000155,0.005400000000000155
327,1,1000,0.043900000000000744,0.005673333333333429,0.006750000000000193,0.006750000000000193
328,1,1000,0.0493500000000009,0.006310000000000112,0.006750000000000193,0.006750000000000193
329,1,1000,0.04305000000000072,0.005560000000000091,0.006750000000000193,0.006750000000000193
330,1,1000,0.047400000000000844,0.006140000000000108,0.006750000000000193,0.006750000000000193
331,1,1000,0.04050000000000065,0.005220000000000082,0.005400000000000155,0.005400000000000155
332,1,1000,0.04340000000000073,0.005606666666666758,0.006750000000000193,0.006750000000000193
333,1,1000,0.043900000000000744,0.005648333333333427,0.006750000000000193,0.006750000000000193
334,1,1000,0.041850000000000685,0.005400000000000086,0.006750000000000193,0.006750000000000193
335,1,1000,0.04050000000000065,0.005220000000000082,0.005400000000000155,0.005400000000000155
336,1,1000,0.043900000000000744,0.0055833333333334245,0.006600000000000189,0.006600000000000189
337,1,1000,0.04310000000000072,0.0054766666666667555,0.0070000000000002005,0.0070000000000002005
338,1,1000,0.04050000000000065,0.005220000000000082,0.005400000000000155,0.005400000000000155
339,1,1000,0.04155000000000068,0.0053683333333334185,0.006750000000000193,0.006750000000000193
340,1,1000,0.04275000000000071,0.00552000000000009,0.006750000000000034,0.006750000000000034
341,1,1000,0.04140000000000067,0.00530666666666675,0.005800000000000166,0.005800000000000166
342,1,1000,0.04470000000000077,0.005690000000000095,0.006750000000000051,0.006750000000000051
343,1,1000,0.04400000000000075,0.005686666666666762,0.007500000000000215,0.007500000000000215
344,1,1000,0.04300000000000072,0.005553333333333425,0.00675000000000003,0.00675000000000003
345,1,1000,0.0424500000000007,0.005480000000000088,0.006750000000000032,0.006750000000000032
346,1,1000,0.04365000000000074,0.005640000000000095,0.006750000000000193,0.006750000000000193
347,1,1000,0.043600000000000735,0.005543333333333424,0.006750000000000193,0.006750000000000193
348,1,1000,0.04865000000000088,0.0062166666666667765,0.006750000000000193,0.006750000000000193
349,1,1000,0.04050000000000065,0.005220000000000082,0.005400000000000155,0.005400000000000155
350,1,1000,0.04210000000000069,0.005416666666666753,0.0070000000000002005,0.0070000000000002005
351,1,1000,0.044300000000000755,0.0057266666666667635,0.006750000000000193,0.006750000000000193
352,1,1000,0.04050000000000065,0.005220000000000082,0.005400000000000155,0.005400000000000155
353,1,1000,0.04560000000000079,0.005900000000000101,0.006750000000000193,0.006750000000000193
354,1,1000,0.0424500000000007,0.005480000000000088,0.006750000000000193,0.006750000000000193
355,1,1000,0.04050000000000065,0.005220000000000082,0.005400000000000155,0.005400000000000155
356,1,1000,0.04050000000000065,0.005220000000000082,0.005400000000000155,0.005400000000000155
357,1,1000,0.044950000000000774,0.005723333333333429,0.006750000000000193,0.006750000000000193
358,1,1000,0.048450000000000874,0.006280000000000111,0.006750000000000193,0.006750000000000193
359,1,1000,0.05085000000000094,0.006510000000000118,0.006750000000000193,0.006750000000000193
360,1,1000,0.04295000000000072,0.005456666666666752,0.006500000000000186,0.006500000000000186
361,1,1000,0.04725000000000084,0.006030000000000105,0.006750000000000193,0.006750000000000193
362,1,1000,0.04050000000000065,0.005220000000000082,0.005400000000000155,0.005400000000000155
363,1,1000,0.046750000000000826,0.005963333333333436,0.006750000000000193,0.006750000000000193
364,1,1000,0.04050000000000065,0.005220000000000082,0.005400000000000155,0.005400000000000155
365,1,1000,0.04050000000000065,0.005220000000000082,0.005400000000000155,0.005400000000000155
366,1,1000,0.04350000000000073,0.005620000000000094,0.006749999999999959,0.006749999999999959
367,1,1000,0.04050000000000065,0.005220000000000082,0.005400000000000155,0.005400000000000155
368,1,1000,0.0457500000000008,0.005920000000000101,0.006750000000000193,0.006750000000000193
369,1,1000,0.0459000000000008,0.0058500000000001,0.006750000000000193,0.006750000000000193
370,1,1000,0.04100000000000066,0.00528666666666675,0.0059000000000000025,0.0059000000000000025
371,1,1000,0.044950000000000774,0.005723333333333429,0.006750000000000193,0.006750000000000193
372,1,1000,0.04385000000000074,0.0056666666666667625,0.006750000000000193,0.006750000000000193
373,1,1000,0.04175000000000068,0.005386666666666752,0.006100000000000027,0.006100000000000027
374,1,1000,0.04440000000000076,0.0057200000000000965,0.006750000000000193,0.006750000000000193
375,1,1000,0.050250000000000926,0.006430000000000116,0.00800000000000023,0.00800000000000023
376,1,1000,0.048500000000000876,0.006196666666666776,0.006750000000000193,0.006750000000000193
377,1,1000,0.04170000000000068,0.005365000000000086,0.006750000000000193,0.006750000000000193
378,1,1000,0.04140000000000067,0.00530666666666675,0.00575,0.00575
379,1,1000,0.041850000000000685,0.005310000000000083,0.005400000000000155,0.005400000000000155
380,1,1000,0.04610000000000081,0.005876666666666767,0.006750000000000193,0.006750000000000193
381,1,1000,0.042900000000000715,0.005540000000000091,0.006750000000000193,0.006750000000000193
382,1,1000,0.04050000000000065,0.005220000000000082,0.005400000000000155,0.005400000000000155
383,1,1000,0.04615000000000081,0.005956666666666771,0.006750000000000193,0.006750000000000193
384,1,1000,0.04485000000000077,0.005800000000000098,0.006750000000000193,0.006750000000000193
385,1,1000,0.041850000000000685,0.005310000000000083,0.005400000000000155,0.005400000000000155
386,1,1000,0.04485000000000077,0.005726666666666763,0.006750000000000193,0.006750000000000193
387,1,1000,0.04050000000000065,0.005220000000000082,0.005400000000000155,0.005400000000000155
388,1,1000,0.04340000000000073,0.005583333333333425,0.006750000000000193,0.006750000000000193
389,1,1000,0.04210000000000069,0.005343333333333417,0.005650000000000162,0.005650000000000162
390,1,1000,0.0459500000000008,0.005855000000000099,0.006750000000000193,0.006750000000000193
391,1,1000,0.04050000000000065,0.005220000000000082,0.005400000000000155,0.005400000000000155
392,1,1000,0.0492500000000009,0.006296666666666779,0.006750000000000193,0.006750000000000193
393,1,1000,0.04050000000000065,0.005220000000000082,0.005400000000000155,0.005400000000000155
394,1,1000,0.04630000000000081,0.005903333333333435,0.006750000000000193,0.006750000000000193
395,1,1000,0.047050000000000834,0.006003333333333438,0.006750000000000193,0.006750000000000193
396,1,1000,0.04275000000000071,0.00552000000000009,0.006750000000000193,0.006750000000000193
397,1,1000,0.04050000000000065,0.005220000000000082,0.005400000000000155,0.005400000000000155
398,1,1000,0.0493500000000009,0.006310000000000112,0.006750000000000193,0.006750000000000193
399,1,1000,0.04050000000000065,0.005220000000000082,0.005400000000000155,0.005400000000000155
400,1,1000,0.042500000000000704,0.005396666666666752,0.006050000000000173,0.006050000000000173
401,1,1000,0.04450000000000076,0.005743333333333429,0.006750000000000193,0.006750000000000193
402,1,1000,0.04050000000000065,0.005220000000000082,0.005400000000000155,0.005400000000000155
403,1,1000,0.047450000000000846,0.006056666666666772,0.006750000000000193,0.006750000000000193
404,1,1000,0.04050000000000065,0.005220000000000082,0.005400000000000155,0.005400000000000155
405,1,1000,0.04330000000000073,0.005593333333333426,0.00664999999999996,0.00664999999999996
406,1,1000,0.042200000000000695,0.005356666666666752,0.005750000000000165,0.005750000000000165
407,1,1000,0.04415000000000075,0.005683333333333429,0.006350000000000182,0.006350000000000182
408,1,1000,0.05075000000000094,0.006496666666666785,0.006750000000000193,0.006750000000000193
409,1,1000,0.0458000000000008,0.005926666666666769,0.006750000000000193,0.006750000000000193
410,1,1000,0.041850000000000685,0.005400000000000086,0.006750000000000193,0.006750000000000193
411,1,1000,0.04340000000000073,0.0055166666666667565,0.006750000000000193,0.006750000000000193
412,1,1000,0.042550000000000705,0.005403333333333419,0.006050000000000173,0.006050000000000173
413,1,1000,0.04385000000000074,0.005576666666666759,0.006700000000000192,0.006700000000000192
414,1,1000,0.04855000000000088,0.006203333333333442,0.006750000000000193,0.006750000000000193
415,1,1000,0.0492500000000009,0.006380000000000116,0.006750000000000193,0.006750000000000193
416,1,1000,0.04050000000000065,0.005220000000000082,0.005400000000000155,0.005400000000000155
417,1,1000,0.0423500000000007,0.005466666666666755,0.006100000000000175,0.006100000000000175
418,1,1000,0.046000000000000804,0.005953333333333436,0.006750000000000193,0.006750000000000193
419,1,1000,0.04520000000000078,0.005846666666666766,0.006750000000000193,0.006750000000000193
420,1,1000,0.04435000000000076,0.005733333333333429,0.006750000000000193,0.006750000000000193
421,1,1000,0.04050000000000065,0.005220000000000082,0.005400000000000155,0.005400000000000155
422,1,1000,0.04625000000000081,0.005896666666666768,0.006750000000000193,0.006750000000000193
423,1,1000,0.04550000000000079,0.005803333333333432,0.006750000000000193,0.006750000000000193
424,1,1000,0.04050000000000065,0.005220000000000082,0.005400000000000155,0.005400000000000155
425,1,1000,0.042200000000000695,0.005426666666666754,0.006700000000000192,0.006700000000000192
426,1,1000,0.04365000000000074,0.005593333333333426,0.006549999999999988,0.006549999999999988
427,1,1000,0.04965000000000091,0.006350000000000114,0.006750000000000193,0.006750000000000193
428,1,1000,0.04105000000000066,0.005293333333333416,0.00595000000000017,0.00595000000000017
429,1,1000,0.043250000000000725,0.005586666666666758,0.006749999999999987,0.006749999999999987
430,1,1000,0.04205000000000069,0.005426666666666756,0.0063000000000001805,0.0063000000000001805
431,1,1000,0.04170000000000068,0.005350000000000086,0.006000000000000172,0.006000000000000172
432,1,1000,0.04100000000000066,0.00528666666666675,0.005900000000000169,0.005900000000000169
433,1,1000,0.041850000000000685,0.005310000000000083,0.005400000000000155,0.005400000000000155
434,1,1000,0.044950000000000774,0.0058133333333334316,0.006750000000000193,0.006750000000000193
435,1,1000,0.04050000000000065,0.005220000000000082,0.005400000000000155,0.005400000000000155
436,1,1000,0.04050000000000065,0.005220000000000082,0.005400000000000155,0.005400000000000155
437,1,1000,0.04050000000000065,0.005220000000000082,0.005400000000000155,0.005400000000000155
438,1,1000,0.04890000000000089,0.006250000000000111,0.006750000000000193,0.006750000000000193
439,1,1000,0.04050000000000065,0.005220000000000082,0.005400000000000155,0.005400000000000155
440,1,1000,0.04270000000000071,0.005513333333333424,0.006750000000000046,0.006750000000000046
441,1,1000,0.04725000000000084,0.006030000000000105,0.006750000000000193,0.006750000000000193
442,1,1000,0.04665000000000082,0.00597666666666677,0.006750000000000193,0.006750000000000193
443,1,1000,0.04050000000000065,0.005220000000000082,0.005400000000000155,0.005400000000000155
444,1,1000,0.04070000000000065,0.005246666666666749,0.00560000000000016,0.00560000000000016
445,1,1000,0.041150000000000665,0.005306666666666752,0.005900000000000169,0.005900000000000169
446,1,1000,0.05080000000000094,0.006503333333333452,0.007500000000000215,0.007500000000000215
447,1,1000,0.04205000000000069,0.005426666666666754,0.00629999999999999,0.00629999999999999
448,1,1000,0.044250000000000754,0.005630000000000093,0.006750000000000193,0.006750000000000193
449,1,1000,0.044650000000000765,0.005773333333333431,0.006750000000000084,0.006750000000000084
450,1,1000,0.047400000000000844,0.006065000000000104,0.006750000000000193,0.006750000000000193
451,1,1000,0.04060000000000065,0.005226666666666748,0.005400000000000155,0.005400000000000155
452,1,1000,0.051250000000000955,0.006563333333333453,0.006750000000000193,0.006750000000000193
453,1,1000,0.044950000000000774,0.0058133333333334316,0.006750000000000093,0.006750000000000093
454,1,1000,0.04555000000000079,0.005870000000000099,0.006750000000000193,0.006750000000000193
455,1,1000,0.04700000000000083,0.005996666666666771,0.006750000000000193,0.006750000000000193
456,1,1000,0.0458500000000008,0.005843333333333433,0.006750000000000193,0.006750000000000193
457,1,1000,0.043900000000000744,0.005683333333333427,0.006950000000000199,0.006950000000000199
458,1,1000,0.04050000000000065,0.005220000000000082,0.005400000000000155,0.005400000000000155
459,1,1000,0.04280000000000071,0.005460000000000089,0.006700000000000192,0.006700000000000192
460,1,1000,0.04050000000000065,0.005220000000000082,0.005400000000000155,0.005400000000000155
461,1,1000,0.04050000000000065,0.005220000000000082,0.005400000000000155,0.005400000000000155
462,1,1000,0.04050000000000065,0.005220000000000082,0.005400000000000155,0.005400000000000155
463,1,1000,0.042200000000000695,0.005446666666666755,0.006750000000000193,0.006750000000000193
464,1,1000,0.04310000000000072,0.005566666666666757,0.006750000000000193,0.006750000000000193
465,1,1000,0.04555000000000079,0.0058933333333334335,0.006750000000000193,0.006750000000000193
466,1,1000,0.046750000000000826,0.005963333333333436,0.006750000000000193,0.006750000000000193
467,1,1000,0.04350000000000073,0.005620000000000094,0.006750000000000193,0.006750000000000193
468,1,1000,0.04400000000000075,0.005596666666666758,0.006550000000000188,0.006550000000000188
469,1,1000,0.041100000000000664,0.005300000000000084,0.006000000000000172,0.006000000000000172
470,1,1000,0.04380000000000074,0.005660000000000095,0.006750000000000193,0.006750000000000193
471,1,1000,0.046400000000000816,0.005980000000000104,0.006750000000000193,0.006750000000000193
472,1,1000,0.04050000000000065,0.005220000000000082,0.005400000000000155,0.005400000000000155
473,1,1000,0.04165000000000068,0.005310000000000083,0.00560000000000016,0.00560000000000016
474,1,1000,0.04965000000000091,0.006350000000000114,0.006750000000000193,0.006750000000000193
475,1,1000,0.04625000000000081,0.005986666666666769,0.006750000000000193,0.006750000000000193
476,1,1000,0.04380000000000074,0.005586666666666759,0.006750000000000193,0.006750000000000193
477,1,1000,0.04050000000000065,0.005220000000000082,0.005400000000000155,0.005400000000000155
478,1,1000,0.04445000000000076,0.005746666666666763,0.006750000000000193,0.006750000000000193
479,1,1000,0.0424000000000007,0.00538333333333342,0.00595000000000017,0.00595000000000017
480,1,1000,0.045300000000000784,0.005770000000000097,0.006750000000000193,0.006750000000000193
481,1,1000,0.0424500000000007,0.0054633333333334215,0.006399999999999961,0.006399999999999961
482,1,1000,0.04050000000000065,0.005220000000000082,0.005400000000000155,0.005400000000000155
483,1,1000,0.045350000000000786,0.0058666666666667665,0.007399999999999955,0.007399999999999955
484,1,1000,0.05175000000000097,0.006630000000000122,0.00810000000000013,0.00810000000000013
485,1,1000,0.04050000000000065,0.005220000000000082,0.005400000000000155,0.005400000000000155
486,1,1000,0.04050000000000065,0.005220000000000082,0.005400000000000155,0.005400000000000155
487,1,1000,0.04050000000000065,0.005220000000000082,0.005400000000000155,0.005400000000000155
488,1,1000,0.04100000000000066,0.00528666666666675,0.005900000000000169,0.005900000000000169
489,1,1000,0.04560000000000079,0.005900000000000101,0.006750000000000193,0.006750000000000193
490,1,1000,0.04050000000000065,0.005220000000000082,0.005400000000000155,0.005400000000000155
491,1,1000,0.04365000000000074,0.005640000000000093,0.00654999999999996,0.00654999999999996
492,1,1000,0.04265000000000071,0.005416666666666753,0.006000000000000012,0.006000000000000012
493,1,1000,0.04190000000000069,0.005406666666666754,0.006349999999999962,0.006349999999999962
494,1,1000,0.04140000000000067,0.005340000000000085,0.0063000000000001805,0.0063000000000001805
495,1,1000,0.04300000000000072,0.0055533333333334265,0.006750000000000193,0.006750000000000193
496,1,1000,0.04440000000000076,0.005740000000000097,0.006750000000000075,0.006750000000000075
497,1,1000,0.04445000000000076,0.005746666666666763,0.006750000000000193,0.006750000000000193
498,1,1000,0.04050000000000065,0.005220000000000082,0.005400000000000155,0.005400000000000155
499,1,1000,0.04050000000000065,0.005220000000000082,0.005400000000000155,0.005400000000000155
500,1,1000,0.04050000000000065,0.005220000000000082,0.005400000000000155,0.005400000000000155
501,1,1000,0.042900000000000715,0.005450000000000086,0.006450000000000185,0.006450000000000185
502,1,1000,0.045300000000000784,0.005770000000000096,0.006750000000000193,0.006750000000000193
503,1,1000,0.040750000000000654,0.005253333333333415,0.005649999999999995,0.005649999999999995
504,1,1000,0.041800000000000684,0.00539333333333342,0.006150000000000176,0.006150000000000176
505,1,1000,0.041850000000000685,0.005400000000000086,0.006400000000000183,0.006400000000000183
506,1,1000,0.041800000000000684,0.00539333333333342,0.006450000000000185,0.006450000000000185
507,1,1000,0.04900000000000089,0.0062633333333334444,0.006750000000000193,0.006750000000000193
508,1,1000,0.04100000000000066,0.005273333333333413,0.005700000000000163,0.005700000000000163
509,1,1000,0.04050000000000065,0.005220000000000082,0.005400000000000155,0.005400000000000155
510,1,1000,0.04050000000000065,0.005220000000000082,0.005400000000000155,0.005400000000000155
511,1,1000,0.048150000000000866,0.0061500000000001085,0.006750000000000193,0.006750000000000193
512,1,1000,0.04475000000000077,0.005786666666666764,0.006750000000000193,0.006750000000000193
513,1,1000,0.04555000000000079,0.005803333333333429,0.0066500000000001905,0.0066500000000001905
514,1,1000,0.043550000000000734,0.005570000000000092,0.006750000000000193,0.006750000000000193
515,1,1000,0.044250000000000754,0.005630000000000092,0.0066999999999999595,0.0066999999999999595
516,1,1000,0.04310000000000072,0.005566666666666759,0.006750000000000193,0.006750000000000193
517,1,1000,0.04050000000000065,0.005220000000000082,0.005400000000000155,0.005400000000000155
518,1,1000,0.041850000000000685,0.005310000000000083,0.005400000000000155,0.005400000000000155
519,1,1000,0.04120000000000067,0.005303333333333418,0.00595000000000017,0.00595000000000017
520,1,1000,0.0458000000000008,0.005836666666666766,0.006750000000000193,0.006750000000000193
521,1,1000,0.04755000000000085,0.006070000000000105,0.007250000000000208,0.007250000000000208
522,1,1000,0.0459500000000008,0.005856666666666766,0.006750000000000193,0.006750000000000193
523,1,1000,0.04405000000000075,0.005603333333333426,0.006750000000000193,0.006750000000000193
524,1,1000,0.0423500000000007,0.005466666666666755,0.006400000000000183,0.006400000000000183
525,1,1000,0.0457500000000008,0.005886666666666767,0.006750000000000193,0.006750000000000193
526,1,1000,0.047450000000000846,0.006056666666666772,0.006750000000000193,0.006750000000000193
527,1,1000,0.04050000000000065,0.005220000000000082,0.005400000000000155,0.005400000000000155
528,1,1000,0.041850000000000685,0.005370000000000086,0.006750000000000193,0.006750000000000193
529,1,1000,0.04050000000000065,0.005220000000000082,0.005400000000000155,0.005400000000000155
530,1,1000,0.04050000000000065,0.005220000000000082,0.005400000000000155,0.005400000000000155
531,1,1000,0.041850000000000685,0.005265000000000083,0.005400000000000155,0.005400000000000155
532,1,1000,0.04490000000000077,0.005716666666666761,0.0067500000000000615,0.0067500000000000615
533,1,1000,0.04140000000000067,0.005340000000000085,0.0061499999999999905,0.0061499999999999905
534,1,1000,0.043550000000000734,0.005536666666666757,0.006750000000000193,0.006750000000000193
535,1,1000,0.04435000000000076,0.005733333333333429,0.0073500000000002105,0.0073500000000002105
536,1,1000,0.04340000000000073,0.00560666666666676,0.006750000000000193,0.006750000000000193
537,1,1000,0.04050000000000065,0.005220000000000082,0.005400000000000155,0.005400000000000155
538,1,1000,0.041850000000000685,0.005310000000000083,0.005400000000000155,0.005400000000000155
539,1,1000,0.04335000000000073,0.0055100000000000895,0.006750000000000027,0.006750000000000027
540,1,1000,0.042850000000000714,0.005443333333333421,0.006400000000000183,0.006400000000000183
541,1,1000,0.04050000000000065,0.005220000000000082,0.005400000000000155,0.005400000000000155
542,1,1000,0.04445000000000076,0.00565666666666676,0.006750000000000193,0.006750000000000193
543,1,1000,0.0457500000000008,0.005856666666666765,0.006949999999999958,0.006949999999999958
544,1,1000,0.041100000000000664,0.005290000000000082,0.0058500000000001676,0.0058500000000001676
545,1,1000,0.04715000000000084,0.006106666666666773,0.006750000000000193,0.006750000000000193
546,1,1000,0.04050000000000065,0.005220000000000082,0.005400000000000155,0.005400000000000155
547,1,1000,0.04050000000000065,0.005220000000000082,0.005400000000000155,0.005400000000000155
548,1,1000,0.04050000000000065,0.005220000000000082,0.005400000000000155,0.005400000000000155
549,1,1000,0.04835000000000087,0.0061766666666667755,0.006750000000000193,0.006750000000000193
550,1,1000,0.05115000000000095,0.00655000000000012,0.006750000000000193,0.006750000000000193
551,1,1000,0.04265000000000071,0.005420000000000086,0.006250000000000179,0.006250000000000179
552,1,1000,0.04050000000000065,0.005220000000000082,0.005400000000000155,0.005400000000000155
553,1,1000,0.04050000000000065,0.005220000000000082,0.005400000000000155,0.005400000000000155
554,1,1000,0.04050000000000065,0.005220000000000082,0.005400000000000155,0.005400000000000155
555,1,1000,0.04435000000000076,0.005643333333333426,0.006600000000000189,0.006600000000000189
556,1,1000,0.04050000000000065,0.005220000000000082,0.005400000000000155,0.005400000000000155
557,1,1000,0.0493000000000009,0.006376666666666782,0.006750000000000193,0.006750000000000193
558,1,1000,0.046700000000000824,0.005956666666666769,0.006750000000000193,0.006750000000000193
559,1,1000,0.044250000000000754,0.005630000000000093,0.006750000000000193,0.006750000000000193
560,1,1000,0.042900000000000715,0.005540000000000091,0.006750000000000049,0.006750000000000049
561,1,1000,0.04690000000000083,0.006073333333333438,0.006750000000000193,0.006750000000000193
562,1,1000,0.044950000000000774,0.005723333333333429,0.006749999999999959,0.006749999999999959
563,1,1000,0.048500000000000876,0.006196666666666776,0.006750000000000193,0.006750000000000193
564,1,1000,0.041850000000000685,0.005310000000000083,0.005400000000000155,0.005400000000000155
565,1,1000,0.0459500000000008,0.005856666666666766,0.006750000000000193,0.006750000000000193
566,1,1000,0.0494500000000009,0.006323333333333446,0.006750000000000193,0.006750000000000193
567,1,1000,0.04280000000000071,0.005526666666666758,0.006749999999999959,0.006749999999999959
568,1,1000,0.04735000000000084,0.006043333333333439,0.006750000000000193,0.006750000000000193
569,1,1000,0.04265000000000071,0.005506666666666756,0.006499999999999961,0.006499999999999961
570,1,1000,0.04420000000000075,0.005623333333333426,0.006750000000000193,0.006750000000000193
571,1,1000,0.043550000000000734,0.0055900000000000906,0.006250000000000179,0.006250000000000179
572,1,1000,0.04995000000000092,0.006390000000000115,0.006750000000000193,0.006750000000000193
573,1,1000,0.04545000000000079,0.005790000000000096,0.006750000000000193,0.006750000000000193
574,1,1000,0.048450000000000874,0.006280000000000114,0.006750000000000193,0.006750000000000193
575,1,1000,0.04660000000000082,0.006033333333333438,0.006750000000000193,0.006750000000000193
576,1,1000,0.04470000000000077,0.005703333333333429,0.006750000000000193,0.006750000000000193
577,1,1000,0.04050000000000065,0.005220000000000082,0.005400000000000155,0.005400000000000155
578,1,1000,0.04400000000000075,0.005596666666666758,0.00664999999999996,0.00664999999999996
579,1,1000,0.04685000000000083,0.006000000000000103,0.006750000000000193,0.006750000000000193
580,1,1000,0.04265000000000071,0.005506666666666756,0.00640000000000005,0.00640000000000005
581,1,1000,0.04050000000000065,0.005220000000000082,0.005400000000000155,0.005400000000000155
582,1,1000,0.04505000000000078,0.0057533333333334305,0.006750000000000193,0.006750000000000193
583,1,1000,0.04275000000000071,0.005473333333333423,0.006750000000000193,0.006750000000000193
584,1,1000,0.04365000000000074,0.005603333333333423,0.006500000000000186,0.006500000000000186
585,1,1000,0.04665000000000082,0.006006666666666771,0.008300000000000118,0.008300000000000118
586,1,1000,0.047450000000000846,0.006056666666666772,0.006750000000000193,0.006750000000000193
587,1,1000,0.0493500000000009,0.006320000000000115,0.006750000000000193,0.006750000000000193
588,1,1000,0.050200000000000924,0.006423333333333449,0.006750000000000193,0.006750000000000193
589,1,1000,0.041850000000000685,0.005310000000000083,0.005400000000000155,0.005400000000000155
590,1,1000,0.04090000000000066,0.005273333333333417,0.005800000000000166,0.005800000000000166
591,1,1000,0.04550000000000079,0.005886666666666767,0.006750000000000193,0.006750000000000193
592,1,1000,0.04050000000000065,0.005220000000000082,0.005400000000000155,0.005400000000000155
593,1,1000,0.04050000000000065,0.005220000000000082,0.005400000000000155,0.005400000000000155
594,1,1000,0.0459000000000008,0.0058500000000001,0.006750000000000193,0.006750000000000193
595,1,1000,0.05015000000000092,0.006463333333333451,0.006750000000000193,0.006750000000000193
596,1,1000,0.04050000000000065,0.005220000000000082,0.005400000000000155,0.005400000000000155
597,1,1000,0.041100000000000664,0.005300000000000084,0.0058500000000001676,0.0058500000000001676
598,1,1000,0.042900000000000715,0.005540000000000091,0.006600000000000189,0.006600000000000189
599,1,1000,0.0422500000000007,0.005453333333333421,0.006750000000000193,0.006750000000000193
600,1,1000,0.050600000000000936,0.006476666666666784,0.006750000000000193,0.006750000000000193
601,1,1000,0.042550000000000705,0.005358333333333419,0.006100000000000175,0.006100000000000175
602,1,1000,0.04205000000000069,0.005366666666666753,0.005899999999999992,0.005899999999999992
603,1,1000,0.04050000000000065,0.005220000000000082,0.005400000000000155,0.005400000000000155
604,1,1000,0.04315000000000072,0.005500000000000088,0.0063000000000001805,0.0063000000000001805
605,1,1000,0.04050000000000065,0.005220000000000082,0.005400000000000155,0.005400000000000155
606,1,1000,0.04210000000000069,0.005433333333333421,0.006350000000000015,0.006350000000000015
607,1,1000,0.04310000000000072,0.0054966666666667555,0.006600000000000189,0.006600000000000189
608,1,1000,0.042900000000000715,0.005450000000000086,0.006450000000000185,0.006450000000000185
609,1,1000,0.04385000000000074,0.005666666666666761,0.006750000000000193,0.006750000000000193
610,1,1000,0.04050000000000065,0.005220000000000082,0.005400000000000155,0.005400000000000155
611,1,1000,0.043950000000000745,0.0056166666666667584,0.006750000000000193,0.006750000000000193
612,1,1000,0.04165000000000068,0.005373333333333419,0.006099999999999963,0.006099999999999963
613,1,1000,0.05115000000000095,0.00655000000000012,0.006750000000000193,0.006750000000000193
614,1,1000,0.04555000000000079,0.005823333333333432,0.006749999999999959,0.006749999999999959
615,1,1000,0.042850000000000714,0.005533333333333423,0.006749999999999959,0.006749999999999959
616,1,1000,0.04765000000000085,0.006173333333333442,0.006750000000000193,0.006750000000000193
617,1,1000,0.04050000000000065,0.005220000000000082,0.005400000000000155,0.005400000000000155
618,1,1000,0.04340000000000073,0.005593333333333422,0.008100000000000232,0.008100000000000232
619,1,1000,0.04155000000000068,0.005360000000000085,0.006400000000000183,0.006400000000000183
620,1,1000,0.04170000000000068,0.005326666666666752,0.005800000000000166,0.005800000000000166
621,1,1000,0.05070000000000094,0.006490000000000118,0.006750000000000193,0.006750000000000193
622,1,1000,0.04050000000000065,0.005220000000000082,0.005400000000000155,0.005400000000000155
623,1,1000,0.0458000000000008,0.005836666666666766,0.006750000000000041,0.006750000000000041
624,1,1000,0.042850000000000714,0.005533333333333423,0.006749999999999959,0.006749999999999959
625,1,1000,0.041500000000000675,0.005353333333333419,0.006000000000000172,0.006000000000000172
626,1,1000,0.044300000000000755,0.00572333333333343,0.006750000000000193,0.006750000000000193
627,1,1000,0.04835000000000087,0.006131666666666774,0.006750000000000193,0.006750000000000193
628,1,1000,0.04050000000000065,0.005220000000000082,0.005400000000000155,0.005400000000000155
629,1,1000,0.043950000000000745,0.005680000000000094,0.006750000000000193,0.006750000000000193
630,1,1000,0.04050000000000065,0.005220000000000082,0.005400000000000155,0.005400000000000155
631,1,1000,0.04270000000000071,0.005423333333333419,0.00595000000000017,0.00595000000000017
632,1,1000,0.04050000000000065,0.005220000000000082,0.005400000000000155,0.005400000000000155
633,1,1000,0.042900000000000715,0.005450000000000086,0.006450000000000185,0.006450000000000185
634,1,1000,0.04520000000000078,0.005783333333333431,0.006750000000000193,0.006750000000000193
635,1,1000,0.04050000000000065,0.005220000000000082,0.005400000000000155,0.005400000000000155
636,1,1000,0.04840000000000087,0.0061833333333334425,0.006750000000000193,0.006750000000000193
637,1,1000,0.04975000000000091,0.006363333333333447,0.006750000000000193,0.006750000000000193
638,1,1000,0.044950000000000774,0.005723333333333429,0.006750000000000193,0.006750000000000193
639,1,1000,0.040800000000000655,0.005260000000000083,0.005700000000000163,0.005700000000000163
640,1,1000,0.044600000000000764,0.005676666666666761,0.006750000000000193,0.006750000000000193
641,1,1000,0.0459000000000008,0.005850000000000097,0.008100000000000232,0.008100000000000232
642,1,1000,0.04050000000000065,0.005220000000000082,0.005400000000000155,0.005400000000000155
643,1,1000,0.050900000000000944,0.006516666666666785,0.006750000000000193,0.006750000000000193
644,1,1000,0.04050000000000065,0.005220000000000082,0.005400000000000155,0.005400000000000155
645,1,1000,0.04730000000000084,0.006036666666666772,0.006750000000000193,0.006750000000000193
646,1,1000,0.04480000000000077,0.0057933333333334315,0.006750000000000193,0.006750000000000193
647,1,1000,0.04550000000000079,0.005796666666666765,0.006750000000000193,0.006750000000000193
648,1,1000,0.04050000000000065,0.005220000000000082,0.005400000000000155,0.005400000000000155
649,1,1000,0.0494000000000009,0.006316666666666779,0.006750000000000193,0.006750000000000193
650,1,1000,0.04265000000000071,0.005506666666666756,0.006600000000000189,0.006600000000000189
651,1,1000,0.04065000000000065,0.005230000000000081,0.005400000000000155,0.005400000000000155
652,1,1000,0.041450000000000674,0.00529666666666675,0.005599999999999994,0.005599999999999994
653,1,1000,0.050950000000000946,0.006523333333333452,0.006750000000000193,0.006750000000000193
654,1,1000,0.0422500000000007,0.005363333333333418,0.005800000000000166,0.005800000000000166
655,1,1000,0.041150000000000665,0.00530666666666675,0.006050000000000173,0.006050000000000173
656,1,1000,0.04310000000000072,0.005536666666666757,0.006750000000000193,0.006750000000000193
657,1,1000,0.04050000000000065,0.005220000000000082,0.005400000000000155,0.005400000000000155
658,1,1000,0.04050000000000065,0.005220000000000082,0.005400000000000155,0.005400000000000155
659,1,1000,0.04420000000000075,0.005690000000000093,0.006650000000000024,0.006650000000000024
660,1,1000,0.04050000000000065,0.005220000000000082,0.005400000000000155,0.005400000000000155
661,1,1000,0.042850000000000714,0.005443333333333421,0.006400000000000183,0.006400000000000183
662,1,1000,0.044300000000000755,0.0056366666666667585,0.006750000000000193,0.006750000000000193
663,1,1000,0.0458000000000008,0.005926666666666769,0.006750000000000193,0.006750000000000193
664,1,1000,0.04415000000000075,0.005680000000000096,0.006750000000000193,0.006750000000000193
665,1,1000,0.040750000000000654,0.005253333333333415,0.005650000000000162,0.005650000000000162
666,1,1000,0.04050000000000065,0.005220000000000082,0.005400000000000155,0.005400000000000155
667,1,1000,0.04050000000000065,0.005220000000000082,0.005400000000000155,0.005400000000000155
668,1,1000,0.04050000000000065,0.005220000000000082,0.005400000000000155,0.005400000000000155
669,1,1000,0.045650000000000794,0.0059066666666667674,0.006750000000000193,0.006750000000000193
670,1,1000,0.04870000000000088,0.006283333333333446,0.006750000000000193,0.006750000000000193
671,1,1000,0.042150000000000694,0.005356666666666752,0.005800000000000166,0.005800000000000166
672,1,1000,0.0424500000000007,0.005480000000000088,0.006750000000000193,0.006750000000000193
673,1,1000,0.043200000000000724,0.005400000000000086,0.005400000000000155,0.005400000000000155
674,1,1000,0.04050000000000065,0.005220000000000082,0.005400000000000155,0.005400000000000155
675,1,1000,0.041100000000000664,0.0052600000000000815,0.005400000000000155,0.005400000000000155
676,1,1000,0.04050000000000065,0.005220000000000082,0.005400000000000155,0.005400000000000155
677,1,1000,0.04050000000000065,0.005220000000000082,0.005400000000000155,0.005400000000000155
678,1,1000,0.0457500000000008,0.005920000000000101,0.006750000000000193,0.006750000000000193
679,1,1000,0.04050000000000065,0.005220000000000082,0.005400000000000155,0.005400000000000155
680,1,1000,0.041150000000000665,0.005263333333333416,0.005400000000000155,0.005400000000000155
681,1,1000,0.04050000000000065,0.005220000000000082,0.005400000000000155,0.005400000000000155
682,1,1000,0.04050000000000065,0.005220000000000082,0.005400000000000155,0.005400000000000155
683,1,1000,0.04050000000000065,0.005220000000000082,0.005400000000000155,0.005400000000000155
684,1,1000,0.04050000000000065,0.005220000000000082,0.005400000000000155,0.005400000000000155
685,1,1000,0.04100000000000066,0.005286666666666753,0.005900000000000169,0.005900000000000169
686,1,1000,0.045350000000000786,0.005776666666666764,0.006750000000000193,0.006750000000000193
687,1,1000,0.04070000000000065,0.005246666666666749,0.005550000000000159,0.005550000000000159
688,1,1000,0.0424500000000007,0.005390000000000087,0.005899999999999992,0.005899999999999992
689,1,1000,0.041850000000000685,0.005400000000000086,0.006100000000000008,0.006100000000000008
690,1,1000,0.04625000000000081,0.00596666666666677,0.006750000000000193,0.006750000000000193
691,1,1000,0.049500000000000904,0.006330000000000113,0.006750000000000193,0.006750000000000193
692,1,1000,0.04280000000000071,0.005491666666666756,0.006749999999999959,0.006749999999999959
693,1,1000,0.050950000000000946,0.006523333333333452,0.007600000000000218,0.007600000000000218
694,1,1000,0.04330000000000073,0.0055933333333334275,0.006350000000000182,0.006350000000000182
695,1,1000,0.04350000000000073,0.005620000000000094,0.006750000000000193,0.006750000000000193
696,1,1000,0.04280000000000071,0.005526666666666758,0.006750000000000193,0.006750000000000193
697,1,1000,0.042550000000000705,0.00549000000000009,0.006750000000000193,0.006750000000000193
698,1,1000,0.0423000000000007,0.005370000000000085,0.005799999999999965,0.005799999999999965
699,1,1000,0.04405000000000075,0.0056033333333334245,0.006150000000000176,0.006150000000000176
700,1,1000,0.048450000000000874,0.006263333333333445,0.006750000000000193,0.006750000000000193
701,1,1000,0.044250000000000754,0.005720000000000096,0.006750000000000193,0.006750000000000193
702,1,1000,0.042200000000000695,0.005446666666666755,0.006750000000000037,0.006750000000000037
703,1,1000,0.04050000000000065,0.005220000000000082,0.005400000000000155,0.005400000000000155
704,1,1000,0.04050000000000065,0.005220000000000082,0.005400000000000155,0.005400000000000155
705,1,1000,0.04445000000000076,0.005656666666666759,0.006750000000000193,0.006750000000000193
706,1,1000,0.04050000000000065,0.005220000000000082,0.005400000000000155,0.005400000000000155
707,1,1000,0.04050000000000065,0.005220000000000082,0.005400000000000155,0.005400000000000155
708,1,1000,0.04205000000000069,0.005426666666666754,0.006600000000000035,0.006600000000000035
709,1,1000,0.04905000000000089,0.006270000000000111,0.006750000000000193,0.006750000000000193
710,1,1000,0.0424000000000007,0.005473333333333423,0.00650000000000002,0.00650000000000002
711,1,1000,0.04820000000000087,0.006156666666666775,0.006750000000000193,0.006750000000000193
712,1,1000,0.0424000000000007,0.00538333333333342,0.00595000000000017,0.00595000000000017
713,1,1000,0.04195000000000069,0.0053233333333334186,0.0055000000000001575,0.0055000000000001575
714,1,1000,0.04305000000000072,0.005470000000000088,0.006600000000000189,0.006600000000000189
715,1,1000,0.04645000000000082,0.005923333333333435,0.006750000000000193,0.006750000000000193
716,1,1000,0.04550000000000079,0.005796666666666764,0.006750000000000193,0.006750000000000193
717,1,1000,0.044250000000000754,0.005706666666666762,0.006750000000000193,0.006750000000000193
718,1,1000,0.04350000000000073,0.00553000000000009,0.006750000000000193,0.006750000000000193
719,1,1000,0.05005000000000092,0.006403333333333449,0.006750000000000193,0.006750000000000193
720,1,1000,0.04330000000000073,0.005516666666666756,0.006499999999999988,0.006499999999999988
721,1,1000,0.042200000000000695,0.005356666666666752,0.005750000000000165,0.005750000000000165
722,1,1000,0.046350000000000814,0.006000000000000103,0.006750000000000193,0.006750000000000193
723,1,1000,0.04350000000000073,0.005620000000000094,0.006450000000000185,0.006450000000000185
724,1,1000,0.042200000000000695,0.005446666666666755,0.0066500000000001905,0.0066500000000001905
725,1,1000,0.04190000000000069,0.005316666666666749,0.005450000000000156,0.005450000000000156
726,1,1000,0.04785000000000086,0.006200000000000109,0.008049999999999951,0.008049999999999951
727,1,1000,0.043900000000000744,0.005673333333333427,0.006750000000000193,0.006750000000000193
728,1,1000,0.048150000000000866,0.00624000000000011,0.007400000000000212,0.007400000000000212
729,1,1000,0.04445000000000076,0.00565666666666676,0.006750000000000193,0.006750000000000193
730,1,1000,0.043600000000000735,0.005633333333333427,0.006750000000000056,0.006750000000000056
731,1,1000,0.053700000000001025,0.006890000000000129,0.008100000000000232,0.008100000000000232
732,1,1000,0.041850000000000685,0.005400000000000086,0.006749999999999987,0.006749999999999987
733,1,1000,0.043200000000000724,0.0054900000000000886,0.006749999999999959,0.006749999999999959
734,1,1000,0.041850000000000685,0.005310000000000083,0.005400000000000155,0.005400000000000155
735,1,1000,0.04050000000000065,0.005220000000000082,0.005400000000000155,0.005400000000000155
736,1,1000,0.04350000000000073,0.0055300000000000895,0.00659999999999996,0.00659999999999996
737,1,1000,0.0422500000000007,0.005390000000000087,0.006100000000000175,0.006100000000000175
738,1,1000,0.04175000000000068,0.005303333333333418,0.005400000000000155,0.005400000000000155
739,1,1000,0.04050000000000065,0.005220000000000082,0.005400000000000155,0.005400000000000155
740,1,1000,0.04695000000000083,0.006080000000000105,0.006750000000000193,0.006750000000000193
741,1,1000,0.04330000000000073,0.005503333333333423,0.006700000000000192,0.006700000000000192
742,1,1000,0.04050000000000065,0.005220000000000082,0.005400000000000155,0.005400000000000155
743,1,1000,0.04615000000000081,0.005883333333333434,0.006750000000000193,0.006750000000000193
744,1,1000,0.048850000000000886,0.0062433333333334435,0.006750000000000193,0.006750000000000193
745,1,1000,0.0458000000000008,0.005836666666666766,0.006750000000000193,0.006750000000000193
746,1,1000,0.04300000000000072,0.005553333333333425,0.006750000000000055,0.006750000000000055
747,1,1000,0.04130000000000067,0.005326666666666752,0.006000000000000172,0.006000000000000172
748,1,1000,0.041850000000000685,0.005310000000000083,0.005400000000000155,0.005400000000000155
749,1,1000,0.0494000000000009,0.006316666666666779,0.006750000000000193,0.006750000000000193
750,1,1000,0.04420000000000075,0.005623333333333426,0.006750000000000193,0.006750000000000193
751,1,1000,0.041850000000000685,0.005310000000000083,0.005400000000000155,0.005400000000000155
752,1,1000,0.04205000000000069,0.00541333333333342,0.006750000000000193,0.006750000000000193
753,1,1000,0.050600000000000936,0.006476666666666785,0.008099999999999951,0.008099999999999951
754,1,1000,0.04375000000000074,0.0055633333333334235,0.006400000000000183,0.006400000000000183
755,1,1000,0.04490000000000077,0.005730000000000095,0.006750000000000193,0.006750000000000193
756,1,1000,0.04070000000000065,0.0052333333333334136,0.005400000000000155,0.005400000000000155
757,1,1000,0.041500000000000675,0.005353333333333419,0.006149999999999963,0.006149999999999963
758,1,1000,0.04755000000000085,0.006066666666666772,0.006750000000000193,0.006750000000000193
759,1,1000,0.04050000000000065,0.005220000000000082,0.005400000000000155,0.005400000000000155
760,1,1000,0.04050000000000065,0.005220000000000082,0.005400000000000155,0.005400000000000155
761,1,1000,0.04305000000000072,0.005560000000000091,0.006749999999999959,0.006749999999999959
762,1,1000,0.04420000000000075,0.0057133333333334296,0.006750000000000193,0.006750000000000193
763,1,1000,0.04410000000000075,0.005610000000000092,0.006750000000000193,0.006750000000000193
764,1,1000,0.05080000000000094,0.006503333333333452,0.006750000000000193,0.006750000000000193
765,1,1000,0.04050000000000065,0.005220000000000082,0.005400000000000155,0.005400000000000155
766,1,1000,0.04685000000000083,0.00597666666666677,0.006750000000000193,0.006750000000000193
767,1,1000,0.04415000000000075,0.005616666666666759,0.006750000000000193,0.006750000000000193
768,1,1000,0.04980000000000091,0.006370000000000114,0.006750000000000193,0.006750000000000193
769,1,1000,0.047450000000000846,0.006056666666666772,0.006750000000000193,0.006750000000000193
770,1,1000,0.04190000000000069,0.005316666666666749,0.005450000000000156,0.005450000000000156
771,1,1000,0.043250000000000725,0.0054966666666667555,0.006250000000000179,0.006250000000000179
772,1,1000,0.04620000000000081,0.005980000000000104,0.007650000000000219,0.007650000000000219
773,1,1000,0.04195000000000069,0.00541333333333342,0.005900000000000009,0.005900000000000009
774,1,1000,0.041850000000000685,0.005310000000000083,0.005400000000000155,0.005400000000000155
775,1,1000,0.04050000000000065,0.005220000000000082,0.005400000000000155,0.005400000000000155
776,1,1000,0.04470000000000077,0.005690000000000095,0.006750000000000193,0.006750000000000193
777,1,1000,0.042900000000000715,0.005450000000000086,0.006450000000000185,0.006450000000000185
778,1,1000,0.041850000000000685,0.005400000000000086,0.006150000000000176,0.006150000000000176
779,1,1000,0.04050000000000065,0.005220000000000082,0.005400000000000155,0.005400000000000155
780,1,1000,0.04765000000000085,0.00608333333333344,0.008099999999999951,0.008099999999999951
781,1,1000,0.04445000000000076,0.005746666666666763,0.006750000000000193,0.006750000000000193
782,1,1000,0.04050000000000065,0.005220000000000082,0.005400000000000155,0.005400000000000155
783,1,1000,0.04300000000000072,0.0054633333333334215,0.006550000000000188,0.006550000000000188
784,1,1000,0.050900000000000944,0.006516666666666785,0.006750000000000193,0.006750000000000193
785,1,1000,0.041850000000000685,0.005310000000000083,0.005400000000000155,0.005400000000000155
786,1,1000,0.042150000000000694,0.005440000000000087,0.006350000000000182,0.006350000000000182
787,1,1000,0.04050000000000065,0.005220000000000082,0.005400000000000155,0.005400000000000155
788,1,1000,0.04135000000000067,0.005333333333333417,0.006050000000000173,0.006050000000000173
789,1,1000,0.04070000000000065,0.0052333333333334136,0.005400000000000155,0.005400000000000155
790,1,1000,0.04630000000000081,0.005993333333333437,0.006750000000000193,0.006750000000000193
791,1,1000,0.04755000000000085,0.006070000000000106,0.006750000000000193,0.006750000000000193
792,1,1000,0.04770000000000085,0.006090000000000107,0.006750000000000193,0.006750000000000193
793,1,1000,0.041850000000000685,0.005310000000000083,0.005400000000000155,0.005400000000000155
794,1,1000,0.041150000000000665,0.00530666666666675,0.006049999999999963,0.006049999999999963
795,1,1000,0.04865000000000088,0.0062166666666667765,0.006750000000000193,0.006750000000000193
796,1,1000,0.04050000000000065,0.005220000000000082,0.005400000000000155,0.005400000000000155
797,1,1000,0.047450000000000846,0.0060900000000001075,0.006750000000000193,0.006750000000000193
798,1,1000,0.04400000000000075,0.005596666666666758,0.006400000000000183,0.006400000000000183
799,1,1000,0.042150000000000694,0.005350000000000082,0.005700000000000163,0.005700000000000163
800,1,1000,0.04450000000000076,0.0057533333333334305,0.006750000000000193,0.006750000000000193
801,1,1000,0.04435000000000076,0.005733333333333431,0.006750000000000193,0.006750000000000193
802,1,1000,0.05100000000000095,0.006530000000000119,0.006750000000000193,0.006750000000000193
803,1,1000,0.04380000000000074,0.005576666666666758,0.006750000000000193,0.006750000000000193
804,1,1000,0.04300000000000072,0.005553333333333425,0.00624999999999999,0.00624999999999999
805,1,1000,0.04095000000000066,0.005280000000000082,0.005849999999999965,0.005849999999999965
806,1,1000,0.04260000000000071,0.005410000000000086,0.006750000000000027,0.006750000000000027
807,1,1000,0.04340000000000073,0.0055166666666667565,0.006750000000000193,0.006750000000000193
808,1,1000,0.046700000000000824,0.005956666666666768,0.006750000000000193,0.006750000000000193
809,1,1000,0.0424000000000007,0.005473333333333423,0.006750000000000193,0.006750000000000193
810,1,1000,0.043950000000000745,0.005680000000000096,0.007150000000000205,0.007150000000000205
811,1,1000,0.04440000000000076,0.005740000000000097,0.006750000000000193,0.006750000000000193
812,1,1000,0.041850000000000685,0.00540833333333342,0.006750000000000193,0.006750000000000193
813,1,1000,0.04050000000000065,0.005220000000000082,0.005400000000000155,0.005400000000000155
814,1,1000,0.046050000000000806,0.005870000000000099,0.006750000000000193,0.006750000000000193
815,1,1000,0.040750000000000654,0.005253333333333417,0.005550000000000159,0.005550000000000159
816,1,1000,0.05050000000000093,0.00646333333333345,0.006750000000000193,0.006750000000000193
817,1,1000,0.04375000000000074,0.005653333333333427,0.006349999999999989,0.006349999999999989
818,1,1000,0.04405000000000075,0.0056933333333334295,0.006750000000000193,0.006750000000000193
819,1,1000,0.04155000000000068,0.0053683333333334185,0.006749999999999959,0.006749999999999959
820,1,1000,0.04050000000000065,0.005220000000000082,0.005400000000000155,0.005400000000000155
821,1,1000,0.04410000000000075,0.005700000000000096,0.006600000000000189,0.006600000000000189
822,1,1000,0.044250000000000754,0.005630000000000093,0.006750000000000193,0.006750000000000193
823,1,1000,0.04140000000000067,0.005340000000000087,0.0063000000000001805,0.0063000000000001805
824,1,1000,0.041150000000000665,0.00530666666666675,0.006050000000000173,0.006050000000000173
825,1,1000,0.043250000000000725,0.005556666666666757,0.006750000000000027,0.006750000000000027
826,1,1000,0.050950000000000946,0.006523333333333452,0.006750000000000193,0.006750000000000193
827,1,1000,0.04455000000000076,0.005573333333333425,0.006750000000000193,0.006750000000000193
828,1,1000,0.04560000000000079,0.005810000000000098,0.006750000000000193,0.006750000000000193
829,1,1000,0.04620000000000081,0.0059800000000001016,0.006750000000000193,0.006750000000000193
830,1,1000,0.041850000000000685,0.005378333333333418,0.006750000000000027,0.006750000000000027
831,1,1000,0.04480000000000077,0.005703333333333429,0.006750000000000193,0.006750000000000193
832,1,1000,0.04620000000000081,0.005963333333333437,0.006750000000000193,0.006750000000000193
833,1,1000,0.041850000000000685,0.005310000000000083,0.005400000000000155,0.005400000000000155
834,1,1000,0.04210000000000069,0.00537833333333342,0.006350000000000182,0.006350000000000182
835,1,1000,0.045350000000000786,0.0058666666666667665,0.006750000000000193,0.006750000000000193
836,1,1000,0.04050000000000065,0.005220000000000082,0.005400000000000155,0.005400000000000155
837,1,1000,0.04170000000000068,0.005373333333333419,0.006750000000000193,0.006750000000000193
838,1,1000,0.04050000000000065,0.005220000000000082,0.005400000000000155,0.005400000000000155
839,1,1000,0.04050000000000065,0.005220000000000082,0.005400000000000155,0.005400000000000155
840,1,1000,0.04200000000000069,0.005420000000000088,0.006750000000000193,0.006750000000000193
841,1,1000,0.05065000000000094,0.006483333333333451,0.006750000000000193,0.006750000000000193
842,1,1000,0.04050000000000065,0.005220000000000082,0.005400000000000155,0.005400000000000155
843,1,1000,0.04345000000000073,0.005613333333333426,0.006749999999999959,0.006749999999999959
844,1,1000,0.042900000000000715,0.005540000000000091,0.006749999999999959,0.006749999999999959
845,1,1000,0.04050000000000065,0.005220000000000082,0.005400000000000155,0.005400000000000155
846,1,1000,0.04090000000000066,0.005246666666666749,0.005400000000000155,0.005400000000000155
847,1,1000,0.04190000000000069,0.005406666666666754,0.006549999999999988,0.006549999999999988
848,1,1000,0.04050000000000065,0.005220000000000082,0.005400000000000155,0.005400000000000155
849,1,1000,0.04155000000000068,0.005360000000000085,0.006450000000000018,0.006450000000000018
850,1,1000,0.04340000000000073,0.005606666666666758,0.006750000000000193,0.006750000000000193
851,1,1000,0.04405000000000075,0.005693333333333428,0.006750000000000193,0.006750000000000193
852,1,1000,0.04440000000000076,0.005740000000000097,0.006750000000000193,0.006750000000000193
853,1,1000,0.04050000000000065,0.005220000000000082,0.005400000000000155,0.005400000000000155
854,1,1000,0.04130000000000067,0.005326666666666752,0.0058500000000001676,0.0058500000000001676
855,1,1000,0.047100000000000836,0.006010000000000104,0.006750000000000193,0.006750000000000193
856,1,1000,0.042550000000000705,0.005493333333333422,0.006500000000000186,0.006500000000000186
857,1,1000,0.044650000000000765,0.0056833333333334264,0.006750000000000193,0.006750000000000193
858,1,1000,0.041850000000000685,0.005400000000000086,0.006750000000000193,0.006750000000000193
859,1,1000,0.041500000000000675,0.005353333333333419,0.006399999999999961,0.006399999999999961
860,1,1000,0.04630000000000081,0.005990000000000104,0.006750000000000193,0.006750000000000193
861,1,1000,0.04165000000000068,0.005373333333333419,0.0061500000000000235,0.0061500000000000235
862,1,1000,0.04560000000000079,0.005810000000000098,0.006750000000000193,0.006750000000000193
863,1,1000,0.04305000000000072,0.005560000000000091,0.006749999999999959,0.006749999999999959
864,1,1000,0.04095000000000066,0.005250000000000083,0.005400000000000155,0.005400000000000155
865,1,1000,0.04050000000000065,0.005220000000000082,0.005400000000000155,0.005400000000000155
866,1,1000,0.04050000000000065,0.005220000000000082,0.005400000000000155,0.005400000000000155
867,1,1000,0.04790000000000086,0.006180000000000107,0.008100000000000232,0.008100000000000232
868,1,1000,0.041850000000000685,0.005400000000000086,0.006749999999999959,0.006749999999999959
869,1,1000,0.04175000000000068,0.005386666666666752,0.006250000000000026,0.006250000000000026
870,1,1000,0.0423500000000007,0.00541333333333342,0.006450000000000185,0.006450000000000185
871,1,1000,0.0494000000000009,0.006316666666666779,0.006750000000000193,0.006750000000000193
872,1,1000,0.04050000000000065,0.005220000000000082,0.005400000000000155,0.005400000000000155
873,1,1000,0.04160000000000068,0.005366666666666753,0.006249999999999962,0.006249999999999962
874,1,1000,0.04050000000000065,0.005220000000000082,0.005400000000000155,0.005400000000000155
875,1,1000,0.04050000000000065,0.005220000000000082,0.005400000000000155,0.005400000000000155
876,1,1000,0.04050000000000065,0.005220000000000082,0.005400000000000155,0.005400000000000155
877,1,1000,0.041850000000000685,0.005310000000000083,0.005400000000000155,0.005400000000000155
878,1,1000,0.04050000000000065,0.005220000000000082,0.005400000000000155,0.005400000000000155
879,1,1000,0.041150000000000665,0.00530666666666675,0.006050000000000173,0.006050000000000173
880,1,1000,0.04050000000000065,0.005220000000000082,0.005400000000000155,0.005400000000000155
881,1,1000,0.04170000000000068,0.005380000000000087,0.00615000000000001,0.00615000000000001
882,1,1000,0.04330000000000073,0.005593333333333426,0.006750000000000193,0.006750000000000193
883,1,1000,0.04370000000000074,0.005646666666666761,0.006749999999999959,0.006749999999999959
884,1,1000,0.0458000000000008,0.005836666666666766,0.006750000000000193,0.006750000000000193
885,1,1000,0.04050000000000065,0.005220000000000082,0.005400000000000155,0.005400000000000155
886,1,1000,0.04100000000000066,0.005263333333333416,0.005550000000000159,0.005550000000000159
887,1,1000,0.04050000000000065,0.005220000000000082,0.005400000000000155,0.005400000000000155
888,1,1000,0.04295000000000072,0.005528333333333424,0.006750000000000145,0.006750000000000193
889,1,1000,0.04165000000000068,0.005373333333333419,0.006450000000000185,0.006450000000000185
890,1,1000,0.04160000000000068,0.005366666666666753,0.006450000000000185,0.006450000000000185
891,1,1000,0.04050000000000065,0.005220000000000082,0.005400000000000155,0.005400000000000155
892,1,1000,0.04050000000000065,0.005220000000000082,0.005400000000000155,0.005400000000000155
893,1,1000,0.041850000000000685,0.0054083333333334194,0.007000000000000034,0.007000000000000034
894,1,1000,0.0423000000000007,0.005370000000000084,0.0058500000000001676,0.0058500000000001676
895,1,1000,0.04050000000000065,0.005220000000000082,0.005400000000000155,0.005400000000000155
896,1,1000,0.04130000000000067,0.005326666666666752,0.006200000000000178,0.006200000000000178
897,1,1000,0.04130000000000067,0.005326666666666752,0.006000000000000172,0.006000000000000172
898,1,1000,0.04125000000000067,0.005320000000000086,0.006150000000000176,0.006150000000000176
899,1,1000,0.042550000000000705,0.0054266666666667514,0.006450000000000185,0.006450000000000185
900,1,1000,0.04170000000000068,0.005380000000000087,0.006299999999999962,0.006299999999999962
901,1,1000,0.044250000000000754,0.005660000000000094,0.006750000000000193,0.006750000000000193
902,1,1000,0.04160000000000068,0.005293333333333416,0.005400000000000155,0.005400000000000155
903,1,1000,0.04050000000000065,0.005220000000000082,0.005400000000000155,0.005400000000000155
904,1,1000,0.04050000000000065,0.005220000000000082,0.005400000000000155,0.005400000000000155
905,1,1000,0.04715000000000084,0.006016666666666771,0.006750000000000193,0.006750000000000193
906,1,1000,0.046400000000000816,0.005916666666666767,0.006750000000000193,0.006750000000000193
907,1,1000,0.041850000000000685,0.005400000000000086,0.006550000000000028,0.006550000000000028
908,1,1000,0.0423000000000007,0.005460000000000089,0.006349999999999962,0.006349999999999962
909,1,1000,0.043200000000000724,0.005490000000000089,0.006750000000000193,0.006750000000000193
910,1,1000,0.04305000000000072,0.005560000000000091,0.006750000000000193,0.006750000000000193
911,1,1000,0.043900000000000744,0.005673333333333429,0.006750000000000058,0.006750000000000058
912,1,1000,0.04400000000000075,0.005686666666666762,0.006749999999999959,0.006749999999999959
913,1,1000,0.05000000000000092,0.006396666666666782,0.006750000000000193,0.006750000000000193
914,1,1000,0.04305000000000072,0.005470000000000088,0.006600000000000189,0.006600000000000189
915,1,1000,0.050900000000000944,0.006516666666666785,0.007050000000000202,0.007050000000000202
916,1,1000,0.05005000000000092,0.006313333333333447,0.006750000000000193,0.006750000000000193
917,1,1000,0.04720000000000084,0.006023333333333438,0.006750000000000193,0.006750000000000193
918,1,1000,0.04790000000000086,0.006116666666666774,0.006750000000000193,0.006750000000000193
919,1,1000,0.04805000000000086,0.006190000000000107,0.006750000000000193,0.006750000000000193
920,1,1000,0.050600000000000936,0.006476666666666784,0.006750000000000193,0.006750000000000193
921,1,1000,0.04130000000000067,0.005273333333333417,0.005400000000000155,0.005400000000000155
922,1,1000,0.04205000000000069,0.005336666666666751,0.00560000000000016,0.00560000000000016
923,1,1000,0.04210000000000069,0.005350000000000086,0.00560000000000016,0.00560000000000016
924,1,1000,0.044650000000000765,0.005683333333333427,0.006750000000000193,0.006750000000000193
925,1,1000,0.046350000000000814,0.0059100000000001,0.006750000000000193,0.006750000000000193
926,1,1000,0.045000000000000775,0.005820000000000099,0.006750000000000193,0.006750000000000193
927,1,1000,0.04050000000000065,0.005220000000000082,0.005400000000000155,0.005400000000000155
928,1,1000,0.044300000000000755,0.0057266666666667635,0.006750000000000077,0.006750000000000077
929,1,1000,0.041850000000000685,0.005400000000000086,0.006750000000000193,0.006750000000000193
930,1,1000,0.041100000000000664,0.005300000000000084,0.006000000000000005,0.006000000000000005
931,1,1000,0.04655000000000082,0.006010000000000105,0.006750000000000193,0.006750000000000193
932,1,1000,0.04050000000000065,0.005220000000000082,0.005400000000000155,0.005400000000000155
933,1,1000,0.042150000000000694,0.005350000000000082,0.005700000000000163,0.005700000000000163
934,1,1000,0.042500000000000704,0.005486666666666756,0.006750000000000193,0.006750000000000193
935,1,1000,0.04050000000000065,0.005220000000000082,0.005400000000000155,0.005400000000000155
936,1,1000,0.04405000000000075,0.005650000000000095,0.006800000000000195,0.006800000000000195
937,1,1000,0.04050000000000065,0.005220000000000082,0.005400000000000155,0.005400000000000155
938,1,1000,0.041100000000000664,0.005270000000000083,0.005550000000000159,0.005550000000000159
939,1,1000,0.04330000000000073,0.005576666666666758,0.006700000000000192,0.006700000000000192
940,1,1000,0.05115000000000095,0.00655000000000012,0.006750000000000193,0.006750000000000193
941,1,1000,0.04155000000000068,0.0052966666666667515,0.0055000000000001575,0.0055000000000001575
942,1,1000,0.04490000000000077,0.0058066666666667655,0.006750000000000051,0.006750000000000051
943,1,1000,0.04050000000000065,0.005220000000000082,0.005400000000000155,0.005400000000000155
944,1,1000,0.04410000000000075,0.00556500000000009,0.006500000000000186,0.006500000000000186
945,1,1000,0.042900000000000715,0.005450000000000086,0.0061499999999999905,0.0061499999999999905
946,1,1000,0.04445000000000076,0.005746666666666763,0.006750000000000193,0.006750000000000193
947,1,1000,0.04340000000000073,0.00560666666666676,0.006750000000000041,0.006750000000000041
948,1,1000,0.043250000000000725,0.005586666666666758,0.00675000000000007,0.00675000000000007
949,1,1000,0.04050000000000065,0.005220000000000082,0.005400000000000155,0.005400000000000155
950,1,1000,0.04100000000000066,0.00528666666666675,0.005700000000000004,0.005700000000000004
951,1,1000,0.043200000000000724,0.005490000000000089,0.006750000000000193,0.006750000000000193
952,1,1000,0.04100000000000066,0.00528666666666675,0.005700000000000163,0.005700000000000163
953,1,1000,0.04085000000000066,0.005266666666666749,0.005749999999999965,0.005749999999999965
954,1,1000,0.04645000000000082,0.005923333333333435,0.006750000000000193,0.006750000000000193
955,1,1000,0.04050000000000065,0.005220000000000082,0.005400000000000155,0.005400000000000155
956,1,1000,0.04190000000000069,0.005380000000000085,0.006750000000000193,0.006750000000000193
957,1,1000,0.04050000000000065,0.005220000000000082,0.005400000000000155,0.005400000000000155
958,1,1000,0.050600000000000936,0.006476666666666784,0.006750000000000193,0.006750000000000193
959,1,1000,0.04310000000000072,0.005566666666666759,0.00675000000000006,0.00675000000000006
960,1,1000,0.04370000000000074,0.0055566666666667566,0.006400000000000183,0.006400000000000183
961,1,1000,0.041850000000000685,0.0054083333333334194,0.0070000000000002005,0.0070000000000002005
962,1,1000,0.04050000000000065,0.005220000000000082,0.005400000000000155,0.005400000000000155
963,1,1000,0.04095000000000066,0.005280000000000082,0.0058500000000001676,0.0058500000000001676
964,1,1000,0.04050000000000065,0.005220000000000082,0.005400000000000155,0.005400000000000155
965,1,1000,0.04735000000000084,0.006133333333333443,0.006750000000000193,0.006750000000000193
966,1,1000,0.04715000000000084,0.006016666666666771,0.006750000000000193,0.006750000000000193
967,1,1000,0.04280000000000071,0.005436666666666753,0.006250000000000179,0.006250000000000179
968,1,1000,0.05105000000000095,0.0065400000000001195,0.006750000000000193,0.006750000000000193
969,1,1000,0.04100000000000066,0.00528666666666675,0.005749999999999965,0.005749999999999965
970,1,1000,0.044300000000000755,0.0057200000000000965,0.006750000000000193,0.006750000000000193
971,1,1000,0.04050000000000065,0.005220000000000082,0.005400000000000155,0.005400000000000155
972,1,1000,0.044650000000000765,0.005683333333333428,0.006750000000000193,0.006750000000000193
973,1,1000,0.05040000000000093,0.0064500000000001145,0.008100000000000232,0.008100000000000232
974,1,1000,0.04050000000000065,0.005220000000000082,0.005400000000000155,0.005400000000000155
975,1,1000,0.04440000000000076,0.005740000000000097,0.006750000000000049,0.006750000000000049
976,1,1000,0.04050000000000065,0.005220000000000082,0.005400000000000155,0.005400000000000155
977,1,1000,0.041850000000000685,0.005310000000000083,0.005400000000000155,0.005400000000000155
978,1,1000,0.043200000000000724,0.005580000000000093,0.008100000000000232,0.008100000000000232
979,1,1000,0.04050000000000065,0.005220000000000082,0.005400000000000155,0.005400000000000155
980,1,1000,0.04050000000000065,0.005220000000000082,0.005400000000000155,0.005400000000000155
981,1,1000,0.0422500000000007,0.005403333333333419,0.006750000000000027,0.006750000000000027
982,1,1000,0.04700000000000083,0.005996666666666771,0.006750000000000193,0.006750000000000193
983,1,1000,0.04050000000000065,0.005220000000000082,0.005400000000000155,0.005400000000000155
984,1,1000,0.05030000000000093,0.006436666666666783,0.006750000000000193,0.006750000000000193
985,1,1000,0.04050000000000065,0.005220000000000082,0.005400000000000155,0.005400000000000155
986,1,1000,0.04540000000000079,0.005873333333333434,0.006750000000000193,0.006750000000000193
987,1,1000,0.04475000000000077,0.00569666666666676,0.006750000000000193,0.006750000000000193
988,1,1000,0.042150000000000694,0.005350000000000082,0.005700000000000163,0.005700000000000163
989,1,1000,0.044650000000000765,0.005683333333333429,0.006750000000000193,0.006750000000000193
990,1,1000,0.04665000000000082,0.005950000000000103,0.006750000000000193,0.006750000000000193
991,1,1000,0.04050000000000065,0.005220000000000082,0.005400000000000155,0.005400000000000155
992,1,1000,0.04050000000000065,0.005220000000000082,0.005400000000000155,0.005400000000000155
993,1,1000,0.04190000000000069,0.005316666666666749,0.005450000000000156,0.005450000000000156
994,1,1000,0.04050000000000065,0.005220000000000082,0.005400000000000155,0.005400000000000155
995,1,1000,0.04270000000000071,0.005513333333333424,0.00659999999999996,0.00659999999999996
996,1,1000,0.045650000000000794,0.005816666666666765,0.006750000000000193,0.006750000000000193
997,1,1000,0.041850000000000685,0.005310000000000083,0.005400000000000155,0.005400000000000155
998,1,1000,0.04050000000000065,0.005220000000000082,0.005400000000000155,0.005400000000000155
999,1,1000,0.04050000000000065,0.005220000000000082,0.005400000000000155,0.005400000000000155
0,4,0,0.04050000000000065,0.005220000000000082,0.005400000000000155,0.005400000000000155
1,4,0,0.04050000000000065,0.005220000000000082,0.005400000000000155,0.005400000000000155
2,4,0,0.04050000000000065,0.005220000000000082,0.005400000000000155,0.005400000000000155
3,4,0,0.04050000000000065,0.005220000000000082,0.005400000000000155,0.005400000000000155
4,4,0,0.04050000000000065,0.005220000000000082,0.005400000000000155,0.005400000000000155
5,4,0,0.04050000000000065,0.005220000000000082,0.005400000000000155,0.005400000000000155
6,4,0,0.04050000000000065,0.005220000000000082,0.005400000000000155,0.005400000000000155
7,4,0,0.04050000000000065,0.005220000000000082,0.005400000000000155,0.005400000000000155
8,4,0,0.04050000000000065,0.005220000000000082,0.005400000000000155,0.005400000000000155
9,4,0,0.04050000000000065,0.005220000000000082,0.005400000000000155,0.005400000000000155
10,4,0,0.04050000000000065,0.005220000000000082,0.005400000000000155,0.005400000000000155
11,4,0,0.04050000000000065,0.005220000000000082,0.005400000000000155,0.005400000000000155
12,4,0,0.04050000000000065,0.005220000000000082,0.005400000000000155,0.005400000000000155
13,4,0,0.04050000000000065,0.005220000000000082,0.005400000000000155,0.005400000000000155
14,4,0,0.04050000000000065,0.005220000000000082,0.005400000000000155,0.005400000000000155
15,4,0,0.04050000000000065,0.005220000000000082,0.005400000000000155,0.005400000000000155
16,4,0,0.04050000000000065,0.005220000000000082,0.005400000000000155,0.005400000000000155
17,4,0,0.04050000000000065,0.005220000000000082,0.005400000000000155,0.005400000000000155
18,4,0,0.04050000000000065,0.005220000000000082,0.005400000000000155,0.005400000000000155
19,4,0,0.04050000000000065,0.005220000000000082,0.005400000000000155,0.005400000000000155
20,4,0,0.04050000000000065,0.005220000000000082,0.005400000000000155,0.005400000000000155
21,4,0,0.04050000000000065,0.005220000000000082,0.005400000000000155,0.005400000000000155
22,4,0,0.04050000000000065,0.005220000000000082,0.005400000000000155,0.005400000000000155
23,4,0,0.04050000000000065,0.005220000000000082,0.005400000000000155,0.005400000000000155
24,4,0,0.04050000000000065,0.005220000000000082,0.005400000000000155,0.005400000000000155
25,4,0,0.04050000000000065,0.005220000000000082,0.005400000000000155,0.005400000000000155
26,4,0,0.04050000000000065,0.005220000000000082,0.005400000000000155,0.005400000000000155
27,4,0,0.04050000000000065,0.005220000000000082,0.005400000000000155,0.005400000000000155
28,4,0,0.04050000000000065,0.005220000000000082,0.005400000000000155,0.005400000000000155
29,4,0,0.04050000000000065,0.005220000000000082,0.005400000000000155,0.005400000000000155
30,4,0,0.04050000000000065,0.005220000000000082,0.005400000000000155,0.005400000000000155
31,4,0,0.04050000000000065,0.005220000000000082,0.005400000000000155,0.005400000000000155
32,4,0,0.04050000000000065,0.005220000000000082,0.005400000000000155,0.005400000000000155
33,4,0,0.04050000000000065,0.005220000000000082,0.005400000000000155,0.005400000000000155
34,4,0,0.04050000000000065,0.005220000000000082,0.005400000000000155,0.005400000000000155
35,4,0,0.04050000000000065,0.005220000000000082,0.005400000000000155,0.005400000000000155
36,4,0,0.04050000000000065,0.005220000000000082,0.005400000000000155,0.005400000000000155
37,4,0,0.04050000000000065,0.005220000000000082,0.005400000000000155,0.005400000000000155
38,4,0,0.04050000000000065,0.005220000000000082,0.005400000000000155,0.005400000000000155
39,4,0,0.04050000000000065,0.005220000000000082,0.005400000000000155,0.005400000000000155
40,4,0,0.04050000000000065,0.005220000000000082,0.005400000000000155,0.005400000000000155
41,4,0,0.04050000000000065,0.005220000000000082,0.005400000000000155,0.005400000000000155
42,4,0,0.04050000000000065,0.005220000000000082,0.005400000000000155,0.005400000000000155
43,4,0,0.04050000000000065,0.005220000000000082,0.005400000000000155,0.005400000000000155
44,4,0,0.04050000000000065,0.005220000000000082,0.005400000000000155,0.005400000000000155
45,4,0,0.04050000000000065,0.005220000000000082,0.005400000000000155,0.005400000000000155
46,4,0,0.04050000000000065,0.005220000000000082,0.005400000000000155,0.005400000000000155
47,4,0,0.04050000000000065,0.005220000000000082,0.005400000000000155,0.005400000000000155
48,4,0,0.04050000000000065,0.005220000000000082,0.005400000000000155,0.005400000000000155
49,4,0,0.04050000000000065,0.005220000000000082,0.005400000000000155,0.005400000000000155
50,4,0,0.04050000000000065,0.005220000000000082,0.005400000000000155,0.005400000000000155
51,4,0,0.04050000000000065,0.005220000000000082,0.005400000000000155,0.005400000000000155
52,4,0,0.04050000000000065,0.005220000000000082,0.005400000000000155,0.005400000000000155
53,4,0,0.04050000000000065,0.005220000000000082,0.005400000000000155,0.005400000000000155
54,4,0,0.04050000000000065,0.005220000000000082,0.005400000000000155,0.005400000000000155
55,4,0,0.04050000000000065,0.005220000000000082,0.005400000000000155,0.005400000000000155
56,4,0,0.04050000000000065,0.005220000000000082,0.005400000000000155,0.005400000000000155
57,4,0,0.04050000000000065,0.005220000000000082,0.005400000000000155,0.005400000000000155
58,4,0,0.04050000000000065,0.005220000000000082,0.005400000000000155,0.005400000000000155
59,4,0,0.04050000000000065,0.005220000000000082,0.005400000000000155,0.005400000000000155
60,4,0,0.04050000000000065,0.005220000000000082,0.005400000000000155,0.005400000000000155
61,4,0,0.04050000000000065,0.005220000000000082,0.005400000000000155,0.005400000000000155
62,4,0,0.04050000000000065,0.005220000000000082,0.005400000000000155,0.005400000000000155
63,4,0,0.04050000000000065,0.005220000000000082,0.005400000000000155,0.005400000000000155
64,4,0,0.04050000000000065,0.005220000000000082,0.005400000000000155,0.005400000000000155
65,4,0,0.04050000000000065,0.005220000000000082,0.005400000000000155,0.005400000000000155
66,4,0,0.04050000000000065,0.005220000000000082,0.005400000000000155,0.005400000000000155
67,4,0,0.04050000000000065,0.005220000000000082,0.005400000000000155,0.005400000000000155
68,4,0,0.04050000000000065,0.005220000000000082,0.005400000000000155,0.005400000000000155
69,4,0,0.04050000000000065,0.005220000000000082,0.005400000000000155,0.005400000000000155
70,4,0,0.04050000000000065,0.005220000000000082,0.005400000000000155,0.005400000000000155
71,4,0,0.04050000000000065,0.005220000000000082,0.005400000000000155,0.005400000000000155
72,4,0,0.04050000000000065,0.005220000000000082,0.005400000000000155,0.005400000000000155
73,4,0,0.04050000000000065,0.005220000000000082,0.005400000000000155,0.005400000000000155
74,4,0,0.04050000000000065,0.005220000000000082,0.005400000000000155,0.005400000000000155
75,4,0,0.04050000000000065,0.005220000000000082,0.005400000000000155,0.005400000000000155
76,4,0,0.04050000000000065,0.005220000000000082,0.005400000000000155,0.005400000000000155
77,4,0,0.04050000000000065,0.005220000000000082,0.005400000000000155,0.005400000000000155
78,4,0,0.04050000000000065,0.005220000000000082,0.005400000000000155,0.005400000000000155
79,4,0,0.04050000000000065,0.005220000000000082,0.005400000000000155,0.005400000000000155
80,4,0,0.04050000000000065,0.005220000000000082,0.005400000000000155,0.005400000000000155
81,4,0,0.04050000000000065,0.005220000000000082,0.005400000000000155,0.005400000000000155
82,4,0,0.04050000000000065,0.005220000000000082,0.005400000000000155,0.005400000000000155
83,4,0,0.04050000000000065,0.005220000000000082,0.005400000000000155,0.005400000000000155
84,4,0,0.04050000000000065,0.005220000000000082,0.005400000000000155,0.005400000000000155
85,4,0,0.04050000000000065,0.005220000000000082,0.005400000000000155,0.005400000000000155
86,4,0,0.04050000000000065,0.005220000000000082,0.005400000000000155,0.005400000000000155
87,4,0,0.04050000000000065,0.005220000000000082,0.005400000000000155,0.005400000000000155
88,4,0,0.04050000000000065,0.005220000000000082,0.005400000000000155,0.005400000000000155
89,4,0,0.04050000000000065,0.005220000000000082,0.005400000000000155,0.005400000000000155
90,4,0,0.04050000000000065,0.005220000000000082,0.005400000000000155,0.005400000000000155
91,4,0,0.04050000000000065,0.005220000000000082,0.005400000000000155,0.005400000000000155
92,4,0,0.04050000000000065,0.005220000000000082,0.005400000000000155,0.005400000000000155
93,4,0,0.04050000000000065,0.005220000000000082,0.005400000000000155,0.005400000000000155
94,4,0,0.04050000000000065,0.005220000000000082,0.005400000000000155,0.005400000000000155
95,4,0,0.04050000000000065,0.005220000000000082,0.005400000000000155,0.005400000000000155
96,4,0,0.04050000000000065,0.005220000000000082,0.005400000000000155,0.005400000000000155
97,4,0,0.04050000000000065,0.005220000000000082,0.005400000000000155,0.005400000000000155
98,4,0,0.04050000000000065,0.005220000000000082,0.005400000000000155,0.005400000000000155
99,4,0,0.04050000000000065,0.005220000000000082,0.005400000000000155,0.005400000000000155
100,4,0,0.04050000000000065,0.005220000000000082,0.005400000000000155,0.005400000000000155
101,4,0,0.04050000000000065,0.005220000000000082,0.005400000000000155,0.005400000000000155
102,4,0,0.04050000000000065,0.005220000000000082,0.005400000000000155,0.005400000000000155
103,4,0,0.04050000000000065,0.005220000000000082,0.005400000000000155,0.005400000000000155
104,4,0,0.04050000000000065,0.005220000000000082,0.005400000000000155,0.005400000000000155
105,4,0,0.04050000000000065,0.005220000000000082,0.005400000000000155,0.005400000000000155
106,4,0,0.04050000000000065,0.005220000000000082,0.005400000000000155,0.005400000000000155
107,4,0,0.04050000000000065,0.005220000000000082,0.005400000000000155,0.005400000000000155
108,4,0,0.04050000000000065,0.005220000000000082,0.005400000000000155,0.005400000000000155
109,4,0,0.04050000000000065,0.005220000000000082,0.005400000000000155,0.005400000000000155
110,4,0,0.04050000000000065,0.005220000000000082,0.005400000000000155,0.005400000000000155
111,4,0,0.04050000000000065,0.005220000000000082,0.005400000000000155,0.005400000000000155
112,4,0,0.04050000000000065,0.005220000000000082,0.005400000000000155,0.005400000000000155
113,4,0,0.04050000000000065,0.005220000000000082,0.005400000000000155,0.005400000000000155
114,4,0,0.04050000000000065,0.005220000000000082,0.005400000000000155,0.005400000000000155
115,4,0,0.04050000000000065,0.005220000000000082,0.005400000000000155,0.005400000000000155
116,4,0,0.04050000000000065,0.005220000000000082,0.005400000000000155,0.005400000000000155
117,4,0,0.04050000000000065,0.005220000000000082,0.005400000000000155,0.005400000000000155
118,4,0,0.04050000000000065,0.005220000000000082,0.005400000000000155,0.005400000000000155
119,4,0,0.04050000000000065,0.005220000000000082,0.005400000000000155,0.005400000000000155
120,4,0,0.04050000000000065,0.005220000000000082,0.005400000000000155,0.005400000000000155
121,4,0,0.04050000000000065,0.005220000000000082,0.005400000000000155,0.005400000000000155
122,4,0,0.04050000000000065,0.005220000000000082,0.005400000000000155,0.005400000000000155
123,4,0,0.04050000000000065,0.005220000000000082,0.005400000000000155,0.005400000000000155
124,4,0,0.04050000000000065,0.005220000000000082,0.005400000000000155,0.005400000000000155
125,4,0,0.04050000000000065,0.005220000000000082,0.005400000000000155,0.005400000000000155
126,4,0,0.04050000000000065,0.005220000000000082,0.005400000000000155,0.005400000000000155
127,4,0,0.04050000000000065,0.005220000000000082,0.005400000000000155,0.005400000000000155
128,4,0,0.04050000000000065,0.005220000000000082,0.005400000000000155,0.005400000000000155
129,4,0,0.04050000000000065,0.005220000000000082,0.005400000000000155,0.005400000000000155
130,4,0,0.04050000000000065,0.005220000000000082,0.005400000000000155,0.005400000000000155
131,4,0,0.04050000000000065,0.005220000000000082,0.005400000000000155,0.005400000000000155
132,4,0,0.04050000000000065,0.005220000000000082,0.005400000000000155,0.005400000000000155
133,4,0,0.04050000000000065,0.005220000000000082,0.005400000000000155,0.005400000000000155
134,4,0,0.04050000000000065,0.005220000000000082,0.005400000000000155,0.005400000000000155
135,4,0,0.04050000000000065,0.005220000000000082,0.005400000000000155,0.005400000000000155
136,4,0,0.04050000000000065,0.005220000000000082,0.005400000000000155,0.005400000000000155
137,4,0,0.04050000000000065,0.005220000000000082,0.005400000000000155,0.005400000000000155
138,4,0,0.04050000000000065,0.005220000000000082,0.005400000000000155,0.005400000000000155
139,4,0,0.04050000000000065,0.005220000000000082,0.005400000000000155,0.005400000000000155
140,4,0,0.04050000000000065,0.005220000000000082,0.005400000000000155,0.005400000000000155
141,4,0,0.04050000000000065,0.005220000000000082,0.005400000000000155,0.005400000000000155
142,4,0,0.04050000000000065,0.005220000000000082,0.005400000000000155,0.005400000000000155
143,4,0,0.04050000000000065,0.005220000000000082,0.005400000000000155,0.005400000000000155
144,4,0,0.04050000000000065,0.005220000000000082,0.005400000000000155,0.005400000000000155
145,4,0,0.04050000000000065,0.005220000000000082,0.005400000000000155,0.005400000000000155
146,4,0,0.04050000000000065,0.005220000000000082,0.005400000000000155,0.005400000000000155
147,4,0,0.04050000000000065,0.005220000000000082,0.005400000000000155,0.005400000000000155
148,4,0,0.04050000000000065,0.005220000000000082,0.005400000000000155,0.005400000000000155
149,4,0,0.04050000000000065,0.005220000000000082,0.005400000000000155,0.005400000000000155
150,4,0,0.04050000000000065,0.005220000000000082,0.005400000000000155,0.005400000000000155
151,4,0,0.04050000000000065,0.005220000000000082,0.005400000000000155,0.005400000000000155
152,4,0,0.04050000000000065,0.005220000000000082,0.005400000000000155,0.005400000000000155
153,4,0,0.04050000000000065,0.005220000000000082,0.005400000000000155,0.005400000000000155
154,4,0,0.04050000000000065,0.005220000000000082,0.005400000000000155,0.005400000000000155
155,4,0,0.04050000000000065,0.005220000000000082,0.005400000000000155,0.005400000000000155
156,4,0,0.04050000000000065,0.005220000000000082,0.005400000000000155,0.005400000000000155
157,4,0,0.04050000000000065,0.005220000000000082,0.005400000000000155,0.005400000000000155
158,4,0,0.04050000000000065,0.005220000000000082,0.005400000000000155,0.005400000000000155
159,4,0,0.04050000000000065,0.005220000000000082,0.005400000000000155,0.005400000000000155
160,4,0,0.04050000000000065,0.005220000000000082,0.005400000000000155,0.005400000000000155
161,4,0,0.04050000000000065,0.005220000000000082,0.005400000000000155,0.005400000000000155
162,4,0,0.04050000000000065,0.005220000000000082,0.005400000000000155,0.005400000000000155
163,4,0,0.04050000000000065,0.005220000000000082,0.005400000000000155,0.005400000000000155
164,4,0,0.04050000000000065,0.005220000000000082,0.005400000000000155,0.005400000000000155
165,4,0,0.04050000000000065,0.005220000000000082,0.005400000000000155,0.005400000000000155
166,4,0,0.04050000000000065,0.005220000000000082,0.005400000000000155,0.005400000000000155
167,4,0,0.04050000000000065,0.005220000000000082,0.005400000000000155,0.005400000000000155
168,4,0,0.04050000000000065,0.005220000000000082,0.005400000000000155,0.005400000000000155
169,4,0,0.04050000000000065,0.005220000000000082,0.005400000000000155,0.005400000000000155
170,4,0,0.04050000000000065,0.005220000000000082,0.005400000000000155,0.005400000000000155
171,4,0,0.04050000000000065,0.005220000000000082,0.005400000000000155,0.005400000000000155
172,4,0,0.04050000000000065,0.005220000000000082,0.005400000000000155,0.005400000000000155
173,4,0,0.04050000000000065,0.005220000000000082,0.005400000000000155,0.005400000000000155
174,4,0,0.04050000000000065,0.005220000000000082,0.005400000000000155,0.005400000000000155
175,4,0,0.04050000000000065,0.005220000000000082,0.005400000000000155,0.005400000000000155
176,4,0,0.04050000000000065,0.005220000000000082,0.005400000000000155,0.005400000000000155
177,4,0,0.04050000000000065,0.005220000000000082,0.005400000000000155,0.005400000000000155
178,4,0,0.04050000000000065,0.005220000000000082,0.005400000000000155,0.005400000000000155
179,4,0,0.04050000000000065,0.005220000000000082,0.005400000000000155,0.005400000000000155
180,4,0,0.04050000000000065,0.005220000000000082,0.005400000000000155,0.005400000000000155
181,4,0,0.04050000000000065,0.005220000000000082,0.005400000000000155,0.005400000000000155
182,4,0,0.04050000000000065,0.005220000000000082,0.005400000000000155,0.005400000000000155
183,4,0,0.04050000000000065,0.005220000000000082,0.005400000000000155,0.005400000000000155
184,4,0,0.04050000000000065,0.005220000000000082,0.005400000000000155,0.005400000000000155
185,4,0,0.04050000000000065,0.005220000000000082,0.005400000000000155,0.005400000000000155
186,4,0,0.04050000000000065,0.005220000000000082,0.005400000000000155,0.005400000000000155
187,4,0,0.04050000000000065,0.005220000000000082,0.005400000000000155,0.005400000000000155
188,4,0,0.04050000000000065,0.005220000000000082,0.005400000000000155,0.005400000000000155
189,4,0,0.04050000000000065,0.005220000000000082,0.005400000000000155,0.005400000000000155
190,4,0,0.04050000000000065,0.005220000000000082,0.005400000000000155,0.005400000000000155
191,4,0,0.04050000000000065,0.005220000000000082,0.005400000000000155,0.005400000000000155
192,4,0,0.04050000000000065,0.005220000000000082,0.005400000000000155,0.005400000000000155
193,4,0,0.04050000000000065,0.005220000000000082,0.005400000000000155,0.005400000000000155
194,4,0,0.04050000000000065,0.005220000000000082,0.005400000000000155,0.005400000000000155
195,4,0,0.04050000000000065,0.005220000000000082,0.005400000000000155,0.005400000000000155
196,4,0,0.04050000000000065,0.005220000000000082,0.005400000000000155,0.005400000000000155
197,4,0,0.04050000000000065,0.005220000000000082,0.005400000000000155,0.005400000000000155
198,4,0,0.04050000000000065,0.005220000000000082,0.005400000000000155,0.005400000000000155
199,4,0,0.04050000000000065,0.005220000000000082,0.005400000000000155,0.005400000000000155
200,4,0,0.04050000000000065,0.005220000000000082,0.005400000000000155,0.005400000000000155
201,4,0,0.04050000000000065,0.005220000000000082,0.005400000000000155,0.005400000000000155
202,4,0,0.04050000000000065,0.005220000000000082,0.005400000000000155,0.005400000000000155
203,4,0,0.04050000000000065,0.005220000000000082,0.005400000000000155,0.005400000000000155
204,4,0,0.04050000000000065,0.005220000000000082,0.005400000000000155,0.005400000000000155
205,4,0,0.04050000000000065,0.005220000000000082,0.005400000000000155,0.005400000000000155
206,4,0,0.04050000000000065,0.005220000000000082,0.005400000000000155,0.005400000000000155
207,4,0,0.04050000000000065,0.005220000000000082,0.005400000000000155,0.005400000000000155
208,4,0,0.04050000000000065,0.005220000000000082,0.005400000000000155,0.005400000000000155
209,4,0,0.04050000000000065,0.005220000000000082,0.005400000000000155,0.005400000000000155
210,4,0,0.04050000000000065,0.005220000000000082,0.005400000000000155,0.005400000000000155
211,4,0,0.04050000000000065,0.005220000000000082,0.005400000000000155,0.005400000000000155
212,4,0,0.04050000000000065,0.005220000000000082,0.005400000000000155,0.005400000000000155
213,4,0,0.04050000000000065,0.005220000000000082,0.005400000000000155,0.005400000000000155
214,4,0,0.04050000000000065,0.005220000000000082,0.005400000000000155,0.005400000000000155
215,4,0,0.04050000000000065,0.005220000000000082,0.005400000000000155,0.005400000000000155
216,4,0,0.04050000000000065,0.005220000000000082,0.005400000000000155,0.005400000000000155
217,4,0,0.04050000000000065,0.005220000000000082,0.005400000000000155,0.005400000000000155
218,4,0,0.04050000000000065,0.005220000000000082,0.005400000000000155,0.005400000000000155
219,4,0,0.04050000000000065,0.005220000000000082,0.005400000000000155,0.005400000000000155
220,4,0,0.04050000000000065,0.005220000000000082,0.005400000000000155,0.005400000000000155
221,4,0,0.04050000000000065,0.005220000000000082,0.005400000000000155,0.005400000000000155
222,4,0,0.04050000000000065,0.005220000000000082,0.005400000000000155,0.005400000000000155
223,4,0,0.04050000000000065,0.005220000000000082,0.005400000000000155,0.005400000000000155
224,4,0,0.04050000000000065,0.005220000000000082,0.005400000000000155,0.005400000000000155
225,4,0,0.04050000000000065,0.005220000000000082,0.005400000000000155,0.005400000000000155
226,4,0,0.04050000000000065,0.005220000000000082,0.005400000000000155,0.005400000000000155
227,4,0,0.04050000000000065,0.005220000000000082,0.005400000000000155,0.005400000000000155
228,4,0,0.04050000000000065,0.005220000000000082,0.005400000000000155,0.005400000000000155
229,4,0,0.04050000000000065,0.005220000000000082,0.005400000000000155,0.005400000000000155
230,4,0,0.04050000000000065,0.005220000000000082,0.005400000000000155,0.005400000000000155
231,4,0,0.04050000000000065,0.005220000000000082,0.005400000000000155,0.005400000000000155
232,4,0,0.04050000000000065,0.005220000000000082,0.005400000000000155,0.005400000000000155
233,4,0,0.04050000000000065,0.005220000000000082,0.005400000000000155,0.005400000000000155
234,4,0,0.04050000000000065,0.005220000000000082,0.005400000000000155,0.005400000000000155
235,4,0,0.04050000000000065,0.005220000000000082,0.005400000000000155,0.005400000000000155
236,4,0,0.04050000000000065,0.005220000000000082,0.005400000000000155,0.005400000000000155
237,4,0,0.04050000000000065,0.005220000000000082,0.005400000000000155,0.005400000000000155
238,4,0,0.04050000000000065,0.005220000000000082,0.005400000000000155,0.005400000000000155
239,4,0,0.04050000000000065,0.005220000000000082,0.005400000000000155,0.005400000000000155
240,4,0,0.04050000000000065,0.005220000000000082,0.005400000000000155,0.005400000000000155
241,4,0,0.04050000000000065,0.005220000000000082,0.005400000000000155,0.005400000000000155
242,4,0,0.04050000000000065,0.005220000000000082,0.005400000000000155,0.005400000000000155
243,4,0,0.04050000000000065,0.005220000000000082,0.005400000000000155,0.005400000000000155
244,4,0,0.04050000000000065,0.005220000000000082,0.005400000000000155,0.005400000000000155
245,4,0,0.04050000000000065,0.005220000000000082,0.005400000000000155,0.005400000000000155
246,4,0,0.04050000000000065,0.005220000000000082,0.005400000000000155,0.005400000000000155
247,4,0,0.04050000000000065,0.005220000000000082,0.005400000000000155,0.005400000000000155
248,4,0,0.04050000000000065,0.005220000000000082,0.005400000000000155,0.005400000000000155
249,4,0,0.04050000000000065,0.005220000000000082,0.005400000000000155,0.005400000000000155
250,4,0,0.04050000000000065,0.005220000000000082,0.005400000000000155,0.005400000000000155
251,4,0,0.04050000000000065,0.005220000000000082,0.005400000000000155,0.005400000000000155
252,4,0,0.04050000000000065,0.005220000000000082,0.005400000000000155,0.005400000000000155
253,4,0,0.04050000000000065,0.005220000000000082,0.005400000000000155,0.005400000000000155
254,4,0,0.04050000000000065,0.005220000000000082,0.005400000000000155,0.005400000000000155
255,4,0,0.04050000000000065,0.005220000000000082,0.005400000000000155,0.005400000000000155
256,4,0,0.04050000000000065,0.005220000000000082,0.005400000000000155,0.005400000000000155
257,4,0,0.04050000000000065,0.005220000000000082,0.005400000000000155,0.005400000000000155
258,4,0,0.04050000000000065,0.005220000000000082,0.005400000000000155,0.005400000000000155
259,4,0,0.04050000000000065,0.005220000000000082,0.005400000000000155,0.005400000000000155
260,4,0,0.04050000000000065,0.005220000000000082,0.005400000000000155,0.005400000000000155
261,4,0,0.04050000000000065,0.005220000000000082,0.005400000000000155,0.005400000000000155
262,4,0,0.04050000000000065,0.005220000000000082,0.005400000000000155,0.005400000000000155
263,4,0,0.04050000000000065,0.005220000000000082,0.005400000000000155,0.005400000000000155
264,4,0,0.04050000000000065,0.005220000000000082,0.005400000000000155,0.005400000000000155
265,4,0,0.04050000000000065,0.005220000000000082,0.005400000000000155,0.005400000000000155
266,4,0,0.04050000000000065,0.005220000000000082,0.005400000000000155,0.005400000000000155
267,4,0,0.04050000000000065,0.005220000000000082,0.005400000000000155,0.005400000000000155
268,4,0,0.04050000000000065,0.005220000000000082,0.005400000000000155,0.005400000000000155
269,4,0,0.04050000000000065,0.005220000000000082,0.005400000000000155,0.005400000000000155
270,4,0,0.04050000000000065,0.005220000000000082,0.005400000000000155,0.005400000000000155
271,4,0,0.04050000000000065,0.005220000000000082,0.005400000000000155,0.005400000000000155
272,4,0,0.04050000000000065,0.005220000000000082,0.005400000000000155,0.005400000000000155
273,4,0,0.04050000000000065,0.005220000000000082,0.005400000000000155,0.005400000000000155
274,4,0,0.04050000000000065,0.005220000000000082,0.005400000000000155,0.005400000000000155
275,4,0,0.04050000000000065,0.005220000000000082,0.005400000000000155,0.005400000000000155
276,4,0,0.04050000000000065,0.005220000000000082,0.005400000000000155,0.005400000000000155
277,4,0,0.04050000000000065,0.005220000000000082,0.005400000000000155,0.005400000000000155
278,4,0,0.04050000000000065,0.005220000000000082,0.005400000000000155,0.005400000000000155
279,4,0,0.04050000000000065,0.005220000000000082,0.005400000000000155,0.005400000000000155
280,4,0,0.04050000000000065,0.005220000000000082,0.005400000000000155,0.005400000000000155
281,4,0,0.04050000000000065,0.005220000000000082,0.005400000000000155,0.005400000000000155
282,4,0,0.04050000000000065,0.005220000000000082,0.005400000000000155,0.005400000000000155
283,4,0,0.04050000000000065,0.005220000000000082,0.005400000000000155,0.005400000000000155
284,4,0,0.04050000000000065,0.005220000000000082,0.005400000000000155,0.005400000000000155
285,4,0,0.04050000000000065,0.005220000000000082,0.005400000000000155,0.005400000000000155
286,4,0,0.04050000000000065,0.005220000000000082,0.005400000000000155,0.005400000000000155
287,4,0,0.04050000000000065,0.005220000000000082,0.005400000000000155,0.005400000000000155
288,4,0,0.04050000000000065,0.005220000000000082,0.005400000000000155,0.005400000000000155
289,4,0,0.04050000000000065,0.005220000000000082,0.005400000000000155,0.005400000000000155
290,4,0,0.04050000000000065,0.005220000000000082,0.005400000000000155,0.005400000000000155
291,4,0,0.04050000000000065,0.005220000000000082,0.005400000000000155,0.005400000000000155
292,4,0,0.04050000000000065,0.005220000000000082,0.005400000000000155,0.005400000000000155
293,4,0,0.04050000000000065,0.005220000000000082,0.005400000000000155,0.005400000000000155
294,4,0,0.04050000000000065,0.005220000000000082,0.005400000000000155,0.005400000000000155
295,4,0,0.04050000000000065,0.005220000000000082,0.005400000000000155,0.005400000000000155
296,4,0,0.04050000000000065,0.005220000000000082,0.005400000000000155,0.005400000000000155
297,4,0,0.04050000000000065,0.005220000000000082,0.005400000000000155,0.005400000000000155
298,4,0,0.04050000000000065,0.005220000000000082,0.005400000000000155,0.005400000000000155
299,4,0,0.04050000000000065,0.005220000000000082,0.005400000000000155,0.005400000000000155
300,4,0,0.04050000000000065,0.005220000000000082,0.005400000000000155,0.005400000000000155
301,4,0,0.04050000000000065,0.005220000000000082,0.005400000000000155,0.005400000000000155
302,4,0,0.04050000000000065,0.005220000000000082,0.005400000000000155,0.005400000000000155
303,4,0,0.04050000000000065,0.005220000000000082,0.005400000000000155,0.005400000000000155
304,4,0,0.04050000000000065,0.005220000000000082,0.005400000000000155,0.005400000000000155
305,4,0,0.04050000000000065,0.005220000000000082,0.005400000000000155,0.005400000000000155
306,4,0,0.04050000000000065,0.005220000000000082,0.005400000000000155,0.005400000000000155
307,4,0,0.04050000000000065,0.005220000000000082,0.005400000000000155,0.005400000000000155
308,4,0,0.04050000000000065,0.005220000000000082,0.005400000000000155,0.005400000000000155
309,4,0,0.04050000000000065,0.005220000000000082,0.005400000000000155,0.005400000000000155
310,4,0,0.04050000000000065,0.005220000000000082,0.005400000000000155,0.005400000000000155
311,4,0,0.04050000000000065,0.005220000000000082,0.005400000000000155,0.005400000000000155
312,4,0,0.04050000000000065,0.005220000000000082,0.005400000000000155,0.005400000000000155
313,4,0,0.04050000000000065,0.005220000000000082,0.005400000000000155,0.005400000000000155
314,4,0,0.04050000000000065,0.005220000000000082,0.005400000000000155,0.005400000000000155
315,4,0,0.04050000000000065,0.005220000000000082,0.005400000000000155,0.005400000000000155
316,4,0,0.04050000000000065,0.005220000000000082,0.005400000000000155,0.005400000000000155
317,4,0,0.04050000000000065,0.005220000000000082,0.005400000000000155,0.005400000000000155
318,4,0,0.04050000000000065,0.005220000000000082,0.005400000000000155,0.005400000000000155
319,4,0,0.04050000000000065,0.005220000000000082,0.005400000000000155,0.005400000000000155
320,4,0,0.04050000000000065,0.005220000000000082,0.005400000000000155,0.005400000000000155
321,4,0,0.04050000000000065,0.005220000000000082,0.005400000000000155,0.005400000000000155
322,4,0,0.04050000000000065,0.005220000000000082,0.005400000000000155,0.005400000000000155
323,4,0,0.04050000000000065,0.005220000000000082,0.005400000000000155,0.005400000000000155
324,4,0,0.04050000000000065,0.005220000000000082,0.005400000000000155,0.005400000000000155
325,4,0,0.04050000000000065,0.005220000000000082,0.005400000000000155,0.005400000000000155
326,4,0,0.04050000000000065,0.005220000000000082,0.005400000000000155,0.005400000000000155
327,4,0,0.04050000000000065,0.005220000000000082,0.005400000000000155,0.005400000000000155
328,4,0,0.04050000000000065,0.005220000000000082,0.005400000000000155,0.005400000000000155
329,4,0,0.04050000000000065,0.005220000000000082,0.005400000000000155,0.005400000000000155
330,4,0,0.04050000000000065,0.005220000000000082,0.005400000000000155,0.005400000000000155
331,4,0,0.04050000000000065,0.005220000000000082,0.005400000000000155,0.005400000000000155
332,4,0,0.04050000000000065,0.005220000000000082,0.005400000000000155,0.005400000000000155
333,4,0,0.04050000000000065,0.005220000000000082,0.005400000000000155,0.005400000000000155
334,4,0,0.04050000000000065,0.005220000000000082,0.005400000000000155,0.005400000000000155
335,4,0,0.04050000000000065,0.005220000000000082,0.005400000000000155,0.005400000000000155
336,4,0,0.04050000000000065,0.005220000000000082,0.005400000000000155,0.005400000000000155
337,4,0,0.04050000000000065,0.005220000000000082,0.005400000000000155,0.005400000000000155
338,4,0,0.04050000000000065,0.005220000000000082,0.005400000000000155,0.005400000000000155
339,4,0,0.04050000000000065,0.005220000000000082,0.005400000000000155,0.005400000000000155
340,4,0,0.04050000000000065,0.005220000000000082,0.005400000000000155,0.005400000000000155
341,4,0,0.04050000000000065,0.005220000000000082,0.005400000000000155,0.005400000000000155
342,4,0,0.04050000000000065,0.005220000000000082,0.005400000000000155,0.005400000000000155
343,4,0,0.04050000000000065,0.005220000000000082,0.005400000000000155,0.005400000000000155
344,4,0,0.04050000000000065,0.005220000000000082,0.005400000000000155,0.005400000000000155
345,4,0,0.04050000000000065,0.005220000000000082,0.005400000000000155,0.005400000000000155
346,4,0,0.04050000000000065,0.005220000000000082,0.005400000000000155,0.005400000000000155
347,4,0,0.04050000000000065,0.005220000000000082,0.005400000000000155,0.005400000000000155
348,4,0,0.04050000000000065,0.005220000000000082,0.005400000000000155,0.005400000000000155
349,4,0,0.04050000000000065,0.005220000000000082,0.005400000000000155,0.005400000000000155
350,4,0,0.04050000000000065,0.005220000000000082,0.005400000000000155,0.005400000000000155
351,4,0,0.04050000000000065,0.005220000000000082,0.005400000000000155,0.005400000000000155
352,4,0,0.04050000000000065,0.005220000000000082,0.005400000000000155,0.005400000000000155
353,4,0,0.04050000000000065,0.005220000000000082,0.005400000000000155,0.005400000000000155
354,4,0,0.04050000000000065,0.005220000000000082,0.005400000000000155,0.005400000000000155
355,4,0,0.04050000000000065,0.005220000000000082,0.005400000000000155,0.005400000000000155
356,4,0,0.04050000000000065,0.005220000000000082,0.005400000000000155,0.005400000000000155
357,4,0,0.04050000000000065,0.005220000000000082,0.005400000000000155,0.005400000000000155
358,4,0,0.04050000000000065,0.005220000000000082,0.005400000000000155,0.005400000000000155
359,4,0,0.04050000000000065,0.005220000000000082,0.005400000000000155,0.005400000000000155
360,4,0,0.04050000000000065,0.005220000000000082,0.005400000000000155,0.005400000000000155
361,4,0,0.04050000000000065,0.005220000000000082,0.005400000000000155,0.005400000000000155
362,4,0,0.04050000000000065,0.005220000000000082,0.005400000000000155,0.005400000000000155
363,4,0,0.04050000000000065,0.005220000000000082,0.005400000000000155,0.005400000000000155
364,4,0,0.04050000000000065,0.005220000000000082,0.005400000000000155,0.005400000000000155
365,4,0,0.04050000000000065,0.005220000000000082,0.005400000000000155,0.005400000000000155
366,4,0,0.04050000000000065,0.005220000000000082,0.005400000000000155,0.005400000000000155
367,4,0,0.04050000000000065,0.005220000000000082,0.005400000000000155,0.005400000000000155
368,4,0,0.04050000000000065,0.005220000000000082,0.005400000000000155,0.005400000000000155
369,4,0,0.04050000000000065,0.005220000000000082,0.005400000000000155,0.005400000000000155
370,4,0,0.04050000000000065,0.005220000000000082,0.005400000000000155,0.005400000000000155
371,4,0,0.04050000000000065,0.005220000000000082,0.005400000000000155,0.005400000000000155
372,4,0,0.04050000000000065,0.005220000000000082,0.005400000000000155,0.005400000000000155
373,4,0,0.04050000000000065,0.005220000000000082,0.005400000000000155,0.005400000000000155
374,4,0,0.04050000000000065,0.005220000000000082,0.005400000000000155,0.005400000000000155
375,4,0,0.04050000000000065,0.005220000000000082,0.005400000000000155,0.005400000000000155
376,4,0,0.04050000000000065,0.005220000000000082,0.005400000000000155,0.005400000000000155
377,4,0,0.04050000000000065,0.005220000000000082,0.005400000000000155,0.005400000000000155
378,4,0,0.04050000000000065,0.005220000000000082,0.005400000000000155,0.005400000000000155
379,4,0,0.04050000000000065,0.005220000000000082,0.005400000000000155,0.005400000000000155
380,4,0,0.04050000000000065,0.005220000000000082,0.005400000000000155,0.005400000000000155
381,4,0,0.04050000000000065,0.005220000000000082,0.005400000000000155,0.005400000000000155
382,4,0,0.04050000000000065,0.005220000000000082,0.005400000000000155,0.005400000000000155
383,4,0,0.04050000000000065,0.005220000000000082,0.005400000000000155,0.005400000000000155
384,4,0,0.04050000000000065,0.005220000000000082,0.005400000000000155,0.005400000000000155
385,4,0,0.04050000000000065,0.005220000000000082,0.005400000000000155,0.005400000000000155
386,4,0,0.04050000000000065,0.005220000000000082,0.005400000000000155,0.005400000000000155
387,4,0,0.04050000000000065,0.005220000000000082,0.005400000000000155,0.005400000000000155
388,4,0,0.04050000000000065,0.005220000000000082,0.005400000000000155,0.005400000000000155
389,4,0,0.04050000000000065,0.005220000000000082,0.005400000000000155,0.005400000000000155
390,4,0,0.04050000000000065,0.005220000000000082,0.005400000000000155,0.005400000000000155
391,4,0,0.04050000000000065,0.005220000000000082,0.005400000000000155,0.005400000000000155
392,4,0,0.04050000000000065,0.005220000000000082,0.005400000000000155,0.005400000000000155
393,4,0,0.04050000000000065,0.005220000000000082,0.005400000000000155,0.005400000000000155
394,4,0,0.04050000000000065,0.005220000000000082,0.005400000000000155,0.005400000000000155
395,4,0,0.04050000000000065,0.005220000000000082,0.005400000000000155,0.005400000000000155
396,4,0,0.04050000000000065,0.005220000000000082,0.005400000000000155,0.005400000000000155
397,4,0,0.04050000000000065,0.005220000000000082,0.005400000000000155,0.005400000000000155
398,4,0,0.04050000000000065,0.005220000000000082,0.005400000000000155,0.005400000000000155
399,4,0,0.04050000000000065,0.005220000000000082,0.005400000000000155,0.005400000000000155
400,4,0,0.04050000000000065,0.005220000000000082,0.005400000000000155,0.005400000000000155
401,4,0,0.04050000000000065,0.005220000000000082,0.005400000000000155,0.005400000000000155
402,4,0,0.04050000000000065,0.005220000000000082,0.005400000000000155,0.005400000000000155
403,4,0,0.04050000000000065,0.005220000000000082,0.005400000000000155,0.005400000000000155
404,4,0,0.04050000000000065,0.005220000000000082,0.005400000000000155,0.005400000000000155
405,4,0,0.04050000000000065,0.005220000000000082,0.005400000000000155,0.005400000000000155
406,4,0,0.04050000000000065,0.005220000000000082,0.005400000000000155,0.005400000000000155
407,4,0,0.04050000000000065,0.005220000000000082,0.005400000000000155,0.005400000000000155
408,4,0,0.04050000000000065,0.005220000000000082,0.005400000000000155,0.005400000000000155
409,4,0,0.04050000000000065,0.005220000000000082,0.005400000000000155,0.005400000000000155
410,4,0,0.04050000000000065,0.005220000000000082,0.005400000000000155,0.005400000000000155
411,4,0,0.04050000000000065,0.005220000000000082,0.005400000000000155,0.005400000000000155
412,4,0,0.04050000000000065,0.005220000000000082,0.005400000000000155,0.005400000000000155
413,4,0,0.04050000000000065,0.005220000000000082,0.005400000000000155,0.005400000000000155
414,4,0,0.04050000000000065,0.005220000000000082,0.005400000000000155,0.005400000000000155
415,4,0,0.04050000000000065,0.005220000000000082,0.005400000000000155,0.005400000000000155
416,4,0,0.04050000000000065,0.005220000000000082,0.005400000000000155,0.005400000000000155
417,4,0,0.04050000000000065,0.005220000000000082,0.005400000000000155,0.005400000000000155
418,4,0,0.04050000000000065,0.005220000000000082,0.005400000000000155,0.005400000000000155
419,4,0,0.04050000000000065,0.005220000000000082,0.005400000000000155,0.005400000000000155
420,4,0,0.04050000000000065,0.005220000000000082,0.005400000000000155,0.005400000000000155
421,4,0,0.04050000000000065,0.005220000000000082,0.005400000000000155,0.005400000000000155
422,4,0,0.04050000000000065,0.005220000000000082,0.005400000000000155,0.005400000000000155
423,4,0,0.04050000000000065,0.005220000000000082,0.005400000000000155,0.005400000000000155
424,4,0,0.04050000000000065,0.005220000000000082,0.005400000000000155,0.005400000000000155
425,4,0,0.04050000000000065,0.005220000000000082,0.005400000000000155,0.005400000000000155
426,4,0,0.04050000000000065,0.005220000000000082,0.005400000000000155,0.005400000000000155
427,4,0,0.04050000000000065,0.005220000000000082,0.005400000000000155,0.005400000000000155
428,4,0,0.04050000000000065,0.005220000000000082,0.005400000000000155,0.005400000000000155
429,4,0,0.04050000000000065,0.005220000000000082,0.005400000000000155,0.005400000000000155
430,4,0,0.04050000000000065,0.005220000000000082,0.005400000000000155,0.005400000000000155
431,4,0,0.04050000000000065,0.005220000000000082,0.005400000000000155,0.005400000000000155
432,4,0,0.04050000000000065,0.005220000000000082,0.005400000000000155,0.005400000000000155
433,4,0,0.04050000000000065,0.005220000000000082,0.005400000000000155,0.005400000000000155
434,4,0,0.04050000000000065,0.005220000000000082,0.005400000000000155,0.005400000000000155
435,4,0,0.04050000000000065,0.005220000000000082,0.005400000000000155,0.005400000000000155
436,4,0,0.04050000000000065,0.005220000000000082,0.005400000000000155,0.005400000000000155
437,4,0,0.04050000000000065,0.005220000000000082,0.005400000000000155,0.005400000000000155
438,4,0,0.04050000000000065,0.005220000000000082,0.005400000000000155,0.005400000000000155
439,4,0,0.04050000000000065,0.005220000000000082,0.005400000000000155,0.005400000000000155
440,4,0,0.04050000000000065,0.005220000000000082,0.005400000000000155,0.005400000000000155
441,4,0,0.04050000000000065,0.005220000000000082,0.005400000000000155,0.005400000000000155
442,4,0,0.04050000000000065,0.005220000000000082,0.005400000000000155,0.005400000000000155
443,4,0,0.04050000000000065,0.005220000000000082,0.005400000000000155,0.005400000000000155
444,4,0,0.04050000000000065,0.005220000000000082,0.005400000000000155,0.005400000000000155
445,4,0,0.04050000000000065,0.005220000000000082,0.005400000000000155,0.005400000000000155
446,4,0,0.04050000000000065,0.005220000000000082,0.005400000000000155,0.005400000000000155
447,4,0,0.04050000000000065,0.005220000000000082,0.005400000000000155,0.005400000000000155
448,4,0,0.04050000000000065,0.005220000000000082,0.005400000000000155,0.005400000000000155
449,4,0,0.04050000000000065,0.005220000000000082,0.005400000000000155,0.005400000000000155
450,4,0,0.04050000000000065,0.005220000000000082,0.005400000000000155,0.005400000000000155
451,4,0,0.04050000000000065,0.005220000000000082,0.005400000000000155,0.005400000000000155
452,4,0,0.04050000000000065,0.005220000000000082,0.005400000000000155,0.005400000000000155
453,4,0,0.04050000000000065,0.005220000000000082,0.005400000000000155,0.005400000000000155
454,4,0,0.04050000000000065,0.005220000000000082,0.005400000000000155,0.005400000000000155
455,4,0,0.04050000000000065,0.005220000000000082,0.005400000000000155,0.005400000000000155
456,4,0,0.04050000000000065,0.005220000000000082,0.005400000000000155,0.005400000000000155
457,4,0,0.04050000000000065,0.005220000000000082,0.005400000000000155,0.005400000000000155
458,4,0,0.04050000000000065,0.005220000000000082,0.005400000000000155,0.005400000000000155
459,4,0,0.04050000000000065,0.005220000000000082,0.005400000000000155,0.005400000000000155
460,4,0,0.04050000000000065,0.005220000000000082,0.005400000000000155,0.005400000000000155
461,4,0,0.04050000000000065,0.005220000000000082,0.005400000000000155,0.005400000000000155
462,4,0,0.04050000000000065,0.005220000000000082,0.005400000000000155,0.005400000000000155
463,4,0,0.04050000000000065,0.005220000000000082,0.005400000000000155,0.005400000000000155
464,4,0,0.04050000000000065,0.005220000000000082,0.005400000000000155,0.005400000000000155
465,4,0,0.04050000000000065,0.005220000000000082,0.005400000000000155,0.005400000000000155
466,4,0,0.04050000000000065,0.005220000000000082,0.005400000000000155,0.005400000000000155
467,4,0,0.04050000000000065,0.005220000000000082,0.005400000000000155,0.005400000000000155
468,4,0,0.04050000000000065,0.005220000000000082,0.005400000000000155,0.005400000000000155
469,4,0,0.04050000000000065,0.005220000000000082,0.005400000000000155,0.005400000000000155
470,4,0,0.04050000000000065,0.005220000000000082,0.005400000000000155,0.005400000000000155
471,4,0,0.04050000000000065,0.005220000000000082,0.005400000000000155,0.005400000000000155
472,4,0,0.04050000000000065,0.005220000000000082,0.005400000000000155,0.005400000000000155
473,4,0,0.04050000000000065,0.005220000000000082,0.005400000000000155,0.005400000000000155
474,4,0,0.04050000000000065,0.005220000000000082,0.005400000000000155,0.005400000000000155
475,4,0,0.04050000000000065,0.005220000000000082,0.005400000000000155,0.005400000000000155
476,4,0,0.04050000000000065,0.005220000000000082,0.005400000000000155,0.005400000000000155
477,4,0,0.04050000000000065,0.005220000000000082,0.005400000000000155,0.005400000000000155
478,4,0,0.04050000000000065,0.005220000000000082,0.005400000000000155,0.005400000000000155
479,4,0,0.04050000000000065,0.005220000000000082,0.005400000000000155,0.005400000000000155
480,4,0,0.04050000000000065,0.005220000000000082,0.005400000000000155,0.005400000000000155
481,4,0,0.04050000000000065,0.005220000000000082,0.005400000000000155,0.005400000000000155
482,4,0,0.04050000000000065,0.005220000000000082,0.005400000000000155,0.005400000000000155
483,4,0,0.04050000000000065,0.005220000000000082,0.005400000000000155,0.005400000000000155
484,4,0,0.04050000000000065,0.005220000000000082,0.005400000000000155,0.005400000000000155
485,4,0,0.04050000000000065,0.005220000000000082,0.005400000000000155,0.005400000000000155
486,4,0,0.04050000000000065,0.005220000000000082,0.005400000000000155,0.005400000000000155
487,4,0,0.04050000000000065,0.005220000000000082,0.005400000000000155,0.005400000000000155
488,4,0,0.04050000000000065,0.005220000000000082,0.005400000000000155,0.005400000000000155
489,4,0,0.04050000000000065,0.005220000000000082,0.005400000000000155,0.005400000000000155
490,4,0,0.04050000000000065,0.005220000000000082,0.005400000000000155,0.005400000000000155
491,4,0,0.04050000000000065,0.005220000000000082,0.005400000000000155,0.005400000000000155
492,4,0,0.04050000000000065,0.005220000000000082,0.005400000000000155,0.005400000000000155
493,4,0,0.04050000000000065,0.005220000000000082,0.005400000000000155,0.005400000000000155
494,4,0,0.04050000000000065,0.005220000000000082,0.005400000000000155,0.005400000000000155
495,4,0,0.04050000000000065,0.005220000000000082,0.005400000000000155,0.005400000000000155
496,4,0,0.04050000000000065,0.005220000000000082,0.005400000000000155,0.005400000000000155
497,4,0,0.04050000000000065,0.005220000000000082,0.005400000000000155,0.005400000000000155
498,4,0,0.04050000000000065,0.005220000000000082,0.005400000000000155,0.005400000000000155
499,4,0,0.04050000000000065,0.005220000000000082,0.005400000000000155,0.005400000000000155
500,4,0,0.04050000000000065,0.005220000000000082,0.005400000000000155,0.005400000000000155
501,4,0,0.04050000000000065,0.005220000000000082,0.005400000000000155,0.005400000000000155
502,4,0,0.04050000000000065,0.005220000000000082,0.005400000000000155,0.005400000000000155
503,4,0,0.04050000000000065,0.005220000000000082,0.005400000000000155,0.005400000000000155
504,4,0,0.04050000000000065,0.005220000000000082,0.005400000000000155,0.005400000000000155
505,4,0,0.04050000000000065,0.005220000000000082,0.005400000000000155,0.005400000000000155
506,4,0,0.04050000000000065,0.005220000000000082,0.005400000000000155,0.005400000000000155
507,4,0,0.04050000000000065,0.005220000000000082,0.005400000000000155,0.005400000000000155
508,4,0,0.04050000000000065,0.005220000000000082,0.005400000000000155,0.005400000000000155
509,4,0,0.04050000000000065,0.005220000000000082,0.005400000000000155,0.005400000000000155
510,4,0,0.04050000000000065,0.005220000000000082,0.005400000000000155,0.005400000000000155
511,4,0,0.04050000000000065,0.005220000000000082,0.005400000000000155,0.005400000000000155
512,4,0,0.04050000000000065,0.005220000000000082,0.005400000000000155,0.005400000000000155
513,4,0,0.04050000000000065,0.005220000000000082,0.005400000000000155,0.005400000000000155
514,4,0,0.04050000000000065,0.005220000000000082,0.005400000000000155,0.005400000000000155
515,4,0,0.04050000000000065,0.005220000000000082,0.005400000000000155,0.005400000000000155
516,4,0,0.04050000000000065,0.005220000000000082,0.005400000000000155,0.005400000000000155
517,4,0,0.04050000000000065,0.005220000000000082,0.005400000000000155,0.005400000000000155
518,4,0,0.04050000000000065,0.005220000000000082,0.005400000000000155,0.005400000000000155
519,4,0,0.04050000000000065,0.005220000000000082,0.005400000000000155,0.005400000000000155
520,4,0,0.04050000000000065,0.005220000000000082,0.005400000000000155,0.005400000000000155
521,4,0,0.04050000000000065,0.005220000000000082,0.005400000000000155,0.005400000000000155
522,4,0,0.04050000000000065,0.005220000000000082,0.005400000000000155,0.005400000000000155
523,4,0,0.04050000000000065,0.005220000000000082,0.005400000000000155,0.005400000000000155
524,4,0,0.04050000000000065,0.005220000000000082,0.005400000000000155,0.005400000000000155
525,4,0,0.04050000000000065,0.005220000000000082,0.005400000000000155,0.005400000000000155
526,4,0,0.04050000000000065,0.005220000000000082,0.005400000000000155,0.005400000000000155
527,4,0,0.04050000000000065,0.005220000000000082,0.005400000000000155,0.005400000000000155
528,4,0,0.04050000000000065,0.005220000000000082,0.005400000000000155,0.005400000000000155
529,4,0,0.04050000000000065,0.005220000000000082,0.005400000000000155,0.005400000000000155
530,4,0,0.04050000000000065,0.005220000000000082,0.005400000000000155,0.005400000000000155
531,4,0,0.04050000000000065,0.005220000000000082,0.005400000000000155,0.005400000000000155
532,4,0,0.04050000000000065,0.005220000000000082,0.005400000000000155,0.005400000000000155
533,4,0,0.04050000000000065,0.005220000000000082,0.005400000000000155,0.005400000000000155
534,4,0,0.04050000000000065,0.005220000000000082,0.005400000000000155,0.005400000000000155
535,4,0,0.04050000000000065,0.005220000000000082,0.005400000000000155,0.005400000000000155
536,4,0,0.04050000000000065,0.005220000000000082,0.005400000000000155,0.005400000000000155
537,4,0,0.04050000000000065,0.005220000000000082,0.005400000000000155,0.005400000000000155
538,4,0,0.04050000000000065,0.005220000000000082,0.005400000000000155,0.005400000000000155
539,4,0,0.04050000000000065,0.005220000000000082,0.005400000000000155,0.005400000000000155
540,4,0,0.04050000000000065,0.005220000000000082,0.005400000000000155,0.005400000000000155
541,4,0,0.04050000000000065,0.005220000000000082,0.005400000000000155,0.005400000000000155
542,4,0,0.04050000000000065,0.005220000000000082,0.005400000000000155,0.005400000000000155
543,4,0,0.04050000000000065,0.005220000000000082,0.005400000000000155,0.005400000000000155
544,4,0,0.04050000000000065,0.005220000000000082,0.005400000000000155,0.005400000000000155
545,4,0,0.04050000000000065,0.005220000000000082,0.005400000000000155,0.005400000000000155
546,4,0,0.04050000000000065,0.005220000000000082,0.005400000000000155,0.005400000000000155
547,4,0,0.04050000000000065,0.005220000000000082,0.005400000000000155,0.005400000000000155
548,4,0,0.04050000000000065,0.005220000000000082,0.005400000000000155,0.005400000000000155
549,4,0,0.04050000000000065,0.005220000000000082,0.005400000000000155,0.005400000000000155
550,4,0,0.04050000000000065,0.005220000000000082,0.005400000000000155,0.005400000000000155
551,4,0,0.04050000000000065,0.005220000000000082,0.005400000000000155,0.005400000000000155
552,4,0,0.04050000000000065,0.005220000000000082,0.005400000000000155,0.005400000000000155
553,4,0,0.04050000000000065,0.005220000000000082,0.005400000000000155,0.005400000000000155
554,4,0,0.04050000000000065,0.005220000000000082,0.005400000000000155,0.005400000000000155
555,4,0,0.04050000000000065,0.005220000000000082,0.005400000000000155,0.005400000000000155
556,4,0,0.04050000000000065,0.005220000000000082,0.005400000000000155,0.005400000000000155
557,4,0,0.04050000000000065,0.005220000000000082,0.005400000000000155,0.005400000000000155
558,4,0,0.04050000000000065,0.005220000000000082,0.005400000000000155,0.005400000000000155
559,4,0,0.04050000000000065,0.005220000000000082,0.005400000000000155,0.005400000000000155
560,4,0,0.04050000000000065,0.005220000000000082,0.005400000000000155,0.005400000000000155
561,4,0,0.04050000000000065,0.005220000000000082,0.005400000000000155,0.005400000000000155
562,4,0,0.04050000000000065,0.005220000000000082,0.005400000000000155,0.005400000000000155
563,4,0,0.04050000000000065,0.005220000000000082,0.005400000000000155,0.005400000000000155
564,4,0,0.04050000000000065,0.005220000000000082,0.005400000000000155,0.005400000000000155
565,4,0,0.04050000000000065,0.005220000000000082,0.005400000000000155,0.005400000000000155
566,4,0,0.04050000000000065,0.005220000000000082,0.005400000000000155,0.005400000000000155
567,4,0,0.04050000000000065,0.005220000000000082,0.005400000000000155,0.005400000000000155
568,4,0,0.04050000000000065,0.005220000000000082,0.005400000000000155,0.005400000000000155
569,4,0,0.04050000000000065,0.005220000000000082,0.005400000000000155,0.005400000000000155
570,4,0,0.04050000000000065,0.005220000000000082,0.005400000000000155,0.005400000000000155
571,4,0,0.04050000000000065,0.005220000000000082,0.005400000000000155,0.005400000000000155
572,4,0,0.04050000000000065,0.005220000000000082,0.005400000000000155,0.005400000000000155
573,4,0,0.04050000000000065,0.005220000000000082,0.005400000000000155,0.005400000000000155
574,4,0,0.04050000000000065,0.005220000000000082,0.005400000000000155,0.005400000000000155
575,4,0,0.04050000000000065,0.005220000000000082,0.005400000000000155,0.005400000000000155
576,4,0,0.04050000000000065,0.005220000000000082,0.005400000000000155,0.005400000000000155
577,4,0,0.04050000000000065,0.005220000000000082,0.005400000000000155,0.005400000000000155
578,4,0,0.04050000000000065,0.005220000000000082,0.005400000000000155,0.005400000000000155
579,4,0,0.04050000000000065,0.005220000000000082,0.005400000000000155,0.005400000000000155
580,4,0,0.04050000000000065,0.005220000000000082,0.005400000000000155,0.005400000000000155
581,4,0,0.04050000000000065,0.005220000000000082,0.005400000000000155,0.005400000000000155
582,4,0,0.04050000000000065,0.005220000000000082,0.005400000000000155,0.005400000000000155
583,4,0,0.04050000000000065,0.005220000000000082,0.005400000000000155,0.005400000000000155
584,4,0,0.04050000000000065,0.005220000000000082,0.005400000000000155,0.005400000000000155
585,4,0,0.04050000000000065,0.005220000000000082,0.005400000000000155,0.005400000000000155
586,4,0,0.04050000000000065,0.005220000000000082,0.005400000000000155,0.005400000000000155
587,4,0,0.04050000000000065,0.005220000000000082,0.005400000000000155,0.005400000000000155
588,4,0,0.04050000000000065,0.005220000000000082,0.005400000000000155,0.005400000000000155
589,4,0,0.04050000000000065,0.005220000000000082,0.005400000000000155,0.005400000000000155
590,4,0,0.04050000000000065,0.005220000000000082,0.005400000000000155,0.005400000000000155
591,4,0,0.04050000000000065,0.005220000000000082,0.005400000000000155,0.005400000000000155
592,4,0,0.04050000000000065,0.005220000000000082,0.005400000000000155,0.005400000000000155
593,4,0,0.04050000000000065,0.005220000000000082,0.005400000000000155,0.005400000000000155
594,4,0,0.04050000000000065,0.005220000000000082,0.005400000000000155,0.005400000000000155
595,4,0,0.04050000000000065,0.005220000000000082,0.005400000000000155,0.005400000000000155
596,4,0,0.04050000000000065,0.005220000000000082,0.005400000000000155,0.005400000000000155
597,4,0,0.04050000000000065,0.005220000000000082,0.005400000000000155,0.005400000000000155
598,4,0,0.04050000000000065,0.005220000000000082,0.005400000000000155,0.005400000000000155
599,4,0,0.04050000000000065,0.005220000000000082,0.005400000000000155,0.005400000000000155
600,4,0,0.04050000000000065,0.005220000000000082,0.005400000000000155,0.005400000000000155
601,4,0,0.04050000000000065,0.005220000000000082,0.005400000000000155,0.005400000000000155
602,4,0,0.04050000000000065,0.005220000000000082,0.005400000000000155,0.005400000000000155
603,4,0,0.04050000000000065,0.005220000000000082,0.005400000000000155,0.005400000000000155
604,4,0,0.04050000000000065,0.005220000000000082,0.005400000000000155,0.005400000000000155
605,4,0,0.04050000000000065,0.005220000000000082,0.005400000000000155,0.005400000000000155
606,4,0,0.04050000000000065,0.005220000000000082,0.005400000000000155,0.005400000000000155
607,4,0,0.04050000000000065,0.005220000000000082,0.005400000000000155,0.005400000000000155
608,4,0,0.04050000000000065,0.005220000000000082,0.005400000000000155,0.005400000000000155
609,4,0,0.04050000000000065,0.005220000000000082,0.005400000000000155,0.005400000000000155
610,4,0,0.04050000000000065,0.005220000000000082,0.005400000000000155,0.005400000000000155
611,4,0,0.04050000000000065,0.005220000000000082,0.005400000000000155,0.005400000000000155
612,4,0,0.04050000000000065,0.005220000000000082,0.005400000000000155,0.005400000000000155
613,4,0,0.04050000000000065,0.005220000000000082,0.005400000000000155,0.005400000000000155
614,4,0,0.04050000000000065,0.005220000000000082,0.005400000000000155,0.005400000000000155
615,4,0,0.04050000000000065,0.005220000000000082,0.005400000000000155,0.005400000000000155
616,4,0,0.04050000000000065,0.005220000000000082,0.005400000000000155,0.005400000000000155
617,4,0,0.04050000000000065,0.005220000000000082,0.005400000000000155,0.005400000000000155
618,4,0,0.04050000000000065,0.005220000000000082,0.005400000000000155,0.005400000000000155
619,4,0,0.04050000000000065,0.005220000000000082,0.005400000000000155,0.005400000000000155
620,4,0,0.04050000000000065,0.005220000000000082,0.005400000000000155,0.005400000000000155
621,4,0,0.04050000000000065,0.005220000000000082,0.005400000000000155,0.005400000000000155
622,4,0,0.04050000000000065,0.005220000000000082,0.005400000000000155,0.005400000000000155
623,4,0,0.04050000000000065,0.005220000000000082,0.005400000000000155,0.005400000000000155
624,4,0,0.04050000000000065,0.005220000000000082,0.005400000000000155,0.005400000000000155
625,4,0,0.04050000000000065,0.005220000000000082,0.005400000000000155,0.005400000000000155
626,4,0,0.04050000000000065,0.005220000000000082,0.005400000000000155,0.005400000000000155
627,4,0,0.04050000000000065,0.005220000000000082,0.005400000000000155,0.005400000000000155
628,4,0,0.04050000000000065,0.005220000000000082,0.005400000000000155,0.005400000000000155
629,4,0,0.04050000000000065,0.005220000000000082,0.005400000000000155,0.005400000000000155
630,4,0,0.04050000000000065,0.005220000000000082,0.005400000000000155,0.005400000000000155
631,4,0,0.04050000000000065,0.005220000000000082,0.005400000000000155,0.005400000000000155
632,4,0,0.04050000000000065,0.005220000000000082,0.005400000000000155,0.005400000000000155
633,4,0,0.04050000000000065,0.005220000000000082,0.005400000000000155,0.005400000000000155
634,4,0,0.04050000000000065,0.005220000000000082,0.005400000000000155,0.005400000000000155
635,4,0,0.04050000000000065,0.005220000000000082,0.005400000000000155,0.005400000000000155
636,4,0,0.04050000000000065,0.005220000000000082,0.005400000000000155,0.005400000000000155
637,4,0,0.04050000000000065,0.005220000000000082,0.005400000000000155,0.005400000000000155
638,4,0,0.04050000000000065,0.005220000000000082,0.005400000000000155,0.005400000000000155
639,4,0,0.04050000000000065,0.005220000000000082,0.005400000000000155,0.005400000000000155
640,4,0,0.04050000000000065,0.005220000000000082,0.005400000000000155,0.005400000000000155
641,4,0,0.04050000000000065,0.005220000000000082,0.005400000000000155,0.005400000000000155
642,4,0,0.04050000000000065,0.005220000000000082,0.005400000000000155,0.005400000000000155
643,4,0,0.04050000000000065,0.005220000000000082,0.005400000000000155,0.005400000000000155
644,4,0,0.04050000000000065,0.005220000000000082,0.005400000000000155,0.005400000000000155
645,4,0,0.04050000000000065,0.005220000000000082,0.005400000000000155,0.005400000000000155
646,4,0,0.04050000000000065,0.005220000000000082,0.005400000000000155,0.005400000000000155
647,4,0,0.04050000000000065,0.005220000000000082,0.005400000000000155,0.005400000000000155
648,4,0,0.04050000000000065,0.005220000000000082,0.005400000000000155,0.005400000000000155
649,4,0,0.04050000000000065,0.005220000000000082,0.005400000000000155,0.005400000000000155
650,4,0,0.04050000000000065,0.005220000000000082,0.005400000000000155,0.005400000000000155
651,4,0,0.04050000000000065,0.005220000000000082,0.005400000000000155,0.005400000000000155
652,4,0,0.04050000000000065,0.005220000000000082,0.005400000000000155,0.005400000000000155
653,4,0,0.04050000000000065,0.005220000000000082,0.005400000000000155,0.005400000000000155
654,4,0,0.04050000000000065,0.005220000000000082,0.005400000000000155,0.005400000000000155
655,4,0,0.04050000000000065,0.005220000000000082,0.005400000000000155,0.005400000000000155
656,4,0,0.04050000000000065,0.005220000000000082,0.005400000000000155,0.005400000000000155
657,4,0,0.04050000000000065,0.005220000000000082,0.005400000000000155,0.005400000000000155
658,4,0,0.04050000000000065,0.005220000000000082,0.005400000000000155,0.005400000000000155
659,4,0,0.04050000000000065,0.005220000000000082,0.005400000000000155,0.005400000000000155
660,4,0,0.04050000000000065,0.005220000000000082,0.005400000000000155,0.005400000000000155
661,4,0,0.04050000000000065,0.005220000000000082,0.005400000000000155,0.005400000000000155
662,4,0,0.04050000000000065,0.005220000000000082,0.005400000000000155,0.005400000000000155
663,4,0,0.04050000000000065,0.005220000000000082,0.005400000000000155,0.005400000000000155
664,4,0,0.04050000000000065,0.005220000000000082,0.005400000000000155,0.005400000000000155
665,4,0,0.04050000000000065,0.005220000000000082,0.005400000000000155,0.005400000000000155
666,4,0,0.04050000000000065,0.005220000000000082,0.005400000000000155,0.005400000000000155
667,4,0,0.04050000000000065,0.005220000000000082,0.005400000000000155,0.005400000000000155
668,4,0,0.04050000000000065,0.005220000000000082,0.005400000000000155,0.005400000000000155
669,4,0,0.04050000000000065,0.005220000000000082,0.005400000000000155,0.005400000000000155
670,4,0,0.04050000000000065,0.005220000000000082,0.005400000000000155,0.005400000000000155
671,4,0,0.04050000000000065,0.005220000000000082,0.005400000000000155,0.005400000000000155
672,4,0,0.04050000000000065,0.005220000000000082,0.005400000000000155,0.005400000000000155
673,4,0,0.04050000000000065,0.005220000000000082,0.005400000000000155,0.005400000000000155
674,4,0,0.04050000000000065,0.005220000000000082,0.005400000000000155,0.005400000000000155
675,4,0,0.04050000000000065,0.005220000000000082,0.005400000000000155,0.005400000000000155
676,4,0,0.04050000000000065,0.005220000000000082,0.005400000000000155,0.005400000000000155
677,4,0,0.04050000000000065,0.005220000000000082,0.005400000000000155,0.005400000000000155
678,4,0,0.04050000000000065,0.005220000000000082,0.005400000000000155,0.005400000000000155
679,4,0,0.04050000000000065,0.005220000000000082,0.005400000000000155,0.005400000000000155
680,4,0,0.04050000000000065,0.005220000000000082,0.005400000000000155,0.005400000000000155
681,4,0,0.04050000000000065,0.005220000000000082,0.005400000000000155,0.005400000000000155
682,4,0,0.04050000000000065,0.005220000000000082,0.005400000000000155,0.005400000000000155
683,4,0,0.04050000000000065,0.005220000000000082,0.005400000000000155,0.005400000000000155
684,4,0,0.04050000000000065,0.005220000000000082,0.005400000000000155,0.005400000000000155
685,4,0,0.04050000000000065,0.005220000000000082,0.005400000000000155,0.005400000000000155
686,4,0,0.04050000000000065,0.005220000000000082,0.005400000000000155,0.005400000000000155
687,4,0,0.04050000000000065,0.005220000000000082,0.005400000000000155,0.005400000000000155
688,4,0,0.04050000000000065,0.005220000000000082,0.005400000000000155,0.005400000000000155
689,4,0,0.04050000000000065,0.005220000000000082,0.005400000000000155,0.005400000000000155
690,4,0,0.04050000000000065,0.005220000000000082,0.005400000000000155,0.005400000000000155
691,4,0,0.04050000000000065,0.005220000000000082,0.005400000000000155,0.005400000000000155
692,4,0,0.04050000000000065,0.005220000000000082,0.005400000000000155,0.005400000000000155
693,4,0,0.04050000000000065,0.005220000000000082,0.005400000000000155,0.005400000000000155
694,4,0,0.04050000000000065,0.005220000000000082,0.005400000000000155,0.005400000000000155
695,4,0,0.04050000000000065,0.005220000000000082,0.005400000000000155,0.005400000000000155
696,4,0,0.04050000000000065,0.005220000000000082,0.005400000000000155,0.005400000000000155
697,4,0,0.04050000000000065,0.005220000000000082,0.005400000000000155,0.005400000000000155
698,4,0,0.04050000000000065,0.005220000000000082,0.005400000000000155,0.005400000000000155
699,4,0,0.04050000000000065,0.005220000000000082,0.005400000000000155,0.005400000000000155
700,4,0,0.04050000000000065,0.005220000000000082,0.005400000000000155,0.005400000000000155
701,4,0,0.04050000000000065,0.005220000000000082,0.005400000000000155,0.005400000000000155
702,4,0,0.04050000000000065,0.005220000000000082,0.005400000000000155,0.005400000000000155
703,4,0,0.04050000000000065,0.005220000000000082,0.005400000000000155,0.005400000000000155
704,4,0,0.04050000000000065,0.005220000000000082,0.005400000000000155,0.005400000000000155
705,4,0,0.04050000000000065,0.005220000000000082,0.005400000000000155,0.005400000000000155
706,4,0,0.04050000000000065,0.005220000000000082,0.005400000000000155,0.005400000000000155
707,4,0,0.04050000000000065,0.005220000000000082,0.005400000000000155,0.005400000000000155
708,4,0,0.04050000000000065,0.005220000000000082,0.005400000000000155,0.005400000000000155
709,4,0,0.04050000000000065,0.005220000000000082,0.005400000000000155,0.005400000000000155
710,4,0,0.04050000000000065,0.005220000000000082,0.005400000000000155,0.005400000000000155
711,4,0,0.04050000000000065,0.005220000000000082,0.005400000000000155,0.005400000000000155
712,4,0,0.04050000000000065,0.005220000000000082,0.005400000000000155,0.005400000000000155
713,4,0,0.04050000000000065,0.005220000000000082,0.005400000000000155,0.005400000000000155
714,4,0,0.04050000000000065,0.005220000000000082,0.005400000000000155,0.005400000000000155
715,4,0,0.04050000000000065,0.005220000000000082,0.005400000000000155,0.005400000000000155
716,4,0,0.04050000000000065,0.005220000000000082,0.005400000000000155,0.005400000000000155
717,4,0,0.04050000000000065,0.005220000000000082,0.005400000000000155,0.005400000000000155
718,4,0,0.04050000000000065,0.005220000000000082,0.005400000000000155,0.005400000000000155
719,4,0,0.04050000000000065,0.005220000000000082,0.005400000000000155,0.005400000000000155
720,4,0,0.04050000000000065,0.005220000000000082,0.005400000000000155,0.005400000000000155
721,4,0,0.04050000000000065,0.005220000000000082,0.005400000000000155,0.005400000000000155
722,4,0,0.04050000000000065,0.005220000000000082,0.005400000000000155,0.005400000000000155
723,4,0,0.04050000000000065,0.005220000000000082,0.005400000000000155,0.005400000000000155
724,4,0,0.04050000000000065,0.005220000000000082,0.005400000000000155,0.005400000000000155
725,4,0,0.04050000000000065,0.005220000000000082,0.005400000000000155,0.005400000000000155
726,4,0,0.04050000000000065,0.005220000000000082,0.005400000000000155,0.005400000000000155
727,4,0,0.04050000000000065,0.005220000000000082,0.005400000000000155,0.005400000000000155
728,4,0,0.04050000000000065,0.005220000000000082,0.005400000000000155,0.005400000000000155
729,4,0,0.04050000000000065,0.005220000000000082,0.005400000000000155,0.005400000000000155
730,4,0,0.04050000000000065,0.005220000000000082,0.005400000000000155,0.005400000000000155
731,4,0,0.04050000000000065,0.005220000000000082,0.005400000000000155,0.005400000000000155
732,4,0,0.04050000000000065,0.005220000000000082,0.005400000000000155,0.005400000000000155
733,4,0,0.04050000000000065,0.005220000000000082,0.005400000000000155,0.005400000000000155
734,4,0,0.04050000000000065,0.005220000000000082,0.005400000000000155,0.005400000000000155
735,4,0,0.04050000000000065,0.005220000000000082,0.005400000000000155,0.005400000000000155
736,4,0,0.04050000000000065,0.005220000000000082,0.005400000000000155,0.005400000000000155
737,4,0,0.04050000000000065,0.005220000000000082,0.005400000000000155,0.005400000000000155
738,4,0,0.04050000000000065,0.005220000000000082,0.005400000000000155,0.005400000000000155
739,4,0,0.04050000000000065,0.005220000000000082,0.005400000000000155,0.005400000000000155
740,4,0,0.04050000000000065,0.005220000000000082,0.005400000000000155,0.005400000000000155
741,4,0,0.04050000000000065,0.005220000000000082,0.005400000000000155,0.005400000000000155
742,4,0,0.04050000000000065,0.005220000000000082,0.005400000000000155,0.005400000000000155
743,4,0,0.04050000000000065,0.005220000000000082,0.005400000000000155,0.005400000000000155
744,4,0,0.04050000000000065,0.005220000000000082,0.005400000000000155,0.005400000000000155
745,4,0,0.04050000000000065,0.005220000000000082,0.005400000000000155,0.005400000000000155
746,4,0,0.04050000000000065,0.005220000000000082,0.005400000000000155,0.005400000000000155
747,4,0,0.04050000000000065,0.005220000000000082,0.005400000000000155,0.005400000000000155
748,4,0,0.04050000000000065,0.005220000000000082,0.005400000000000155,0.005400000000000155
749,4,0,0.04050000000000065,0.005220000000000082,0.005400000000000155,0.005400000000000155
750,4,0,0.04050000000000065,0.005220000000000082,0.005400000000000155,0.005400000000000155
751,4,0,0.04050000000000065,0.005220000000000082,0.005400000000000155,0.005400000000000155
752,4,0,0.04050000000000065,0.005220000000000082,0.005400000000000155,0.005400000000000155
753,4,0,0.04050000000000065,0.005220000000000082,0.005400000000000155,0.005400000000000155
754,4,0,0.04050000000000065,0.005220000000000082,0.005400000000000155,0.005400000000000155
755,4,0,0.04050000000000065,0.005220000000000082,0.005400000000000155,0.005400000000000155
756,4,0,0.04050000000000065,0.005220000000000082,0.005400000000000155,0.005400000000000155
757,4,0,0.04050000000000065,0.005220000000000082,0.005400000000000155,0.005400000000000155
758,4,0,0.04050000000000065,0.005220000000000082,0.005400000000000155,0.005400000000000155
759,4,0,0.04050000000000065,0.005220000000000082,0.005400000000000155,0.005400000000000155
760,4,0,0.04050000000000065,0.005220000000000082,0.005400000000000155,0.005400000000000155
761,4,0,0.04050000000000065,0.005220000000000082,0.005400000000000155,0.005400000000000155
762,4,0,0.04050000000000065,0.005220000000000082,0.005400000000000155,0.005400000000000155
763,4,0,0.04050000000000065,0.005220000000000082,0.005400000000000155,0.005400000000000155
764,4,0,0.04050000000000065,0.005220000000000082,0.005400000000000155,0.005400000000000155
765,4,0,0.04050000000000065,0.005220000000000082,0.005400000000000155,0.005400000000000155
766,4,0,0.04050000000000065,0.005220000000000082,0.005400000000000155,0.005400000000000155
767,4,0,0.04050000000000065,0.005220000000000082,0.005400000000000155,0.005400000000000155
768,4,0,0.04050000000000065,0.005220000000000082,0.005400000000000155,0.005400000000000155
769,4,0,0.04050000000000065,0.005220000000000082,0.005400000000000155,0.005400000000000155
770,4,0,0.04050000000000065,0.005220000000000082,0.005400000000000155,0.005400000000000155
771,4,0,0.04050000000000065,0.005220000000000082,0.005400000000000155,0.005400000000000155
772,4,0,0.04050000000000065,0.005220000000000082,0.005400000000000155,0.005400000000000155
773,4,0,0.04050000000000065,0.005220000000000082,0.005400000000000155,0.005400000000000155
774,4,0,0.04050000000000065,0.005220000000000082,0.005400000000000155,0.005400000000000155
775,4,0,0.04050000000000065,0.005220000000000082,0.005400000000000155,0.005400000000000155
776,4,0,0.04050000000000065,0.005220000000000082,0.005400000000000155,0.005400000000000155
777,4,0,0.04050000000000065,0.005220000000000082,0.005400000000000155,0.005400000000000155
778,4,0,0.04050000000000065,0.005220000000000082,0.005400000000000155,0.005400000000000155
779,4,0,0.04050000000000065,0.005220000000000082,0.005400000000000155,0.005400000000000155
780,4,0,0.04050000000000065,0.005220000000000082,0.005400000000000155,0.005400000000000155
781,4,0,0.04050000000000065,0.005220000000000082,0.005400000000000155,0.005400000000000155
782,4,0,0.04050000000000065,0.005220000000000082,0.005400000000000155,0.005400000000000155
783,4,0,0.04050000000000065,0.005220000000000082,0.005400000000000155,0.005400000000000155
784,4,0,0.04050000000000065,0.005220000000000082,0.005400000000000155,0.005400000000000155
785,4,0,0.04050000000000065,0.005220000000000082,0.005400000000000155,0.005400000000000155
786,4,0,0.04050000000000065,0.005220000000000082,0.005400000000000155,0.005400000000000155
787,4,0,0.04050000000000065,0.005220000000000082,0.005400000000000155,0.005400000000000155
788,4,0,0.04050000000000065,0.005220000000000082,0.005400000000000155,0.005400000000000155
789,4,0,0.04050000000000065,0.005220000000000082,0.005400000000000155,0.005400000000000155
790,4,0,0.04050000000000065,0.005220000000000082,0.005400000000000155,0.005400000000000155
791,4,0,0.04050000000000065,0.005220000000000082,0.005400000000000155,0.005400000000000155
792,4,0,0.04050000000000065,0.005220000000000082,0.005400000000000155,0.005400000000000155
793,4,0,0.04050000000000065,0.005220000000000082,0.005400000000000155,0.005400000000000155
794,4,0,0.04050000000000065,0.005220000000000082,0.005400000000000155,0.005400000000000155
795,4,0,0.04050000000000065,0.005220000000000082,0.005400000000000155,0.005400000000000155
796,4,0,0.04050000000000065,0.005220000000000082,0.005400000000000155,0.005400000000000155
797,4,0,0.04050000000000065,0.005220000000000082,0.005400000000000155,0.005400000000000155
798,4,0,0.04050000000000065,0.005220000000000082,0.005400000000000155,0.005400000000000155
799,4,0,0.04050000000000065,0.005220000000000082,0.005400000000000155,0.005400000000000155
800,4,0,0.04050000000000065,0.005220000000000082,0.005400000000000155,0.005400000000000155
801,4,0,0.04050000000000065,0.005220000000000082,0.005400000000000155,0.005400000000000155
802,4,0,0.04050000000000065,0.005220000000000082,0.005400000000000155,0.005400000000000155
803,4,0,0.04050000000000065,0.005220000000000082,0.005400000000000155,0.005400000000000155
804,4,0,0.04050000000000065,0.005220000000000082,0.005400000000000155,0.005400000000000155
805,4,0,0.04050000000000065,0.005220000000000082,0.005400000000000155,0.005400000000000155
806,4,0,0.04050000000000065,0.005220000000000082,0.005400000000000155,0.005400000000000155
807,4,0,0.04050000000000065,0.005220000000000082,0.005400000000000155,0.005400000000000155
808,4,0,0.04050000000000065,0.005220000000000082,0.005400000000000155,0.005400000000000155
809,4,0,0.04050000000000065,0.005220000000000082,0.005400000000000155,0.005400000000000155
810,4,0,0.04050000000000065,0.005220000000000082,0.005400000000000155,0.005400000000000155
811,4,0,0.04050000000000065,0.005220000000000082,0.005400000000000155,0.005400000000000155
812,4,0,0.04050000000000065,0.005220000000000082,0.005400000000000155,0.005400000000000155
813,4,0,0.04050000000000065,0.005220000000000082,0.005400000000000155,0.005400000000000155
814,4,0,0.04050000000000065,0.005220000000000082,0.005400000000000155,0.005400000000000155
815,4,0,0.04050000000000065,0.005220000000000082,0.005400000000000155,0.005400000000000155
816,4,0,0.04050000000000065,0.005220000000000082,0.005400000000000155,0.005400000000000155
817,4,0,0.04050000000000065,0.005220000000000082,0.005400000000000155,0.005400000000000155
818,4,0,0.04050000000000065,0.005220000000000082,0.005400000000000155,0.005400000000000155
819,4,0,0.04050000000000065,0.005220000000000082,0.005400000000000155,0.005400000000000155
820,4,0,0.04050000000000065,0.005220000000000082,0.005400000000000155,0.005400000000000155
821,4,0,0.04050000000000065,0.005220000000000082,0.005400000000000155,0.005400000000000155
822,4,0,0.04050000000000065,0.005220000000000082,0.005400000000000155,0.005400000000000155
823,4,0,0.04050000000000065,0.005220000000000082,0.005400000000000155,0.005400000000000155
824,4,0,0.04050000000000065,0.005220000000000082,0.005400000000000155,0.005400000000000155
825,4,0,0.04050000000000065,0.005220000000000082,0.005400000000000155,0.005400000000000155
826,4,0,0.04050000000000065,0.005220000000000082,0.005400000000000155,0.005400000000000155
827,4,0,0.04050000000000065,0.005220000000000082,0.005400000000000155,0.005400000000000155
828,4,0,0.04050000000000065,0.005220000000000082,0.005400000000000155,0.005400000000000155
829,4,0,0.04050000000000065,0.005220000000000082,0.005400000000000155,0.005400000000000155
830,4,0,0.04050000000000065,0.005220000000000082,0.005400000000000155,0.005400000000000155
831,4,0,0.04050000000000065,0.005220000000000082,0.005400000000000155,0.005400000000000155
832,4,0,0.04050000000000065,0.005220000000000082,0.005400000000000155,0.005400000000000155
833,4,0,0.04050000000000065,0.005220000000000082,0.005400000000000155,0.005400000000000155
834,4,0,0.04050000000000065,0.005220000000000082,0.005400000000000155,0.005400000000000155
835,4,0,0.04050000000000065,0.005220000000000082,0.005400000000000155,0.005400000000000155
836,4,0,0.04050000000000065,0.005220000000000082,0.005400000000000155,0.005400000000000155
837,4,0,0.04050000000000065,0.005220000000000082,0.005400000000000155,0.005400000000000155
838,4,0,0.04050000000000065,0.005220000000000082,0.005400000000000155,0.005400000000000155
839,4,0,0.04050000000000065,0.005220000000000082,0.005400000000000155,0.005400000000000155
840,4,0,0.04050000000000065,0.005220000000000082,0.005400000000000155,0.005400000000000155
841,4,0,0.04050000000000065,0.005220000000000082,0.005400000000000155,0.005400000000000155
842,4,0,0.04050000000000065,0.005220000000000082,0.005400000000000155,0.005400000000000155
843,4,0,0.04050000000000065,0.005220000000000082,0.005400000000000155,0.005400000000000155
844,4,0,0.04050000000000065,0.005220000000000082,0.005400000000000155,0.005400000000000155
845,4,0,0.04050000000000065,0.005220000000000082,0.005400000000000155,0.005400000000000155
846,4,0,0.04050000000000065,0.005220000000000082,0.005400000000000155,0.005400000000000155
847,4,0,0.04050000000000065,0.005220000000000082,0.005400000000000155,0.005400000000000155
848,4,0,0.04050000000000065,0.005220000000000082,0.005400000000000155,0.005400000000000155
849,4,0,0.04050000000000065,0.005220000000000082,0.005400000000000155,0.005400000000000155
850,4,0,0.04050000000000065,0.005220000000000082,0.005400000000000155,0.005400000000000155
851,4,0,0.04050000000000065,0.005220000000000082,0.005400000000000155,0.005400000000000155
852,4,0,0.04050000000000065,0.005220000000000082,0.005400000000000155,0.005400000000000155
853,4,0,0.04050000000000065,0.005220000000000082,0.005400000000000155,0.005400000000000155
854,4,0,0.04050000000000065,0.005220000000000082,0.005400000000000155,0.005400000000000155
855,4,0,0.04050000000000065,0.005220000000000082,0.005400000000000155,0.005400000000000155
856,4,0,0.04050000000000065,0.005220000000000082,0.005400000000000155,0.005400000000000155
857,4,0,0.04050000000000065,0.005220000000000082,0.005400000000000155,0.005400000000000155
858,4,0,0.04050000000000065,0.005220000000000082,0.005400000000000155,0.005400000000000155
859,4,0,0.04050000000000065,0.005220000000000082,0.005400000000000155,0.005400000000000155
860,4,0,0.04050000000000065,0.005220000000000082,0.005400000000000155,0.005400000000000155
861,4,0,0.04050000000000065,0.005220000000000082,0.005400000000000155,0.005400000000000155
862,4,0,0.04050000000000065,0.005220000000000082,0.005400000000000155,0.005400000000000155
863,4,0,0.04050000000000065,0.005220000000000082,0.005400000000000155,0.005400000000000155
864,4,0,0.04050000000000065,0.005220000000000082,0.005400000000000155,0.005400000000000155
865,4,0,0.04050000000000065,0.005220000000000082,0.005400000000000155,0.005400000000000155
866,4,0,0.04050000000000065,0.005220000000000082,0.005400000000000155,0.005400000000000155
867,4,0,0.04050000000000065,0.005220000000000082,0.005400000000000155,0.005400000000000155
868,4,0,0.04050000000000065,0.005220000000000082,0.005400000000000155,0.005400000000000155
869,4,0,0.04050000000000065,0.005220000000000082,0.005400000000000155,0.005400000000000155
870,4,0,0.04050000000000065,0.005220000000000082,0.005400000000000155,0.005400000000000155
871,4,0,0.04050000000000065,0.005220000000000082,0.005400000000000155,0.005400000000000155
872,4,0,0.04050000000000065,0.005220000000000082,0.005400000000000155,0.005400000000000155
873,4,0,0.04050000000000065,0.005220000000000082,0.005400000000000155,0.005400000000000155
874,4,0,0.04050000000000065,0.005220000000000082,0.005400000000000155,0.005400000000000155
875,4,0,0.04050000000000065,0.005220000000000082,0.005400000000000155,0.005400000000000155
876,4,0,0.04050000000000065,0.005220000000000082,0.005400000000000155,0.005400000000000155
877,4,0,0.04050000000000065,0.005220000000000082,0.005400000000000155,0.005400000000000155
878,4,0,0.04050000000000065,0.005220000000000082,0.005400000000000155,0.005400000000000155
879,4,0,0.04050000000000065,0.005220000000000082,0.005400000000000155,0.005400000000000155
880,4,0,0.04050000000000065,0.005220000000000082,0.005400000000000155,0.005400000000000155
881,4,0,0.04050000000000065,0.005220000000000082,0.005400000000000155,0.005400000000000155
882,4,0,0.04050000000000065,0.005220000000000082,0.005400000000000155,0.005400000000000155
883,4,0,0.04050000000000065,0.005220000000000082,0.005400000000000155,0.005400000000000155
884,4,0,0.04050000000000065,0.005220000000000082,0.005400000000000155,0.005400000000000155
885,4,0,0.04050000000000065,0.005220000000000082,0.005400000000000155,0.005400000000000155
886,4,0,0.04050000000000065,0.005220000000000082,0.005400000000000155,0.005400000000000155
887,4,0,0.04050000000000065,0.005220000000000082,0.005400000000000155,0.005400000000000155
888,4,0,0.04050000000000065,0.005220000000000082,0.005400000000000155,0.005400000000000155
889,4,0,0.04050000000000065,0.005220000000000082,0.005400000000000155,0.005400000000000155
890,4,0,0.04050000000000065,0.005220000000000082,0.005400000000000155,0.005400000000000155
891,4,0,0.04050000000000065,0.005220000000000082,0.005400000000000155,0.005400000000000155
892,4,0,0.04050000000000065,0.005220000000000082,0.005400000000000155,0.005400000000000155
893,4,0,0.04050000000000065,0.005220000000000082,0.005400000000000155,0.005400000000000155
894,4,0,0.04050000000000065,0.005220000000000082,0.005400000000000155,0.005400000000000155
895,4,0,0.04050000000000065,0.005220000000000082,0.005400000000000155,0.005400000000000155
896,4,0,0.04050000000000065,0.005220000000000082,0.005400000000000155,0.005400000000000155
897,4,0,0.04050000000000065,0.005220000000000082,0.005400000000000155,0.005400000000000155
898,4,0,0.04050000000000065,0.005220000000000082,0.005400000000000155,0.005400000000000155
899,4,0,0.04050000000000065,0.005220000000000082,0.005400000000000155,0.005400000000000155
900,4,0,0.04050000000000065,0.005220000000000082,0.005400000000000155,0.005400000000000155
901,4,0,0.04050000000000065,0.005220000000000082,0.005400000000000155,0.005400000000000155
902,4,0,0.04050000000000065,0.005220000000000082,0.005400000000000155,0.005400000000000155
903,4,0,0.04050000000000065,0.005220000000000082,0.005400000000000155,0.005400000000000155
904,4,0,0.04050000000000065,0.005220000000000082,0.005400000000000155,0.005400000000000155
905,4,0,0.04050000000000065,0.005220000000000082,0.005400000000000155,0.005400000000000155
906,4,0,0.04050000000000065,0.005220000000000082,0.005400000000000155,0.005400000000000155
907,4,0,0.04050000000000065,0.005220000000000082,0.005400000000000155,0.005400000000000155
908,4,0,0.04050000000000065,0.005220000000000082,0.005400000000000155,0.005400000000000155
909,4,0,0.04050000000000065,0.005220000000000082,0.005400000000000155,0.005400000000000155
910,4,0,0.04050000000000065,0.005220000000000082,0.005400000000000155,0.005400000000000155
911,4,0,0.04050000000000065,0.005220000000000082,0.005400000000000155,0.005400000000000155
912,4,0,0.04050000000000065,0.005220000000000082,0.005400000000000155,0.005400000000000155
913,4,0,0.04050000000000065,0.005220000000000082,0.005400000000000155,0.005400000000000155
914,4,0,0.04050000000000065,0.005220000000000082,0.005400000000000155,0.005400000000000155
915,4,0,0.04050000000000065,0.005220000000000082,0.005400000000000155,0.005400000000000155
916,4,0,0.04050000000000065,0.005220000000000082,0.005400000000000155,0.005400000000000155
917,4,0,0.04050000000000065,0.005220000000000082,0.005400000000000155,0.005400000000000155
918,4,0,0.04050000000000065,0.005220000000000082,0.005400000000000155,0.005400000000000155
919,4,0,0.04050000000000065,0.005220000000000082,0.005400000000000155,0.005400000000000155
920,4,0,0.04050000000000065,0.005220000000000082,0.005400000000000155,0.005400000000000155
921,4,0,0.04050000000000065,0.005220000000000082,0.005400000000000155,0.005400000000000155
922,4,0,0.04050000000000065,0.005220000000000082,0.005400000000000155,0.005400000000000155
923,4,0,0.04050000000000065,0.005220000000000082,0.005400000000000155,0.005400000000000155
924,4,0,0.04050000000000065,0.005220000000000082,0.005400000000000155,0.005400000000000155
925,4,0,0.04050000000000065,0.005220000000000082,0.005400000000000155,0.005400000000000155
926,4,0,0.04050000000000065,0.005220000000000082,0.005400000000000155,0.005400000000000155
927,4,0,0.04050000000000065,0.005220000000000082,0.005400000000000155,0.005400000000000155
928,4,0,0.04050000000000065,0.005220000000000082,0.005400000000000155,0.005400000000000155
929,4,0,0.04050000000000065,0.005220000000000082,0.005400000000000155,0.005400000000000155
930,4,0,0.04050000000000065,0.005220000000000082,0.005400000000000155,0.005400000000000155
931,4,0,0.04050000000000065,0.005220000000000082,0.005400000000000155,0.005400000000000155
932,4,0,0.04050000000000065,0.005220000000000082,0.005400000000000155,0.005400000000000155
933,4,0,0.04050000000000065,0.005220000000000082,0.005400000000000155,0.005400000000000155
934,4,0,0.04050000000000065,0.005220000000000082,0.005400000000000155,0.005400000000000155
935,4,0,0.04050000000000065,0.005220000000000082,0.005400000000000155,0.005400000000000155
936,4,0,0.04050000000000065,0.005220000000000082,0.005400000000000155,0.005400000000000155
937,4,0,0.04050000000000065,0.005220000000000082,0.005400000000000155,0.005400000000000155
938,4,0,0.04050000000000065,0.005220000000000082,0.005400000000000155,0.005400000000000155
939,4,0,0.04050000000000065,0.005220000000000082,0.005400000000000155,0.005400000000000155
940,4,0,0.04050000000000065,0.005220000000000082,0.005400000000000155,0.005400000000000155
941,4,0,0.04050000000000065,0.005220000000000082,0.005400000000000155,0.005400000000000155
942,4,0,0.04050000000000065,0.005220000000000082,0.005400000000000155,0.005400000000000155
943,4,0,0.04050000000000065,0.005220000000000082,0.005400000000000155,0.005400000000000155
944,4,0,0.04050000000000065,0.005220000000000082,0.005400000000000155,0.005400000000000155
945,4,0,0.04050000000000065,0.005220000000000082,0.005400000000000155,0.005400000000000155
946,4,0,0.04050000000000065,0.005220000000000082,0.005400000000000155,0.005400000000000155
947,4,0,0.04050000000000065,0.005220000000000082,0.005400000000000155,0.005400000000000155
948,4,0,0.04050000000000065,0.005220000000000082,0.005400000000000155,0.005400000000000155
949,4,0,0.04050000000000065,0.005220000000000082,0.005400000000000155,0.005400000000000155
950,4,0,0.04050000000000065,0.005220000000000082,0.005400000000000155,0.005400000000000155
951,4,0,0.04050000000000065,0.005220000000000082,0.005400000000000155,0.005400000000000155
952,4,0,0.04050000000000065,0.005220000000000082,0.005400000000000155,0.005400000000000155
953,4,0,0.04050000000000065,0.005220000000000082,0.005400000000000155,0.005400000000000155
954,4,0,0.04050000000000065,0.005220000000000082,0.005400000000000155,0.005400000000000155
955,4,0,0.04050000000000065,0.005220000000000082,0.005400000000000155,0.005400000000000155
956,4,0,0.04050000000000065,0.005220000000000082,0.005400000000000155,0.005400000000000155
957,4,0,0.04050000000000065,0.005220000000000082,0.005400000000000155,0.005400000000000155
958,4,0,0.04050000000000065,0.005220000000000082,0.005400000000000155,0.005400000000000155
959,4,0,0.04050000000000065,0.005220000000000082,0.005400000000000155,0.005400000000000155
960,4,0,0.04050000000000065,0.005220000000000082,0.005400000000000155,0.005400000000000155
961,4,0,0.04050000000000065,0.005220000000000082,0.005400000000000155,0.005400000000000155
962,4,0,0.04050000000000065,0.005220000000000082,0.005400000000000155,0.005400000000000155
963,4,0,0.04050000000000065,0.005220000000000082,0.005400000000000155,0.005400000000000155
964,4,0,0.04050000000000065,0.005220000000000082,0.005400000000000155,0.005400000000000155
965,4,0,0.04050000000000065,0.005220000000000082,0.005400000000000155,0.005400000000000155
966,4,0,0.04050000000000065,0.005220000000000082,0.005400000000000155,0.005400000000000155
967,4,0,0.04050000000000065,0.005220000000000082,0.005400000000000155,0.005400000000000155
968,4,0,0.04050000000000065,0.005220000000000082,0.005400000000000155,0.005400000000000155
969,4,0,0.04050000000000065,0.005220000000000082,0.005400000000000155,0.005400000000000155
970,4,0,0.04050000000000065,0.005220000000000082,0.005400000000000155,0.005400000000000155
971,4,0,0.04050000000000065,0.005220000000000082,0.005400000000000155,0.005400000000000155
972,4,0,0.04050000000000065,0.005220000000000082,0.005400000000000155,0.005400000000000155
973,4,0,0.04050000000000065,0.005220000000000082,0.005400000000000155,0.005400000000000155
974,4,0,0.04050000000000065,0.005220000000000082,0.005400000000000155,0.005400000000000155
975,4,0,0.04050000000000065,0.005220000000000082,0.005400000000000155,0.005400000000000155
976,4,0,0.04050000000000065,0.005220000000000082,0.005400000000000155,0.005400000000000155
977,4,0,0.04050000000000065,0.005220000000000082,0.005400000000000155,0.005400000000000155
978,4,0,0.04050000000000065,0.005220000000000082,0.005400000000000155,0.005400000000000155
979,4,0,0.04050000000000065,0.005220000000000082,0.005400000000000155,0.005400000000000155
980,4,0,0.04050000000000065,0.005220000000000082,0.005400000000000155,0.005400000000000155
981,4,0,0.04050000000000065,0.005220000000000082,0.005400000000000155,0.005400000000000155
982,4,0,0.04050000000000065,0.005220000000000082,0.005400000000000155,0.005400000000000155
983,4,0,0.04050000000000065,0.005220000000000082,0.005400000000000155,0.005400000000000155
984,4,0,0.04050000000000065,0.005220000000000082,0.005400000000000155,0.005400000000000155
985,4,0,0.04050000000000065,0.005220000000000082,0.005400000000000155,0.005400000000000155
986,4,0,0.04050000000000065,0.005220000000000082,0.005400000000000155,0.005400000000000155
987,4,0,0.04050000000000065,0.005220000000000082,0.005400000000000155,0.005400000000000155
988,4,0,0.04050000000000065,0.005220000000000082,0.005400000000000155,0.005400000000000155
989,4,0,0.04050000000000065,0.005220000000000082,0.005400000000000155,0.005400000000000155
990,4,0,0.04050000000000065,0.005220000000000082,0.005400000000000155,0.005400000000000155
991,4,0,0.04050000000000065,0.005220000000000082,0.005400000000000155,0.005400000000000155
992,4,0,0.04050000000000065,0.005220000000000082,0.005400000000000155,0.005400000000000155
993,4,0,0.04050000000000065,0.005220000000000082,0.005400000000000155,0.005400000000000155
994,4,0,0.04050000000000065,0.005220000000000082,0.005400000000000155,0.005400000000000155
995,4,0,0.04050000000000065,0.005220000000000082,0.005400000000000155,0.005400000000000155
996,4,0,0.04050000000000065,0.005220000000000082,0.005400000000000155,0.005400000000000155
997,4,0,0.04050000000000065,0.005220000000000082,0.005400000000000155,0.005400000000000155
998,4,0,0.04050000000000065,0.005220000000000082,0.005400000000000155,0.005400000000000155
999,4,0,0.04050000000000065,0.005220000000000082,0.005400000000000155,0.005400000000000155
0,4,200,0.04050000000000065,0.005220000000000082,0.005400000000000155,0.005400000000000155
1,4,200,0.0424500000000007,0.005480000000000088,0.005750000000000165,0.005750000000000165
2,4,200,0.04050000000000065,0.005220000000000082,0.005400000000000155,0.005400000000000155
3,4,200,0.04050000000000065,0.005220000000000082,0.005400000000000155,0.005400000000000155
4,4,200,0.04100000000000066,0.005263333333333416,0.005550000000000159,0.005550000000000159
5,4,200,0.04050000000000065,0.005220000000000082,0.005400000000000155,0.005400000000000155
6,4,200,0.04090000000000066,0.005273333333333417,0.005650000000000162,0.005650000000000162
7,4,200,0.04050000000000065,0.005220000000000082,0.005400000000000155,0.005400000000000155
8,4,200,0.04050000000000065,0.005220000000000082,0.005400000000000155,0.005400000000000155
9,4,200,0.04050000000000065,0.005220000000000082,0.005400000000000155,0.005400000000000155
10,4,200,0.04265000000000071,0.005506666666666758,0.005750000000000165,0.005750000000000165
11,4,200,0.04135000000000067,0.005333333333333417,0.005750000000000165,0.005750000000000165
12,4,200,0.042150000000000694,0.005436666666666755,0.005750000000000165,0.005750000000000165
13,4,200,0.04125000000000067,0.005296666666666751,0.005750000000000165,0.005750000000000165
14,4,200,0.04050000000000065,0.005220000000000082,0.005400000000000155,0.005400000000000155
15,4,200,0.04050000000000065,0.005220000000000082,0.005400000000000155,0.005400000000000155
16,4,200,0.041800000000000684,0.005386666666666753,0.005750000000000165,0.005750000000000165
17,4,200,0.04050000000000065,0.005220000000000082,0.005400000000000155,0.005400000000000155
18,4,200,0.04050000000000065,0.005220000000000082,0.005400000000000155,0.005400000000000155
19,4,200,0.04050000000000065,0.005220000000000082,0.005400000000000155,0.005400000000000155
20,4,200,0.04050000000000065,0.005220000000000082,0.005400000000000155,0.005400000000000155
21,4,200,0.042500000000000704,0.0054633333333334215,0.005750000000000165,0.005750000000000165
22,4,200,0.04120000000000067,0.005313333333333418,0.005750000000000165,0.005750000000000165
23,4,200,0.04050000000000065,0.005220000000000082,0.005400000000000155,0.005400000000000155
24,4,200,0.04050000000000065,0.005220000000000082,0.005400000000000155,0.005400000000000155
25,4,200,0.04050000000000065,0.005220000000000082,0.005400000000000155,0.005400000000000155
26,4,200,0.04050000000000065,0.005220000000000082,0.005400000000000155,0.005400000000000155
27,4,200,0.04200000000000069,0.0053966666666667535,0.005750000000000165,0.005750000000000165
28,4,200,0.04085000000000066,0.005266666666666749,0.005700000000000163,0.005700000000000163
29,4,200,0.04120000000000067,0.005313333333333418,0.005750000000000002,0.005750000000000002
30,4,200,0.04050000000000065,0.005220000000000082,0.005400000000000155,0.005400000000000155
31,4,200,0.04050000000000065,0.005220000000000082,0.005400000000000155,0.005400000000000155
32,4,200,0.04050000000000065,0.005220000000000082,0.005400000000000155,0.005400000000000155
33,4,200,0.04050000000000065,0.005220000000000082,0.005400000000000155,0.005400000000000155
34,4,200,0.04050000000000065,0.005220000000000082,0.005400000000000155,0.005400000000000155
35,4,200,0.04050000000000065,0.005220000000000082,0.005400000000000155,0.005400000000000155
36,4,200,0.04050000000000065,0.005220000000000082,0.005400000000000155,0.005400000000000155
37,4,200,0.04050000000000065,0.005220000000000082,0.005400000000000155,0.005400000000000155
38,4,200,0.04050000000000065,0.005220000000000082,0.005400000000000155,0.005400000000000155
39,4,200,0.04050000000000065,0.005220000000000082,0.005400000000000155,0.005400000000000155
40,4,200,0.04050000000000065,0.005220000000000082,0.005400000000000155,0.005400000000000155
41,4,200,0.04050000000000065,0.005220000000000082,0.005400000000000155,0.005400000000000155
42,4,200,0.041150000000000665,0.005283333333333414,0.005700000000000163,0.005700000000000163
43,4,200,0.04050000000000065,0.005220000000000082,0.005400000000000155,0.005400000000000155
44,4,200,0.041150000000000665,0.00530666666666675,0.005750000000000165,0.005750000000000165
45,4,200,0.04050000000000065,0.005220000000000082,0.005400000000000155,0.005400000000000155
46,4,200,0.04050000000000065,0.005220000000000082,0.005400000000000155,0.005400000000000155
47,4,200,0.04050000000000065,0.005220000000000082,0.005400000000000155,0.005400000000000155
48,4,200,0.04050000000000065,0.005220000000000082,0.005400000000000155,0.005400000000000155
49,4,200,0.04050000000000065,0.005220000000000082,0.005400000000000155,0.005400000000000155
50,4,200,0.04050000000000065,0.005220000000000082,0.005400000000000155,0.005400000000000155
51,4,200,0.04050000000000065,0.005220000000000082,0.005400000000000155,0.005400000000000155
52,4,200,0.0424500000000007,0.0054566666666667546,0.005750000000000165,0.005750000000000165
53,4,200,0.04050000000000065,0.005220000000000082,0.005400000000000155,0.005400000000000155
54,4,200,0.04050000000000065,0.005220000000000082,0.005400000000000155,0.005400000000000155
55,4,200,0.042550000000000705,0.0054700000000000885,0.005750000000000165,0.005750000000000165
56,4,200,0.04130000000000067,0.005303333333333418,0.005750000000000165,0.005750000000000165
57,4,200,0.04050000000000065,0.005220000000000082,0.005400000000000155,0.005400000000000155
58,4,200,0.04265000000000071,0.0054833333333334225,0.005750000000000165,0.005750000000000165
59,4,200,0.04070000000000065,0.0052333333333334136,0.005400000000000155,0.005400000000000155
60,4,200,0.04050000000000065,0.005220000000000082,0.005400000000000155,0.005400000000000155
61,4,200,0.04050000000000065,0.005220000000000082,0.005400000000000155,0.005400000000000155
62,4,200,0.04050000000000065,0.005220000000000082,0.005400000000000155,0.005400000000000155
63,4,200,0.04050000000000065,0.005220000000000082,0.005400000000000155,0.005400000000000155
64,4,200,0.04050000000000065,0.005220000000000082,0.005400000000000155,0.005400000000000155
65,4,200,0.04050000000000065,0.005220000000000082,0.005400000000000155,0.005400000000000155
66,4,200,0.04050000000000065,0.005220000000000082,0.005400000000000155,0.005400000000000155
67,4,200,0.04050000000000065,0.005220000000000082,0.005400000000000155,0.005400000000000155
68,4,200,0.04155000000000068,0.005336666666666752,0.005750000000000165,0.005750000000000165
69,4,200,0.04050000000000065,0.005220000000000082,0.005400000000000155,0.005400000000000155
70,4,200,0.04050000000000065,0.005220000000000082,0.005400000000000155,0.005400000000000155
71,4,200,0.04050000000000065,0.005220000000000082,0.005400000000000155,0.005400000000000155
72,4,200,0.04050000000000065,0.005220000000000082,0.005400000000000155,0.005400000000000155
73,4,200,0.04050000000000065,0.005220000000000082,0.005400000000000155,0.005400000000000155
74,4,200,0.04050000000000065,0.005220000000000082,0.005400000000000155,0.005400000000000155
75,4,200,0.042500000000000704,0.0054633333333334215,0.005750000000000165,0.005750000000000165
76,4,200,0.04050000000000065,0.005220000000000082,0.005400000000000155,0.005400000000000155
77,4,200,0.04050000000000065,0.005220000000000082,0.005400000000000155,0.005400000000000155
78,4,200,0.04050000000000065,0.005220000000000082,0.005400000000000155,0.005400000000000155
79,4,200,0.04050000000000065,0.005220000000000082,0.005400000000000155,0.005400000000000155
80,4,200,0.04050000000000065,0.005220000000000082,0.005400000000000155,0.005400000000000155
81,4,200,0.04050000000000065,0.005220000000000082,0.005400000000000155,0.005400000000000155
82,4,200,0.04050000000000065,0.005220000000000082,0.005400000000000155,0.005400000000000155
83,4,200,0.04050000000000065,0.005220000000000082,0.005400000000000155,0.005400000000000155
84,4,200,0.04050000000000065,0.005220000000000082,0.005400000000000155,0.005400000000000155
85,4,200,0.04050000000000065,0.005220000000000082,0.005400000000000155,0.005400000000000155
86,4,200,0.04050000000000065,0.005220000000000082,0.005400000000000155,0.005400000000000155
87,4,200,0.04120000000000067,0.005290000000000084,0.005750000000000165,0.005750000000000165
88,4,200,0.04050000000000065,0.005220000000000082,0.005400000000000155,0.005400000000000155
89,4,200,0.04050000000000065,0.005220000000000082,0.005400000000000155,0.005400000000000155
90,4,200,0.04050000000000065,0.005220000000000082,0.005400000000000155,0.005400000000000155
91,4,200,0.04050000000000065,0.005220000000000082,0.005400000000000155,0.005400000000000155
92,4,200,0.04050000000000065,0.005220000000000082,0.005400000000000155,0.005400000000000155
93,4,200,0.04065000000000065,0.005230000000000081,0.005400000000000155,0.005400000000000155
94,4,200,0.04050000000000065,0.005220000000000082,0.005400000000000155,0.005400000000000155
95,4,200,0.04050000000000065,0.005220000000000082,0.005400000000000155,0.005400000000000155
96,4,200,0.04050000000000065,0.005220000000000082,0.005400000000000155,0.005400000000000155
97,4,200,0.04050000000000065,0.005220000000000082,0.005400000000000155,0.005400000000000155
98,4,200,0.04050000000000065,0.005220000000000082,0.005400000000000155,0.005400000000000155
99,4,200,0.04050000000000065,0.005220000000000082,0.005400000000000155,0.005400000000000155
100,4,200,0.04050000000000065,0.005220000000000082,0.005400000000000155,0.005400000000000155
101,4,200,0.04050000000000065,0.005220000000000082,0.005400000000000155,0.005400000000000155
102,4,200,0.04050000000000065,0.005220000000000082,0.005400000000000155,0.005400000000000155
103,4,200,0.042900000000000715,0.0055166666666667565,0.005750000000000165,0.005750000000000165
104,4,200,0.04050000000000065,0.005220000000000082,0.005400000000000155,0.005400000000000155
105,4,200,0.04050000000000065,0.005220000000000082,0.005400000000000155,0.005400000000000155
106,4,200,0.04050000000000065,0.005220000000000082,0.005400000000000155,0.005400000000000155
107,4,200,0.042200000000000695,0.0054233333333334206,0.005750000000000165,0.005750000000000165
108,4,200,0.04050000000000065,0.005220000000000082,0.005400000000000155,0.005400000000000155
109,4,200,0.04050000000000065,0.005220000000000082,0.005400000000000155,0.005400000000000155
110,4,200,0.04050000000000065,0.005220000000000082,0.005400000000000155,0.005400000000000155
111,4,200,0.04050000000000065,0.005220000000000082,0.005400000000000155,0.005400000000000155
112,4,200,0.042900000000000715,0.0055166666666667565,0.005750000000000165,0.005750000000000165
113,4,200,0.04050000000000065,0.005220000000000082,0.005400000000000155,0.005400000000000155
114,4,200,0.04050000000000065,0.005220000000000082,0.005400000000000155,0.005400000000000155
115,4,200,0.04050000000000065,0.005220000000000082,0.005400000000000155,0.005400000000000155
116,4,200,0.04050000000000065,0.005220000000000082,0.005400000000000155,0.005400000000000155
117,4,200,0.04050000000000065,0.005220000000000082,0.005400000000000155,0.005400000000000155
118,4,200,0.04050000000000065,0.005220000000000082,0.005400000000000155,0.005400000000000155
119,4,200,0.04050000000000065,0.005220000000000082,0.005400000000000155,0.005400000000000155
120,4,200,0.0424500000000007,0.005466666666666755,0.005750000000000165,0.005750000000000165
121,4,200,0.04050000000000065,0.005220000000000082,0.005400000000000155,0.005400000000000155
122,4,200,0.04050000000000065,0.005220000000000082,0.005400000000000155,0.005400000000000155
123,4,200,0.04050000000000065,0.005220000000000082,0.005400000000000155,0.005400000000000155
124,4,200,0.04050000000000065,0.005220000000000082,0.005400000000000155,0.005400000000000155
125,4,200,0.04050000000000065,0.005220000000000082,0.005400000000000155,0.005400000000000155
126,4,200,0.04050000000000065,0.005220000000000082,0.005400000000000155,0.005400000000000155
127,4,200,0.04050000000000065,0.005220000000000082,0.005400000000000155,0.005400000000000155
128,4,200,0.04050000000000065,0.005220000000000082,0.005400000000000155,0.005400000000000155
129,4,200,0.041500000000000675,0.005330000000000085,0.005750000000000165,0.005750000000000165
130,4,200,0.04050000000000065,0.005220000000000082,0.005400000000000155,0.005400000000000155
131,4,200,0.04050000000000065,0.005220000000000082,0.005400000000000155,0.005400000000000155
132,4,200,0.04050000000000065,0.005220000000000082,0.005400000000000155,0.005400000000000155
133,4,200,0.04050000000000065,0.005220000000000082,0.005400000000000155,0.005400000000000155
134,4,200,0.04050000000000065,0.005220000000000082,0.005400000000000155,0.005400000000000155
135,4,200,0.04050000000000065,0.005220000000000082,0.005400000000000155,0.005400000000000155
136,4,200,0.04300000000000072,0.00553000000000009,0.005750000000000165,0.005750000000000165
137,4,200,0.04050000000000065,0.005220000000000082,0.005400000000000155,0.005400000000000155
138,4,200,0.0424500000000007,0.0054566666666667546,0.005750000000000165,0.005750000000000165
139,4,200,0.04050000000000065,0.005220000000000082,0.005400000000000155,0.005400000000000155
140,4,200,0.04050000000000065,0.005220000000000082,0.005400000000000155,0.005400000000000155
141,4,200,0.04050000000000065,0.005220000000000082,0.005400000000000155,0.005400000000000155
142,4,200,0.04050000000000065,0.005220000000000082,0.005400000000000155,0.005400000000000155
143,4,200,0.04050000000000065,0.005220000000000082,0.005400000000000155,0.005400000000000155
144,4,200,0.04050000000000065,0.005220000000000082,0.005400000000000155,0.005400000000000155
145,4,200,0.04050000000000065,0.005220000000000082,0.005400000000000155,0.005400000000000155
146,4,200,0.04050000000000065,0.005220000000000082,0.005400000000000155,0.005400000000000155
147,4,200,0.0423000000000007,0.0054366666666667545,0.005750000000000165,0.005750000000000165
148,4,200,0.04050000000000065,0.005220000000000082,0.005400000000000155,0.005400000000000155
149,4,200,0.04050000000000065,0.005220000000000082,0.005400000000000155,0.005400000000000155
150,4,200,0.04050000000000065,0.005220000000000082,0.005400000000000155,0.005400000000000155
151,4,200,0.042150000000000694,0.005416666666666754,0.005750000000000165,0.005750000000000165
152,4,200,0.04050000000000065,0.005220000000000082,0.005400000000000155,0.005400000000000155
153,4,200,0.04050000000000065,0.005220000000000082,0.005400000000000155,0.005400000000000155
154,4,200,0.04100000000000066,0.00528666666666675,0.005750000000000002,0.005750000000000002
155,4,200,0.04050000000000065,0.005220000000000082,0.005400000000000155,0.005400000000000155
156,4,200,0.041150000000000665,0.005283333333333414,0.005700000000000163,0.005700000000000163
157,4,200,0.04050000000000065,0.005220000000000082,0.005400000000000155,0.005400000000000155
158,4,200,0.04050000000000065,0.005220000000000082,0.005400000000000155,0.005400000000000155
159,4,200,0.04050000000000065,0.005220000000000082,0.005400000000000155,0.005400000000000155
160,4,200,0.04050000000000065,0.005220000000000082,0.005400000000000155,0.005400000000000155
161,4,200,0.04050000000000065,0.005220000000000082,0.005400000000000155,0.005400000000000155
162,4,200,0.04050000000000065,0.005220000000000082,0.005400000000000155,0.005400000000000155
163,4,200,0.04050000000000065,0.005220000000000082,0.005400000000000155,0.005400000000000155
164,4,200,0.04050000000000065,0.005220000000000082,0.005400000000000155,0.005400000000000155
165,4,200,0.04050000000000065,0.005220000000000082,0.005400000000000155,0.005400000000000155
166,4,200,0.04050000000000065,0.005220000000000082,0.005400000000000155,0.005400000000000155
167,4,200,0.04135000000000067,0.005310000000000084,0.005750000000000165,0.005750000000000165
168,4,200,0.042500000000000704,0.00548000000000009,0.005750000000000165,0.005750000000000165
169,4,200,0.04050000000000065,0.005220000000000082,0.005400000000000155,0.005400000000000155
170,4,200,0.04050000000000065,0.005220000000000082,0.005400000000000155,0.005400000000000155
171,4,200,0.04050000000000065,0.005220000000000082,0.005400000000000155,0.005400000000000155
172,4,200,0.04400000000000075,0.005663333333333427,0.006050000000000173,0.006050000000000173
173,4,200,0.04050000000000065,0.005220000000000082,0.005400000000000155,0.005400000000000155
174,4,200,0.04050000000000065,0.005220000000000082,0.005400000000000155,0.005400000000000155
175,4,200,0.041150000000000665,0.005283333333333414,0.005700000000000163,0.005700000000000163
176,4,200,0.04050000000000065,0.005220000000000082,0.005400000000000155,0.005400000000000155
177,4,200,0.04200000000000069,0.0053966666666667535,0.005750000000000165,0.005750000000000165
178,4,200,0.04050000000000065,0.005220000000000082,0.005400000000000155,0.005400000000000155
179,4,200,0.04050000000000065,0.005220000000000082,0.005400000000000155,0.005400000000000155
180,4,200,0.04050000000000065,0.005220000000000082,0.005400000000000155,0.005400000000000155
181,4,200,0.04050000000000065,0.005220000000000082,0.005400000000000155,0.005400000000000155
182,4,200,0.04050000000000065,0.005220000000000082,0.005400000000000155,0.005400000000000155
183,4,200,0.04050000000000065,0.005220000000000082,0.005400000000000155,0.005400000000000155
184,4,200,0.04050000000000065,0.005220000000000082,0.005400000000000155,0.005400000000000155
185,4,200,0.04280000000000071,0.005503333333333423,0.005750000000000165,0.005750000000000165
186,4,200,0.04050000000000065,0.005220000000000082,0.005400000000000155,0.005400000000000155
187,4,200,0.04050000000000065,0.005220000000000082,0.005400000000000155,0.005400000000000155
188,4,200,0.04050000000000065,0.005220000000000082,0.005400000000000155,0.005400000000000155
189,4,200,0.04170000000000068,0.005356666666666752,0.005750000000000165,0.005750000000000165
190,4,200,0.04050000000000065,0.005220000000000082,0.005400000000000155,0.005400000000000155
191,4,200,0.04050000000000065,0.005220000000000082,0.005400000000000155,0.005400000000000155
192,4,200,0.04050000000000065,0.005220000000000082,0.005400000000000155,0.005400000000000155
193,4,200,0.04050000000000065,0.005220000000000082,0.005400000000000155,0.005400000000000155
194,4,200,0.04050000000000065,0.005220000000000082,0.005400000000000155,0.005400000000000155
195,4,200,0.04050000000000065,0.005220000000000082,0.005400000000000155,0.005400000000000155
196,4,200,0.04050000000000065,0.005220000000000082,0.005400000000000155,0.005400000000000155
197,4,200,0.04050000000000065,0.005220000000000082,0.005400000000000155,0.005400000000000155
198,4,200,0.04050000000000065,0.005220000000000082,0.005400000000000155,0.005400000000000155
199,4,200,0.04050000000000065,0.005220000000000082,0.005400000000000155,0.005400000000000155
200,4,200,0.04050000000000065,0.005220000000000082,0.005400000000000155,0.005400000000000155
201,4,200,0.04050000000000065,0.005220000000000082,0.005400000000000155,0.005400000000000155
202,4,200,0.04050000000000065,0.005220000000000082,0.005400000000000155,0.005400000000000155
203,4,200,0.04050000000000065,0.005220000000000082,0.005400000000000155,0.005400000000000155
204,4,200,0.04260000000000071,0.0054766666666667555,0.005750000000000165,0.005750000000000165
205,4,200,0.04050000000000065,0.005220000000000082,0.005400000000000155,0.005400000000000155
206,4,200,0.04050000000000065,0.005220000000000082,0.005400000000000155,0.005400000000000155
207,4,200,0.04050000000000065,0.005220000000000082,0.005400000000000155,0.005400000000000155
208,4,200,0.04050000000000065,0.005220000000000082,0.005400000000000155,0.005400000000000155
209,4,200,0.04050000000000065,0.005220000000000082,0.005400000000000155,0.005400000000000155
210,4,200,0.04050000000000065,0.005220000000000082,0.005400000000000155,0.005400000000000155
211,4,200,0.04050000000000065,0.005220000000000082,0.005400000000000155,0.005400000000000155
212,4,200,0.04050000000000065,0.005220000000000082,0.005400000000000155,0.005400000000000155
213,4,200,0.042150000000000694,0.005416666666666754,0.005750000000000165,0.005750000000000165
214,4,200,0.04050000000000065,0.005220000000000082,0.005400000000000155,0.005400000000000155
215,4,200,0.04050000000000065,0.005220000000000082,0.005400000000000155,0.005400000000000155
216,4,200,0.04050000000000065,0.005220000000000082,0.005400000000000155,0.005400000000000155
217,4,200,0.04050000000000065,0.005220000000000082,0.005400000000000155,0.005400000000000155
218,4,200,0.04050000000000065,0.005220000000000082,0.005400000000000155,0.005400000000000155
219,4,200,0.0423500000000007,0.0054433333333334215,0.005750000000000165,0.005750000000000165
220,4,200,0.04050000000000065,0.005220000000000082,0.005400000000000155,0.005400000000000155
221,4,200,0.04050000000000065,0.005220000000000082,0.005400000000000155,0.005400000000000155
222,4,200,0.04050000000000065,0.005220000000000082,0.005400000000000155,0.005400000000000155
223,4,200,0.04050000000000065,0.005220000000000082,0.005400000000000155,0.005400000000000155
224,4,200,0.04050000000000065,0.005220000000000082,0.005400000000000155,0.005400000000000155
225,4,200,0.04050000000000065,0.005220000000000082,0.005400000000000155,0.005400000000000155
226,4,200,0.04050000000000065,0.005220000000000082,0.005400000000000155,0.005400000000000155
227,4,200,0.04050000000000065,0.005220000000000082,0.005400000000000155,0.005400000000000155
228,4,200,0.04050000000000065,0.005220000000000082,0.005400000000000155,0.005400000000000155
229,4,200,0.04055000000000065,0.005223333333333415,0.005400000000000155,0.005400000000000155
230,4,200,0.04050000000000065,0.005220000000000082,0.005400000000000155,0.005400000000000155
231,4,200,0.04055000000000065,0.005223333333333415,0.005400000000000155,0.005400000000000155
232,4,200,0.04050000000000065,0.005220000000000082,0.005400000000000155,0.005400000000000155
233,4,200,0.04050000000000065,0.005220000000000082,0.005400000000000155,0.005400000000000155
234,4,200,0.04160000000000068,0.005343333333333419,0.005750000000000165,0.005750000000000165
235,4,200,0.04050000000000065,0.005220000000000082,0.005400000000000155,0.005400000000000155
236,4,200,0.04050000000000065,0.005220000000000082,0.005400000000000155,0.005400000000000155
237,4,200,0.04170000000000068,0.005356666666666752,0.005750000000000165,0.005750000000000165
238,4,200,0.04050000000000065,0.005220000000000082,0.005400000000000155,0.005400000000000155
239,4,200,0.04050000000000065,0.005220000000000082,0.005400000000000155,0.005400000000000155
240,4,200,0.04260000000000071,0.0054766666666667555,0.005750000000000165,0.005750000000000165
241,4,200,0.04050000000000065,0.005220000000000082,0.005400000000000155,0.005400000000000155
242,4,200,0.04175000000000068,0.005363333333333419,0.005750000000000165,0.005750000000000165
243,4,200,0.04050000000000065,0.005220000000000082,0.005400000000000155,0.005400000000000155
244,4,200,0.04050000000000065,0.005220000000000082,0.005400000000000155,0.005400000000000155
245,4,200,0.04305000000000072,0.005536666666666757,0.005750000000000165,0.005750000000000165
246,4,200,0.04050000000000065,0.005220000000000082,0.005400000000000155,0.005400000000000155
247,4,200,0.04050000000000065,0.005220000000000082,0.005400000000000155,0.005400000000000155
248,4,200,0.04095000000000066,0.005280000000000082,0.005650000000000162,0.005650000000000162
249,4,200,0.04050000000000065,0.005220000000000082,0.005400000000000155,0.005400000000000155
250,4,200,0.04050000000000065,0.005220000000000082,0.005400000000000155,0.005400000000000155
251,4,200,0.04130000000000067,0.005303333333333418,0.005750000000000165,0.005750000000000165
252,4,200,0.04050000000000065,0.005220000000000082,0.005400000000000155,0.005400000000000155
253,4,200,0.04050000000000065,0.005220000000000082,0.005400000000000155,0.005400000000000155
254,4,200,0.04050000000000065,0.005220000000000082,0.005400000000000155,0.005400000000000155
255,4,200,0.04050000000000065,0.005220000000000082,0.005400000000000155,0.005400000000000155
256,4,200,0.04130000000000067,0.005303333333333418,0.005750000000000165,0.005750000000000165
257,4,200,0.04050000000000065,0.005220000000000082,0.005400000000000155,0.005400000000000155
258,4,200,0.04050000000000065,0.005220000000000082,0.005400000000000155,0.005400000000000155
259,4,200,0.04090000000000066,0.00525000000000008,0.005450000000000156,0.005450000000000156
260,4,200,0.04050000000000065,0.005220000000000082,0.005400000000000155,0.005400000000000155
261,4,200,0.04050000000000065,0.005220000000000082,0.005400000000000155,0.005400000000000155
262,4,200,0.04050000000000065,0.005220000000000082,0.005400000000000155,0.005400000000000155
263,4,200,0.04050000000000065,0.005220000000000082,0.005400000000000155,0.005400000000000155
264,4,200,0.04050000000000065,0.005220000000000082,0.005400000000000155,0.005400000000000155
265,4,200,0.04050000000000065,0.005220000000000082,0.005400000000000155,0.005400000000000155
266,4,200,0.04050000000000065,0.005220000000000082,0.005400000000000155,0.005400000000000155
267,4,200,0.04050000000000065,0.005220000000000082,0.005400000000000155,0.005400000000000155
268,4,200,0.04050000000000065,0.005220000000000082,0.005400000000000155,0.005400000000000155
269,4,200,0.04050000000000065,0.005220000000000082,0.005400000000000155,0.005400000000000155
270,4,200,0.04050000000000065,0.005220000000000082,0.005400000000000155,0.005400000000000155
271,4,200,0.04050000000000065,0.005220000000000082,0.005400000000000155,0.005400000000000155
272,4,200,0.04050000000000065,0.005220000000000082,0.005400000000000155,0.005400000000000155
273,4,200,0.041850000000000685,0.005376666666666753,0.005750000000000165,0.005750000000000165
274,4,200,0.04050000000000065,0.005220000000000082,0.005400000000000155,0.005400000000000155
275,4,200,0.04050000000000065,0.005220000000000082,0.005400000000000155,0.005400000000000155
276,4,200,0.04205000000000069,0.0054033333333334205,0.005750000000000165,0.005750000000000165
277,4,200,0.04060000000000065,0.005226666666666748,0.005400000000000155,0.005400000000000155
278,4,200,0.04050000000000065,0.005220000000000082,0.005400000000000155,0.005400000000000155
279,4,200,0.04050000000000065,0.005220000000000082,0.005400000000000155,0.005400000000000155
280,4,200,0.04050000000000065,0.005220000000000082,0.005400000000000155,0.005400000000000155
281,4,200,0.04050000000000065,0.005220000000000082,0.005400000000000155,0.005400000000000155
282,4,200,0.04050000000000065,0.005220000000000082,0.005400000000000155,0.005400000000000155
283,4,200,0.04155000000000068,0.005360000000000085,0.005750000000000165,0.005750000000000165
284,4,200,0.04050000000000065,0.005220000000000082,0.005400000000000155,0.005400000000000155
285,4,200,0.04050000000000065,0.005220000000000082,0.005400000000000155,0.005400000000000155
286,4,200,0.04050000000000065,0.005220000000000082,0.005400000000000155,0.005400000000000155
287,4,200,0.04050000000000065,0.005220000000000082,0.005400000000000155,0.005400000000000155
288,4,200,0.04050000000000065,0.005220000000000082,0.005400000000000155,0.005400000000000155
289,4,200,0.04050000000000065,0.005220000000000082,0.005400000000000155,0.005400000000000155
290,4,200,0.04050000000000065,0.005220000000000082,0.005400000000000155,0.005400000000000155
291,4,200,0.04050000000000065,0.005220000000000082,0.005400000000000155,0.005400000000000155
292,4,200,0.04050000000000065,0.005220000000000082,0.005400000000000155,0.005400000000000155
293,4,200,0.04050000000000065,0.005220000000000082,0.005400000000000155,0.005400000000000155
294,4,200,0.04105000000000066,0.005280000000000082,0.005750000000000165,0.005750000000000165
295,4,200,0.04050000000000065,0.005220000000000082,0.005400000000000155,0.005400000000000155
296,4,200,0.041100000000000664,0.005300000000000084,0.005750000000000165,0.005750000000000165
297,4,200,0.04050000000000065,0.005220000000000082,0.005400000000000155,0.005400000000000155
298,4,200,0.04050000000000065,0.005220000000000082,0.005400000000000155,0.005400000000000155
299,4,200,0.04050000000000065,0.005220000000000082,0.005400000000000155,0.005400000000000155
300,4,200,0.042150000000000694,0.005416666666666754,0.005750000000000165,0.005750000000000165
301,4,200,0.04135000000000067,0.005310000000000084,0.005750000000000165,0.005750000000000165
302,4,200,0.04050000000000065,0.005220000000000082,0.005400000000000155,0.005400000000000155
303,4,200,0.04050000000000065,0.005220000000000082,0.005400000000000155,0.005400000000000155
304,4,200,0.04050000000000065,0.005220000000000082,0.005400000000000155,0.005400000000000155
305,4,200,0.04050000000000065,0.005220000000000082,0.005400000000000155,0.005400000000000155
306,4,200,0.04050000000000065,0.005220000000000082,0.005400000000000155,0.005400000000000155
307,4,200,0.04050000000000065,0.005220000000000082,0.005400000000000155,0.005400000000000155
308,4,200,0.04050000000000065,0.005220000000000082,0.005400000000000155,0.005400000000000155
309,4,200,0.04210000000000069,0.005410000000000087,0.005750000000000165,0.005750000000000165
310,4,200,0.04050000000000065,0.005220000000000082,0.005400000000000155,0.005400000000000155
311,4,200,0.0423500000000007,0.0054433333333334215,0.005750000000000165,0.005750000000000165
312,4,200,0.04050000000000065,0.005220000000000082,0.005400000000000155,0.005400000000000155
313,4,200,0.04050000000000065,0.005220000000000082,0.005400000000000155,0.005400000000000155
314,4,200,0.04050000000000065,0.005220000000000082,0.005400000000000155,0.005400000000000155
315,4,200,0.04050000000000065,0.005220000000000082,0.005400000000000155,0.005400000000000155
316,4,200,0.04050000000000065,0.005220000000000082,0.005400000000000155,0.005400000000000155
317,4,200,0.04050000000000065,0.005220000000000082,0.005400000000000155,0.005400000000000155
318,4,200,0.04050000000000065,0.005220000000000082,0.005400000000000155,0.005400000000000155
319,4,200,0.04050000000000065,0.005220000000000082,0.005400000000000155,0.005400000000000155
320,4,200,0.04050000000000065,0.005220000000000082,0.005400000000000155,0.005400000000000155
321,4,200,0.040800000000000655,0.005260000000000083,0.005599999999999966,0.005599999999999966
322,4,200,0.04050000000000065,0.005220000000000082,0.005400000000000155,0.005400000000000155
323,4,200,0.041450000000000674,0.005323333333333418,0.005750000000000165,0.005750000000000165
324,4,200,0.04050000000000065,0.005220000000000082,0.005400000000000155,0.005400000000000155
325,4,200,0.04050000000000065,0.005220000000000082,0.005400000000000155,0.005400000000000155
326,4,200,0.041500000000000675,0.005353333333333419,0.005750000000000165,0.005750000000000165
327,4,200,0.04050000000000065,0.005220000000000082,0.005400000000000155,0.005400000000000155
328,4,200,0.04050000000000065,0.005220000000000082,0.005400000000000155,0.005400000000000155
329,4,200,0.04050000000000065,0.005220000000000082,0.005400000000000155,0.005400000000000155
330,4,200,0.04050000000000065,0.005220000000000082,0.005400000000000155,0.005400000000000155
331,4,200,0.04050000000000065,0.005220000000000082,0.005400000000000155,0.005400000000000155
332,4,200,0.04050000000000065,0.005220000000000082,0.005400000000000155,0.005400000000000155
333,4,200,0.04050000000000065,0.005220000000000082,0.005400000000000155,0.005400000000000155
334,4,200,0.04050000000000065,0.005220000000000082,0.005400000000000155,0.005400000000000155
335,4,200,0.04050000000000065,0.005220000000000082,0.005400000000000155,0.005400000000000155
336,4,200,0.04050000000000065,0.005220000000000082,0.005400000000000155,0.005400000000000155
337,4,200,0.04050000000000065,0.005220000000000082,0.005400000000000155,0.005400000000000155
338,4,200,0.04050000000000065,0.005220000000000082,0.005400000000000155,0.005400000000000155
339,4,200,0.04050000000000065,0.005220000000000082,0.005400000000000155,0.005400000000000155
340,4,200,0.041100000000000664,0.005276666666666748,0.005650000000000162,0.005650000000000162
341,4,200,0.04050000000000065,0.005220000000000082,0.005400000000000155,0.005400000000000155
342,4,200,0.04050000000000065,0.005220000000000082,0.005400000000000155,0.005400000000000155
343,4,200,0.04050000000000065,0.005220000000000082,0.005400000000000155,0.005400000000000155
344,4,200,0.04050000000000065,0.005220000000000082,0.005400000000000155,0.005400000000000155
345,4,200,0.04050000000000065,0.005220000000000082,0.005400000000000155,0.005400000000000155
346,4,200,0.041500000000000675,0.005330000000000085,0.005750000000000165,0.005750000000000165
347,4,200,0.04050000000000065,0.005220000000000082,0.005400000000000155,0.005400000000000155
348,4,200,0.04050000000000065,0.005220000000000082,0.005400000000000155,0.005400000000000155
349,4,200,0.04050000000000065,0.005220000000000082,0.005400000000000155,0.005400000000000155
350,4,200,0.04050000000000065,0.005220000000000082,0.005400000000000155,0.005400000000000155
351,4,200,0.04050000000000065,0.005220000000000082,0.005400000000000155,0.005400000000000155
352,4,200,0.04210000000000069,0.005410000000000087,0.005750000000000165,0.005750000000000165
353,4,200,0.041100000000000664,0.005276666666666748,0.005650000000000162,0.005650000000000162
354,4,200,0.04050000000000065,0.005220000000000082,0.005400000000000155,0.005400000000000155
355,4,200,0.043200000000000724,0.005556666666666757,0.005750000000000165,0.005750000000000165
356,4,200,0.04050000000000065,0.005220000000000082,0.005400000000000155,0.005400000000000155
357,4,200,0.04050000000000065,0.005220000000000082,0.005400000000000155,0.005400000000000155
358,4,200,0.04050000000000065,0.005220000000000082,0.005400000000000155,0.005400000000000155
359,4,200,0.04275000000000071,0.005496666666666756,0.005750000000000165,0.005750000000000165
360,4,200,0.04050000000000065,0.005220000000000082,0.005400000000000155,0.005400000000000155
361,4,200,0.04050000000000065,0.005220000000000082,0.005400000000000155,0.005400000000000155
362,4,200,0.04050000000000065,0.005220000000000082,0.005400000000000155,0.005400000000000155
363,4,200,0.04050000000000065,0.005220000000000082,0.005400000000000155,0.005400000000000155
364,4,200,0.04050000000000065,0.005220000000000082,0.005400000000000155,0.005400000000000155
365,4,200,0.04050000000000065,0.005220000000000082,0.005400000000000155,0.005400000000000155
366,4,200,0.04065000000000065,0.005240000000000081,0.005499999999999993,0.005499999999999993
367,4,200,0.04050000000000065,0.005220000000000082,0.005400000000000155,0.005400000000000155
368,4,200,0.04050000000000065,0.005220000000000082,0.005400000000000155,0.005400000000000155
369,4,200,0.04160000000000068,0.005343333333333419,0.005750000000000165,0.005750000000000165
370,4,200,0.04050000000000065,0.005220000000000082,0.005400000000000155,0.005400000000000155
371,4,200,0.04050000000000065,0.005220000000000082,0.005400000000000155,0.005400000000000155
372,4,200,0.04050000000000065,0.005220000000000082,0.005400000000000155,0.005400000000000155
373,4,200,0.04095000000000066,0.0052566666666667506,0.0055000000000001575,0.0055000000000001575
374,4,200,0.04050000000000065,0.005220000000000082,0.005400000000000155,0.005400000000000155
375,4,200,0.04050000000000065,0.005220000000000082,0.005400000000000155,0.005400000000000155
376,4,200,0.04050000000000065,0.005220000000000082,0.005400000000000155,0.005400000000000155
377,4,200,0.04050000000000065,0.005220000000000082,0.005400000000000155,0.005400000000000155
378,4,200,0.042150000000000694,0.005440000000000087,0.005750000000000165,0.005750000000000165
379,4,200,0.04050000000000065,0.005220000000000082,0.005400000000000155,0.005400000000000155
380,4,200,0.04050000000000065,0.005220000000000082,0.005400000000000155,0.005400000000000155
381,4,200,0.04050000000000065,0.005220000000000082,0.005400000000000155,0.005400000000000155
382,4,200,0.04050000000000065,0.005220000000000082,0.005400000000000155,0.005400000000000155
383,4,200,0.04050000000000065,0.005220000000000082,0.005400000000000155,0.005400000000000155
384,4,200,0.041100000000000664,0.005276666666666748,0.005650000000000162,0.005650000000000162
385,4,200,0.04050000000000065,0.005220000000000082,0.005400000000000155,0.005400000000000155
386,4,200,0.04050000000000065,0.005220000000000082,0.005400000000000155,0.005400000000000155
387,4,200,0.04050000000000065,0.005220000000000082,0.005400000000000155,0.005400000000000155
388,4,200,0.04050000000000065,0.005220000000000082,0.005400000000000155,0.005400000000000155
389,4,200,0.04050000000000065,0.005220000000000082,0.005400000000000155,0.005400000000000155
390,4,200,0.042500000000000704,0.0054633333333334215,0.005750000000000165,0.005750000000000165
391,4,200,0.04050000000000065,0.005220000000000082,0.005400000000000155,0.005400000000000155
392,4,200,0.04050000000000065,0.005220000000000082,0.005400000000000155,0.005400000000000155
393,4,200,0.04050000000000065,0.005220000000000082,0.005400000000000155,0.005400000000000155
394,4,200,0.042200000000000695,0.0054233333333334206,0.005750000000000165,0.005750000000000165
395,4,200,0.04050000000000065,0.005220000000000082,0.005400000000000155,0.005400000000000155
396,4,200,0.04050000000000065,0.005220000000000082,0.005400000000000155,0.005400000000000155
397,4,200,0.04050000000000065,0.005220000000000082,0.005400000000000155,0.005400000000000155
398,4,200,0.04050000000000065,0.005220000000000082,0.005400000000000155,0.005400000000000155
399,4,200,0.04050000000000065,0.005220000000000082,0.005400000000000155,0.005400000000000155
400,4,200,0.04050000000000065,0.005220000000000082,0.005400000000000155,0.005400000000000155
401,4,200,0.041150000000000665,0.005283333333333414,0.005700000000000163,0.005700000000000163
402,4,200,0.04050000000000065,0.005220000000000082,0.005400000000000155,0.005400000000000155
403,4,200,0.04050000000000065,0.005220000000000082,0.005400000000000155,0.005400000000000155
404,4,200,0.04050000000000065,0.005220000000000082,0.005400000000000155,0.005400000000000155
405,4,200,0.04050000000000065,0.005220000000000082,0.005400000000000155,0.005400000000000155
406,4,200,0.04050000000000065,0.005220000000000082,0.005400000000000155,0.005400000000000155
407,4,200,0.04050000000000065,0.005220000000000082,0.005400000000000155,0.005400000000000155
408,4,200,0.0424000000000007,0.0054500000000000885,0.005750000000000165,0.005750000000000165
409,4,200,0.04090000000000066,0.00525000000000008,0.005450000000000156,0.005450000000000156
410,4,200,0.04050000000000065,0.005220000000000082,0.005400000000000155,0.005400000000000155
411,4,200,0.04050000000000065,0.005220000000000082,0.005400000000000155,0.005400000000000155
412,4,200,0.04050000000000065,0.005220000000000082,0.005400000000000155,0.005400000000000155
413,4,200,0.04105000000000066,0.005293333333333416,0.005750000000000165,0.005750000000000165
414,4,200,0.04050000000000065,0.005220000000000082,0.005400000000000155,0.005400000000000155
415,4,200,0.0422500000000007,0.005453333333333421,0.005750000000000165,0.005750000000000165
416,4,200,0.04050000000000065,0.005220000000000082,0.005400000000000155,0.005400000000000155
417,4,200,0.04050000000000065,0.005220000000000082,0.005400000000000155,0.005400000000000155
418,4,200,0.04050000000000065,0.005220000000000082,0.005400000000000155,0.005400000000000155
419,4,200,0.04300000000000072,0.00553000000000009,0.005750000000000165,0.005750000000000165
420,4,200,0.04050000000000065,0.005220000000000082,0.005400000000000155,0.005400000000000155
421,4,200,0.04050000000000065,0.005220000000000082,0.005400000000000155,0.005400000000000155
422,4,200,0.04050000000000065,0.005220000000000082,0.005400000000000155,0.005400000000000155
423,4,200,0.04050000000000065,0.005220000000000082,0.005400000000000155,0.005400000000000155
424,4,200,0.04050000000000065,0.005220000000000082,0.005400000000000155,0.005400000000000155
425,4,200,0.04050000000000065,0.005220000000000082,0.005400000000000155,0.005400000000000155
426,4,200,0.04050000000000065,0.005220000000000082,0.005400000000000155,0.005400000000000155
427,4,200,0.04195000000000069,0.00541333333333342,0.005750000000000165,0.005750000000000165
428,4,200,0.04050000000000065,0.005220000000000082,0.005400000000000155,0.005400000000000155
429,4,200,0.04205000000000069,0.0054033333333334205,0.005750000000000165,0.005750000000000165
430,4,200,0.04260000000000071,0.0054766666666667555,0.005750000000000165,0.005750000000000165
431,4,200,0.04050000000000065,0.005220000000000082,0.005400000000000155,0.005400000000000155
432,4,200,0.04050000000000065,0.005220000000000082,0.005400000000000155,0.005400000000000155
433,4,200,0.04050000000000065,0.005220000000000082,0.005400000000000155,0.005400000000000155
434,4,200,0.04105000000000066,0.005293333333333416,0.005750000000000165,0.005750000000000165
435,4,200,0.04050000000000065,0.005220000000000082,0.005400000000000155,0.005400000000000155
436,4,200,0.04315000000000072,0.005550000000000091,0.005750000000000165,0.005750000000000165
437,4,200,0.04050000000000065,0.005220000000000082,0.005400000000000155,0.005400000000000155
438,4,200,0.04095000000000066,0.0052566666666667506,0.0055000000000001575,0.0055000000000001575
439,4,200,0.04050000000000065,0.005220000000000082,0.005400000000000155,0.005400000000000155
440,4,200,0.04105000000000066,0.005293333333333416,0.005700000000000005,0.005700000000000005
441,4,200,0.04050000000000065,0.005220000000000082,0.005400000000000155,0.005400000000000155
442,4,200,0.04050000000000065,0.005220000000000082,0.005400000000000155,0.005400000000000155
443,4,200,0.04050000000000065,0.005220000000000082,0.005400000000000155,0.005400000000000155
444,4,200,0.04050000000000065,0.005220000000000082,0.005400000000000155,0.005400000000000155
445,4,200,0.04050000000000065,0.005220000000000082,0.005400000000000155,0.005400000000000155
446,4,200,0.04050000000000065,0.005220000000000082,0.005400000000000155,0.005400000000000155
447,4,200,0.04050000000000065,0.005220000000000082,0.005400000000000155,0.005400000000000155
448,4,200,0.042200000000000695,0.0054233333333334206,0.005750000000000165,0.005750000000000165
449,4,200,0.04050000000000065,0.005220000000000082,0.005400000000000155,0.005400000000000155
450,4,200,0.04050000000000065,0.005220000000000082,0.005400000000000155,0.005400000000000155
451,4,200,0.04050000000000065,0.005220000000000082,0.005400000000000155,0.005400000000000155
452,4,200,0.04050000000000065,0.005220000000000082,0.005400000000000155,0.005400000000000155
453,4,200,0.04050000000000065,0.005220000000000082,0.005400000000000155,0.005400000000000155
454,4,200,0.04165000000000068,0.005350000000000086,0.005750000000000165,0.005750000000000165
455,4,200,0.04050000000000065,0.005220000000000082,0.005400000000000155,0.005400000000000155
456,4,200,0.04050000000000065,0.005220000000000082,0.005400000000000155,0.005400000000000155
457,4,200,0.042550000000000705,0.0054700000000000885,0.005750000000000165,0.005750000000000165
458,4,200,0.04050000000000065,0.005220000000000082,0.005400000000000155,0.005400000000000155
459,4,200,0.04050000000000065,0.005220000000000082,0.005400000000000155,0.005400000000000155
460,4,200,0.0423000000000007,0.0054366666666667545,0.005750000000000165,0.005750000000000165
461,4,200,0.04050000000000065,0.005220000000000082,0.005400000000000155,0.005400000000000155
462,4,200,0.04050000000000065,0.005220000000000082,0.005400000000000155,0.005400000000000155
463,4,200,0.04050000000000065,0.005220000000000082,0.005400000000000155,0.005400000000000155
464,4,200,0.04050000000000065,0.005220000000000082,0.005400000000000155,0.005400000000000155
465,4,200,0.04050000000000065,0.005220000000000082,0.005400000000000155,0.005400000000000155
466,4,200,0.04050000000000065,0.005220000000000082,0.005400000000000155,0.005400000000000155
467,4,200,0.04050000000000065,0.005220000000000082,0.005400000000000155,0.005400000000000155
468,4,200,0.04050000000000065,0.005220000000000082,0.005400000000000155,0.005400000000000155
469,4,200,0.04050000000000065,0.005220000000000082,0.005400000000000155,0.005400000000000155
470,4,200,0.041850000000000685,0.005376666666666753,0.005750000000000165,0.005750000000000165
471,4,200,0.04050000000000065,0.005220000000000082,0.005400000000000155,0.005400000000000155
472,4,200,0.04050000000000065,0.005220000000000082,0.005400000000000155,0.005400000000000155
473,4,200,0.04105000000000066,0.005270000000000082,0.00560000000000016,0.00560000000000016
474,4,200,0.04050000000000065,0.005220000000000082,0.005400000000000155,0.005400000000000155
475,4,200,0.04050000000000065,0.005220000000000082,0.005400000000000155,0.005400000000000155
476,4,200,0.04050000000000065,0.005220000000000082,0.005400000000000155,0.005400000000000155
477,4,200,0.04050000000000065,0.005220000000000082,0.005400000000000155,0.005400000000000155
478,4,200,0.0424000000000007,0.0054500000000000885,0.005750000000000165,0.005750000000000165
479,4,200,0.04050000000000065,0.005220000000000082,0.005400000000000155,0.005400000000000155
480,4,200,0.04050000000000065,0.005220000000000082,0.005400000000000155,0.005400000000000155
481,4,200,0.04050000000000065,0.005220000000000082,0.005400000000000155,0.005400000000000155
482,4,200,0.04050000000000065,0.005220000000000082,0.005400000000000155,0.005400000000000155
483,4,200,0.04135000000000067,0.005310000000000084,0.005750000000000165,0.005750000000000165
484,4,200,0.04050000000000065,0.005220000000000082,0.005400000000000155,0.005400000000000155
485,4,200,0.04050000000000065,0.005220000000000082,0.005400000000000155,0.005400000000000155
486,4,200,0.04050000000000065,0.005220000000000082,0.005400000000000155,0.005400000000000155
487,4,200,0.04050000000000065,0.005220000000000082,0.005400000000000155,0.005400000000000155
488,4,200,0.04050000000000065,0.005220000000000082,0.005400000000000155,0.005400000000000155
489,4,200,0.04050000000000065,0.005220000000000082,0.005400000000000155,0.005400000000000155
490,4,200,0.04050000000000065,0.005220000000000082,0.005400000000000155,0.005400000000000155
491,4,200,0.04205000000000069,0.0054033333333334205,0.005750000000000165,0.005750000000000165
492,4,200,0.04050000000000065,0.005220000000000082,0.005400000000000155,0.005400000000000155
493,4,200,0.04050000000000065,0.005220000000000082,0.005400000000000155,0.005400000000000155
494,4,200,0.04050000000000065,0.005220000000000082,0.005400000000000155,0.005400000000000155
495,4,200,0.04050000000000065,0.005220000000000082,0.005400000000000155,0.005400000000000155
496,4,200,0.04050000000000065,0.005220000000000082,0.005400000000000155,0.005400000000000155
497,4,200,0.04050000000000065,0.005220000000000082,0.005400000000000155,0.005400000000000155
498,4,200,0.04050000000000065,0.005220000000000082,0.005400000000000155,0.005400000000000155
499,4,200,0.04050000000000065,0.005220000000000082,0.005400000000000155,0.005400000000000155
500,4,200,0.04050000000000065,0.005220000000000082,0.005400000000000155,0.005400000000000155
501,4,200,0.04050000000000065,0.005220000000000082,0.005400000000000155,0.005400000000000155
502,4,200,0.04050000000000065,0.005220000000000082,0.005400000000000155,0.005400000000000155
503,4,200,0.04085000000000066,0.005243333333333415,0.005400000000000155,0.005400000000000155
504,4,200,0.04050000000000065,0.005220000000000082,0.005400000000000155,0.005400000000000155
505,4,200,0.04050000000000065,0.005220000000000082,0.005400000000000155,0.005400000000000155
506,4,200,0.04280000000000071,0.005503333333333423,0.005750000000000165,0.005750000000000165
507,4,200,0.041100000000000664,0.005276666666666748,0.005650000000000162,0.005650000000000162
508,4,200,0.04050000000000065,0.005220000000000082,0.005400000000000155,0.005400000000000155
509,4,200,0.04050000000000065,0.005220000000000082,0.005400000000000155,0.005400000000000155
510,4,200,0.043200000000000724,0.005556666666666757,0.005750000000000165,0.005750000000000165
511,4,200,0.04050000000000065,0.005220000000000082,0.005400000000000155,0.005400000000000155
512,4,200,0.04050000000000065,0.005220000000000082,0.005400000000000155,0.005400000000000155
513,4,200,0.04050000000000065,0.005220000000000082,0.005400000000000155,0.005400000000000155
514,4,200,0.04050000000000065,0.005220000000000082,0.005400000000000155,0.005400000000000155
515,4,200,0.04050000000000065,0.005220000000000082,0.005400000000000155,0.005400000000000155
516,4,200,0.04050000000000065,0.005220000000000082,0.005400000000000155,0.005400000000000155
517,4,200,0.04050000000000065,0.005220000000000082,0.005400000000000155,0.005400000000000155
518,4,200,0.04050000000000065,0.005220000000000082,0.005400000000000155,0.005400000000000155
519,4,200,0.04050000000000065,0.005220000000000082,0.005400000000000155,0.005400000000000155
520,4,200,0.04050000000000065,0.005220000000000082,0.005400000000000155,0.005400000000000155
521,4,200,0.04050000000000065,0.005220000000000082,0.005400000000000155,0.005400000000000155
522,4,200,0.04190000000000069,0.00539333333333342,0.005750000000000165,0.005750000000000165
523,4,200,0.04165000000000068,0.005350000000000086,0.005750000000000165,0.005750000000000165
524,4,200,0.04050000000000065,0.005220000000000082,0.005400000000000155,0.005400000000000155
525,4,200,0.04125000000000067,0.005296666666666751,0.005750000000000165,0.005750000000000165
526,4,200,0.04050000000000065,0.005220000000000082,0.005400000000000155,0.005400000000000155
527,4,200,0.04135000000000067,0.005310000000000084,0.005750000000000165,0.005750000000000165
528,4,200,0.04050000000000065,0.005220000000000082,0.005400000000000155,0.005400000000000155
529,4,200,0.04050000000000065,0.005220000000000082,0.005400000000000155,0.005400000000000155
530,4,200,0.04065000000000065,0.005230000000000081,0.005400000000000155,0.005400000000000155
531,4,200,0.04050000000000065,0.005220000000000082,0.005400000000000155,0.005400000000000155
532,4,200,0.04050000000000065,0.005220000000000082,0.005400000000000155,0.005400000000000155
533,4,200,0.04050000000000065,0.005220000000000082,0.005400000000000155,0.005400000000000155
534,4,200,0.04050000000000065,0.005220000000000082,0.005400000000000155,0.005400000000000155
535,4,200,0.04050000000000065,0.005220000000000082,0.005400000000000155,0.005400000000000155
536,4,200,0.04050000000000065,0.005220000000000082,0.005400000000000155,0.005400000000000155
537,4,200,0.04050000000000065,0.005220000000000082,0.005400000000000155,0.005400000000000155
538,4,200,0.04195000000000069,0.0053900000000000866,0.005750000000000165,0.005750000000000165
539,4,200,0.04050000000000065,0.005220000000000082,0.005400000000000155,0.005400000000000155
540,4,200,0.04050000000000065,0.005220000000000082,0.005400000000000155,0.005400000000000155
541,4,200,0.04050000000000065,0.005220000000000082,0.005400000000000155,0.005400000000000155
542,4,200,0.04050000000000065,0.005220000000000082,0.005400000000000155,0.005400000000000155
543,4,200,0.04050000000000065,0.005220000000000082,0.005400000000000155,0.005400000000000155
544,4,200,0.04050000000000065,0.005220000000000082,0.005400000000000155,0.005400000000000155
545,4,200,0.04050000000000065,0.005220000000000082,0.005400000000000155,0.005400000000000155
546,4,200,0.04050000000000065,0.005220000000000082,0.005400000000000155,0.005400000000000155
547,4,200,0.042550000000000705,0.0054700000000000885,0.005750000000000165,0.005750000000000165
548,4,200,0.04050000000000065,0.005220000000000082,0.005400000000000155,0.005400000000000155
549,4,200,0.04050000000000065,0.005220000000000082,0.005400000000000155,0.005400000000000155
550,4,200,0.04050000000000065,0.005220000000000082,0.005400000000000155,0.005400000000000155
551,4,200,0.04050000000000065,0.005220000000000082,0.005400000000000155,0.005400000000000155
552,4,200,0.04050000000000065,0.005220000000000082,0.005400000000000155,0.005400000000000155
553,4,200,0.04050000000000065,0.005220000000000082,0.005400000000000155,0.005400000000000155
554,4,200,0.04050000000000065,0.005220000000000082,0.005400000000000155,0.005400000000000155
555,4,200,0.04050000000000065,0.005220000000000082,0.005400000000000155,0.005400000000000155
556,4,200,0.04050000000000065,0.005220000000000082,0.005400000000000155,0.005400000000000155
557,4,200,0.04050000000000065,0.005220000000000082,0.005400000000000155,0.005400000000000155
558,4,200,0.04050000000000065,0.005220000000000082,0.005400000000000155,0.005400000000000155
559,4,200,0.04130000000000067,0.005303333333333418,0.005750000000000165,0.005750000000000165
560,4,200,0.04050000000000065,0.005220000000000082,0.005400000000000155,0.005400000000000155
561,4,200,0.04050000000000065,0.005220000000000082,0.005400000000000155,0.005400000000000155
562,4,200,0.04050000000000065,0.005220000000000082,0.005400000000000155,0.005400000000000155
563,4,200,0.04050000000000065,0.005220000000000082,0.005400000000000155,0.005400000000000155
564,4,200,0.04050000000000065,0.005220000000000082,0.005400000000000155,0.005400000000000155
565,4,200,0.04050000000000065,0.005220000000000082,0.005400000000000155,0.005400000000000155
566,4,200,0.04050000000000065,0.005220000000000082,0.005400000000000155,0.005400000000000155
567,4,200,0.04050000000000065,0.005220000000000082,0.005400000000000155,0.005400000000000155
568,4,200,0.04050000000000065,0.005220000000000082,0.005400000000000155,0.005400000000000155
569,4,200,0.04120000000000067,0.005303333333333418,0.005750000000000165,0.005750000000000165
570,4,200,0.04050000000000065,0.005220000000000082,0.005400000000000155,0.005400000000000155
571,4,200,0.04050000000000065,0.005220000000000082,0.005400000000000155,0.005400000000000155
572,4,200,0.04050000000000065,0.005220000000000082,0.005400000000000155,0.005400000000000155
573,4,200,0.04050000000000065,0.005220000000000082,0.005400000000000155,0.005400000000000155
574,4,200,0.04050000000000065,0.005220000000000082,0.005400000000000155,0.005400000000000155
575,4,200,0.04050000000000065,0.005220000000000082,0.005400000000000155,0.005400000000000155
576,4,200,0.04050000000000065,0.005220000000000082,0.005400000000000155,0.005400000000000155
577,4,200,0.04050000000000065,0.005220000000000082,0.005400000000000155,0.005400000000000155
578,4,200,0.04050000000000065,0.005220000000000082,0.005400000000000155,0.005400000000000155
579,4,200,0.04050000000000065,0.005220000000000082,0.005400000000000155,0.005400000000000155
580,4,200,0.04050000000000065,0.005220000000000082,0.005400000000000155,0.005400000000000155
581,4,200,0.04050000000000065,0.005220000000000082,0.005400000000000155,0.005400000000000155
582,4,200,0.04050000000000065,0.005220000000000082,0.005400000000000155,0.005400000000000155
583,4,200,0.04050000000000065,0.005220000000000082,0.005400000000000155,0.005400000000000155
584,4,200,0.04050000000000065,0.005220000000000082,0.005400000000000155,0.005400000000000155
585,4,200,0.04050000000000065,0.005220000000000082,0.005400000000000155,0.005400000000000155
586,4,200,0.04050000000000065,0.005220000000000082,0.005400000000000155,0.005400000000000155
587,4,200,0.04050000000000065,0.005220000000000082,0.005400000000000155,0.005400000000000155
588,4,200,0.04050000000000065,0.005220000000000082,0.005400000000000155,0.005400000000000155
589,4,200,0.0423500000000007,0.0054433333333334215,0.005750000000000165,0.005750000000000165
590,4,200,0.04195000000000069,0.005390000000000087,0.005750000000000165,0.005750000000000165
591,4,200,0.04050000000000065,0.005220000000000082,0.005400000000000155,0.005400000000000155
592,4,200,0.04050000000000065,0.005220000000000082,0.005400000000000155,0.005400000000000155
593,4,200,0.04050000000000065,0.005220000000000082,0.005400000000000155,0.005400000000000155
594,4,200,0.04050000000000065,0.005220000000000082,0.005400000000000155,0.005400000000000155
595,4,200,0.04085000000000066,0.005243333333333415,0.005400000000000155,0.005400000000000155
596,4,200,0.04050000000000065,0.005220000000000082,0.005400000000000155,0.005400000000000155
597,4,200,0.04070000000000065,0.0052333333333334136,0.005400000000000155,0.005400000000000155
598,4,200,0.04050000000000065,0.005220000000000082,0.005400000000000155,0.005400000000000155
599,4,200,0.04175000000000068,0.005363333333333419,0.005750000000000165,0.005750000000000165
600,4,200,0.04050000000000065,0.005220000000000082,0.005400000000000155,0.005400000000000155
601,4,200,0.04050000000000065,0.005220000000000082,0.005400000000000155,0.005400000000000155
602,4,200,0.04050000000000065,0.005220000000000082,0.005400000000000155,0.005400000000000155
603,4,200,0.04050000000000065,0.005220000000000082,0.005400000000000155,0.005400000000000155
604,4,200,0.04050000000000065,0.005220000000000082,0.005400000000000155,0.005400000000000155
605,4,200,0.04050000000000065,0.005220000000000082,0.005400000000000155,0.005400000000000155
606,4,200,0.041500000000000675,0.005353333333333419,0.005750000000000165,0.005750000000000165
607,4,200,0.04050000000000065,0.005220000000000082,0.005400000000000155,0.005400000000000155
608,4,200,0.041500000000000675,0.005330000000000085,0.005750000000000165,0.005750000000000165
609,4,200,0.041150000000000665,0.005283333333333414,0.005700000000000163,0.005700000000000163
610,4,200,0.04050000000000065,0.005220000000000082,0.005400000000000155,0.005400000000000155
611,4,200,0.04050000000000065,0.005220000000000082,0.005400000000000155,0.005400000000000155
612,4,200,0.04050000000000065,0.005220000000000082,0.005400000000000155,0.005400000000000155
613,4,200,0.04050000000000065,0.005220000000000082,0.005400000000000155,0.005400000000000155
614,4,200,0.04050000000000065,0.005220000000000082,0.005400000000000155,0.005400000000000155
615,4,200,0.04050000000000065,0.005220000000000082,0.005400000000000155,0.005400000000000155
616,4,200,0.04260000000000071,0.0054766666666667555,0.005750000000000165,0.005750000000000165
617,4,200,0.04050000000000065,0.005220000000000082,0.005400000000000155,0.005400000000000155
618,4,200,0.04050000000000065,0.005220000000000082,0.005400000000000155,0.005400000000000155
619,4,200,0.04050000000000065,0.005220000000000082,0.005400000000000155,0.005400000000000155
620,4,200,0.04050000000000065,0.005220000000000082,0.005400000000000155,0.005400000000000155
621,4,200,0.04130000000000067,0.005303333333333418,0.005750000000000165,0.005750000000000165
622,4,200,0.04050000000000065,0.005220000000000082,0.005400000000000155,0.005400000000000155
623,4,200,0.04050000000000065,0.005220000000000082,0.005400000000000155,0.005400000000000155
624,4,200,0.04050000000000065,0.005220000000000082,0.005400000000000155,0.005400000000000155
625,4,200,0.04050000000000065,0.005220000000000082,0.005400000000000155,0.005400000000000155
626,4,200,0.04050000000000065,0.005220000000000082,0.005400000000000155,0.005400000000000155
627,4,200,0.04050000000000065,0.005220000000000082,0.005400000000000155,0.005400000000000155
628,4,200,0.04210000000000069,0.005410000000000087,0.005750000000000165,0.005750000000000165
629,4,200,0.04050000000000065,0.005220000000000082,0.005400000000000155,0.005400000000000155
630,4,200,0.04050000000000065,0.005220000000000082,0.005400000000000155,0.005400000000000155
631,4,200,0.04315000000000072,0.005550000000000091,0.005750000000000165,0.005750000000000165
632,4,200,0.04050000000000065,0.005220000000000082,0.005400000000000155,0.005400000000000155
633,4,200,0.04050000000000065,0.005220000000000082,0.005400000000000155,0.005400000000000155
634,4,200,0.04050000000000065,0.005220000000000082,0.005400000000000155,0.005400000000000155
635,4,200,0.04050000000000065,0.005220000000000082,0.005400000000000155,0.005400000000000155
636,4,200,0.04050000000000065,0.005220000000000082,0.005400000000000155,0.005400000000000155
637,4,200,0.04050000000000065,0.005220000000000082,0.005400000000000155,0.005400000000000155
638,4,200,0.041150000000000665,0.005283333333333414,0.005700000000000163,0.005700000000000163
639,4,200,0.04050000000000065,0.005220000000000082,0.005400000000000155,0.005400000000000155
640,4,200,0.04135000000000067,0.005310000000000084,0.005750000000000165,0.005750000000000165
641,4,200,0.04050000000000065,0.005220000000000082,0.005400000000000155,0.005400000000000155
642,4,200,0.04050000000000065,0.005220000000000082,0.005400000000000155,0.005400000000000155
643,4,200,0.04050000000000065,0.005220000000000082,0.005400000000000155,0.005400000000000155
644,4,200,0.04050000000000065,0.005220000000000082,0.005400000000000155,0.005400000000000155
645,4,200,0.04050000000000065,0.005220000000000082,0.005400000000000155,0.005400000000000155
646,4,200,0.0424500000000007,0.005480000000000091,0.005750000000000165,0.005750000000000165
647,4,200,0.04050000000000065,0.005220000000000082,0.005400000000000155,0.005400000000000155
648,4,200,0.04050000000000065,0.005220000000000082,0.005400000000000155,0.005400000000000155
649,4,200,0.04050000000000065,0.005220000000000082,0.005400000000000155,0.005400000000000155
650,4,200,0.04050000000000065,0.005220000000000082,0.005400000000000155,0.005400000000000155
651,4,200,0.04050000000000065,0.005220000000000082,0.005400000000000155,0.005400000000000155
652,4,200,0.04050000000000065,0.005220000000000082,0.005400000000000155,0.005400000000000155
653,4,200,0.04050000000000065,0.005220000000000082,0.005400000000000155,0.005400000000000155
654,4,200,0.04050000000000065,0.005220000000000082,0.005400000000000155,0.005400000000000155
655,4,200,0.04050000000000065,0.005220000000000082,0.005400000000000155,0.005400000000000155
656,4,200,0.04050000000000065,0.005220000000000082,0.005400000000000155,0.005400000000000155
657,4,200,0.04135000000000067,0.005310000000000084,0.005750000000000165,0.005750000000000165
658,4,200,0.04050000000000065,0.005220000000000082,0.005400000000000155,0.005400000000000155
659,4,200,0.04050000000000065,0.005220000000000082,0.005400000000000155,0.005400000000000155
660,4,200,0.04050000000000065,0.005220000000000082,0.005400000000000155,0.005400000000000155
661,4,200,0.04050000000000065,0.005220000000000082,0.005400000000000155,0.005400000000000155
662,4,200,0.04050000000000065,0.005220000000000082,0.005400000000000155,0.005400000000000155
663,4,200,0.04190000000000069,0.005406666666666754,0.005750000000000165,0.005750000000000165
664,4,200,0.042900000000000715,0.0055166666666667565,0.005750000000000165,0.005750000000000165
665,4,200,0.04050000000000065,0.005220000000000082,0.005400000000000155,0.005400000000000155
666,4,200,0.04130000000000067,0.005303333333333418,0.005750000000000165,0.005750000000000165
667,4,200,0.04050000000000065,0.005220000000000082,0.005400000000000155,0.005400000000000155
668,4,200,0.04050000000000065,0.005220000000000082,0.005400000000000155,0.005400000000000155
669,4,200,0.04050000000000065,0.005220000000000082,0.005400000000000155,0.005400000000000155
670,4,200,0.04050000000000065,0.005220000000000082,0.005400000000000155,0.005400000000000155
671,4,200,0.04050000000000065,0.005220000000000082,0.005400000000000155,0.005400000000000155
672,4,200,0.04050000000000065,0.005220000000000082,0.005400000000000155,0.005400000000000155
673,4,200,0.04050000000000065,0.005220000000000082,0.005400000000000155,0.005400000000000155
674,4,200,0.04050000000000065,0.005220000000000082,0.005400000000000155,0.005400000000000155
675,4,200,0.04050000000000065,0.005220000000000082,0.005400000000000155,0.005400000000000155
676,4,200,0.04050000000000065,0.005220000000000082,0.005400000000000155,0.005400000000000155
677,4,200,0.04050000000000065,0.005220000000000082,0.005400000000000155,0.005400000000000155
678,4,200,0.04050000000000065,0.005220000000000082,0.005400000000000155,0.005400000000000155
679,4,200,0.04050000000000065,0.005220000000000082,0.005400000000000155,0.005400000000000155
680,4,200,0.04050000000000065,0.005220000000000082,0.005400000000000155,0.005400000000000155
681,4,200,0.04050000000000065,0.005220000000000082,0.005400000000000155,0.005400000000000155
682,4,200,0.04070000000000065,0.0052333333333334136,0.005400000000000155,0.005400000000000155
683,4,200,0.04050000000000065,0.005220000000000082,0.005400000000000155,0.005400000000000155
684,4,200,0.04050000000000065,0.005220000000000082,0.005400000000000155,0.005400000000000155
685,4,200,0.04050000000000065,0.005220000000000082,0.005400000000000155,0.005400000000000155
686,4,200,0.04050000000000065,0.005220000000000082,0.005400000000000155,0.005400000000000155
687,4,200,0.04120000000000067,0.005290000000000084,0.005750000000000165,0.005750000000000165
688,4,200,0.04160000000000068,0.005343333333333419,0.005750000000000165,0.005750000000000165
689,4,200,0.04050000000000065,0.005220000000000082,0.005400000000000155,0.005400000000000155
690,4,200,0.042850000000000714,0.0055100000000000895,0.005750000000000165,0.005750000000000165
691,4,200,0.04200000000000069,0.0053966666666667535,0.005750000000000165,0.005750000000000165
692,4,200,0.04050000000000065,0.005220000000000082,0.005400000000000155,0.005400000000000155
693,4,200,0.04050000000000065,0.005220000000000082,0.005400000000000155,0.005400000000000155
694,4,200,0.04050000000000065,0.005220000000000082,0.005400000000000155,0.005400000000000155
695,4,200,0.04050000000000065,0.005220000000000082,0.005400000000000155,0.005400000000000155
696,4,200,0.04050000000000065,0.005220000000000082,0.005400000000000155,0.005400000000000155
697,4,200,0.04305000000000072,0.005536666666666757,0.005750000000000165,0.005750000000000165
698,4,200,0.04050000000000065,0.005220000000000082,0.005400000000000155,0.005400000000000155
699,4,200,0.042550000000000705,0.0054700000000000885,0.005750000000000165,0.005750000000000165
700,4,200,0.04050000000000065,0.005220000000000082,0.005400000000000155,0.005400000000000155
701,4,200,0.042500000000000704,0.0054633333333334215,0.005750000000000165,0.005750000000000165
702,4,200,0.04050000000000065,0.005220000000000082,0.005400000000000155,0.005400000000000155
703,4,200,0.04050000000000065,0.005220000000000082,0.005400000000000155,0.005400000000000155
704,4,200,0.04085000000000066,0.005266666666666749,0.005599999999999994,0.005599999999999994
705,4,200,0.04050000000000065,0.005220000000000082,0.005400000000000155,0.005400000000000155
706,4,200,0.04050000000000065,0.005220000000000082,0.005400000000000155,0.005400000000000155
707,4,200,0.04050000000000065,0.005220000000000082,0.005400000000000155,0.005400000000000155
708,4,200,0.04050000000000065,0.005220000000000082,0.005400000000000155,0.005400000000000155
709,4,200,0.04275000000000071,0.005496666666666756,0.005750000000000165,0.005750000000000165
710,4,200,0.04050000000000065,0.005220000000000082,0.005400000000000155,0.005400000000000155
711,4,200,0.04050000000000065,0.005220000000000082,0.005400000000000155,0.005400000000000155
712,4,200,0.04050000000000065,0.005220000000000082,0.005400000000000155,0.005400000000000155
713,4,200,0.04105000000000066,0.005293333333333416,0.005750000000000165,0.005750000000000165
714,4,200,0.041100000000000664,0.005276666666666748,0.005650000000000162,0.005650000000000162
715,4,200,0.04050000000000065,0.005220000000000082,0.005400000000000155,0.005400000000000155
716,4,200,0.04050000000000065,0.005220000000000082,0.005400000000000155,0.005400000000000155
717,4,200,0.04050000000000065,0.005220000000000082,0.005400000000000155,0.005400000000000155
718,4,200,0.04050000000000065,0.005220000000000082,0.005400000000000155,0.005400000000000155
719,4,200,0.04050000000000065,0.005220000000000082,0.005400000000000155,0.005400000000000155
720,4,200,0.04050000000000065,0.005220000000000082,0.005400000000000155,0.005400000000000155
721,4,200,0.04050000000000065,0.005220000000000082,0.005400000000000155,0.005400000000000155
722,4,200,0.04050000000000065,0.005220000000000082,0.005400000000000155,0.005400000000000155
723,4,200,0.04050000000000065,0.005220000000000082,0.005400000000000155,0.005400000000000155
724,4,200,0.04050000000000065,0.005220000000000082,0.005400000000000155,0.005400000000000155
725,4,200,0.04050000000000065,0.005220000000000082,0.005400000000000155,0.005400000000000155
726,4,200,0.04050000000000065,0.005220000000000082,0.005400000000000155,0.005400000000000155
727,4,200,0.04050000000000065,0.005220000000000082,0.005400000000000155,0.005400000000000155
728,4,200,0.04105000000000066,0.005270000000000082,0.00560000000000016,0.00560000000000016
729,4,200,0.04050000000000065,0.005220000000000082,0.005400000000000155,0.005400000000000155
730,4,200,0.04050000000000065,0.005220000000000082,0.005400000000000155,0.005400000000000155
731,4,200,0.04050000000000065,0.005220000000000082,0.005400000000000155,0.005400000000000155
732,4,200,0.04050000000000065,0.005220000000000082,0.005400000000000155,0.005400000000000155
733,4,200,0.04050000000000065,0.005220000000000082,0.005400000000000155,0.005400000000000155
734,4,200,0.04050000000000065,0.005220000000000082,0.005400000000000155,0.005400000000000155
735,4,200,0.0423000000000007,0.0054366666666667545,0.005750000000000165,0.005750000000000165
736,4,200,0.04050000000000065,0.005220000000000082,0.005400000000000155,0.005400000000000155
737,4,200,0.04140000000000067,0.005316666666666751,0.005750000000000165,0.005750000000000165
738,4,200,0.04050000000000065,0.005220000000000082,0.005400000000000155,0.005400000000000155
739,4,200,0.04050000000000065,0.005220000000000082,0.005400000000000155,0.005400000000000155
740,4,200,0.04050000000000065,0.005220000000000082,0.005400000000000155,0.005400000000000155
741,4,200,0.04050000000000065,0.005220000000000082,0.005400000000000155,0.005400000000000155
742,4,200,0.04050000000000065,0.005220000000000082,0.005400000000000155,0.005400000000000155
743,4,200,0.04105000000000066,0.005270000000000082,0.00560000000000016,0.00560000000000016
744,4,200,0.04050000000000065,0.005220000000000082,0.005400000000000155,0.005400000000000155
745,4,200,0.04050000000000065,0.005220000000000082,0.005400000000000155,0.005400000000000155
746,4,200,0.04050000000000065,0.005220000000000082,0.005400000000000155,0.005400000000000155
747,4,200,0.04050000000000065,0.005220000000000082,0.005400000000000155,0.005400000000000155
748,4,200,0.04050000000000065,0.005220000000000082,0.005400000000000155,0.005400000000000155
749,4,200,0.04050000000000065,0.005220000000000082,0.005400000000000155,0.005400000000000155
750,4,200,0.04050000000000065,0.005220000000000082,0.005400000000000155,0.005400000000000155
751,4,200,0.04050000000000065,0.005220000000000082,0.005400000000000155,0.005400000000000155
752,4,200,0.04050000000000065,0.005220000000000082,0.005400000000000155,0.005400000000000155
753,4,200,0.04050000000000065,0.005220000000000082,0.005400000000000155,0.005400000000000155
754,4,200,0.04050000000000065,0.005220000000000082,0.005400000000000155,0.005400000000000155
755,4,200,0.04050000000000065,0.005220000000000082,0.005400000000000155,0.005400000000000155
756,4,200,0.04050000000000065,0.005220000000000082,0.005400000000000155,0.005400000000000155
757,4,200,0.04050000000000065,0.005220000000000082,0.005400000000000155,0.005400000000000155
758,4,200,0.04050000000000065,0.005220000000000082,0.005400000000000155,0.005400000000000155
759,4,200,0.04050000000000065,0.005220000000000082,0.005400000000000155,0.005400000000000155
760,4,200,0.04050000000000065,0.005220000000000082,0.005400000000000155,0.005400000000000155
761,4,200,0.04050000000000065,0.005220000000000082,0.005400000000000155,0.005400000000000155
762,4,200,0.04260000000000071,0.0054766666666667555,0.005750000000000165,0.005750000000000165
763,4,200,0.043200000000000724,0.005556666666666757,0.005750000000000165,0.005750000000000165
764,4,200,0.04050000000000065,0.005220000000000082,0.005400000000000155,0.005400000000000155
765,4,200,0.04050000000000065,0.005220000000000082,0.005400000000000155,0.005400000000000155
766,4,200,0.04135000000000067,0.005310000000000084,0.005750000000000165,0.005750000000000165
767,4,200,0.04050000000000065,0.005220000000000082,0.005400000000000155,0.005400000000000155
768,4,200,0.04050000000000065,0.005220000000000082,0.005400000000000155,0.005400000000000155
769,4,200,0.04050000000000065,0.005220000000000082,0.005400000000000155,0.005400000000000155
770,4,200,0.04050000000000065,0.005220000000000082,0.005400000000000155,0.005400000000000155
771,4,200,0.04050000000000065,0.005220000000000082,0.005400000000000155,0.005400000000000155
772,4,200,0.04275000000000071,0.005496666666666756,0.005750000000000165,0.005750000000000165
773,4,200,0.04050000000000065,0.005220000000000082,0.005400000000000155,0.005400000000000155
774,4,200,0.04050000000000065,0.005220000000000082,0.005400000000000155,0.005400000000000155
775,4,200,0.04050000000000065,0.005220000000000082,0.005400000000000155,0.005400000000000155
776,4,200,0.04210000000000069,0.005433333333333421,0.005750000000000165,0.005750000000000165
777,4,200,0.04270000000000071,0.005490000000000089,0.005750000000000165,0.005750000000000165
778,4,200,0.04050000000000065,0.005220000000000082,0.005400000000000155,0.005400000000000155
779,4,200,0.04315000000000072,0.005550000000000091,0.005750000000000165,0.005750000000000165
780,4,200,0.04050000000000065,0.005220000000000082,0.005400000000000155,0.005400000000000155
781,4,200,0.0423000000000007,0.005460000000000087,0.005750000000000165,0.005750000000000165
782,4,200,0.04050000000000065,0.005220000000000082,0.005400000000000155,0.005400000000000155
783,4,200,0.04050000000000065,0.005220000000000082,0.005400000000000155,0.005400000000000155
784,4,200,0.04050000000000065,0.005220000000000082,0.005400000000000155,0.005400000000000155
785,4,200,0.04050000000000065,0.005220000000000082,0.005400000000000155,0.005400000000000155
786,4,200,0.041450000000000674,0.005346666666666751,0.005750000000000009,0.005750000000000009
787,4,200,0.04050000000000065,0.005220000000000082,0.005400000000000155,0.005400000000000155
788,4,200,0.04050000000000065,0.005220000000000082,0.005400000000000155,0.005400000000000155
789,4,200,0.04050000000000065,0.005220000000000082,0.005400000000000155,0.005400000000000155
790,4,200,0.04050000000000065,0.005220000000000082,0.005400000000000155,0.005400000000000155
791,4,200,0.04050000000000065,0.005220000000000082,0.005400000000000155,0.005400000000000155
792,4,200,0.04050000000000065,0.005220000000000082,0.005400000000000155,0.005400000000000155
793,4,200,0.04050000000000065,0.005220000000000082,0.005400000000000155,0.005400000000000155
794,4,200,0.0423000000000007,0.0054366666666667545,0.005750000000000165,0.005750000000000165
795,4,200,0.04050000000000065,0.005220000000000082,0.005400000000000155,0.005400000000000155
796,4,200,0.04050000000000065,0.005220000000000082,0.005400000000000155,0.005400000000000155
797,4,200,0.04050000000000065,0.005220000000000082,0.005400000000000155,0.005400000000000155
798,4,200,0.04090000000000066,0.00525000000000008,0.005450000000000156,0.005450000000000156
799,4,200,0.04050000000000065,0.005220000000000082,0.005400000000000155,0.005400000000000155
800,4,200,0.04310000000000072,0.005543333333333424,0.005750000000000165,0.005750000000000165
801,4,200,0.04050000000000065,0.005220000000000082,0.005400000000000155,0.005400000000000155
802,4,200,0.04050000000000065,0.005220000000000082,0.005400000000000155,0.005400000000000155
803,4,200,0.04050000000000065,0.005220000000000082,0.005400000000000155,0.005400000000000155
804,4,200,0.04050000000000065,0.005220000000000082,0.005400000000000155,0.005400000000000155
805,4,200,0.04050000000000065,0.005220000000000082,0.005400000000000155,0.005400000000000155
806,4,200,0.04050000000000065,0.005220000000000082,0.005400000000000155,0.005400000000000155
807,4,200,0.04050000000000065,0.005220000000000082,0.005400000000000155,0.005400000000000155
808,4,200,0.04050000000000065,0.005220000000000082,0.005400000000000155,0.005400000000000155
809,4,200,0.04050000000000065,0.005220000000000082,0.005400000000000155,0.005400000000000155
810,4,200,0.04195000000000069,0.0054033333333334205,0.005750000000000165,0.005750000000000165
811,4,200,0.04050000000000065,0.005220000000000082,0.005400000000000155,0.005400000000000155
812,4,200,0.04050000000000065,0.005220000000000082,0.005400000000000155,0.005400000000000155
813,4,200,0.04050000000000065,0.005220000000000082,0.005400000000000155,0.005400000000000155
814,4,200,0.04050000000000065,0.005220000000000082,0.005400000000000155,0.005400000000000155
815,4,200,0.04085000000000066,0.005243333333333415,0.005400000000000155,0.005400000000000155
816,4,200,0.04050000000000065,0.005220000000000082,0.005400000000000155,0.005400000000000155
817,4,200,0.04050000000000065,0.005220000000000082,0.005400000000000155,0.005400000000000155
818,4,200,0.04105000000000066,0.005293333333333416,0.005700000000000163,0.005700000000000163
819,4,200,0.04050000000000065,0.005220000000000082,0.005400000000000155,0.005400000000000155
820,4,200,0.04050000000000065,0.005220000000000082,0.005400000000000155,0.005400000000000155
821,4,200,0.04050000000000065,0.005220000000000082,0.005400000000000155,0.005400000000000155
822,4,200,0.04265000000000071,0.0054833333333334225,0.005750000000000165,0.005750000000000165
823,4,200,0.04050000000000065,0.005220000000000082,0.005400000000000155,0.005400000000000155
824,4,200,0.041800000000000684,0.005370000000000086,0.005750000000000165,0.005750000000000165
825,4,200,0.042150000000000694,0.005416666666666754,0.005750000000000165,0.005750000000000165
826,4,200,0.04130000000000067,0.005326666666666752,0.005749999999999965,0.005749999999999965
827,4,200,0.04050000000000065,0.005220000000000082,0.005400000000000155,0.005400000000000155
828,4,200,0.04050000000000065,0.005220000000000082,0.005400000000000155,0.005400000000000155
829,4,200,0.04120000000000067,0.005313333333333418,0.005750000000000165,0.005750000000000165
830,4,200,0.04050000000000065,0.005220000000000082,0.005400000000000155,0.005400000000000155
831,4,200,0.04090000000000066,0.00525000000000008,0.005450000000000156,0.005450000000000156
832,4,200,0.04050000000000065,0.005220000000000082,0.005400000000000155,0.005400000000000155
833,4,200,0.04050000000000065,0.005220000000000082,0.005400000000000155,0.005400000000000155
834,4,200,0.04085000000000066,0.005266666666666749,0.005699999999999993,0.005699999999999993
835,4,200,0.04210000000000069,0.005433333333333419,0.005750000000000165,0.005750000000000165
836,4,200,0.04050000000000065,0.005220000000000082,0.005400000000000155,0.005400000000000155
837,4,200,0.04050000000000065,0.005220000000000082,0.005400000000000155,0.005400000000000155
838,4,200,0.04050000000000065,0.005220000000000082,0.005400000000000155,0.005400000000000155
839,4,200,0.04050000000000065,0.005220000000000082,0.005400000000000155,0.005400000000000155
840,4,200,0.04050000000000065,0.005220000000000082,0.005400000000000155,0.005400000000000155
841,4,200,0.04050000000000065,0.005220000000000082,0.005400000000000155,0.005400000000000155
842,4,200,0.04050000000000065,0.005220000000000082,0.005400000000000155,0.005400000000000155
843,4,200,0.04050000000000065,0.005220000000000082,0.005400000000000155,0.005400000000000155
844,4,200,0.04050000000000065,0.005220000000000082,0.005400000000000155,0.005400000000000155
845,4,200,0.04190000000000069,0.00538333333333342,0.005750000000000165,0.005750000000000165
846,4,200,0.041100000000000664,0.005276666666666748,0.005650000000000162,0.005650000000000162
847,4,200,0.04050000000000065,0.005220000000000082,0.005400000000000155,0.005400000000000155
848,4,200,0.04050000000000065,0.005220000000000082,0.005400000000000155,0.005400000000000155
849,4,200,0.04050000000000065,0.005220000000000082,0.005400000000000155,0.005400000000000155
850,4,200,0.04050000000000065,0.005220000000000082,0.005400000000000155,0.005400000000000155
851,4,200,0.04050000000000065,0.005220000000000082,0.005400000000000155,0.005400000000000155
852,4,200,0.04050000000000065,0.005220000000000082,0.005400000000000155,0.005400000000000155
853,4,200,0.04050000000000065,0.005220000000000082,0.005400000000000155,0.005400000000000155
854,4,200,0.04050000000000065,0.005220000000000082,0.005400000000000155,0.005400000000000155
855,4,200,0.04050000000000065,0.005220000000000082,0.005400000000000155,0.005400000000000155
856,4,200,0.04205000000000069,0.0054033333333334205,0.005750000000000165,0.005750000000000165
857,4,200,0.04050000000000065,0.005220000000000082,0.005400000000000155,0.005400000000000155
858,4,200,0.04305000000000072,0.005536666666666757,0.005750000000000165,0.005750000000000165
859,4,200,0.04050000000000065,0.005220000000000082,0.005400000000000155,0.005400000000000155
860,4,200,0.04050000000000065,0.005220000000000082,0.005400000000000155,0.005400000000000155
861,4,200,0.04050000000000065,0.005220000000000082,0.005400000000000155,0.005400000000000155
862,4,200,0.04050000000000065,0.005220000000000082,0.005400000000000155,0.005400000000000155
863,4,200,0.04050000000000065,0.005220000000000082,0.005400000000000155,0.005400000000000155
864,4,200,0.04050000000000065,0.005220000000000082,0.005400000000000155,0.005400000000000155
865,4,200,0.04050000000000065,0.005220000000000082,0.005400000000000155,0.005400000000000155
866,4,200,0.04050000000000065,0.005220000000000082,0.005400000000000155,0.005400000000000155
867,4,200,0.04050000000000065,0.005220000000000082,0.005400000000000155,0.005400000000000155
868,4,200,0.04050000000000065,0.005220000000000082,0.005400000000000155,0.005400000000000155
869,4,200,0.04050000000000065,0.005220000000000082,0.005400000000000155,0.005400000000000155
870,4,200,0.04050000000000065,0.005220000000000082,0.005400000000000155,0.005400000000000155
871,4,200,0.04050000000000065,0.005220000000000082,0.005400000000000155,0.005400000000000155
872,4,200,0.0424500000000007,0.0054566666666667546,0.005750000000000165,0.005750000000000165
873,4,200,0.04305000000000072,0.005536666666666757,0.005750000000000165,0.005750000000000165
874,4,200,0.04050000000000065,0.005220000000000082,0.005400000000000155,0.005400000000000155
875,4,200,0.04050000000000065,0.005220000000000082,0.005400000000000155,0.005400000000000155
876,4,200,0.04050000000000065,0.005220000000000082,0.005400000000000155,0.005400000000000155
877,4,200,0.04050000000000065,0.005220000000000082,0.005400000000000155,0.005400000000000155
878,4,200,0.04050000000000065,0.005220000000000082,0.005400000000000155,0.005400000000000155
879,4,200,0.04050000000000065,0.005220000000000082,0.005400000000000155,0.005400000000000155
880,4,200,0.04050000000000065,0.005220000000000082,0.005400000000000155,0.005400000000000155
881,4,200,0.04050000000000065,0.005220000000000082,0.005400000000000155,0.005400000000000155
882,4,200,0.04050000000000065,0.005220000000000082,0.005400000000000155,0.005400000000000155
883,4,200,0.042850000000000714,0.0055100000000000895,0.005750000000000165,0.005750000000000165
884,4,200,0.04050000000000065,0.005220000000000082,0.005400000000000155,0.005400000000000155
885,4,200,0.04050000000000065,0.005220000000000082,0.005400000000000155,0.005400000000000155
886,4,200,0.04050000000000065,0.005220000000000082,0.005400000000000155,0.005400000000000155
887,4,200,0.04050000000000065,0.005220000000000082,0.005400000000000155,0.005400000000000155
888,4,200,0.04050000000000065,0.005220000000000082,0.005400000000000155,0.005400000000000155
889,4,200,0.04050000000000065,0.005220000000000082,0.005400000000000155,0.005400000000000155
890,4,200,0.04050000000000065,0.005220000000000082,0.005400000000000155,0.005400000000000155
891,4,200,0.04050000000000065,0.005220000000000082,0.005400000000000155,0.005400000000000155
892,4,200,0.04050000000000065,0.005220000000000082,0.005400000000000155,0.005400000000000155
893,4,200,0.04175000000000068,0.005363333333333419,0.005750000000000165,0.005750000000000165
894,4,200,0.04050000000000065,0.005220000000000082,0.005400000000000155,0.005400000000000155
895,4,200,0.04050000000000065,0.005220000000000082,0.005400000000000155,0.005400000000000155
896,4,200,0.04050000000000065,0.005220000000000082,0.005400000000000155,0.005400000000000155
897,4,200,0.04050000000000065,0.005220000000000082,0.005400000000000155,0.005400000000000155
898,4,200,0.04095000000000066,0.005280000000000082,0.005750000000000165,0.005750000000000165
899,4,200,0.04050000000000065,0.005220000000000082,0.005400000000000155,0.005400000000000155
900,4,200,0.04050000000000065,0.005220000000000082,0.005400000000000155,0.005400000000000155
901,4,200,0.04050000000000065,0.005220000000000082,0.005400000000000155,0.005400000000000155
902,4,200,0.04050000000000065,0.005220000000000082,0.005400000000000155,0.005400000000000155
903,4,200,0.04050000000000065,0.005220000000000082,0.005400000000000155,0.005400000000000155
904,4,200,0.04050000000000065,0.005220000000000082,0.005400000000000155,0.005400000000000155
905,4,200,0.04050000000000065,0.005220000000000082,0.005400000000000155,0.005400000000000155
906,4,200,0.04050000000000065,0.005220000000000082,0.005400000000000155,0.005400000000000155
907,4,200,0.04050000000000065,0.005220000000000082,0.005400000000000155,0.005400000000000155
908,4,200,0.04050000000000065,0.005220000000000082,0.005400000000000155,0.005400000000000155
909,4,200,0.04090000000000066,0.005273333333333417,0.005650000000000162,0.005650000000000162
910,4,200,0.04050000000000065,0.005220000000000082,0.005400000000000155,0.005400000000000155
911,4,200,0.04050000000000065,0.005220000000000082,0.005400000000000155,0.005400000000000155
912,4,200,0.04050000000000065,0.005220000000000082,0.005400000000000155,0.005400000000000155
913,4,200,0.04050000000000065,0.005220000000000082,0.005400000000000155,0.005400000000000155
914,4,200,0.04050000000000065,0.005220000000000082,0.005400000000000155,0.005400000000000155
915,4,200,0.04050000000000065,0.005220000000000082,0.005400000000000155,0.005400000000000155
916,4,200,0.04195000000000069,0.0053900000000000866,0.005750000000000165,0.005750000000000165
917,4,200,0.04050000000000065,0.005220000000000082,0.005400000000000155,0.005400000000000155
918,4,200,0.04050000000000065,0.005220000000000082,0.005400000000000155,0.005400000000000155
919,4,200,0.04050000000000065,0.005220000000000082,0.005400000000000155,0.005400000000000155
920,4,200,0.04050000000000065,0.005220000000000082,0.005400000000000155,0.005400000000000155
921,4,200,0.04050000000000065,0.005220000000000082,0.005400000000000155,0.005400000000000155
922,4,200,0.04050000000000065,0.005220000000000082,0.005400000000000155,0.005400000000000155
923,4,200,0.04050000000000065,0.005220000000000082,0.005400000000000155,0.005400000000000155
924,4,200,0.04155000000000068,0.005360000000000085,0.005750000000000165,0.005750000000000165
925,4,200,0.0422500000000007,0.0054300000000000875,0.005750000000000165,0.005750000000000165
926,4,200,0.04050000000000065,0.005220000000000082,0.005400000000000155,0.005400000000000155
927,4,200,0.04200000000000069,0.0053966666666667535,0.005750000000000165,0.005750000000000165
928,4,200,0.04050000000000065,0.005220000000000082,0.005400000000000155,0.005400000000000155
929,4,200,0.04050000000000065,0.005220000000000082,0.005400000000000155,0.005400000000000155
930,4,200,0.04050000000000065,0.005220000000000082,0.005400000000000155,0.005400000000000155
931,4,200,0.04260000000000071,0.0054766666666667555,0.005750000000000165,0.005750000000000165
932,4,200,0.04050000000000065,0.005220000000000082,0.005400000000000155,0.005400000000000155
933,4,200,0.04050000000000065,0.005220000000000082,0.005400000000000155,0.005400000000000155
934,4,200,0.04050000000000065,0.005220000000000082,0.005400000000000155,0.005400000000000155
935,4,200,0.041500000000000675,0.005330000000000085,0.005750000000000165,0.005750000000000165
936,4,200,0.04050000000000065,0.005220000000000082,0.005400000000000155,0.005400000000000155
937,4,200,0.04050000000000065,0.005220000000000082,0.005400000000000155,0.005400000000000155
938,4,200,0.04050000000000065,0.005220000000000082,0.005400000000000155,0.005400000000000155
939,4,200,0.04050000000000065,0.005220000000000082,0.005400000000000155,0.005400000000000155
940,4,200,0.04050000000000065,0.005220000000000082,0.005400000000000155,0.005400000000000155
941,4,200,0.04050000000000065,0.005220000000000082,0.005400000000000155,0.005400000000000155
942,4,200,0.040800000000000655,0.005240000000000081,0.005400000000000155,0.005400000000000155
943,4,200,0.04050000000000065,0.005220000000000082,0.005400000000000155,0.005400000000000155
944,4,200,0.04165000000000068,0.005373333333333419,0.005750000000000165,0.005750000000000165
945,4,200,0.04140000000000067,0.005340000000000087,0.005750000000000165,0.005750000000000165
946,4,200,0.04050000000000065,0.005220000000000082,0.005400000000000155,0.005400000000000155
947,4,200,0.04050000000000065,0.005220000000000082,0.005400000000000155,0.005400000000000155
948,4,200,0.04050000000000065,0.005220000000000082,0.005400000000000155,0.005400000000000155
949,4,200,0.0424500000000007,0.0054566666666667546,0.005750000000000165,0.005750000000000165
950,4,200,0.04050000000000065,0.005220000000000082,0.005400000000000155,0.005400000000000155
951,4,200,0.04050000000000065,0.005220000000000082,0.005400000000000155,0.005400000000000155
952,4,200,0.04050000000000065,0.005220000000000082,0.005400000000000155,0.005400000000000155
953,4,200,0.04140000000000067,0.005316666666666751,0.005750000000000165,0.005750000000000165
954,4,200,0.04050000000000065,0.005220000000000082,0.005400000000000155,0.005400000000000155
955,4,200,0.04125000000000067,0.005320000000000084,0.005750000000000165,0.005750000000000165
956,4,200,0.04050000000000065,0.005220000000000082,0.005400000000000155,0.005400000000000155
957,4,200,0.04050000000000065,0.005220000000000082,0.005400000000000155,0.005400000000000155
958,4,200,0.04050000000000065,0.005220000000000082,0.005400000000000155,0.005400000000000155
959,4,200,0.04050000000000065,0.005220000000000082,0.005400000000000155,0.005400000000000155
960,4,200,0.04170000000000068,0.005356666666666752,0.005750000000000165,0.005750000000000165
961,4,200,0.04050000000000065,0.005220000000000082,0.005400000000000155,0.005400000000000155
962,4,200,0.04095000000000066,0.0052566666666667506,0.0055000000000001575,0.0055000000000001575
963,4,200,0.04105000000000066,0.005270000000000082,0.00560000000000016,0.00560000000000016
964,4,200,0.04050000000000065,0.005220000000000082,0.005400000000000155,0.005400000000000155
965,4,200,0.04050000000000065,0.005220000000000082,0.005400000000000155,0.005400000000000155
966,4,200,0.04050000000000065,0.005220000000000082,0.005400000000000155,0.005400000000000155
967,4,200,0.04050000000000065,0.005220000000000082,0.005400000000000155,0.005400000000000155
968,4,200,0.04050000000000065,0.005220000000000082,0.005400000000000155,0.005400000000000155
969,4,200,0.04210000000000069,0.0054233333333334206,0.005750000000000165,0.005750000000000165
970,4,200,0.04050000000000065,0.005220000000000082,0.005400000000000155,0.005400000000000155
971,4,200,0.04050000000000065,0.005220000000000082,0.005400000000000155,0.005400000000000155
972,4,200,0.04050000000000065,0.005220000000000082,0.005400000000000155,0.005400000000000155
973,4,200,0.04050000000000065,0.005220000000000082,0.005400000000000155,0.005400000000000155
974,4,200,0.04050000000000065,0.005220000000000082,0.005400000000000155,0.005400000000000155
975,4,200,0.04050000000000065,0.005220000000000082,0.005400000000000155,0.005400000000000155
976,4,200,0.04050000000000065,0.005220000000000082,0.005400000000000155,0.005400000000000155
977,4,200,0.04050000000000065,0.005220000000000082,0.005400000000000155,0.005400000000000155
978,4,200,0.04050000000000065,0.005220000000000082,0.005400000000000155,0.005400000000000155
979,4,200,0.04050000000000065,0.005220000000000082,0.005400000000000155,0.005400000000000155
980,4,200,0.04155000000000068,0.005360000000000085,0.005750000000000017,0.005750000000000017
981,4,200,0.04050000000000065,0.005220000000000082,0.005400000000000155,0.005400000000000155
982,4,200,0.04050000000000065,0.005220000000000082,0.005400000000000155,0.005400000000000155
983,4,200,0.04050000000000065,0.005220000000000082,0.005400000000000155,0.005400000000000155
984,4,200,0.04050000000000065,0.005220000000000082,0.005400000000000155,0.005400000000000155
985,4,200,0.04050000000000065,0.005220000000000082,0.005400000000000155,0.005400000000000155
986,4,200,0.041800000000000684,0.005386666666666753,0.005750000000000165,0.005750000000000165
987,4,200,0.04050000000000065,0.005220000000000082,0.005400000000000155,0.005400000000000155
988,4,200,0.04050000000000065,0.005220000000000082,0.005400000000000155,0.005400000000000155
989,4,200,0.04265000000000071,0.0054833333333334225,0.005750000000000165,0.005750000000000165
990,4,200,0.04050000000000065,0.005220000000000082,0.005400000000000155,0.005400000000000155
991,4,200,0.04050000000000065,0.005220000000000082,0.005400000000000155,0.005400000000000155
992,4,200,0.04050000000000065,0.005220000000000082,0.005400000000000155,0.005400000000000155
993,4,200,0.042500000000000704,0.0054633333333334215,0.005750000000000165,0.005750000000000165
994,4,200,0.04050000000000065,0.005220000000000082,0.005400000000000155,0.005400000000000155
995,4,200,0.04050000000000065,0.005220000000000082,0.005400000000000155,0.005400000000000155
996,4,200,0.04050000000000065,0.005220000000000082,0.005400000000000155,0.005400000000000155
997,4,200,0.04135000000000067,0.005310000000000084,0.005750000000000165,0.005750000000000165
998,4,200,0.04050000000000065,0.005220000000000082,0.005400000000000155,0.005400000000000155
999,4,200,0.04050000000000065,0.005220000000000082,0.005400000000000155,0.005400000000000155
0,4,500,0.04050000000000065,0.005220000000000082,0.005400000000000155,0.005400000000000155
1,4,500,0.04140000000000067,0.005316666666666751,0.005750000000000165,0.005750000000000165
2,4,500,0.04070000000000065,0.0052333333333334136,0.005400000000000155,0.005400000000000155
3,4,500,0.04140000000000067,0.005316666666666751,0.005750000000000165,0.005750000000000165
4,4,500,0.04100000000000066,0.005263333333333416,0.005550000000000159,0.005550000000000159
5,4,500,0.041450000000000674,0.005323333333333418,0.005750000000000165,0.005750000000000165
6,4,500,0.04050000000000065,0.005220000000000082,0.005400000000000155,0.005400000000000155
7,4,500,0.04050000000000065,0.005220000000000082,0.005400000000000155,0.005400000000000155
8,4,500,0.04050000000000065,0.005220000000000082,0.005400000000000155,0.005400000000000155
9,4,500,0.04050000000000065,0.005220000000000082,0.005400000000000155,0.005400000000000155
10,4,500,0.041150000000000665,0.005283333333333414,0.005700000000000163,0.005700000000000163
11,4,500,0.04130000000000067,0.005303333333333418,0.005750000000000165,0.005750000000000165
12,4,500,0.04050000000000065,0.005220000000000082,0.005400000000000155,0.005400000000000155
13,4,500,0.041500000000000675,0.005330000000000085,0.005750000000000165,0.005750000000000165
14,4,500,0.0423000000000007,0.0054366666666667545,0.005750000000000165,0.005750000000000165
15,4,500,0.04050000000000065,0.005220000000000082,0.005400000000000155,0.005400000000000155
16,4,500,0.04050000000000065,0.005220000000000082,0.005400000000000155,0.005400000000000155
17,4,500,0.04050000000000065,0.005220000000000082,0.005400000000000155,0.005400000000000155
18,4,500,0.043250000000000725,0.005563333333333424,0.005750000000000165,0.005750000000000165
19,4,500,0.04190000000000069,0.00538333333333342,0.005750000000000165,0.005750000000000165
20,4,500,0.04050000000000065,0.005220000000000082,0.005400000000000155,0.005400000000000155
21,4,500,0.040750000000000654,0.005253333333333415,0.005649999999999995,0.005649999999999995
22,4,500,0.04140000000000067,0.005340000000000085,0.005750000000000165,0.005750000000000165
23,4,500,0.042900000000000715,0.0055166666666667565,0.005750000000000165,0.005750000000000165
24,4,500,0.04280000000000071,0.005503333333333423,0.005750000000000165,0.005750000000000165
25,4,500,0.04315000000000072,0.005550000000000091,0.005750000000000165,0.005750000000000165
26,4,500,0.04050000000000065,0.005220000000000082,0.005400000000000155,0.005400000000000155
27,4,500,0.04050000000000065,0.005220000000000082,0.005400000000000155,0.005400000000000155
28,4,500,0.04205000000000069,0.0054033333333334205,0.005750000000000165,0.005750000000000165
29,4,500,0.04190000000000069,0.005406666666666756,0.005750000000000165,0.005750000000000165
30,4,500,0.04050000000000065,0.005220000000000082,0.005400000000000155,0.005400000000000155
31,4,500,0.04050000000000065,0.005220000000000082,0.005400000000000155,0.005400000000000155
32,4,500,0.04050000000000065,0.005220000000000082,0.005400000000000155,0.005400000000000155
33,4,500,0.04085000000000066,0.005243333333333415,0.005400000000000155,0.005400000000000155
34,4,500,0.04050000000000065,0.005220000000000082,0.005400000000000155,0.005400000000000155
35,4,500,0.04050000000000065,0.005220000000000082,0.005400000000000155,0.005400000000000155
36,4,500,0.04050000000000065,0.005220000000000082,0.005400000000000155,0.005400000000000155
37,4,500,0.04050000000000065,0.005220000000000082,0.005400000000000155,0.005400000000000155
38,4,500,0.04050000000000065,0.005220000000000082,0.005400000000000155,0.005400000000000155
39,4,500,0.042500000000000704,0.0054633333333334215,0.005750000000000165,0.005750000000000165
40,4,500,0.04310000000000072,0.005520000000000089,0.006050000000000173,0.006050000000000173
41,4,500,0.04085000000000066,0.005243333333333415,0.005400000000000155,0.005400000000000155
42,4,500,0.04070000000000065,0.0052333333333334136,0.005400000000000155,0.005400000000000155
43,4,500,0.04050000000000065,0.005220000000000082,0.005400000000000155,0.005400000000000155
44,4,500,0.04050000000000065,0.005220000000000082,0.005400000000000155,0.005400000000000155
45,4,500,0.04050000000000065,0.005220000000000082,0.005400000000000155,0.005400000000000155
46,4,500,0.04050000000000065,0.005220000000000082,0.005400000000000155,0.005400000000000155
47,4,500,0.04280000000000071,0.005503333333333423,0.005750000000000165,0.005750000000000165
48,4,500,0.041450000000000674,0.005323333333333418,0.005750000000000165,0.005750000000000165
49,4,500,0.04085000000000066,0.005243333333333415,0.005400000000000155,0.005400000000000155
50,4,500,0.04050000000000065,0.005220000000000082,0.005400000000000155,0.005400000000000155
51,4,500,0.04050000000000065,0.005220000000000082,0.005400000000000155,0.005400000000000155
52,4,500,0.04050000000000065,0.005220000000000082,0.005400000000000155,0.005400000000000155
53,4,500,0.04050000000000065,0.005220000000000082,0.005400000000000155,0.005400000000000155
54,4,500,0.04315000000000072,0.005550000000000091,0.005750000000000165,0.005750000000000165
55,4,500,0.04050000000000065,0.005220000000000082,0.005400000000000155,0.005400000000000155
56,4,500,0.04050000000000065,0.005220000000000082,0.005400000000000155,0.005400000000000155
57,4,500,0.04050000000000065,0.005220000000000082,0.005400000000000155,0.005400000000000155
58,4,500,0.04100000000000066,0.005270000000000082,0.005650000000000162,0.005650000000000162
59,4,500,0.04050000000000065,0.005220000000000082,0.005400000000000155,0.005400000000000155
60,4,500,0.04050000000000065,0.005220000000000082,0.005400000000000155,0.005400000000000155
61,4,500,0.04050000000000065,0.005220000000000082,0.005400000000000155,0.005400000000000155
62,4,500,0.041450000000000674,0.005323333333333418,0.005750000000000165,0.005750000000000165
63,4,500,0.04050000000000065,0.005220000000000082,0.005400000000000155,0.005400000000000155
64,4,500,0.04050000000000065,0.005220000000000082,0.005400000000000155,0.005400000000000155
65,4,500,0.041150000000000665,0.005283333333333414,0.005700000000000163,0.005700000000000163
66,4,500,0.04050000000000065,0.005220000000000082,0.005400000000000155,0.005400000000000155
67,4,500,0.04050000000000065,0.005220000000000082,0.005400000000000155,0.005400000000000155
68,4,500,0.04050000000000065,0.005220000000000082,0.005400000000000155,0.005400000000000155
69,4,500,0.04210000000000069,0.005410000000000087,0.005750000000000165,0.005750000000000165
70,4,500,0.04260000000000071,0.0054766666666667555,0.005750000000000165,0.005750000000000165
71,4,500,0.0423000000000007,0.0054366666666667545,0.005750000000000165,0.005750000000000165
72,4,500,0.04205000000000069,0.0054033333333334205,0.005750000000000165,0.005750000000000165
73,4,500,0.04050000000000065,0.005220000000000082,0.005400000000000155,0.005400000000000155
74,4,500,0.04330000000000073,0.005570000000000091,0.005750000000000165,0.005750000000000165
75,4,500,0.04050000000000065,0.005220000000000082,0.005400000000000155,0.005400000000000155
76,4,500,0.04050000000000065,0.005220000000000082,0.005400000000000155,0.005400000000000155
77,4,500,0.040800000000000655,0.005260000000000083,0.00560000000000016,0.00560000000000016
78,4,500,0.04260000000000071,0.0054766666666667555,0.005750000000000165,0.005750000000000165
79,4,500,0.04050000000000065,0.005220000000000082,0.005400000000000155,0.005400000000000155
80,4,500,0.04050000000000065,0.005220000000000082,0.005400000000000155,0.005400000000000155
81,4,500,0.04310000000000072,0.005546666666666758,0.005750000000000165,0.005750000000000165
82,4,500,0.04050000000000065,0.005220000000000082,0.005400000000000155,0.005400000000000155
83,4,500,0.04275000000000071,0.005496666666666756,0.005750000000000165,0.005750000000000165
84,4,500,0.04050000000000065,0.005220000000000082,0.005400000000000155,0.005400000000000155
85,4,500,0.04130000000000067,0.005303333333333418,0.005750000000000165,0.005750000000000165
86,4,500,0.040750000000000654,0.005236666666666749,0.005400000000000155,0.005400000000000155
87,4,500,0.04170000000000068,0.005356666666666752,0.005750000000000165,0.005750000000000165
88,4,500,0.04050000000000065,0.005220000000000082,0.005400000000000155,0.005400000000000155
89,4,500,0.04050000000000065,0.005220000000000082,0.005400000000000155,0.005400000000000155
90,4,500,0.04050000000000065,0.005220000000000082,0.005400000000000155,0.005400000000000155
91,4,500,0.04055000000000065,0.005223333333333415,0.005400000000000155,0.005400000000000155
92,4,500,0.042550000000000705,0.0054700000000000885,0.005750000000000165,0.005750000000000165
93,4,500,0.04050000000000065,0.005220000000000082,0.005400000000000155,0.005400000000000155
94,4,500,0.0422500000000007,0.0054300000000000875,0.005750000000000165,0.005750000000000165
95,4,500,0.04050000000000065,0.005220000000000082,0.005400000000000155,0.005400000000000155
96,4,500,0.0423000000000007,0.0054366666666667545,0.005750000000000165,0.005750000000000165
97,4,500,0.04050000000000065,0.005220000000000082,0.005400000000000155,0.005400000000000155
98,4,500,0.04050000000000065,0.005220000000000082,0.005400000000000155,0.005400000000000155
99,4,500,0.0424000000000007,0.0054500000000000885,0.005750000000000165,0.005750000000000165
100,4,500,0.04050000000000065,0.005220000000000082,0.005400000000000155,0.005400000000000155
101,4,500,0.042550000000000705,0.0054700000000000885,0.005750000000000165,0.005750000000000165
102,4,500,0.04050000000000065,0.005220000000000082,0.005400000000000155,0.005400000000000155
103,4,500,0.04050000000000065,0.005220000000000082,0.005400000000000155,0.005400000000000155
104,4,500,0.0424000000000007,0.005473333333333421,0.005750000000000165,0.005750000000000165
105,4,500,0.04210000000000069,0.005410000000000087,0.005750000000000165,0.005750000000000165
106,4,500,0.04105000000000066,0.005270000000000082,0.00560000000000016,0.00560000000000016
107,4,500,0.04050000000000065,0.005220000000000082,0.005400000000000155,0.005400000000000155
108,4,500,0.040800000000000655,0.005260000000000083,0.005699999999999997,0.005699999999999997
109,4,500,0.04050000000000065,0.005220000000000082,0.005400000000000155,0.005400000000000155
110,4,500,0.042150000000000694,0.005416666666666754,0.005750000000000165,0.005750000000000165
111,4,500,0.041450000000000674,0.005323333333333418,0.005750000000000165,0.005750000000000165
112,4,500,0.04050000000000065,0.005220000000000082,0.005400000000000155,0.005400000000000155
113,4,500,0.0423000000000007,0.0054366666666667545,0.005750000000000165,0.005750000000000165
114,4,500,0.04050000000000065,0.005220000000000082,0.005400000000000155,0.005400000000000155
115,4,500,0.04100000000000066,0.005263333333333416,0.005550000000000159,0.005550000000000159
116,4,500,0.04275000000000071,0.005496666666666756,0.005750000000000165,0.005750000000000165
117,4,500,0.04175000000000068,0.005363333333333419,0.005750000000000165,0.005750000000000165
118,4,500,0.0424500000000007,0.005463333333333422,0.005750000000000165,0.005750000000000165
119,4,500,0.04050000000000065,0.005220000000000082,0.005400000000000155,0.005400000000000155
120,4,500,0.04195000000000069,0.00541333333333342,0.005750000000000165,0.005750000000000165
121,4,500,0.04205000000000069,0.0054033333333334205,0.005750000000000165,0.005750000000000165
122,4,500,0.04050000000000065,0.005220000000000082,0.005400000000000155,0.005400000000000155
123,4,500,0.04050000000000065,0.005220000000000082,0.005400000000000155,0.005400000000000155
124,4,500,0.04295000000000072,0.005523333333333423,0.005750000000000165,0.005750000000000165
125,4,500,0.04050000000000065,0.005220000000000082,0.005400000000000155,0.005400000000000155
126,4,500,0.04050000000000065,0.005220000000000082,0.005400000000000155,0.005400000000000155
127,4,500,0.04050000000000065,0.005220000000000082,0.005400000000000155,0.005400000000000155
128,4,500,0.04050000000000065,0.005220000000000082,0.005400000000000155,0.005400000000000155
129,4,500,0.042550000000000705,0.0054700000000000885,0.005750000000000165,0.005750000000000165
130,4,500,0.04265000000000071,0.0054833333333334225,0.005750000000000165,0.005750000000000165
131,4,500,0.042500000000000704,0.0054633333333334215,0.005750000000000165,0.005750000000000165
132,4,500,0.04050000000000065,0.005220000000000082,0.005400000000000155,0.005400000000000155
133,4,500,0.04050000000000065,0.005220000000000082,0.005400000000000155,0.005400000000000155
134,4,500,0.04050000000000065,0.005220000000000082,0.005400000000000155,0.005400000000000155
135,4,500,0.04210000000000069,0.005410000000000087,0.005750000000000165,0.005750000000000165
136,4,500,0.04275000000000071,0.005496666666666756,0.005750000000000165,0.005750000000000165
137,4,500,0.04050000000000065,0.005220000000000082,0.005400000000000155,0.005400000000000155
138,4,500,0.04050000000000065,0.005220000000000082,0.005400000000000155,0.005400000000000155
139,4,500,0.04050000000000065,0.005220000000000082,0.005400000000000155,0.005400000000000155
140,4,500,0.04050000000000065,0.005220000000000082,0.005400000000000155,0.005400000000000155
141,4,500,0.04050000000000065,0.005220000000000082,0.005400000000000155,0.005400000000000155
142,4,500,0.04050000000000065,0.005220000000000082,0.005400000000000155,0.005400000000000155
143,4,500,0.041450000000000674,0.005323333333333418,0.005750000000000165,0.005750000000000165
144,4,500,0.04050000000000065,0.005220000000000082,0.005400000000000155,0.005400000000000155
145,4,500,0.04050000000000065,0.005220000000000082,0.005400000000000155,0.005400000000000155
146,4,500,0.04050000000000065,0.005220000000000082,0.005400000000000155,0.005400000000000155
147,4,500,0.04050000000000065,0.005220000000000082,0.005400000000000155,0.005400000000000155
148,4,500,0.04050000000000065,0.005220000000000082,0.005400000000000155,0.005400000000000155
149,4,500,0.041100000000000664,0.005300000000000084,0.005750000000000003,0.005750000000000003
150,4,500,0.04050000000000065,0.005220000000000082,0.005400000000000155,0.005400000000000155
151,4,500,0.04085000000000066,0.005243333333333415,0.005400000000000155,0.005400000000000155
152,4,500,0.042200000000000695,0.005446666666666753,0.005750000000000165,0.005750000000000165
153,4,500,0.04090000000000066,0.00525000000000008,0.005450000000000156,0.005450000000000156
154,4,500,0.04050000000000065,0.005220000000000082,0.005400000000000155,0.005400000000000155
155,4,500,0.04050000000000065,0.005220000000000082,0.005400000000000155,0.005400000000000155
156,4,500,0.04050000000000065,0.005220000000000082,0.005400000000000155,0.005400000000000155
157,4,500,0.04050000000000065,0.005220000000000082,0.005400000000000155,0.005400000000000155
158,4,500,0.042500000000000704,0.0054633333333334215,0.005750000000000165,0.005750000000000165
159,4,500,0.04050000000000065,0.005220000000000082,0.005400000000000155,0.005400000000000155
160,4,500,0.04050000000000065,0.005220000000000082,0.005400000000000155,0.005400000000000155
161,4,500,0.043200000000000724,0.005556666666666757,0.005750000000000165,0.005750000000000165
162,4,500,0.04050000000000065,0.005220000000000082,0.005400000000000155,0.005400000000000155
163,4,500,0.04175000000000068,0.005363333333333419,0.005750000000000165,0.005750000000000165
164,4,500,0.04050000000000065,0.005220000000000082,0.005400000000000155,0.005400000000000155
165,4,500,0.04085000000000066,0.005266666666666749,0.0056999999999999655,0.0056999999999999655
166,4,500,0.04050000000000065,0.005220000000000082,0.005400000000000155,0.005400000000000155
167,4,500,0.04050000000000065,0.005220000000000082,0.005400000000000155,0.005400000000000155
168,4,500,0.04050000000000065,0.005220000000000082,0.005400000000000155,0.005400000000000155
169,4,500,0.04205000000000069,0.0054033333333334205,0.005750000000000165,0.005750000000000165
170,4,500,0.04050000000000065,0.005220000000000082,0.005400000000000155,0.005400000000000155
171,4,500,0.04050000000000065,0.005220000000000082,0.005400000000000155,0.005400000000000155
172,4,500,0.04050000000000065,0.005220000000000082,0.005400000000000155,0.005400000000000155
173,4,500,0.04050000000000065,0.005220000000000082,0.005400000000000155,0.005400000000000155
174,4,500,0.042150000000000694,0.005416666666666754,0.005750000000000165,0.005750000000000165
175,4,500,0.04050000000000065,0.005220000000000082,0.005400000000000155,0.005400000000000155
176,4,500,0.04275000000000071,0.005496666666666756,0.005750000000000165,0.005750000000000165
177,4,500,0.04050000000000065,0.005220000000000082,0.005400000000000155,0.005400000000000155
178,4,500,0.04170000000000068,0.005356666666666752,0.005750000000000165,0.005750000000000165
179,4,500,0.04055000000000065,0.005223333333333415,0.005400000000000155,0.005400000000000155
180,4,500,0.04050000000000065,0.005220000000000082,0.005400000000000155,0.005400000000000155
181,4,500,0.04310000000000072,0.005543333333333424,0.005750000000000165,0.005750000000000165
182,4,500,0.04050000000000065,0.005220000000000082,0.005400000000000155,0.005400000000000155
183,4,500,0.04125000000000067,0.00529666666666675,0.00560000000000016,0.00560000000000016
184,4,500,0.04050000000000065,0.005220000000000082,0.005400000000000155,0.005400000000000155
185,4,500,0.04300000000000072,0.00553000000000009,0.005750000000000165,0.005750000000000165
186,4,500,0.04050000000000065,0.005220000000000082,0.005400000000000155,0.005400000000000155
187,4,500,0.04275000000000071,0.005496666666666756,0.005750000000000165,0.005750000000000165
188,4,500,0.04270000000000071,0.005466666666666754,0.006050000000000173,0.006050000000000173
189,4,500,0.04050000000000065,0.005220000000000082,0.005400000000000155,0.005400000000000155
190,4,500,0.04300000000000072,0.00553000000000009,0.005750000000000165,0.005750000000000165
191,4,500,0.04205000000000069,0.0054033333333334205,0.005750000000000165,0.005750000000000165
192,4,500,0.04050000000000065,0.005220000000000082,0.005400000000000155,0.005400000000000155
193,4,500,0.04105000000000066,0.005270000000000082,0.00560000000000016,0.00560000000000016
194,4,500,0.04050000000000065,0.005220000000000082,0.005400000000000155,0.005400000000000155
195,4,500,0.04050000000000065,0.005220000000000082,0.005400000000000155,0.005400000000000155
196,4,500,0.042500000000000704,0.0054633333333334215,0.005750000000000165,0.005750000000000165
197,4,500,0.04050000000000065,0.005220000000000082,0.005400000000000155,0.005400000000000155
198,4,500,0.041150000000000665,0.005283333333333414,0.005700000000000163,0.005700000000000163
199,4,500,0.04195000000000069,0.0053900000000000866,0.005750000000000165,0.005750000000000165
200,4,500,0.04050000000000065,0.005220000000000082,0.005400000000000155,0.005400000000000155
201,4,500,0.04050000000000065,0.005220000000000082,0.005400000000000155,0.005400000000000155
202,4,500,0.04050000000000065,0.005220000000000082,0.005400000000000155,0.005400000000000155
203,4,500,0.04160000000000068,0.005343333333333419,0.005750000000000165,0.005750000000000165
204,4,500,0.04070000000000065,0.005246666666666749,0.0055000000000001575,0.0055000000000001575
205,4,500,0.04050000000000065,0.005220000000000082,0.005400000000000155,0.005400000000000155
206,4,500,0.04050000000000065,0.005220000000000082,0.005400000000000155,0.005400000000000155
207,4,500,0.04170000000000068,0.005356666666666752,0.005750000000000165,0.005750000000000165
208,4,500,0.04050000000000065,0.005220000000000082,0.005400000000000155,0.005400000000000155
209,4,500,0.04050000000000065,0.005220000000000082,0.005400000000000155,0.005400000000000155
210,4,500,0.042150000000000694,0.005416666666666754,0.005750000000000165,0.005750000000000165
211,4,500,0.0422500000000007,0.0054300000000000875,0.005750000000000165,0.005750000000000165
212,4,500,0.04050000000000065,0.005220000000000082,0.005400000000000155,0.005400000000000155
213,4,500,0.04050000000000065,0.005220000000000082,0.005400000000000155,0.005400000000000155
214,4,500,0.04050000000000065,0.005220000000000082,0.005400000000000155,0.005400000000000155
215,4,500,0.04050000000000065,0.005220000000000082,0.005400000000000155,0.005400000000000155
216,4,500,0.04085000000000066,0.005243333333333415,0.005400000000000155,0.005400000000000155
217,4,500,0.04050000000000065,0.005220000000000082,0.005400000000000155,0.005400000000000155
218,4,500,0.042200000000000695,0.0054233333333334206,0.005750000000000165,0.005750000000000165
219,4,500,0.04050000000000065,0.005220000000000082,0.005400000000000155,0.005400000000000155
220,4,500,0.042200000000000695,0.0054233333333334206,0.005750000000000165,0.005750000000000165
221,4,500,0.04090000000000066,0.00525000000000008,0.005450000000000156,0.005450000000000156
222,4,500,0.04170000000000068,0.005356666666666752,0.005750000000000165,0.005750000000000165
223,4,500,0.04095000000000066,0.0052566666666667506,0.0055000000000001575,0.0055000000000001575
224,4,500,0.04050000000000065,0.005220000000000082,0.005400000000000155,0.005400000000000155
225,4,500,0.04085000000000066,0.005266666666666749,0.005649999999999966,0.005649999999999966
226,4,500,0.04195000000000069,0.0053900000000000866,0.005750000000000165,0.005750000000000165
227,4,500,0.0423500000000007,0.0054433333333334215,0.005750000000000165,0.005750000000000165
228,4,500,0.04195000000000069,0.0054033333333334205,0.005750000000000165,0.005750000000000165
229,4,500,0.04050000000000065,0.005220000000000082,0.005400000000000155,0.005400000000000155
230,4,500,0.04050000000000065,0.005220000000000082,0.005400000000000155,0.005400000000000155
231,4,500,0.04050000000000065,0.005220000000000082,0.005400000000000155,0.005400000000000155
232,4,500,0.04050000000000065,0.005220000000000082,0.005400000000000155,0.005400000000000155
233,4,500,0.04050000000000065,0.005220000000000082,0.005400000000000155,0.005400000000000155
234,4,500,0.04140000000000067,0.005316666666666751,0.005750000000000165,0.005750000000000165
235,4,500,0.04295000000000072,0.005523333333333423,0.005750000000000165,0.005750000000000165
236,4,500,0.041100000000000664,0.005300000000000084,0.005749999999999965,0.005749999999999965
237,4,500,0.04050000000000065,0.005220000000000082,0.005400000000000155,0.005400000000000155
238,4,500,0.04050000000000065,0.005220000000000082,0.005400000000000155,0.005400000000000155
239,4,500,0.04050000000000065,0.005220000000000082,0.005400000000000155,0.005400000000000155
240,4,500,0.04050000000000065,0.005220000000000082,0.005400000000000155,0.005400000000000155
241,4,500,0.04050000000000065,0.005220000000000082,0.005400000000000155,0.005400000000000155
242,4,500,0.04050000000000065,0.005220000000000082,0.005400000000000155,0.005400000000000155
243,4,500,0.04050000000000065,0.005220000000000082,0.005400000000000155,0.005400000000000155
244,4,500,0.04170000000000068,0.005356666666666752,0.005750000000000165,0.005750000000000165
245,4,500,0.042200000000000695,0.005446666666666757,0.005750000000000165,0.005750000000000165
246,4,500,0.040800000000000655,0.005260000000000083,0.005649999999999997,0.005649999999999997
247,4,500,0.0423500000000007,0.0054433333333334215,0.005750000000000165,0.005750000000000165
248,4,500,0.04100000000000066,0.005263333333333416,0.005550000000000159,0.005550000000000159
249,4,500,0.04050000000000065,0.005220000000000082,0.005400000000000155,0.005400000000000155
250,4,500,0.04310000000000072,0.005543333333333424,0.005750000000000165,0.005750000000000165
251,4,500,0.042150000000000694,0.005440000000000087,0.005750000000000165,0.005750000000000165
252,4,500,0.04050000000000065,0.005220000000000082,0.005400000000000155,0.005400000000000155
253,4,500,0.04210000000000069,0.005410000000000087,0.005750000000000165,0.005750000000000165
254,4,500,0.04050000000000065,0.005220000000000082,0.005400000000000155,0.005400000000000155
255,4,500,0.04050000000000065,0.005220000000000082,0.005400000000000155,0.005400000000000155
256,4,500,0.04050000000000065,0.005220000000000082,0.005400000000000155,0.005400000000000155
257,4,500,0.04050000000000065,0.005220000000000082,0.005400000000000155,0.005400000000000155
258,4,500,0.04050000000000065,0.005220000000000082,0.005400000000000155,0.005400000000000155
259,4,500,0.04050000000000065,0.005220000000000082,0.005400000000000155,0.005400000000000155
260,4,500,0.04050000000000065,0.005220000000000082,0.005400000000000155,0.005400000000000155
261,4,500,0.04275000000000071,0.005496666666666756,0.005750000000000165,0.005750000000000165
262,4,500,0.04050000000000065,0.005220000000000082,0.005400000000000155,0.005400000000000155
263,4,500,0.04265000000000071,0.0054833333333334225,0.005750000000000165,0.005750000000000165
264,4,500,0.04050000000000065,0.005220000000000082,0.005400000000000155,0.005400000000000155
265,4,500,0.04050000000000065,0.005220000000000082,0.005400000000000155,0.005400000000000155
266,4,500,0.04050000000000065,0.005220000000000082,0.005400000000000155,0.005400000000000155
267,4,500,0.04050000000000065,0.005220000000000082,0.005400000000000155,0.005400000000000155
268,4,500,0.04095000000000066,0.0052566666666667506,0.0055000000000001575,0.0055000000000001575
269,4,500,0.04210000000000069,0.005410000000000087,0.005750000000000165,0.005750000000000165
270,4,500,0.04170000000000068,0.005380000000000087,0.005750000000000021,0.005750000000000021
271,4,500,0.04050000000000065,0.005220000000000082,0.005400000000000155,0.005400000000000155
272,4,500,0.04050000000000065,0.005220000000000082,0.005400000000000155,0.005400000000000155
273,4,500,0.04050000000000065,0.005220000000000082,0.005400000000000155,0.005400000000000155
274,4,500,0.04280000000000071,0.005503333333333423,0.005750000000000165,0.005750000000000165
275,4,500,0.04310000000000072,0.005543333333333424,0.005750000000000165,0.005750000000000165
276,4,500,0.04050000000000065,0.005220000000000082,0.005400000000000155,0.005400000000000155
277,4,500,0.04050000000000065,0.005220000000000082,0.005400000000000155,0.005400000000000155
278,4,500,0.04050000000000065,0.005220000000000082,0.005400000000000155,0.005400000000000155
279,4,500,0.04050000000000065,0.005220000000000082,0.005400000000000155,0.005400000000000155
280,4,500,0.04050000000000065,0.005220000000000082,0.005400000000000155,0.005400000000000155
281,4,500,0.04050000000000065,0.005220000000000082,0.005400000000000155,0.005400000000000155
282,4,500,0.04050000000000065,0.005220000000000082,0.005400000000000155,0.005400000000000155
283,4,500,0.04050000000000065,0.005220000000000082,0.005400000000000155,0.005400000000000155
284,4,500,0.04050000000000065,0.005220000000000082,0.005400000000000155,0.005400000000000155
285,4,500,0.04135000000000067,0.005310000000000084,0.005750000000000165,0.005750000000000165
286,4,500,0.04050000000000065,0.005220000000000082,0.005400000000000155,0.005400000000000155
287,4,500,0.04050000000000065,0.005220000000000082,0.005400000000000155,0.005400000000000155
288,4,500,0.042150000000000694,0.005416666666666754,0.005750000000000165,0.005750000000000165
289,4,500,0.04050000000000065,0.005220000000000082,0.005400000000000155,0.005400000000000155
290,4,500,0.04050000000000065,0.005220000000000082,0.005400000000000155,0.005400000000000155
291,4,500,0.04050000000000065,0.005220000000000082,0.005400000000000155,0.005400000000000155
292,4,500,0.04050000000000065,0.005220000000000082,0.005400000000000155,0.005400000000000155
293,4,500,0.0422500000000007,0.0054300000000000875,0.005750000000000165,0.005750000000000165
294,4,500,0.04050000000000065,0.005220000000000082,0.005400000000000155,0.005400000000000155
295,4,500,0.04050000000000065,0.005220000000000082,0.005400000000000155,0.005400000000000155
296,4,500,0.042900000000000715,0.0055166666666667565,0.005750000000000165,0.005750000000000165
297,4,500,0.04160000000000068,0.005366666666666753,0.005750000000000165,0.005750000000000165
298,4,500,0.04050000000000065,0.005220000000000082,0.005400000000000155,0.005400000000000155
299,4,500,0.04050000000000065,0.005220000000000082,0.005400000000000155,0.005400000000000155
300,4,500,0.04050000000000065,0.005220000000000082,0.005400000000000155,0.005400000000000155
301,4,500,0.04050000000000065,0.005220000000000082,0.005400000000000155,0.005400000000000155
302,4,500,0.04050000000000065,0.005220000000000082,0.005400000000000155,0.005400000000000155
303,4,500,0.04050000000000065,0.005220000000000082,0.005400000000000155,0.005400000000000155
304,4,500,0.04050000000000065,0.005220000000000082,0.005400000000000155,0.005400000000000155
305,4,500,0.04050000000000065,0.005220000000000082,0.005400000000000155,0.005400000000000155
306,4,500,0.04050000000000065,0.005220000000000082,0.005400000000000155,0.005400000000000155
307,4,500,0.043200000000000724,0.005556666666666757,0.005750000000000165,0.005750000000000165
308,4,500,0.04050000000000065,0.005220000000000082,0.005400000000000155,0.005400000000000155
309,4,500,0.04050000000000065,0.005220000000000082,0.005400000000000155,0.005400000000000155
310,4,500,0.04050000000000065,0.005220000000000082,0.005400000000000155,0.005400000000000155
311,4,500,0.04050000000000065,0.005220000000000082,0.005400000000000155,0.005400000000000155
312,4,500,0.04195000000000069,0.0053900000000000866,0.005750000000000165,0.005750000000000165
313,4,500,0.04050000000000065,0.005220000000000082,0.005400000000000155,0.005400000000000155
314,4,500,0.04160000000000068,0.005366666666666753,0.005750000000000165,0.005750000000000165
315,4,500,0.04315000000000072,0.005550000000000091,0.005750000000000165,0.005750000000000165
316,4,500,0.04050000000000065,0.005220000000000082,0.005400000000000155,0.005400000000000155
317,4,500,0.04085000000000066,0.005243333333333415,0.005400000000000155,0.005400000000000155
318,4,500,0.04050000000000065,0.005220000000000082,0.005400000000000155,0.005400000000000155
319,4,500,0.04155000000000068,0.005360000000000085,0.0057500000000000225,0.0057500000000000225
320,4,500,0.04050000000000065,0.005220000000000082,0.005400000000000155,0.005400000000000155
321,4,500,0.04050000000000065,0.005220000000000082,0.005400000000000155,0.005400000000000155
322,4,500,0.04140000000000067,0.005323333333333418,0.005749999999999998,0.005749999999999998
323,4,500,0.04155000000000068,0.005336666666666752,0.005750000000000165,0.005750000000000165
324,4,500,0.04050000000000065,0.005220000000000082,0.005400000000000155,0.005400000000000155
325,4,500,0.04050000000000065,0.005220000000000082,0.005400000000000155,0.005400000000000155
326,4,500,0.04050000000000065,0.005220000000000082,0.005400000000000155,0.005400000000000155
327,4,500,0.04050000000000065,0.005220000000000082,0.005400000000000155,0.005400000000000155
328,4,500,0.04050000000000065,0.005220000000000082,0.005400000000000155,0.005400000000000155
329,4,500,0.04050000000000065,0.005220000000000082,0.005400000000000155,0.005400000000000155
330,4,500,0.04050000000000065,0.005220000000000082,0.005400000000000155,0.005400000000000155
331,4,500,0.04160000000000068,0.005343333333333419,0.005750000000000165,0.005750000000000165
332,4,500,0.04050000000000065,0.005220000000000082,0.005400000000000155,0.005400000000000155
333,4,500,0.04050000000000065,0.005220000000000082,0.005400000000000155,0.005400000000000155
334,4,500,0.041800000000000684,0.005370000000000086,0.005750000000000165,0.005750000000000165
335,4,500,0.04050000000000065,0.005220000000000082,0.005400000000000155,0.005400000000000155
336,4,500,0.042850000000000714,0.0055100000000000895,0.005750000000000165,0.005750000000000165
337,4,500,0.04050000000000065,0.005220000000000082,0.005400000000000155,0.005400000000000155
338,4,500,0.04050000000000065,0.005220000000000082,0.005400000000000155,0.005400000000000155
339,4,500,0.04050000000000065,0.005220000000000082,0.005400000000000155,0.005400000000000155
340,4,500,0.04260000000000071,0.0054766666666667555,0.005750000000000165,0.005750000000000165
341,4,500,0.04170000000000068,0.005356666666666752,0.005750000000000165,0.005750000000000165
342,4,500,0.04050000000000065,0.005220000000000082,0.005400000000000155,0.005400000000000155
343,4,500,0.04050000000000065,0.005220000000000082,0.005400000000000155,0.005400000000000155
344,4,500,0.04050000000000065,0.005220000000000082,0.005400000000000155,0.005400000000000155
345,4,500,0.04050000000000065,0.005220000000000082,0.005400000000000155,0.005400000000000155
346,4,500,0.04050000000000065,0.005220000000000082,0.005400000000000155,0.005400000000000155
347,4,500,0.04050000000000065,0.005220000000000082,0.005400000000000155,0.005400000000000155
348,4,500,0.04050000000000065,0.005220000000000082,0.005400000000000155,0.005400000000000155
349,4,500,0.04050000000000065,0.005220000000000082,0.005400000000000155,0.005400000000000155
350,4,500,0.04050000000000065,0.005220000000000082,0.005400000000000155,0.005400000000000155
351,4,500,0.04050000000000065,0.005220000000000082,0.005400000000000155,0.005400000000000155
352,4,500,0.04050000000000065,0.005220000000000082,0.005400000000000155,0.005400000000000155
353,4,500,0.04050000000000065,0.005220000000000082,0.005400000000000155,0.005400000000000155
354,4,500,0.04050000000000065,0.005220000000000082,0.005400000000000155,0.005400000000000155
355,4,500,0.04050000000000065,0.005220000000000082,0.005400000000000155,0.005400000000000155
356,4,500,0.04190000000000069,0.00538333333333342,0.005750000000000165,0.005750000000000165
357,4,500,0.04120000000000067,0.005290000000000084,0.005750000000000165,0.005750000000000165
358,4,500,0.04050000000000065,0.005220000000000082,0.005400000000000155,0.005400000000000155
359,4,500,0.04280000000000071,0.005503333333333423,0.005750000000000165,0.005750000000000165
360,4,500,0.04050000000000065,0.005220000000000082,0.005400000000000155,0.005400000000000155
361,4,500,0.04050000000000065,0.005220000000000082,0.005400000000000155,0.005400000000000155
362,4,500,0.04050000000000065,0.005220000000000082,0.005400000000000155,0.005400000000000155
363,4,500,0.04050000000000065,0.005220000000000082,0.005400000000000155,0.005400000000000155
364,4,500,0.04050000000000065,0.005220000000000082,0.005400000000000155,0.005400000000000155
365,4,500,0.04050000000000065,0.005220000000000082,0.005400000000000155,0.005400000000000155
366,4,500,0.042150000000000694,0.005416666666666754,0.005750000000000165,0.005750000000000165
367,4,500,0.04050000000000065,0.005220000000000082,0.005400000000000155,0.005400000000000155
368,4,500,0.04050000000000065,0.005220000000000082,0.005400000000000155,0.005400000000000155
369,4,500,0.04090000000000066,0.00525000000000008,0.005450000000000156,0.005450000000000156
370,4,500,0.042850000000000714,0.0055100000000000895,0.005750000000000165,0.005750000000000165
371,4,500,0.04050000000000065,0.005220000000000082,0.005400000000000155,0.005400000000000155
372,4,500,0.04190000000000069,0.00538333333333342,0.005750000000000165,0.005750000000000165
373,4,500,0.04105000000000066,0.005270000000000082,0.00560000000000016,0.00560000000000016
374,4,500,0.04050000000000065,0.005220000000000082,0.005400000000000155,0.005400000000000155
375,4,500,0.042900000000000715,0.0055166666666667565,0.005750000000000165,0.005750000000000165
376,4,500,0.04050000000000065,0.005220000000000082,0.005400000000000155,0.005400000000000155
377,4,500,0.04165000000000068,0.005373333333333419,0.005750000000000019,0.005750000000000019
378,4,500,0.0423000000000007,0.005443333333333422,0.005750000000000165,0.005750000000000165
379,4,500,0.04050000000000065,0.005220000000000082,0.005400000000000155,0.005400000000000155
380,4,500,0.041150000000000665,0.005283333333333416,0.00560000000000016,0.00560000000000016
381,4,500,0.04050000000000065,0.005220000000000082,0.005400000000000155,0.005400000000000155
382,4,500,0.042550000000000705,0.0054700000000000885,0.005750000000000165,0.005750000000000165
383,4,500,0.04050000000000065,0.005220000000000082,0.005400000000000155,0.005400000000000155
384,4,500,0.04050000000000065,0.005220000000000082,0.005400000000000155,0.005400000000000155
385,4,500,0.0424500000000007,0.0054566666666667546,0.005750000000000165,0.005750000000000165
386,4,500,0.04050000000000065,0.005220000000000082,0.005400000000000155,0.005400000000000155
387,4,500,0.04270000000000071,0.005490000000000089,0.005750000000000165,0.005750000000000165
388,4,500,0.0422500000000007,0.0054300000000000875,0.005750000000000165,0.005750000000000165
389,4,500,0.04050000000000065,0.005220000000000082,0.005400000000000155,0.005400000000000155
390,4,500,0.042550000000000705,0.005493333333333422,0.005750000000000165,0.005750000000000165
391,4,500,0.04050000000000065,0.005220000000000082,0.005400000000000155,0.005400000000000155
392,4,500,0.040800000000000655,0.005240000000000081,0.005400000000000155,0.005400000000000155
393,4,500,0.04050000000000065,0.005220000000000082,0.005400000000000155,0.005400000000000155
394,4,500,0.04130000000000067,0.005303333333333418,0.005750000000000165,0.005750000000000165
395,4,500,0.04050000000000065,0.005220000000000082,0.005400000000000155,0.005400000000000155
396,4,500,0.04050000000000065,0.005220000000000082,0.005400000000000155,0.005400000000000155
397,4,500,0.04050000000000065,0.005220000000000082,0.005400000000000155,0.005400000000000155
398,4,500,0.04140000000000067,0.005316666666666751,0.005750000000000165,0.005750000000000165
399,4,500,0.042150000000000694,0.005416666666666754,0.005750000000000165,0.005750000000000165
400,4,500,0.04050000000000065,0.005220000000000082,0.005400000000000155,0.005400000000000155
401,4,500,0.04050000000000065,0.005220000000000082,0.005400000000000155,0.005400000000000155
402,4,500,0.04050000000000065,0.005220000000000082,0.005400000000000155,0.005400000000000155
403,4,500,0.0423500000000007,0.0054433333333334215,0.005750000000000165,0.005750000000000165
404,4,500,0.04050000000000065,0.005220000000000082,0.005400000000000155,0.005400000000000155
405,4,500,0.04050000000000065,0.005220000000000082,0.005400000000000155,0.005400000000000155
406,4,500,0.04050000000000065,0.005220000000000082,0.005400000000000155,0.005400000000000155
407,4,500,0.04050000000000065,0.005220000000000082,0.005400000000000155,0.005400000000000155
408,4,500,0.04050000000000065,0.005220000000000082,0.005400000000000155,0.005400000000000155
409,4,500,0.042500000000000704,0.0054633333333334215,0.005750000000000165,0.005750000000000165
410,4,500,0.04105000000000066,0.005270000000000082,0.00560000000000016,0.00560000000000016
411,4,500,0.04305000000000072,0.005536666666666757,0.005750000000000165,0.005750000000000165
412,4,500,0.04050000000000065,0.005220000000000082,0.005400000000000155,0.005400000000000155
413,4,500,0.04050000000000065,0.005220000000000082,0.005400000000000155,0.005400000000000155
414,4,500,0.04050000000000065,0.005220000000000082,0.005400000000000155,0.005400000000000155
415,4,500,0.044950000000000774,0.005766666666666763,0.006050000000000173,0.006050000000000173
416,4,500,0.04050000000000065,0.005220000000000082,0.005400000000000155,0.005400000000000155
417,4,500,0.04050000000000065,0.005220000000000082,0.005400000000000155,0.005400000000000155
418,4,500,0.04050000000000065,0.005220000000000082,0.005400000000000155,0.005400000000000155
419,4,500,0.04050000000000065,0.005220000000000082,0.005400000000000155,0.005400000000000155
420,4,500,0.04155000000000068,0.005336666666666752,0.005750000000000165,0.005750000000000165
421,4,500,0.041850000000000685,0.005376666666666753,0.005750000000000165,0.005750000000000165
422,4,500,0.04050000000000065,0.005220000000000082,0.005400000000000155,0.005400000000000155
423,4,500,0.04095000000000066,0.005280000000000082,0.005700000000000002,0.005700000000000002
424,4,500,0.04050000000000065,0.005220000000000082,0.005400000000000155,0.005400000000000155
425,4,500,0.04175000000000068,0.005363333333333419,0.005750000000000165,0.005750000000000165
426,4,500,0.04190000000000069,0.005406666666666754,0.005750000000000165,0.005750000000000165
427,4,500,0.042550000000000705,0.005486666666666755,0.005750000000000165,0.005750000000000165
428,4,500,0.04050000000000065,0.005220000000000082,0.005400000000000155,0.005400000000000155
429,4,500,0.04050000000000065,0.005220000000000082,0.005400000000000155,0.005400000000000155
430,4,500,0.04050000000000065,0.005220000000000082,0.005400000000000155,0.005400000000000155
431,4,500,0.04050000000000065,0.005220000000000082,0.005400000000000155,0.005400000000000155
432,4,500,0.04050000000000065,0.005220000000000082,0.005400000000000155,0.005400000000000155
433,4,500,0.04050000000000065,0.005220000000000082,0.005400000000000155,0.005400000000000155
434,4,500,0.042150000000000694,0.005416666666666754,0.005750000000000165,0.005750000000000165
435,4,500,0.042500000000000704,0.0054633333333334215,0.005750000000000165,0.005750000000000165
436,4,500,0.04125000000000067,0.005320000000000084,0.005750000000000165,0.005750000000000165
437,4,500,0.04050000000000065,0.005220000000000082,0.005400000000000155,0.005400000000000155
438,4,500,0.04050000000000065,0.005220000000000082,0.005400000000000155,0.005400000000000155
439,4,500,0.04050000000000065,0.005220000000000082,0.005400000000000155,0.005400000000000155
440,4,500,0.04270000000000071,0.005490000000000089,0.005750000000000165,0.005750000000000165
441,4,500,0.042150000000000694,0.005416666666666754,0.005750000000000165,0.005750000000000165
442,4,500,0.04050000000000065,0.005220000000000082,0.005400000000000155,0.005400000000000155
443,4,500,0.04050000000000065,0.005220000000000082,0.005400000000000155,0.005400000000000155
444,4,500,0.04050000000000065,0.005220000000000082,0.005400000000000155,0.005400000000000155
445,4,500,0.04050000000000065,0.005220000000000082,0.005400000000000155,0.005400000000000155
446,4,500,0.04050000000000065,0.005220000000000082,0.005400000000000155,0.005400000000000155
447,4,500,0.04050000000000065,0.005220000000000082,0.005400000000000155,0.005400000000000155
448,4,500,0.04050000000000065,0.005220000000000082,0.005400000000000155,0.005400000000000155
449,4,500,0.04050000000000065,0.005220000000000082,0.005400000000000155,0.005400000000000155
450,4,500,0.04120000000000067,0.005290000000000084,0.005750000000000165,0.005750000000000165
451,4,500,0.04295000000000072,0.005523333333333423,0.005750000000000165,0.005750000000000165
452,4,500,0.04050000000000065,0.005220000000000082,0.005400000000000155,0.005400000000000155
453,4,500,0.04130000000000067,0.005326666666666752,0.005750000000000165,0.005750000000000165
454,4,500,0.04165000000000068,0.005350000000000086,0.005750000000000165,0.005750000000000165
455,4,500,0.04135000000000067,0.005310000000000084,0.005750000000000165,0.005750000000000165
456,4,500,0.04050000000000065,0.005220000000000082,0.005400000000000155,0.005400000000000155
457,4,500,0.04050000000000065,0.005220000000000082,0.005400000000000155,0.005400000000000155
458,4,500,0.04050000000000065,0.005220000000000082,0.005400000000000155,0.005400000000000155
459,4,500,0.04050000000000065,0.005220000000000082,0.005400000000000155,0.005400000000000155
460,4,500,0.04050000000000065,0.005220000000000082,0.005400000000000155,0.005400000000000155
461,4,500,0.04050000000000065,0.005220000000000082,0.005400000000000155,0.005400000000000155
462,4,500,0.04050000000000065,0.005220000000000082,0.005400000000000155,0.005400000000000155
463,4,500,0.041500000000000675,0.005353333333333419,0.005750000000000165,0.005750000000000165
464,4,500,0.0424000000000007,0.005473333333333423,0.005750000000000165,0.005750000000000165
465,4,500,0.04050000000000065,0.005220000000000082,0.005400000000000155,0.005400000000000155
466,4,500,0.04050000000000065,0.005220000000000082,0.005400000000000155,0.005400000000000155
467,4,500,0.04050000000000065,0.005220000000000082,0.005400000000000155,0.005400000000000155
468,4,500,0.04050000000000065,0.005220000000000082,0.005400000000000155,0.005400000000000155
469,4,500,0.04050000000000065,0.005220000000000082,0.005400000000000155,0.005400000000000155
470,4,500,0.0424000000000007,0.0054500000000000885,0.005750000000000165,0.005750000000000165
471,4,500,0.04050000000000065,0.005220000000000082,0.005400000000000155,0.005400000000000155
472,4,500,0.04050000000000065,0.005220000000000082,0.005400000000000155,0.005400000000000155
473,4,500,0.04050000000000065,0.005220000000000082,0.005400000000000155,0.005400000000000155
474,4,500,0.04135000000000067,0.005333333333333417,0.005750000000000165,0.005750000000000165
475,4,500,0.042550000000000705,0.0054700000000000885,0.005750000000000165,0.005750000000000165
476,4,500,0.04050000000000065,0.005220000000000082,0.005400000000000155,0.005400000000000155
477,4,500,0.04205000000000069,0.005426666666666754,0.005750000000000165,0.005750000000000165
478,4,500,0.04050000000000065,0.005220000000000082,0.005400000000000155,0.005400000000000155
479,4,500,0.042200000000000695,0.005446666666666753,0.005750000000000165,0.005750000000000165
480,4,500,0.04275000000000071,0.005496666666666756,0.005750000000000165,0.005750000000000165
481,4,500,0.04050000000000065,0.005220000000000082,0.005400000000000155,0.005400000000000155
482,4,500,0.04050000000000065,0.005220000000000082,0.005400000000000155,0.005400000000000155
483,4,500,0.04085000000000066,0.005243333333333415,0.005400000000000155,0.005400000000000155
484,4,500,0.04050000000000065,0.005220000000000082,0.005400000000000155,0.005400000000000155
485,4,500,0.042850000000000714,0.005486666666666754,0.006050000000000173,0.006050000000000173
486,4,500,0.04135000000000067,0.005310000000000084,0.005750000000000165,0.005750000000000165
487,4,500,0.04275000000000071,0.005496666666666756,0.005750000000000165,0.005750000000000165
488,4,500,0.04050000000000065,0.005220000000000082,0.005400000000000155,0.005400000000000155
489,4,500,0.04050000000000065,0.005220000000000082,0.005400000000000155,0.005400000000000155
490,4,500,0.04050000000000065,0.005220000000000082,0.005400000000000155,0.005400000000000155
491,4,500,0.04050000000000065,0.005220000000000082,0.005400000000000155,0.005400000000000155
492,4,500,0.04050000000000065,0.005220000000000082,0.005400000000000155,0.005400000000000155
493,4,500,0.04050000000000065,0.005220000000000082,0.005400000000000155,0.005400000000000155
494,4,500,0.04195000000000069,0.0053900000000000866,0.005750000000000165,0.005750000000000165
495,4,500,0.0423500000000007,0.0054433333333334215,0.005750000000000165,0.005750000000000165
496,4,500,0.04050000000000065,0.005220000000000082,0.005400000000000155,0.005400000000000155
497,4,500,0.04155000000000068,0.0053433333333334195,0.005750000000000165,0.005750000000000165
498,4,500,0.04160000000000068,0.005343333333333417,0.005750000000000165,0.005750000000000165
499,4,500,0.04050000000000065,0.005220000000000082,0.005400000000000155,0.005400000000000155
500,4,500,0.04050000000000065,0.005220000000000082,0.005400000000000155,0.005400000000000155
501,4,500,0.04050000000000065,0.005220000000000082,0.005400000000000155,0.005400000000000155
502,4,500,0.04050000000000065,0.005220000000000082,0.005400000000000155,0.005400000000000155
503,4,500,0.04050000000000065,0.005220000000000082,0.005400000000000155,0.005400000000000155
504,4,500,0.04050000000000065,0.005220000000000082,0.005400000000000155,0.005400000000000155
505,4,500,0.0423000000000007,0.005460000000000087,0.005750000000000165,0.005750000000000165
506,4,500,0.04050000000000065,0.005220000000000082,0.005400000000000155,0.005400000000000155
507,4,500,0.04135000000000067,0.005310000000000084,0.005750000000000165,0.005750000000000165
508,4,500,0.04055000000000065,0.005223333333333415,0.005400000000000155,0.005400000000000155
509,4,500,0.04050000000000065,0.005220000000000082,0.005400000000000155,0.005400000000000155
510,4,500,0.04050000000000065,0.005220000000000082,0.005400000000000155,0.005400000000000155
511,4,500,0.04050000000000065,0.005220000000000082,0.005400000000000155,0.005400000000000155
512,4,500,0.04065000000000065,0.005230000000000081,0.005400000000000155,0.005400000000000155
513,4,500,0.04300000000000072,0.00553000000000009,0.005750000000000165,0.005750000000000165
514,4,500,0.04050000000000065,0.005220000000000082,0.005400000000000155,0.005400000000000155
515,4,500,0.042150000000000694,0.005416666666666754,0.005750000000000165,0.005750000000000165
516,4,500,0.04050000000000065,0.005220000000000082,0.005400000000000155,0.005400000000000155
517,4,500,0.04050000000000065,0.005220000000000082,0.005400000000000155,0.005400000000000155
518,4,500,0.04140000000000067,0.005340000000000085,0.005750000000000165,0.005750000000000165
519,4,500,0.04095000000000066,0.0052566666666667506,0.0055000000000001575,0.0055000000000001575
520,4,500,0.04060000000000065,0.005233333333333415,0.0055000000000001575,0.0055000000000001575
521,4,500,0.04085000000000066,0.005243333333333415,0.005400000000000155,0.005400000000000155
522,4,500,0.04195000000000069,0.0053900000000000866,0.005750000000000165,0.005750000000000165
523,4,500,0.04050000000000065,0.005220000000000082,0.005400000000000155,0.005400000000000155
524,4,500,0.04050000000000065,0.005220000000000082,0.005400000000000155,0.005400000000000155
525,4,500,0.04050000000000065,0.005220000000000082,0.005400000000000155,0.005400000000000155
526,4,500,0.04050000000000065,0.005220000000000082,0.005400000000000155,0.005400000000000155
527,4,500,0.04050000000000065,0.005220000000000082,0.005400000000000155,0.005400000000000155
528,4,500,0.04195000000000069,0.0053900000000000866,0.005750000000000165,0.005750000000000165
529,4,500,0.04085000000000066,0.005243333333333415,0.005400000000000155,0.005400000000000155
530,4,500,0.04050000000000065,0.005220000000000082,0.005400000000000155,0.005400000000000155
531,4,500,0.04050000000000065,0.005220000000000082,0.005400000000000155,0.005400000000000155
532,4,500,0.04050000000000065,0.005220000000000082,0.005400000000000155,0.005400000000000155
533,4,500,0.04050000000000065,0.005220000000000082,0.005400000000000155,0.005400000000000155
534,4,500,0.04050000000000065,0.005220000000000082,0.005400000000000155,0.005400000000000155
535,4,500,0.0424500000000007,0.0054566666666667546,0.005750000000000165,0.005750000000000165
536,4,500,0.04050000000000065,0.005220000000000082,0.005400000000000155,0.005400000000000155
537,4,500,0.04100000000000066,0.00528666666666675,0.005749999999999965,0.005749999999999965
538,4,500,0.041150000000000665,0.005283333333333414,0.005700000000000163,0.005700000000000163
539,4,500,0.04050000000000065,0.005220000000000082,0.005400000000000155,0.005400000000000155
540,4,500,0.041150000000000665,0.005283333333333414,0.005700000000000163,0.005700000000000163
541,4,500,0.04310000000000072,0.005543333333333424,0.005750000000000165,0.005750000000000165
542,4,500,0.04275000000000071,0.00552000000000009,0.005750000000000165,0.005750000000000165
543,4,500,0.04050000000000065,0.005220000000000082,0.005400000000000155,0.005400000000000155
544,4,500,0.04050000000000065,0.005220000000000082,0.005400000000000155,0.005400000000000155
545,4,500,0.04130000000000067,0.005303333333333418,0.005750000000000165,0.005750000000000165
546,4,500,0.0423000000000007,0.0054366666666667545,0.005750000000000165,0.005750000000000165
547,4,500,0.043200000000000724,0.005556666666666757,0.005750000000000165,0.005750000000000165
548,4,500,0.042900000000000715,0.0055166666666667565,0.005750000000000165,0.005750000000000165
549,4,500,0.04280000000000071,0.005503333333333423,0.005750000000000165,0.005750000000000165
550,4,500,0.04135000000000067,0.005313333333333418,0.005750000000000165,0.005750000000000165
551,4,500,0.04050000000000065,0.005220000000000082,0.005400000000000155,0.005400000000000155
552,4,500,0.04050000000000065,0.005220000000000082,0.005400000000000155,0.005400000000000155
553,4,500,0.04050000000000065,0.005220000000000082,0.005400000000000155,0.005400000000000155
554,4,500,0.04050000000000065,0.005220000000000082,0.005400000000000155,0.005400000000000155
555,4,500,0.04050000000000065,0.005220000000000082,0.005400000000000155,0.005400000000000155
556,4,500,0.04050000000000065,0.005220000000000082,0.005400000000000155,0.005400000000000155
557,4,500,0.04090000000000066,0.00525000000000008,0.005450000000000156,0.005450000000000156
558,4,500,0.04050000000000065,0.005220000000000082,0.005400000000000155,0.005400000000000155
559,4,500,0.04050000000000065,0.005220000000000082,0.005400000000000155,0.005400000000000155
560,4,500,0.04135000000000067,0.005333333333333417,0.005750000000000165,0.005750000000000165
561,4,500,0.041150000000000665,0.005283333333333414,0.005700000000000163,0.005700000000000163
562,4,500,0.0424000000000007,0.0054500000000000885,0.005750000000000165,0.005750000000000165
563,4,500,0.04170000000000068,0.005356666666666752,0.005750000000000165,0.005750000000000165
564,4,500,0.04050000000000065,0.005220000000000082,0.005400000000000155,0.005400000000000155
565,4,500,0.04310000000000072,0.005543333333333424,0.006050000000000173,0.006050000000000173
566,4,500,0.04050000000000065,0.005220000000000082,0.005400000000000155,0.005400000000000155
567,4,500,0.04050000000000065,0.005220000000000082,0.005400000000000155,0.005400000000000155
568,4,500,0.04050000000000065,0.005220000000000082,0.005400000000000155,0.005400000000000155
569,4,500,0.041100000000000664,0.005276666666666748,0.005650000000000162,0.005650000000000162
570,4,500,0.04050000000000065,0.005220000000000082,0.005400000000000155,0.005400000000000155
571,4,500,0.04050000000000065,0.005220000000000082,0.005400000000000155,0.005400000000000155
572,4,500,0.04050000000000065,0.005220000000000082,0.005400000000000155,0.005400000000000155
573,4,500,0.04305000000000072,0.005536666666666757,0.005750000000000165,0.005750000000000165
574,4,500,0.041150000000000665,0.005283333333333414,0.005700000000000163,0.005700000000000163
575,4,500,0.04050000000000065,0.005220000000000082,0.005400000000000155,0.005400000000000155
576,4,500,0.04050000000000065,0.005220000000000082,0.005400000000000155,0.005400000000000155
577,4,500,0.04050000000000065,0.005220000000000082,0.005400000000000155,0.005400000000000155
578,4,500,0.041150000000000665,0.005293333333333416,0.005750000000000165,0.005750000000000165
579,4,500,0.04050000000000065,0.005220000000000082,0.005400000000000155,0.005400000000000155
580,4,500,0.04050000000000065,0.005220000000000082,0.005400000000000155,0.005400000000000155
581,4,500,0.042200000000000695,0.0054233333333334206,0.005750000000000165,0.005750000000000165
582,4,500,0.04120000000000067,0.005290000000000084,0.005750000000000165,0.005750000000000165
583,4,500,0.042200000000000695,0.005400000000000085,0.006050000000000173,0.006050000000000173
584,4,500,0.042850000000000714,0.0055100000000000895,0.005750000000000165,0.005750000000000165
585,4,500,0.04130000000000067,0.005326666666666752,0.005750000000000165,0.005750000000000165
586,4,500,0.041800000000000684,0.005370000000000086,0.005750000000000165,0.005750000000000165
587,4,500,0.04050000000000065,0.005220000000000082,0.005400000000000155,0.005400000000000155
588,4,500,0.04050000000000065,0.005220000000000082,0.005400000000000155,0.005400000000000155
589,4,500,0.04135000000000067,0.005310000000000084,0.005750000000000165,0.005750000000000165
590,4,500,0.04050000000000065,0.005220000000000082,0.005400000000000155,0.005400000000000155
591,4,500,0.04315000000000072,0.005550000000000091,0.005750000000000165,0.005750000000000165
592,4,500,0.04050000000000065,0.005220000000000082,0.005400000000000155,0.005400000000000155
593,4,500,0.04050000000000065,0.005220000000000082,0.005400000000000155,0.005400000000000155
594,4,500,0.041800000000000684,0.005370000000000086,0.005750000000000165,0.005750000000000165
595,4,500,0.04170000000000068,0.005356666666666752,0.005750000000000165,0.005750000000000165
596,4,500,0.042550000000000705,0.0054700000000000885,0.005750000000000165,0.005750000000000165
597,4,500,0.04050000000000065,0.005220000000000082,0.005400000000000155,0.005400000000000155
598,4,500,0.04105000000000066,0.005270000000000082,0.00560000000000016,0.00560000000000016
599,4,500,0.04050000000000065,0.005220000000000082,0.005400000000000155,0.005400000000000155
600,4,500,0.04050000000000065,0.005220000000000082,0.005400000000000155,0.005400000000000155
601,4,500,0.04050000000000065,0.005220000000000082,0.005400000000000155,0.005400000000000155
602,4,500,0.04050000000000065,0.005220000000000082,0.005400000000000155,0.005400000000000155
603,4,500,0.04050000000000065,0.005220000000000082,0.005400000000000155,0.005400000000000155
604,4,500,0.04175000000000068,0.005363333333333419,0.005750000000000165,0.005750000000000165
605,4,500,0.04050000000000065,0.005220000000000082,0.005400000000000155,0.005400000000000155
606,4,500,0.0424000000000007,0.005466666666666755,0.005750000000000165,0.005750000000000165
607,4,500,0.04050000000000065,0.005220000000000082,0.005400000000000155,0.005400000000000155
608,4,500,0.04050000000000065,0.005220000000000082,0.005400000000000155,0.005400000000000155
609,4,500,0.04050000000000065,0.005220000000000082,0.005400000000000155,0.005400000000000155
610,4,500,0.04315000000000072,0.005550000000000091,0.005750000000000165,0.005750000000000165
611,4,500,0.04050000000000065,0.005220000000000082,0.005400000000000155,0.005400000000000155
612,4,500,0.04050000000000065,0.005220000000000082,0.005400000000000155,0.005400000000000155
613,4,500,0.04125000000000067,0.005296666666666751,0.005750000000000165,0.005750000000000165
614,4,500,0.04050000000000065,0.005220000000000082,0.005400000000000155,0.005400000000000155
615,4,500,0.04050000000000065,0.005220000000000082,0.005400000000000155,0.005400000000000155
616,4,500,0.04050000000000065,0.005220000000000082,0.005400000000000155,0.005400000000000155
617,4,500,0.041100000000000664,0.005300000000000084,0.005700000000000163,0.005700000000000163
618,4,500,0.04315000000000072,0.005550000000000091,0.005750000000000165,0.005750000000000165
619,4,500,0.044300000000000755,0.005680000000000093,0.006050000000000173,0.006050000000000173
620,4,500,0.04050000000000065,0.005220000000000082,0.005400000000000155,0.005400000000000155
621,4,500,0.04210000000000069,0.005410000000000087,0.005750000000000165,0.005750000000000165
622,4,500,0.04050000000000065,0.005220000000000082,0.005400000000000155,0.005400000000000155
623,4,500,0.04310000000000072,0.005543333333333424,0.005750000000000165,0.005750000000000165
624,4,500,0.04050000000000065,0.005220000000000082,0.005400000000000155,0.005400000000000155
625,4,500,0.04050000000000065,0.005220000000000082,0.005400000000000155,0.005400000000000155
626,4,500,0.04300000000000072,0.00553000000000009,0.005750000000000165,0.005750000000000165
627,4,500,0.04050000000000065,0.005220000000000082,0.005400000000000155,0.005400000000000155
628,4,500,0.04205000000000069,0.0054033333333334205,0.005750000000000165,0.005750000000000165
629,4,500,0.0422500000000007,0.005406666666666754,0.005900000000000169,0.005900000000000169
630,4,500,0.041450000000000674,0.005346666666666751,0.005750000000000165,0.005750000000000165
631,4,500,0.04050000000000065,0.005220000000000082,0.005400000000000155,0.005400000000000155
632,4,500,0.04050000000000065,0.005220000000000082,0.005400000000000155,0.005400000000000155
633,4,500,0.04050000000000065,0.005220000000000082,0.005400000000000155,0.005400000000000155
634,4,500,0.04260000000000071,0.005493333333333423,0.005750000000000165,0.005750000000000165
635,4,500,0.041100000000000664,0.005276666666666748,0.005650000000000162,0.005650000000000162
636,4,500,0.04050000000000065,0.005220000000000082,0.005400000000000155,0.005400000000000155
637,4,500,0.04270000000000071,0.005490000000000089,0.005750000000000165,0.005750000000000165
638,4,500,0.04050000000000065,0.005220000000000082,0.005400000000000155,0.005400000000000155
639,4,500,0.04050000000000065,0.005220000000000082,0.005400000000000155,0.005400000000000155
640,4,500,0.04070000000000065,0.0052333333333334136,0.005400000000000155,0.005400000000000155
641,4,500,0.04050000000000065,0.005220000000000082,0.005400000000000155,0.005400000000000155
642,4,500,0.04050000000000065,0.005220000000000082,0.005400000000000155,0.005400000000000155
643,4,500,0.04050000000000065,0.005220000000000082,0.005400000000000155,0.005400000000000155
644,4,500,0.04050000000000065,0.005220000000000082,0.005400000000000155,0.005400000000000155
645,4,500,0.04200000000000069,0.005420000000000088,0.005750000000000165,0.005750000000000165
646,4,500,0.04050000000000065,0.005220000000000082,0.005400000000000155,0.005400000000000155
647,4,500,0.04105000000000066,0.005270000000000082,0.00560000000000016,0.00560000000000016
648,4,500,0.04175000000000068,0.005363333333333419,0.005750000000000165,0.005750000000000165
649,4,500,0.0423000000000007,0.005456666666666756,0.005750000000000165,0.005750000000000165
650,4,500,0.04050000000000065,0.005220000000000082,0.005400000000000155,0.005400000000000155
651,4,500,0.043200000000000724,0.005556666666666757,0.005750000000000165,0.005750000000000165
652,4,500,0.04200000000000069,0.0053966666666667535,0.005750000000000165,0.005750000000000165
653,4,500,0.04190000000000069,0.005406666666666754,0.005750000000000165,0.005750000000000165
654,4,500,0.04050000000000065,0.005220000000000082,0.005400000000000155,0.005400000000000155
655,4,500,0.04050000000000065,0.005220000000000082,0.005400000000000155,0.005400000000000155
656,4,500,0.04270000000000071,0.005490000000000089,0.005750000000000165,0.005750000000000165
657,4,500,0.04050000000000065,0.005220000000000082,0.005400000000000155,0.005400000000000155
658,4,500,0.04050000000000065,0.005220000000000082,0.005400000000000155,0.005400000000000155
659,4,500,0.04050000000000065,0.005220000000000082,0.005400000000000155,0.005400000000000155
660,4,500,0.04050000000000065,0.005220000000000082,0.005400000000000155,0.005400000000000155
661,4,500,0.04050000000000065,0.005220000000000082,0.005400000000000155,0.005400000000000155
662,4,500,0.041800000000000684,0.005370000000000086,0.005750000000000165,0.005750000000000165
663,4,500,0.04050000000000065,0.005220000000000082,0.005400000000000155,0.005400000000000155
664,4,500,0.04050000000000065,0.005220000000000082,0.005400000000000155,0.005400000000000155
665,4,500,0.04270000000000071,0.005490000000000089,0.005750000000000165,0.005750000000000165
666,4,500,0.04050000000000065,0.005220000000000082,0.005400000000000155,0.005400000000000155
667,4,500,0.04130000000000067,0.005303333333333418,0.005750000000000165,0.005750000000000165
668,4,500,0.04100000000000066,0.00528666666666675,0.005750000000000165,0.005750000000000165
669,4,500,0.04310000000000072,0.005543333333333424,0.005750000000000165,0.005750000000000165
670,4,500,0.04050000000000065,0.005220000000000082,0.005400000000000155,0.005400000000000155
671,4,500,0.04280000000000071,0.005503333333333423,0.005750000000000165,0.005750000000000165
672,4,500,0.042150000000000694,0.005416666666666754,0.005750000000000165,0.005750000000000165
673,4,500,0.04050000000000065,0.005220000000000082,0.005400000000000155,0.005400000000000155
674,4,500,0.04300000000000072,0.00553000000000009,0.005750000000000165,0.005750000000000165
675,4,500,0.04050000000000065,0.005220000000000082,0.005400000000000155,0.005400000000000155
676,4,500,0.04310000000000072,0.005543333333333424,0.005750000000000165,0.005750000000000165
677,4,500,0.04060000000000065,0.005226666666666748,0.005400000000000155,0.005400000000000155
678,4,500,0.04050000000000065,0.005220000000000082,0.005400000000000155,0.005400000000000155
679,4,500,0.04050000000000065,0.005220000000000082,0.005400000000000155,0.005400000000000155
680,4,500,0.04050000000000065,0.005220000000000082,0.005400000000000155,0.005400000000000155
681,4,500,0.04050000000000065,0.005220000000000082,0.005400000000000155,0.005400000000000155
682,4,500,0.04130000000000067,0.005326666666666752,0.005749999999999965,0.005749999999999965
683,4,500,0.04160000000000068,0.005343333333333419,0.005750000000000165,0.005750000000000165
684,4,500,0.0424500000000007,0.0054566666666667546,0.005750000000000165,0.005750000000000165
685,4,500,0.04090000000000066,0.00525000000000008,0.005450000000000156,0.005450000000000156
686,4,500,0.04050000000000065,0.005220000000000082,0.005400000000000155,0.005400000000000155
687,4,500,0.042200000000000695,0.005446666666666755,0.005750000000000165,0.005750000000000165
688,4,500,0.04050000000000065,0.005220000000000082,0.005400000000000155,0.005400000000000155
689,4,500,0.040750000000000654,0.005253333333333415,0.005549999999999966,0.005549999999999966
690,4,500,0.04050000000000065,0.005220000000000082,0.005400000000000155,0.005400000000000155
691,4,500,0.04265000000000071,0.0054833333333334225,0.005750000000000165,0.005750000000000165
692,4,500,0.04085000000000066,0.005243333333333415,0.005400000000000155,0.005400000000000155
693,4,500,0.0423500000000007,0.005463333333333422,0.005750000000000165,0.005750000000000165
694,4,500,0.04050000000000065,0.005220000000000082,0.005400000000000155,0.005400000000000155
695,4,500,0.04050000000000065,0.005220000000000082,0.005400000000000155,0.005400000000000155
696,4,500,0.041450000000000674,0.005346666666666751,0.005750000000000014,0.005750000000000014
697,4,500,0.04125000000000067,0.005296666666666751,0.005750000000000165,0.005750000000000165
698,4,500,0.04050000000000065,0.005220000000000082,0.005400000000000155,0.005400000000000155
699,4,500,0.04050000000000065,0.005220000000000082,0.005400000000000155,0.005400000000000155
700,4,500,0.04050000000000065,0.005220000000000082,0.005400000000000155,0.005400000000000155
701,4,500,0.04050000000000065,0.005220000000000082,0.005400000000000155,0.005400000000000155
702,4,500,0.04050000000000065,0.005220000000000082,0.005400000000000155,0.005400000000000155
703,4,500,0.04165000000000068,0.005350000000000086,0.005750000000000165,0.005750000000000165
704,4,500,0.04050000000000065,0.005220000000000082,0.005400000000000155,0.005400000000000155
705,4,500,0.04265000000000071,0.0054833333333334225,0.005750000000000165,0.005750000000000165
706,4,500,0.04050000000000065,0.005220000000000082,0.005400000000000155,0.005400000000000155
707,4,500,0.04125000000000067,0.005296666666666751,0.005750000000000165,0.005750000000000165
708,4,500,0.04050000000000065,0.005220000000000082,0.005400000000000155,0.005400000000000155
709,4,500,0.04050000000000065,0.005220000000000082,0.005400000000000155,0.005400000000000155
710,4,500,0.04050000000000065,0.005220000000000082,0.005400000000000155,0.005400000000000155
711,4,500,0.041500000000000675,0.005330000000000085,0.005750000000000165,0.005750000000000165
712,4,500,0.04050000000000065,0.005220000000000082,0.005400000000000155,0.005400000000000155
713,4,500,0.04135000000000067,0.005333333333333417,0.005750000000000165,0.005750000000000165
714,4,500,0.04050000000000065,0.005220000000000082,0.005400000000000155,0.005400000000000155
715,4,500,0.04050000000000065,0.005220000000000082,0.005400000000000155,0.005400000000000155
716,4,500,0.04050000000000065,0.005220000000000082,0.005400000000000155,0.005400000000000155
717,4,500,0.04050000000000065,0.005220000000000082,0.005400000000000155,0.005400000000000155
718,4,500,0.04295000000000072,0.005523333333333423,0.005750000000000165,0.005750000000000165
719,4,500,0.04050000000000065,0.005220000000000082,0.005400000000000155,0.005400000000000155
720,4,500,0.04050000000000065,0.005220000000000082,0.005400000000000155,0.005400000000000155
721,4,500,0.04100000000000066,0.005263333333333416,0.005550000000000159,0.005550000000000159
722,4,500,0.04050000000000065,0.005220000000000082,0.005400000000000155,0.005400000000000155
723,4,500,0.04050000000000065,0.005220000000000082,0.005400000000000155,0.005400000000000155
724,4,500,0.04050000000000065,0.005220000000000082,0.005400000000000155,0.005400000000000155
725,4,500,0.0424500000000007,0.0054566666666667546,0.005750000000000165,0.005750000000000165
726,4,500,0.04210000000000069,0.005410000000000087,0.005750000000000165,0.005750000000000165
727,4,500,0.04050000000000065,0.005220000000000082,0.005400000000000155,0.005400000000000155
728,4,500,0.04050000000000065,0.005220000000000082,0.005400000000000155,0.005400000000000155
729,4,500,0.04050000000000065,0.005220000000000082,0.005400000000000155,0.005400000000000155
730,4,500,0.04050000000000065,0.005220000000000082,0.005400000000000155,0.005400000000000155
731,4,500,0.04130000000000067,0.005303333333333418,0.005750000000000165,0.005750000000000165
732,4,500,0.042500000000000704,0.0054633333333334215,0.005750000000000165,0.005750000000000165
733,4,500,0.042200000000000695,0.0054233333333334206,0.005750000000000165,0.005750000000000165
734,4,500,0.041850000000000685,0.005376666666666753,0.005750000000000165,0.005750000000000165
735,4,500,0.04050000000000065,0.005220000000000082,0.005400000000000155,0.005400000000000155
736,4,500,0.042200000000000695,0.0054233333333334206,0.005750000000000165,0.005750000000000165
737,4,500,0.04050000000000065,0.005220000000000082,0.005400000000000155,0.005400000000000155
738,4,500,0.04130000000000067,0.005303333333333418,0.005750000000000165,0.005750000000000165
739,4,500,0.04050000000000065,0.005220000000000082,0.005400000000000155,0.005400000000000155
740,4,500,0.04050000000000065,0.005220000000000082,0.005400000000000155,0.005400000000000155
741,4,500,0.04105000000000066,0.005270000000000082,0.00560000000000016,0.00560000000000016
742,4,500,0.04050000000000065,0.005220000000000082,0.005400000000000155,0.005400000000000155
743,4,500,0.04050000000000065,0.005220000000000082,0.005400000000000155,0.005400000000000155
744,4,500,0.04050000000000065,0.005220000000000082,0.005400000000000155,0.005400000000000155
745,4,500,0.04050000000000065,0.005220000000000082,0.005400000000000155,0.005400000000000155
746,4,500,0.04050000000000065,0.005220000000000082,0.005400000000000155,0.005400000000000155
747,4,500,0.04050000000000065,0.005220000000000082,0.005400000000000155,0.005400000000000155
748,4,500,0.042550000000000705,0.005493333333333424,0.005750000000000165,0.005750000000000165
749,4,500,0.04050000000000065,0.005220000000000082,0.005400000000000155,0.005400000000000155
750,4,500,0.042550000000000705,0.0054700000000000885,0.005750000000000165,0.005750000000000165
751,4,500,0.04050000000000065,0.005220000000000082,0.005400000000000155,0.005400000000000155
752,4,500,0.04275000000000071,0.005496666666666756,0.005750000000000165,0.005750000000000165
753,4,500,0.04295000000000072,0.005523333333333423,0.005750000000000165,0.005750000000000165
754,4,500,0.04050000000000065,0.005220000000000082,0.005400000000000155,0.005400000000000155
755,4,500,0.04050000000000065,0.005220000000000082,0.005400000000000155,0.005400000000000155
756,4,500,0.04135000000000067,0.005333333333333417,0.005750000000000165,0.005750000000000165
757,4,500,0.04315000000000072,0.005550000000000091,0.005750000000000165,0.005750000000000165
758,4,500,0.04050000000000065,0.005220000000000082,0.005400000000000155,0.005400000000000155
759,4,500,0.04050000000000065,0.005220000000000082,0.005400000000000155,0.005400000000000155
760,4,500,0.04090000000000066,0.00525000000000008,0.005450000000000156,0.005450000000000156
761,4,500,0.041800000000000684,0.00539333333333342,0.005750000000000165,0.005750000000000165
762,4,500,0.04155000000000068,0.005336666666666752,0.005750000000000165,0.005750000000000165
763,4,500,0.04050000000000065,0.005220000000000082,0.005400000000000155,0.005400000000000155
764,4,500,0.04155000000000068,0.005336666666666752,0.005750000000000165,0.005750000000000165
765,4,500,0.04195000000000069,0.0053900000000000866,0.005750000000000165,0.005750000000000165
766,4,500,0.04195000000000069,0.0053900000000000866,0.005750000000000165,0.005750000000000165
767,4,500,0.04175000000000068,0.005363333333333419,0.005750000000000165,0.005750000000000165
768,4,500,0.042200000000000695,0.0054233333333334206,0.005750000000000165,0.005750000000000165
769,4,500,0.04050000000000065,0.005220000000000082,0.005400000000000155,0.005400000000000155
770,4,500,0.04085000000000066,0.005243333333333415,0.005400000000000155,0.005400000000000155
771,4,500,0.04050000000000065,0.005220000000000082,0.005400000000000155,0.005400000000000155
772,4,500,0.04050000000000065,0.005220000000000082,0.005400000000000155,0.005400000000000155
773,4,500,0.04060000000000065,0.005226666666666748,0.005400000000000155,0.005400000000000155
774,4,500,0.04050000000000065,0.005220000000000082,0.005400000000000155,0.005400000000000155
775,4,500,0.0423500000000007,0.0054433333333334215,0.005750000000000165,0.005750000000000165
776,4,500,0.04050000000000065,0.005220000000000082,0.005400000000000155,0.005400000000000155
777,4,500,0.04050000000000065,0.005220000000000082,0.005400000000000155,0.005400000000000155
778,4,500,0.042550000000000705,0.0054700000000000885,0.005750000000000165,0.005750000000000165
779,4,500,0.04050000000000065,0.005220000000000082,0.005400000000000155,0.005400000000000155
780,4,500,0.04050000000000065,0.005220000000000082,0.005400000000000155,0.005400000000000155
781,4,500,0.04050000000000065,0.005220000000000082,0.005400000000000155,0.005400000000000155
782,4,500,0.04050000000000065,0.005220000000000082,0.005400000000000155,0.005400000000000155
783,4,500,0.0424500000000007,0.0054566666666667546,0.005750000000000165,0.005750000000000165
784,4,500,0.04050000000000065,0.005220000000000082,0.005400000000000155,0.005400000000000155
785,4,500,0.04160000000000068,0.005343333333333419,0.005750000000000165,0.005750000000000165
786,4,500,0.04140000000000067,0.005316666666666751,0.005750000000000165,0.005750000000000165
787,4,500,0.041850000000000685,0.005376666666666753,0.005750000000000165,0.005750000000000165
788,4,500,0.04260000000000071,0.0054766666666667555,0.005750000000000165,0.005750000000000165
789,4,500,0.04100000000000066,0.005280000000000084,0.005750000000000165,0.005750000000000165
790,4,500,0.04050000000000065,0.005220000000000082,0.005400000000000155,0.005400000000000155
791,4,500,0.042150000000000694,0.005440000000000089,0.005750000000000165,0.005750000000000165
792,4,500,0.04090000000000066,0.00525000000000008,0.005450000000000156,0.005450000000000156
793,4,500,0.04050000000000065,0.005220000000000082,0.005400000000000155,0.005400000000000155
794,4,500,0.04050000000000065,0.005220000000000082,0.005400000000000155,0.005400000000000155
795,4,500,0.04050000000000065,0.005220000000000082,0.005400000000000155,0.005400000000000155
796,4,500,0.04050000000000065,0.005220000000000082,0.005400000000000155,0.005400000000000155
797,4,500,0.04280000000000071,0.005513333333333424,0.005750000000000165,0.005750000000000165
798,4,500,0.04050000000000065,0.005220000000000082,0.005400000000000155,0.005400000000000155
799,4,500,0.04050000000000065,0.005220000000000082,0.005400000000000155,0.005400000000000155
800,4,500,0.04050000000000065,0.005220000000000082,0.005400000000000155,0.005400000000000155
801,4,500,0.042150000000000694,0.005416666666666754,0.005750000000000165,0.005750000000000165
802,4,500,0.04105000000000066,0.005270000000000082,0.00560000000000016,0.00560000000000016
803,4,500,0.04105000000000066,0.005270000000000082,0.00560000000000016,0.00560000000000016
804,4,500,0.041800000000000684,0.005370000000000086,0.005750000000000165,0.005750000000000165
805,4,500,0.04305000000000072,0.005536666666666757,0.005750000000000165,0.005750000000000165
806,4,500,0.04050000000000065,0.005220000000000082,0.005400000000000155,0.005400000000000155
807,4,500,0.04270000000000071,0.005490000000000089,0.005750000000000165,0.005750000000000165
808,4,500,0.04050000000000065,0.005220000000000082,0.005400000000000155,0.005400000000000155
809,4,500,0.0423000000000007,0.0054366666666667545,0.005750000000000165,0.005750000000000165
810,4,500,0.04050000000000065,0.005220000000000082,0.005400000000000155,0.005400000000000155
811,4,500,0.04050000000000065,0.005220000000000082,0.005400000000000155,0.005400000000000155
812,4,500,0.04050000000000065,0.005220000000000082,0.005400000000000155,0.005400000000000155
813,4,500,0.042200000000000695,0.0054233333333334206,0.005750000000000165,0.005750000000000165
814,4,500,0.04060000000000065,0.005226666666666748,0.005400000000000155,0.005400000000000155
815,4,500,0.04050000000000065,0.005220000000000082,0.005400000000000155,0.005400000000000155
816,4,500,0.040800000000000655,0.005240000000000081,0.005400000000000155,0.005400000000000155
817,4,500,0.04305000000000072,0.005536666666666757,0.005750000000000165,0.005750000000000165
818,4,500,0.04310000000000072,0.005543333333333424,0.005750000000000165,0.005750000000000165
819,4,500,0.04205000000000069,0.005403333333333419,0.005750000000000165,0.005750000000000165
820,4,500,0.04050000000000065,0.005220000000000082,0.005400000000000155,0.005400000000000155
821,4,500,0.04140000000000067,0.005316666666666751,0.005750000000000165,0.005750000000000165
822,4,500,0.041850000000000685,0.005376666666666753,0.005750000000000165,0.005750000000000165
823,4,500,0.04315000000000072,0.005550000000000091,0.005750000000000165,0.005750000000000165
824,4,500,0.04050000000000065,0.005220000000000082,0.005400000000000155,0.005400000000000155
825,4,500,0.04050000000000065,0.005220000000000082,0.005400000000000155,0.005400000000000155
826,4,500,0.04050000000000065,0.005220000000000082,0.005400000000000155,0.005400000000000155
827,4,500,0.04050000000000065,0.005220000000000082,0.005400000000000155,0.005400000000000155
828,4,500,0.04275000000000071,0.005496666666666756,0.005750000000000165,0.005750000000000165
829,4,500,0.04050000000000065,0.005220000000000082,0.005400000000000155,0.005400000000000155
830,4,500,0.04195000000000069,0.0053900000000000866,0.005750000000000165,0.005750000000000165
831,4,500,0.04050000000000065,0.005220000000000082,0.005400000000000155,0.005400000000000155
832,4,500,0.04140000000000067,0.005316666666666751,0.005750000000000165,0.005750000000000165
833,4,500,0.04170000000000068,0.005356666666666752,0.005750000000000165,0.005750000000000165
834,4,500,0.04050000000000065,0.005220000000000082,0.005400000000000155,0.005400000000000155
835,4,500,0.04105000000000066,0.005270000000000082,0.00560000000000016,0.00560000000000016
836,4,500,0.04050000000000065,0.005220000000000082,0.005400000000000155,0.005400000000000155
837,4,500,0.04050000000000065,0.005220000000000082,0.005400000000000155,0.005400000000000155
838,4,500,0.04060000000000065,0.005226666666666748,0.005400000000000155,0.005400000000000155
839,4,500,0.04050000000000065,0.005220000000000082,0.005400000000000155,0.005400000000000155
840,4,500,0.041150000000000665,0.005283333333333414,0.005700000000000163,0.005700000000000163
841,4,500,0.04050000000000065,0.005220000000000082,0.005400000000000155,0.005400000000000155
842,4,500,0.04050000000000065,0.005220000000000082,0.005400000000000155,0.005400000000000155
843,4,500,0.04125000000000067,0.005296666666666751,0.005750000000000165,0.005750000000000165
844,4,500,0.04050000000000065,0.005220000000000082,0.005400000000000155,0.005400000000000155
845,4,500,0.04050000000000065,0.005220000000000082,0.005400000000000155,0.005400000000000155
846,4,500,0.04095000000000066,0.005280000000000082,0.005749999999999993,0.005749999999999993
847,4,500,0.04195000000000069,0.0053900000000000866,0.005750000000000165,0.005750000000000165
848,4,500,0.041500000000000675,0.005353333333333419,0.005750000000000019,0.005750000000000019
849,4,500,0.04140000000000067,0.005316666666666751,0.005750000000000165,0.005750000000000165
850,4,500,0.04270000000000071,0.005490000000000089,0.005750000000000165,0.005750000000000165
851,4,500,0.04210000000000069,0.005410000000000087,0.005750000000000165,0.005750000000000165
852,4,500,0.04050000000000065,0.005220000000000082,0.005400000000000155,0.005400000000000155
853,4,500,0.04050000000000065,0.005220000000000082,0.005400000000000155,0.005400000000000155
854,4,500,0.04300000000000072,0.00553000000000009,0.005750000000000165,0.005750000000000165
855,4,500,0.04050000000000065,0.005220000000000082,0.005400000000000155,0.005400000000000155
856,4,500,0.04050000000000065,0.005220000000000082,0.005400000000000155,0.005400000000000155
857,4,500,0.04155000000000068,0.005336666666666751,0.005749999999999965,0.005749999999999965
858,4,500,0.04125000000000067,0.005296666666666751,0.005750000000000165,0.005750000000000165
859,4,500,0.04050000000000065,0.005220000000000082,0.005400000000000155,0.005400000000000155
860,4,500,0.04050000000000065,0.005220000000000082,0.005400000000000155,0.005400000000000155
861,4,500,0.041450000000000674,0.005346666666666751,0.005750000000000165,0.005750000000000165
862,4,500,0.04050000000000065,0.005220000000000082,0.005400000000000155,0.005400000000000155
863,4,500,0.042500000000000704,0.0054633333333334215,0.005750000000000165,0.005750000000000165
864,4,500,0.04050000000000065,0.005220000000000082,0.005400000000000155,0.005400000000000155
865,4,500,0.042550000000000705,0.005470000000000089,0.005750000000000165,0.005750000000000165
866,4,500,0.04050000000000065,0.005220000000000082,0.005400000000000155,0.005400000000000155
867,4,500,0.04050000000000065,0.005220000000000082,0.005400000000000155,0.005400000000000155
868,4,500,0.04050000000000065,0.005220000000000082,0.005400000000000155,0.005400000000000155
869,4,500,0.04050000000000065,0.005220000000000082,0.005400000000000155,0.005400000000000155
870,4,500,0.04050000000000065,0.005220000000000082,0.005400000000000155,0.005400000000000155
871,4,500,0.04050000000000065,0.005220000000000082,0.005400000000000155,0.005400000000000155
872,4,500,0.04050000000000065,0.005220000000000082,0.005400000000000155,0.005400000000000155
873,4,500,0.04050000000000065,0.005220000000000082,0.005400000000000155,0.005400000000000155
874,4,500,0.04270000000000071,0.005490000000000089,0.005750000000000165,0.005750000000000165
875,4,500,0.04050000000000065,0.005220000000000082,0.005400000000000155,0.005400000000000155
876,4,500,0.04050000000000065,0.005220000000000082,0.005400000000000155,0.005400000000000155
877,4,500,0.04050000000000065,0.005220000000000082,0.005400000000000155,0.005400000000000155
878,4,500,0.0423500000000007,0.0054433333333334215,0.005750000000000165,0.005750000000000165
879,4,500,0.04050000000000065,0.005220000000000082,0.005400000000000155,0.005400000000000155
880,4,500,0.043200000000000724,0.005556666666666757,0.005750000000000165,0.005750000000000165
881,4,500,0.04050000000000065,0.005220000000000082,0.005400000000000155,0.005400000000000155
882,4,500,0.04165000000000068,0.005350000000000086,0.005750000000000165,0.005750000000000165
883,4,500,0.04050000000000065,0.005220000000000082,0.005400000000000155,0.005400000000000155
884,4,500,0.04090000000000066,0.00525000000000008,0.005450000000000156,0.005450000000000156
885,4,500,0.04050000000000065,0.005220000000000082,0.005400000000000155,0.005400000000000155
886,4,500,0.04050000000000065,0.005220000000000082,0.005400000000000155,0.005400000000000155
887,4,500,0.04050000000000065,0.005220000000000082,0.005400000000000155,0.005400000000000155
888,4,500,0.04105000000000066,0.005293333333333416,0.005700000000000163,0.005700000000000163
889,4,500,0.04130000000000067,0.005326666666666752,0.005750000000000165,0.005750000000000165
890,4,500,0.04050000000000065,0.005220000000000082,0.005400000000000155,0.005400000000000155
891,4,500,0.042500000000000704,0.0054633333333334215,0.005750000000000165,0.005750000000000165
892,4,500,0.04050000000000065,0.005220000000000082,0.005400000000000155,0.005400000000000155
893,4,500,0.04050000000000065,0.005220000000000082,0.005400000000000155,0.005400000000000155
894,4,500,0.04050000000000065,0.005220000000000082,0.005400000000000155,0.005400000000000155
895,4,500,0.04050000000000065,0.005220000000000082,0.005400000000000155,0.005400000000000155
896,4,500,0.04050000000000065,0.005220000000000082,0.005400000000000155,0.005400000000000155
897,4,500,0.04050000000000065,0.005220000000000082,0.005400000000000155,0.005400000000000155
898,4,500,0.04170000000000068,0.005356666666666752,0.005750000000000165,0.005750000000000165
899,4,500,0.04055000000000065,0.005223333333333415,0.005400000000000155,0.005400000000000155
900,4,500,0.04050000000000065,0.005220000000000082,0.005400000000000155,0.005400000000000155
901,4,500,0.04050000000000065,0.005220000000000082,0.005400000000000155,0.005400000000000155
902,4,500,0.04050000000000065,0.005220000000000082,0.005400000000000155,0.005400000000000155
903,4,500,0.04050000000000065,0.005220000000000082,0.005400000000000155,0.005400000000000155
904,4,500,0.04050000000000065,0.005220000000000082,0.005400000000000155,0.005400000000000155
905,4,500,0.04050000000000065,0.005220000000000082,0.005400000000000155,0.005400000000000155
906,4,500,0.04050000000000065,0.005220000000000082,0.005400000000000155,0.005400000000000155
907,4,500,0.0423000000000007,0.005460000000000087,0.005750000000000165,0.005750000000000165
908,4,500,0.04315000000000072,0.005550000000000091,0.005750000000000165,0.005750000000000165
909,4,500,0.04300000000000072,0.00553000000000009,0.005750000000000165,0.005750000000000165
910,4,500,0.04090000000000066,0.00525000000000008,0.005450000000000156,0.005450000000000156
911,4,500,0.04050000000000065,0.005220000000000082,0.005400000000000155,0.005400000000000155
912,4,500,0.04050000000000065,0.005220000000000082,0.005400000000000155,0.005400000000000155
913,4,500,0.04050000000000065,0.005220000000000082,0.005400000000000155,0.005400000000000155
914,4,500,0.04050000000000065,0.005220000000000082,0.005400000000000155,0.005400000000000155
915,4,500,0.04050000000000065,0.005220000000000082,0.005400000000000155,0.005400000000000155
916,4,500,0.04050000000000065,0.005220000000000082,0.005400000000000155,0.005400000000000155
917,4,500,0.04050000000000065,0.005220000000000082,0.005400000000000155,0.005400000000000155
918,4,500,0.0422500000000007,0.0054300000000000875,0.005750000000000165,0.005750000000000165
919,4,500,0.0423000000000007,0.0054366666666667545,0.005750000000000165,0.005750000000000165
920,4,500,0.04050000000000065,0.005220000000000082,0.005400000000000155,0.005400000000000155
921,4,500,0.041150000000000665,0.005283333333333414,0.005700000000000163,0.005700000000000163
922,4,500,0.04050000000000065,0.005220000000000082,0.005400000000000155,0.005400000000000155
923,4,500,0.04050000000000065,0.005220000000000082,0.005400000000000155,0.005400000000000155
924,4,500,0.04050000000000065,0.005220000000000082,0.005400000000000155,0.005400000000000155
925,4,500,0.04050000000000065,0.005220000000000082,0.005400000000000155,0.005400000000000155
926,4,500,0.04095000000000066,0.0052566666666667506,0.0055000000000001575,0.0055000000000001575
927,4,500,0.042900000000000715,0.0055166666666667565,0.005750000000000165,0.005750000000000165
928,4,500,0.04050000000000065,0.005220000000000082,0.005400000000000155,0.005400000000000155
929,4,500,0.04050000000000065,0.005220000000000082,0.005400000000000155,0.005400000000000155
930,4,500,0.04050000000000065,0.005220000000000082,0.005400000000000155,0.005400000000000155
931,4,500,0.043250000000000725,0.005563333333333424,0.005750000000000165,0.005750000000000165
932,4,500,0.04050000000000065,0.005220000000000082,0.005400000000000155,0.005400000000000155
933,4,500,0.04050000000000065,0.005220000000000082,0.005400000000000155,0.005400000000000155
934,4,500,0.043200000000000724,0.005556666666666757,0.005750000000000165,0.005750000000000165
935,4,500,0.04050000000000065,0.005220000000000082,0.005400000000000155,0.005400000000000155
936,4,500,0.04050000000000065,0.005220000000000082,0.005400000000000155,0.005400000000000155
937,4,500,0.04050000000000065,0.005220000000000082,0.005400000000000155,0.005400000000000155
938,4,500,0.04310000000000072,0.005543333333333424,0.005750000000000165,0.005750000000000165
939,4,500,0.04190000000000069,0.00538333333333342,0.005750000000000165,0.005750000000000165
940,4,500,0.04050000000000065,0.005220000000000082,0.005400000000000155,0.005400000000000155
941,4,500,0.04050000000000065,0.005220000000000082,0.005400000000000155,0.005400000000000155
942,4,500,0.04050000000000065,0.005220000000000082,0.005400000000000155,0.005400000000000155
943,4,500,0.04050000000000065,0.005220000000000082,0.005400000000000155,0.005400000000000155
944,4,500,0.04050000000000065,0.005220000000000082,0.005400000000000155,0.005400000000000155
945,4,500,0.04125000000000067,0.005296666666666751,0.005750000000000165,0.005750000000000165
946,4,500,0.04050000000000065,0.005220000000000082,0.005400000000000155,0.005400000000000155
947,4,500,0.042150000000000694,0.005420000000000088,0.005750000000000165,0.005750000000000165
948,4,500,0.04050000000000065,0.005220000000000082,0.005400000000000155,0.005400000000000155
949,4,500,0.04050000000000065,0.005220000000000082,0.005400000000000155,0.005400000000000155
950,4,500,0.04050000000000065,0.005220000000000082,0.005400000000000155,0.005400000000000155
951,4,500,0.04275000000000071,0.005496666666666756,0.005750000000000165,0.005750000000000165
952,4,500,0.04050000000000065,0.005220000000000082,0.005400000000000155,0.005400000000000155
953,4,500,0.04050000000000065,0.005220000000000082,0.005400000000000155,0.005400000000000155
954,4,500,0.04050000000000065,0.005220000000000082,0.005400000000000155,0.005400000000000155
955,4,500,0.04050000000000065,0.005220000000000082,0.005400000000000155,0.005400000000000155
956,4,500,0.04050000000000065,0.005220000000000082,0.005400000000000155,0.005400000000000155
957,4,500,0.04050000000000065,0.005220000000000082,0.005400000000000155,0.005400000000000155
958,4,500,0.04050000000000065,0.005220000000000082,0.005400000000000155,0.005400000000000155
959,4,500,0.04140000000000067,0.005340000000000085,0.005750000000000165,0.005750000000000165
960,4,500,0.04090000000000066,0.005273333333333415,0.005700000000000163,0.005700000000000163
961,4,500,0.04050000000000065,0.005220000000000082,0.005400000000000155,0.005400000000000155
962,4,500,0.0422500000000007,0.0054300000000000875,0.005750000000000165,0.005750000000000165
963,4,500,0.04050000000000065,0.005220000000000082,0.005400000000000155,0.005400000000000155
964,4,500,0.043250000000000725,0.005563333333333424,0.005750000000000165,0.005750000000000165
965,4,500,0.04050000000000065,0.005220000000000082,0.005400000000000155,0.005400000000000155
966,4,500,0.043250000000000725,0.005563333333333424,0.005750000000000165,0.005750000000000165
967,4,500,0.04050000000000065,0.005220000000000082,0.005400000000000155,0.005400000000000155
968,4,500,0.042150000000000694,0.005416666666666754,0.005750000000000165,0.005750000000000165
969,4,500,0.04050000000000065,0.005220000000000082,0.005400000000000155,0.005400000000000155
970,4,500,0.04050000000000065,0.005220000000000082,0.005400000000000155,0.005400000000000155
971,4,500,0.04105000000000066,0.005270000000000082,0.00560000000000016,0.00560000000000016
972,4,500,0.043200000000000724,0.005556666666666757,0.005750000000000165,0.005750000000000165
973,4,500,0.04100000000000066,0.005263333333333416,0.005550000000000159,0.005550000000000159
974,4,500,0.04050000000000065,0.005220000000000082,0.005400000000000155,0.005400000000000155
975,4,500,0.04140000000000067,0.005316666666666751,0.005750000000000165,0.005750000000000165
976,4,500,0.04050000000000065,0.005220000000000082,0.005400000000000155,0.005400000000000155
977,4,500,0.041800000000000684,0.005370000000000084,0.005750000000000165,0.005750000000000165
978,4,500,0.04050000000000065,0.005220000000000082,0.005400000000000155,0.005400000000000155
979,4,500,0.04125000000000067,0.005296666666666751,0.005750000000000165,0.005750000000000165
980,4,500,0.04135000000000067,0.005310000000000084,0.005750000000000165,0.005750000000000165
981,4,500,0.04160000000000068,0.005353333333333419,0.005750000000000165,0.005750000000000165
982,4,500,0.04120000000000067,0.005290000000000084,0.005750000000000165,0.005750000000000165
983,4,500,0.04050000000000065,0.005220000000000082,0.005400000000000155,0.005400000000000155
984,4,500,0.04050000000000065,0.005220000000000082,0.005400000000000155,0.005400000000000155
985,4,500,0.041150000000000665,0.00530666666666675,0.005750000000000165,0.005750000000000165
986,4,500,0.04050000000000065,0.005220000000000082,0.005400000000000155,0.005400000000000155
987,4,500,0.0422500000000007,0.0054300000000000875,0.005750000000000165,0.005750000000000165
988,4,500,0.04130000000000067,0.005303333333333418,0.005750000000000165,0.005750000000000165
989,4,500,0.04050000000000065,0.005220000000000082,0.005400000000000155,0.005400000000000155
990,4,500,0.042550000000000705,0.005480000000000088,0.005750000000000165,0.005750000000000165
991,4,500,0.04050000000000065,0.005220000000000082,0.005400000000000155,0.005400000000000155
992,4,500,0.04050000000000065,0.005220000000000082,0.005400000000000155,0.005400000000000155
993,4,500,0.04190000000000069,0.00538333333333342,0.005750000000000165,0.005750000000000165
994,4,500,0.04050000000000065,0.005220000000000082,0.005400000000000155,0.005400000000000155
995,4,500,0.042500000000000704,0.0054633333333334215,0.005750000000000165,0.005750000000000165
996,4,500,0.04210000000000069,0.005420000000000088,0.005750000000000165,0.005750000000000165
997,4,500,0.04270000000000071,0.005490000000000089,0.005750000000000165,0.005750000000000165
998,4,500,0.040800000000000655,0.005260000000000083,0.00560000000000016,0.00560000000000016
999,4,500,0.04050000000000065,0.005220000000000082,0.005400000000000155,0.005400000000000155
0,4,1000,0.042550000000000705,0.0054700000000000885,0.005750000000000165,0.005750000000000165
1,4,1000,0.04065000000000065,0.005230000000000081,0.005400000000000155,0.005400000000000155
2,4,1000,0.04275000000000071,0.005496666666666756,0.005750000000000165,0.005750000000000165
3,4,1000,0.04340000000000073,0.00556000000000009,0.006050000000000173,0.006050000000000173
4,4,1000,0.0424500000000007,0.0054566666666667546,0.005750000000000165,0.005750000000000165
5,4,1000,0.04050000000000065,0.005220000000000082,0.005400000000000155,0.005400000000000155
6,4,1000,0.04295000000000072,0.005523333333333423,0.005750000000000165,0.005750000000000165
7,4,1000,0.0423500000000007,0.005466666666666755,0.005750000000000165,0.005750000000000165
8,4,1000,0.04270000000000071,0.005490000000000089,0.005750000000000165,0.005750000000000165
9,4,1000,0.04050000000000065,0.005220000000000082,0.005400000000000155,0.005400000000000155
10,4,1000,0.04050000000000065,0.005220000000000082,0.005400000000000155,0.005400000000000155
11,4,1000,0.04050000000000065,0.005220000000000082,0.005400000000000155,0.005400000000000155
12,4,1000,0.04300000000000072,0.00553000000000009,0.005750000000000165,0.005750000000000165
13,4,1000,0.041150000000000665,0.00530666666666675,0.005749999999999965,0.005749999999999965
14,4,1000,0.04260000000000071,0.005486666666666756,0.005750000000000165,0.005750000000000165
15,4,1000,0.04160000000000068,0.005343333333333419,0.005750000000000165,0.005750000000000165
16,4,1000,0.04140000000000067,0.005316666666666751,0.005750000000000165,0.005750000000000165
17,4,1000,0.04345000000000073,0.005566666666666759,0.005900000000000169,0.005900000000000169
18,4,1000,0.04050000000000065,0.005220000000000082,0.005400000000000155,0.005400000000000155
19,4,1000,0.041150000000000665,0.005283333333333414,0.005700000000000163,0.005700000000000163
20,4,1000,0.04085000000000066,0.005243333333333415,0.005400000000000155,0.005400000000000155
21,4,1000,0.0423500000000007,0.0054433333333334215,0.005750000000000165,0.005750000000000165
22,4,1000,0.0424000000000007,0.0054500000000000885,0.005750000000000165,0.005750000000000165
23,4,1000,0.04280000000000071,0.005503333333333423,0.005750000000000165,0.005750000000000165
24,4,1000,0.04130000000000067,0.005303333333333418,0.005750000000000165,0.005750000000000165
25,4,1000,0.043250000000000725,0.005540000000000089,0.006050000000000173,0.006050000000000173
26,4,1000,0.04050000000000065,0.005220000000000082,0.005400000000000155,0.005400000000000155
27,4,1000,0.04090000000000066,0.00525000000000008,0.005450000000000156,0.005450000000000156
28,4,1000,0.041100000000000664,0.005276666666666748,0.005650000000000162,0.005650000000000162
29,4,1000,0.04305000000000072,0.005536666666666757,0.005750000000000165,0.005750000000000165
30,4,1000,0.04265000000000071,0.0054833333333334225,0.005750000000000165,0.005750000000000165
31,4,1000,0.04050000000000065,0.005220000000000082,0.005400000000000155,0.005400000000000155
32,4,1000,0.042900000000000715,0.0055166666666667565,0.005750000000000165,0.005750000000000165
33,4,1000,0.04050000000000065,0.005220000000000082,0.005400000000000155,0.005400000000000155
34,4,1000,0.04050000000000065,0.005220000000000082,0.005400000000000155,0.005400000000000155
35,4,1000,0.04155000000000068,0.005336666666666752,0.005750000000000165,0.005750000000000165
36,4,1000,0.0423500000000007,0.0054433333333334215,0.005750000000000165,0.005750000000000165
37,4,1000,0.04050000000000065,0.005220000000000082,0.005400000000000155,0.005400000000000155
38,4,1000,0.0424500000000007,0.005473333333333423,0.005750000000000165,0.005750000000000165
39,4,1000,0.04070000000000065,0.0052333333333334136,0.005400000000000155,0.005400000000000155
40,4,1000,0.04050000000000065,0.005220000000000082,0.005400000000000155,0.005400000000000155
41,4,1000,0.042850000000000714,0.0055100000000000895,0.005750000000000165,0.005750000000000165
42,4,1000,0.042850000000000714,0.0055100000000000895,0.005750000000000165,0.005750000000000165
43,4,1000,0.042550000000000705,0.0054700000000000885,0.005750000000000165,0.005750000000000165
44,4,1000,0.04050000000000065,0.005220000000000082,0.005400000000000155,0.005400000000000155
45,4,1000,0.04265000000000071,0.0054833333333334225,0.005750000000000165,0.005750000000000165
46,4,1000,0.04050000000000065,0.005220000000000082,0.005400000000000155,0.005400000000000155
47,4,1000,0.04305000000000072,0.005536666666666757,0.005750000000000165,0.005750000000000165
48,4,1000,0.04140000000000067,0.005316666666666751,0.005750000000000165,0.005750000000000165
49,4,1000,0.041150000000000665,0.005283333333333414,0.005700000000000163,0.005700000000000163
50,4,1000,0.04200000000000069,0.00542000000000009,0.005750000000000165,0.005750000000000165
51,4,1000,0.04050000000000065,0.005220000000000082,0.005400000000000155,0.005400000000000155
52,4,1000,0.04050000000000065,0.005220000000000082,0.005400000000000155,0.005400000000000155
53,4,1000,0.041850000000000685,0.005376666666666753,0.005750000000000165,0.005750000000000165
54,4,1000,0.04210000000000069,0.005410000000000085,0.005750000000000165,0.005750000000000165
55,4,1000,0.041850000000000685,0.005376666666666753,0.005750000000000165,0.005750000000000165
56,4,1000,0.04300000000000072,0.005543333333333424,0.005750000000000165,0.005750000000000165
57,4,1000,0.04195000000000069,0.0053900000000000866,0.005750000000000165,0.005750000000000165
58,4,1000,0.04050000000000065,0.005220000000000082,0.005400000000000155,0.005400000000000155
59,4,1000,0.04210000000000069,0.005410000000000087,0.005750000000000165,0.005750000000000165
60,4,1000,0.04095000000000066,0.00527000000000008,0.005700000000000163,0.005700000000000163
61,4,1000,0.04280000000000071,0.005503333333333423,0.005750000000000165,0.005750000000000165
62,4,1000,0.04050000000000065,0.005220000000000082,0.005400000000000155,0.005400000000000155
63,4,1000,0.04085000000000066,0.005243333333333415,0.005400000000000155,0.005400000000000155
64,4,1000,0.041150000000000665,0.00530666666666675,0.005750000000000165,0.005750000000000165
65,4,1000,0.043200000000000724,0.005556666666666757,0.005750000000000165,0.005750000000000165
66,4,1000,0.041450000000000674,0.005340000000000084,0.005749999999999965,0.005749999999999965
67,4,1000,0.04050000000000065,0.005220000000000082,0.005400000000000155,0.005400000000000155
68,4,1000,0.04050000000000065,0.005220000000000082,0.005400000000000155,0.005400000000000155
69,4,1000,0.04050000000000065,0.005220000000000082,0.005400000000000155,0.005400000000000155
70,4,1000,0.04300000000000072,0.00553000000000009,0.005750000000000165,0.005750000000000165
71,4,1000,0.043550000000000734,0.00558000000000009,0.006050000000000173,0.006050000000000173
72,4,1000,0.04195000000000069,0.0053900000000000866,0.005750000000000165,0.005750000000000165
73,4,1000,0.04155000000000068,0.005360000000000085,0.005750000000000165,0.005750000000000165
74,4,1000,0.04050000000000065,0.005220000000000082,0.005400000000000155,0.005400000000000155
75,4,1000,0.04125000000000067,0.005296666666666751,0.005750000000000165,0.005750000000000165
76,4,1000,0.04200000000000069,0.0053966666666667535,0.005750000000000165,0.005750000000000165
77,4,1000,0.04050000000000065,0.005220000000000082,0.005400000000000155,0.005400000000000155
78,4,1000,0.04095000000000066,0.0052566666666667506,0.0055000000000001575,0.0055000000000001575
79,4,1000,0.04120000000000067,0.005290000000000084,0.005750000000000165,0.005750000000000165
80,4,1000,0.04270000000000071,0.005490000000000089,0.005750000000000165,0.005750000000000165
81,4,1000,0.04050000000000065,0.005220000000000082,0.005400000000000155,0.005400000000000155
82,4,1000,0.0422500000000007,0.0054300000000000875,0.005750000000000165,0.005750000000000165
83,4,1000,0.04050000000000065,0.005220000000000082,0.005400000000000155,0.005400000000000155
84,4,1000,0.04280000000000071,0.005503333333333423,0.005750000000000165,0.005750000000000165
85,4,1000,0.041150000000000665,0.005283333333333414,0.005700000000000163,0.005700000000000163
86,4,1000,0.04050000000000065,0.005220000000000082,0.005400000000000155,0.005400000000000155
87,4,1000,0.04050000000000065,0.005220000000000082,0.005400000000000155,0.005400000000000155
88,4,1000,0.04050000000000065,0.005220000000000082,0.005400000000000155,0.005400000000000155
89,4,1000,0.04105000000000066,0.005280000000000082,0.005750000000000165,0.005750000000000165
90,4,1000,0.04125000000000067,0.005296666666666751,0.005750000000000165,0.005750000000000165
91,4,1000,0.04050000000000065,0.005220000000000082,0.005400000000000155,0.005400000000000155
92,4,1000,0.042900000000000715,0.0055166666666667565,0.005750000000000165,0.005750000000000165
93,4,1000,0.04090000000000066,0.00525000000000008,0.005450000000000156,0.005450000000000156
94,4,1000,0.040750000000000654,0.005253333333333415,0.005650000000000162,0.005650000000000162
95,4,1000,0.04280000000000071,0.005503333333333423,0.005750000000000165,0.005750000000000165
96,4,1000,0.043200000000000724,0.005556666666666757,0.005750000000000165,0.005750000000000165
97,4,1000,0.04050000000000065,0.005220000000000082,0.005400000000000155,0.005400000000000155
98,4,1000,0.04305000000000072,0.005536666666666757,0.005750000000000165,0.005750000000000165
99,4,1000,0.04155000000000068,0.005336666666666752,0.005750000000000165,0.005750000000000165
100,4,1000,0.0422500000000007,0.0054300000000000875,0.005750000000000165,0.005750000000000165
101,4,1000,0.04275000000000071,0.005496666666666756,0.005750000000000165,0.005750000000000165
102,4,1000,0.04295000000000072,0.005523333333333423,0.005750000000000165,0.005750000000000165
103,4,1000,0.04105000000000066,0.005270000000000082,0.00560000000000016,0.00560000000000016
104,4,1000,0.04050000000000065,0.005220000000000082,0.005400000000000155,0.005400000000000155
105,4,1000,0.04050000000000065,0.005220000000000082,0.005400000000000155,0.005400000000000155
106,4,1000,0.04050000000000065,0.005220000000000082,0.005400000000000155,0.005400000000000155
107,4,1000,0.0422500000000007,0.005430000000000088,0.005750000000000165,0.005750000000000165
108,4,1000,0.04050000000000065,0.005220000000000082,0.005400000000000155,0.005400000000000155
109,4,1000,0.04050000000000065,0.005220000000000082,0.005400000000000155,0.005400000000000155
110,4,1000,0.043250000000000725,0.005563333333333424,0.005750000000000165,0.005750000000000165
111,4,1000,0.04095000000000066,0.0052566666666667506,0.0055000000000001575,0.0055000000000001575
112,4,1000,0.041800000000000684,0.005370000000000086,0.005750000000000165,0.005750000000000165
113,4,1000,0.04160000000000068,0.005343333333333419,0.005750000000000165,0.005750000000000165
114,4,1000,0.04210000000000069,0.005410000000000087,0.005750000000000165,0.005750000000000165
115,4,1000,0.04050000000000065,0.005220000000000082,0.005400000000000155,0.005400000000000155
116,4,1000,0.04105000000000066,0.005270000000000082,0.00560000000000016,0.00560000000000016
117,4,1000,0.0423500000000007,0.0054433333333334215,0.005750000000000165,0.005750000000000165
118,4,1000,0.041850000000000685,0.005386666666666752,0.005750000000000165,0.005750000000000165
119,4,1000,0.04050000000000065,0.005220000000000082,0.005400000000000155,0.005400000000000155
120,4,1000,0.043200000000000724,0.005556666666666757,0.005750000000000165,0.005750000000000165
121,4,1000,0.04050000000000065,0.005220000000000082,0.005400000000000155,0.005400000000000155
122,4,1000,0.04370000000000074,0.005600000000000091,0.006050000000000173,0.006050000000000173
123,4,1000,0.04305000000000072,0.005536666666666757,0.005750000000000165,0.005750000000000165
124,4,1000,0.04280000000000071,0.005503333333333423,0.005750000000000165,0.005750000000000165
125,4,1000,0.04140000000000067,0.005316666666666751,0.005750000000000165,0.005750000000000165
126,4,1000,0.04120000000000067,0.005313333333333418,0.005750000000000002,0.005750000000000002
127,4,1000,0.04050000000000065,0.005220000000000082,0.005400000000000155,0.005400000000000155
128,4,1000,0.04050000000000065,0.005220000000000082,0.005400000000000155,0.005400000000000155
129,4,1000,0.04125000000000067,0.005296666666666751,0.005750000000000165,0.005750000000000165
130,4,1000,0.04205000000000069,0.0054033333333334205,0.005750000000000165,0.005750000000000165
131,4,1000,0.04050000000000065,0.005220000000000082,0.005400000000000155,0.005400000000000155
132,4,1000,0.04050000000000065,0.005220000000000082,0.005400000000000155,0.005400000000000155
133,4,1000,0.04165000000000068,0.005373333333333419,0.005750000000000165,0.005750000000000165
134,4,1000,0.04135000000000067,0.005310000000000084,0.005699999999999993,0.005699999999999993
135,4,1000,0.04050000000000065,0.005220000000000082,0.005400000000000155,0.005400000000000155
136,4,1000,0.042150000000000694,0.005426666666666754,0.005750000000000165,0.005750000000000165
137,4,1000,0.04050000000000065,0.005220000000000082,0.005400000000000155,0.005400000000000155
138,4,1000,0.04050000000000065,0.005220000000000082,0.005400000000000155,0.005400000000000155
139,4,1000,0.04050000000000065,0.005220000000000082,0.005400000000000155,0.005400000000000155
140,4,1000,0.041150000000000665,0.005283333333333414,0.005700000000000163,0.005700000000000163
141,4,1000,0.04050000000000065,0.005220000000000082,0.005400000000000155,0.005400000000000155
142,4,1000,0.04140000000000067,0.005316666666666751,0.005750000000000165,0.005750000000000165
143,4,1000,0.04050000000000065,0.005220000000000082,0.005400000000000155,0.005400000000000155
144,4,1000,0.04270000000000071,0.005490000000000089,0.005750000000000165,0.005750000000000165
145,4,1000,0.041800000000000684,0.005370000000000086,0.005750000000000165,0.005750000000000165
146,4,1000,0.040800000000000655,0.005240000000000081,0.005400000000000155,0.005400000000000155
147,4,1000,0.04050000000000065,0.005220000000000082,0.005400000000000155,0.005400000000000155
148,4,1000,0.04160000000000068,0.005343333333333419,0.005750000000000165,0.005750000000000165
149,4,1000,0.042500000000000704,0.0054633333333334215,0.005750000000000165,0.005750000000000165
150,4,1000,0.04310000000000072,0.005543333333333424,0.005750000000000165,0.005750000000000165
151,4,1000,0.04050000000000065,0.005220000000000082,0.005400000000000155,0.005400000000000155
152,4,1000,0.04200000000000069,0.0053966666666667535,0.005750000000000165,0.005750000000000165
153,4,1000,0.04265000000000071,0.0054833333333334225,0.005750000000000165,0.005750000000000165
154,4,1000,0.04090000000000066,0.00525000000000008,0.005450000000000156,0.005450000000000156
155,4,1000,0.042150000000000694,0.005416666666666754,0.005750000000000165,0.005750000000000165
156,4,1000,0.04050000000000065,0.005220000000000082,0.005400000000000155,0.005400000000000155
157,4,1000,0.04190000000000069,0.00538333333333342,0.005750000000000165,0.005750000000000165
158,4,1000,0.042500000000000704,0.0054633333333334215,0.005750000000000165,0.005750000000000165
159,4,1000,0.041500000000000675,0.005330000000000085,0.005750000000000165,0.005750000000000165
160,4,1000,0.04175000000000068,0.005363333333333419,0.005750000000000165,0.005750000000000165
161,4,1000,0.04050000000000065,0.005220000000000082,0.005400000000000155,0.005400000000000155
162,4,1000,0.04175000000000068,0.005363333333333419,0.005750000000000165,0.005750000000000165
163,4,1000,0.04050000000000065,0.005220000000000082,0.005400000000000155,0.005400000000000155
164,4,1000,0.04050000000000065,0.005220000000000082,0.005400000000000155,0.005400000000000155
165,4,1000,0.04050000000000065,0.005220000000000082,0.005400000000000155,0.005400000000000155
166,4,1000,0.042500000000000704,0.0054633333333334215,0.005750000000000165,0.005750000000000165
167,4,1000,0.04090000000000066,0.00525000000000008,0.005450000000000156,0.005450000000000156
168,4,1000,0.0424500000000007,0.0054566666666667546,0.005750000000000165,0.005750000000000165
169,4,1000,0.041800000000000684,0.005370000000000086,0.005750000000000165,0.005750000000000165
170,4,1000,0.041450000000000674,0.005323333333333418,0.005750000000000165,0.005750000000000165
171,4,1000,0.04270000000000071,0.005490000000000089,0.005750000000000165,0.005750000000000165
172,4,1000,0.042150000000000694,0.005416666666666754,0.005750000000000165,0.005750000000000165
173,4,1000,0.04050000000000065,0.005220000000000082,0.005400000000000155,0.005400000000000155
174,4,1000,0.04270000000000071,0.005490000000000089,0.005750000000000165,0.005750000000000165
175,4,1000,0.042550000000000705,0.0054700000000000885,0.005750000000000165,0.005750000000000165
176,4,1000,0.04050000000000065,0.005220000000000082,0.005400000000000155,0.005400000000000155
177,4,1000,0.04260000000000071,0.0054766666666667555,0.005750000000000165,0.005750000000000165
178,4,1000,0.041500000000000675,0.005353333333333419,0.005750000000000165,0.005750000000000165
179,4,1000,0.043200000000000724,0.005533333333333422,0.006050000000000173,0.006050000000000173
180,4,1000,0.041150000000000665,0.00530666666666675,0.005749999999999998,0.005749999999999998
181,4,1000,0.04050000000000065,0.005220000000000082,0.005400000000000155,0.005400000000000155
182,4,1000,0.04050000000000065,0.005220000000000082,0.005400000000000155,0.005400000000000155
183,4,1000,0.04160000000000068,0.005343333333333419,0.005750000000000165,0.005750000000000165
184,4,1000,0.041800000000000684,0.005370000000000086,0.005750000000000165,0.005750000000000165
185,4,1000,0.04070000000000065,0.0052333333333334136,0.005400000000000155,0.005400000000000155
186,4,1000,0.04050000000000065,0.005220000000000082,0.005400000000000155,0.005400000000000155
187,4,1000,0.04280000000000071,0.005503333333333423,0.005750000000000165,0.005750000000000165
188,4,1000,0.042150000000000694,0.005436666666666755,0.005750000000000165,0.005750000000000165
189,4,1000,0.04135000000000067,0.005310000000000084,0.005750000000000165,0.005750000000000165
190,4,1000,0.04050000000000065,0.005220000000000082,0.005400000000000155,0.005400000000000155
191,4,1000,0.04310000000000072,0.005543333333333424,0.005750000000000165,0.005750000000000165
192,4,1000,0.04160000000000068,0.005343333333333419,0.005750000000000165,0.005750000000000165
193,4,1000,0.04055000000000065,0.005223333333333415,0.005400000000000155,0.005400000000000155
194,4,1000,0.04050000000000065,0.005220000000000082,0.005400000000000155,0.005400000000000155
195,4,1000,0.04200000000000069,0.005410000000000087,0.005750000000000165,0.005750000000000165
196,4,1000,0.04050000000000065,0.005220000000000082,0.005400000000000155,0.005400000000000155
197,4,1000,0.040800000000000655,0.005260000000000083,0.005649999999999995,0.005649999999999995
198,4,1000,0.04050000000000065,0.005220000000000082,0.005400000000000155,0.005400000000000155
199,4,1000,0.042900000000000715,0.0055166666666667565,0.005750000000000165,0.005750000000000165
200,4,1000,0.04100000000000066,0.005263333333333416,0.005550000000000159,0.005550000000000159
201,4,1000,0.04305000000000072,0.005536666666666757,0.005750000000000165,0.005750000000000165
202,4,1000,0.042550000000000705,0.0054700000000000885,0.005750000000000165,0.005750000000000165
203,4,1000,0.0423000000000007,0.0054366666666667545,0.005750000000000165,0.005750000000000165
204,4,1000,0.04050000000000065,0.005220000000000082,0.005400000000000155,0.005400000000000155
205,4,1000,0.042550000000000705,0.005493333333333424,0.005750000000000165,0.005750000000000165
206,4,1000,0.04275000000000071,0.005496666666666756,0.005750000000000165,0.005750000000000165
207,4,1000,0.04140000000000067,0.005326666666666752,0.005750000000000165,0.005750000000000165
208,4,1000,0.0424500000000007,0.0054566666666667546,0.005750000000000165,0.005750000000000165
209,4,1000,0.040750000000000654,0.005236666666666749,0.005400000000000155,0.005400000000000155
210,4,1000,0.0424500000000007,0.0054566666666667546,0.005750000000000165,0.005750000000000165
211,4,1000,0.04050000000000065,0.005220000000000082,0.005400000000000155,0.005400000000000155
212,4,1000,0.042550000000000705,0.0054700000000000885,0.005750000000000165,0.005750000000000165
213,4,1000,0.04260000000000071,0.0054766666666667555,0.005750000000000165,0.005750000000000165
214,4,1000,0.04305000000000072,0.005536666666666757,0.005750000000000165,0.005750000000000165
215,4,1000,0.04170000000000068,0.005356666666666752,0.005750000000000165,0.005750000000000165
216,4,1000,0.042200000000000695,0.005423333333333419,0.005750000000000165,0.005750000000000165
217,4,1000,0.04105000000000066,0.005270000000000082,0.00560000000000016,0.00560000000000016
218,4,1000,0.04300000000000072,0.00553000000000009,0.005750000000000165,0.005750000000000165
219,4,1000,0.04330000000000073,0.005570000000000091,0.006050000000000173,0.006050000000000173
220,4,1000,0.04050000000000065,0.005220000000000082,0.005400000000000155,0.005400000000000155
221,4,1000,0.042150000000000694,0.005416666666666754,0.005750000000000165,0.005750000000000165
222,4,1000,0.04050000000000065,0.005220000000000082,0.005400000000000155,0.005400000000000155
223,4,1000,0.04050000000000065,0.005220000000000082,0.005400000000000155,0.005400000000000155
224,4,1000,0.04125000000000067,0.005296666666666751,0.005750000000000165,0.005750000000000165
225,4,1000,0.043200000000000724,0.005556666666666757,0.005750000000000165,0.005750000000000165
226,4,1000,0.04170000000000068,0.005356666666666752,0.005750000000000165,0.005750000000000165
227,4,1000,0.04050000000000065,0.005220000000000082,0.005400000000000155,0.005400000000000155
228,4,1000,0.04210000000000069,0.005410000000000087,0.005750000000000165,0.005750000000000165
229,4,1000,0.04275000000000071,0.005496666666666756,0.005750000000000165,0.005750000000000165
230,4,1000,0.043200000000000724,0.005556666666666757,0.005750000000000165,0.005750000000000165
231,4,1000,0.041450000000000674,0.005346666666666751,0.005750000000000165,0.005750000000000165
232,4,1000,0.042500000000000704,0.0054633333333334215,0.005750000000000165,0.005750000000000165
233,4,1000,0.04050000000000065,0.005220000000000082,0.005400000000000155,0.005400000000000155
234,4,1000,0.04050000000000065,0.005220000000000082,0.005400000000000155,0.005400000000000155
235,4,1000,0.04270000000000071,0.005490000000000089,0.005750000000000165,0.005750000000000165
236,4,1000,0.04050000000000065,0.005220000000000082,0.005400000000000155,0.005400000000000155
237,4,1000,0.042150000000000694,0.005416666666666754,0.005750000000000165,0.005750000000000165
238,4,1000,0.04330000000000073,0.005570000000000091,0.005750000000000165,0.005750000000000165
239,4,1000,0.040800000000000655,0.005240000000000081,0.005400000000000155,0.005400000000000155
240,4,1000,0.04050000000000065,0.005220000000000082,0.005400000000000155,0.005400000000000155
241,4,1000,0.04140000000000067,0.005316666666666751,0.005750000000000165,0.005750000000000165
242,4,1000,0.042900000000000715,0.0055166666666667565,0.005750000000000165,0.005750000000000165
243,4,1000,0.04050000000000065,0.005220000000000082,0.005400000000000155,0.005400000000000155
244,4,1000,0.04065000000000065,0.005230000000000081,0.005400000000000155,0.005400000000000155
245,4,1000,0.0423000000000007,0.0054366666666667545,0.005750000000000165,0.005750000000000165
246,4,1000,0.04210000000000069,0.005410000000000087,0.005750000000000165,0.005750000000000165
247,4,1000,0.041150000000000665,0.005283333333333414,0.005700000000000163,0.005700000000000163
248,4,1000,0.04275000000000071,0.005496666666666756,0.005750000000000165,0.005750000000000165
249,4,1000,0.0423500000000007,0.0054433333333334215,0.005750000000000165,0.005750000000000165
250,4,1000,0.04050000000000065,0.005220000000000082,0.005400000000000155,0.005400000000000155
251,4,1000,0.04050000000000065,0.005220000000000082,0.005400000000000155,0.005400000000000155
252,4,1000,0.04050000000000065,0.005220000000000082,0.005400000000000155,0.005400000000000155
253,4,1000,0.04280000000000071,0.005503333333333423,0.005750000000000165,0.005750000000000165
254,4,1000,0.04260000000000071,0.0054766666666667555,0.005750000000000165,0.005750000000000165
255,4,1000,0.04050000000000065,0.005220000000000082,0.005400000000000155,0.005400000000000155
256,4,1000,0.04050000000000065,0.005220000000000082,0.005400000000000155,0.005400000000000155
257,4,1000,0.04195000000000069,0.0053900000000000866,0.005750000000000165,0.005750000000000165
258,4,1000,0.04085000000000066,0.005243333333333415,0.005400000000000155,0.005400000000000155
259,4,1000,0.04260000000000071,0.00550000000000009,0.005750000000000165,0.005750000000000165
260,4,1000,0.040800000000000655,0.005260000000000083,0.005550000000000159,0.005550000000000159
261,4,1000,0.04050000000000065,0.005220000000000082,0.005400000000000155,0.005400000000000155
262,4,1000,0.04050000000000065,0.005220000000000082,0.005400000000000155,0.005400000000000155
263,4,1000,0.04050000000000065,0.005220000000000082,0.005400000000000155,0.005400000000000155
264,4,1000,0.04050000000000065,0.005220000000000082,0.005400000000000155,0.005400000000000155
265,4,1000,0.04085000000000066,0.005243333333333415,0.005400000000000155,0.005400000000000155
266,4,1000,0.043200000000000724,0.005540000000000089,0.006050000000000173,0.006050000000000173
267,4,1000,0.04050000000000065,0.005220000000000082,0.005400000000000155,0.005400000000000155
268,4,1000,0.04050000000000065,0.005220000000000082,0.005400000000000155,0.005400000000000155
269,4,1000,0.042200000000000695,0.0054233333333334206,0.005750000000000165,0.005750000000000165
270,4,1000,0.04310000000000072,0.005543333333333424,0.005750000000000165,0.005750000000000165
271,4,1000,0.042500000000000704,0.0054633333333334215,0.005750000000000165,0.005750000000000165
272,4,1000,0.04050000000000065,0.005220000000000082,0.005400000000000155,0.005400000000000155
273,4,1000,0.04190000000000069,0.00538333333333342,0.005750000000000165,0.005750000000000165
274,4,1000,0.04050000000000065,0.005220000000000082,0.005400000000000155,0.005400000000000155
275,4,1000,0.04050000000000065,0.005220000000000082,0.005400000000000155,0.005400000000000155
276,4,1000,0.04070000000000065,0.0052333333333334136,0.005400000000000155,0.005400000000000155
277,4,1000,0.04135000000000067,0.005310000000000084,0.005750000000000165,0.005750000000000165
278,4,1000,0.04125000000000067,0.005296666666666751,0.005750000000000165,0.005750000000000165
279,4,1000,0.04050000000000065,0.005220000000000082,0.005400000000000155,0.005400000000000155
280,4,1000,0.04120000000000067,0.005313333333333418,0.00575,0.00575
281,4,1000,0.04050000000000065,0.005220000000000082,0.005400000000000155,0.005400000000000155
282,4,1000,0.04085000000000066,0.005266666666666749,0.005699999999999993,0.005699999999999993
283,4,1000,0.04050000000000065,0.005220000000000082,0.005400000000000155,0.005400000000000155
284,4,1000,0.04050000000000065,0.005220000000000082,0.005400000000000155,0.005400000000000155
285,4,1000,0.04050000000000065,0.005220000000000082,0.005400000000000155,0.005400000000000155
286,4,1000,0.041100000000000664,0.005276666666666748,0.005650000000000162,0.005650000000000162
287,4,1000,0.04275000000000071,0.005496666666666756,0.005750000000000165,0.005750000000000165
288,4,1000,0.042850000000000714,0.0055100000000000895,0.005750000000000165,0.005750000000000165
289,4,1000,0.040750000000000654,0.005236666666666749,0.005400000000000155,0.005400000000000155
290,4,1000,0.04200000000000069,0.0053966666666667535,0.005750000000000165,0.005750000000000165
291,4,1000,0.04050000000000065,0.005220000000000082,0.005400000000000155,0.005400000000000155
292,4,1000,0.04050000000000065,0.005220000000000082,0.005400000000000155,0.005400000000000155
293,4,1000,0.04050000000000065,0.005220000000000082,0.005400000000000155,0.005400000000000155
294,4,1000,0.041850000000000685,0.005400000000000088,0.005750000000000165,0.005750000000000165
295,4,1000,0.0424000000000007,0.0054500000000000885,0.005750000000000165,0.005750000000000165
296,4,1000,0.04050000000000065,0.005220000000000082,0.005400000000000155,0.005400000000000155
297,4,1000,0.04205000000000069,0.0054033333333334205,0.005750000000000165,0.005750000000000165
298,4,1000,0.04270000000000071,0.005490000000000089,0.005750000000000165,0.005750000000000165
299,4,1000,0.04260000000000071,0.005490000000000089,0.005750000000000165,0.005750000000000165
300,4,1000,0.0423500000000007,0.0054433333333334215,0.005750000000000165,0.005750000000000165
301,4,1000,0.04050000000000065,0.005220000000000082,0.005400000000000155,0.005400000000000155
302,4,1000,0.04050000000000065,0.005220000000000082,0.005400000000000155,0.005400000000000155
303,4,1000,0.041800000000000684,0.005370000000000086,0.005750000000000165,0.005750000000000165
304,4,1000,0.04050000000000065,0.005220000000000082,0.005400000000000155,0.005400000000000155
305,4,1000,0.042550000000000705,0.0054700000000000885,0.005750000000000165,0.005750000000000165
306,4,1000,0.04050000000000065,0.005220000000000082,0.005400000000000155,0.005400000000000155
307,4,1000,0.042200000000000695,0.0054233333333334206,0.005750000000000165,0.005750000000000165
308,4,1000,0.0424500000000007,0.0054566666666667546,0.005750000000000165,0.005750000000000165
309,4,1000,0.04295000000000072,0.005500000000000088,0.006050000000000173,0.006050000000000173
310,4,1000,0.04160000000000068,0.005343333333333419,0.005750000000000165,0.005750000000000165
311,4,1000,0.04315000000000072,0.005550000000000091,0.005750000000000165,0.005750000000000165
312,4,1000,0.04050000000000065,0.005220000000000082,0.005400000000000155,0.005400000000000155
313,4,1000,0.042500000000000704,0.0054633333333334215,0.005750000000000165,0.005750000000000165
314,4,1000,0.04105000000000066,0.005293333333333416,0.005750000000000165,0.005750000000000165
315,4,1000,0.04195000000000069,0.0053900000000000866,0.005750000000000165,0.005750000000000165
316,4,1000,0.04050000000000065,0.005220000000000082,0.005400000000000155,0.005400000000000155
317,4,1000,0.04050000000000065,0.005220000000000082,0.005400000000000155,0.005400000000000155
318,4,1000,0.04050000000000065,0.005220000000000082,0.005400000000000155,0.005400000000000155
319,4,1000,0.04050000000000065,0.005220000000000082,0.005400000000000155,0.005400000000000155
320,4,1000,0.04195000000000069,0.00539333333333342,0.005750000000000165,0.005750000000000165
321,4,1000,0.04050000000000065,0.005220000000000082,0.005400000000000155,0.005400000000000155
322,4,1000,0.0424000000000007,0.0054500000000000885,0.005750000000000165,0.005750000000000165
323,4,1000,0.04175000000000068,0.005363333333333419,0.005750000000000165,0.005750000000000165
324,4,1000,0.04125000000000067,0.005320000000000084,0.005750000000000002,0.005750000000000002
325,4,1000,0.04265000000000071,0.0054833333333334225,0.005750000000000165,0.005750000000000165
326,4,1000,0.04050000000000065,0.005220000000000082,0.005400000000000155,0.005400000000000155
327,4,1000,0.04205000000000069,0.0054033333333334205,0.005750000000000165,0.005750000000000165
328,4,1000,0.04295000000000072,0.005523333333333423,0.005750000000000165,0.005750000000000165
329,4,1000,0.0423500000000007,0.0054433333333334215,0.005750000000000165,0.005750000000000165
330,4,1000,0.043250000000000725,0.005563333333333424,0.005750000000000165,0.005750000000000165
331,4,1000,0.04050000000000065,0.005220000000000082,0.005400000000000155,0.005400000000000155
332,4,1000,0.0423000000000007,0.0054366666666667545,0.005750000000000165,0.005750000000000165
333,4,1000,0.041800000000000684,0.005370000000000086,0.005750000000000165,0.005750000000000165
334,4,1000,0.04130000000000067,0.005326666666666752,0.005750000000000165,0.005750000000000165
335,4,1000,0.04050000000000065,0.005220000000000082,0.005400000000000155,0.005400000000000155
336,4,1000,0.04190000000000069,0.00538333333333342,0.005750000000000165,0.005750000000000165
337,4,1000,0.04050000000000065,0.005220000000000082,0.005400000000000155,0.005400000000000155
338,4,1000,0.04050000000000065,0.005220000000000082,0.005400000000000155,0.005400000000000155
339,4,1000,0.04050000000000065,0.005220000000000082,0.005400000000000155,0.005400000000000155
340,4,1000,0.04265000000000071,0.0054833333333334225,0.005750000000000165,0.005750000000000165
341,4,1000,0.04095000000000066,0.0052566666666667506,0.0055000000000001575,0.0055000000000001575
342,4,1000,0.04280000000000071,0.005503333333333423,0.005750000000000165,0.005750000000000165
343,4,1000,0.04370000000000074,0.005623333333333426,0.006050000000000173,0.006050000000000173
344,4,1000,0.04260000000000071,0.0054766666666667555,0.005750000000000165,0.005750000000000165
345,4,1000,0.042550000000000705,0.005476666666666756,0.005750000000000165,0.005750000000000165
346,4,1000,0.04170000000000068,0.005356666666666752,0.005750000000000165,0.005750000000000165
347,4,1000,0.04130000000000067,0.005303333333333418,0.005750000000000165,0.005750000000000165
348,4,1000,0.04280000000000071,0.005503333333333423,0.005750000000000165,0.005750000000000165
349,4,1000,0.04050000000000065,0.005220000000000082,0.005400000000000155,0.005400000000000155
350,4,1000,0.04050000000000065,0.005220000000000082,0.005400000000000155,0.005400000000000155
351,4,1000,0.04270000000000071,0.005490000000000089,0.005750000000000165,0.005750000000000165
352,4,1000,0.04050000000000065,0.005220000000000082,0.005400000000000155,0.005400000000000155
353,4,1000,0.042850000000000714,0.0055100000000000895,0.005750000000000165,0.005750000000000165
354,4,1000,0.0422500000000007,0.0054300000000000875,0.005750000000000165,0.005750000000000165
355,4,1000,0.04050000000000065,0.005220000000000082,0.005400000000000155,0.005400000000000155
356,4,1000,0.04050000000000065,0.005220000000000082,0.005400000000000155,0.005400000000000155
357,4,1000,0.04165000000000068,0.005350000000000086,0.005750000000000165,0.005750000000000165
358,4,1000,0.043200000000000724,0.005556666666666757,0.005750000000000165,0.005750000000000165
359,4,1000,0.04315000000000072,0.005550000000000091,0.005750000000000165,0.005750000000000165
360,4,1000,0.041100000000000664,0.005276666666666748,0.005650000000000162,0.005650000000000162
361,4,1000,0.0423500000000007,0.0054433333333334215,0.005750000000000165,0.005750000000000165
362,4,1000,0.04050000000000065,0.005220000000000082,0.005400000000000155,0.005400000000000155
363,4,1000,0.04210000000000069,0.005410000000000087,0.005750000000000165,0.005750000000000165
364,4,1000,0.04050000000000065,0.005220000000000082,0.005400000000000155,0.005400000000000155
365,4,1000,0.04050000000000065,0.005220000000000082,0.005400000000000155,0.005400000000000155
366,4,1000,0.04210000000000069,0.005410000000000087,0.005750000000000165,0.005750000000000165
367,4,1000,0.04050000000000065,0.005220000000000082,0.005400000000000155,0.005400000000000155
368,4,1000,0.04275000000000071,0.005496666666666756,0.005750000000000165,0.005750000000000165
369,4,1000,0.04190000000000069,0.00538333333333342,0.005750000000000165,0.005750000000000165
370,4,1000,0.04100000000000066,0.00528666666666675,0.005699999999999997,0.005699999999999997
371,4,1000,0.04165000000000068,0.005350000000000086,0.005750000000000165,0.005750000000000165
372,4,1000,0.041850000000000685,0.005376666666666753,0.005750000000000165,0.005750000000000165
373,4,1000,0.041800000000000684,0.00539333333333342,0.005750000000000165,0.005750000000000165
374,4,1000,0.041800000000000684,0.005370000000000086,0.005750000000000165,0.005750000000000165
375,4,1000,0.043900000000000744,0.005626666666666758,0.006050000000000173,0.006050000000000173
376,4,1000,0.042850000000000714,0.0055100000000000895,0.005750000000000165,0.005750000000000165
377,4,1000,0.04050000000000065,0.005220000000000082,0.005400000000000155,0.005400000000000155
378,4,1000,0.04105000000000066,0.005283333333333416,0.005749999999999998,0.005749999999999998
379,4,1000,0.04050000000000065,0.005220000000000082,0.005400000000000155,0.005400000000000155
380,4,1000,0.04210000000000069,0.005410000000000087,0.005750000000000165,0.005750000000000165
381,4,1000,0.04195000000000069,0.0053900000000000866,0.005750000000000165,0.005750000000000165
382,4,1000,0.04050000000000065,0.005220000000000082,0.005400000000000155,0.005400000000000155
383,4,1000,0.04300000000000072,0.00553000000000009,0.005750000000000165,0.005750000000000165
384,4,1000,0.04300000000000072,0.00553000000000009,0.005750000000000165,0.005750000000000165
385,4,1000,0.04050000000000065,0.005220000000000082,0.005400000000000155,0.005400000000000155
386,4,1000,0.04210000000000069,0.005406666666666754,0.005750000000000165,0.005750000000000165
387,4,1000,0.04050000000000065,0.005220000000000082,0.005400000000000155,0.005400000000000155
388,4,1000,0.04140000000000067,0.005316666666666751,0.005750000000000165,0.005750000000000165
389,4,1000,0.04090000000000066,0.00525000000000008,0.005450000000000156,0.005450000000000156
390,4,1000,0.042900000000000715,0.0055166666666667565,0.005750000000000165,0.005750000000000165
391,4,1000,0.04050000000000065,0.005220000000000082,0.005400000000000155,0.005400000000000155
392,4,1000,0.043200000000000724,0.005556666666666757,0.005750000000000165,0.005750000000000165
393,4,1000,0.04050000000000065,0.005220000000000082,0.005400000000000155,0.005400000000000155
394,4,1000,0.04200000000000069,0.0053966666666667535,0.005750000000000165,0.005750000000000165
395,4,1000,0.042500000000000704,0.0054633333333334215,0.005750000000000165,0.005750000000000165
396,4,1000,0.04200000000000069,0.0053966666666667535,0.005750000000000165,0.005750000000000165
397,4,1000,0.04050000000000065,0.005220000000000082,0.005400000000000155,0.005400000000000155
398,4,1000,0.04280000000000071,0.005503333333333423,0.005750000000000165,0.005750000000000165
399,4,1000,0.04050000000000065,0.005220000000000082,0.005400000000000155,0.005400000000000155
400,4,1000,0.04100000000000066,0.005263333333333416,0.005550000000000159,0.005550000000000159
401,4,1000,0.043250000000000725,0.005563333333333424,0.005750000000000165,0.005750000000000165
402,4,1000,0.04050000000000065,0.005220000000000082,0.005400000000000155,0.005400000000000155
403,4,1000,0.04330000000000073,0.005546666666666756,0.006050000000000173,0.006050000000000173
404,4,1000,0.04050000000000065,0.005220000000000082,0.005400000000000155,0.005400000000000155
405,4,1000,0.04280000000000071,0.005513333333333424,0.005750000000000165,0.005750000000000165
406,4,1000,0.04095000000000066,0.0052566666666667506,0.0055000000000001575,0.0055000000000001575
407,4,1000,0.04280000000000071,0.005503333333333423,0.005750000000000165,0.005750000000000165
408,4,1000,0.04315000000000072,0.005550000000000091,0.005750000000000165,0.005750000000000165
409,4,1000,0.043250000000000725,0.005563333333333424,0.005750000000000165,0.005750000000000165
410,4,1000,0.04050000000000065,0.005220000000000082,0.005400000000000155,0.005400000000000155
411,4,1000,0.04125000000000067,0.005296666666666751,0.005750000000000165,0.005750000000000165
412,4,1000,0.04160000000000068,0.005343333333333418,0.005750000000000165,0.005750000000000165
413,4,1000,0.04190000000000069,0.00538333333333342,0.005750000000000165,0.005750000000000165
414,4,1000,0.04330000000000073,0.005570000000000091,0.005750000000000165,0.005750000000000165
415,4,1000,0.04310000000000072,0.005543333333333424,0.005750000000000165,0.005750000000000165
416,4,1000,0.04050000000000065,0.005220000000000082,0.005400000000000155,0.005400000000000155
417,4,1000,0.0424000000000007,0.005453333333333422,0.005750000000000165,0.005750000000000165
418,4,1000,0.04300000000000072,0.00553000000000009,0.005750000000000165,0.005750000000000165
419,4,1000,0.042850000000000714,0.0055100000000000895,0.005750000000000165,0.005750000000000165
420,4,1000,0.042200000000000695,0.0054233333333334206,0.005750000000000165,0.005750000000000165
421,4,1000,0.04050000000000065,0.005220000000000082,0.005400000000000155,0.005400000000000155
422,4,1000,0.04200000000000069,0.0053966666666667535,0.005750000000000165,0.005750000000000165
423,4,1000,0.0424000000000007,0.0054500000000000885,0.005750000000000165,0.005750000000000165
424,4,1000,0.04050000000000065,0.005220000000000082,0.005400000000000155,0.005400000000000155
425,4,1000,0.04195000000000069,0.005406666666666754,0.005750000000000165,0.005750000000000165
426,4,1000,0.04280000000000071,0.005503333333333422,0.005750000000000165,0.005750000000000165
427,4,1000,0.042850000000000714,0.0055100000000000895,0.005750000000000165,0.005750000000000165
428,4,1000,0.04100000000000066,0.00528666666666675,0.005750000000000165,0.005750000000000165
429,4,1000,0.04210000000000069,0.005433333333333421,0.00595000000000017,0.00595000000000017
430,4,1000,0.04135000000000067,0.005310000000000084,0.005750000000000165,0.005750000000000165
431,4,1000,0.04140000000000067,0.005333333333333416,0.005750000000000165,0.005750000000000165
432,4,1000,0.04100000000000066,0.00528666666666675,0.005750000000000165,0.005750000000000165
433,4,1000,0.04050000000000065,0.005220000000000082,0.005400000000000155,0.005400000000000155
434,4,1000,0.04300000000000072,0.00553000000000009,0.005750000000000165,0.005750000000000165
435,4,1000,0.04050000000000065,0.005220000000000082,0.005400000000000155,0.005400000000000155
436,4,1000,0.04050000000000065,0.005220000000000082,0.005400000000000155,0.005400000000000155
437,4,1000,0.04050000000000065,0.005220000000000082,0.005400000000000155,0.005400000000000155
438,4,1000,0.04370000000000074,0.005613333333333425,0.006050000000000173,0.006050000000000173
439,4,1000,0.04050000000000065,0.005220000000000082,0.005400000000000155,0.005400000000000155
440,4,1000,0.04275000000000071,0.005496666666666756,0.005750000000000165,0.005750000000000165
441,4,1000,0.04300000000000072,0.00553000000000009,0.005750000000000165,0.005750000000000165
442,4,1000,0.04260000000000071,0.0054766666666667555,0.005750000000000165,0.005750000000000165
443,4,1000,0.04050000000000065,0.005220000000000082,0.005400000000000155,0.005400000000000155
444,4,1000,0.04070000000000065,0.005246666666666751,0.0055000000000001575,0.0055000000000001575
445,4,1000,0.04120000000000067,0.005293333333333417,0.005750000000000165,0.005750000000000165
446,4,1000,0.04405000000000075,0.005646666666666759,0.006050000000000173,0.006050000000000173
447,4,1000,0.04205000000000069,0.005426666666666754,0.005750000000000165,0.005750000000000165
448,4,1000,0.041450000000000674,0.005323333333333418,0.005750000000000165,0.005750000000000165
449,4,1000,0.04305000000000072,0.005536666666666757,0.005750000000000165,0.005750000000000165
450,4,1000,0.04260000000000071,0.0054766666666667555,0.005750000000000165,0.005750000000000165
451,4,1000,0.04055000000000065,0.005223333333333415,0.005400000000000155,0.005400000000000155
452,4,1000,0.043250000000000725,0.005563333333333424,0.005750000000000165,0.005750000000000165
453,4,1000,0.04310000000000072,0.005543333333333424,0.005750000000000165,0.005750000000000165
454,4,1000,0.042850000000000714,0.0055100000000000895,0.005750000000000165,0.005750000000000165
455,4,1000,0.042200000000000695,0.0054233333333334206,0.005750000000000165,0.005750000000000165
456,4,1000,0.0424500000000007,0.0054566666666667546,0.005750000000000165,0.005750000000000165
457,4,1000,0.04165000000000068,0.005350000000000086,0.005750000000000165,0.005750000000000165
458,4,1000,0.04050000000000065,0.005220000000000082,0.005400000000000155,0.005400000000000155
459,4,1000,0.041150000000000665,0.005283333333333414,0.005700000000000163,0.005700000000000163
460,4,1000,0.04050000000000065,0.005220000000000082,0.005400000000000155,0.005400000000000155
461,4,1000,0.04050000000000065,0.005220000000000082,0.005400000000000155,0.005400000000000155
462,4,1000,0.04050000000000065,0.005220000000000082,0.005400000000000155,0.005400000000000155
463,4,1000,0.0422500000000007,0.0054300000000000875,0.005750000000000165,0.005750000000000165
464,4,1000,0.04155000000000068,0.005336666666666752,0.005750000000000165,0.005750000000000165
465,4,1000,0.04310000000000072,0.005543333333333424,0.005750000000000165,0.005750000000000165
466,4,1000,0.042200000000000695,0.0054233333333334206,0.005750000000000165,0.005750000000000165
467,4,1000,0.04200000000000069,0.0053966666666667535,0.005750000000000165,0.005750000000000165
468,4,1000,0.041500000000000675,0.005330000000000085,0.005750000000000165,0.005750000000000165
469,4,1000,0.041100000000000664,0.005300000000000084,0.005750000000000165,0.005750000000000165
470,4,1000,0.042150000000000694,0.005416666666666754,0.005750000000000165,0.005750000000000165
471,4,1000,0.0422500000000007,0.0054300000000000875,0.005750000000000165,0.005750000000000165
472,4,1000,0.04050000000000065,0.005220000000000082,0.005400000000000155,0.005400000000000155
473,4,1000,0.04095000000000066,0.005263333333333416,0.00560000000000016,0.00560000000000016
474,4,1000,0.042850000000000714,0.0055100000000000895,0.005750000000000165,0.005750000000000165
475,4,1000,0.042900000000000715,0.0055166666666667565,0.005750000000000165,0.005750000000000165
476,4,1000,0.04140000000000067,0.005316666666666751,0.005750000000000165,0.005750000000000165
477,4,1000,0.04050000000000065,0.005220000000000082,0.005400000000000155,0.005400000000000155
478,4,1000,0.04275000000000071,0.005496666666666756,0.005750000000000165,0.005750000000000165
479,4,1000,0.04100000000000066,0.005263333333333416,0.005550000000000159,0.005550000000000159
480,4,1000,0.04175000000000068,0.005363333333333419,0.005750000000000165,0.005750000000000165
481,4,1000,0.0423500000000007,0.005460000000000088,0.005750000000000165,0.005750000000000165
482,4,1000,0.04050000000000065,0.005220000000000082,0.005400000000000155,0.005400000000000155
483,4,1000,0.043950000000000745,0.00565666666666676,0.006050000000000038,0.006050000000000038
484,4,1000,0.04490000000000077,0.005760000000000096,0.006050000000000173,0.006050000000000173
485,4,1000,0.04050000000000065,0.005220000000000082,0.005400000000000155,0.005400000000000155
486,4,1000,0.04050000000000065,0.005220000000000082,0.005400000000000155,0.005400000000000155
487,4,1000,0.04050000000000065,0.005220000000000082,0.005400000000000155,0.005400000000000155
488,4,1000,0.04105000000000066,0.005293333333333416,0.005750000000000165,0.005750000000000165
489,4,1000,0.04310000000000072,0.005543333333333424,0.005750000000000165,0.005750000000000165
490,4,1000,0.04050000000000065,0.005220000000000082,0.005400000000000155,0.005400000000000155
491,4,1000,0.042900000000000715,0.0055166666666667565,0.005750000000000165,0.005750000000000165
492,4,1000,0.04135000000000067,0.005333333333333417,0.005750000000000165,0.005750000000000165
493,4,1000,0.04195000000000069,0.00541333333333342,0.005750000000000165,0.005750000000000165
494,4,1000,0.04140000000000067,0.005320000000000085,0.005750000000000165,0.005750000000000165
495,4,1000,0.04170000000000068,0.005356666666666752,0.005750000000000165,0.005750000000000165
496,4,1000,0.04295000000000072,0.005523333333333423,0.005750000000000165,0.005750000000000165
497,4,1000,0.04260000000000071,0.0054766666666667555,0.005750000000000165,0.005750000000000165
498,4,1000,0.04050000000000065,0.005220000000000082,0.005400000000000155,0.005400000000000155
499,4,1000,0.04050000000000065,0.005220000000000082,0.005400000000000155,0.005400000000000155
500,4,1000,0.04050000000000065,0.005220000000000082,0.005400000000000155,0.005400000000000155
501,4,1000,0.041100000000000664,0.005276666666666748,0.005650000000000162,0.005650000000000162
502,4,1000,0.04200000000000069,0.0053966666666667535,0.005750000000000165,0.005750000000000165
503,4,1000,0.040750000000000654,0.005253333333333415,0.005649999999999995,0.005649999999999995
504,4,1000,0.04170000000000068,0.005356666666666752,0.005750000000000165,0.005750000000000165
505,4,1000,0.04165000000000068,0.005350000000000086,0.005750000000000165,0.005750000000000165
506,4,1000,0.041800000000000684,0.005370000000000086,0.005750000000000165,0.005750000000000165
507,4,1000,0.04270000000000071,0.005490000000000089,0.005750000000000165,0.005750000000000165
508,4,1000,0.04090000000000066,0.00525000000000008,0.005450000000000156,0.005450000000000156
509,4,1000,0.04050000000000065,0.005220000000000082,0.005400000000000155,0.005400000000000155
510,4,1000,0.04050000000000065,0.005220000000000082,0.005400000000000155,0.005400000000000155
511,4,1000,0.0424500000000007,0.0054566666666667546,0.005750000000000165,0.005750000000000165
512,4,1000,0.042500000000000704,0.0054633333333334215,0.005750000000000165,0.005750000000000165
513,4,1000,0.042850000000000714,0.0055100000000000895,0.005750000000000165,0.005750000000000165
514,4,1000,0.04140000000000067,0.005316666666666751,0.005750000000000165,0.005750000000000165
515,4,1000,0.04315000000000072,0.005550000000000088,0.005750000000000165,0.005750000000000165
516,4,1000,0.04195000000000069,0.0053900000000000866,0.005750000000000165,0.005750000000000165
517,4,1000,0.04050000000000065,0.005220000000000082,0.005400000000000155,0.005400000000000155
518,4,1000,0.04050000000000065,0.005220000000000082,0.005400000000000155,0.005400000000000155
519,4,1000,0.04100000000000066,0.005263333333333416,0.005550000000000159,0.005550000000000159
520,4,1000,0.04260000000000071,0.0054766666666667555,0.005750000000000165,0.005750000000000165
521,4,1000,0.04275000000000071,0.005496666666666755,0.006050000000000173,0.006050000000000173
522,4,1000,0.04190000000000069,0.00538333333333342,0.005750000000000165,0.005750000000000165
523,4,1000,0.04140000000000067,0.005316666666666751,0.005750000000000165,0.005750000000000165
524,4,1000,0.04210000000000069,0.005410000000000087,0.005750000000000165,0.005750000000000165
525,4,1000,0.04205000000000069,0.0054033333333334205,0.005750000000000165,0.005750000000000165
526,4,1000,0.043600000000000735,0.005586666666666757,0.006050000000000173,0.006050000000000173
527,4,1000,0.04050000000000065,0.005220000000000082,0.005400000000000155,0.005400000000000155
528,4,1000,0.04050000000000065,0.005220000000000082,0.005400000000000155,0.005400000000000155
529,4,1000,0.04050000000000065,0.005220000000000082,0.005400000000000155,0.005400000000000155
530,4,1000,0.04050000000000065,0.005220000000000082,0.005400000000000155,0.005400000000000155
531,4,1000,0.04050000000000065,0.005220000000000082,0.005400000000000155,0.005400000000000155
532,4,1000,0.042850000000000714,0.0055100000000000895,0.005750000000000165,0.005750000000000165
533,4,1000,0.041450000000000674,0.005346666666666751,0.005750000000000017,0.005750000000000017
534,4,1000,0.04130000000000067,0.005303333333333418,0.005750000000000165,0.005750000000000165
535,4,1000,0.04265000000000071,0.005473333333333421,0.006050000000000173,0.006050000000000173
536,4,1000,0.0423500000000007,0.0054433333333334215,0.005750000000000165,0.005750000000000165
537,4,1000,0.04050000000000065,0.005220000000000082,0.005400000000000155,0.005400000000000155
538,4,1000,0.04050000000000065,0.005220000000000082,0.005400000000000155,0.005400000000000155
539,4,1000,0.040750000000000654,0.005236666666666749,0.005400000000000155,0.005400000000000155
540,4,1000,0.041100000000000664,0.005276666666666748,0.005650000000000162,0.005650000000000162
541,4,1000,0.04050000000000065,0.005220000000000082,0.005400000000000155,0.005400000000000155
542,4,1000,0.0423000000000007,0.0054366666666667545,0.005750000000000165,0.005750000000000165
543,4,1000,0.04270000000000071,0.005490000000000089,0.005750000000000165,0.005750000000000165
544,4,1000,0.04095000000000066,0.0052566666666667506,0.0055000000000001575,0.0055000000000001575
545,4,1000,0.04275000000000071,0.005496666666666756,0.005750000000000165,0.005750000000000165
546,4,1000,0.04050000000000065,0.005220000000000082,0.005400000000000155,0.005400000000000155
547,4,1000,0.04050000000000065,0.005220000000000082,0.005400000000000155,0.005400000000000155
548,4,1000,0.04050000000000065,0.005220000000000082,0.005400000000000155,0.005400000000000155
549,4,1000,0.042500000000000704,0.0054633333333334215,0.005750000000000165,0.005750000000000165
550,4,1000,0.043250000000000725,0.005563333333333424,0.005750000000000165,0.005750000000000165
551,4,1000,0.04105000000000066,0.005270000000000082,0.00560000000000016,0.00560000000000016
552,4,1000,0.04050000000000065,0.005220000000000082,0.005400000000000155,0.005400000000000155
553,4,1000,0.04050000000000065,0.005220000000000082,0.005400000000000155,0.005400000000000155
554,4,1000,0.04050000000000065,0.005220000000000082,0.005400000000000155,0.005400000000000155
555,4,1000,0.0424000000000007,0.005450000000000086,0.005750000000000165,0.005750000000000165
556,4,1000,0.04050000000000065,0.005220000000000082,0.005400000000000155,0.005400000000000155
557,4,1000,0.04305000000000072,0.005536666666666757,0.005750000000000165,0.005750000000000165
558,4,1000,0.04210000000000069,0.005410000000000087,0.005750000000000165,0.005750000000000165
559,4,1000,0.041450000000000674,0.005323333333333418,0.005750000000000165,0.005750000000000165
560,4,1000,0.04275000000000071,0.005496666666666756,0.005750000000000165,0.005750000000000165
561,4,1000,0.04280000000000071,0.005503333333333423,0.005750000000000165,0.005750000000000165
562,4,1000,0.04300000000000072,0.00553000000000009,0.005750000000000165,0.005750000000000165
563,4,1000,0.04260000000000071,0.0054766666666667555,0.005750000000000165,0.005750000000000165
564,4,1000,0.04060000000000065,0.005226666666666748,0.005400000000000155,0.005400000000000155
565,4,1000,0.04190000000000069,0.00538333333333342,0.005750000000000165,0.005750000000000165
566,4,1000,0.04305000000000072,0.005536666666666757,0.005750000000000165,0.005750000000000165
567,4,1000,0.042900000000000715,0.005533333333333424,0.005750000000000165,0.005750000000000165
568,4,1000,0.042850000000000714,0.0055100000000000895,0.005750000000000165,0.005750000000000165
569,4,1000,0.04270000000000071,0.00550000000000009,0.005750000000000165,0.005750000000000165
570,4,1000,0.041450000000000674,0.005323333333333418,0.005750000000000165,0.005750000000000165
571,4,1000,0.0423500000000007,0.0054433333333334215,0.005750000000000165,0.005750000000000165
572,4,1000,0.04295000000000072,0.005523333333333423,0.005750000000000165,0.005750000000000165
573,4,1000,0.0424500000000007,0.0054566666666667546,0.005750000000000165,0.005750000000000165
574,4,1000,0.04295000000000072,0.005523333333333423,0.005750000000000165,0.005750000000000165
575,4,1000,0.042850000000000714,0.0055100000000000895,0.005750000000000165,0.005750000000000165
576,4,1000,0.04165000000000068,0.005350000000000086,0.005750000000000165,0.005750000000000165
577,4,1000,0.04050000000000065,0.005220000000000082,0.005400000000000155,0.005400000000000155
578,4,1000,0.04270000000000071,0.005503333333333423,0.005750000000000165,0.005750000000000165
579,4,1000,0.0424000000000007,0.0054500000000000885,0.005750000000000165,0.005750000000000165
580,4,1000,0.04200000000000069,0.005420000000000088,0.005750000000000165,0.005750000000000165
581,4,1000,0.04050000000000065,0.005220000000000082,0.005400000000000155,0.005400000000000155
582,4,1000,0.04175000000000068,0.005363333333333419,0.005750000000000165,0.005750000000000165
583,4,1000,0.04125000000000067,0.005296666666666751,0.005750000000000165,0.005750000000000165
584,4,1000,0.04210000000000069,0.005410000000000087,0.005750000000000165,0.005750000000000165
585,4,1000,0.040750000000000654,0.005253333333333415,0.005650000000000162,0.005650000000000162
586,4,1000,0.0423000000000007,0.0054366666666667545,0.005750000000000165,0.005750000000000165
587,4,1000,0.04280000000000071,0.005503333333333423,0.005750000000000165,0.005750000000000165
588,4,1000,0.04300000000000072,0.00553000000000009,0.005750000000000165,0.005750000000000165
589,4,1000,0.04050000000000065,0.005220000000000082,0.005400000000000155,0.005400000000000155
590,4,1000,0.04090000000000066,0.0052566666666667506,0.005550000000000159,0.005550000000000159
591,4,1000,0.042550000000000705,0.0054700000000000885,0.005750000000000165,0.005750000000000165
592,4,1000,0.04050000000000065,0.005220000000000082,0.005400000000000155,0.005400000000000155
593,4,1000,0.04050000000000065,0.005220000000000082,0.005400000000000155,0.005400000000000155
594,4,1000,0.04210000000000069,0.005410000000000087,0.005750000000000165,0.005750000000000165
595,4,1000,0.04315000000000072,0.005550000000000091,0.005750000000000165,0.005750000000000165
596,4,1000,0.04050000000000065,0.005220000000000082,0.005400000000000155,0.005400000000000155
597,4,1000,0.041100000000000664,0.005300000000000084,0.005750000000000165,0.005750000000000165
598,4,1000,0.042200000000000695,0.0054233333333334206,0.005750000000000165,0.005750000000000165
599,4,1000,0.04160000000000068,0.005343333333333419,0.005750000000000165,0.005750000000000165
600,4,1000,0.04310000000000072,0.005543333333333424,0.005750000000000165,0.005750000000000165
601,4,1000,0.04120000000000067,0.005313333333333418,0.005750000000000165,0.005750000000000165
602,4,1000,0.04140000000000067,0.005316666666666749,0.005699999999999993,0.005699999999999993
603,4,1000,0.04050000000000065,0.005220000000000082,0.005400000000000155,0.005400000000000155
604,4,1000,0.04140000000000067,0.005316666666666751,0.005750000000000165,0.005750000000000165
605,4,1000,0.04050000000000065,0.005220000000000082,0.005400000000000155,0.005400000000000155
606,4,1000,0.04195000000000069,0.005413333333333422,0.005750000000000165,0.005750000000000165
607,4,1000,0.04155000000000068,0.005336666666666752,0.005750000000000165,0.005750000000000165
608,4,1000,0.041100000000000664,0.005276666666666748,0.005650000000000162,0.005650000000000162
609,4,1000,0.04165000000000068,0.005350000000000086,0.005750000000000165,0.005750000000000165
610,4,1000,0.04050000000000065,0.005220000000000082,0.005400000000000155,0.005400000000000155
611,4,1000,0.0422500000000007,0.005433333333333421,0.005750000000000165,0.005750000000000165
612,4,1000,0.04170000000000068,0.005380000000000087,0.005750000000000165,0.005750000000000165
613,4,1000,0.043250000000000725,0.005563333333333424,0.005750000000000165,0.005750000000000165
614,4,1000,0.043250000000000725,0.005563333333333424,0.005750000000000165,0.005750000000000165
615,4,1000,0.04295000000000072,0.005540000000000091,0.005750000000000165,0.005750000000000165
616,4,1000,0.04275000000000071,0.005496666666666756,0.005750000000000165,0.005750000000000165
617,4,1000,0.04050000000000065,0.005220000000000082,0.005400000000000155,0.005400000000000155
618,4,1000,0.040750000000000654,0.005236666666666749,0.005400000000000155,0.005400000000000155
619,4,1000,0.04160000000000068,0.005366666666666751,0.005750000000000165,0.005750000000000165
620,4,1000,0.04095000000000066,0.0052566666666667506,0.0055000000000001575,0.0055000000000001575
621,4,1000,0.04315000000000072,0.005550000000000091,0.005750000000000165,0.005750000000000165
622,4,1000,0.04050000000000065,0.005220000000000082,0.005400000000000155,0.005400000000000155
623,4,1000,0.04270000000000071,0.005490000000000089,0.005750000000000165,0.005750000000000165
624,4,1000,0.042900000000000715,0.005533333333333424,0.005750000000000165,0.005750000000000165
625,4,1000,0.04130000000000067,0.005303333333333418,0.005750000000000165,0.005750000000000165
626,4,1000,0.041800000000000684,0.005370000000000086,0.005750000000000165,0.005750000000000165
627,4,1000,0.04275000000000071,0.005496666666666756,0.005750000000000165,0.005750000000000165
628,4,1000,0.04050000000000065,0.005220000000000082,0.005400000000000155,0.005400000000000155
629,4,1000,0.042900000000000715,0.0055166666666667565,0.005750000000000165,0.005750000000000165
630,4,1000,0.04050000000000065,0.005220000000000082,0.005400000000000155,0.005400000000000155
631,4,1000,0.04135000000000067,0.005310000000000084,0.005750000000000165,0.005750000000000165
632,4,1000,0.04050000000000065,0.005220000000000082,0.005400000000000155,0.005400000000000155
633,4,1000,0.041100000000000664,0.005276666666666748,0.005650000000000162,0.005650000000000162
634,4,1000,0.041800000000000684,0.005370000000000086,0.005750000000000165,0.005750000000000165
635,4,1000,0.04050000000000065,0.005220000000000082,0.005400000000000155,0.005400000000000155
636,4,1000,0.04265000000000071,0.0054833333333334225,0.005750000000000165,0.005750000000000165
637,4,1000,0.042900000000000715,0.0055166666666667565,0.005750000000000165,0.005750000000000165
638,4,1000,0.041850000000000685,0.005376666666666753,0.005750000000000165,0.005750000000000165
639,4,1000,0.040800000000000655,0.005260000000000083,0.005700000000000163,0.005700000000000163
640,4,1000,0.04155000000000068,0.005336666666666752,0.005750000000000165,0.005750000000000165
641,4,1000,0.04050000000000065,0.005220000000000082,0.005400000000000155,0.005400000000000155
642,4,1000,0.04050000000000065,0.005220000000000082,0.005400000000000155,0.005400000000000155
643,4,1000,0.043200000000000724,0.005556666666666757,0.005750000000000165,0.005750000000000165
644,4,1000,0.04050000000000065,0.005220000000000082,0.005400000000000155,0.005400000000000155
645,4,1000,0.0422500000000007,0.0054300000000000875,0.005750000000000165,0.005750000000000165
646,4,1000,0.04275000000000071,0.005496666666666756,0.005750000000000165,0.005750000000000165
647,4,1000,0.041850000000000685,0.005376666666666753,0.005750000000000165,0.005750000000000165
648,4,1000,0.04050000000000065,0.005220000000000082,0.005400000000000155,0.005400000000000155
649,4,1000,0.04280000000000071,0.005503333333333423,0.005750000000000165,0.005750000000000165
650,4,1000,0.041850000000000685,0.005376666666666753,0.005750000000000165,0.005750000000000165
651,4,1000,0.04055000000000065,0.005223333333333415,0.005400000000000155,0.005400000000000155
652,4,1000,0.04070000000000065,0.005246666666666749,0.005599999999999994,0.005599999999999994
653,4,1000,0.043200000000000724,0.005556666666666757,0.005750000000000165,0.005750000000000165
654,4,1000,0.04095000000000066,0.0052566666666667506,0.0055000000000001575,0.0055000000000001575
655,4,1000,0.04105000000000066,0.005270000000000082,0.00560000000000016,0.00560000000000016
656,4,1000,0.04170000000000068,0.005356666666666752,0.005750000000000165,0.005750000000000165
657,4,1000,0.04050000000000065,0.005220000000000082,0.005400000000000155,0.005400000000000155
658,4,1000,0.04050000000000065,0.005220000000000082,0.005400000000000155,0.005400000000000155
659,4,1000,0.042550000000000705,0.0054700000000000885,0.005750000000000165,0.005750000000000165
660,4,1000,0.04050000000000065,0.005220000000000082,0.005400000000000155,0.005400000000000155
661,4,1000,0.041100000000000664,0.005276666666666748,0.005650000000000162,0.005650000000000162
662,4,1000,0.04200000000000069,0.0053966666666667535,0.005750000000000165,0.005750000000000165
663,4,1000,0.042850000000000714,0.0055100000000000895,0.005750000000000165,0.005750000000000165
664,4,1000,0.04170000000000068,0.005356666666666752,0.005750000000000165,0.005750000000000165
665,4,1000,0.040750000000000654,0.005253333333333415,0.005650000000000162,0.005650000000000162
666,4,1000,0.04050000000000065,0.005220000000000082,0.005400000000000155,0.005400000000000155
667,4,1000,0.04050000000000065,0.005220000000000082,0.005400000000000155,0.005400000000000155
668,4,1000,0.04050000000000065,0.005220000000000082,0.005400000000000155,0.005400000000000155
669,4,1000,0.042900000000000715,0.0055166666666667565,0.005750000000000165,0.005750000000000165
670,4,1000,0.04305000000000072,0.005536666666666757,0.005750000000000165,0.005750000000000165
671,4,1000,0.04095000000000066,0.0052566666666667506,0.0055000000000001575,0.0055000000000001575
672,4,1000,0.041100000000000664,0.005300000000000084,0.005750000000000165,0.005750000000000165
673,4,1000,0.04070000000000065,0.0052333333333334136,0.005400000000000155,0.005400000000000155
674,4,1000,0.04050000000000065,0.005220000000000082,0.005400000000000155,0.005400000000000155
675,4,1000,0.04065000000000065,0.005230000000000081,0.005400000000000155,0.005400000000000155
676,4,1000,0.04050000000000065,0.005220000000000082,0.005400000000000155,0.005400000000000155
677,4,1000,0.04050000000000065,0.005220000000000082,0.005400000000000155,0.005400000000000155
678,4,1000,0.04305000000000072,0.005536666666666757,0.005750000000000165,0.005750000000000165
679,4,1000,0.04050000000000065,0.005220000000000082,0.005400000000000155,0.005400000000000155
680,4,1000,0.04065000000000065,0.005230000000000081,0.005400000000000155,0.005400000000000155
681,4,1000,0.04050000000000065,0.005220000000000082,0.005400000000000155,0.005400000000000155
682,4,1000,0.04050000000000065,0.005220000000000082,0.005400000000000155,0.005400000000000155
683,4,1000,0.04050000000000065,0.005220000000000082,0.005400000000000155,0.005400000000000155
684,4,1000,0.04050000000000065,0.005220000000000082,0.005400000000000155,0.005400000000000155
685,4,1000,0.04095000000000066,0.0052566666666667506,0.0055000000000001575,0.0055000000000001575
686,4,1000,0.04175000000000068,0.005363333333333419,0.005750000000000165,0.005750000000000165
687,4,1000,0.04070000000000065,0.005246666666666749,0.005550000000000159,0.005550000000000159
688,4,1000,0.04140000000000067,0.005316666666666749,0.005749999999999965,0.005749999999999965
689,4,1000,0.041450000000000674,0.005346666666666751,0.005750000000000165,0.005750000000000165
690,4,1000,0.04310000000000072,0.005543333333333424,0.005750000000000165,0.005750000000000165
691,4,1000,0.04280000000000071,0.005503333333333423,0.005750000000000165,0.005750000000000165
692,4,1000,0.0423000000000007,0.0054366666666667545,0.005750000000000165,0.005750000000000165
693,4,1000,0.04380000000000074,0.00563666666666676,0.006050000000000173,0.006050000000000173
694,4,1000,0.04270000000000071,0.005490000000000089,0.005750000000000165,0.005750000000000165
695,4,1000,0.04265000000000071,0.0054833333333334225,0.005750000000000165,0.005750000000000165
696,4,1000,0.04195000000000069,0.0053900000000000866,0.005750000000000165,0.005750000000000165
697,4,1000,0.04135000000000067,0.005310000000000084,0.005750000000000165,0.005750000000000165
698,4,1000,0.04095000000000066,0.005280000000000082,0.005749999999999965,0.005749999999999965
699,4,1000,0.04190000000000069,0.005406666666666754,0.005750000000000165,0.005750000000000165
700,4,1000,0.042850000000000714,0.0055100000000000895,0.005750000000000165,0.005750000000000165
701,4,1000,0.0424500000000007,0.0054566666666667546,0.005750000000000165,0.005750000000000165
702,4,1000,0.0422500000000007,0.005453333333333421,0.005750000000000165,0.005750000000000165
703,4,1000,0.04050000000000065,0.005220000000000082,0.005400000000000155,0.005400000000000155
704,4,1000,0.04050000000000065,0.005220000000000082,0.005400000000000155,0.005400000000000155
705,4,1000,0.04175000000000068,0.005360000000000087,0.005750000000000165,0.005750000000000165
706,4,1000,0.04050000000000065,0.005220000000000082,0.005400000000000155,0.005400000000000155
707,4,1000,0.04050000000000065,0.005220000000000082,0.005400000000000155,0.005400000000000155
708,4,1000,0.042150000000000694,0.005440000000000089,0.005750000000000165,0.005750000000000165
709,4,1000,0.042900000000000715,0.0055166666666667565,0.005750000000000165,0.005750000000000165
710,4,1000,0.0424500000000007,0.005460000000000089,0.005750000000000165,0.005750000000000165
711,4,1000,0.04280000000000071,0.005503333333333423,0.005750000000000165,0.005750000000000165
712,4,1000,0.041100000000000664,0.005276666666666748,0.005650000000000162,0.005650000000000162
713,4,1000,0.04085000000000066,0.005243333333333415,0.005400000000000155,0.005400000000000155
714,4,1000,0.041150000000000665,0.005283333333333414,0.005700000000000163,0.005700000000000163
715,4,1000,0.04205000000000069,0.0054033333333334205,0.005750000000000165,0.005750000000000165
716,4,1000,0.0423500000000007,0.0054433333333334215,0.005750000000000165,0.005750000000000165
717,4,1000,0.042200000000000695,0.0054233333333334206,0.005750000000000165,0.005750000000000165
718,4,1000,0.04125000000000067,0.005296666666666751,0.005750000000000165,0.005750000000000165
719,4,1000,0.04345000000000073,0.005566666666666759,0.005900000000000169,0.005900000000000169
720,4,1000,0.042550000000000705,0.005473333333333422,0.005750000000000165,0.005750000000000165
721,4,1000,0.04095000000000066,0.0052566666666667506,0.0055000000000001575,0.0055000000000001575
722,4,1000,0.04275000000000071,0.005496666666666756,0.005750000000000165,0.005750000000000165
723,4,1000,0.0423500000000007,0.0054433333333334215,0.005750000000000165,0.005750000000000165
724,4,1000,0.04165000000000068,0.005350000000000086,0.005750000000000165,0.005750000000000165
725,4,1000,0.04085000000000066,0.005243333333333415,0.005400000000000155,0.005400000000000155
726,4,1000,0.04480000000000077,0.005770000000000096,0.006050000000000173,0.006050000000000173
727,4,1000,0.0422500000000007,0.0054300000000000875,0.005750000000000165,0.005750000000000165
728,4,1000,0.04370000000000074,0.005613333333333425,0.006050000000000173,0.006050000000000173
729,4,1000,0.041800000000000684,0.005370000000000086,0.005750000000000165,0.005750000000000165
730,4,1000,0.04275000000000071,0.00550000000000009,0.005750000000000165,0.005750000000000165
731,4,1000,0.043900000000000744,0.005626666666666758,0.006050000000000173,0.006050000000000173
732,4,1000,0.04050000000000065,0.005220000000000082,0.005400000000000155,0.005400000000000155
733,4,1000,0.04050000000000065,0.005220000000000082,0.005400000000000155,0.005400000000000155
734,4,1000,0.040800000000000655,0.005240000000000081,0.005400000000000155,0.005400000000000155
735,4,1000,0.04050000000000065,0.005220000000000082,0.005400000000000155,0.005400000000000155
736,4,1000,0.042200000000000695,0.005446666666666755,0.005750000000000165,0.005750000000000165
737,4,1000,0.04085000000000066,0.005243333333333415,0.005400000000000155,0.005400000000000155
738,4,1000,0.04050000000000065,0.005220000000000082,0.005400000000000155,0.005400000000000155
739,4,1000,0.04050000000000065,0.005220000000000082,0.005400000000000155,0.005400000000000155
740,4,1000,0.043200000000000724,0.005556666666666757,0.005750000000000165,0.005750000000000165
741,4,1000,0.04155000000000068,0.005336666666666752,0.005750000000000165,0.005750000000000165
742,4,1000,0.04050000000000065,0.005220000000000082,0.005400000000000155,0.005400000000000155
743,4,1000,0.0424500000000007,0.0054566666666667546,0.005750000000000165,0.005750000000000165
744,4,1000,0.043250000000000725,0.005563333333333424,0.005750000000000165,0.005750000000000165
745,4,1000,0.041850000000000685,0.005376666666666753,0.005750000000000165,0.005750000000000165
746,4,1000,0.04280000000000071,0.005503333333333423,0.005750000000000165,0.005750000000000165
747,4,1000,0.04125000000000067,0.005296666666666751,0.005750000000000165,0.005750000000000165
748,4,1000,0.04085000000000066,0.005243333333333415,0.005400000000000155,0.005400000000000155
749,4,1000,0.04280000000000071,0.005503333333333423,0.005750000000000165,0.005750000000000165
750,4,1000,0.04155000000000068,0.005336666666666752,0.005750000000000165,0.005750000000000165
751,4,1000,0.04050000000000065,0.005220000000000082,0.005400000000000155,0.005400000000000155
752,4,1000,0.04050000000000065,0.005220000000000082,0.005400000000000155,0.005400000000000155
753,4,1000,0.04205000000000069,0.0054033333333334205,0.005750000000000165,0.005750000000000165
754,4,1000,0.042500000000000704,0.0054633333333334215,0.005750000000000165,0.005750000000000165
755,4,1000,0.04205000000000069,0.0054033333333334205,0.005750000000000165,0.005750000000000165
756,4,1000,0.04055000000000065,0.005223333333333415,0.005400000000000155,0.005400000000000155
757,4,1000,0.04155000000000068,0.005360000000000085,0.005750000000000165,0.005750000000000165
758,4,1000,0.04195000000000069,0.0053900000000000866,0.005750000000000165,0.005750000000000165
759,4,1000,0.04050000000000065,0.005220000000000082,0.005400000000000155,0.005400000000000155
760,4,1000,0.04050000000000065,0.005220000000000082,0.005400000000000155,0.005400000000000155
761,4,1000,0.04310000000000072,0.005543333333333424,0.005750000000000165,0.005750000000000165
762,4,1000,0.042550000000000705,0.0054700000000000885,0.005750000000000165,0.005750000000000165
763,4,1000,0.04140000000000067,0.005316666666666751,0.005750000000000165,0.005750000000000165
764,4,1000,0.04315000000000072,0.005550000000000091,0.005750000000000165,0.005750000000000165
765,4,1000,0.04050000000000065,0.005220000000000082,0.005400000000000155,0.005400000000000155
766,4,1000,0.0424000000000007,0.0054500000000000885,0.005750000000000165,0.005750000000000165
767,4,1000,0.041450000000000674,0.005323333333333418,0.005750000000000165,0.005750000000000165
768,4,1000,0.042900000000000715,0.0055166666666667565,0.005750000000000165,0.005750000000000165
769,4,1000,0.0423000000000007,0.0054366666666667545,0.005750000000000165,0.005750000000000165
770,4,1000,0.04085000000000066,0.005243333333333415,0.005400000000000155,0.005400000000000155
771,4,1000,0.04200000000000069,0.005400000000000087,0.005750000000000165,0.005750000000000165
772,4,1000,0.04345000000000073,0.00558000000000009,0.006050000000000173,0.006050000000000173
773,4,1000,0.04200000000000069,0.005410000000000086,0.005750000000000165,0.005750000000000165
774,4,1000,0.04050000000000065,0.005220000000000082,0.005400000000000155,0.005400000000000155
775,4,1000,0.04050000000000065,0.005220000000000082,0.005400000000000155,0.005400000000000155
776,4,1000,0.04160000000000068,0.005343333333333419,0.005750000000000165,0.005750000000000165
777,4,1000,0.041100000000000664,0.005276666666666748,0.005650000000000162,0.005650000000000162
778,4,1000,0.04190000000000069,0.00539333333333342,0.005750000000000165,0.005750000000000165
779,4,1000,0.04050000000000065,0.005220000000000082,0.005400000000000155,0.005400000000000155
780,4,1000,0.04275000000000071,0.005496666666666756,0.005750000000000165,0.005750000000000165
781,4,1000,0.04300000000000072,0.00553000000000009,0.005750000000000165,0.005750000000000165
782,4,1000,0.04050000000000065,0.005220000000000082,0.005400000000000155,0.005400000000000155
783,4,1000,0.041150000000000665,0.005283333333333414,0.005700000000000163,0.005700000000000163
784,4,1000,0.043200000000000724,0.005556666666666757,0.005750000000000165,0.005750000000000165
785,4,1000,0.04050000000000065,0.005220000000000082,0.005400000000000155,0.005400000000000155
786,4,1000,0.042150000000000694,0.005420000000000088,0.005750000000000165,0.005750000000000165
787,4,1000,0.04050000000000065,0.005220000000000082,0.005400000000000155,0.005400000000000155
788,4,1000,0.04135000000000067,0.005310000000000084,0.005750000000000165,0.005750000000000165
789,4,1000,0.04050000000000065,0.005220000000000082,0.005400000000000155,0.005400000000000155
790,4,1000,0.04310000000000072,0.005543333333333424,0.005750000000000165,0.005750000000000165
791,4,1000,0.0423000000000007,0.0054366666666667545,0.005750000000000165,0.005750000000000165
792,4,1000,0.0423500000000007,0.0054433333333334215,0.005750000000000165,0.005750000000000165
793,4,1000,0.04050000000000065,0.005220000000000082,0.005400000000000155,0.005400000000000155
794,4,1000,0.041150000000000665,0.00530666666666675,0.005750000000000009,0.005750000000000009
795,4,1000,0.04260000000000071,0.0054766666666667555,0.005750000000000165,0.005750000000000165
796,4,1000,0.04050000000000065,0.005220000000000082,0.005400000000000155,0.005400000000000155
797,4,1000,0.0424500000000007,0.0054566666666667546,0.005750000000000165,0.005750000000000165
798,4,1000,0.0422500000000007,0.005430000000000086,0.0057500000000000155,0.0057500000000000155
799,4,1000,0.04090000000000066,0.00525000000000008,0.005450000000000156,0.005450000000000156
800,4,1000,0.042550000000000705,0.0054700000000000885,0.005750000000000165,0.005750000000000165
801,4,1000,0.041850000000000685,0.005376666666666753,0.005750000000000165,0.005750000000000165
802,4,1000,0.043200000000000724,0.005556666666666757,0.005750000000000165,0.005750000000000165
803,4,1000,0.04160000000000068,0.005343333333333419,0.005750000000000165,0.005750000000000165
804,4,1000,0.04275000000000071,0.005520000000000092,0.005750000000000165,0.005750000000000165
805,4,1000,0.04095000000000066,0.005280000000000082,0.005749999999999965,0.005749999999999965
806,4,1000,0.04090000000000066,0.00525000000000008,0.005450000000000156,0.005450000000000156
807,4,1000,0.04125000000000067,0.005296666666666751,0.005750000000000165,0.005750000000000165
808,4,1000,0.042550000000000705,0.0054700000000000885,0.005750000000000165,0.005750000000000165
809,4,1000,0.04135000000000067,0.005310000000000084,0.005750000000000165,0.005750000000000165
810,4,1000,0.042900000000000715,0.005493333333333421,0.0058500000000001676,0.0058500000000001676
811,4,1000,0.0423500000000007,0.0054433333333334215,0.005750000000000165,0.005750000000000165
812,4,1000,0.04050000000000065,0.005220000000000082,0.005400000000000155,0.005400000000000155
813,4,1000,0.04050000000000065,0.005220000000000082,0.005400000000000155,0.005400000000000155
814,4,1000,0.0423000000000007,0.0054366666666667545,0.005750000000000165,0.005750000000000165
815,4,1000,0.040800000000000655,0.0052600000000000815,0.005650000000000162,0.005650000000000162
816,4,1000,0.04310000000000072,0.005543333333333424,0.005750000000000165,0.005750000000000165
817,4,1000,0.042550000000000705,0.005493333333333422,0.005750000000000165,0.005750000000000165
818,4,1000,0.042200000000000695,0.0054233333333334206,0.005750000000000165,0.005750000000000165
819,4,1000,0.04050000000000065,0.005220000000000082,0.005400000000000155,0.005400000000000155
820,4,1000,0.04050000000000065,0.005220000000000082,0.005400000000000155,0.005400000000000155
821,4,1000,0.043250000000000725,0.005563333333333424,0.005750000000000165,0.005750000000000165
822,4,1000,0.041450000000000674,0.005323333333333418,0.005750000000000165,0.005750000000000165
823,4,1000,0.041100000000000664,0.005276666666666748,0.005650000000000162,0.005650000000000162
824,4,1000,0.041150000000000665,0.005283333333333414,0.005700000000000163,0.005700000000000163
825,4,1000,0.0424500000000007,0.0054566666666667546,0.005750000000000165,0.005750000000000165
826,4,1000,0.043200000000000724,0.005556666666666757,0.005750000000000165,0.005750000000000165
827,4,1000,0.04050000000000065,0.005220000000000082,0.005400000000000155,0.005400000000000155
828,4,1000,0.04210000000000069,0.005410000000000087,0.005750000000000165,0.005750000000000165
829,4,1000,0.04265000000000071,0.0054833333333334225,0.005750000000000165,0.005750000000000165
830,4,1000,0.04050000000000065,0.005220000000000082,0.005400000000000155,0.005400000000000155
831,4,1000,0.04270000000000071,0.005490000000000089,0.005750000000000165,0.005750000000000165
832,4,1000,0.0422500000000007,0.0054300000000000875,0.005750000000000165,0.005750000000000165
833,4,1000,0.04050000000000065,0.005220000000000082,0.005400000000000155,0.005400000000000155
834,4,1000,0.040750000000000654,0.005253333333333415,0.005549999999999966,0.005549999999999966
835,4,1000,0.0422500000000007,0.0054300000000000875,0.005750000000000165,0.005750000000000165
836,4,1000,0.04050000000000065,0.005220000000000082,0.005400000000000155,0.005400000000000155
837,4,1000,0.04050000000000065,0.005220000000000082,0.005400000000000155,0.005400000000000155
838,4,1000,0.04050000000000065,0.005220000000000082,0.005400000000000155,0.005400000000000155
839,4,1000,0.04050000000000065,0.005220000000000082,0.005400000000000155,0.005400000000000155
840,4,1000,0.04160000000000068,0.005343333333333419,0.005750000000000165,0.005750000000000165
841,4,1000,0.04310000000000072,0.005543333333333424,0.005750000000000165,0.005750000000000165
842,4,1000,0.04050000000000065,0.005220000000000082,0.005400000000000155,0.005400000000000155
843,4,1000,0.04305000000000072,0.005536666666666757,0.005750000000000165,0.005750000000000165
844,4,1000,0.04300000000000072,0.005543333333333424,0.005750000000000165,0.005750000000000165
845,4,1000,0.04050000000000065,0.005220000000000082,0.005400000000000155,0.005400000000000155
846,4,1000,0.04050000000000065,0.005220000000000082,0.005400000000000155,0.005400000000000155
847,4,1000,0.04195000000000069,0.00541333333333342,0.005750000000000165,0.005750000000000165
848,4,1000,0.04050000000000065,0.005220000000000082,0.005400000000000155,0.005400000000000155
849,4,1000,0.04155000000000068,0.005360000000000085,0.005750000000000165,0.005750000000000165
850,4,1000,0.04170000000000068,0.005356666666666752,0.005750000000000165,0.005750000000000165
851,4,1000,0.04275000000000071,0.005496666666666756,0.005750000000000165,0.005750000000000165
852,4,1000,0.04270000000000071,0.005490000000000089,0.005750000000000165,0.005750000000000165
853,4,1000,0.04050000000000065,0.005220000000000082,0.005400000000000155,0.005400000000000155
854,4,1000,0.04135000000000067,0.0053300000000000855,0.005750000000000165,0.005750000000000165
855,4,1000,0.042200000000000695,0.0054233333333334206,0.005750000000000165,0.005750000000000165
856,4,1000,0.0424000000000007,0.005470000000000089,0.005750000000000165,0.005750000000000165
857,4,1000,0.04170000000000068,0.005356666666666752,0.005750000000000165,0.005750000000000165
858,4,1000,0.04050000000000065,0.005220000000000082,0.005400000000000155,0.005400000000000155
859,4,1000,0.041500000000000675,0.005353333333333419,0.005750000000000165,0.005750000000000165
860,4,1000,0.04270000000000071,0.005490000000000089,0.005750000000000165,0.005750000000000165
861,4,1000,0.04170000000000068,0.005380000000000087,0.005750000000000165,0.005750000000000165
862,4,1000,0.041800000000000684,0.005370000000000086,0.005750000000000165,0.005750000000000165
863,4,1000,0.04300000000000072,0.00553000000000009,0.005750000000000165,0.005750000000000165
864,4,1000,0.04060000000000065,0.005226666666666748,0.005400000000000155,0.005400000000000155
865,4,1000,0.04050000000000065,0.005220000000000082,0.005400000000000155,0.005400000000000155
866,4,1000,0.04050000000000065,0.005220000000000082,0.005400000000000155,0.005400000000000155
867,4,1000,0.0424000000000007,0.0054500000000000885,0.005750000000000165,0.005750000000000165
868,4,1000,0.04050000000000065,0.005220000000000082,0.005400000000000155,0.005400000000000155
869,4,1000,0.04175000000000068,0.005386666666666752,0.005750000000000165,0.005750000000000165
870,4,1000,0.041100000000000664,0.005276666666666748,0.005650000000000162,0.005650000000000162
871,4,1000,0.04280000000000071,0.005503333333333423,0.005750000000000165,0.005750000000000165
872,4,1000,0.04050000000000065,0.005220000000000082,0.005400000000000155,0.005400000000000155
873,4,1000,0.04165000000000068,0.005373333333333419,0.005750000000000165,0.005750000000000165
874,4,1000,0.04050000000000065,0.005220000000000082,0.005400000000000155,0.005400000000000155
875,4,1000,0.04050000000000065,0.005220000000000082,0.005400000000000155,0.005400000000000155
876,4,1000,0.04050000000000065,0.005220000000000082,0.005400000000000155,0.005400000000000155
877,4,1000,0.04050000000000065,0.005220000000000082,0.005400000000000155,0.005400000000000155
878,4,1000,0.04050000000000065,0.005220000000000082,0.005400000000000155,0.005400000000000155
879,4,1000,0.04120000000000067,0.005313333333333418,0.005750000000000165,0.005750000000000165
880,4,1000,0.04050000000000065,0.005220000000000082,0.005400000000000155,0.005400000000000155
881,4,1000,0.04175000000000068,0.005386666666666752,0.005750000000000165,0.005750000000000165
882,4,1000,0.04195000000000069,0.0053900000000000866,0.005750000000000165,0.005750000000000165
883,4,1000,0.04315000000000072,0.005550000000000091,0.005750000000000165,0.005750000000000165
884,4,1000,0.04295000000000072,0.005523333333333423,0.005750000000000165,0.005750000000000165
885,4,1000,0.04050000000000065,0.005220000000000082,0.005400000000000155,0.005400000000000155
886,4,1000,0.04090000000000066,0.00525000000000008,0.005450000000000156,0.005450000000000156
887,4,1000,0.04050000000000065,0.005220000000000082,0.005400000000000155,0.005400000000000155
888,4,1000,0.04210000000000069,0.005410000000000087,0.005750000000000165,0.005750000000000165
889,4,1000,0.04170000000000068,0.005370000000000086,0.005750000000000165,0.005750000000000165
890,4,1000,0.04155000000000068,0.005336666666666752,0.005750000000000165,0.005750000000000165
891,4,1000,0.04050000000000065,0.005220000000000082,0.005400000000000155,0.005400000000000155
892,4,1000,0.04050000000000065,0.005220000000000082,0.005400000000000155,0.005400000000000155
893,4,1000,0.04050000000000065,0.005220000000000082,0.005400000000000155,0.005400000000000155
894,4,1000,0.04095000000000066,0.0052566666666667506,0.0055000000000001575,0.0055000000000001575
895,4,1000,0.04050000000000065,0.005220000000000082,0.005400000000000155,0.005400000000000155
896,4,1000,0.04130000000000067,0.005326666666666752,0.005750000000000165,0.005750000000000165
897,4,1000,0.04135000000000067,0.005310000000000084,0.005750000000000165,0.005750000000000165
898,4,1000,0.04120000000000067,0.005290000000000084,0.005750000000000165,0.005750000000000165
899,4,1000,0.041100000000000664,0.005276666666666748,0.005650000000000162,0.005650000000000162
900,4,1000,0.04170000000000068,0.005380000000000087,0.005750000000000165,0.005750000000000165
901,4,1000,0.042150000000000694,0.005416666666666754,0.005750000000000165,0.005750000000000165
902,4,1000,0.040800000000000655,0.005240000000000081,0.005400000000000155,0.005400000000000155
903,4,1000,0.04050000000000065,0.005220000000000082,0.005400000000000155,0.005400000000000155
904,4,1000,0.04050000000000065,0.005220000000000082,0.005400000000000155,0.005400000000000155
905,4,1000,0.042200000000000695,0.0054233333333334206,0.005750000000000165,0.005750000000000165
906,4,1000,0.04305000000000072,0.005536666666666757,0.005750000000000165,0.005750000000000165
907,4,1000,0.04190000000000069,0.005406666666666754,0.005750000000000165,0.005750000000000165
908,4,1000,0.0423500000000007,0.005466666666666755,0.005750000000000165,0.005750000000000165
909,4,1000,0.04120000000000067,0.005290000000000084,0.005750000000000165,0.005750000000000165
910,4,1000,0.04170000000000068,0.005380000000000087,0.005750000000000165,0.005750000000000165
911,4,1000,0.042850000000000714,0.0055100000000000895,0.005750000000000165,0.005750000000000165
912,4,1000,0.04300000000000072,0.00553000000000009,0.005750000000000165,0.005750000000000165
913,4,1000,0.04295000000000072,0.005523333333333423,0.005750000000000165,0.005750000000000165
914,4,1000,0.041150000000000665,0.005283333333333414,0.005700000000000163,0.005700000000000163
915,4,1000,0.043550000000000734,0.00558000000000009,0.0058500000000001676,0.0058500000000001676
916,4,1000,0.04260000000000071,0.0054766666666667555,0.005750000000000165,0.005750000000000165
917,4,1000,0.042200000000000695,0.0054233333333334206,0.005750000000000165,0.005750000000000165
918,4,1000,0.042550000000000705,0.0054700000000000885,0.005750000000000165,0.005750000000000165
919,4,1000,0.04305000000000072,0.005536666666666757,0.005750000000000165,0.005750000000000165
920,4,1000,0.04310000000000072,0.005543333333333424,0.005750000000000165,0.005750000000000165
921,4,1000,0.04050000000000065,0.005220000000000082,0.005400000000000155,0.005400000000000155
922,4,1000,0.04090000000000066,0.00525000000000008,0.005450000000000156,0.005450000000000156
923,4,1000,0.04105000000000066,0.005270000000000081,0.005550000000000159,0.005550000000000159
924,4,1000,0.0423000000000007,0.0054366666666667545,0.005750000000000165,0.005750000000000165
925,4,1000,0.04265000000000071,0.0054833333333334225,0.005750000000000165,0.005750000000000165
926,4,1000,0.042500000000000704,0.0054633333333334215,0.005750000000000165,0.005750000000000165
927,4,1000,0.04050000000000065,0.005220000000000082,0.005400000000000155,0.005400000000000155
928,4,1000,0.04295000000000072,0.005523333333333423,0.005750000000000165,0.005750000000000165
929,4,1000,0.04160000000000068,0.005366666666666751,0.005750000000000165,0.005750000000000165
930,4,1000,0.041100000000000664,0.005300000000000084,0.005749999999999998,0.005749999999999998
931,4,1000,0.04295000000000072,0.005523333333333423,0.005750000000000165,0.005750000000000165
932,4,1000,0.04050000000000065,0.005220000000000082,0.005400000000000155,0.005400000000000155
933,4,1000,0.040800000000000655,0.0052600000000000815,0.005700000000000163,0.005700000000000163
934,4,1000,0.04200000000000069,0.0053966666666667535,0.005750000000000165,0.005750000000000165
935,4,1000,0.04050000000000065,0.005220000000000082,0.005400000000000155,0.005400000000000155
936,4,1000,0.0422500000000007,0.005406666666666752,0.006050000000000173,0.006050000000000173
937,4,1000,0.04050000000000065,0.005220000000000082,0.005400000000000155,0.005400000000000155
938,4,1000,0.04065000000000065,0.005240000000000081,0.0055000000000001575,0.0055000000000001575
939,4,1000,0.042850000000000714,0.0055100000000000895,0.005750000000000165,0.005750000000000165
940,4,1000,0.043250000000000725,0.005563333333333424,0.005750000000000165,0.005750000000000165
941,4,1000,0.04085000000000066,0.005243333333333415,0.005400000000000155,0.005400000000000155
942,4,1000,0.04275000000000071,0.005496666666666756,0.005750000000000165,0.005750000000000165
943,4,1000,0.04050000000000065,0.005220000000000082,0.005400000000000155,0.005400000000000155
944,4,1000,0.04270000000000071,0.005490000000000089,0.005750000000000165,0.005750000000000165
945,4,1000,0.04170000000000068,0.00535666666666675,0.005749999999999993,0.005749999999999993
946,4,1000,0.04280000000000071,0.005503333333333423,0.005750000000000165,0.005750000000000165
947,4,1000,0.04270000000000071,0.005490000000000089,0.005750000000000165,0.005750000000000165
948,4,1000,0.042900000000000715,0.0055166666666667565,0.005750000000000165,0.005750000000000165
949,4,1000,0.04050000000000065,0.005220000000000082,0.005400000000000155,0.005400000000000155
950,4,1000,0.04100000000000066,0.00528666666666675,0.00575,0.00575
951,4,1000,0.04120000000000067,0.005290000000000084,0.005750000000000165,0.005750000000000165
952,4,1000,0.04105000000000066,0.005293333333333418,0.005750000000000165,0.005750000000000165
953,4,1000,0.040800000000000655,0.005260000000000083,0.0056999999999999655,0.0056999999999999655
954,4,1000,0.04205000000000069,0.0054033333333334205,0.005750000000000165,0.005750000000000165
955,4,1000,0.04050000000000065,0.005220000000000082,0.005400000000000155,0.005400000000000155
956,4,1000,0.04050000000000065,0.005220000000000082,0.005400000000000155,0.005400000000000155
957,4,1000,0.04050000000000065,0.005220000000000082,0.005400000000000155,0.005400000000000155
958,4,1000,0.04265000000000071,0.0054833333333334225,0.005750000000000165,0.005750000000000165
959,4,1000,0.042850000000000714,0.0055100000000000895,0.005750000000000165,0.005750000000000165
960,4,1000,0.04195000000000069,0.005390000000000085,0.005750000000000165,0.005750000000000165
961,4,1000,0.04050000000000065,0.005220000000000082,0.005400000000000155,0.005400000000000155
962,4,1000,0.04050000000000065,0.005220000000000082,0.005400000000000155,0.005400000000000155
963,4,1000,0.04100000000000066,0.005270000000000082,0.005650000000000162,0.005650000000000162
964,4,1000,0.04050000000000065,0.005220000000000082,0.005400000000000155,0.005400000000000155
965,4,1000,0.042850000000000714,0.0055100000000000895,0.005750000000000165,0.005750000000000165
966,4,1000,0.042200000000000695,0.0054233333333334206,0.005750000000000165,0.005750000000000165
967,4,1000,0.04120000000000067,0.005290000000000084,0.005750000000000165,0.005750000000000165
968,4,1000,0.043250000000000725,0.005563333333333424,0.005750000000000165,0.005750000000000165
969,4,1000,0.04105000000000066,0.005293333333333416,0.005750000000000002,0.005750000000000002
970,4,1000,0.04195000000000069,0.0053900000000000866,0.005750000000000165,0.005750000000000165
971,4,1000,0.04050000000000065,0.005220000000000082,0.005400000000000155,0.005400000000000155
972,4,1000,0.04155000000000068,0.005336666666666752,0.005750000000000165,0.005750000000000165
973,4,1000,0.04310000000000072,0.005543333333333424,0.005750000000000165,0.005750000000000165
974,4,1000,0.04050000000000065,0.005220000000000082,0.005400000000000155,0.005400000000000155
975,4,1000,0.04275000000000071,0.005496666666666756,0.005750000000000165,0.005750000000000165
976,4,1000,0.04050000000000065,0.005220000000000082,0.005400000000000155,0.005400000000000155
977,4,1000,0.04050000000000065,0.005220000000000082,0.005400000000000155,0.005400000000000155
978,4,1000,0.04050000000000065,0.005220000000000082,0.005400000000000155,0.005400000000000155
979,4,1000,0.04050000000000065,0.005220000000000082,0.005400000000000155,0.005400000000000155
980,4,1000,0.04050000000000065,0.005220000000000082,0.005400000000000155,0.005400000000000155
981,4,1000,0.04050000000000065,0.005220000000000082,0.005400000000000155,0.005400000000000155
982,4,1000,0.042200000000000695,0.0054233333333334206,0.005750000000000165,0.005750000000000165
983,4,1000,0.04050000000000065,0.005220000000000082,0.005400000000000155,0.005400000000000155
984,4,1000,0.04305000000000072,0.005536666666666757,0.005750000000000165,0.005750000000000165
985,4,1000,0.04050000000000065,0.005220000000000082,0.005400000000000155,0.005400000000000155
986,4,1000,0.042550000000000705,0.0054700000000000885,0.005750000000000165,0.005750000000000165
987,4,1000,0.04160000000000068,0.005343333333333419,0.005750000000000165,0.005750000000000165
988,4,1000,0.04090000000000066,0.00525000000000008,0.005450000000000156,0.005450000000000156
989,4,1000,0.04160000000000068,0.005343333333333419,0.005750000000000165,0.005750000000000165
990,4,1000,0.042850000000000714,0.0055100000000000895,0.005750000000000165,0.005750000000000165
991,4,1000,0.04050000000000065,0.005220000000000082,0.005400000000000155,0.005400000000000155
992,4,1000,0.04050000000000065,0.005220000000000082,0.005400000000000155,0.005400000000000155
993,4,1000,0.04085000000000066,0.005243333333333415,0.005400000000000155,0.005400000000000155
994,4,1000,0.04050000000000065,0.005220000000000082,0.005400000000000155,0.005400000000000155
995,4,1000,0.04275000000000071,0.00552000000000009,0.005750000000000165,0.005750000000000165
996,4,1000,0.0424500000000007,0.0054566666666667546,0.005750000000000165,0.005750000000000165
997,4,1000,0.04050000000000065,0.005220000000000082,0.005400000000000155,0.005400000000000155
998,4,1000,0.04050000000000065,0.005220000000000082,0.005400000000000155,0.005400000000000155
999,4,1000,0.04050000000000065,0.005220000000000082,0.005400000000000155,0.005400000000000155
