run,k,affected_fraction,completion_time_s
0,1,0.0,0.021500000000000102
0,2,0.0,0.021500000000000102
0,4,0.0,0.021500000000000102
0,8,0.0,0.021500000000000102
1,1,0.0,0.021500000000000102
1,2,0.0,0.021500000000000102
1,4,0.0,0.021500000000000102
1,8,0.0,0.021500000000000102
2,1,0.0,0.021500000000000102
2,2,0.0,0.021500000000000102
2,4,0.0,0.021500000000000102
2,8,0.0,0.021500000000000102
3,1,0.0,0.04295000000000072
3,2,0.0,0.021500000000000102
3,4,0.0,0.021500000000000102
3,8,0.0,0.021500000000000102
4,1,0.0,0.021500000000000102
4,2,0.0,0.021500000000000102
4,4,0.0,0.021500000000000102
4,8,0.0,0.021500000000000102
5,1,0.0,0.021500000000000102
5,2,0.0,0.021500000000000102
5,4,0.0,0.021500000000000102
5,8,0.0,0.021500000000000102
6,1,0.0,0.021500000000000102
6,2,0.0,0.021500000000000102
6,4,0.0,0.021500000000000102
6,8,0.0,0.021500000000000102
7,1,0.0,0.021500000000000102
7,2,0.0,0.021500000000000102
7,4,0.0,0.021500000000000102
7,8,0.0,0.021500000000000102
8,1,0.0,0.04295000000000072
8,2,0.0,0.021500000000000102
8,4,0.0,0.021500000000000102
8,8,0.0,0.021500000000000102
9,1,0.0,0.021500000000000102
9,2,0.0,0.021500000000000102
9,4,0.0,0.021500000000000102
9,8,0.0,0.021500000000000102
10,1,0.0,0.021500000000000102
10,2,0.0,0.021500000000000102
10,4,0.0,0.03460000000000048
10,8,0.0,0.02415000000000018
11,1,0.0,0.021500000000000102
11,2,0.0,0.021500000000000102
11,4,0.0,0.021500000000000102
11,8,0.0,0.021500000000000102
12,1,0.0,0.021500000000000102
12,2,0.0,0.021500000000000102
12,4,0.0,0.021500000000000102
12,8,0.0,0.021500000000000102
13,1,0.0,0.021500000000000102
13,2,0.0,0.021500000000000102
13,4,0.0,0.021500000000000102
13,8,0.0,0.021500000000000102
14,1,0.0,0.021500000000000102
14,2,0.0,0.021500000000000102
14,4,0.0,0.021500000000000102
14,8,0.0,0.021500000000000102
15,1,0.0,0.021500000000000102
15,2,0.0,0.021500000000000102
15,4,0.0,0.021500000000000102
15,8,0.0,0.021500000000000102
16,1,0.0,0.021500000000000102
16,2,0.0,0.021500000000000102
16,4,0.0,0.021500000000000102
16,8,0.0,0.021500000000000102
17,1,0.0,0.021500000000000102
17,2,0.0,0.021500000000000102
17,4,0.0,0.021500000000000102
17,8,0.0,0.021500000000000102
18,1,0.0,0.021500000000000102
18,2,0.0,0.03225000000000041
18,4,0.0,0.026850000000000256
18,8,0.0,0.021500000000000102
19,1,0.0,0.021500000000000102
19,2,0.0,0.021500000000000102
19,4,0.0,0.021500000000000102
19,8,0.0,0.021500000000000102
20,1,0.0,0.021500000000000102
20,2,0.0,0.021500000000000102
20,4,0.0,0.021500000000000102
20,8,0.0,0.021500000000000102
21,1,0.0,0.021500000000000102
21,2,0.0,0.021500000000000102
21,4,0.0,0.021500000000000102
21,8,0.0,0.021500000000000102
22,1,0.0,0.021500000000000102
22,2,0.0,0.021500000000000102
22,4,0.0,0.021500000000000102
22,8,0.0,0.021500000000000102
23,1,0.0,0.021500000000000102
23,2,0.0,0.021500000000000102
23,4,0.0,0.021500000000000102
23,8,0.0,0.021500000000000102
24,1,0.0,0.04295000000000072
24,2,0.0,0.021500000000000102
24,4,0.0,0.021500000000000102
24,8,0.0,0.021500000000000102
25,1,0.0,0.021500000000000102
25,2,0.0,0.021500000000000102
25,4,0.0,0.021500000000000102
25,8,0.0,0.021500000000000102
26,1,0.0,0.021500000000000102
26,2,0.0,0.021500000000000102
26,4,0.0,0.021500000000000102
26,8,0.0,0.021850000000000112
27,1,0.0,0.04295000000000072
27,2,0.0,0.03225000000000041
27,4,0.0,0.021500000000000102
27,8,0.0,0.021500000000000102
28,1,0.0,0.021500000000000102
28,2,0.0,0.021500000000000102
28,4,0.0,0.021500000000000102
28,8,0.0,0.021500000000000102
29,1,0.0,0.04295000000000072
29,2,0.0,0.021500000000000102
29,4,0.0,0.021500000000000102
29,8,0.0,0.021500000000000102
30,1,0.0,0.021500000000000102
30,2,0.0,0.021500000000000102
30,4,0.0,0.021500000000000102
30,8,0.0,0.021500000000000102
31,1,0.0,0.021500000000000102
31,2,0.0,0.021500000000000102
31,4,0.0,0.021500000000000102
31,8,0.0,0.021500000000000102
32,1,0.0,0.021500000000000102
32,2,0.0,0.021500000000000102
32,4,0.0,0.021500000000000102
32,8,0.0,0.021500000000000102
33,1,0.0,0.021500000000000102
33,2,0.0,0.021500000000000102
33,4,0.0,0.021500000000000102
33,8,0.0,0.021500000000000102
34,1,0.0,0.04295000000000072
34,2,0.0,0.021500000000000102
34,4,0.0,0.021500000000000102
34,8,0.0,0.021500000000000102
35,1,0.0,0.021500000000000102
35,2,0.0,0.021500000000000102
35,4,0.0,0.021500000000000102
35,8,0.0,0.021500000000000102
36,1,0.0,0.021500000000000102
36,2,0.0,0.021500000000000102
36,4,0.0,0.021500000000000102
36,8,0.0,0.021500000000000102
37,1,0.0,0.04295000000000072
37,2,0.0,0.04295000000000072
37,4,0.0,0.03225000000000041
37,8,0.0,0.021500000000000102
38,1,0.0,0.021500000000000102
38,2,0.0,0.021500000000000102
38,4,0.0,0.021500000000000102
38,8,0.0,0.021500000000000102
39,1,0.0,0.021500000000000102
39,2,0.0,0.03225000000000041
39,4,0.0,0.021500000000000102
39,8,0.0,0.021500000000000102
40,1,0.0,0.021500000000000102
40,2,0.0,0.021500000000000102
40,4,0.0,0.021500000000000102
40,8,0.0,0.021500000000000102
41,1,0.0,0.021500000000000102
41,2,0.0,0.021500000000000102
41,4,0.0,0.021500000000000102
41,8,0.0,0.021500000000000102
42,1,0.0,0.021500000000000102
42,2,0.0,0.021500000000000102
42,4,0.0,0.021500000000000102
42,8,0.0,0.021500000000000102
43,1,0.0,0.04295000000000072
43,2,0.0,0.021500000000000102
43,4,0.0,0.021500000000000102
43,8,0.0,0.021500000000000102
44,1,0.0,0.04295000000000072
44,2,0.0,0.021500000000000102
44,4,0.0,0.021500000000000102
44,8,0.0,0.021500000000000102
45,1,0.0,0.021500000000000102
45,2,0.0,0.021500000000000102
45,4,0.0,0.021500000000000102
45,8,0.0,0.021500000000000102
46,1,0.0,0.021500000000000102
46,2,0.0,0.021500000000000102
46,4,0.0,0.021500000000000102
46,8,0.0,0.021500000000000102
47,1,0.0,0.021500000000000102
47,2,0.0,0.021500000000000102
47,4,0.0,0.021500000000000102
47,8,0.0,0.022050000000000118
48,1,0.0,0.021500000000000102
48,2,0.0,0.021500000000000102
48,4,0.0,0.021500000000000102
48,8,0.0,0.021500000000000102
49,1,0.0,0.04295000000000072
49,2,0.0,0.021500000000000102
49,4,0.0,0.021500000000000102
49,8,0.0,0.021500000000000102
50,1,0.0,0.04295000000000072
50,2,0.0,0.021500000000000102
50,4,0.0,0.021500000000000102
50,8,0.0,0.021500000000000102
51,1,0.0,0.021500000000000102
51,2,0.0,0.021500000000000102
51,4,0.0,0.021500000000000102
51,8,0.0,0.021500000000000102
52,1,0.0,0.021500000000000102
52,2,0.0,0.021500000000000102
52,4,0.0,0.021500000000000102
52,8,0.0,0.021500000000000102
53,1,0.0,0.021500000000000102
53,2,0.0,0.021500000000000102
53,4,0.0,0.021500000000000102
53,8,0.0,0.021500000000000102
54,1,0.0,0.021500000000000102
54,2,0.0,0.021500000000000102
54,4,0.0,0.021500000000000102
54,8,0.0,0.021500000000000102
55,1,0.0,0.021500000000000102
55,2,0.0,0.021500000000000102
55,4,0.0,0.021500000000000102
55,8,0.0,0.021500000000000102
56,1,0.0,0.021500000000000102
56,2,0.0,0.021500000000000102
56,4,0.0,0.021500000000000102
56,8,0.0,0.021500000000000102
57,1,0.0,0.021500000000000102
57,2,0.0,0.021500000000000102
57,4,0.0,0.021500000000000102
57,8,0.0,0.021500000000000102
58,1,0.0,0.021500000000000102
58,2,0.0,0.021500000000000102
58,4,0.0,0.021500000000000102
58,8,0.0,0.021500000000000102
59,1,0.0,0.04295000000000072
59,2,0.0,0.021500000000000102
59,4,0.0,0.021500000000000102
59,8,0.0,0.021950000000000115
60,1,0.0,0.021500000000000102
60,2,0.0,0.021500000000000102
60,4,0.0,0.021500000000000102
60,8,0.0,0.021500000000000102
61,1,0.0,0.021500000000000102
61,2,0.0,0.021500000000000102
61,4,0.0,0.021500000000000102
61,8,0.0,0.021500000000000102
62,1,0.0,0.021500000000000102
62,2,0.0,0.021500000000000102
62,4,0.0,0.021500000000000102
62,8,0.0,0.021500000000000102
63,1,0.0,0.021500000000000102
63,2,0.0,0.021500000000000102
63,4,0.0,0.021500000000000102
63,8,0.0,0.021500000000000102
64,1,0.0,0.021500000000000102
64,2,0.0,0.021500000000000102
64,4,0.0,0.021500000000000102
64,8,0.0,0.021500000000000102
65,1,0.0,0.021500000000000102
65,2,0.0,0.03225000000000041
65,4,0.0,0.021500000000000102
65,8,0.0,0.021500000000000102
66,1,0.0,0.04295000000000072
66,2,0.0,0.021500000000000102
66,4,0.0,0.021500000000000102
66,8,0.0,0.021500000000000102
67,1,0.0,0.021500000000000102
67,2,0.0,0.021500000000000102
67,4,0.0,0.021500000000000102
67,8,0.0,0.021500000000000102
68,1,0.0,0.021500000000000102
68,2,0.0,0.021500000000000102
68,4,0.0,0.021500000000000102
68,8,0.0,0.021500000000000102
69,1,0.0,0.021500000000000102
69,2,0.0,0.021500000000000102
69,4,0.0,0.021500000000000102
69,8,0.0,0.021500000000000102
70,1,0.0,0.021500000000000102
70,2,0.0,0.021500000000000102
70,4,0.0,0.021500000000000102
70,8,0.0,0.021500000000000102
71,1,0.0,0.04295000000000072
71,2,0.0,0.021500000000000102
71,4,0.0,0.021500000000000102
71,8,0.0,0.021500000000000102
72,1,0.0,0.021500000000000102
72,2,0.0,0.021500000000000102
72,4,0.0,0.021500000000000102
72,8,0.0,0.021500000000000102
73,1,0.0,0.021500000000000102
73,2,0.0,0.021500000000000102
73,4,0.0,0.021500000000000102
73,8,0.0,0.021500000000000102
74,1,0.0,0.04295000000000072
74,2,0.0,0.021500000000000102
74,4,0.0,0.021500000000000102
74,8,0.0,0.021500000000000102
75,1,0.0,0.04295000000000072
75,2,0.0,0.021500000000000102
75,4,0.0,0.021500000000000102
75,8,0.0,0.021500000000000102
76,1,0.0,0.021500000000000102
76,2,0.0,0.021500000000000102
76,4,0.0,0.021500000000000102
76,8,0.0,0.021500000000000102
77,1,0.0,0.021500000000000102
77,2,0.0,0.021500000000000102
77,4,0.0,0.021500000000000102
77,8,0.0,0.021500000000000102
78,1,0.0,0.04295000000000072
78,2,0.0,0.021500000000000102
78,4,0.0,0.021500000000000102
78,8,0.0,0.021500000000000102
79,1,0.0,0.021500000000000102
79,2,0.0,0.021500000000000102
79,4,0.0,0.021500000000000102
79,8,0.0,0.021500000000000102
80,1,0.0,0.04295000000000072
80,2,0.0,0.021500000000000102
80,4,0.0,0.021500000000000102
80,8,0.0,0.021500000000000102
81,1,0.0,0.021500000000000102
81,2,0.0,0.021500000000000102
81,4,0.0,0.021500000000000102
81,8,0.0,0.021500000000000102
82,1,0.0,0.021500000000000102
82,2,0.0,0.021500000000000102
82,4,0.0,0.021500000000000102
82,8,0.0,0.021500000000000102
83,1,0.0,0.04295000000000072
83,2,0.0,0.021500000000000102
83,4,0.0,0.021500000000000102
83,8,0.0,0.021500000000000102
84,1,0.0,0.04295000000000072
84,2,0.0,0.03225000000000041
84,4,0.0,0.021500000000000102
84,8,0.0,0.021500000000000102
85,1,0.0,0.021500000000000102
85,2,0.0,0.021500000000000102
85,4,0.0,0.021500000000000102
85,8,0.0,0.021550000000000104
86,1,0.0,0.021500000000000102
86,2,0.0,0.021500000000000102
86,4,0.0,0.021500000000000102
86,8,0.0,0.021650000000000107
87,1,0.0,0.021500000000000102
87,2,0.0,0.021500000000000102
87,4,0.0,0.021500000000000102
87,8,0.0,0.021500000000000102
88,1,0.0,0.021500000000000102
88,2,0.0,0.021500000000000102
88,4,0.0,0.021500000000000102
88,8,0.0,0.021500000000000102
89,1,0.0,0.021500000000000102
89,2,0.0,0.021500000000000102
89,4,0.0,0.021500000000000102
89,8,0.0,0.021500000000000102
90,1,0.0,0.021500000000000102
90,2,0.0,0.021500000000000102
90,4,0.0,0.021500000000000102
90,8,0.0,0.021500000000000102
91,1,0.0,0.021500000000000102
91,2,0.0,0.021500000000000102
91,4,0.0,0.021500000000000102
91,8,0.0,0.022000000000000117
92,1,0.0,0.021500000000000102
92,2,0.0,0.021500000000000102
92,4,0.0,0.021500000000000102
92,8,0.0,0.021500000000000102
93,1,0.0,0.021500000000000102
93,2,0.0,0.021500000000000102
93,4,0.0,0.021500000000000102
93,8,0.0,0.021500000000000102
94,1,0.0,0.021500000000000102
94,2,0.0,0.021500000000000102
94,4,0.0,0.021500000000000102
94,8,0.0,0.021500000000000102
95,1,0.0,0.021500000000000102
95,2,0.0,0.021500000000000102
95,4,0.0,0.021500000000000102
95,8,0.0,0.021500000000000102
96,1,0.0,0.04295000000000072
96,2,0.0,0.03225000000000041
96,4,0.0,0.021500000000000102
96,8,0.0,0.021500000000000102
97,1,0.0,0.021500000000000102
97,2,0.0,0.021500000000000102
97,4,0.0,0.021500000000000102
97,8,0.0,0.021600000000000105
98,1,0.0,0.021500000000000102
98,2,0.0,0.021500000000000102
98,4,0.0,0.021500000000000102
98,8,0.0,0.021500000000000102
99,1,0.0,0.04295000000000072
99,2,0.0,0.03225000000000041
99,4,0.0,0.021500000000000102
99,8,0.0,0.021500000000000102
100,1,0.0,0.04295000000000072
100,2,0.0,0.021500000000000102
100,4,0.0,0.021500000000000102
100,8,0.0,0.021500000000000102
101,1,0.0,0.021500000000000102
101,2,0.0,0.021500000000000102
101,4,0.0,0.021500000000000102
101,8,0.0,0.021500000000000102
102,1,0.0,0.04295000000000072
102,2,0.0,0.021500000000000102
102,4,0.0,0.021500000000000102
102,8,0.0,0.021500000000000102
103,1,0.0,0.04295000000000072
103,2,0.0,0.021500000000000102
103,4,0.0,0.021500000000000102
103,8,0.0,0.021500000000000102
104,1,0.0,0.04295000000000072
104,2,0.0,0.021500000000000102
104,4,0.0,0.021500000000000102
104,8,0.0,0.021500000000000102
105,1,0.0,0.021500000000000102
105,2,0.0,0.021500000000000102
105,4,0.0,0.021500000000000102
105,8,0.0,0.021500000000000102
106,1,0.0,0.021500000000000102
106,2,0.0,0.021500000000000102
106,4,0.0,0.021500000000000102
106,8,0.0,0.021500000000000102
107,1,0.0,0.06925000000000053
107,2,0.0,0.036650000000000536
107,4,0.0,0.02450000000000019
107,8,0.0,0.021900000000000114
108,1,0.0,0.021500000000000102
108,2,0.0,0.021500000000000102
108,4,0.0,0.021500000000000102
108,8,0.0,0.021500000000000102
109,1,0.0,0.021500000000000102
109,2,0.0,0.021500000000000102
109,4,0.0,0.021500000000000102
109,8,0.0,0.021500000000000102
110,1,0.0,0.04295000000000072
110,2,0.0,0.021500000000000102
110,4,0.0,0.021500000000000102
110,8,0.0,0.021500000000000102
111,1,0.0,0.021500000000000102
111,2,0.0,0.021500000000000102
111,4,0.0,0.021500000000000102
111,8,0.0,0.021500000000000102
112,1,0.0,0.021500000000000102
112,2,0.0,0.021500000000000102
112,4,0.0,0.021500000000000102
112,8,0.0,0.021500000000000102
113,1,0.0,0.021500000000000102
113,2,0.0,0.021500000000000102
113,4,0.0,0.021500000000000102
113,8,0.0,0.021500000000000102
114,1,0.0,0.021500000000000102
114,2,0.0,0.021500000000000102
114,4,0.0,0.021500000000000102
114,8,0.0,0.021500000000000102
115,1,0.0,0.04295000000000072
115,2,0.0,0.021500000000000102
115,4,0.0,0.021500000000000102
115,8,0.0,0.021500000000000102
116,1,0.0,0.021500000000000102
116,2,0.0,0.021500000000000102
116,4,0.0,0.021500000000000102
116,8,0.0,0.021500000000000102
117,1,0.0,0.021500000000000102
117,2,0.0,0.021500000000000102
117,4,0.0,0.021500000000000102
117,8,0.0,0.021500000000000102
118,1,0.0,0.021500000000000102
118,2,0.0,0.021500000000000102
118,4,0.0,0.021500000000000102
118,8,0.0,0.021650000000000107
119,1,0.0,0.021500000000000102
119,2,0.0,0.021500000000000102
119,4,0.0,0.021500000000000102
119,8,0.0,0.021500000000000102
120,1,0.0,0.021500000000000102
120,2,0.0,0.021500000000000102
120,4,0.0,0.021500000000000102
120,8,0.0,0.021500000000000102
121,1,0.0,0.04295000000000072
121,2,0.0,0.021500000000000102
121,4,0.0,0.021500000000000102
121,8,0.0,0.021500000000000102
122,1,0.0,0.021500000000000102
122,2,0.0,0.021500000000000102
122,4,0.0,0.021500000000000102
122,8,0.0,0.021500000000000102
123,1,0.0,0.021500000000000102
123,2,0.0,0.021500000000000102
123,4,0.0,0.021500000000000102
123,8,0.0,0.021500000000000102
124,1,0.0,0.021500000000000102
124,2,0.0,0.021500000000000102
124,4,0.0,0.021500000000000102
124,8,0.0,0.021500000000000102
125,1,0.0,0.021500000000000102
125,2,0.0,0.021500000000000102
125,4,0.0,0.021500000000000102
125,8,0.0,0.021500000000000102
126,1,0.0,0.021500000000000102
126,2,0.0,0.021500000000000102
126,4,0.0,0.021500000000000102
126,8,0.0,0.021500000000000102
127,1,0.0,0.04295000000000072
127,2,0.0,0.03225000000000041
127,4,0.0,0.022750000000000138
127,8,0.0,0.023400000000000157
128,1,0.0,0.021500000000000102
128,2,0.0,0.021500000000000102
128,4,0.0,0.021500000000000102
128,8,0.0,0.021500000000000102
129,1,0.0,0.021500000000000102
129,2,0.0,0.021500000000000102
129,4,0.0,0.021500000000000102
129,8,0.0,0.021500000000000102
130,1,0.0,0.021500000000000102
130,2,0.0,0.022250000000000124
130,4,0.0,0.021650000000000107
130,8,0.0,0.021550000000000104
131,1,0.0,0.04295000000000072
131,2,0.0,0.03225000000000041
131,4,0.0,0.021500000000000102
131,8,0.0,0.021500000000000102
132,1,0.0,0.021500000000000102
132,2,0.0,0.021500000000000102
132,4,0.0,0.021500000000000102
132,8,0.0,0.021500000000000102
133,1,0.0,0.021500000000000102
133,2,0.0,0.021500000000000102
133,4,0.0,0.021500000000000102
133,8,0.0,0.021500000000000102
134,1,0.0,0.021500000000000102
134,2,0.0,0.021500000000000102
134,4,0.0,0.021650000000000107
134,8,0.0,0.021550000000000104
135,1,0.0,0.021500000000000102
135,2,0.0,0.021500000000000102
135,4,0.0,0.021500000000000102
135,8,0.0,0.021500000000000102
136,1,0.0,0.04295000000000072
136,2,0.0,0.021500000000000102
136,4,0.0,0.021500000000000102
136,8,0.0,0.021500000000000102
137,1,0.0,0.04295000000000072
137,2,0.0,0.021500000000000102
137,4,0.0,0.021500000000000102
137,8,0.0,0.021500000000000102
138,1,0.0,0.021500000000000102
138,2,0.0,0.021500000000000102
138,4,0.0,0.021500000000000102
138,8,0.0,0.021500000000000102
139,1,0.0,0.021500000000000102
139,2,0.0,0.021500000000000102
139,4,0.0,0.021500000000000102
139,8,0.0,0.021500000000000102
140,1,0.0,0.021500000000000102
140,2,0.0,0.021500000000000102
140,4,0.0,0.021500000000000102
140,8,0.0,0.021500000000000102
141,1,0.0,0.04295000000000072
141,2,0.0,0.021500000000000102
141,4,0.0,0.021500000000000102
141,8,0.0,0.021500000000000102
142,1,0.0,0.021500000000000102
142,2,0.0,0.021500000000000102
142,4,0.0,0.021500000000000102
142,8,0.0,0.021550000000000104
143,1,0.0,0.04295000000000072
143,2,0.0,0.03225000000000041
143,4,0.0,0.021500000000000102
143,8,0.0,0.021500000000000102
144,1,0.0,0.04295000000000072
144,2,0.0,0.021500000000000102
144,4,0.0,0.021500000000000102
144,8,0.0,0.021500000000000102
145,1,0.0,0.021500000000000102
145,2,0.0,0.021500000000000102
145,4,0.0,0.021500000000000102
145,8,0.0,0.021500000000000102
146,1,0.0,0.021500000000000102
146,2,0.0,0.021500000000000102
146,4,0.0,0.021500000000000102
146,8,0.0,0.021500000000000102
147,1,0.0,0.021500000000000102
147,2,0.0,0.021500000000000102
147,4,0.0,0.021500000000000102
147,8,0.0,0.021500000000000102
148,1,0.0,0.021500000000000102
148,2,0.0,0.021500000000000102
148,4,0.0,0.021500000000000102
148,8,0.0,0.021500000000000102
149,1,0.0,0.021500000000000102
149,2,0.0,0.021500000000000102
149,4,0.0,0.021500000000000102
149,8,0.0,0.021500000000000102
150,1,0.0,0.04295000000000072
150,2,0.0,0.021500000000000102
150,4,0.0,0.021500000000000102
150,8,0.0,0.021500000000000102
151,1,0.0,0.04295000000000072
151,2,0.0,0.021500000000000102
151,4,0.0,0.021500000000000102
151,8,0.0,0.021500000000000102
152,1,0.0,0.021500000000000102
152,2,0.0,0.021500000000000102
152,4,0.0,0.021500000000000102
152,8,0.0,0.021500000000000102
153,1,0.0,0.021500000000000102
153,2,0.0,0.021500000000000102
153,4,0.0,0.021500000000000102
153,8,0.0,0.021500000000000102
154,1,0.0,0.04295000000000072
154,2,0.0,0.021500000000000102
154,4,0.0,0.021500000000000102
154,8,0.0,0.021500000000000102
155,1,0.0,0.021500000000000102
155,2,0.0,0.021500000000000102
155,4,0.0,0.021500000000000102
155,8,0.0,0.021500000000000102
156,1,0.0,0.04295000000000072
156,2,0.0,0.021500000000000102
156,4,0.0,0.021500000000000102
156,8,0.0,0.021500000000000102
157,1,0.0,0.021500000000000102
157,2,0.0,0.021500000000000102
157,4,0.0,0.021500000000000102
157,8,0.0,0.02180000000000011
158,1,0.0,0.021500000000000102
158,2,0.0,0.021500000000000102
158,4,0.0,0.021500000000000102
158,8,0.0,0.021500000000000102
159,1,0.0,0.021500000000000102
159,2,0.0,0.021500000000000102
159,4,0.0,0.021500000000000102
159,8,0.0,0.021500000000000102
160,1,0.0,0.021500000000000102
160,2,0.0,0.021500000000000102
160,4,0.0,0.021500000000000102
160,8,0.0,0.021500000000000102
161,1,0.0,0.021500000000000102
161,2,0.0,0.021500000000000102
161,4,0.0,0.021500000000000102
161,8,0.0,0.021500000000000102
162,1,0.0,0.021500000000000102
162,2,0.0,0.021500000000000102
162,4,0.0,0.021500000000000102
162,8,0.0,0.021500000000000102
163,1,0.0,0.021500000000000102
163,2,0.0,0.021500000000000102
163,4,0.0,0.021500000000000102
163,8,0.0,0.021500000000000102
164,1,0.0,0.021500000000000102
164,2,0.0,0.021500000000000102
164,4,0.0,0.021500000000000102
164,8,0.0,0.021500000000000102
165,1,0.0,0.021500000000000102
165,2,0.0,0.021500000000000102
165,4,0.0,0.021500000000000102
165,8,0.0,0.021500000000000102
166,1,0.0,0.021500000000000102
166,2,0.0,0.021500000000000102
166,4,0.0,0.021500000000000102
166,8,0.0,0.021500000000000102
167,1,0.0,0.021500000000000102
167,2,0.0,0.021500000000000102
167,4,0.0,0.021500000000000102
167,8,0.0,0.021500000000000102
168,1,0.0,0.021500000000000102
168,2,0.0,0.021500000000000102
168,4,0.0,0.021500000000000102
168,8,0.0,0.021500000000000102
169,1,0.0,0.04295000000000072
169,2,0.0,0.021500000000000102
169,4,0.0,0.021500000000000102
169,8,0.0,0.021500000000000102
170,1,0.0,0.021500000000000102
170,2,0.0,0.021500000000000102
170,4,0.0,0.021500000000000102
170,8,0.0,0.021500000000000102
171,1,0.0,0.021500000000000102
171,2,0.0,0.021500000000000102
171,4,0.0,0.021500000000000102
171,8,0.0,0.021500000000000102
172,1,0.0,0.04295000000000072
172,2,0.0,0.021500000000000102
172,4,0.0,0.021500000000000102
172,8,0.0,0.021500000000000102
173,1,0.0,0.04295000000000072
173,2,0.0,0.021500000000000102
173,4,0.0,0.021500000000000102
173,8,0.0,0.021500000000000102
174,1,0.0,0.021500000000000102
174,2,0.0,0.021500000000000102
174,4,0.0,0.021500000000000102
174,8,0.0,0.021500000000000102
175,1,0.0,0.03575000000000051
175,2,0.0,0.028650000000000307
175,4,0.0,0.023450000000000158
175,8,0.0,0.02175000000000011
176,1,0.0,0.021500000000000102
176,2,0.0,0.021500000000000102
176,4,0.0,0.021500000000000102
176,8,0.0,0.021500000000000102
177,1,0.0,0.04295000000000072
177,2,0.0,0.021500000000000102
177,4,0.0,0.021500000000000102
177,8,0.0,0.021500000000000102
178,1,0.0,0.021500000000000102
178,2,0.0,0.021500000000000102
178,4,0.0,0.021500000000000102
178,8,0.0,0.021500000000000102
179,1,0.0,0.04295000000000072
179,2,0.0,0.021500000000000102
179,4,0.0,0.021500000000000102
179,8,0.0,0.021500000000000102
180,1,0.0,0.04295000000000072
180,2,0.0,0.021500000000000102
180,4,0.0,0.021500000000000102
180,8,0.0,0.021500000000000102
181,1,0.0,0.04295000000000072
181,2,0.0,0.03225000000000041
181,4,0.0,0.026850000000000256
181,8,0.0,0.021500000000000102
182,1,0.0,0.04295000000000072
182,2,0.0,0.03225000000000041
182,4,0.0,0.021500000000000102
182,8,0.0,0.021500000000000102
183,1,0.0,0.021500000000000102
183,2,0.0,0.021500000000000102
183,4,0.0,0.021500000000000102
183,8,0.0,0.021500000000000102
184,1,0.0,0.021500000000000102
184,2,0.0,0.021500000000000102
184,4,0.0,0.021500000000000102
184,8,0.0,0.021500000000000102
185,1,0.0,0.04295000000000072
185,2,0.0,0.03225000000000041
185,4,0.0,0.021500000000000102
185,8,0.0,0.021500000000000102
186,1,0.0,0.021500000000000102
186,2,0.0,0.021500000000000102
186,4,0.0,0.021500000000000102
186,8,0.0,0.021500000000000102
187,1,0.0,0.04295000000000072
187,2,0.0,0.021500000000000102
187,4,0.0,0.021500000000000102
187,8,0.0,0.021500000000000102
188,1,0.0,0.021500000000000102
188,2,0.0,0.021500000000000102
188,4,0.0,0.021500000000000102
188,8,0.0,0.021500000000000102
189,1,0.0,0.021500000000000102
189,2,0.0,0.03225000000000041
189,4,0.0,0.026850000000000256
189,8,0.0,0.021500000000000102
190,1,0.0,0.021500000000000102
190,2,0.0,0.021500000000000102
190,4,0.0,0.021500000000000102
190,8,0.0,0.021500000000000102
191,1,0.0,0.021500000000000102
191,2,0.0,0.021500000000000102
191,4,0.0,0.021500000000000102
191,8,0.0,0.021500000000000102
192,1,0.0,0.021500000000000102
192,2,0.0,0.021500000000000102
192,4,0.0,0.021500000000000102
192,8,0.0,0.021500000000000102
193,1,0.0,0.021500000000000102
193,2,0.0,0.021500000000000102
193,4,0.0,0.021500000000000102
193,8,0.0,0.021500000000000102
194,1,0.0,0.021500000000000102
194,2,0.0,0.021500000000000102
194,4,0.0,0.021500000000000102
194,8,0.0,0.021500000000000102
195,1,0.0,0.021500000000000102
195,2,0.0,0.021500000000000102
195,4,0.0,0.023950000000000173
195,8,0.0,0.025500000000000217
196,1,0.0,0.021500000000000102
196,2,0.0,0.021500000000000102
196,4,0.0,0.021500000000000102
196,8,0.0,0.021500000000000102
197,1,0.0,0.021500000000000102
197,2,0.0,0.021500000000000102
197,4,0.0,0.021500000000000102
197,8,0.0,0.021500000000000102
198,1,0.0,0.04295000000000072
198,2,0.0,0.021500000000000102
198,4,0.0,0.021500000000000102
198,8,0.0,0.021500000000000102
199,1,0.0,0.021500000000000102
199,2,0.0,0.021500000000000102
199,4,0.0,0.021650000000000107
199,8,0.0,0.021550000000000104
200,1,0.0,0.04295000000000072
200,2,0.0,0.021500000000000102
200,4,0.0,0.021500000000000102
200,8,0.0,0.021500000000000102
201,1,0.0,0.021500000000000102
201,2,0.0,0.021500000000000102
201,4,0.0,0.021500000000000102
201,8,0.0,0.021500000000000102
202,1,0.0,0.04295000000000072
202,2,0.0,0.03225000000000041
202,4,0.0,0.021500000000000102
202,8,0.0,0.021500000000000102
203,1,0.0,0.021500000000000102
203,2,0.0,0.021500000000000102
203,4,0.0,0.021500000000000102
203,8,0.0,0.021500000000000102
204,1,0.0,0.04295000000000072
204,2,0.0,0.021500000000000102
204,4,0.0,0.021500000000000102
204,8,0.0,0.021500000000000102
205,1,0.0,0.021500000000000102
205,2,0.0,0.021500000000000102
205,4,0.0,0.021500000000000102
205,8,0.0,0.021500000000000102
206,1,0.0,0.021500000000000102
206,2,0.0,0.021500000000000102
206,4,0.0,0.021500000000000102
206,8,0.0,0.021500000000000102
207,1,0.0,0.021500000000000102
207,2,0.0,0.021500000000000102
207,4,0.0,0.021500000000000102
207,8,0.0,0.021500000000000102
208,1,0.0,0.021500000000000102
208,2,0.0,0.021500000000000102
208,4,0.0,0.021500000000000102
208,8,0.0,0.021500000000000102
209,1,0.0,0.021500000000000102
209,2,0.0,0.021500000000000102
209,4,0.0,0.021500000000000102
209,8,0.0,0.021500000000000102
210,1,0.0,0.04295000000000072
210,2,0.0,0.021500000000000102
210,4,0.0,0.021500000000000102
210,8,0.0,0.021500000000000102
211,1,0.0,0.04295000000000072
211,2,0.0,0.021500000000000102
211,4,0.0,0.021500000000000102
211,8,0.0,0.021500000000000102
212,1,0.0,0.021500000000000102
212,2,0.0,0.021500000000000102
212,4,0.0,0.021500000000000102
212,8,0.0,0.02180000000000011
213,1,0.0,0.04295000000000072
213,2,0.0,0.021500000000000102
213,4,0.0,0.021500000000000102
213,8,0.0,0.021500000000000102
214,1,0.0,0.021500000000000102
214,2,0.0,0.021500000000000102
214,4,0.0,0.021500000000000102
214,8,0.0,0.021950000000000115
215,1,0.0,0.021500000000000102
215,2,0.0,0.021500000000000102
215,4,0.0,0.021500000000000102
215,8,0.0,0.021500000000000102
216,1,0.0,0.021500000000000102
216,2,0.0,0.021500000000000102
216,4,0.0,0.021500000000000102
216,8,0.0,0.021500000000000102
217,1,0.0,0.021500000000000102
217,2,0.0,0.021500000000000102
217,4,0.0,0.021500000000000102
217,8,0.0,0.021500000000000102
218,1,0.0,0.021500000000000102
218,2,0.0,0.021500000000000102
218,4,0.0,0.021500000000000102
218,8,0.0,0.021500000000000102
219,1,0.0,0.021500000000000102
219,2,0.0,0.021500000000000102
219,4,0.0,0.021500000000000102
219,8,0.0,0.021500000000000102
220,1,0.0,0.021500000000000102
220,2,0.0,0.021500000000000102
220,4,0.0,0.021500000000000102
220,8,0.0,0.021500000000000102
221,1,0.0,0.04295000000000072
221,2,0.0,0.021500000000000102
221,4,0.0,0.021500000000000102
221,8,0.0,0.021500000000000102
222,1,0.0,0.021500000000000102
222,2,0.0,0.021500000000000102
222,4,0.0,0.021500000000000102
222,8,0.0,0.021500000000000102
223,1,0.0,0.04295000000000072
223,2,0.0,0.021500000000000102
223,4,0.0,0.021500000000000102
223,8,0.0,0.021500000000000102
224,1,0.0,0.021500000000000102
224,2,0.0,0.021500000000000102
224,4,0.0,0.021500000000000102
224,8,0.0,0.021500000000000102
225,1,0.0,0.04295000000000072
225,2,0.0,0.021500000000000102
225,4,0.0,0.021500000000000102
225,8,0.0,0.021500000000000102
226,1,0.0,0.04295000000000072
226,2,0.0,0.021500000000000102
226,4,0.0,0.021500000000000102
226,8,0.0,0.021500000000000102
227,1,0.0,0.04295000000000072
227,2,0.0,0.021500000000000102
227,4,0.0,0.021500000000000102
227,8,0.0,0.021500000000000102
228,1,0.0,0.021500000000000102
228,2,0.0,0.021500000000000102
228,4,0.0,0.021500000000000102
228,8,0.0,0.021500000000000102
229,1,0.0,0.021500000000000102
229,2,0.0,0.021500000000000102
229,4,0.0,0.02215000000000012
229,8,0.0,0.021650000000000107
230,1,0.0,0.04400000000000075
230,2,0.0,0.027950000000000287
230,4,0.0,0.02415000000000018
230,8,0.0,0.02420000000000018
231,1,0.0,0.04295000000000072
231,2,0.0,0.021500000000000102
231,4,0.0,0.021500000000000102
231,8,0.0,0.021700000000000108
232,1,0.0,0.021500000000000102
232,2,0.0,0.021500000000000102
232,4,0.0,0.021500000000000102
232,8,0.0,0.021500000000000102
233,1,0.0,0.021500000000000102
233,2,0.0,0.021500000000000102
233,4,0.0,0.021500000000000102
233,8,0.0,0.021900000000000114
234,1,0.0,0.021500000000000102
234,2,0.0,0.021500000000000102
234,4,0.0,0.021500000000000102
234,8,0.0,0.021500000000000102
235,1,0.0,0.021500000000000102
235,2,0.0,0.021500000000000102
235,4,0.0,0.021500000000000102
235,8,0.0,0.021500000000000102
236,1,0.0,0.021500000000000102
236,2,0.0,0.03015000000000035
236,4,0.0,0.022750000000000138
236,8,0.0,0.022750000000000138
237,1,0.0,0.021500000000000102
237,2,0.0,0.021500000000000102
237,4,0.0,0.021500000000000102
237,8,0.0,0.021500000000000102
238,1,0.0,0.021500000000000102
238,2,0.0,0.021500000000000102
238,4,0.0,0.021500000000000102
238,8,0.0,0.021500000000000102
239,1,0.0,0.04295000000000072
239,2,0.0,0.021500000000000102
239,4,0.0,0.021500000000000102
239,8,0.0,0.021500000000000102
240,1,0.0,0.021500000000000102
240,2,0.0,0.021500000000000102
240,4,0.0,0.021500000000000102
240,8,0.0,0.021500000000000102
241,1,0.0,0.021500000000000102
241,2,0.0,0.021500000000000102
241,4,0.0,0.021500000000000102
241,8,0.0,0.021500000000000102
242,1,0.0,0.021500000000000102
242,2,0.0,0.021500000000000102
242,4,0.0,0.021500000000000102
242,8,0.0,0.021500000000000102
243,1,0.0,0.021500000000000102
243,2,0.0,0.021500000000000102
243,4,0.0,0.021500000000000102
243,8,0.0,0.021500000000000102
244,1,0.0,0.021500000000000102
244,2,0.0,0.02765000000000028
244,4,0.0,0.022050000000000118
244,8,0.0,0.022050000000000118
245,1,0.0,0.021500000000000102
245,2,0.0,0.021500000000000102
245,4,0.0,0.021500000000000102
245,8,0.0,0.021500000000000102
246,1,0.0,0.021500000000000102
246,2,0.0,0.021500000000000102
246,4,0.0,0.021500000000000102
246,8,0.0,0.021500000000000102
247,1,0.0,0.04295000000000072
247,2,0.0,0.021500000000000102
247,4,0.0,0.021500000000000102
247,8,0.0,0.021500000000000102
248,1,0.0,0.021500000000000102
248,2,0.0,0.021500000000000102
248,4,0.0,0.021500000000000102
248,8,0.0,0.021500000000000102
249,1,0.0,0.04295000000000072
249,2,0.0,0.021500000000000102
249,4,0.0,0.021500000000000102
249,8,0.0,0.021500000000000102
250,1,0.0,0.021500000000000102
250,2,0.0,0.021500000000000102
250,4,0.0,0.021500000000000102
250,8,0.0,0.021500000000000102
251,1,0.0,0.021500000000000102
251,2,0.0,0.021500000000000102
251,4,0.0,0.021500000000000102
251,8,0.0,0.021500000000000102
252,1,0.0,0.021500000000000102
252,2,0.0,0.021500000000000102
252,4,0.0,0.021500000000000102
252,8,0.0,0.021500000000000102
253,1,0.0,0.021500000000000102
253,2,0.0,0.021500000000000102
253,4,0.0,0.021500000000000102
253,8,0.0,0.021500000000000102
254,1,0.0,0.04295000000000072
254,2,0.0,0.021500000000000102
254,4,0.0,0.021500000000000102
254,8,0.0,0.021500000000000102
255,1,0.0,0.04295000000000072
255,2,0.0,0.03225000000000041
255,4,0.0,0.021500000000000102
255,8,0.0,0.021500000000000102
256,1,0.0,0.021500000000000102
256,2,0.0,0.021500000000000102
256,4,0.0,0.021500000000000102
256,8,0.0,0.021500000000000102
257,1,0.0,0.04295000000000072
257,2,0.0,0.021500000000000102
257,4,0.0,0.021500000000000102
257,8,0.0,0.021500000000000102
258,1,0.0,0.04295000000000072
258,2,0.0,0.021500000000000102
258,4,0.0,0.021500000000000102
258,8,0.0,0.021500000000000102
259,1,0.0,0.04295000000000072
259,2,0.0,0.021500000000000102
259,4,0.0,0.021500000000000102
259,8,0.0,0.021500000000000102
260,1,0.0,0.04295000000000072
260,2,0.0,0.021500000000000102
260,4,0.0,0.021500000000000102
260,8,0.0,0.021500000000000102
261,1,0.0,0.021500000000000102
261,2,0.0,0.021500000000000102
261,4,0.0,0.021500000000000102
261,8,0.0,0.021500000000000102
262,1,0.0,0.04295000000000072
262,2,0.0,0.021500000000000102
262,4,0.0,0.021500000000000102
262,8,0.0,0.021850000000000112
263,1,0.0,0.04295000000000072
263,2,0.0,0.021500000000000102
263,4,0.0,0.021500000000000102
263,8,0.0,0.021500000000000102
264,1,0.0,0.021500000000000102
264,2,0.0,0.021500000000000102
264,4,0.0,0.021500000000000102
264,8,0.0,0.021500000000000102
265,1,0.0,0.04295000000000072
265,2,0.0,0.021500000000000102
265,4,0.0,0.021500000000000102
265,8,0.0,0.021500000000000102
266,1,0.0,0.021500000000000102
266,2,0.0,0.021500000000000102
266,4,0.0,0.021500000000000102
266,8,0.0,0.021500000000000102
267,1,0.0,0.021500000000000102
267,2,0.0,0.03225000000000041
267,4,0.0,0.021500000000000102
267,8,0.0,0.021500000000000102
268,1,0.0,0.021500000000000102
268,2,0.0,0.021500000000000102
268,4,0.0,0.021500000000000102
268,8,0.0,0.021500000000000102
269,1,0.0,0.021500000000000102
269,2,0.0,0.021500000000000102
269,4,0.0,0.021500000000000102
269,8,0.0,0.021500000000000102
270,1,0.0,0.021500000000000102
270,2,0.0,0.021500000000000102
270,4,0.0,0.021500000000000102
270,8,0.0,0.021500000000000102
271,1,0.0,0.021500000000000102
271,2,0.0,0.03225000000000041
271,4,0.0,0.021500000000000102
271,8,0.0,0.021500000000000102
272,1,0.0,0.04295000000000072
272,2,0.0,0.021500000000000102
272,4,0.0,0.021500000000000102
272,8,0.0,0.021500000000000102
273,1,0.0,0.04295000000000072
273,2,0.0,0.03225000000000041
273,4,0.0,0.021500000000000102
273,8,0.0,0.02215000000000012
274,1,0.0,0.04295000000000072
274,2,0.0,0.021500000000000102
274,4,0.0,0.021500000000000102
274,8,0.0,0.021500000000000102
275,1,0.0,0.021500000000000102
275,2,0.0,0.03225000000000041
275,4,0.0,0.021500000000000102
275,8,0.0,0.021500000000000102
276,1,0.0,0.04295000000000072
276,2,0.0,0.021500000000000102
276,4,0.0,0.021500000000000102
276,8,0.0,0.021500000000000102
277,1,0.0,0.021500000000000102
277,2,0.0,0.021500000000000102
277,4,0.0,0.021500000000000102
277,8,0.0,0.02180000000000011
278,1,0.0,0.021500000000000102
278,2,0.0,0.021500000000000102
278,4,0.0,0.021500000000000102
278,8,0.0,0.021500000000000102
279,1,0.0,0.021500000000000102
279,2,0.0,0.021500000000000102
279,4,0.0,0.021500000000000102
279,8,0.0,0.021500000000000102
280,1,0.0,0.021500000000000102
280,2,0.0,0.021500000000000102
280,4,0.0,0.021500000000000102
280,8,0.0,0.021500000000000102
281,1,0.0,0.04295000000000072
281,2,0.0,0.021500000000000102
281,4,0.0,0.021500000000000102
281,8,0.0,0.021500000000000102
282,1,0.0,0.04295000000000072
282,2,0.0,0.021500000000000102
282,4,0.0,0.021500000000000102
282,8,0.0,0.021500000000000102
283,1,0.0,0.021500000000000102
283,2,0.0,0.021500000000000102
283,4,0.0,0.021500000000000102
283,8,0.0,0.021500000000000102
284,1,0.0,0.021500000000000102
284,2,0.0,0.021500000000000102
284,4,0.0,0.021500000000000102
284,8,0.0,0.021500000000000102
285,1,0.0,0.021500000000000102
285,2,0.0,0.021500000000000102
285,4,0.0,0.021500000000000102
285,8,0.0,0.021500000000000102
286,1,0.0,0.021500000000000102
286,2,0.0,0.021500000000000102
286,4,0.0,0.021500000000000102
286,8,0.0,0.021500000000000102
287,1,0.0,0.021500000000000102
287,2,0.0,0.021500000000000102
287,4,0.0,0.021500000000000102
287,8,0.0,0.021500000000000102
288,1,0.0,0.021500000000000102
288,2,0.0,0.021500000000000102
288,4,0.0,0.021500000000000102
288,8,0.0,0.021500000000000102
289,1,0.0,0.021500000000000102
289,2,0.0,0.021500000000000102
289,4,0.0,0.021500000000000102
289,8,0.0,0.021500000000000102
290,1,0.0,0.021500000000000102
290,2,0.0,0.021500000000000102
290,4,0.0,0.021500000000000102
290,8,0.0,0.021500000000000102
291,1,0.0,0.021500000000000102
291,2,0.0,0.021500000000000102
291,4,0.0,0.021500000000000102
291,8,0.0,0.021500000000000102
292,1,0.0,0.021500000000000102
292,2,0.0,0.021500000000000102
292,4,0.0,0.021500000000000102
292,8,0.0,0.021500000000000102
293,1,0.0,0.021500000000000102
293,2,0.0,0.021500000000000102
293,4,0.0,0.021500000000000102
293,8,0.0,0.021500000000000102
294,1,0.0,0.021500000000000102
294,2,0.0,0.021500000000000102
294,4,0.0,0.021500000000000102
294,8,0.0,0.021500000000000102
295,1,0.0,0.021500000000000102
295,2,0.0,0.021500000000000102
295,4,0.0,0.021500000000000102
295,8,0.0,0.021500000000000102
296,1,0.0,0.04295000000000072
296,2,0.0,0.03225000000000041
296,4,0.0,0.021500000000000102
296,8,0.0,0.021500000000000102
297,1,0.0,0.021500000000000102
297,2,0.0,0.03225000000000041
297,4,0.0,0.021500000000000102
297,8,0.0,0.021500000000000102
298,1,0.0,0.04295000000000072
298,2,0.0,0.021500000000000102
298,4,0.0,0.021500000000000102
298,8,0.0,0.021500000000000102
299,1,0.0,0.021500000000000102
299,2,0.0,0.03225000000000041
299,4,0.0,0.021500000000000102
299,8,0.0,0.021500000000000102
300,1,0.0,0.021500000000000102
300,2,0.0,0.021500000000000102
300,4,0.0,0.021500000000000102
300,8,0.0,0.021500000000000102
301,1,0.0,0.04295000000000072
301,2,0.0,0.021500000000000102
301,4,0.0,0.021500000000000102
301,8,0.0,0.021500000000000102
302,1,0.0,0.021500000000000102
302,2,0.0,0.021500000000000102
302,4,0.0,0.021500000000000102
302,8,0.0,0.021500000000000102
303,1,0.0,0.021500000000000102
303,2,0.0,0.021500000000000102
303,4,0.0,0.021500000000000102
303,8,0.0,0.021500000000000102
304,1,0.0,0.04295000000000072
304,2,0.0,0.021500000000000102
304,4,0.0,0.021500000000000102
304,8,0.0,0.021500000000000102
305,1,0.0,0.021500000000000102
305,2,0.0,0.021500000000000102
305,4,0.0,0.021500000000000102
305,8,0.0,0.021500000000000102
306,1,0.0,0.021500000000000102
306,2,0.0,0.021500000000000102
306,4,0.0,0.021500000000000102
306,8,0.0,0.021500000000000102
307,1,0.0,0.021500000000000102
307,2,0.0,0.021500000000000102
307,4,0.0,0.021500000000000102
307,8,0.0,0.021500000000000102
308,1,0.0,0.021500000000000102
308,2,0.0,0.021500000000000102
308,4,0.0,0.021500000000000102
308,8,0.0,0.021900000000000114
309,1,0.0,0.04165000000000068
309,2,0.0,0.02775000000000028
309,4,0.0,0.024000000000000174
309,8,0.0,0.024000000000000174
310,1,0.0,0.021500000000000102
310,2,0.0,0.021500000000000102
310,4,0.0,0.021500000000000102
310,8,0.0,0.021500000000000102
311,1,0.0,0.021500000000000102
311,2,0.0,0.021500000000000102
311,4,0.0,0.021500000000000102
311,8,0.0,0.021500000000000102
312,1,0.0,0.021500000000000102
312,2,0.0,0.021500000000000102
312,4,0.0,0.021500000000000102
312,8,0.0,0.021500000000000102
313,1,0.0,0.04295000000000072
313,2,0.0,0.021500000000000102
313,4,0.0,0.021500000000000102
313,8,0.0,0.021500000000000102
314,1,0.0,0.021500000000000102
314,2,0.0,0.021500000000000102
314,4,0.0,0.021500000000000102
314,8,0.0,0.021500000000000102
315,1,0.0,0.04295000000000072
315,2,0.0,0.03225000000000041
315,4,0.0,0.021500000000000102
315,8,0.0,0.021500000000000102
316,1,0.0,0.021500000000000102
316,2,0.0,0.027850000000000284
316,4,0.0,0.023400000000000157
316,8,0.0,0.02175000000000011
317,1,0.0,0.021500000000000102
317,2,0.0,0.021500000000000102
317,4,0.0,0.021500000000000102
317,8,0.0,0.021500000000000102
318,1,0.0,0.04295000000000072
318,2,0.0,0.03225000000000041
318,4,0.0,0.021500000000000102
318,8,0.0,0.021500000000000102
319,1,0.0,0.04295000000000072
319,2,0.0,0.021500000000000102
319,4,0.0,0.021500000000000102
319,8,0.0,0.021500000000000102
320,1,0.0,0.021500000000000102
320,2,0.0,0.021500000000000102
320,4,0.0,0.021500000000000102
320,8,0.0,0.021500000000000102
321,1,0.0,0.04295000000000072
321,2,0.0,0.021500000000000102
321,4,0.0,0.021500000000000102
321,8,0.0,0.021500000000000102
322,1,0.0,0.021500000000000102
322,2,0.0,0.021500000000000102
322,4,0.0,0.021500000000000102
322,8,0.0,0.021500000000000102
323,1,0.0,0.04295000000000072
323,2,0.0,0.021500000000000102
323,4,0.0,0.021500000000000102
323,8,0.0,0.021500000000000102
324,1,0.0,0.021500000000000102
324,2,0.0,0.021500000000000102
324,4,0.0,0.021500000000000102
324,8,0.0,0.021500000000000102
325,1,0.0,0.021500000000000102
325,2,0.0,0.021500000000000102
325,4,0.0,0.021500000000000102
325,8,0.0,0.02180000000000011
326,1,0.0,0.021500000000000102
326,2,0.0,0.021500000000000102
326,4,0.0,0.021500000000000102
326,8,0.0,0.021500000000000102
327,1,0.0,0.021500000000000102
327,2,0.0,0.021500000000000102
327,4,0.0,0.021500000000000102
327,8,0.0,0.021500000000000102
328,1,0.0,0.021500000000000102
328,2,0.0,0.021500000000000102
328,4,0.0,0.021500000000000102
328,8,0.0,0.021500000000000102
329,1,0.0,0.021500000000000102
329,2,0.0,0.021500000000000102
329,4,0.0,0.026850000000000256
329,8,0.0,0.021500000000000102
330,1,0.0,0.021500000000000102
330,2,0.0,0.021500000000000102
330,4,0.0,0.021500000000000102
330,8,0.0,0.021500000000000102
331,1,0.0,0.021500000000000102
331,2,0.0,0.021500000000000102
331,4,0.0,0.021500000000000102
331,8,0.0,0.021500000000000102
332,1,0.0,0.021500000000000102
332,2,0.0,0.021500000000000102
332,4,0.0,0.021500000000000102
332,8,0.0,0.021500000000000102
333,1,0.0,0.04295000000000072
333,2,0.0,0.03225000000000041
333,4,0.0,0.026850000000000256
333,8,0.0,0.021500000000000102
334,1,0.0,0.021500000000000102
334,2,0.0,0.021500000000000102
334,4,0.0,0.021500000000000102
334,8,0.0,0.021500000000000102
335,1,0.0,0.021500000000000102
335,2,0.0,0.021500000000000102
335,4,0.0,0.02250000000000013
335,8,0.0,0.02250000000000013
336,1,0.0,0.021500000000000102
336,2,0.0,0.021500000000000102
336,4,0.0,0.021500000000000102
336,8,0.0,0.021500000000000102
337,1,0.0,0.021500000000000102
337,2,0.0,0.021500000000000102
337,4,0.0,0.022350000000000127
337,8,0.0,0.021700000000000108
338,1,0.0,0.021500000000000102
338,2,0.0,0.021500000000000102
338,4,0.0,0.021500000000000102
338,8,0.0,0.021500000000000102
339,1,0.0,0.021500000000000102
339,2,0.0,0.021500000000000102
339,4,0.0,0.021500000000000102
339,8,0.0,0.021500000000000102
340,1,0.0,0.021500000000000102
340,2,0.0,0.021500000000000102
340,4,0.0,0.021500000000000102
340,8,0.0,0.021500000000000102
341,1,0.0,0.04295000000000072
341,2,0.0,0.021500000000000102
341,4,0.0,0.021500000000000102
341,8,0.0,0.021950000000000115
342,1,0.0,0.021500000000000102
342,2,0.0,0.021500000000000102
342,4,0.0,0.021500000000000102
342,8,0.0,0.021500000000000102
343,1,0.0,0.04295000000000072
343,2,0.0,0.021500000000000102
343,4,0.0,0.021500000000000102
343,8,0.0,0.021500000000000102
344,1,0.0,0.021500000000000102
344,2,0.0,0.021500000000000102
344,4,0.0,0.021500000000000102
344,8,0.0,0.021500000000000102
345,1,0.0,0.021500000000000102
345,2,0.0,0.021500000000000102
345,4,0.0,0.021500000000000102
345,8,0.0,0.021500000000000102
346,1,0.0,0.021500000000000102
346,2,0.0,0.021500000000000102
346,4,0.0,0.021500000000000102
346,8,0.0,0.021500000000000102
347,1,0.0,0.021500000000000102
347,2,0.0,0.021500000000000102
347,4,0.0,0.021500000000000102
347,8,0.0,0.02175000000000011
348,1,0.0,0.021500000000000102
348,2,0.0,0.021500000000000102
348,4,0.0,0.021500000000000102
348,8,0.0,0.021500000000000102
349,1,0.0,0.021500000000000102
349,2,0.0,0.03225000000000041
349,4,0.0,0.021500000000000102
349,8,0.0,0.021500000000000102
350,1,0.0,0.021500000000000102
350,2,0.0,0.021500000000000102
350,4,0.0,0.021500000000000102
350,8,0.0,0.021500000000000102
351,1,0.0,0.021500000000000102
351,2,0.0,0.03235000000000041
351,4,0.0,0.024000000000000174
351,8,0.0,0.021850000000000112
352,1,0.0,0.021500000000000102
352,2,0.0,0.021500000000000102
352,4,0.0,0.021500000000000102
352,8,0.0,0.021500000000000102
353,1,0.0,0.021500000000000102
353,2,0.0,0.021500000000000102
353,4,0.0,0.021500000000000102
353,8,0.0,0.021500000000000102
354,1,0.0,0.021500000000000102
354,2,0.0,0.021500000000000102
354,4,0.0,0.021500000000000102
354,8,0.0,0.021500000000000102
355,1,0.0,0.021500000000000102
355,2,0.0,0.021500000000000102
355,4,0.0,0.021500000000000102
355,8,0.0,0.021500000000000102
356,1,0.0,0.021500000000000102
356,2,0.0,0.021500000000000102
356,4,0.0,0.021500000000000102
356,8,0.0,0.021500000000000102
357,1,0.0,0.04295000000000072
357,2,0.0,0.021500000000000102
357,4,0.0,0.021500000000000102
357,8,0.0,0.021500000000000102
358,1,0.0,0.04295000000000072
358,2,0.0,0.021500000000000102
358,4,0.0,0.021500000000000102
358,8,0.0,0.021500000000000102
359,1,0.0,0.021500000000000102
359,2,0.0,0.021500000000000102
359,4,0.0,0.021500000000000102
359,8,0.0,0.021500000000000102
360,1,0.0,0.021500000000000102
360,2,0.0,0.021500000000000102
360,4,0.0,0.021500000000000102
360,8,0.0,0.021500000000000102
361,1,0.0,0.021500000000000102
361,2,0.0,0.021500000000000102
361,4,0.0,0.021500000000000102
361,8,0.0,0.021500000000000102
362,1,0.0,0.021500000000000102
362,2,0.0,0.021500000000000102
362,4,0.0,0.021500000000000102
362,8,0.0,0.021500000000000102
363,1,0.0,0.05350000000000102
363,2,0.0,0.03330000000000044
363,4,0.0,0.03330000000000044
363,8,0.0,0.02775000000000028
364,1,0.0,0.021500000000000102
364,2,0.0,0.021500000000000102
364,4,0.0,0.021500000000000102
364,8,0.0,0.021500000000000102
365,1,0.0,0.021500000000000102
365,2,0.0,0.021500000000000102
365,4,0.0,0.021500000000000102
365,8,0.0,0.021500000000000102
366,1,0.0,0.04295000000000072
366,2,0.0,0.021500000000000102
366,4,0.0,0.021500000000000102
366,8,0.0,0.021500000000000102
367,1,0.0,0.021500000000000102
367,2,0.0,0.021500000000000102
367,4,0.0,0.021500000000000102
367,8,0.0,0.021500000000000102
368,1,0.0,0.021500000000000102
368,2,0.0,0.021500000000000102
368,4,0.0,0.021500000000000102
368,8,0.0,0.021500000000000102
369,1,0.0,0.04295000000000072
369,2,0.0,0.021500000000000102
369,4,0.0,0.021500000000000102
369,8,0.0,0.021500000000000102
370,1,0.0,0.021500000000000102
370,2,0.0,0.021500000000000102
370,4,0.0,0.021500000000000102
370,8,0.0,0.021500000000000102
371,1,0.0,0.021500000000000102
371,2,0.0,0.03225000000000041
371,4,0.0,0.021500000000000102
371,8,0.0,0.021500000000000102
372,1,0.0,0.021500000000000102
372,2,0.0,0.021500000000000102
372,4,0.0,0.021500000000000102
372,8,0.0,0.021500000000000102
373,1,0.0,0.04295000000000072
373,2,0.0,0.021500000000000102
373,4,0.0,0.021500000000000102
373,8,0.0,0.021500000000000102
374,1,0.0,0.021500000000000102
374,2,0.0,0.021500000000000102
374,4,0.0,0.021500000000000102
374,8,0.0,0.021500000000000102
375,1,0.0,0.021500000000000102
375,2,0.0,0.021500000000000102
375,4,0.0,0.024050000000000175
375,8,0.0,0.024050000000000175
376,1,0.0,0.04295000000000072
376,2,0.0,0.021500000000000102
376,4,0.0,0.021500000000000102
376,8,0.0,0.021500000000000102
377,1,0.0,0.04295000000000072
377,2,0.0,0.021500000000000102
377,4,0.0,0.026850000000000256
377,8,0.0,0.021500000000000102
378,1,0.0,0.021500000000000102
378,2,0.0,0.021500000000000102
378,4,0.0,0.021500000000000102
378,8,0.0,0.021500000000000102
379,1,0.0,0.04295000000000072
379,2,0.0,0.03225000000000041
379,4,0.0,0.021500000000000102
379,8,0.0,0.021500000000000102
380,1,0.0,0.021500000000000102
380,2,0.0,0.021500000000000102
380,4,0.0,0.021500000000000102
380,8,0.0,0.021500000000000102
381,1,0.0,0.04295000000000072
381,2,0.0,0.021500000000000102
381,4,0.0,0.021500000000000102
381,8,0.0,0.021500000000000102
382,1,0.0,0.04295000000000072
382,2,0.0,0.021500000000000102
382,4,0.0,0.021500000000000102
382,8,0.0,0.021500000000000102
383,1,0.0,0.021500000000000102
383,2,0.0,0.021500000000000102
383,4,0.0,0.021500000000000102
383,8,0.0,0.021500000000000102
384,1,0.0,0.021500000000000102
384,2,0.0,0.021500000000000102
384,4,0.0,0.021500000000000102
384,8,0.0,0.021500000000000102
385,1,0.0,0.04295000000000072
385,2,0.0,0.021500000000000102
385,4,0.0,0.021500000000000102
385,8,0.0,0.021500000000000102
386,1,0.0,0.021500000000000102
386,2,0.0,0.021500000000000102
386,4,0.0,0.021500000000000102
386,8,0.0,0.021500000000000102
387,1,0.0,0.04295000000000072
387,2,0.0,0.021500000000000102
387,4,0.0,0.021500000000000102
387,8,0.0,0.021500000000000102
388,1,0.0,0.04295000000000072
388,2,0.0,0.03225000000000041
388,4,0.0,0.026850000000000256
388,8,0.0,0.02420000000000018
389,1,0.0,0.021500000000000102
389,2,0.0,0.021500000000000102
389,4,0.0,0.021500000000000102
389,8,0.0,0.021500000000000102
390,1,0.0,0.021500000000000102
390,2,0.0,0.021500000000000102
390,4,0.0,0.021500000000000102
390,8,0.0,0.021500000000000102
391,1,0.0,0.021500000000000102
391,2,0.0,0.021500000000000102
391,4,0.0,0.021500000000000102
391,8,0.0,0.021500000000000102
392,1,0.0,0.021500000000000102
392,2,0.0,0.021500000000000102
392,4,0.0,0.021500000000000102
392,8,0.0,0.021500000000000102
393,1,0.0,0.021500000000000102
393,2,0.0,0.021500000000000102
393,4,0.0,0.021500000000000102
393,8,0.0,0.021500000000000102
394,1,0.0,0.021500000000000102
394,2,0.0,0.021500000000000102
394,4,0.0,0.021500000000000102
394,8,0.0,0.021500000000000102
395,1,0.0,0.04295000000000072
395,2,0.0,0.021500000000000102
395,4,0.0,0.021500000000000102
395,8,0.0,0.021500000000000102
396,1,0.0,0.021500000000000102
396,2,0.0,0.021500000000000102
396,4,0.0,0.021500000000000102
396,8,0.0,0.021500000000000102
397,1,0.0,0.021500000000000102
397,2,0.0,0.021500000000000102
397,4,0.0,0.021500000000000102
397,8,0.0,0.021500000000000102
398,1,0.0,0.021500000000000102
398,2,0.0,0.021500000000000102
398,4,0.0,0.021500000000000102
398,8,0.0,0.021500000000000102
399,1,0.0,0.04295000000000072
399,2,0.0,0.021500000000000102
399,4,0.0,0.021500000000000102
399,8,0.0,0.021500000000000102
400,1,0.0,0.021500000000000102
400,2,0.0,0.021500000000000102
400,4,0.0,0.021500000000000102
400,8,0.0,0.021500000000000102
401,1,0.0,0.04295000000000072
401,2,0.0,0.021500000000000102
401,4,0.0,0.021500000000000102
401,8,0.0,0.021500000000000102
402,1,0.0,0.021500000000000102
402,2,0.0,0.021500000000000102
402,4,0.0,0.021500000000000102
402,8,0.0,0.021500000000000102
403,1,0.0,0.021500000000000102
403,2,0.0,0.021500000000000102
403,4,0.0,0.021500000000000102
403,8,0.0,0.021500000000000102
404,1,0.0,0.021500000000000102
404,2,0.0,0.021500000000000102
404,4,0.0,0.021500000000000102
404,8,0.0,0.021500000000000102
405,1,0.0,0.021500000000000102
405,2,0.0,0.021500000000000102
405,4,0.0,0.021500000000000102
405,8,0.0,0.021500000000000102
406,1,0.0,0.04295000000000072
406,2,0.0,0.03225000000000041
406,4,0.0,0.021500000000000102
406,8,0.0,0.021500000000000102
407,1,0.0,0.021500000000000102
407,2,0.0,0.021500000000000102
407,4,0.0,0.021500000000000102
407,8,0.0,0.021500000000000102
408,1,0.0,0.021500000000000102
408,2,0.0,0.021500000000000102
408,4,0.0,0.021500000000000102
408,8,0.0,0.021950000000000115
409,1,0.0,0.021500000000000102
409,2,0.0,0.021500000000000102
409,4,0.0,0.021500000000000102
409,8,0.0,0.021500000000000102
410,1,0.0,0.021500000000000102
410,2,0.0,0.03225000000000041
410,4,0.0,0.021500000000000102
410,8,0.0,0.021500000000000102
411,1,0.0,0.021500000000000102
411,2,0.0,0.021500000000000102
411,4,0.0,0.021500000000000102
411,8,0.0,0.021500000000000102
412,1,0.0,0.021500000000000102
412,2,0.0,0.021500000000000102
412,4,0.0,0.021500000000000102
412,8,0.0,0.021500000000000102
413,1,0.0,0.021500000000000102
413,2,0.0,0.021500000000000102
413,4,0.0,0.021500000000000102
413,8,0.0,0.021500000000000102
414,1,0.0,0.021500000000000102
414,2,0.0,0.021500000000000102
414,4,0.0,0.021500000000000102
414,8,0.0,0.021500000000000102
415,1,0.0,0.021500000000000102
415,2,0.0,0.021500000000000102
415,4,0.0,0.021500000000000102
415,8,0.0,0.021500000000000102
416,1,0.0,0.021500000000000102
416,2,0.0,0.021500000000000102
416,4,0.0,0.021500000000000102
416,8,0.0,0.021500000000000102
417,1,0.0,0.021500000000000102
417,2,0.0,0.03225000000000041
417,4,0.0,0.021500000000000102
417,8,0.0,0.021500000000000102
418,1,0.0,0.021500000000000102
418,2,0.0,0.021500000000000102
418,4,0.0,0.021500000000000102
418,8,0.0,0.021500000000000102
419,1,0.0,0.04295000000000072
419,2,0.0,0.03225000000000041
419,4,0.0,0.021500000000000102
419,8,0.0,0.021500000000000102
420,1,0.0,0.04295000000000072
420,2,0.0,0.021500000000000102
420,4,0.0,0.021500000000000102
420,8,0.0,0.021500000000000102
421,1,0.0,0.021500000000000102
421,2,0.0,0.021500000000000102
421,4,0.0,0.021500000000000102
421,8,0.0,0.021500000000000102
422,1,0.0,0.021500000000000102
422,2,0.0,0.021500000000000102
422,4,0.0,0.021500000000000102
422,8,0.0,0.02175000000000011
423,1,0.0,0.021500000000000102
423,2,0.0,0.021500000000000102
423,4,0.0,0.021500000000000102
423,8,0.0,0.021500000000000102
424,1,0.0,0.04295000000000072
424,2,0.0,0.021500000000000102
424,4,0.0,0.021500000000000102
424,8,0.0,0.021500000000000102
425,1,0.0,0.021500000000000102
425,2,0.0,0.021500000000000102
425,4,0.0,0.021500000000000102
425,8,0.0,0.021500000000000102
426,1,0.0,0.021500000000000102
426,2,0.0,0.021500000000000102
426,4,0.0,0.021500000000000102
426,8,0.0,0.021500000000000102
427,1,0.0,0.04295000000000072
427,2,0.0,0.021500000000000102
427,4,0.0,0.021500000000000102
427,8,0.0,0.021500000000000102
428,1,0.0,0.021500000000000102
428,2,0.0,0.021500000000000102
428,4,0.0,0.021500000000000102
428,8,0.0,0.021500000000000102
429,1,0.0,0.021500000000000102
429,2,0.0,0.021500000000000102
429,4,0.0,0.021500000000000102
429,8,0.0,0.021500000000000102
430,1,0.0,0.021500000000000102
430,2,0.0,0.021500000000000102
430,4,0.0,0.021500000000000102
430,8,0.0,0.021500000000000102
431,1,0.0,0.021500000000000102
431,2,0.0,0.021500000000000102
431,4,0.0,0.021500000000000102
431,8,0.0,0.021500000000000102
432,1,0.0,0.021500000000000102
432,2,0.0,0.021500000000000102
432,4,0.0,0.021500000000000102
432,8,0.0,0.02180000000000011
433,1,0.0,0.021500000000000102
433,2,0.0,0.021500000000000102
433,4,0.0,0.021500000000000102
433,8,0.0,0.021850000000000112
434,1,0.0,0.021500000000000102
434,2,0.0,0.021500000000000102
434,4,0.0,0.021500000000000102
434,8,0.0,0.021500000000000102
435,1,0.0,0.021500000000000102
435,2,0.0,0.021500000000000102
435,4,0.0,0.021500000000000102
435,8,0.0,0.021500000000000102
436,1,0.0,0.021500000000000102
436,2,0.0,0.021500000000000102
436,4,0.0,0.021500000000000102
436,8,0.0,0.021500000000000102
437,1,0.0,0.04295000000000072
437,2,0.0,0.03225000000000041
437,4,0.0,0.021500000000000102
437,8,0.0,0.021500000000000102
438,1,0.0,0.021500000000000102
438,2,0.0,0.021500000000000102
438,4,0.0,0.021500000000000102
438,8,0.0,0.021500000000000102
439,1,0.0,0.04295000000000072
439,2,0.0,0.03225000000000041
439,4,0.0,0.021500000000000102
439,8,0.0,0.021500000000000102
440,1,0.0,0.021500000000000102
440,2,0.0,0.021500000000000102
440,4,0.0,0.021500000000000102
440,8,0.0,0.021500000000000102
441,1,0.0,0.04295000000000072
441,2,0.0,0.03225000000000041
441,4,0.0,0.021500000000000102
441,8,0.0,0.021500000000000102
442,1,0.0,0.021500000000000102
442,2,0.0,0.021500000000000102
442,4,0.0,0.021500000000000102
442,8,0.0,0.021500000000000102
443,1,0.0,0.021500000000000102
443,2,0.0,0.021500000000000102
443,4,0.0,0.021500000000000102
443,8,0.0,0.021500000000000102
444,1,0.0,0.021500000000000102
444,2,0.0,0.021500000000000102
444,4,0.0,0.021500000000000102
444,8,0.0,0.021500000000000102
445,1,0.0,0.021500000000000102
445,2,0.0,0.021500000000000102
445,4,0.0,0.021500000000000102
445,8,0.0,0.021500000000000102
446,1,0.0,0.021500000000000102
446,2,0.0,0.021500000000000102
446,4,0.0,0.021500000000000102
446,8,0.0,0.021500000000000102
447,1,0.0,0.021500000000000102
447,2,0.0,0.021500000000000102
447,4,0.0,0.021500000000000102
447,8,0.0,0.021500000000000102
448,1,0.0,0.04295000000000072
448,2,0.0,0.021500000000000102
448,4,0.0,0.021500000000000102
448,8,0.0,0.021500000000000102
449,1,0.0,0.021500000000000102
449,2,0.0,0.021500000000000102
449,4,0.0,0.021500000000000102
449,8,0.0,0.021500000000000102
450,1,0.0,0.04295000000000072
450,2,0.0,0.021500000000000102
450,4,0.0,0.021500000000000102
450,8,0.0,0.021500000000000102
451,1,0.0,0.021500000000000102
451,2,0.0,0.021500000000000102
451,4,0.0,0.021500000000000102
451,8,0.0,0.021500000000000102
452,1,0.0,0.021500000000000102
452,2,0.0,0.021500000000000102
452,4,0.0,0.021500000000000102
452,8,0.0,0.021500000000000102
453,1,0.0,0.04295000000000072
453,2,0.0,0.03225000000000041
453,4,0.0,0.021500000000000102
453,8,0.0,0.021500000000000102
454,1,0.0,0.04295000000000072
454,2,0.0,0.021500000000000102
454,4,0.0,0.021500000000000102
454,8,0.0,0.021500000000000102
455,1,0.0,0.021500000000000102
455,2,0.0,0.021500000000000102
455,4,0.0,0.021500000000000102
455,8,0.0,0.021500000000000102
456,1,0.0,0.04295000000000072
456,2,0.0,0.021500000000000102
456,4,0.0,0.021500000000000102
456,8,0.0,0.021500000000000102
457,1,0.0,0.021500000000000102
457,2,0.0,0.021500000000000102
457,4,0.0,0.021500000000000102
457,8,0.0,0.021600000000000105
458,1,0.0,0.04295000000000072
458,2,0.0,0.03225000000000041
458,4,0.0,0.021500000000000102
458,8,0.0,0.021500000000000102
459,1,0.0,0.021500000000000102
459,2,0.0,0.021500000000000102
459,4,0.0,0.021500000000000102
459,8,0.0,0.021500000000000102
460,1,0.0,0.021500000000000102
460,2,0.0,0.021500000000000102
460,4,0.0,0.021500000000000102
460,8,0.0,0.021500000000000102
461,1,0.0,0.021500000000000102
461,2,0.0,0.021500000000000102
461,4,0.0,0.021500000000000102
461,8,0.0,0.021500000000000102
462,1,0.0,0.021500000000000102
462,2,0.0,0.021500000000000102
462,4,0.0,0.021500000000000102
462,8,0.0,0.021500000000000102
463,1,0.0,0.021500000000000102
463,2,0.0,0.021500000000000102
463,4,0.0,0.021500000000000102
463,8,0.0,0.021500000000000102
464,1,0.0,0.021500000000000102
464,2,0.0,0.021500000000000102
464,4,0.0,0.021500000000000102
464,8,0.0,0.02455000000000019
465,1,0.0,0.021500000000000102
465,2,0.0,0.021500000000000102
465,4,0.0,0.02175000000000011
465,8,0.0,0.02175000000000011
466,1,0.0,0.021500000000000102
466,2,0.0,0.021500000000000102
466,4,0.0,0.021500000000000102
466,8,0.0,0.021500000000000102
467,1,0.0,0.021500000000000102
467,2,0.0,0.021500000000000102
467,4,0.0,0.021500000000000102
467,8,0.0,0.021500000000000102
468,1,0.0,0.021500000000000102
468,2,0.0,0.021500000000000102
468,4,0.0,0.021500000000000102
468,8,0.0,0.021500000000000102
469,1,0.0,0.021500000000000102
469,2,0.0,0.021500000000000102
469,4,0.0,0.021500000000000102
469,8,0.0,0.021500000000000102
470,1,0.0,0.021500000000000102
470,2,0.0,0.021500000000000102
470,4,0.0,0.021500000000000102
470,8,0.0,0.021500000000000102
471,1,0.0,0.04295000000000072
471,2,0.0,0.021500000000000102
471,4,0.0,0.021500000000000102
471,8,0.0,0.021500000000000102
472,1,0.0,0.04295000000000072
472,2,0.0,0.03225000000000041
472,4,0.0,0.021500000000000102
472,8,0.0,0.021500000000000102
473,1,0.0,0.021500000000000102
473,2,0.0,0.021500000000000102
473,4,0.0,0.021500000000000102
473,8,0.0,0.021500000000000102
474,1,0.0,0.021500000000000102
474,2,0.0,0.021500000000000102
474,4,0.0,0.021500000000000102
474,8,0.0,0.021650000000000107
475,1,0.0,0.021500000000000102
475,2,0.0,0.021500000000000102
475,4,0.0,0.021500000000000102
475,8,0.0,0.021500000000000102
476,1,0.0,0.04295000000000072
476,2,0.0,0.03250000000000042
476,4,0.0,0.023300000000000154
476,8,0.0,0.021600000000000105
477,1,0.0,0.04295000000000072
477,2,0.0,0.021500000000000102
477,4,0.0,0.021500000000000102
477,8,0.0,0.021500000000000102
478,1,0.0,0.021500000000000102
478,2,0.0,0.021500000000000102
478,4,0.0,0.021500000000000102
478,8,0.0,0.021500000000000102
479,1,0.0,0.021500000000000102
479,2,0.0,0.029650000000000336
479,4,0.0,0.024350000000000184
479,8,0.0,0.022000000000000117
480,1,0.0,0.021500000000000102
480,2,0.0,0.021500000000000102
480,4,0.0,0.021500000000000102
480,8,0.0,0.021500000000000102
481,1,0.0,0.021500000000000102
481,2,0.0,0.021500000000000102
481,4,0.0,0.021500000000000102
481,8,0.0,0.021500000000000102
482,1,0.0,0.021500000000000102
482,2,0.0,0.021500000000000102
482,4,0.0,0.021500000000000102
482,8,0.0,0.021500000000000102
483,1,0.0,0.021500000000000102
483,2,0.0,0.03225000000000041
483,4,0.0,0.021500000000000102
483,8,0.0,0.021500000000000102
484,1,0.0,0.021500000000000102
484,2,0.0,0.021500000000000102
484,4,0.0,0.021500000000000102
484,8,0.0,0.021500000000000102
485,1,0.0,0.04295000000000072
485,2,0.0,0.03225000000000041
485,4,0.0,0.021500000000000102
485,8,0.0,0.021500000000000102
486,1,0.0,0.021500000000000102
486,2,0.0,0.021500000000000102
486,4,0.0,0.021500000000000102
486,8,0.0,0.021500000000000102
487,1,0.0,0.021500000000000102
487,2,0.0,0.021500000000000102
487,4,0.0,0.021500000000000102
487,8,0.0,0.021500000000000102
488,1,0.0,0.021500000000000102
488,2,0.0,0.021500000000000102
488,4,0.0,0.021500000000000102
488,8,0.0,0.021500000000000102
489,1,0.0,0.021500000000000102
489,2,0.0,0.021500000000000102
489,4,0.0,0.021500000000000102
489,8,0.0,0.021500000000000102
490,1,0.0,0.021500000000000102
490,2,0.0,0.021500000000000102
490,4,0.0,0.021500000000000102
490,8,0.0,0.021500000000000102
491,1,0.0,0.021500000000000102
491,2,0.0,0.021500000000000102
491,4,0.0,0.021500000000000102
491,8,0.0,0.021500000000000102
492,1,0.0,0.04295000000000072
492,2,0.0,0.021500000000000102
492,4,0.0,0.021500000000000102
492,8,0.0,0.021500000000000102
493,1,0.0,0.04295000000000072
493,2,0.0,0.03225000000000041
493,4,0.0,0.021500000000000102
493,8,0.0,0.021500000000000102
494,1,0.0,0.021500000000000102
494,2,0.0,0.021500000000000102
494,4,0.0,0.021500000000000102
494,8,0.0,0.021500000000000102
495,1,0.0,0.04295000000000072
495,2,0.0,0.021500000000000102
495,4,0.0,0.021500000000000102
495,8,0.0,0.021500000000000102
496,1,0.0,0.021500000000000102
496,2,0.0,0.021500000000000102
496,4,0.0,0.021500000000000102
496,8,0.0,0.021500000000000102
497,1,0.0,0.021500000000000102
497,2,0.0,0.03225000000000041
497,4,0.0,0.021500000000000102
497,8,0.0,0.021500000000000102
498,1,0.0,0.021500000000000102
498,2,0.0,0.021500000000000102
498,4,0.0,0.021500000000000102
498,8,0.0,0.021500000000000102
499,1,0.0,0.021500000000000102
499,2,0.0,0.021500000000000102
499,4,0.0,0.021500000000000102
499,8,0.0,0.021500000000000102
500,1,0.0,0.021500000000000102
500,2,0.0,0.021500000000000102
500,4,0.0,0.021500000000000102
500,8,0.0,0.021500000000000102
501,1,0.0,0.021500000000000102
501,2,0.0,0.021500000000000102
501,4,0.0,0.021500000000000102
501,8,0.0,0.021500000000000102
502,1,0.0,0.021500000000000102
502,2,0.0,0.021500000000000102
502,4,0.0,0.021500000000000102
502,8,0.0,0.021500000000000102
503,1,0.0,0.021500000000000102
503,2,0.0,0.021500000000000102
503,4,0.0,0.021500000000000102
503,8,0.0,0.021500000000000102
504,1,0.0,0.021500000000000102
504,2,0.0,0.021500000000000102
504,4,0.0,0.021500000000000102
504,8,0.0,0.021500000000000102
505,1,0.0,0.04295000000000072
505,2,0.0,0.03225000000000041
505,4,0.0,0.021500000000000102
505,8,0.0,0.021500000000000102
506,1,0.0,0.021500000000000102
506,2,0.0,0.021500000000000102
506,4,0.0,0.021500000000000102
506,8,0.0,0.021700000000000108
507,1,0.0,0.021500000000000102
507,2,0.0,0.021500000000000102
507,4,0.0,0.021500000000000102
507,8,0.0,0.021500000000000102
508,1,0.0,0.021500000000000102
508,2,0.0,0.021500000000000102
508,4,0.0,0.021500000000000102
508,8,0.0,0.021500000000000102
509,1,0.0,0.021500000000000102
509,2,0.0,0.021500000000000102
509,4,0.0,0.021500000000000102
509,8,0.0,0.021500000000000102
510,1,0.0,0.021500000000000102
510,2,0.0,0.021500000000000102
510,4,0.0,0.021600000000000105
510,8,0.0,0.021550000000000104
511,1,0.0,0.04295000000000072
511,2,0.0,0.021500000000000102
511,4,0.0,0.021500000000000102
511,8,0.0,0.021500000000000102
512,1,0.0,0.021500000000000102
512,2,0.0,0.021500000000000102
512,4,0.0,0.021500000000000102
512,8,0.0,0.021500000000000102
513,1,0.0,0.04295000000000072
513,2,0.0,0.025700000000000223
513,4,0.0,0.025700000000000223
513,8,0.0,0.02210000000000012
514,1,0.0,0.021500000000000102
514,2,0.0,0.021500000000000102
514,4,0.0,0.021500000000000102
514,8,0.0,0.021500000000000102
515,1,0.0,0.04295000000000072
515,2,0.0,0.03225000000000041
515,4,0.0,0.021500000000000102
515,8,0.0,0.021500000000000102
516,1,0.0,0.021500000000000102
516,2,0.0,0.021500000000000102
516,4,0.0,0.021500000000000102
516,8,0.0,0.021500000000000102
517,1,0.0,0.021500000000000102
517,2,0.0,0.021500000000000102
517,4,0.0,0.021500000000000102
517,8,0.0,0.021500000000000102
518,1,0.0,0.04295000000000072
518,2,0.0,0.021500000000000102
518,4,0.0,0.021500000000000102
518,8,0.0,0.021500000000000102
519,1,0.0,0.021500000000000102
519,2,0.0,0.021500000000000102
519,4,0.0,0.021500000000000102
519,8,0.0,0.021500000000000102
520,1,0.0,0.021500000000000102
520,2,0.0,0.021500000000000102
520,4,0.0,0.021500000000000102
520,8,0.0,0.021500000000000102
521,1,0.0,0.021500000000000102
521,2,0.0,0.021500000000000102
521,4,0.0,0.021500000000000102
521,8,0.0,0.021500000000000102
522,1,0.0,0.021500000000000102
522,2,0.0,0.021500000000000102
522,4,0.0,0.021500000000000102
522,8,0.0,0.021500000000000102
523,1,0.0,0.021500000000000102
523,2,0.0,0.021500000000000102
523,4,0.0,0.021500000000000102
523,8,0.0,0.021500000000000102
524,1,0.0,0.021500000000000102
524,2,0.0,0.021500000000000102
524,4,0.0,0.021500000000000102
524,8,0.0,0.021500000000000102
525,1,0.0,0.021500000000000102
525,2,0.0,0.021500000000000102
525,4,0.0,0.021500000000000102
525,8,0.0,0.021500000000000102
526,1,0.0,0.04295000000000072
526,2,0.0,0.021500000000000102
526,4,0.0,0.021500000000000102
526,8,0.0,0.021500000000000102
527,1,0.0,0.04295000000000072
527,2,0.0,0.021500000000000102
527,4,0.0,0.021500000000000102
527,8,0.0,0.021500000000000102
528,1,0.0,0.04295000000000072
528,2,0.0,0.04295000000000072
528,4,0.0,0.026850000000000256
528,8,0.0,0.021500000000000102
529,1,0.0,0.021500000000000102
529,2,0.0,0.021500000000000102
529,4,0.0,0.021500000000000102
529,8,0.0,0.021500000000000102
530,1,0.0,0.021500000000000102
530,2,0.0,0.021500000000000102
530,4,0.0,0.021500000000000102
530,8,0.0,0.021500000000000102
531,1,0.0,0.021500000000000102
531,2,0.0,0.021500000000000102
531,4,0.0,0.021500000000000102
531,8,0.0,0.021500000000000102
532,1,0.0,0.04295000000000072
532,2,0.0,0.021500000000000102
532,4,0.0,0.021500000000000102
532,8,0.0,0.021500000000000102
533,1,0.0,0.021500000000000102
533,2,0.0,0.021500000000000102
533,4,0.0,0.021500000000000102
533,8,0.0,0.021500000000000102
534,1,0.0,0.04295000000000072
534,2,0.0,0.021500000000000102
534,4,0.0,0.021500000000000102
534,8,0.0,0.021500000000000102
535,1,0.0,0.021500000000000102
535,2,0.0,0.021500000000000102
535,4,0.0,0.021500000000000102
535,8,0.0,0.021500000000000102
536,1,0.0,0.021500000000000102
536,2,0.0,0.021500000000000102
536,4,0.0,0.021500000000000102
536,8,0.0,0.021500000000000102
537,1,0.0,0.021500000000000102
537,2,0.0,0.021500000000000102
537,4,0.0,0.021500000000000102
537,8,0.0,0.021500000000000102
538,1,0.0,0.021500000000000102
538,2,0.0,0.021500000000000102
538,4,0.0,0.021500000000000102
538,8,0.0,0.021500000000000102
539,1,0.0,0.021500000000000102
539,2,0.0,0.021500000000000102
539,4,0.0,0.021500000000000102
539,8,0.0,0.021500000000000102
540,1,0.0,0.021500000000000102
540,2,0.0,0.021500000000000102
540,4,0.0,0.021500000000000102
540,8,0.0,0.021500000000000102
541,1,0.0,0.021500000000000102
541,2,0.0,0.021500000000000102
541,4,0.0,0.021500000000000102
541,8,0.0,0.021500000000000102
542,1,0.0,0.021500000000000102
542,2,0.0,0.021500000000000102
542,4,0.0,0.021500000000000102
542,8,0.0,0.021500000000000102
543,1,0.0,0.021500000000000102
543,2,0.0,0.021500000000000102
543,4,0.0,0.021500000000000102
543,8,0.0,0.021500000000000102
544,1,0.0,0.021500000000000102
544,2,0.0,0.021500000000000102
544,4,0.0,0.021500000000000102
544,8,0.0,0.021500000000000102
545,1,0.0,0.021500000000000102
545,2,0.0,0.021500000000000102
545,4,0.0,0.021500000000000102
545,8,0.0,0.021500000000000102
546,1,0.0,0.021500000000000102
546,2,0.0,0.021500000000000102
546,4,0.0,0.021500000000000102
546,8,0.0,0.021500000000000102
547,1,0.0,0.021500000000000102
547,2,0.0,0.021500000000000102
547,4,0.0,0.021500000000000102
547,8,0.0,0.021500000000000102
548,1,0.0,0.021500000000000102
548,2,0.0,0.021500000000000102
548,4,0.0,0.021500000000000102
548,8,0.0,0.021500000000000102
549,1,0.0,0.021500000000000102
549,2,0.0,0.021500000000000102
549,4,0.0,0.021500000000000102
549,8,0.0,0.021500000000000102
550,1,0.0,0.021500000000000102
550,2,0.0,0.021500000000000102
550,4,0.0,0.021500000000000102
550,8,0.0,0.02180000000000011
551,1,0.0,0.021500000000000102
551,2,0.0,0.021500000000000102
551,4,0.0,0.021500000000000102
551,8,0.0,0.021500000000000102
552,1,0.0,0.04295000000000072
552,2,0.0,0.021500000000000102
552,4,0.0,0.021500000000000102
552,8,0.0,0.021500000000000102
553,1,0.0,0.021500000000000102
553,2,0.0,0.021500000000000102
553,4,0.0,0.021500000000000102
553,8,0.0,0.021500000000000102
554,1,0.0,0.04295000000000072
554,2,0.0,0.021500000000000102
554,4,0.0,0.021500000000000102
554,8,0.0,0.02180000000000011
555,1,0.0,0.021500000000000102
555,2,0.0,0.021500000000000102
555,4,0.0,0.021500000000000102
555,8,0.0,0.021500000000000102
556,1,0.0,0.021500000000000102
556,2,0.0,0.021500000000000102
556,4,0.0,0.021500000000000102
556,8,0.0,0.021500000000000102
557,1,0.0,0.021500000000000102
557,2,0.0,0.021500000000000102
557,4,0.0,0.021500000000000102
557,8,0.0,0.021500000000000102
558,1,0.0,0.021500000000000102
558,2,0.0,0.021500000000000102
558,4,0.0,0.021500000000000102
558,8,0.0,0.021500000000000102
559,1,0.0,0.04295000000000072
559,2,0.0,0.021500000000000102
559,4,0.0,0.021500000000000102
559,8,0.0,0.021500000000000102
560,1,0.0,0.021500000000000102
560,2,0.0,0.021500000000000102
560,4,0.0,0.021900000000000114
560,8,0.0,0.021600000000000105
561,1,0.0,0.04295000000000072
561,2,0.0,0.03225000000000041
561,4,0.0,0.021500000000000102
561,8,0.0,0.021500000000000102
562,1,0.0,0.021500000000000102
562,2,0.0,0.021500000000000102
562,4,0.0,0.021500000000000102
562,8,0.0,0.021500000000000102
563,1,0.0,0.021500000000000102
563,2,0.0,0.021500000000000102
563,4,0.0,0.021500000000000102
563,8,0.0,0.021500000000000102
564,1,0.0,0.021500000000000102
564,2,0.0,0.021500000000000102
564,4,0.0,0.021500000000000102
564,8,0.0,0.02180000000000011
565,1,0.0,0.021500000000000102
565,2,0.0,0.021500000000000102
565,4,0.0,0.021500000000000102
565,8,0.0,0.021500000000000102
566,1,0.0,0.04295000000000072
566,2,0.0,0.021500000000000102
566,4,0.0,0.021500000000000102
566,8,0.0,0.021500000000000102
567,1,0.0,0.021500000000000102
567,2,0.0,0.021500000000000102
567,4,0.0,0.021500000000000102
567,8,0.0,0.021500000000000102
568,1,0.0,0.03755000000000056
568,2,0.0,0.03085000000000037
568,4,0.0,0.02320000000000015
568,8,0.0,0.021700000000000108
569,1,0.0,0.021500000000000102
569,2,0.0,0.021500000000000102
569,4,0.0,0.021500000000000102
569,8,0.0,0.021500000000000102
570,1,0.0,0.04295000000000072
570,2,0.0,0.021500000000000102
570,4,0.0,0.021500000000000102
570,8,0.0,0.021500000000000102
571,1,0.0,0.021500000000000102
571,2,0.0,0.021500000000000102
571,4,0.0,0.021500000000000102
571,8,0.0,0.021500000000000102
572,1,0.0,0.021500000000000102
572,2,0.0,0.021500000000000102
572,4,0.0,0.021500000000000102
572,8,0.0,0.021500000000000102
573,1,0.0,0.021500000000000102
573,2,0.0,0.021500000000000102
573,4,0.0,0.021500000000000102
573,8,0.0,0.021500000000000102
574,1,0.0,0.021500000000000102
574,2,0.0,0.03440000000000047
574,4,0.0,0.02450000000000019
574,8,0.0,0.021950000000000115
575,1,0.0,0.04295000000000072
575,2,0.0,0.021500000000000102
575,4,0.0,0.02320000000000015
575,8,0.0,0.02320000000000015
576,1,0.0,0.021500000000000102
576,2,0.0,0.021500000000000102
576,4,0.0,0.021500000000000102
576,8,0.0,0.021500000000000102
577,1,0.0,0.021500000000000102
577,2,0.0,0.021500000000000102
577,4,0.0,0.021500000000000102
577,8,0.0,0.021500000000000102
578,1,0.0,0.021500000000000102
578,2,0.0,0.03225000000000041
578,4,0.0,0.021500000000000102
578,8,0.0,0.021500000000000102
579,1,0.0,0.021500000000000102
579,2,0.0,0.021500000000000102
579,4,0.0,0.021500000000000102
579,8,0.0,0.021500000000000102
580,1,0.0,0.021500000000000102
580,2,0.0,0.021500000000000102
580,4,0.0,0.021500000000000102
580,8,0.0,0.021500000000000102
581,1,0.0,0.021500000000000102
581,2,0.0,0.021500000000000102
581,4,0.0,0.021500000000000102
581,8,0.0,0.021500000000000102
582,1,0.0,0.04295000000000072
582,2,0.0,0.021500000000000102
582,4,0.0,0.021500000000000102
582,8,0.0,0.021500000000000102
583,1,0.0,0.021500000000000102
583,2,0.0,0.021500000000000102
583,4,0.0,0.021500000000000102
583,8,0.0,0.021500000000000102
584,1,0.0,0.021500000000000102
584,2,0.0,0.021500000000000102
584,4,0.0,0.021500000000000102
584,8,0.0,0.021500000000000102
585,1,0.0,0.04295000000000072
585,2,0.0,0.03225000000000041
585,4,0.0,0.021500000000000102
585,8,0.0,0.021500000000000102
586,1,0.0,0.021500000000000102
586,2,0.0,0.021500000000000102
586,4,0.0,0.021500000000000102
586,8,0.0,0.021500000000000102
587,1,0.0,0.021500000000000102
587,2,0.0,0.03225000000000041
587,4,0.0,0.021500000000000102
587,8,0.0,0.021500000000000102
588,1,0.0,0.021500000000000102
588,2,0.0,0.021500000000000102
588,4,0.0,0.021500000000000102
588,8,0.0,0.021500000000000102
589,1,0.0,0.04295000000000072
589,2,0.0,0.03225000000000041
589,4,0.0,0.021500000000000102
589,8,0.0,0.021500000000000102
590,1,0.0,0.021500000000000102
590,2,0.0,0.021500000000000102
590,4,0.0,0.021500000000000102
590,8,0.0,0.021500000000000102
591,1,0.0,0.04295000000000072
591,2,0.0,0.021500000000000102
591,4,0.0,0.021500000000000102
591,8,0.0,0.021500000000000102
592,1,0.0,0.04295000000000072
592,2,0.0,0.021500000000000102
592,4,0.0,0.021500000000000102
592,8,0.0,0.021500000000000102
593,1,0.0,0.021500000000000102
593,2,0.0,0.021500000000000102
593,4,0.0,0.021500000000000102
593,8,0.0,0.021500000000000102
594,1,0.0,0.021500000000000102
594,2,0.0,0.021500000000000102
594,4,0.0,0.021500000000000102
594,8,0.0,0.021550000000000104
595,1,0.0,0.021500000000000102
595,2,0.0,0.021500000000000102
595,4,0.0,0.021500000000000102
595,8,0.0,0.021500000000000102
596,1,0.0,0.021500000000000102
596,2,0.0,0.021500000000000102
596,4,0.0,0.021500000000000102
596,8,0.0,0.021500000000000102
597,1,0.0,0.04295000000000072
597,2,0.0,0.021500000000000102
597,4,0.0,0.021500000000000102
597,8,0.0,0.021500000000000102
598,1,0.0,0.021500000000000102
598,2,0.0,0.021500000000000102
598,4,0.0,0.021500000000000102
598,8,0.0,0.021500000000000102
599,1,0.0,0.021500000000000102
599,2,0.0,0.021500000000000102
599,4,0.0,0.021500000000000102
599,8,0.0,0.021500000000000102
600,1,0.0,0.021500000000000102
600,2,0.0,0.021500000000000102
600,4,0.0,0.021500000000000102
600,8,0.0,0.021500000000000102
601,1,0.0,0.021500000000000102
601,2,0.0,0.021500000000000102
601,4,0.0,0.021500000000000102
601,8,0.0,0.021500000000000102
602,1,0.0,0.021500000000000102
602,2,0.0,0.021500000000000102
602,4,0.0,0.021500000000000102
602,8,0.0,0.021500000000000102
603,1,0.0,0.04295000000000072
603,2,0.0,0.021500000000000102
603,4,0.0,0.021500000000000102
603,8,0.0,0.021500000000000102
604,1,0.0,0.021500000000000102
604,2,0.0,0.021500000000000102
604,4,0.0,0.021500000000000102
604,8,0.0,0.021500000000000102
605,1,0.0,0.021500000000000102
605,2,0.0,0.021500000000000102
605,4,0.0,0.021500000000000102
605,8,0.0,0.021500000000000102
606,1,0.0,0.04295000000000072
606,2,0.0,0.021500000000000102
606,4,0.0,0.021500000000000102
606,8,0.0,0.021500000000000102
607,1,0.0,0.04295000000000072
607,2,0.0,0.021500000000000102
607,4,0.0,0.021500000000000102
607,8,0.0,0.021500000000000102
608,1,0.0,0.021500000000000102
608,2,0.0,0.021500000000000102
608,4,0.0,0.021500000000000102
608,8,0.0,0.021500000000000102
609,1,0.0,0.04295000000000072
609,2,0.0,0.03225000000000041
609,4,0.0,0.021500000000000102
609,8,0.0,0.021500000000000102
610,1,0.0,0.021500000000000102
610,2,0.0,0.021500000000000102
610,4,0.0,0.021500000000000102
610,8,0.0,0.021500000000000102
611,1,0.0,0.021500000000000102
611,2,0.0,0.021500000000000102
611,4,0.0,0.021500000000000102
611,8,0.0,0.021500000000000102
612,1,0.0,0.021500000000000102
612,2,0.0,0.021500000000000102
612,4,0.0,0.021500000000000102
612,8,0.0,0.021500000000000102
613,1,0.0,0.021500000000000102
613,2,0.0,0.021500000000000102
613,4,0.0,0.021500000000000102
613,8,0.0,0.021500000000000102
614,1,0.0,0.021500000000000102
614,2,0.0,0.021500000000000102
614,4,0.0,0.021500000000000102
614,8,0.0,0.021500000000000102
615,1,0.0,0.021500000000000102
615,2,0.0,0.021500000000000102
615,4,0.0,0.021500000000000102
615,8,0.0,0.021500000000000102
616,1,0.0,0.04295000000000072
616,2,0.0,0.021500000000000102
616,4,0.0,0.021500000000000102
616,8,0.0,0.021500000000000102
617,1,0.0,0.021500000000000102
617,2,0.0,0.021500000000000102
617,4,0.0,0.021500000000000102
617,8,0.0,0.021500000000000102
618,1,0.0,0.021500000000000102
618,2,0.0,0.021500000000000102
618,4,0.0,0.021500000000000102
618,8,0.0,0.021500000000000102
619,1,0.0,0.04295000000000072
619,2,0.0,0.021500000000000102
619,4,0.0,0.021500000000000102
619,8,0.0,0.021500000000000102
620,1,0.0,0.021500000000000102
620,2,0.0,0.021500000000000102
620,4,0.0,0.021500000000000102
620,8,0.0,0.021500000000000102
621,1,0.0,0.021500000000000102
621,2,0.0,0.021500000000000102
621,4,0.0,0.021500000000000102
621,8,0.0,0.021500000000000102
622,1,0.0,0.021500000000000102
622,2,0.0,0.021500000000000102
622,4,0.0,0.021500000000000102
622,8,0.0,0.021500000000000102
623,1,0.0,0.021500000000000102
623,2,0.0,0.021500000000000102
623,4,0.0,0.021500000000000102
623,8,0.0,0.021500000000000102
624,1,0.0,0.04295000000000072
624,2,0.0,0.021500000000000102
624,4,0.0,0.021500000000000102
624,8,0.0,0.021500000000000102
625,1,0.0,0.04295000000000072
625,2,0.0,0.021500000000000102
625,4,0.0,0.021500000000000102
625,8,0.0,0.021500000000000102
626,1,0.0,0.04295000000000072
626,2,0.0,0.021500000000000102
626,4,0.0,0.021500000000000102
626,8,0.0,0.021500000000000102
627,1,0.0,0.021500000000000102
627,2,0.0,0.021500000000000102
627,4,0.0,0.021500000000000102
627,8,0.0,0.021500000000000102
628,1,0.0,0.021500000000000102
628,2,0.0,0.021500000000000102
628,4,0.0,0.021500000000000102
628,8,0.0,0.021500000000000102
629,1,0.0,0.04295000000000072
629,2,0.0,0.021500000000000102
629,4,0.0,0.021500000000000102
629,8,0.0,0.021500000000000102
630,1,0.0,0.021500000000000102
630,2,0.0,0.021500000000000102
630,4,0.0,0.021500000000000102
630,8,0.0,0.021500000000000102
631,1,0.0,0.04295000000000072
631,2,0.0,0.021500000000000102
631,4,0.0,0.021500000000000102
631,8,0.0,0.021500000000000102
632,1,0.0,0.021500000000000102
632,2,0.0,0.021500000000000102
632,4,0.0,0.021500000000000102
632,8,0.0,0.021500000000000102
633,1,0.0,0.04295000000000072
633,2,0.0,0.021500000000000102
633,4,0.0,0.021500000000000102
633,8,0.0,0.021500000000000102
634,1,0.0,0.021500000000000102
634,2,0.0,0.021500000000000102
634,4,0.0,0.021500000000000102
634,8,0.0,0.021700000000000108
635,1,0.0,0.021500000000000102
635,2,0.0,0.021500000000000102
635,4,0.0,0.021500000000000102
635,8,0.0,0.021500000000000102
636,1,0.0,0.021500000000000102
636,2,0.0,0.021500000000000102
636,4,0.0,0.021500000000000102
636,8,0.0,0.021500000000000102
637,1,0.0,0.021500000000000102
637,2,0.0,0.021500000000000102
637,4,0.0,0.021500000000000102
637,8,0.0,0.021500000000000102
638,1,0.0,0.021500000000000102
638,2,0.0,0.021500000000000102
638,4,0.0,0.021500000000000102
638,8,0.0,0.021500000000000102
639,1,0.0,0.021500000000000102
639,2,0.0,0.021500000000000102
639,4,0.0,0.021500000000000102
639,8,0.0,0.021500000000000102
640,1,0.0,0.021500000000000102
640,2,0.0,0.021500000000000102
640,4,0.0,0.021500000000000102
640,8,0.0,0.021500000000000102
641,1,0.0,0.04295000000000072
641,2,0.0,0.021500000000000102
641,4,0.0,0.021500000000000102
641,8,0.0,0.021500000000000102
642,1,0.0,0.04295000000000072
642,2,0.0,0.021500000000000102
642,4,0.0,0.021500000000000102
642,8,0.0,0.021500000000000102
643,1,0.0,0.04295000000000072
643,2,0.0,0.021500000000000102
643,4,0.0,0.026850000000000256
643,8,0.0,0.021500000000000102
644,1,0.0,0.021500000000000102
644,2,0.0,0.021500000000000102
644,4,0.0,0.021500000000000102
644,8,0.0,0.021500000000000102
645,1,0.0,0.04295000000000072
645,2,0.0,0.021500000000000102
645,4,0.0,0.021500000000000102
645,8,0.0,0.021500000000000102
646,1,0.0,0.021500000000000102
646,2,0.0,0.021500000000000102
646,4,0.0,0.021500000000000102
646,8,0.0,0.021500000000000102
647,1,0.0,0.021500000000000102
647,2,0.0,0.021500000000000102
647,4,0.0,0.021500000000000102
647,8,0.0,0.021500000000000102
648,1,0.0,0.021500000000000102
648,2,0.0,0.021500000000000102
648,4,0.0,0.021500000000000102
648,8,0.0,0.021500000000000102
649,1,0.0,0.021500000000000102
649,2,0.0,0.021500000000000102
649,4,0.0,0.021500000000000102
649,8,0.0,0.021500000000000102
650,1,0.0,0.021500000000000102
650,2,0.0,0.021500000000000102
650,4,0.0,0.021500000000000102
650,8,0.0,0.021500000000000102
651,1,0.0,0.04295000000000072
651,2,0.0,0.03225000000000041
651,4,0.0,0.021500000000000102
651,8,0.0,0.021500000000000102
652,1,0.0,0.021500000000000102
652,2,0.0,0.021500000000000102
652,4,0.0,0.021500000000000102
652,8,0.0,0.021500000000000102
653,1,0.0,0.04295000000000072
653,2,0.0,0.021500000000000102
653,4,0.0,0.021500000000000102
653,8,0.0,0.021500000000000102
654,1,0.0,0.021500000000000102
654,2,0.0,0.021500000000000102
654,4,0.0,0.021500000000000102
654,8,0.0,0.021500000000000102
655,1,0.0,0.04295000000000072
655,2,0.0,0.021500000000000102
655,4,0.0,0.021500000000000102
655,8,0.0,0.021500000000000102
656,1,0.0,0.021500000000000102
656,2,0.0,0.021500000000000102
656,4,0.0,0.021500000000000102
656,8,0.0,0.021500000000000102
657,1,0.0,0.021500000000000102
657,2,0.0,0.021500000000000102
657,4,0.0,0.021500000000000102
657,8,0.0,0.021500000000000102
658,1,0.0,0.04295000000000072
658,2,0.0,0.021500000000000102
658,4,0.0,0.021500000000000102
658,8,0.0,0.021650000000000107
659,1,0.0,0.04295000000000072
659,2,0.0,0.021500000000000102
659,4,0.0,0.021500000000000102
659,8,0.0,0.021500000000000102
660,1,0.0,0.04295000000000072
660,2,0.0,0.021500000000000102
660,4,0.0,0.021500000000000102
660,8,0.0,0.021500000000000102
661,1,0.0,0.04295000000000072
661,2,0.0,0.021500000000000102
661,4,0.0,0.021500000000000102
661,8,0.0,0.021500000000000102
662,1,0.0,0.04295000000000072
662,2,0.0,0.021500000000000102
662,4,0.0,0.021500000000000102
662,8,0.0,0.021500000000000102
663,1,0.0,0.021500000000000102
663,2,0.0,0.021500000000000102
663,4,0.0,0.021500000000000102
663,8,0.0,0.021500000000000102
664,1,0.0,0.021500000000000102
664,2,0.0,0.021500000000000102
664,4,0.0,0.021500000000000102
664,8,0.0,0.021500000000000102
665,1,0.0,0.021500000000000102
665,2,0.0,0.021500000000000102
665,4,0.0,0.021500000000000102
665,8,0.0,0.021500000000000102
666,1,0.0,0.021500000000000102
666,2,0.0,0.021500000000000102
666,4,0.0,0.021500000000000102
666,8,0.0,0.021500000000000102
667,1,0.0,0.021500000000000102
667,2,0.0,0.021500000000000102
667,4,0.0,0.021500000000000102
667,8,0.0,0.021500000000000102
668,1,0.0,0.021500000000000102
668,2,0.0,0.021500000000000102
668,4,0.0,0.021500000000000102
668,8,0.0,0.021500000000000102
669,1,0.0,0.021500000000000102
669,2,0.0,0.021500000000000102
669,4,0.0,0.021500000000000102
669,8,0.0,0.021500000000000102
670,1,0.0,0.04295000000000072
670,2,0.0,0.021500000000000102
670,4,0.0,0.021500000000000102
670,8,0.0,0.021600000000000105
671,1,0.0,0.021500000000000102
671,2,0.0,0.021500000000000102
671,4,0.0,0.021500000000000102
671,8,0.0,0.021500000000000102
672,1,0.0,0.021500000000000102
672,2,0.0,0.021500000000000102
672,4,0.0,0.021500000000000102
672,8,0.0,0.021500000000000102
673,1,0.0,0.04295000000000072
673,2,0.0,0.021500000000000102
673,4,0.0,0.021500000000000102
673,8,0.0,0.021500000000000102
674,1,0.0,0.021500000000000102
674,2,0.0,0.021500000000000102
674,4,0.0,0.021500000000000102
674,8,0.0,0.021500000000000102
675,1,0.0,0.021500000000000102
675,2,0.0,0.021500000000000102
675,4,0.0,0.021500000000000102
675,8,0.0,0.021500000000000102
676,1,0.0,0.04295000000000072
676,2,0.0,0.021500000000000102
676,4,0.0,0.021500000000000102
676,8,0.0,0.021500000000000102
677,1,0.0,0.04295000000000072
677,2,0.0,0.021500000000000102
677,4,0.0,0.021500000000000102
677,8,0.0,0.021500000000000102
678,1,0.0,0.021500000000000102
678,2,0.0,0.021500000000000102
678,4,0.0,0.021500000000000102
678,8,0.0,0.021600000000000105
679,1,0.0,0.021500000000000102
679,2,0.0,0.021500000000000102
679,4,0.0,0.021500000000000102
679,8,0.0,0.021500000000000102
680,1,0.0,0.021500000000000102
680,2,0.0,0.021500000000000102
680,4,0.0,0.021500000000000102
680,8,0.0,0.021500000000000102
681,1,0.0,0.04295000000000072
681,2,0.0,0.021500000000000102
681,4,0.0,0.021500000000000102
681,8,0.0,0.021500000000000102
682,1,0.0,0.04295000000000072
682,2,0.0,0.03225000000000041
682,4,0.0,0.021500000000000102
682,8,0.0,0.021500000000000102
683,1,0.0,0.04295000000000072
683,2,0.0,0.021500000000000102
683,4,0.0,0.021500000000000102
683,8,0.0,0.021500000000000102
684,1,0.0,0.04295000000000072
684,2,0.0,0.021500000000000102
684,4,0.0,0.021500000000000102
684,8,0.0,0.021500000000000102
685,1,0.0,0.021500000000000102
685,2,0.0,0.021500000000000102
685,4,0.0,0.021500000000000102
685,8,0.0,0.021600000000000105
686,1,0.0,0.021500000000000102
686,2,0.0,0.021500000000000102
686,4,0.0,0.021500000000000102
686,8,0.0,0.021500000000000102
687,1,0.0,0.021500000000000102
687,2,0.0,0.021500000000000102
687,4,0.0,0.021500000000000102
687,8,0.0,0.021500000000000102
688,1,0.0,0.021500000000000102
688,2,0.0,0.021500000000000102
688,4,0.0,0.021500000000000102
688,8,0.0,0.021500000000000102
689,1,0.0,0.021500000000000102
689,2,0.0,0.021500000000000102
689,4,0.0,0.021500000000000102
689,8,0.0,0.021500000000000102
690,1,0.0,0.04295000000000072
690,2,0.0,0.021500000000000102
690,4,0.0,0.021500000000000102
690,8,0.0,0.021500000000000102
691,1,0.0,0.021500000000000102
691,2,0.0,0.021500000000000102
691,4,0.0,0.021500000000000102
691,8,0.0,0.021500000000000102
692,1,0.0,0.04295000000000072
692,2,0.0,0.021500000000000102
692,4,0.0,0.021500000000000102
692,8,0.0,0.021500000000000102
693,1,0.0,0.021500000000000102
693,2,0.0,0.02875000000000031
693,4,0.0,0.02420000000000018
693,8,0.0,0.021900000000000114
694,1,0.0,0.021500000000000102
694,2,0.0,0.021500000000000102
694,4,0.0,0.021850000000000112
694,8,0.0,0.021850000000000112
695,1,0.0,0.021500000000000102
695,2,0.0,0.021500000000000102
695,4,0.0,0.021500000000000102
695,8,0.0,0.021500000000000102
696,1,0.0,0.021500000000000102
696,2,0.0,0.021500000000000102
696,4,0.0,0.021500000000000102
696,8,0.0,0.021500000000000102
697,1,0.0,0.021500000000000102
697,2,0.0,0.021500000000000102
697,4,0.0,0.021500000000000102
697,8,0.0,0.021500000000000102
698,1,0.0,0.021500000000000102
698,2,0.0,0.021500000000000102
698,4,0.0,0.021500000000000102
698,8,0.0,0.021500000000000102
699,1,0.0,0.021500000000000102
699,2,0.0,0.021500000000000102
699,4,0.0,0.021500000000000102
699,8,0.0,0.021650000000000107
700,1,0.0,0.021500000000000102
700,2,0.0,0.03225000000000041
700,4,0.0,0.021500000000000102
700,8,0.0,0.021500000000000102
701,1,0.0,0.021500000000000102
701,2,0.0,0.021500000000000102
701,4,0.0,0.021500000000000102
701,8,0.0,0.021500000000000102
702,1,0.0,0.021500000000000102
702,2,0.0,0.021500000000000102
702,4,0.0,0.021500000000000102
702,8,0.0,0.021500000000000102
703,1,0.0,0.021500000000000102
703,2,0.0,0.021500000000000102
703,4,0.0,0.021500000000000102
703,8,0.0,0.021500000000000102
704,1,0.0,0.021500000000000102
704,2,0.0,0.021500000000000102
704,4,0.0,0.021500000000000102
704,8,0.0,0.021500000000000102
705,1,0.0,0.021500000000000102
705,2,0.0,0.021500000000000102
705,4,0.0,0.021500000000000102
705,8,0.0,0.021500000000000102
706,1,0.0,0.027600000000000277
706,2,0.0,0.024750000000000195
706,4,0.0,0.022300000000000125
706,8,0.0,0.021650000000000107
707,1,0.0,0.021500000000000102
707,2,0.0,0.021500000000000102
707,4,0.0,0.021500000000000102
707,8,0.0,0.021500000000000102
708,1,0.0,0.04295000000000072
708,2,0.0,0.021500000000000102
708,4,0.0,0.021500000000000102
708,8,0.0,0.021500000000000102
709,1,0.0,0.021500000000000102
709,2,0.0,0.021500000000000102
709,4,0.0,0.021500000000000102
709,8,0.0,0.021500000000000102
710,1,0.0,0.04295000000000072
710,2,0.0,0.021500000000000102
710,4,0.0,0.021700000000000108
710,8,0.0,0.021550000000000104
711,1,0.0,0.021500000000000102
711,2,0.0,0.021500000000000102
711,4,0.0,0.021500000000000102
711,8,0.0,0.022050000000000118
712,1,0.0,0.021500000000000102
712,2,0.0,0.021500000000000102
712,4,0.0,0.021500000000000102
712,8,0.0,0.021500000000000102
713,1,0.0,0.021500000000000102
713,2,0.0,0.021500000000000102
713,4,0.0,0.021500000000000102
713,8,0.0,0.021500000000000102
714,1,0.0,0.021500000000000102
714,2,0.0,0.021500000000000102
714,4,0.0,0.021500000000000102
714,8,0.0,0.021500000000000102
715,1,0.0,0.021500000000000102
715,2,0.0,0.021500000000000102
715,4,0.0,0.021500000000000102
715,8,0.0,0.021500000000000102
716,1,0.0,0.04295000000000072
716,2,0.0,0.03225000000000041
716,4,0.0,0.021500000000000102
716,8,0.0,0.021500000000000102
717,1,0.0,0.021500000000000102
717,2,0.0,0.021500000000000102
717,4,0.0,0.021500000000000102
717,8,0.0,0.021500000000000102
718,1,0.0,0.021500000000000102
718,2,0.0,0.021500000000000102
718,4,0.0,0.021500000000000102
718,8,0.0,0.021500000000000102
719,1,0.0,0.021500000000000102
719,2,0.0,0.021500000000000102
719,4,0.0,0.021500000000000102
719,8,0.0,0.021600000000000105
720,1,0.0,0.021500000000000102
720,2,0.0,0.021500000000000102
720,4,0.0,0.021500000000000102
720,8,0.0,0.021500000000000102
721,1,0.0,0.021500000000000102
721,2,0.0,0.021500000000000102
721,4,0.0,0.021500000000000102
721,8,0.0,0.021500000000000102
722,1,0.0,0.021500000000000102
722,2,0.0,0.021500000000000102
722,4,0.0,0.021500000000000102
722,8,0.0,0.021500000000000102
723,1,0.0,0.021500000000000102
723,2,0.0,0.021500000000000102
723,4,0.0,0.021500000000000102
723,8,0.0,0.021950000000000115
724,1,0.0,0.021500000000000102
724,2,0.0,0.021500000000000102
724,4,0.0,0.021500000000000102
724,8,0.0,0.021500000000000102
725,1,0.0,0.04295000000000072
725,2,0.0,0.021500000000000102
725,4,0.0,0.021500000000000102
725,8,0.0,0.021500000000000102
726,1,0.0,0.021500000000000102
726,2,0.0,0.021500000000000102
726,4,0.0,0.021500000000000102
726,8,0.0,0.021500000000000102
727,1,0.0,0.021500000000000102
727,2,0.0,0.021500000000000102
727,4,0.0,0.021500000000000102
727,8,0.0,0.021500000000000102
728,1,0.0,0.021500000000000102
728,2,0.0,0.021500000000000102
728,4,0.0,0.021500000000000102
728,8,0.0,0.021500000000000102
729,1,0.0,0.021500000000000102
729,2,0.0,0.021500000000000102
729,4,0.0,0.021500000000000102
729,8,0.0,0.021500000000000102
730,1,0.0,0.021500000000000102
730,2,0.0,0.021500000000000102
730,4,0.0,0.021500000000000102
730,8,0.0,0.021500000000000102
731,1,0.0,0.021500000000000102
731,2,0.0,0.021500000000000102
731,4,0.0,0.021500000000000102
731,8,0.0,0.021500000000000102
732,1,0.0,0.021500000000000102
732,2,0.0,0.021500000000000102
732,4,0.0,0.021500000000000102
732,8,0.0,0.021500000000000102
733,1,0.0,0.04295000000000072
733,2,0.0,0.021500000000000102
733,4,0.0,0.021500000000000102
733,8,0.0,0.021500000000000102
734,1,0.0,0.021500000000000102
734,2,0.0,0.021500000000000102
734,4,0.0,0.021500000000000102
734,8,0.0,0.021500000000000102
735,1,0.0,0.021500000000000102
735,2,0.0,0.021500000000000102
735,4,0.0,0.021500000000000102
735,8,0.0,0.021500000000000102
736,1,0.0,0.021500000000000102
736,2,0.0,0.021500000000000102
736,4,0.0,0.021500000000000102
736,8,0.0,0.021500000000000102
737,1,0.0,0.021500000000000102
737,2,0.0,0.021500000000000102
737,4,0.0,0.021500000000000102
737,8,0.0,0.021950000000000115
738,1,0.0,0.021500000000000102
738,2,0.0,0.021500000000000102
738,4,0.0,0.021500000000000102
738,8,0.0,0.021500000000000102
739,1,0.0,0.021500000000000102
739,2,0.0,0.021500000000000102
739,4,0.0,0.021500000000000102
739,8,0.0,0.021500000000000102
740,1,0.0,0.021500000000000102
740,2,0.0,0.021500000000000102
740,4,0.0,0.021500000000000102
740,8,0.0,0.021500000000000102
741,1,0.0,0.021500000000000102
741,2,0.0,0.021500000000000102
741,4,0.0,0.021500000000000102
741,8,0.0,0.021500000000000102
742,1,0.0,0.04295000000000072
742,2,0.0,0.03225000000000041
742,4,0.0,0.02415000000000018
742,8,0.0,0.02415000000000018
743,1,0.0,0.021500000000000102
743,2,0.0,0.021500000000000102
743,4,0.0,0.021500000000000102
743,8,0.0,0.021500000000000102
744,1,0.0,0.04295000000000072
744,2,0.0,0.04295000000000072
744,4,0.0,0.026850000000000256
744,8,0.0,0.021900000000000114
745,1,0.0,0.04295000000000072
745,2,0.0,0.021500000000000102
745,4,0.0,0.021500000000000102
745,8,0.0,0.021500000000000102
746,1,0.0,0.04295000000000072
746,2,0.0,0.021500000000000102
746,4,0.0,0.021500000000000102
746,8,0.0,0.021500000000000102
747,1,0.0,0.04295000000000072
747,2,0.0,0.04295000000000072
747,4,0.0,0.026850000000000256
747,8,0.0,0.021500000000000102
748,1,0.0,0.04295000000000072
748,2,0.0,0.021500000000000102
748,4,0.0,0.021500000000000102
748,8,0.0,0.021500000000000102
749,1,0.0,0.021500000000000102
749,2,0.0,0.021500000000000102
749,4,0.0,0.021500000000000102
749,8,0.0,0.021500000000000102
750,1,0.0,0.04295000000000072
750,2,0.0,0.021500000000000102
750,4,0.0,0.021500000000000102
750,8,0.0,0.021500000000000102
751,1,0.0,0.04295000000000072
751,2,0.0,0.021500000000000102
751,4,0.0,0.021500000000000102
751,8,0.0,0.021500000000000102
752,1,0.0,0.04295000000000072
752,2,0.0,0.021500000000000102
752,4,0.0,0.021500000000000102
752,8,0.0,0.021500000000000102
753,1,0.0,0.04295000000000072
753,2,0.0,0.04295000000000072
753,4,0.0,0.026850000000000256
753,8,0.0,0.021500000000000102
754,1,0.0,0.04295000000000072
754,2,0.0,0.021500000000000102
754,4,0.0,0.021500000000000102
754,8,0.0,0.021500000000000102
755,1,0.0,0.04295000000000072
755,2,0.0,0.021500000000000102
755,4,0.0,0.021500000000000102
755,8,0.0,0.021500000000000102
756,1,0.0,0.021500000000000102
756,2,0.0,0.021500000000000102
756,4,0.0,0.021500000000000102
756,8,0.0,0.021500000000000102
757,1,0.0,0.021500000000000102
757,2,0.0,0.03225000000000041
757,4,0.0,0.021500000000000102
757,8,0.0,0.021500000000000102
758,1,0.0,0.04295000000000072
758,2,0.0,0.03225000000000041
758,4,0.0,0.021500000000000102
758,8,0.0,0.021500000000000102
759,1,0.0,0.021500000000000102
759,2,0.0,0.021500000000000102
759,4,0.0,0.021500000000000102
759,8,0.0,0.021500000000000102
760,1,0.0,0.021500000000000102
760,2,0.0,0.021500000000000102
760,4,0.0,0.021500000000000102
760,8,0.0,0.021500000000000102
761,1,0.0,0.021500000000000102
761,2,0.0,0.021500000000000102
761,4,0.0,0.021500000000000102
761,8,0.0,0.021500000000000102
762,1,0.0,0.021500000000000102
762,2,0.0,0.021500000000000102
762,4,0.0,0.021500000000000102
762,8,0.0,0.021500000000000102
763,1,0.0,0.021500000000000102
763,2,0.0,0.021500000000000102
763,4,0.0,0.021500000000000102
763,8,0.0,0.021500000000000102
764,1,0.0,0.021500000000000102
764,2,0.0,0.021500000000000102
764,4,0.0,0.021500000000000102
764,8,0.0,0.021500000000000102
765,1,0.0,0.021500000000000102
765,2,0.0,0.021500000000000102
765,4,0.0,0.021500000000000102
765,8,0.0,0.021500000000000102
766,1,0.0,0.021500000000000102
766,2,0.0,0.021500000000000102
766,4,0.0,0.021500000000000102
766,8,0.0,0.021500000000000102
767,1,0.0,0.021500000000000102
767,2,0.0,0.021500000000000102
767,4,0.0,0.021500000000000102
767,8,0.0,0.021500000000000102
768,1,0.0,0.04295000000000072
768,2,0.0,0.021500000000000102
768,4,0.0,0.021500000000000102
768,8,0.0,0.021500000000000102
769,1,0.0,0.04295000000000072
769,2,0.0,0.03225000000000041
769,4,0.0,0.022600000000000134
769,8,0.0,0.02175000000000011
770,1,0.0,0.021500000000000102
770,2,0.0,0.021500000000000102
770,4,0.0,0.021500000000000102
770,8,0.0,0.021500000000000102
771,1,0.0,0.04295000000000072
771,2,0.0,0.021500000000000102
771,4,0.0,0.021500000000000102
771,8,0.0,0.021500000000000102
772,1,0.0,0.021500000000000102
772,2,0.0,0.03225000000000041
772,4,0.0,0.021500000000000102
772,8,0.0,0.021500000000000102
773,1,0.0,0.04295000000000072
773,2,0.0,0.021500000000000102
773,4,0.0,0.021500000000000102
773,8,0.0,0.021500000000000102
774,1,0.0,0.04295000000000072
774,2,0.0,0.021500000000000102
774,4,0.0,0.021500000000000102
774,8,0.0,0.021500000000000102
775,1,0.0,0.021500000000000102
775,2,0.0,0.021500000000000102
775,4,0.0,0.021500000000000102
775,8,0.0,0.021500000000000102
776,1,0.0,0.021500000000000102
776,2,0.0,0.021500000000000102
776,4,0.0,0.021500000000000102
776,8,0.0,0.021500000000000102
777,1,0.0,0.04295000000000072
777,2,0.0,0.021500000000000102
777,4,0.0,0.021500000000000102
777,8,0.0,0.021500000000000102
778,1,0.0,0.04295000000000072
778,2,0.0,0.03225000000000041
778,4,0.0,0.021500000000000102
778,8,0.0,0.021500000000000102
779,1,0.0,0.04295000000000072
779,2,0.0,0.021500000000000102
779,4,0.0,0.021500000000000102
779,8,0.0,0.021500000000000102
780,1,0.0,0.021500000000000102
780,2,0.0,0.021500000000000102
780,4,0.0,0.021500000000000102
780,8,0.0,0.021500000000000102
781,1,0.0,0.04295000000000072
781,2,0.0,0.03225000000000041
781,4,0.0,0.021500000000000102
781,8,0.0,0.021500000000000102
782,1,0.0,0.022050000000000118
782,2,0.0,0.021500000000000102
782,4,0.0,0.021500000000000102
782,8,0.0,0.021500000000000102
783,1,0.0,0.021500000000000102
783,2,0.0,0.021500000000000102
783,4,0.0,0.021500000000000102
783,8,0.0,0.021500000000000102
784,1,0.0,0.021500000000000102
784,2,0.0,0.021500000000000102
784,4,0.0,0.021500000000000102
784,8,0.0,0.021500000000000102
785,1,0.0,0.048850000000000886
785,2,0.0,0.030600000000000363
785,4,0.0,0.022750000000000138
785,8,0.0,0.022000000000000117
786,1,0.0,0.04295000000000072
786,2,0.0,0.021500000000000102
786,4,0.0,0.021500000000000102
786,8,0.0,0.021500000000000102
787,1,0.0,0.04295000000000072
787,2,0.0,0.021500000000000102
787,4,0.0,0.021500000000000102
787,8,0.0,0.021500000000000102
788,1,0.0,0.021500000000000102
788,2,0.0,0.021500000000000102
788,4,0.0,0.021500000000000102
788,8,0.0,0.021500000000000102
789,1,0.0,0.021500000000000102
789,2,0.0,0.03225000000000041
789,4,0.0,0.021500000000000102
789,8,0.0,0.021500000000000102
790,1,0.0,0.021500000000000102
790,2,0.0,0.021500000000000102
790,4,0.0,0.021500000000000102
790,8,0.0,0.021500000000000102
791,1,0.0,0.021500000000000102
791,2,0.0,0.03225000000000041
791,4,0.0,0.021500000000000102
791,8,0.0,0.021550000000000104
792,1,0.0,0.021500000000000102
792,2,0.0,0.021500000000000102
792,4,0.0,0.021500000000000102
792,8,0.0,0.021500000000000102
793,1,0.0,0.04295000000000072
793,2,0.0,0.021500000000000102
793,4,0.0,0.021500000000000102
793,8,0.0,0.021500000000000102
794,1,0.0,0.04295000000000072
794,2,0.0,0.021500000000000102
794,4,0.0,0.021500000000000102
794,8,0.0,0.021500000000000102
795,1,0.0,0.021500000000000102
795,2,0.0,0.021500000000000102
795,4,0.0,0.021500000000000102
795,8,0.0,0.021500000000000102
796,1,0.0,0.021500000000000102
796,2,0.0,0.021500000000000102
796,4,0.0,0.021500000000000102
796,8,0.0,0.021500000000000102
797,1,0.0,0.021500000000000102
797,2,0.0,0.021500000000000102
797,4,0.0,0.021500000000000102
797,8,0.0,0.021500000000000102
798,1,0.0,0.021500000000000102
798,2,0.0,0.021500000000000102
798,4,0.0,0.021500000000000102
798,8,0.0,0.021500000000000102
799,1,0.0,0.021500000000000102
799,2,0.0,0.021500000000000102
799,4,0.0,0.021500000000000102
799,8,0.0,0.021500000000000102
800,1,0.0,0.021500000000000102
800,2,0.0,0.021500000000000102
800,4,0.0,0.021500000000000102
800,8,0.0,0.021500000000000102
801,1,0.0,0.021500000000000102
801,2,0.0,0.021500000000000102
801,4,0.0,0.021500000000000102
801,8,0.0,0.021500000000000102
802,1,0.0,0.021500000000000102
802,2,0.0,0.021500000000000102
802,4,0.0,0.021500000000000102
802,8,0.0,0.021500000000000102
803,1,0.0,0.021500000000000102
803,2,0.0,0.021500000000000102
803,4,0.0,0.021500000000000102
803,8,0.0,0.021500000000000102
804,1,0.0,0.021500000000000102
804,2,0.0,0.021500000000000102
804,4,0.0,0.02385000000000017
804,8,0.0,0.021950000000000115
805,1,0.0,0.04295000000000072
805,2,0.0,0.021500000000000102
805,4,0.0,0.021500000000000102
805,8,0.0,0.021500000000000102
806,1,0.0,0.04295000000000072
806,2,0.0,0.03225000000000041
806,4,0.0,0.021500000000000102
806,8,0.0,0.021500000000000102
807,1,0.0,0.021500000000000102
807,2,0.0,0.021500000000000102
807,4,0.0,0.021500000000000102
807,8,0.0,0.021500000000000102
808,1,0.0,0.021500000000000102
808,2,0.0,0.021500000000000102
808,4,0.0,0.021500000000000102
808,8,0.0,0.021500000000000102
809,1,0.0,0.021500000000000102
809,2,0.0,0.02520000000000021
809,4,0.0,0.022200000000000122
809,8,0.0,0.021600000000000105
810,1,0.0,0.021500000000000102
810,2,0.0,0.021500000000000102
810,4,0.0,0.021500000000000102
810,8,0.0,0.021500000000000102
811,1,0.0,0.021500000000000102
811,2,0.0,0.021500000000000102
811,4,0.0,0.021500000000000102
811,8,0.0,0.021500000000000102
812,1,0.0,0.04295000000000072
812,2,0.0,0.021500000000000102
812,4,0.0,0.021500000000000102
812,8,0.0,0.021500000000000102
813,1,0.0,0.021500000000000102
813,2,0.0,0.021500000000000102
813,4,0.0,0.021500000000000102
813,8,0.0,0.021500000000000102
814,1,0.0,0.021500000000000102
814,2,0.0,0.021500000000000102
814,4,0.0,0.021500000000000102
814,8,0.0,0.021500000000000102
815,1,0.0,0.04295000000000072
815,2,0.0,0.03225000000000041
815,4,0.0,0.03225000000000041
815,8,0.0,0.021500000000000102
816,1,0.0,0.04295000000000072
816,2,0.0,0.021500000000000102
816,4,0.0,0.021500000000000102
816,8,0.0,0.021500000000000102
817,1,0.0,0.04295000000000072
817,2,0.0,0.021500000000000102
817,4,0.0,0.021500000000000102
817,8,0.0,0.021500000000000102
818,1,0.0,0.021500000000000102
818,2,0.0,0.021500000000000102
818,4,0.0,0.021500000000000102
818,8,0.0,0.021500000000000102
819,1,0.0,0.021500000000000102
819,2,0.0,0.021500000000000102
819,4,0.0,0.021500000000000102
819,8,0.0,0.021500000000000102
820,1,0.0,0.021500000000000102
820,2,0.0,0.021500000000000102
820,4,0.0,0.021500000000000102
820,8,0.0,0.021500000000000102
821,1,0.0,0.04295000000000072
821,2,0.0,0.03225000000000041
821,4,0.0,0.021500000000000102
821,8,0.0,0.021500000000000102
822,1,0.0,0.04295000000000072
822,2,0.0,0.021500000000000102
822,4,0.0,0.021500000000000102
822,8,0.0,0.02175000000000011
823,1,0.0,0.021500000000000102
823,2,0.0,0.021500000000000102
823,4,0.0,0.021500000000000102
823,8,0.0,0.021500000000000102
824,1,0.0,0.04295000000000072
824,2,0.0,0.021500000000000102
824,4,0.0,0.021500000000000102
824,8,0.0,0.021500000000000102
825,1,0.0,0.04295000000000072
825,2,0.0,0.021500000000000102
825,4,0.0,0.021500000000000102
825,8,0.0,0.021500000000000102
826,1,0.0,0.04295000000000072
826,2,0.0,0.021500000000000102
826,4,0.0,0.021500000000000102
826,8,0.0,0.021500000000000102
827,1,0.0,0.04295000000000072
827,2,0.0,0.03225000000000041
827,4,0.0,0.026850000000000256
827,8,0.0,0.021500000000000102
828,1,0.0,0.021500000000000102
828,2,0.0,0.021500000000000102
828,4,0.0,0.021500000000000102
828,8,0.0,0.021500000000000102
829,1,0.0,0.021500000000000102
829,2,0.0,0.021500000000000102
829,4,0.0,0.021500000000000102
829,8,0.0,0.021500000000000102
830,1,0.0,0.021500000000000102
830,2,0.0,0.021500000000000102
830,4,0.0,0.021500000000000102
830,8,0.0,0.021500000000000102
831,1,0.0,0.021500000000000102
831,2,0.0,0.021500000000000102
831,4,0.0,0.021500000000000102
831,8,0.0,0.021500000000000102
832,1,0.0,0.021500000000000102
832,2,0.0,0.021500000000000102
832,4,0.0,0.021500000000000102
832,8,0.0,0.021500000000000102
833,1,0.0,0.04295000000000072
833,2,0.0,0.021500000000000102
833,4,0.0,0.021500000000000102
833,8,0.0,0.021500000000000102
834,1,0.0,0.021500000000000102
834,2,0.0,0.021500000000000102
834,4,0.0,0.026850000000000256
834,8,0.0,0.021500000000000102
835,1,0.0,0.021500000000000102
835,2,0.0,0.021500000000000102
835,4,0.0,0.021500000000000102
835,8,0.0,0.021500000000000102
836,1,0.0,0.021500000000000102
836,2,0.0,0.021500000000000102
836,4,0.0,0.021500000000000102
836,8,0.0,0.021500000000000102
837,1,0.0,0.021500000000000102
837,2,0.0,0.021500000000000102
837,4,0.0,0.021500000000000102
837,8,0.0,0.021500000000000102
838,1,0.0,0.021500000000000102
838,2,0.0,0.021500000000000102
838,4,0.0,0.021500000000000102
838,8,0.0,0.021500000000000102
839,1,0.0,0.021500000000000102
839,2,0.0,0.021500000000000102
839,4,0.0,0.021500000000000102
839,8,0.0,0.021500000000000102
840,1,0.0,0.04295000000000072
840,2,0.0,0.021500000000000102
840,4,0.0,0.021500000000000102
840,8,0.0,0.021500000000000102
841,1,0.0,0.021500000000000102
841,2,0.0,0.021500000000000102
841,4,0.0,0.021500000000000102
841,8,0.0,0.021500000000000102
842,1,0.0,0.04295000000000072
842,2,0.0,0.021500000000000102
842,4,0.0,0.021500000000000102
842,8,0.0,0.021500000000000102
843,1,0.0,0.021500000000000102
843,2,0.0,0.021500000000000102
843,4,0.0,0.021500000000000102
843,8,0.0,0.021500000000000102
844,1,0.0,0.021500000000000102
844,2,0.0,0.021500000000000102
844,4,0.0,0.021500000000000102
844,8,0.0,0.021500000000000102
845,1,0.0,0.021500000000000102
845,2,0.0,0.021500000000000102
845,4,0.0,0.021500000000000102
845,8,0.0,0.021500000000000102
846,1,0.0,0.021500000000000102
846,2,0.0,0.022050000000000118
846,4,0.0,0.021600000000000105
846,8,0.0,0.021600000000000105
847,1,0.0,0.021500000000000102
847,2,0.0,0.021500000000000102
847,4,0.0,0.021500000000000102
847,8,0.0,0.02450000000000019
848,1,0.0,0.021500000000000102
848,2,0.0,0.021500000000000102
848,4,0.0,0.021500000000000102
848,8,0.0,0.021500000000000102
849,1,0.0,0.021500000000000102
849,2,0.0,0.021500000000000102
849,4,0.0,0.021500000000000102
849,8,0.0,0.021500000000000102
850,1,0.0,0.021500000000000102
850,2,0.0,0.021500000000000102
850,4,0.0,0.021500000000000102
850,8,0.0,0.021500000000000102
851,1,0.0,0.021500000000000102
851,2,0.0,0.021500000000000102
851,4,0.0,0.021500000000000102
851,8,0.0,0.021500000000000102
852,1,0.0,0.021500000000000102
852,2,0.0,0.021500000000000102
852,4,0.0,0.021500000000000102
852,8,0.0,0.021500000000000102
853,1,0.0,0.021500000000000102
853,2,0.0,0.021500000000000102
853,4,0.0,0.021500000000000102
853,8,0.0,0.021500000000000102
854,1,0.0,0.021500000000000102
854,2,0.0,0.03225000000000041
854,4,0.0,0.026850000000000256
854,8,0.0,0.022050000000000118
855,1,0.0,0.021500000000000102
855,2,0.0,0.021500000000000102
855,4,0.0,0.021500000000000102
855,8,0.0,0.021500000000000102
856,1,0.0,0.021500000000000102
856,2,0.0,0.021500000000000102
856,4,0.0,0.021500000000000102
856,8,0.0,0.021500000000000102
857,1,0.0,0.021500000000000102
857,2,0.0,0.021500000000000102
857,4,0.0,0.021500000000000102
857,8,0.0,0.021500000000000102
858,1,0.0,0.021500000000000102
858,2,0.0,0.021500000000000102
858,4,0.0,0.021500000000000102
858,8,0.0,0.021500000000000102
859,1,0.0,0.021500000000000102
859,2,0.0,0.03225000000000041
859,4,0.0,0.021500000000000102
859,8,0.0,0.021500000000000102
860,1,0.0,0.04295000000000072
860,2,0.0,0.021500000000000102
860,4,0.0,0.021500000000000102
860,8,0.0,0.021500000000000102
861,1,0.0,0.04295000000000072
861,2,0.0,0.021500000000000102
861,4,0.0,0.021500000000000102
861,8,0.0,0.021500000000000102
862,1,0.0,0.04295000000000072
862,2,0.0,0.021500000000000102
862,4,0.0,0.021500000000000102
862,8,0.0,0.021500000000000102
863,1,0.0,0.021500000000000102
863,2,0.0,0.021500000000000102
863,4,0.0,0.021500000000000102
863,8,0.0,0.021500000000000102
864,1,0.0,0.04295000000000072
864,2,0.0,0.021500000000000102
864,4,0.0,0.021500000000000102
864,8,0.0,0.021950000000000115
865,1,0.0,0.021500000000000102
865,2,0.0,0.03225000000000041
865,4,0.0,0.021500000000000102
865,8,0.0,0.021500000000000102
866,1,0.0,0.04295000000000072
866,2,0.0,0.021500000000000102
866,4,0.0,0.021500000000000102
866,8,0.0,0.021500000000000102
867,1,0.0,0.021500000000000102
867,2,0.0,0.021500000000000102
867,4,0.0,0.021500000000000102
867,8,0.0,0.021500000000000102
868,1,0.0,0.021500000000000102
868,2,0.0,0.021500000000000102
868,4,0.0,0.021500000000000102
868,8,0.0,0.021500000000000102
869,1,0.0,0.021500000000000102
869,2,0.0,0.021500000000000102
869,4,0.0,0.021500000000000102
869,8,0.0,0.021500000000000102
870,1,0.0,0.021500000000000102
870,2,0.0,0.021500000000000102
870,4,0.0,0.021500000000000102
870,8,0.0,0.021500000000000102
871,1,0.0,0.04295000000000072
871,2,0.0,0.021500000000000102
871,4,0.0,0.021500000000000102
871,8,0.0,0.021500000000000102
872,1,0.0,0.021500000000000102
872,2,0.0,0.021500000000000102
872,4,0.0,0.021500000000000102
872,8,0.0,0.021500000000000102
873,1,0.0,0.021500000000000102
873,2,0.0,0.021500000000000102
873,4,0.0,0.021500000000000102
873,8,0.0,0.021500000000000102
874,1,0.0,0.021500000000000102
874,2,0.0,0.021500000000000102
874,4,0.0,0.021500000000000102
874,8,0.0,0.021500000000000102
875,1,0.0,0.021500000000000102
875,2,0.0,0.021500000000000102
875,4,0.0,0.021500000000000102
875,8,0.0,0.021500000000000102
876,1,0.0,0.021500000000000102
876,2,0.0,0.021500000000000102
876,4,0.0,0.021500000000000102
876,8,0.0,0.021500000000000102
877,1,0.0,0.021500000000000102
877,2,0.0,0.021500000000000102
877,4,0.0,0.021500000000000102
877,8,0.0,0.021500000000000102
878,1,0.0,0.04295000000000072
878,2,0.0,0.021500000000000102
878,4,0.0,0.021500000000000102
878,8,0.0,0.021500000000000102
879,1,0.0,0.021500000000000102
879,2,0.0,0.021500000000000102
879,4,0.0,0.021500000000000102
879,8,0.0,0.021500000000000102
880,1,0.0,0.021500000000000102
880,2,0.0,0.03225000000000041
880,4,0.0,0.021500000000000102
880,8,0.0,0.021500000000000102
881,1,0.0,0.04295000000000072
881,2,0.0,0.021500000000000102
881,4,0.0,0.021500000000000102
881,8,0.0,0.021500000000000102
882,1,0.0,0.021500000000000102
882,2,0.0,0.021500000000000102
882,4,0.0,0.021500000000000102
882,8,0.0,0.021500000000000102
883,1,0.0,0.04295000000000072
883,2,0.0,0.021500000000000102
883,4,0.0,0.021500000000000102
883,8,0.0,0.021500000000000102
884,1,0.0,0.021500000000000102
884,2,0.0,0.021500000000000102
884,4,0.0,0.021500000000000102
884,8,0.0,0.021500000000000102
885,1,0.0,0.021500000000000102
885,2,0.0,0.021500000000000102
885,4,0.0,0.021500000000000102
885,8,0.0,0.021500000000000102
886,1,0.0,0.021500000000000102
886,2,0.0,0.021500000000000102
886,4,0.0,0.021500000000000102
886,8,0.0,0.021500000000000102
887,1,0.0,0.04295000000000072
887,2,0.0,0.027100000000000263
887,4,0.0,0.022550000000000132
887,8,0.0,0.021700000000000108
888,1,0.0,0.021500000000000102
888,2,0.0,0.021500000000000102
888,4,0.0,0.021500000000000102
888,8,0.0,0.021500000000000102
889,1,0.0,0.021500000000000102
889,2,0.0,0.021500000000000102
889,4,0.0,0.021500000000000102
889,8,0.0,0.021500000000000102
890,1,0.0,0.021500000000000102
890,2,0.0,0.021500000000000102
890,4,0.0,0.021500000000000102
890,8,0.0,0.021500000000000102
891,1,0.0,0.04295000000000072
891,2,0.0,0.021500000000000102
891,4,0.0,0.021500000000000102
891,8,0.0,0.021500000000000102
892,1,0.0,0.04295000000000072
892,2,0.0,0.021500000000000102
892,4,0.0,0.021500000000000102
892,8,0.0,0.021500000000000102
893,1,0.0,0.021500000000000102
893,2,0.0,0.021500000000000102
893,4,0.0,0.021500000000000102
893,8,0.0,0.021500000000000102
894,1,0.0,0.021500000000000102
894,2,0.0,0.021500000000000102
894,4,0.0,0.021500000000000102
894,8,0.0,0.021500000000000102
895,1,0.0,0.021500000000000102
895,2,0.0,0.021500000000000102
895,4,0.0,0.021500000000000102
895,8,0.0,0.021500000000000102
896,1,0.0,0.021500000000000102
896,2,0.0,0.021500000000000102
896,4,0.0,0.021500000000000102
896,8,0.0,0.021500000000000102
897,1,0.0,0.021500000000000102
897,2,0.0,0.021500000000000102
897,4,0.0,0.021500000000000102
897,8,0.0,0.021500000000000102
898,1,0.0,0.04295000000000072
898,2,0.0,0.03225000000000041
898,4,0.0,0.021500000000000102
898,8,0.0,0.021500000000000102
899,1,0.0,0.021500000000000102
899,2,0.0,0.021500000000000102
899,4,0.0,0.021500000000000102
899,8,0.0,0.021500000000000102
900,1,0.0,0.04295000000000072
900,2,0.0,0.021500000000000102
900,4,0.0,0.021500000000000102
900,8,0.0,0.021500000000000102
901,1,0.0,0.021500000000000102
901,2,0.0,0.021500000000000102
901,4,0.0,0.021500000000000102
901,8,0.0,0.021500000000000102
902,1,0.0,0.021500000000000102
902,2,0.0,0.021500000000000102
902,4,0.0,0.02215000000000012
902,8,0.0,0.021600000000000105
903,1,0.0,0.021500000000000102
903,2,0.0,0.021500000000000102
903,4,0.0,0.021500000000000102
903,8,0.0,0.021500000000000102
904,1,0.0,0.021500000000000102
904,2,0.0,0.021500000000000102
904,4,0.0,0.021500000000000102
904,8,0.0,0.021500000000000102
905,1,0.0,0.04295000000000072
905,2,0.0,0.021500000000000102
905,4,0.0,0.021500000000000102
905,8,0.0,0.021500000000000102
906,1,0.0,0.04295000000000072
906,2,0.0,0.021500000000000102
906,4,0.0,0.021500000000000102
906,8,0.0,0.021500000000000102
907,1,0.0,0.021500000000000102
907,2,0.0,0.021500000000000102
907,4,0.0,0.021500000000000102
907,8,0.0,0.021500000000000102
908,1,0.0,0.021500000000000102
908,2,0.0,0.021500000000000102
908,4,0.0,0.021500000000000102
908,8,0.0,0.021500000000000102
909,1,0.0,0.021500000000000102
909,2,0.0,0.021500000000000102
909,4,0.0,0.021500000000000102
909,8,0.0,0.021500000000000102
910,1,0.0,0.021500000000000102
910,2,0.0,0.021500000000000102
910,4,0.0,0.021500000000000102
910,8,0.0,0.021500000000000102
911,1,0.0,0.021500000000000102
911,2,0.0,0.021500000000000102
911,4,0.0,0.021500000000000102
911,8,0.0,0.021500000000000102
912,1,0.0,0.021500000000000102
912,2,0.0,0.021500000000000102
912,4,0.0,0.021500000000000102
912,8,0.0,0.021500000000000102
913,1,0.0,0.04295000000000072
913,2,0.0,0.021500000000000102
913,4,0.0,0.021500000000000102
913,8,0.0,0.021500000000000102
914,1,0.0,0.04295000000000072
914,2,0.0,0.03225000000000041
914,4,0.0,0.021500000000000102
914,8,0.0,0.021500000000000102
915,1,0.0,0.021500000000000102
915,2,0.0,0.021500000000000102
915,4,0.0,0.021500000000000102
915,8,0.0,0.021500000000000102
916,1,0.0,0.04295000000000072
916,2,0.0,0.021500000000000102
916,4,0.0,0.021500000000000102
916,8,0.0,0.021500000000000102
917,1,0.0,0.021500000000000102
917,2,0.0,0.021500000000000102
917,4,0.0,0.021500000000000102
917,8,0.0,0.021500000000000102
918,1,0.0,0.021500000000000102
918,2,0.0,0.021500000000000102
918,4,0.0,0.021500000000000102
918,8,0.0,0.021500000000000102
919,1,0.0,0.021500000000000102
919,2,0.0,0.021500000000000102
919,4,0.0,0.0249000000000002
919,8,0.0,0.0249000000000002
920,1,0.0,0.021500000000000102
920,2,0.0,0.021500000000000102
920,4,0.0,0.021500000000000102
920,8,0.0,0.021500000000000102
921,1,0.0,0.021500000000000102
921,2,0.0,0.021500000000000102
921,4,0.0,0.021500000000000102
921,8,0.0,0.021500000000000102
922,1,0.0,0.021500000000000102
922,2,0.0,0.021500000000000102
922,4,0.0,0.021500000000000102
922,8,0.0,0.021500000000000102
923,1,0.0,0.021500000000000102
923,2,0.0,0.021500000000000102
923,4,0.0,0.021500000000000102
923,8,0.0,0.021500000000000102
924,1,0.0,0.021500000000000102
924,2,0.0,0.021500000000000102
924,4,0.0,0.021500000000000102
924,8,0.0,0.021500000000000102
925,1,0.0,0.021500000000000102
925,2,0.0,0.021500000000000102
925,4,0.0,0.021500000000000102
925,8,0.0,0.021500000000000102
926,1,0.0,0.021500000000000102
926,2,0.0,0.021500000000000102
926,4,0.0,0.021500000000000102
926,8,0.0,0.021500000000000102
927,1,0.0,0.021500000000000102
927,2,0.0,0.021500000000000102
927,4,0.0,0.021500000000000102
927,8,0.0,0.021500000000000102
928,1,0.0,0.021500000000000102
928,2,0.0,0.021500000000000102
928,4,0.0,0.021500000000000102
928,8,0.0,0.021500000000000102
929,1,0.0,0.021500000000000102
929,2,0.0,0.021500000000000102
929,4,0.0,0.021500000000000102
929,8,0.0,0.021500000000000102
930,1,0.0,0.04295000000000072
930,2,0.0,0.021500000000000102
930,4,0.0,0.021500000000000102
930,8,0.0,0.021500000000000102
931,1,0.0,0.021500000000000102
931,2,0.0,0.021500000000000102
931,4,0.0,0.021500000000000102
931,8,0.0,0.021500000000000102
932,1,0.0,0.04295000000000072
932,2,0.0,0.021500000000000102
932,4,0.0,0.021500000000000102
932,8,0.0,0.021500000000000102
933,1,0.0,0.021500000000000102
933,2,0.0,0.021500000000000102
933,4,0.0,0.021500000000000102
933,8,0.0,0.021500000000000102
934,1,0.0,0.021500000000000102
934,2,0.0,0.03225000000000041
934,4,0.0,0.021500000000000102
934,8,0.0,0.021500000000000102
935,1,0.0,0.04295000000000072
935,2,0.0,0.021500000000000102
935,4,0.0,0.021500000000000102
935,8,0.0,0.021500000000000102
936,1,0.0,0.021500000000000102
936,2,0.0,0.021500000000000102
936,4,0.0,0.021500000000000102
936,8,0.0,0.021500000000000102
937,1,0.0,0.021500000000000102
937,2,0.0,0.021500000000000102
937,4,0.0,0.021500000000000102
937,8,0.0,0.021500000000000102
938,1,0.0,0.021500000000000102
938,2,0.0,0.021500000000000102
938,4,0.0,0.02385000000000017
938,8,0.0,0.021950000000000115
939,1,0.0,0.021500000000000102
939,2,0.0,0.021500000000000102
939,4,0.0,0.021500000000000102
939,8,0.0,0.021500000000000102
940,1,0.0,0.04295000000000072
940,2,0.0,0.03225000000000041
940,4,0.0,0.021500000000000102
940,8,0.0,0.021500000000000102
941,1,0.0,0.021500000000000102
941,2,0.0,0.021500000000000102
941,4,0.0,0.021500000000000102
941,8,0.0,0.021500000000000102
942,1,0.0,0.021500000000000102
942,2,0.0,0.021500000000000102
942,4,0.0,0.021500000000000102
942,8,0.0,0.021550000000000104
943,1,0.0,0.021500000000000102
943,2,0.0,0.021500000000000102
943,4,0.0,0.021500000000000102
943,8,0.0,0.021500000000000102
944,1,0.0,0.021500000000000102
944,2,0.0,0.021500000000000102
944,4,0.0,0.021500000000000102
944,8,0.0,0.021500000000000102
945,1,0.0,0.04295000000000072
945,2,0.0,0.021500000000000102
945,4,0.0,0.021500000000000102
945,8,0.0,0.021500000000000102
946,1,0.0,0.021500000000000102
946,2,0.0,0.021500000000000102
946,4,0.0,0.022300000000000125
946,8,0.0,0.021600000000000105
947,1,0.0,0.021500000000000102
947,2,0.0,0.021500000000000102
947,4,0.0,0.021500000000000102
947,8,0.0,0.021500000000000102
948,1,0.0,0.021500000000000102
948,2,0.0,0.021500000000000102
948,4,0.0,0.021500000000000102
948,8,0.0,0.021500000000000102
949,1,0.0,0.021500000000000102
949,2,0.0,0.021500000000000102
949,4,0.0,0.021500000000000102
949,8,0.0,0.021500000000000102
950,1,0.0,0.04295000000000072
950,2,0.0,0.021500000000000102
950,4,0.0,0.021500000000000102
950,8,0.0,0.021500000000000102
951,1,0.0,0.021500000000000102
951,2,0.0,0.021500000000000102
951,4,0.0,0.021500000000000102
951,8,0.0,0.021500000000000102
952,1,0.0,0.021500000000000102
952,2,0.0,0.021500000000000102
952,4,0.0,0.021500000000000102
952,8,0.0,0.021500000000000102
953,1,0.0,0.021500000000000102
953,2,0.0,0.021500000000000102
953,4,0.0,0.021500000000000102
953,8,0.0,0.021500000000000102
954,1,0.0,0.021500000000000102
954,2,0.0,0.021500000000000102
954,4,0.0,0.021500000000000102
954,8,0.0,0.021500000000000102
955,1,0.0,0.04295000000000072
955,2,0.0,0.021500000000000102
955,4,0.0,0.021500000000000102
955,8,0.0,0.021500000000000102
956,1,0.0,0.04295000000000072
956,2,0.0,0.021500000000000102
956,4,0.0,0.021500000000000102
956,8,0.0,0.021500000000000102
957,1,0.0,0.04295000000000072
957,2,0.0,0.021500000000000102
957,4,0.0,0.021500000000000102
957,8,0.0,0.021500000000000102
958,1,0.0,0.021500000000000102
958,2,0.0,0.021500000000000102
958,4,0.0,0.021500000000000102
958,8,0.0,0.021500000000000102
959,1,0.0,0.021500000000000102
959,2,0.0,0.021500000000000102
959,4,0.0,0.021500000000000102
959,8,0.0,0.021500000000000102
960,1,0.0,0.04295000000000072
960,2,0.0,0.021500000000000102
960,4,0.0,0.021500000000000102
960,8,0.0,0.021500000000000102
961,1,0.0,0.04295000000000072
961,2,0.0,0.021500000000000102
961,4,0.0,0.021500000000000102
961,8,0.0,0.021500000000000102
962,1,0.0,0.021500000000000102
962,2,0.0,0.021500000000000102
962,4,0.0,0.021500000000000102
962,8,0.0,0.021500000000000102
963,1,0.0,0.021500000000000102
963,2,0.0,0.021500000000000102
963,4,0.0,0.021500000000000102
963,8,0.0,0.021500000000000102
964,1,0.0,0.021500000000000102
964,2,0.0,0.021500000000000102
964,4,0.0,0.021500000000000102
964,8,0.0,0.021500000000000102
965,1,0.0,0.04295000000000072
965,2,0.0,0.021500000000000102
965,4,0.0,0.021500000000000102
965,8,0.0,0.021500000000000102
966,1,0.0,0.021500000000000102
966,2,0.0,0.021500000000000102
966,4,0.0,0.021500000000000102
966,8,0.0,0.021500000000000102
967,1,0.0,0.021500000000000102
967,2,0.0,0.021500000000000102
967,4,0.0,0.021500000000000102
967,8,0.0,0.021500000000000102
968,1,0.0,0.021500000000000102
968,2,0.0,0.021500000000000102
968,4,0.0,0.021500000000000102
968,8,0.0,0.021500000000000102
969,1,0.0,0.04295000000000072
969,2,0.0,0.021500000000000102
969,4,0.0,0.021500000000000102
969,8,0.0,0.021500000000000102
970,1,0.0,0.021500000000000102
970,2,0.0,0.021500000000000102
970,4,0.0,0.026850000000000256
970,8,0.0,0.021500000000000102
971,1,0.0,0.021500000000000102
971,2,0.0,0.021500000000000102
971,4,0.0,0.021500000000000102
971,8,0.0,0.021500000000000102
972,1,0.0,0.04295000000000072
972,2,0.0,0.03225000000000041
972,4,0.0,0.021500000000000102
972,8,0.0,0.021500000000000102
973,1,0.0,0.04295000000000072
973,2,0.0,0.021500000000000102
973,4,0.0,0.021500000000000102
973,8,0.0,0.021500000000000102
974,1,0.0,0.04295000000000072
974,2,0.0,0.021500000000000102
974,4,0.0,0.021500000000000102
974,8,0.0,0.021500000000000102
975,1,0.0,0.021500000000000102
975,2,0.0,0.021500000000000102
975,4,0.0,0.021600000000000105
975,8,0.0,0.021550000000000104
976,1,0.0,0.04295000000000072
976,2,0.0,0.021500000000000102
976,4,0.0,0.021500000000000102
976,8,0.0,0.021500000000000102
977,1,0.0,0.04295000000000072
977,2,0.0,0.021500000000000102
977,4,0.0,0.021500000000000102
977,8,0.0,0.021500000000000102
978,1,0.0,0.04295000000000072
978,2,0.0,0.021500000000000102
978,4,0.0,0.021500000000000102
978,8,0.0,0.021500000000000102
979,1,0.0,0.021500000000000102
979,2,0.0,0.021500000000000102
979,4,0.0,0.021500000000000102
979,8,0.0,0.021500000000000102
980,1,0.0,0.021500000000000102
980,2,0.0,0.021500000000000102
980,4,0.0,0.021500000000000102
980,8,0.0,0.021500000000000102
981,1,0.0,0.021500000000000102
981,2,0.0,0.021500000000000102
981,4,0.0,0.021500000000000102
981,8,0.0,0.021500000000000102
982,1,0.0,0.021500000000000102
982,2,0.0,0.021500000000000102
982,4,0.0,0.021500000000000102
982,8,0.0,0.021500000000000102
983,1,0.0,0.021500000000000102
983,2,0.0,0.021500000000000102
983,4,0.0,0.021500000000000102
983,8,0.0,0.021500000000000102
984,1,0.0,0.021500000000000102
984,2,0.0,0.021500000000000102
984,4,0.0,0.021500000000000102
984,8,0.0,0.021500000000000102
985,1,0.0,0.021500000000000102
985,2,0.0,0.021500000000000102
985,4,0.0,0.021500000000000102
985,8,0.0,0.021500000000000102
986,1,0.0,0.04295000000000072
986,2,0.0,0.021500000000000102
986,4,0.0,0.021500000000000102
986,8,0.0,0.021500000000000102
987,1,0.0,0.021500000000000102
987,2,0.0,0.021500000000000102
987,4,0.0,0.021500000000000102
987,8,0.0,0.021500000000000102
988,1,0.0,0.021500000000000102
988,2,0.0,0.021500000000000102
988,4,0.0,0.021500000000000102
988,8,0.0,0.021500000000000102
989,1,0.0,0.021500000000000102
989,2,0.0,0.021500000000000102
989,4,0.0,0.021500000000000102
989,8,0.0,0.021500000000000102
990,1,0.0,0.021500000000000102
990,2,0.0,0.021500000000000102
990,4,0.0,0.021500000000000102
990,8,0.0,0.021500000000000102
991,1,0.0,0.04295000000000072
991,2,0.0,0.03225000000000041
991,4,0.0,0.021500000000000102
991,8,0.0,0.021500000000000102
992,1,0.0,0.021500000000000102
992,2,0.0,0.021500000000000102
992,4,0.0,0.021500000000000102
992,8,0.0,0.021600000000000105
993,1,0.0,0.04295000000000072
993,2,0.0,0.03225000000000041
993,4,0.0,0.021500000000000102
993,8,0.0,0.021500000000000102
994,1,0.0,0.021500000000000102
994,2,0.0,0.021500000000000102
994,4,0.0,0.021500000000000102
994,8,0.0,0.021500000000000102
995,1,0.0,0.021500000000000102
995,2,0.0,0.021500000000000102
995,4,0.0,0.023700000000000165
995,8,0.0,0.023700000000000165
996,1,0.0,0.021500000000000102
996,2,0.0,0.021500000000000102
996,4,0.0,0.021500000000000102
996,8,0.0,0.021500000000000102
997,1,0.0,0.04295000000000072
997,2,0.0,0.03225000000000041
997,4,0.0,0.021500000000000102
997,8,0.0,0.021500000000000102
998,1,0.0,0.021500000000000102
998,2,0.0,0.021500000000000102
998,4,0.0,0.021500000000000102
998,8,0.0,0.021500000000000102
999,1,0.0,0.021500000000000102
999,2,0.0,0.021500000000000102
999,4,0.0,0.021500000000000102
999,8,0.0,0.021500000000000102
0,1,0.1,0.051300000000000956
0,2,0.1,0.037950000000000574
0,4,0.1,0.036900000000000543
0,8,0.1,0.027450000000000273
1,1,0.1,0.05810000000000115
1,2,0.1,0.034500000000000475
1,4,0.1,0.024350000000000184
1,8,0.1,0.028650000000000307
2,1,0.1,0.04065000000000065
2,2,0.1,0.04065000000000065
2,4,0.1,0.03445000000000047
2,8,0.1,0.028550000000000304
3,1,0.1,0.059300000000001185
3,2,0.1,0.05075000000000094
3,4,0.1,0.039350000000000614
3,8,0.1,0.03650000000000053
4,1,0.1,0.058250000000001155
4,2,0.1,0.038050000000000576
4,4,0.1,0.03500000000000049
4,8,0.1,0.038400000000000586
5,1,0.1,0.06900000000000056
5,2,0.1,0.04015000000000064
5,4,0.1,0.03050000000000036
5,8,0.1,0.03050000000000036
6,1,0.1,0.07100000000000034
6,2,0.1,0.04875000000000088
6,4,0.1,0.035550000000000505
6,8,0.1,0.02425000000000018
7,1,0.1,0.06045000000000122
7,2,0.1,0.036250000000000525
7,4,0.1,0.027550000000000276
7,8,0.1,0.029700000000000337
8,1,0.1,0.09119999999999812
8,2,0.1,0.0459000000000008
8,4,0.1,0.03505000000000049
8,8,0.1,0.026750000000000253
9,1,0.1,0.05910000000000118
9,2,0.1,0.05910000000000118
9,4,0.1,0.03290000000000043
9,8,0.1,0.03290000000000043
10,1,0.1,0.05840000000000116
10,2,0.1,0.05010000000000092
10,4,0.1,0.033150000000000436
10,8,0.1,0.0283500000000003
11,1,0.1,0.04275000000000071
11,2,0.1,0.035250000000000496
11,4,0.1,0.02915000000000032
11,8,0.1,0.029600000000000334
12,1,0.1,0.034900000000000486
12,2,0.1,0.03260000000000042
12,4,0.1,0.0284500000000003
12,8,0.1,0.026900000000000257
13,1,0.1,0.06155000000000125
13,2,0.1,0.035550000000000505
13,4,0.1,0.026050000000000233
13,8,0.1,0.02390000000000017
14,1,0.1,0.04120000000000067
14,2,0.1,0.043600000000000735
14,4,0.1,0.031350000000000385
14,8,0.1,0.025750000000000224
15,1,0.1,0.035550000000000505
15,2,0.1,0.0389500000000006
15,4,0.1,0.027200000000000266
15,8,0.1,0.0249000000000002
16,1,0.1,0.05145000000000096
16,2,0.1,0.045350000000000786
16,4,0.1,0.030700000000000366
16,8,0.1,0.03055000000000036
17,1,0.1,0.06005000000000121
17,2,0.1,0.03845000000000059
17,4,0.1,0.03650000000000053
17,8,0.1,0.030350000000000356
18,1,0.1,0.08854999999999841
18,2,0.1,0.05320000000000101
18,4,0.1,0.03685000000000054
18,8,0.1,0.02945000000000033
19,1,0.1,0.06295000000000123
19,2,0.1,0.0353000000000005
19,4,0.1,0.024700000000000194
19,8,0.1,0.02555000000000022
20,1,0.1,0.08474999999999883
20,2,0.1,0.04350000000000073
20,4,0.1,0.029650000000000336
20,8,0.1,0.03015000000000035
21,1,0.1,0.06425000000000108
21,2,0.1,0.042850000000000714
21,4,0.1,0.042850000000000714
21,8,0.1,0.03325000000000044
22,1,0.1,0.050600000000000936
22,2,0.1,0.0354500000000005
22,4,0.1,0.02950000000000033
22,8,0.1,0.02560000000000022
23,1,0.1,0.06635000000000085
23,2,0.1,0.04450000000000076
23,4,0.1,0.03080000000000037
23,8,0.1,0.02555000000000022
24,1,0.1,0.049500000000000904
24,2,0.1,0.046050000000000806
24,4,0.1,0.032400000000000415
24,8,0.1,0.026750000000000253
25,1,0.1,0.059000000000001177
25,2,0.1,0.04015000000000064
25,4,0.1,0.029250000000000324
25,8,0.1,0.02765000000000028
26,1,0.1,0.05215000000000098
26,2,0.1,0.0354500000000005
26,4,0.1,0.0354500000000005
26,8,0.1,0.02455000000000019
27,1,0.1,0.09519999999999768
27,2,0.1,0.05100000000000095
27,4,0.1,0.02940000000000033
27,8,0.1,0.02940000000000033
28,1,0.1,0.05525000000000107
28,2,0.1,0.04435000000000076
28,4,0.1,0.03705000000000055
28,8,0.1,0.029300000000000326
29,1,0.1,0.05225000000000098
29,2,0.1,0.05225000000000098
29,4,0.1,0.03810000000000058
29,8,0.1,0.02980000000000034
30,1,0.1,0.07110000000000033
30,2,0.1,0.042500000000000704
30,4,0.1,0.031100000000000377
30,8,0.1,0.026850000000000256
31,1,0.1,0.05505000000000106
31,2,0.1,0.04200000000000069
31,4,0.1,0.027850000000000284
31,8,0.1,0.025150000000000207
32,1,0.1,0.08539999999999875
32,2,0.1,0.04330000000000073
32,4,0.1,0.03285000000000043
32,8,0.1,0.030050000000000347
33,1,0.1,0.0641000000000011
33,2,0.1,0.044650000000000765
33,4,0.1,0.031400000000000386
33,8,0.1,0.031400000000000386
34,1,0.1,0.04965000000000091
34,2,0.1,0.038050000000000576
34,4,0.1,0.039400000000000615
34,8,0.1,0.032400000000000415
35,1,0.1,0.06165000000000125
35,2,0.1,0.03745000000000056
35,4,0.1,0.024800000000000197
35,8,0.1,0.02450000000000019
36,1,0.1,0.021500000000000102
36,2,0.1,0.026400000000000243
36,4,0.1,0.0318000000000004
36,8,0.1,0.03515000000000049
37,1,0.1,0.0598500000000012
37,2,0.1,0.04470000000000077
37,4,0.1,0.03225000000000041
37,8,0.1,0.029250000000000324
38,1,0.1,0.061000000000001234
38,2,0.1,0.03365000000000045
38,4,0.1,0.03235000000000041
38,8,0.1,0.02765000000000028
39,1,0.1,0.04345000000000073
39,2,0.1,0.04345000000000073
39,4,0.1,0.03300000000000043
39,8,0.1,0.02520000000000021
40,1,0.1,0.05430000000000104
40,2,0.1,0.04000000000000063
40,4,0.1,0.029200000000000323
40,8,0.1,0.029200000000000323
41,1,0.1,0.05455000000000105
41,2,0.1,0.042900000000000715
41,4,0.1,0.03750000000000056
41,8,0.1,0.03080000000000037
42,1,0.1,0.07350000000000007
42,2,0.1,0.040800000000000655
42,4,0.1,0.03495000000000049
42,8,0.1,0.030700000000000366
43,1,0.1,0.051300000000000956
43,2,0.1,0.04100000000000066
43,4,0.1,0.027500000000000274
43,8,0.1,0.027550000000000276
44,1,0.1,0.05695000000000112
44,2,0.1,0.03960000000000062
44,4,0.1,0.044650000000000765
44,8,0.1,0.028500000000000303
45,1,0.1,0.053750000000001026
45,2,0.1,0.033500000000000446
45,4,0.1,0.027550000000000276
45,8,0.1,0.02735000000000027
46,1,0.1,0.06520000000000098
46,2,0.1,0.03815000000000058
46,4,0.1,0.02765000000000028
46,8,0.1,0.024750000000000195
47,1,0.1,0.10909999999999614
47,2,0.1,0.056200000000001096
47,4,0.1,0.03640000000000053
47,8,0.1,0.029350000000000327
48,1,0.1,0.05015000000000092
48,2,0.1,0.04310000000000072
48,4,0.1,0.03020000000000035
48,8,0.1,0.027500000000000274
49,1,0.1,0.054400000000001045
49,2,0.1,0.054400000000001045
49,4,0.1,0.02940000000000033
49,8,0.1,0.025350000000000213
50,1,0.1,0.05530000000000107
50,2,0.1,0.032050000000000405
50,4,0.1,0.02520000000000021
50,8,0.1,0.025150000000000207
51,1,0.1,0.0659500000000009
51,2,0.1,0.044600000000000764
51,4,0.1,0.028500000000000303
51,8,0.1,0.02665000000000025
52,1,0.1,0.07449999999999996
52,2,0.1,0.05525000000000107
52,4,0.1,0.03860000000000059
52,8,0.1,0.030700000000000366
53,1,0.1,0.08454999999999885
53,2,0.1,0.04200000000000069
53,4,0.1,0.03620000000000052
53,8,0.1,0.025450000000000216
54,1,0.1,0.03670000000000054
54,2,0.1,0.050200000000000924
54,4,0.1,0.029700000000000337
54,8,0.1,0.03080000000000037
55,1,0.1,0.05740000000000113
55,2,0.1,0.0389500000000006
55,4,0.1,0.024750000000000195
55,8,0.1,0.0249000000000002
56,1,0.1,0.06485000000000102
56,2,0.1,0.04170000000000068
56,4,0.1,0.050550000000000934
56,8,0.1,0.02905000000000032
57,1,0.1,0.07015000000000043
57,2,0.1,0.04665000000000082
57,4,0.1,0.033150000000000436
57,8,0.1,0.029000000000000317
58,1,0.1,0.05590000000000109
58,2,0.1,0.035250000000000496
58,4,0.1,0.02735000000000027
58,8,0.1,0.02870000000000031
59,1,0.1,0.08804999999999846
59,2,0.1,0.0492500000000009
59,4,0.1,0.039050000000000605
59,8,0.1,0.029000000000000317
60,1,0.1,0.05245000000000099
60,2,0.1,0.05605000000000109
60,4,0.1,0.04060000000000065
60,8,0.1,0.02875000000000031
61,1,0.1,0.0640500000000011
61,2,0.1,0.034900000000000486
61,4,0.1,0.027150000000000264
61,8,0.1,0.02415000000000018
62,1,0.1,0.04095000000000066
62,2,0.1,0.03330000000000044
62,4,0.1,0.02940000000000033
62,8,0.1,0.028150000000000293
63,1,0.1,0.06840000000000063
63,2,0.1,0.03565000000000051
63,4,0.1,0.030000000000000346
63,8,0.1,0.026400000000000243
64,1,0.1,0.07799999999999957
64,2,0.1,0.037000000000000546
64,4,0.1,0.03145000000000039
64,8,0.1,0.03145000000000039
65,1,0.1,0.055450000000001075
65,2,0.1,0.065000000000001
65,4,0.1,0.036650000000000536
65,8,0.1,0.03255000000000042
66,1,0.1,0.08089999999999925
66,2,0.1,0.037300000000000555
66,4,0.1,0.029700000000000337
66,8,0.1,0.03015000000000035
67,1,0.1,0.04700000000000083
67,2,0.1,0.03370000000000045
67,4,0.1,0.03370000000000045
67,8,0.1,0.02810000000000029
68,1,0.1,0.092249999999998
68,2,0.1,0.04770000000000085
68,4,0.1,0.03815000000000058
68,8,0.1,0.027600000000000277
69,1,0.1,0.05910000000000118
69,2,0.1,0.03925000000000061
69,4,0.1,0.037950000000000574
69,8,0.1,0.037650000000000565
70,1,0.1,0.04715000000000084
70,2,0.1,0.03680000000000054
70,4,0.1,0.027200000000000266
70,8,0.1,0.025850000000000227
71,1,0.1,0.08239999999999909
71,2,0.1,0.06375000000000114
71,4,0.1,0.04510000000000078
71,8,0.1,0.0355000000000005
72,1,0.1,0.0722500000000002
72,2,0.1,0.040050000000000634
72,4,0.1,0.030750000000000367
72,8,0.1,0.02735000000000027
73,1,0.1,0.07964999999999939
73,2,0.1,0.04270000000000071
73,4,0.1,0.034850000000000485
73,8,0.1,0.03340000000000044
74,1,0.1,0.06910000000000055
74,2,0.1,0.04790000000000086
74,4,0.1,0.045350000000000786
74,8,0.1,0.03405000000000046
75,1,0.1,0.05945000000000119
75,2,0.1,0.03430000000000047
75,4,0.1,0.03430000000000047
75,8,0.1,0.03430000000000047
76,1,0.1,0.07250000000000018
76,2,0.1,0.038350000000000585
76,4,0.1,0.03465000000000048
76,8,0.1,0.02420000000000018
77,1,0.1,0.06555000000000094
77,2,0.1,0.04205000000000069
77,4,0.1,0.03080000000000037
77,8,0.1,0.024700000000000194
78,1,0.1,0.04295000000000072
78,2,0.1,0.03080000000000037
78,4,0.1,0.02665000000000025
78,8,0.1,0.02555000000000022
79,1,0.1,0.06340000000000118
79,2,0.1,0.04695000000000083
79,4,0.1,0.04695000000000083
79,8,0.1,0.030700000000000366
80,1,0.1,0.0686000000000006
80,2,0.1,0.03825000000000058
80,4,0.1,0.0319000000000004
80,8,0.1,0.0248500000000002
81,1,0.1,0.06785000000000069
81,2,0.1,0.03745000000000056
81,4,0.1,0.02775000000000028
81,8,0.1,0.02530000000000021
82,1,0.1,0.07469999999999993
82,2,0.1,0.052850000000001
82,4,0.1,0.032100000000000406
82,8,0.1,0.03055000000000036
83,1,0.1,0.06820000000000065
83,2,0.1,0.03710000000000055
83,4,0.1,0.02905000000000032
83,8,0.1,0.02455000000000019
84,1,0.1,0.07639999999999975
84,2,0.1,0.05320000000000101
84,4,0.1,0.03125000000000038
84,8,0.1,0.026800000000000254
85,1,0.1,0.058900000000001174
85,2,0.1,0.04420000000000075
85,4,0.1,0.028850000000000313
85,8,0.1,0.02665000000000025
86,1,0.1,0.05850000000000116
86,2,0.1,0.038750000000000596
86,4,0.1,0.03340000000000044
86,8,0.1,0.03340000000000044
87,1,0.1,0.06045000000000122
87,2,0.1,0.04685000000000083
87,4,0.1,0.034500000000000475
87,8,0.1,0.025100000000000205
88,1,0.1,0.058250000000001155
88,2,0.1,0.035950000000000516
88,4,0.1,0.025500000000000217
88,8,0.1,0.025000000000000203
89,1,0.1,0.04895000000000089
89,2,0.1,0.04275000000000071
89,4,0.1,0.04015000000000064
89,8,0.1,0.028150000000000293
90,1,0.1,0.048100000000000864
90,2,0.1,0.0458000000000008
90,4,0.1,0.03370000000000045
90,8,0.1,0.02625000000000024
91,1,0.1,0.06280000000000124
91,2,0.1,0.04175000000000068
91,4,0.1,0.0353000000000005
91,8,0.1,0.034900000000000486
92,1,0.1,0.055150000000001066
92,2,0.1,0.03675000000000054
92,4,0.1,0.039100000000000606
92,8,0.1,0.0284000000000003
93,1,0.1,0.08359999999999895
93,2,0.1,0.04090000000000066
93,4,0.1,0.025700000000000223
93,8,0.1,0.025000000000000203
94,1,0.1,0.054050000000001035
94,2,0.1,0.03425000000000047
94,4,0.1,0.03125000000000038
94,8,0.1,0.027900000000000286
95,1,0.1,0.053350000000001015
95,2,0.1,0.04090000000000066
95,4,0.1,0.029600000000000334
95,8,0.1,0.02595000000000023
96,1,0.1,0.061700000000001254
96,2,0.1,0.045300000000000784
96,4,0.1,0.038350000000000585
96,8,0.1,0.038350000000000585
97,1,0.1,0.05040000000000093
97,2,0.1,0.04350000000000073
97,4,0.1,0.03290000000000043
97,8,0.1,0.02670000000000025
98,1,0.1,0.09974999999999717
98,2,0.1,0.055150000000001066
98,4,0.1,0.03300000000000043
98,8,0.1,0.027950000000000287
99,1,0.1,0.07604999999999978
99,2,0.1,0.04135000000000067
99,4,0.1,0.03010000000000035
99,8,0.1,0.024750000000000195
100,1,0.1,0.0564000000000011
100,2,0.1,0.04350000000000073
100,4,0.1,0.03325000000000044
100,8,0.1,0.0248500000000002
101,1,0.1,0.05260000000000099
101,2,0.1,0.03685000000000054
101,4,0.1,0.030050000000000347
101,8,0.1,0.024700000000000194
102,1,0.1,0.04720000000000084
102,2,0.1,0.03340000000000044
102,4,0.1,0.02940000000000033
102,8,0.1,0.02460000000000019
103,1,0.1,0.05500000000000106
103,2,0.1,0.03675000000000054
103,4,0.1,0.03150000000000039
103,8,0.1,0.02775000000000028
104,1,0.1,0.06700000000000078
104,2,0.1,0.04065000000000065
104,4,0.1,0.036300000000000526
104,8,0.1,0.029350000000000327
105,1,0.1,0.07804999999999956
105,2,0.1,0.044650000000000765
105,4,0.1,0.02700000000000026
105,8,0.1,0.024800000000000197
106,1,0.1,0.057950000000001146
106,2,0.1,0.044250000000000754
106,4,0.1,0.031000000000000374
106,8,0.1,0.027200000000000266
107,1,0.1,0.06660000000000083
107,2,0.1,0.06660000000000083
107,4,0.1,0.03685000000000054
107,8,0.1,0.03255000000000042
108,1,0.1,0.048850000000000886
108,2,0.1,0.034150000000000465
108,4,0.1,0.03500000000000049
108,8,0.1,0.02425000000000018
109,1,0.1,0.04840000000000087
109,2,0.1,0.03285000000000043
109,4,0.1,0.02950000000000033
109,8,0.1,0.028300000000000297
110,1,0.1,0.07330000000000009
110,2,0.1,0.053000000000001005
110,4,0.1,0.053700000000001025
110,8,0.1,0.04630000000000081
111,1,0.1,0.09084999999999815
111,2,0.1,0.043600000000000735
111,4,0.1,0.029200000000000323
111,8,0.1,0.02520000000000021
112,1,0.1,0.046400000000000816
112,2,0.1,0.028850000000000313
112,4,0.1,0.02875000000000031
112,8,0.1,0.025850000000000227
113,1,0.1,0.06560000000000094
113,2,0.1,0.05395000000000103
113,4,0.1,0.03460000000000048
113,8,0.1,0.02600000000000023
114,1,0.1,0.05695000000000112
114,2,0.1,0.0353000000000005
114,4,0.1,0.029600000000000334
114,8,0.1,0.025450000000000216
115,1,0.1,0.04295000000000072
115,2,0.1,0.0354000000000005
115,4,0.1,0.03250000000000042
115,8,0.1,0.02450000000000019
116,1,0.1,0.061750000000001255
116,2,0.1,0.038650000000000594
116,4,0.1,0.04905000000000089
116,8,0.1,0.04210000000000069
117,1,0.1,0.054050000000001035
117,2,0.1,0.036900000000000543
117,4,0.1,0.027900000000000286
117,8,0.1,0.027900000000000286
118,1,0.1,0.06545000000000095
118,2,0.1,0.04375000000000074
118,4,0.1,0.02940000000000033
118,8,0.1,0.026400000000000243
119,1,0.1,0.07964999999999939
119,2,0.1,0.05945000000000119
119,4,0.1,0.03430000000000047
119,8,0.1,0.027800000000000283
120,1,0.1,0.061350000000001244
120,2,0.1,0.035600000000000506
120,4,0.1,0.0248500000000002
120,8,0.1,0.024350000000000184
121,1,0.1,0.0562500000000011
121,2,0.1,0.03860000000000059
121,4,0.1,0.03300000000000043
121,8,0.1,0.02560000000000022
122,1,0.1,0.06360000000000116
122,2,0.1,0.03480000000000048
122,4,0.1,0.02665000000000025
122,8,0.1,0.02660000000000025
123,1,0.1,0.06760000000000072
123,2,0.1,0.03810000000000058
123,4,0.1,0.034200000000000466
123,8,0.1,0.04345000000000073
124,1,0.1,0.06260000000000127
124,2,0.1,0.048450000000000874
124,4,0.1,0.035250000000000496
124,8,0.1,0.029200000000000323
125,1,0.1,0.06720000000000076
125,2,0.1,0.06110000000000124
125,4,0.1,0.033150000000000436
125,8,0.1,0.02460000000000019
126,1,0.1,0.05835000000000116
126,2,0.1,0.052000000000000976
126,4,0.1,0.047050000000000834
126,8,0.1,0.02740000000000027
127,1,0.1,0.053000000000001005
127,2,0.1,0.044250000000000754
127,4,0.1,0.02985000000000034
127,8,0.1,0.030700000000000366
128,1,0.1,0.09264999999999796
128,2,0.1,0.04750000000000085
128,4,0.1,0.035550000000000505
128,8,0.1,0.026850000000000256
129,1,0.1,0.052650000000000995
129,2,0.1,0.03750000000000056
129,4,0.1,0.030300000000000354
129,8,0.1,0.02765000000000028
130,1,0.1,0.07300000000000012
130,2,0.1,0.04805000000000086
130,4,0.1,0.05015000000000092
130,8,0.1,0.03400000000000046
131,1,0.1,0.06280000000000124
131,2,0.1,0.06280000000000124
131,4,0.1,0.035200000000000495
131,8,0.1,0.029350000000000327
132,1,0.1,0.04750000000000085
132,2,0.1,0.03115000000000038
132,4,0.1,0.032400000000000415
132,8,0.1,0.0353000000000005
133,1,0.1,0.08329999999999899
133,2,0.1,0.04385000000000074
133,4,0.1,0.03085000000000037
133,8,0.1,0.025350000000000213
134,1,0.1,0.07929999999999943
134,2,0.1,0.039750000000000625
134,4,0.1,0.03815000000000058
134,8,0.1,0.03160000000000039
135,1,0.1,0.048150000000000866
135,2,0.1,0.037000000000000546
135,4,0.1,0.035200000000000495
135,8,0.1,0.03160000000000039
136,1,0.1,0.0687000000000006
136,2,0.1,0.044300000000000755
136,4,0.1,0.04055000000000065
136,8,0.1,0.032400000000000415
137,1,0.1,0.07989999999999936
137,2,0.1,0.04730000000000084
137,4,0.1,0.025000000000000203
137,8,0.1,0.02460000000000019
138,1,0.1,0.050950000000000946
138,2,0.1,0.03750000000000056
138,4,0.1,0.03780000000000057
138,8,0.1,0.024750000000000195
139,1,0.1,0.058900000000001174
139,2,0.1,0.033800000000000455
139,4,0.1,0.03285000000000043
139,8,0.1,0.028150000000000293
140,1,0.1,0.05365000000000102
140,2,0.1,0.03370000000000045
140,4,0.1,0.029250000000000324
140,8,0.1,0.02460000000000019
141,1,0.1,0.08834999999999843
141,2,0.1,0.04505000000000078
141,4,0.1,0.03055000000000036
141,8,0.1,0.04795000000000086
142,1,0.1,0.06645000000000084
142,2,0.1,0.033850000000000456
142,4,0.1,0.02700000000000026
142,8,0.1,0.024800000000000197
143,1,0.1,0.057550000000001135
143,2,0.1,0.0354000000000005
143,4,0.1,0.0354000000000005
143,8,0.1,0.027250000000000267
144,1,0.1,0.06930000000000053
144,2,0.1,0.054400000000001045
144,4,0.1,0.03425000000000047
144,8,0.1,0.02910000000000032
145,1,0.1,0.06610000000000088
145,2,0.1,0.040400000000000644
145,4,0.1,0.03745000000000056
145,8,0.1,0.035200000000000495
146,1,0.1,0.06795000000000068
146,2,0.1,0.04090000000000066
146,4,0.1,0.03305000000000043
146,8,0.1,0.02950000000000033
147,1,0.1,0.051300000000000956
147,2,0.1,0.03480000000000048
147,4,0.1,0.02635000000000024
147,8,0.1,0.024650000000000193
148,1,0.1,0.056150000000001095
148,2,0.1,0.03790000000000057
148,4,0.1,0.030050000000000347
148,8,0.1,0.028600000000000306
149,1,0.1,0.08239999999999909
149,2,0.1,0.04315000000000072
149,4,0.1,0.036650000000000536
149,8,0.1,0.029550000000000333
150,1,0.1,0.07894999999999947
150,2,0.1,0.04105000000000066
150,4,0.1,0.03470000000000048
150,8,0.1,0.0353500000000005
151,1,0.1,0.061400000000001245
151,2,0.1,0.03580000000000051
151,4,0.1,0.026050000000000233
151,8,0.1,0.026800000000000254
152,1,0.1,0.06875000000000059
152,2,0.1,0.037000000000000546
152,4,0.1,0.031350000000000385
152,8,0.1,0.031350000000000385
153,1,0.1,0.04070000000000065
153,2,0.1,0.04000000000000063
153,4,0.1,0.030350000000000356
153,8,0.1,0.027100000000000263
154,1,0.1,0.04560000000000079
154,2,0.1,0.037950000000000574
154,4,0.1,0.029250000000000324
154,8,0.1,0.023800000000000168
155,1,0.1,0.053750000000001026
155,2,0.1,0.036650000000000536
155,4,0.1,0.02880000000000031
155,8,0.1,0.023750000000000167
156,1,0.1,0.04490000000000077
156,2,0.1,0.03165000000000039
156,4,0.1,0.0318500000000004
156,8,0.1,0.03015000000000035
157,1,0.1,0.07180000000000025
157,2,0.1,0.042500000000000704
157,4,0.1,0.0388500000000006
157,8,0.1,0.026100000000000234
158,1,0.1,0.021500000000000102
158,2,0.1,0.03505000000000049
158,4,0.1,0.028600000000000306
158,8,0.1,0.02385000000000017
159,1,0.1,0.05015000000000092
159,2,0.1,0.03460000000000048
159,4,0.1,0.02875000000000031
159,8,0.1,0.024300000000000183
160,1,0.1,0.04035000000000064
160,2,0.1,0.0319000000000004
160,4,0.1,0.02530000000000021
160,8,0.1,0.024700000000000194
161,1,0.1,0.06305000000000122
161,2,0.1,0.037950000000000574
161,4,0.1,0.048150000000000866
161,8,0.1,0.03215000000000041
162,1,0.1,0.07539999999999986
162,2,0.1,0.06695000000000079
162,4,0.1,0.052900000000001
162,8,0.1,0.03510000000000049
163,1,0.1,0.059950000000001204
163,2,0.1,0.034850000000000485
163,4,0.1,0.028600000000000306
163,8,0.1,0.026550000000000247
164,1,0.1,0.09789999999999738
164,2,0.1,0.055500000000001076
164,4,0.1,0.03845000000000059
164,8,0.1,0.030000000000000346
165,1,0.1,0.058950000000001175
165,2,0.1,0.035900000000000515
165,4,0.1,0.03165000000000039
165,8,0.1,0.025100000000000205
166,1,0.1,0.07464999999999994
166,2,0.1,0.05085000000000094
166,4,0.1,0.02980000000000034
166,8,0.1,0.026850000000000256
167,1,0.1,0.05100000000000095
167,2,0.1,0.04340000000000073
167,4,0.1,0.04105000000000066
167,8,0.1,0.03085000000000037
168,1,0.1,0.07999999999999935
168,2,0.1,0.046050000000000806
168,4,0.1,0.02735000000000027
168,8,0.1,0.030300000000000354
169,1,0.1,0.053750000000001026
169,2,0.1,0.03775000000000057
169,4,0.1,0.0284000000000003
169,8,0.1,0.03085000000000037
170,1,0.1,0.06260000000000127
170,2,0.1,0.03365000000000045
170,4,0.1,0.02870000000000031
170,8,0.1,0.024100000000000177
171,1,0.1,0.054050000000001035
171,2,0.1,0.0494500000000009
171,4,0.1,0.02950000000000033
171,8,0.1,0.024800000000000197
172,1,0.1,0.058650000000001166
172,2,0.1,0.039050000000000605
172,4,0.1,0.02730000000000027
172,8,0.1,0.025450000000000216
173,1,0.1,0.08219999999999911
173,2,0.1,0.04540000000000079
173,4,0.1,0.029300000000000326
173,8,0.1,0.024400000000000185
174,1,0.1,0.05560000000000108
174,2,0.1,0.045650000000000794
174,4,0.1,0.033850000000000456
174,8,0.1,0.033850000000000456
175,1,0.1,0.05915000000000118
175,2,0.1,0.03920000000000061
175,4,0.1,0.037700000000000566
175,8,0.1,0.025050000000000204
176,1,0.1,0.055850000000001086
176,2,0.1,0.039450000000000617
176,4,0.1,0.02555000000000022
176,8,0.1,0.024400000000000185
177,1,0.1,0.09489999999999771
177,2,0.1,0.04820000000000087
177,4,0.1,0.04330000000000073
177,8,0.1,0.027600000000000277
178,1,0.1,0.08074999999999927
178,2,0.1,0.049150000000000894
178,4,0.1,0.034500000000000475
178,8,0.1,0.028550000000000304
179,1,0.1,0.05770000000000114
179,2,0.1,0.03225000000000041
179,4,0.1,0.03225000000000041
179,8,0.1,0.02705000000000026
180,1,0.1,0.04295000000000072
180,2,0.1,0.03515000000000049
180,4,0.1,0.030300000000000354
180,8,0.1,0.02520000000000021
181,1,0.1,0.07969999999999938
181,2,0.1,0.04155000000000068
181,4,0.1,0.034550000000000476
181,8,0.1,0.04160000000000068
182,1,0.1,0.06380000000000113
182,2,0.1,0.036950000000000545
182,4,0.1,0.02705000000000026
182,8,0.1,0.02525000000000021
183,1,0.1,0.041800000000000684
183,2,0.1,0.03740000000000056
183,4,0.1,0.031700000000000395
183,8,0.1,0.024100000000000177
184,1,0.1,0.08959999999999829
184,2,0.1,0.048450000000000874
184,4,0.1,0.0283500000000003
184,8,0.1,0.02980000000000034
185,1,0.1,0.04475000000000077
185,2,0.1,0.03405000000000046
185,4,0.1,0.039000000000000604
185,8,0.1,0.03125000000000038
186,1,0.1,0.04515000000000078
186,2,0.1,0.039000000000000604
186,4,0.1,0.026050000000000233
186,8,0.1,0.03130000000000038
187,1,0.1,0.06485000000000102
187,2,0.1,0.04025000000000064
187,4,0.1,0.03120000000000038
187,8,0.1,0.029200000000000323
188,1,0.1,0.06275000000000125
188,2,0.1,0.06275000000000125
188,4,0.1,0.03330000000000044
188,8,0.1,0.03125000000000038
189,1,0.1,0.056550000000001106
189,2,0.1,0.040800000000000655
189,4,0.1,0.03325000000000044
189,8,0.1,0.0249000000000002
190,1,0.1,0.06350000000000117
190,2,0.1,0.038350000000000585
190,4,0.1,0.03085000000000037
190,8,0.1,0.03045000000000036
191,1,0.1,0.04435000000000076
191,2,0.1,0.04735000000000084
191,4,0.1,0.03585000000000051
191,8,0.1,0.027450000000000273
192,1,0.1,0.05905000000000118
192,2,0.1,0.04375000000000074
192,4,0.1,0.028600000000000306
192,8,0.1,0.025800000000000226
193,1,0.1,0.06600000000000089
193,2,0.1,0.0597500000000012
193,4,0.1,0.038300000000000584
193,8,0.1,0.030050000000000347
194,1,0.1,0.07994999999999935
194,2,0.1,0.04130000000000067
194,4,0.1,0.0354000000000005
194,8,0.1,0.0284500000000003
195,1,0.1,0.0458500000000008
195,2,0.1,0.040800000000000655
195,4,0.1,0.028650000000000307
195,8,0.1,0.03235000000000041
196,1,0.1,0.07434999999999997
196,2,0.1,0.04865000000000088
196,4,0.1,0.03460000000000048
196,8,0.1,0.02660000000000025
197,1,0.1,0.049900000000000916
197,2,0.1,0.04620000000000081
197,4,0.1,0.03670000000000054
197,8,0.1,0.029300000000000326
198,1,0.1,0.07385000000000003
198,2,0.1,0.04305000000000072
198,4,0.1,0.02980000000000034
198,8,0.1,0.029900000000000343
199,1,0.1,0.05505000000000106
199,2,0.1,0.04440000000000076
199,4,0.1,0.028900000000000314
199,8,0.1,0.028250000000000296
200,1,0.1,0.06125000000000124
200,2,0.1,0.03740000000000056
200,4,0.1,0.02625000000000024
200,8,0.1,0.034850000000000485
201,1,0.1,0.051250000000000955
201,2,0.1,0.03300000000000043
201,4,0.1,0.03710000000000055
201,8,0.1,0.03435000000000047
202,1,0.1,0.06615000000000087
202,2,0.1,0.05210000000000098
202,4,0.1,0.03150000000000039
202,8,0.1,0.026900000000000257
203,1,0.1,0.04350000000000073
203,2,0.1,0.033150000000000436
203,4,0.1,0.033150000000000436
203,8,0.1,0.031750000000000396
204,1,0.1,0.06665000000000082
204,2,0.1,0.04050000000000065
204,4,0.1,0.03565000000000051
204,8,0.1,0.02520000000000021
205,1,0.1,0.05205000000000098
205,2,0.1,0.04000000000000063
205,4,0.1,0.029900000000000343
205,8,0.1,0.025750000000000224
206,1,0.1,0.09019999999999823
206,2,0.1,0.04375000000000074
206,4,0.1,0.03230000000000041
206,8,0.1,0.029200000000000323
207,1,0.1,0.05205000000000098
207,2,0.1,0.03740000000000056
207,4,0.1,0.0319000000000004
207,8,0.1,0.024800000000000197
208,1,0.1,0.09629999999999755
208,2,0.1,0.06940000000000052
208,4,0.1,0.04100000000000066
208,8,0.1,0.03330000000000044
209,1,0.1,0.06790000000000068
209,2,0.1,0.03915000000000061
209,4,0.1,0.02560000000000022
209,8,0.1,0.028550000000000304
210,1,0.1,0.10474999999999662
210,2,0.1,0.05520000000000107
210,4,0.1,0.037950000000000574
210,8,0.1,0.03440000000000047
211,1,0.1,0.06335000000000118
211,2,0.1,0.03430000000000047
211,4,0.1,0.03130000000000038
211,8,0.1,0.030050000000000347
212,1,0.1,0.04615000000000081
212,2,0.1,0.033150000000000436
212,4,0.1,0.0353000000000005
212,8,0.1,0.028250000000000296
213,1,0.1,0.0840999999999989
213,2,0.1,0.04700000000000083
213,4,0.1,0.02980000000000034
213,8,0.1,0.02800000000000029
214,1,0.1,0.07205000000000022
214,2,0.1,0.04520000000000078
214,4,0.1,0.030400000000000357
214,8,0.1,0.025800000000000226
215,1,0.1,0.08819999999999845
215,2,0.1,0.04470000000000077
215,4,0.1,0.027600000000000277
215,8,0.1,0.02455000000000019
216,1,0.1,0.06525000000000097
216,2,0.1,0.06090000000000123
216,4,0.1,0.0318500000000004
216,8,0.1,0.02455000000000019
217,1,0.1,0.06130000000000124
217,2,0.1,0.03715000000000055
217,4,0.1,0.026450000000000244
217,8,0.1,0.025500000000000217
218,1,0.1,0.050200000000000924
218,2,0.1,0.03430000000000047
218,4,0.1,0.050200000000000924
218,8,0.1,0.041850000000000685
219,1,0.1,0.06720000000000076
219,2,0.1,0.04520000000000078
219,4,0.1,0.028650000000000307
219,8,0.1,0.026500000000000246
220,1,0.1,0.05765000000000114
220,2,0.1,0.04270000000000071
220,4,0.1,0.026400000000000243
220,8,0.1,0.027950000000000287
221,1,0.1,0.05810000000000115
221,2,0.1,0.04085000000000066
221,4,0.1,0.026800000000000254
221,8,0.1,0.02975000000000034
222,1,0.1,0.05050000000000093
222,2,0.1,0.05050000000000093
222,4,0.1,0.03120000000000038
222,8,0.1,0.0248500000000002
223,1,0.1,0.04295000000000072
223,2,0.1,0.04000000000000063
223,4,0.1,0.02950000000000033
223,8,0.1,0.02630000000000024
224,1,0.1,0.06920000000000054
224,2,0.1,0.041850000000000685
224,4,0.1,0.03610000000000052
224,8,0.1,0.029600000000000334
225,1,0.1,0.09164999999999807
225,2,0.1,0.04725000000000084
225,4,0.1,0.03270000000000042
225,8,0.1,0.02635000000000024
226,1,0.1,0.12629999999999425
226,2,0.1,0.06785000000000069
226,4,0.1,0.03505000000000049
226,8,0.1,0.027500000000000274
227,1,0.1,0.05120000000000095
227,2,0.1,0.036600000000000535
227,4,0.1,0.036600000000000535
227,8,0.1,0.03435000000000047
228,1,0.1,0.05045000000000093
228,2,0.1,0.03990000000000063
228,4,0.1,0.03710000000000055
228,8,0.1,0.02870000000000031
229,1,0.1,0.06850000000000062
229,2,0.1,0.035900000000000515
229,4,0.1,0.03445000000000047
229,8,0.1,0.0283500000000003
230,1,0.1,0.06040000000000122
230,2,0.1,0.040800000000000655
230,4,0.1,0.03305000000000043
230,8,0.1,0.03115000000000038
231,1,0.1,0.06330000000000119
231,2,0.1,0.03720000000000055
231,4,0.1,0.031750000000000396
231,8,0.1,0.0284500000000003
232,1,0.1,0.0904499999999982
232,2,0.1,0.043200000000000724
232,4,0.1,0.0318000000000004
232,8,0.1,0.029300000000000326
233,1,0.1,0.08604999999999868
233,2,0.1,0.04350000000000073
233,4,0.1,0.04090000000000066
233,8,0.1,0.03015000000000035
234,1,0.1,0.10754999999999632
234,2,0.1,0.05420000000000104
234,4,0.1,0.028300000000000297
234,8,0.1,0.03260000000000042
235,1,0.1,0.07749999999999962
235,2,0.1,0.0388000000000006
235,4,0.1,0.03355000000000045
235,8,0.1,0.029000000000000317
236,1,0.1,0.08309999999999901
236,2,0.1,0.041800000000000684
236,4,0.1,0.04470000000000077
236,8,0.1,0.03950000000000062
237,1,0.1,0.05320000000000101
237,2,0.1,0.038400000000000586
237,4,0.1,0.04070000000000065
237,8,0.1,0.03080000000000037
238,1,0.1,0.06145000000000125
238,2,0.1,0.037300000000000555
238,4,0.1,0.028550000000000304
238,8,0.1,0.02590000000000023
239,1,0.1,0.08159999999999917
239,2,0.1,0.046700000000000824
239,4,0.1,0.03265000000000042
239,8,0.1,0.027600000000000277
240,1,0.1,0.07934999999999942
240,2,0.1,0.04700000000000083
240,4,0.1,0.03640000000000053
240,8,0.1,0.028900000000000314
241,1,0.1,0.056800000000001113
241,2,0.1,0.04420000000000075
241,4,0.1,0.034550000000000476
241,8,0.1,0.02530000000000021
242,1,0.1,0.06570000000000092
242,2,0.1,0.038350000000000585
242,4,0.1,0.028600000000000306
242,8,0.1,0.0284000000000003
243,1,0.1,0.040400000000000644
243,2,0.1,0.037000000000000546
243,4,0.1,0.038050000000000576
243,8,0.1,0.029250000000000324
244,1,0.1,0.05840000000000116
244,2,0.1,0.03715000000000055
244,4,0.1,0.03715000000000055
244,8,0.1,0.026850000000000256
245,1,0.1,0.08644999999999864
245,2,0.1,0.043250000000000725
245,4,0.1,0.02625000000000024
245,8,0.1,0.026100000000000234
246,1,0.1,0.058200000000001154
246,2,0.1,0.03425000000000047
246,4,0.1,0.025000000000000203
246,8,0.1,0.0249500000000002
247,1,0.1,0.0564500000000011
247,2,0.1,0.045700000000000796
247,4,0.1,0.039050000000000605
247,8,0.1,0.02695000000000026
248,1,0.1,0.09814999999999735
248,2,0.1,0.052650000000000995
248,4,0.1,0.03980000000000063
248,8,0.1,0.03780000000000057
249,1,0.1,0.07295000000000013
249,2,0.1,0.03285000000000043
249,4,0.1,0.03285000000000043
249,8,0.1,0.0284000000000003
250,1,0.1,0.06760000000000072
250,2,0.1,0.04090000000000066
250,4,0.1,0.034900000000000486
250,8,0.1,0.027600000000000277
251,1,0.1,0.06755000000000072
251,2,0.1,0.034150000000000465
251,4,0.1,0.034150000000000465
251,8,0.1,0.02450000000000019
252,1,0.1,0.04380000000000074
252,2,0.1,0.030950000000000373
252,4,0.1,0.038650000000000594
252,8,0.1,0.029200000000000323
253,1,0.1,0.06330000000000119
253,2,0.1,0.04300000000000072
253,4,0.1,0.03320000000000044
253,8,0.1,0.02565000000000022
254,1,0.1,0.07529999999999987
254,2,0.1,0.040100000000000635
254,4,0.1,0.031000000000000374
254,8,0.1,0.028200000000000294
255,1,0.1,0.08214999999999911
255,2,0.1,0.04205000000000069
255,4,0.1,0.032100000000000406
255,8,0.1,0.02705000000000026
256,1,0.1,0.02910000000000032
256,2,0.1,0.0389000000000006
256,4,0.1,0.0389000000000006
256,8,0.1,0.02730000000000027
257,1,0.1,0.04965000000000091
257,2,0.1,0.03515000000000049
257,4,0.1,0.026050000000000233
257,8,0.1,0.024400000000000185
258,1,0.1,0.06625000000000086
258,2,0.1,0.05010000000000092
258,4,0.1,0.036300000000000526
258,8,0.1,0.024050000000000175
259,1,0.1,0.05575000000000108
259,2,0.1,0.04055000000000065
259,4,0.1,0.029600000000000334
259,8,0.1,0.02765000000000028
260,1,0.1,0.07734999999999964
260,2,0.1,0.0389500000000006
260,4,0.1,0.032800000000000426
260,8,0.1,0.02775000000000028
261,1,0.1,0.05320000000000101
261,2,0.1,0.04480000000000077
261,4,0.1,0.0284000000000003
261,8,0.1,0.025750000000000224
262,1,0.1,0.13064999999999377
262,2,0.1,0.058950000000001175
262,4,0.1,0.0318500000000004
262,8,0.1,0.034150000000000465
263,1,0.1,0.0704000000000004
263,2,0.1,0.04435000000000076
263,4,0.1,0.027500000000000274
263,8,0.1,0.030650000000000364
264,1,0.1,0.052800000000001
264,2,0.1,0.03335000000000044
264,4,0.1,0.031750000000000396
264,8,0.1,0.02635000000000024
265,1,0.1,0.05940000000000119
265,2,0.1,0.032100000000000406
265,4,0.1,0.032100000000000406
265,8,0.1,0.029550000000000333
266,1,0.1,0.06525000000000097
266,2,0.1,0.04965000000000091
266,4,0.1,0.039350000000000614
266,8,0.1,0.029650000000000336
267,1,0.1,0.04000000000000063
267,2,0.1,0.03950000000000062
267,4,0.1,0.03265000000000042
267,8,0.1,0.026500000000000246
268,1,0.1,0.0758499999999998
268,2,0.1,0.04350000000000073
268,4,0.1,0.03430000000000047
268,8,0.1,0.02810000000000029
269,1,0.1,0.09199999999999803
269,2,0.1,0.04870000000000088
269,4,0.1,0.03020000000000035
269,8,0.1,0.02425000000000018
270,1,0.1,0.06510000000000099
270,2,0.1,0.041150000000000665
270,4,0.1,0.02630000000000024
270,8,0.1,0.024650000000000193
271,1,0.1,0.05530000000000107
271,2,0.1,0.060000000000001205
271,4,0.1,0.047800000000000856
271,8,0.1,0.04295000000000072
272,1,0.1,0.0563000000000011
272,2,0.1,0.04555000000000079
272,4,0.1,0.03120000000000038
272,8,0.1,0.02980000000000034
273,1,0.1,0.1022499999999969
273,2,0.1,0.07844999999999952
273,4,0.1,0.048800000000000884
273,8,0.1,0.04270000000000071
274,1,0.1,0.06985000000000047
274,2,0.1,0.03460000000000048
274,4,0.1,0.026400000000000243
274,8,0.1,0.0284000000000003
275,1,0.1,0.06160000000000125
275,2,0.1,0.04205000000000069
275,4,0.1,0.04835000000000087
275,8,0.1,0.04365000000000074
276,1,0.1,0.0940999999999978
276,2,0.1,0.04805000000000086
276,4,0.1,0.037650000000000565
276,8,0.1,0.030650000000000364
277,1,0.1,0.044250000000000754
277,2,0.1,0.045650000000000794
277,4,0.1,0.03115000000000038
277,8,0.1,0.02425000000000018
278,1,0.1,0.05870000000000117
278,2,0.1,0.04020000000000064
278,4,0.1,0.035600000000000506
278,8,0.1,0.02700000000000026
279,1,0.1,0.06340000000000118
279,2,0.1,0.035550000000000505
279,4,0.1,0.02915000000000032
279,8,0.1,0.026150000000000236
280,1,0.1,0.05945000000000119
280,2,0.1,0.039050000000000605
280,4,0.1,0.02880000000000031
280,8,0.1,0.02450000000000019
281,1,0.1,0.09979999999999717
281,2,0.1,0.056500000000001105
281,4,0.1,0.03445000000000047
281,8,0.1,0.02560000000000022
282,1,0.1,0.05490000000000106
282,2,0.1,0.050550000000000934
282,4,0.1,0.027600000000000277
282,8,0.1,0.02660000000000025
283,1,0.1,0.06885000000000058
283,2,0.1,0.041800000000000684
283,4,0.1,0.038400000000000586
283,8,0.1,0.030600000000000363
284,1,0.1,0.07639999999999975
284,2,0.1,0.039000000000000604
284,4,0.1,0.03080000000000037
284,8,0.1,0.026400000000000243
285,1,0.1,0.059650000000001195
285,2,0.1,0.04095000000000066
285,4,0.1,0.02915000000000032
285,8,0.1,0.025500000000000217
286,1,0.1,0.057500000000001134
286,2,0.1,0.03425000000000047
286,4,0.1,0.038650000000000594
286,8,0.1,0.0249500000000002
287,1,0.1,0.050550000000000934
287,2,0.1,0.033800000000000455
287,4,0.1,0.0248500000000002
287,8,0.1,0.02250000000000013
288,1,0.1,0.05215000000000098
288,2,0.1,0.03680000000000054
288,4,0.1,0.029350000000000327
288,8,0.1,0.025050000000000204
289,1,0.1,0.050550000000000934
289,2,0.1,0.03815000000000058
289,4,0.1,0.03640000000000053
289,8,0.1,0.026750000000000253
290,1,0.1,0.09159999999999807
290,2,0.1,0.064950000000001
290,4,0.1,0.03860000000000059
290,8,0.1,0.03585000000000051
291,1,0.1,0.041800000000000684
291,2,0.1,0.038050000000000576
291,4,0.1,0.03645000000000053
291,8,0.1,0.0284000000000003
292,1,0.1,0.05770000000000114
292,2,0.1,0.03510000000000049
292,4,0.1,0.03510000000000049
292,8,0.1,0.025000000000000203
293,1,0.1,0.06010000000000121
293,2,0.1,0.03780000000000057
293,4,0.1,0.029300000000000326
293,8,0.1,0.02565000000000022
294,1,0.1,0.08424999999999888
294,2,0.1,0.06925000000000053
294,4,0.1,0.05365000000000102
294,8,0.1,0.039100000000000606
295,1,0.1,0.04195000000000069
295,2,0.1,0.05050000000000093
295,4,0.1,0.03305000000000043
295,8,0.1,0.02590000000000023
296,1,0.1,0.08929999999999833
296,2,0.1,0.06705000000000078
296,4,0.1,0.034850000000000485
296,8,0.1,0.035900000000000515
297,1,0.1,0.06645000000000084
297,2,0.1,0.038050000000000576
297,4,0.1,0.038050000000000576
297,8,0.1,0.025500000000000217
298,1,0.1,0.061000000000001234
298,2,0.1,0.037000000000000546
298,4,0.1,0.037000000000000546
298,8,0.1,0.025800000000000226
299,1,0.1,0.09119999999999812
299,2,0.1,0.046000000000000804
299,4,0.1,0.027150000000000264
299,8,0.1,0.02625000000000024
300,1,0.1,0.05745000000000113
300,2,0.1,0.046750000000000826
300,4,0.1,0.03465000000000048
300,8,0.1,0.02525000000000021
301,1,0.1,0.09124999999999811
301,2,0.1,0.04370000000000074
301,4,0.1,0.04100000000000066
301,8,0.1,0.027200000000000266
302,1,0.1,0.034150000000000465
302,2,0.1,0.03405000000000046
302,4,0.1,0.026500000000000246
302,8,0.1,0.02770000000000028
303,1,0.1,0.07335000000000008
303,2,0.1,0.042500000000000704
303,4,0.1,0.041850000000000685
303,8,0.1,0.04085000000000066
304,1,0.1,0.08089999999999925
304,2,0.1,0.04645000000000082
304,4,0.1,0.033800000000000455
304,8,0.1,0.029650000000000336
305,1,0.1,0.05470000000000105
305,2,0.1,0.04300000000000072
305,4,0.1,0.031750000000000396
305,8,0.1,0.02560000000000022
306,1,0.1,0.04795000000000086
306,2,0.1,0.041450000000000674
306,4,0.1,0.029700000000000337
306,8,0.1,0.030000000000000346
307,1,0.1,0.050550000000000934
307,2,0.1,0.03255000000000042
307,4,0.1,0.026400000000000243
307,8,0.1,0.02905000000000032
308,1,0.1,0.0459000000000008
308,2,0.1,0.03785000000000057
308,4,0.1,0.029650000000000336
308,8,0.1,0.02660000000000025
309,1,0.1,0.047800000000000856
309,2,0.1,0.05765000000000114
309,4,0.1,0.05765000000000114
309,8,0.1,0.036600000000000535
310,1,0.1,0.0562500000000011
310,2,0.1,0.0562500000000011
310,4,0.1,0.030750000000000367
310,8,0.1,0.025850000000000227
311,1,0.1,0.042150000000000694
311,2,0.1,0.031400000000000386
311,4,0.1,0.02805000000000029
311,8,0.1,0.02415000000000018
312,1,0.1,0.0849999999999988
312,2,0.1,0.04515000000000078
312,4,0.1,0.03395000000000046
312,8,0.1,0.026800000000000254
313,1,0.1,0.06355000000000116
313,2,0.1,0.037600000000000564
313,4,0.1,0.026450000000000244
313,8,0.1,0.0284000000000003
314,1,0.1,0.06980000000000047
314,2,0.1,0.03750000000000056
314,4,0.1,0.03250000000000042
314,8,0.1,0.02600000000000023
315,1,0.1,0.05450000000000105
315,2,0.1,0.04095000000000066
315,4,0.1,0.027950000000000287
315,8,0.1,0.02320000000000015
316,1,0.1,0.048500000000000876
316,2,0.1,0.0388000000000006
316,4,0.1,0.03355000000000045
316,8,0.1,0.02765000000000028
317,1,0.1,0.06615000000000087
317,2,0.1,0.0424000000000007
317,4,0.1,0.03775000000000057
317,8,0.1,0.029550000000000333
318,1,0.1,0.06670000000000081
318,2,0.1,0.037250000000000554
318,4,0.1,0.028950000000000316
318,8,0.1,0.028950000000000316
319,1,0.1,0.060300000000001214
319,2,0.1,0.03255000000000042
319,4,0.1,0.029250000000000324
319,8,0.1,0.034500000000000475
320,1,0.1,0.06800000000000067
320,2,0.1,0.056900000000001116
320,4,0.1,0.033100000000000435
320,8,0.1,0.02985000000000034
321,1,0.1,0.0704000000000004
321,2,0.1,0.043200000000000724
321,4,0.1,0.035950000000000516
321,8,0.1,0.02740000000000027
322,1,0.1,0.058600000000001165
322,2,0.1,0.03775000000000057
322,4,0.1,0.03580000000000051
322,8,0.1,0.02800000000000029
323,1,0.1,0.0564500000000011
323,2,0.1,0.03620000000000052
323,4,0.1,0.03305000000000043
323,8,0.1,0.02765000000000028
324,1,0.1,0.07489999999999991
324,2,0.1,0.055450000000001075
324,4,0.1,0.04070000000000065
324,8,0.1,0.02560000000000022
325,1,0.1,0.05065000000000094
325,2,0.1,0.031400000000000386
325,4,0.1,0.0354500000000005
325,8,0.1,0.024650000000000193
326,1,0.1,0.06625000000000086
326,2,0.1,0.03645000000000053
326,4,0.1,0.02660000000000025
326,8,0.1,0.025800000000000226
327,1,0.1,0.0458000000000008
327,2,0.1,0.03290000000000043
327,4,0.1,0.030750000000000367
327,8,0.1,0.024450000000000187
328,1,0.1,0.06375000000000114
328,2,0.1,0.045650000000000794
328,4,0.1,0.038050000000000576
328,8,0.1,0.03510000000000049
329,1,0.1,0.045700000000000796
329,2,0.1,0.03395000000000046
329,4,0.1,0.03585000000000051
329,8,0.1,0.024100000000000177
330,1,0.1,0.04165000000000068
330,2,0.1,0.033850000000000456
330,4,0.1,0.02980000000000034
330,8,0.1,0.02775000000000028
331,1,0.1,0.06990000000000046
331,2,0.1,0.040750000000000654
331,4,0.1,0.02665000000000025
331,8,0.1,0.026750000000000253
332,1,0.1,0.06835000000000063
332,2,0.1,0.043200000000000724
332,4,0.1,0.03850000000000059
332,8,0.1,0.03705000000000055
333,1,0.1,0.04295000000000072
333,2,0.1,0.0598000000000012
333,4,0.1,0.03375000000000045
333,8,0.1,0.03045000000000036
334,1,0.1,0.051950000000000975
334,2,0.1,0.033450000000000445
334,4,0.1,0.026500000000000246
334,8,0.1,0.026500000000000246
335,1,0.1,0.06785000000000069
335,2,0.1,0.03860000000000059
335,4,0.1,0.03715000000000055
335,8,0.1,0.028500000000000303
336,1,0.1,0.09339999999999787
336,2,0.1,0.045700000000000796
336,4,0.1,0.036950000000000545
336,8,0.1,0.026050000000000233
337,1,0.1,0.07030000000000042
337,2,0.1,0.038050000000000576
337,4,0.1,0.025100000000000205
337,8,0.1,0.024750000000000195
338,1,0.1,0.059000000000001177
338,2,0.1,0.034150000000000465
338,4,0.1,0.033800000000000455
338,8,0.1,0.024350000000000184
339,1,0.1,0.05080000000000094
339,2,0.1,0.03740000000000056
339,4,0.1,0.03055000000000036
339,8,0.1,0.030050000000000347
340,1,0.1,0.08364999999999895
340,2,0.1,0.04625000000000081
340,4,0.1,0.034850000000000485
340,8,0.1,0.025700000000000223
341,1,0.1,0.06110000000000124
341,2,0.1,0.04700000000000083
341,4,0.1,0.02770000000000028
341,8,0.1,0.0248500000000002
342,1,0.1,0.05460000000000105
342,2,0.1,0.03130000000000038
342,4,0.1,0.02590000000000023
342,8,0.1,0.023950000000000173
343,1,0.1,0.06560000000000094
343,2,0.1,0.03925000000000061
343,4,0.1,0.0354000000000005
343,8,0.1,0.02625000000000024
344,1,0.1,0.08084999999999926
344,2,0.1,0.056200000000001096
344,4,0.1,0.0423500000000007
344,8,0.1,0.035250000000000496
345,1,0.1,0.04650000000000082
345,2,0.1,0.03685000000000054
345,4,0.1,0.027100000000000263
345,8,0.1,0.0249000000000002
346,1,0.1,0.047400000000000844
346,2,0.1,0.035550000000000505
346,4,0.1,0.029000000000000317
346,8,0.1,0.024800000000000197
347,1,0.1,0.03435000000000047
347,2,0.1,0.027450000000000273
347,4,0.1,0.036600000000000535
347,8,0.1,0.02735000000000027
348,1,0.1,0.0758499999999998
348,2,0.1,0.04730000000000084
348,4,0.1,0.028550000000000304
348,8,0.1,0.02700000000000026
349,1,0.1,0.03745000000000056
349,2,0.1,0.03930000000000061
349,4,0.1,0.028650000000000307
349,8,0.1,0.026100000000000234
350,1,0.1,0.08104999999999923
350,2,0.1,0.044300000000000755
350,4,0.1,0.0388000000000006
350,8,0.1,0.032100000000000406
351,1,0.1,0.05320000000000101
351,2,0.1,0.04520000000000078
351,4,0.1,0.03715000000000055
351,8,0.1,0.029550000000000333
352,1,0.1,0.07200000000000023
352,2,0.1,0.0389500000000006
352,4,0.1,0.03435000000000047
352,8,0.1,0.0248500000000002
353,1,0.1,0.06825000000000064
353,2,0.1,0.04540000000000079
353,4,0.1,0.03290000000000043
353,8,0.1,0.02910000000000032
354,1,0.1,0.045000000000000775
354,2,0.1,0.04420000000000075
354,4,0.1,0.036650000000000536
354,8,0.1,0.027500000000000274
355,1,0.1,0.046350000000000814
355,2,0.1,0.04305000000000072
355,4,0.1,0.038700000000000595
355,8,0.1,0.029650000000000336
356,1,0.1,0.07295000000000013
356,2,0.1,0.04305000000000072
356,4,0.1,0.04210000000000069
356,8,0.1,0.02730000000000027
357,1,0.1,0.07884999999999948
357,2,0.1,0.060000000000001205
357,4,0.1,0.03395000000000046
357,8,0.1,0.030000000000000346
358,1,0.1,0.07674999999999971
358,2,0.1,0.039450000000000617
358,4,0.1,0.03130000000000038
358,8,0.1,0.02665000000000025
359,1,0.1,0.059300000000001185
359,2,0.1,0.036300000000000526
359,4,0.1,0.03010000000000035
359,8,0.1,0.02555000000000022
360,1,0.1,0.08519999999999878
360,2,0.1,0.046000000000000804
360,4,0.1,0.03675000000000054
360,8,0.1,0.033500000000000446
361,1,0.1,0.07459999999999994
361,2,0.1,0.03615000000000052
361,4,0.1,0.03020000000000035
361,8,0.1,0.024750000000000195
362,1,0.1,0.08434999999999887
362,2,0.1,0.04620000000000081
362,4,0.1,0.03355000000000045
362,8,0.1,0.027950000000000287
363,1,0.1,0.059950000000001204
363,2,0.1,0.03655000000000053
363,4,0.1,0.034550000000000476
363,8,0.1,0.02460000000000019
364,1,0.1,0.07539999999999986
364,2,0.1,0.04200000000000069
364,4,0.1,0.03020000000000035
364,8,0.1,0.02800000000000029
365,1,0.1,0.07075000000000037
365,2,0.1,0.06305000000000122
365,4,0.1,0.05260000000000099
365,8,0.1,0.05530000000000107
366,1,0.1,0.06450000000000106
366,2,0.1,0.04015000000000064
366,4,0.1,0.02875000000000031
366,8,0.1,0.025750000000000224
367,1,0.1,0.03055000000000036
367,2,0.1,0.04865000000000088
367,4,0.1,0.03020000000000035
367,8,0.1,0.02880000000000031
368,1,0.1,0.0813999999999992
368,2,0.1,0.04275000000000071
368,4,0.1,0.037000000000000546
368,8,0.1,0.025150000000000207
369,1,0.1,0.04655000000000082
369,2,0.1,0.03285000000000043
369,4,0.1,0.03285000000000043
369,8,0.1,0.03285000000000043
370,1,0.1,0.04315000000000072
370,2,0.1,0.03650000000000053
370,4,0.1,0.0249000000000002
370,8,0.1,0.0248500000000002
371,1,0.1,0.05355000000000102
371,2,0.1,0.039350000000000614
371,4,0.1,0.02590000000000023
371,8,0.1,0.025850000000000227
372,1,0.1,0.07170000000000026
372,2,0.1,0.04545000000000079
372,4,0.1,0.02735000000000027
372,8,0.1,0.02800000000000029
373,1,0.1,0.049900000000000916
373,2,0.1,0.03260000000000042
373,4,0.1,0.03260000000000042
373,8,0.1,0.026750000000000253
374,1,0.1,0.07674999999999971
374,2,0.1,0.059950000000001204
374,4,0.1,0.0353500000000005
374,8,0.1,0.027550000000000276
375,1,0.1,0.05430000000000104
375,2,0.1,0.037950000000000574
375,4,0.1,0.028550000000000304
375,8,0.1,0.026500000000000246
376,1,0.1,0.0631500000000012
376,2,0.1,0.03860000000000059
376,4,0.1,0.027150000000000264
376,8,0.1,0.026100000000000234
377,1,0.1,0.051600000000000965
377,2,0.1,0.051600000000000965
377,4,0.1,0.028150000000000293
377,8,0.1,0.02280000000000014
378,1,0.1,0.09029999999999822
378,2,0.1,0.04295000000000072
378,4,0.1,0.04015000000000064
378,8,0.1,0.02555000000000022
379,1,0.1,0.05210000000000098
379,2,0.1,0.035600000000000506
379,4,0.1,0.033850000000000456
379,8,0.1,0.026900000000000257
380,1,0.1,0.06355000000000116
380,2,0.1,0.037350000000000556
380,4,0.1,0.03150000000000039
380,8,0.1,0.03150000000000039
381,1,0.1,0.056200000000001096
381,2,0.1,0.039350000000000614
381,4,0.1,0.03360000000000045
381,8,0.1,0.027250000000000267
382,1,0.1,0.04295000000000072
382,2,0.1,0.03755000000000056
382,4,0.1,0.05450000000000105
382,8,0.1,0.03755000000000056
383,1,0.1,0.0563500000000011
383,2,0.1,0.04685000000000083
383,4,0.1,0.040050000000000634
383,8,0.1,0.039450000000000617
384,1,0.1,0.06930000000000053
384,2,0.1,0.03720000000000055
384,4,0.1,0.03355000000000045
384,8,0.1,0.032800000000000426
385,1,0.1,0.06380000000000113
385,2,0.1,0.046000000000000804
385,4,0.1,0.029950000000000344
385,8,0.1,0.023950000000000173
386,1,0.1,0.06525000000000097
386,2,0.1,0.0423000000000007
386,4,0.1,0.040400000000000644
386,8,0.1,0.027200000000000266
387,1,0.1,0.06905000000000056
387,2,0.1,0.038000000000000575
387,4,0.1,0.035250000000000496
387,8,0.1,0.02800000000000029
388,1,0.1,0.07604999999999978
388,2,0.1,0.046050000000000806
388,4,0.1,0.040750000000000654
388,8,0.1,0.03360000000000045
389,1,0.1,0.06855000000000061
389,2,0.1,0.04205000000000069
389,4,0.1,0.026150000000000236
389,8,0.1,0.024350000000000184
390,1,0.1,0.05100000000000095
390,2,0.1,0.034850000000000485
390,4,0.1,0.029250000000000324
390,8,0.1,0.02975000000000034
391,1,0.1,0.049500000000000904
391,2,0.1,0.04410000000000075
391,4,0.1,0.031350000000000385
391,8,0.1,0.025350000000000213
392,1,0.1,0.08154999999999918
392,2,0.1,0.06580000000000091
392,4,0.1,0.0459000000000008
392,8,0.1,0.03080000000000037
393,1,0.1,0.05840000000000116
393,2,0.1,0.04825000000000087
393,4,0.1,0.03425000000000047
393,8,0.1,0.02450000000000019
394,1,0.1,0.051650000000000966
394,2,0.1,0.03440000000000047
394,4,0.1,0.02765000000000028
394,8,0.1,0.025150000000000207
395,1,0.1,0.06310000000000121
395,2,0.1,0.04065000000000065
395,4,0.1,0.03230000000000041
395,8,0.1,0.024350000000000184
396,1,0.1,0.06745000000000073
396,2,0.1,0.053700000000001025
396,4,0.1,0.03585000000000051
396,8,0.1,0.024450000000000187
397,1,0.1,0.06560000000000094
397,2,0.1,0.06560000000000094
397,4,0.1,0.03505000000000049
397,8,0.1,0.030750000000000367
398,1,0.1,0.04765000000000085
398,2,0.1,0.03230000000000041
398,4,0.1,0.031750000000000396
398,8,0.1,0.02455000000000019
399,1,0.1,0.058300000000001156
399,2,0.1,0.03845000000000059
399,4,0.1,0.02730000000000027
399,8,0.1,0.025100000000000205
400,1,0.1,0.07170000000000026
400,2,0.1,0.03825000000000058
400,4,0.1,0.03825000000000058
400,8,0.1,0.030600000000000363
401,1,0.1,0.05110000000000095
401,2,0.1,0.041150000000000665
401,4,0.1,0.03120000000000038
401,8,0.1,0.02735000000000027
402,1,0.1,0.0704000000000004
402,2,0.1,0.04090000000000066
402,4,0.1,0.037300000000000555
402,8,0.1,0.03020000000000035
403,1,0.1,0.08444999999999886
403,2,0.1,0.041500000000000675
403,4,0.1,0.03330000000000044
403,8,0.1,0.02945000000000033
404,1,0.1,0.054450000000001046
404,2,0.1,0.038000000000000575
404,4,0.1,0.03585000000000051
404,8,0.1,0.029900000000000343
405,1,0.1,0.06440000000000107
405,2,0.1,0.03860000000000059
405,4,0.1,0.03230000000000041
405,8,0.1,0.024050000000000175
406,1,0.1,0.06980000000000047
406,2,0.1,0.06575000000000092
406,4,0.1,0.039350000000000614
406,8,0.1,0.027550000000000276
407,1,0.1,0.06880000000000058
407,2,0.1,0.05495000000000106
407,4,0.1,0.04865000000000088
407,8,0.1,0.0389500000000006
408,1,0.1,0.0795999999999994
408,2,0.1,0.052750000000001
408,4,0.1,0.03115000000000038
408,8,0.1,0.026800000000000254
409,1,0.1,0.04900000000000089
409,2,0.1,0.050250000000000926
409,4,0.1,0.027600000000000277
409,8,0.1,0.027950000000000287
410,1,0.1,0.055500000000001076
410,2,0.1,0.04645000000000082
410,4,0.1,0.03575000000000051
410,8,0.1,0.0284000000000003
411,1,0.1,0.06635000000000085
411,2,0.1,0.043600000000000735
411,4,0.1,0.0354000000000005
411,8,0.1,0.02635000000000024
412,1,0.1,0.04855000000000088
412,2,0.1,0.03685000000000054
412,4,0.1,0.03230000000000041
412,8,0.1,0.024450000000000187
413,1,0.1,0.056500000000001105
413,2,0.1,0.04375000000000074
413,4,0.1,0.02730000000000027
413,8,0.1,0.026800000000000254
414,1,0.1,0.0731500000000001
414,2,0.1,0.06050000000000122
414,4,0.1,0.05085000000000094
414,8,0.1,0.03710000000000055
415,1,0.1,0.06395000000000112
415,2,0.1,0.04120000000000067
415,4,0.1,0.028300000000000297
415,8,0.1,0.024050000000000175
416,1,0.1,0.049900000000000916
416,2,0.1,0.03645000000000053
416,4,0.1,0.026100000000000234
416,8,0.1,0.026050000000000233
417,1,0.1,0.046750000000000826
417,2,0.1,0.046750000000000826
417,4,0.1,0.03330000000000044
417,8,0.1,0.02450000000000019
418,1,0.1,0.07250000000000018
418,2,0.1,0.05170000000000097
418,4,0.1,0.0355000000000005
418,8,0.1,0.03220000000000041
419,1,0.1,0.07015000000000043
419,2,0.1,0.03955000000000062
419,4,0.1,0.029600000000000334
419,8,0.1,0.024400000000000185
420,1,0.1,0.07260000000000016
420,2,0.1,0.03820000000000058
420,4,0.1,0.03165000000000039
420,8,0.1,0.02695000000000026
421,1,0.1,0.05150000000000096
421,2,0.1,0.03270000000000042
421,4,0.1,0.03500000000000049
421,8,0.1,0.029550000000000333
422,1,0.1,0.0840499999999989
422,2,0.1,0.04265000000000071
422,4,0.1,0.02905000000000032
422,8,0.1,0.02950000000000033
423,1,0.1,0.07814999999999955
423,2,0.1,0.041150000000000665
423,4,0.1,0.03130000000000038
423,8,0.1,0.026800000000000254
424,1,0.1,0.05590000000000109
424,2,0.1,0.03430000000000047
424,4,0.1,0.028200000000000294
424,8,0.1,0.029000000000000317
425,1,0.1,0.05085000000000094
425,2,0.1,0.036250000000000525
425,4,0.1,0.037250000000000554
425,8,0.1,0.02450000000000019
426,1,0.1,0.07185000000000025
426,2,0.1,0.04305000000000072
426,4,0.1,0.027100000000000263
426,8,0.1,0.02450000000000019
427,1,0.1,0.05245000000000099
427,2,0.1,0.03375000000000045
427,4,0.1,0.028150000000000293
427,8,0.1,0.02390000000000017
428,1,0.1,0.05735000000000113
428,2,0.1,0.03465000000000048
428,4,0.1,0.0388000000000006
428,8,0.1,0.028250000000000296
429,1,0.1,0.0794999999999994
429,2,0.1,0.04660000000000082
429,4,0.1,0.04660000000000082
429,8,0.1,0.027900000000000286
430,1,0.1,0.05565000000000108
430,2,0.1,0.03715000000000055
430,4,0.1,0.02730000000000027
430,8,0.1,0.0249000000000002
431,1,0.1,0.05470000000000105
431,2,0.1,0.04305000000000072
431,4,0.1,0.03475000000000048
431,8,0.1,0.0320000000000004
432,1,0.1,0.04870000000000088
432,2,0.1,0.04165000000000068
432,4,0.1,0.03300000000000043
432,8,0.1,0.027150000000000264
433,1,0.1,0.06305000000000122
433,2,0.1,0.043200000000000724
433,4,0.1,0.03430000000000047
433,8,0.1,0.034900000000000486
434,1,0.1,0.061700000000001254
434,2,0.1,0.0389000000000006
434,4,0.1,0.0284500000000003
434,8,0.1,0.028550000000000304
435,1,0.1,0.07474999999999993
435,2,0.1,0.057250000000001126
435,4,0.1,0.03825000000000058
435,8,0.1,0.029350000000000327
436,1,0.1,0.058550000000001164
436,2,0.1,0.03410000000000046
436,4,0.1,0.03495000000000049
436,8,0.1,0.025000000000000203
437,1,0.1,0.07479999999999992
437,2,0.1,0.03775000000000057
437,4,0.1,0.03300000000000043
437,8,0.1,0.028850000000000313
438,1,0.1,0.05745000000000113
438,2,0.1,0.042550000000000705
438,4,0.1,0.04690000000000083
438,8,0.1,0.04190000000000069
439,1,0.1,0.09264999999999796
439,2,0.1,0.04610000000000081
439,4,0.1,0.027550000000000276
439,8,0.1,0.031000000000000374
440,1,0.1,0.04205000000000069
440,2,0.1,0.04095000000000066
440,4,0.1,0.026900000000000257
440,8,0.1,0.025000000000000203
441,1,0.1,0.08524999999999877
441,2,0.1,0.06130000000000124
441,4,0.1,0.0353500000000005
441,8,0.1,0.024750000000000195
442,1,0.1,0.06855000000000061
442,2,0.1,0.05150000000000096
442,4,0.1,0.038050000000000576
442,8,0.1,0.030400000000000357
443,1,0.1,0.06090000000000123
443,2,0.1,0.038400000000000586
443,4,0.1,0.027600000000000277
443,8,0.1,0.02940000000000033
444,1,0.1,0.05250000000000099
444,2,0.1,0.029700000000000337
444,4,0.1,0.03640000000000053
444,8,0.1,0.025400000000000214
445,1,0.1,0.026500000000000246
445,2,0.1,0.04175000000000068
445,4,0.1,0.0641000000000011
445,8,0.1,0.03155000000000039
446,1,0.1,0.05485000000000106
446,2,0.1,0.047050000000000834
446,4,0.1,0.030300000000000354
446,8,0.1,0.026100000000000234
447,1,0.1,0.06270000000000125
447,2,0.1,0.03565000000000051
447,4,0.1,0.03425000000000047
447,8,0.1,0.024450000000000187
448,1,0.1,0.06525000000000097
448,2,0.1,0.039400000000000615
448,4,0.1,0.035950000000000516
448,8,0.1,0.02875000000000031
449,1,0.1,0.06335000000000118
449,2,0.1,0.06010000000000121
449,4,0.1,0.03495000000000049
449,8,0.1,0.0249000000000002
450,1,0.1,0.06450000000000106
450,2,0.1,0.045000000000000775
450,4,0.1,0.02950000000000033
450,8,0.1,0.029200000000000323
451,1,0.1,0.056150000000001095
451,2,0.1,0.04100000000000066
451,4,0.1,0.027800000000000283
451,8,0.1,0.027800000000000283
452,1,0.1,0.09829999999999733
452,2,0.1,0.053000000000001005
452,4,0.1,0.03370000000000045
452,8,0.1,0.027950000000000287
453,1,0.1,0.04510000000000078
453,2,0.1,0.03515000000000049
453,4,0.1,0.029650000000000336
453,8,0.1,0.028200000000000294
454,1,0.1,0.05800000000000115
454,2,0.1,0.042500000000000704
454,4,0.1,0.04490000000000077
454,8,0.1,0.03120000000000038
455,1,0.1,0.07659999999999972
455,2,0.1,0.0599000000000012
455,4,0.1,0.03270000000000042
455,8,0.1,0.026400000000000243
456,1,0.1,0.05000000000000092
456,2,0.1,0.03645000000000053
456,4,0.1,0.02910000000000032
456,8,0.1,0.033850000000000456
457,1,0.1,0.08709999999999857
457,2,0.1,0.04375000000000074
457,4,0.1,0.04440000000000076
457,8,0.1,0.027950000000000287
458,1,0.1,0.09344999999999787
458,2,0.1,0.05315000000000101
458,4,0.1,0.02910000000000032
458,8,0.1,0.02525000000000021
459,1,0.1,0.05730000000000113
459,2,0.1,0.03355000000000045
459,4,0.1,0.033100000000000435
459,8,0.1,0.02525000000000021
460,1,0.1,0.058300000000001156
460,2,0.1,0.058300000000001156
460,4,0.1,0.03330000000000044
460,8,0.1,0.023950000000000173
461,1,0.1,0.05470000000000105
461,2,0.1,0.048850000000000886
461,4,0.1,0.03285000000000043
461,8,0.1,0.027600000000000277
462,1,0.1,0.08714999999999856
462,2,0.1,0.061000000000001234
462,4,0.1,0.04350000000000073
462,8,0.1,0.04610000000000081
463,1,0.1,0.044300000000000755
463,2,0.1,0.044300000000000755
463,4,0.1,0.03340000000000044
463,8,0.1,0.031750000000000396
464,1,0.1,0.05775000000000114
464,2,0.1,0.04455000000000076
464,4,0.1,0.0424500000000007
464,8,0.1,0.03045000000000036
465,1,0.1,0.06645000000000084
465,2,0.1,0.039000000000000604
465,4,0.1,0.028550000000000304
465,8,0.1,0.026850000000000256
466,1,0.1,0.06255000000000127
466,2,0.1,0.06255000000000127
466,4,0.1,0.03845000000000059
466,8,0.1,0.02520000000000021
467,1,0.1,0.0659500000000009
467,2,0.1,0.03650000000000053
467,4,0.1,0.03290000000000043
467,8,0.1,0.026450000000000244
468,1,0.1,0.0677000000000007
468,2,0.1,0.04340000000000073
468,4,0.1,0.03685000000000054
468,8,0.1,0.02455000000000019
469,1,0.1,0.06900000000000056
469,2,0.1,0.05745000000000113
469,4,0.1,0.03465000000000048
469,8,0.1,0.0283500000000003
470,1,0.1,0.06755000000000072
470,2,0.1,0.044300000000000755
470,4,0.1,0.034850000000000485
470,8,0.1,0.02880000000000031
471,1,0.1,0.050600000000000936
471,2,0.1,0.03855000000000059
471,4,0.1,0.03130000000000038
471,8,0.1,0.023750000000000167
472,1,0.1,0.07714999999999966
472,2,0.1,0.04525000000000078
472,4,0.1,0.028950000000000316
472,8,0.1,0.024700000000000194
473,1,0.1,0.05390000000000103
473,2,0.1,0.04655000000000082
473,4,0.1,0.03290000000000043
473,8,0.1,0.025100000000000205
474,1,0.1,0.05260000000000099
474,2,0.1,0.047450000000000846
474,4,0.1,0.03020000000000035
474,8,0.1,0.026850000000000256
475,1,0.1,0.0776999999999996
475,2,0.1,0.05155000000000096
475,4,0.1,0.031750000000000396
475,8,0.1,0.02630000000000024
476,1,0.1,0.05905000000000118
476,2,0.1,0.03605000000000052
476,4,0.1,0.032800000000000426
476,8,0.1,0.02735000000000027
477,1,0.1,0.07200000000000023
477,2,0.1,0.038400000000000586
477,4,0.1,0.03925000000000061
477,8,0.1,0.02770000000000028
478,1,0.1,0.05000000000000092
478,2,0.1,0.034550000000000476
478,4,0.1,0.034550000000000476
478,8,0.1,0.025000000000000203
479,1,0.1,0.055150000000001066
479,2,0.1,0.04345000000000073
479,4,0.1,0.029350000000000327
479,8,0.1,0.028550000000000304
480,1,0.1,0.046400000000000816
480,2,0.1,0.046400000000000816
480,4,0.1,0.03290000000000043
480,8,0.1,0.024400000000000185
481,1,0.1,0.04835000000000087
481,2,0.1,0.045650000000000794
481,4,0.1,0.033450000000000445
481,8,0.1,0.02590000000000023
482,1,0.1,0.05940000000000119
482,2,0.1,0.03430000000000047
482,4,0.1,0.027450000000000273
482,8,0.1,0.024700000000000194
483,1,0.1,0.06655000000000083
483,2,0.1,0.04755000000000085
483,4,0.1,0.03365000000000045
483,8,0.1,0.032800000000000426
484,1,0.1,0.0732000000000001
484,2,0.1,0.03775000000000057
484,4,0.1,0.029250000000000324
484,8,0.1,0.03020000000000035
485,1,0.1,0.05330000000000101
485,2,0.1,0.04050000000000065
485,4,0.1,0.04050000000000065
485,8,0.1,0.04050000000000065
486,1,0.1,0.05155000000000096
486,2,0.1,0.05155000000000096
486,4,0.1,0.03955000000000062
486,8,0.1,0.03250000000000042
487,1,0.1,0.07165000000000027
487,2,0.1,0.04125000000000067
487,4,0.1,0.02595000000000023
487,8,0.1,0.025750000000000224
488,1,0.1,0.05460000000000105
488,2,0.1,0.037000000000000546
488,4,0.1,0.03460000000000048
488,8,0.1,0.03460000000000048
489,1,0.1,0.07200000000000023
489,2,0.1,0.04455000000000076
489,4,0.1,0.027900000000000286
489,8,0.1,0.028300000000000297
490,1,0.1,0.055800000000001085
490,2,0.1,0.037000000000000546
490,4,0.1,0.02800000000000029
490,8,0.1,0.03285000000000043
491,1,0.1,0.0563000000000011
491,2,0.1,0.040750000000000654
491,4,0.1,0.02625000000000024
491,8,0.1,0.02525000000000021
492,1,0.1,0.05185000000000097
492,2,0.1,0.05185000000000097
492,4,0.1,0.03750000000000056
492,8,0.1,0.02800000000000029
493,1,0.1,0.05350000000000102
493,2,0.1,0.037700000000000566
493,4,0.1,0.025800000000000226
493,8,0.1,0.024400000000000185
494,1,0.1,0.05575000000000108
494,2,0.1,0.03855000000000059
494,4,0.1,0.03465000000000048
494,8,0.1,0.0249500000000002
495,1,0.1,0.05380000000000103
495,2,0.1,0.044300000000000755
495,4,0.1,0.027100000000000263
495,8,0.1,0.026150000000000236
496,1,0.1,0.05220000000000098
496,2,0.1,0.03610000000000052
496,4,0.1,0.026100000000000234
496,8,0.1,0.02635000000000024
497,1,0.1,0.05590000000000109
497,2,0.1,0.038050000000000576
497,4,0.1,0.027900000000000286
497,8,0.1,0.027900000000000286
498,1,0.1,0.06235000000000127
498,2,0.1,0.036250000000000525
498,4,0.1,0.025100000000000205
498,8,0.1,0.0283500000000003
499,1,0.1,0.04190000000000069
499,2,0.1,0.03985000000000063
499,4,0.1,0.02555000000000022
499,8,0.1,0.024700000000000194
500,1,0.1,0.08234999999999909
500,2,0.1,0.05075000000000094
500,4,0.1,0.03115000000000038
500,8,0.1,0.024350000000000184
501,1,0.1,0.062050000000001264
501,2,0.1,0.06180000000000126
501,4,0.1,0.03145000000000039
501,8,0.1,0.025050000000000204
502,1,0.1,0.07479999999999992
502,2,0.1,0.04865000000000088
502,4,0.1,0.03705000000000055
502,8,0.1,0.024650000000000193
503,1,0.1,0.07310000000000011
503,2,0.1,0.07310000000000011
503,4,0.1,0.048450000000000874
503,8,0.1,0.03130000000000038
504,1,0.1,0.08244999999999908
504,2,0.1,0.06535000000000096
504,4,0.1,0.029550000000000333
504,8,0.1,0.026800000000000254
505,1,0.1,0.04995000000000092
505,2,0.1,0.0388000000000006
505,4,0.1,0.03395000000000046
505,8,0.1,0.026450000000000244
506,1,0.1,0.05390000000000103
506,2,0.1,0.039400000000000615
506,4,0.1,0.04140000000000067
506,8,0.1,0.02875000000000031
507,1,0.1,0.06200000000000126
507,2,0.1,0.05385000000000103
507,4,0.1,0.04315000000000072
507,8,0.1,0.036250000000000525
508,1,0.1,0.07964999999999939
508,2,0.1,0.041500000000000675
508,4,0.1,0.03675000000000054
508,8,0.1,0.030050000000000347
509,1,0.1,0.06120000000000124
509,2,0.1,0.03815000000000058
509,4,0.1,0.029900000000000343
509,8,0.1,0.02910000000000032
510,1,0.1,0.07175000000000026
510,2,0.1,0.040400000000000644
510,4,0.1,0.0284000000000003
510,8,0.1,0.026500000000000246
511,1,0.1,0.05530000000000107
511,2,0.1,0.04330000000000073
511,4,0.1,0.03670000000000054
511,8,0.1,0.026450000000000244
512,1,0.1,0.04370000000000074
512,2,0.1,0.035950000000000516
512,4,0.1,0.0249500000000002
512,8,0.1,0.029350000000000327
513,1,0.1,0.06190000000000126
513,2,0.1,0.035550000000000505
513,4,0.1,0.0353500000000005
513,8,0.1,0.02560000000000022
514,1,0.1,0.05675000000000111
514,2,0.1,0.04505000000000078
514,4,0.1,0.04070000000000065
514,8,0.1,0.02735000000000027
515,1,0.1,0.07005000000000045
515,2,0.1,0.041100000000000664
515,4,0.1,0.038000000000000575
515,8,0.1,0.026450000000000244
516,1,0.1,0.07734999999999964
516,2,0.1,0.040400000000000644
516,4,0.1,0.02565000000000022
516,8,0.1,0.02560000000000022
517,1,0.1,0.07215000000000021
517,2,0.1,0.04405000000000075
517,4,0.1,0.03130000000000038
517,8,0.1,0.024300000000000183
518,1,0.1,0.09184999999999804
518,2,0.1,0.05390000000000103
518,4,0.1,0.040800000000000655
518,8,0.1,0.03855000000000059
519,1,0.1,0.10444999999999666
519,2,0.1,0.052750000000001
519,4,0.1,0.0318500000000004
519,8,0.1,0.026400000000000243
520,1,0.1,0.05535000000000107
520,2,0.1,0.052950000000001
520,4,0.1,0.03225000000000041
520,8,0.1,0.029950000000000344
521,1,0.1,0.07010000000000044
521,2,0.1,0.04165000000000068
521,4,0.1,0.036300000000000526
521,8,0.1,0.027450000000000273
522,1,0.1,0.07664999999999972
522,2,0.1,0.04310000000000072
522,4,0.1,0.03320000000000044
522,8,0.1,0.03270000000000042
523,1,0.1,0.05495000000000106
523,2,0.1,0.035550000000000505
523,4,0.1,0.028650000000000307
523,8,0.1,0.02530000000000021
524,1,0.1,0.05145000000000096
524,2,0.1,0.05145000000000096
524,4,0.1,0.035250000000000496
524,8,0.1,0.035250000000000496
525,1,0.1,0.039700000000000624
525,2,0.1,0.035550000000000505
525,4,0.1,0.025050000000000204
525,8,0.1,0.023250000000000152
526,1,0.1,0.05345000000000102
526,2,0.1,0.037600000000000564
526,4,0.1,0.025800000000000226
526,8,0.1,0.02385000000000017
527,1,0.1,0.05240000000000099
527,2,0.1,0.03330000000000044
527,4,0.1,0.034500000000000475
527,8,0.1,0.031350000000000385
528,1,0.1,0.05955000000000119
528,2,0.1,0.04295000000000072
528,4,0.1,0.03440000000000047
528,8,0.1,0.024800000000000197
529,1,0.1,0.0598000000000012
529,2,0.1,0.05115000000000095
529,4,0.1,0.037700000000000566
529,8,0.1,0.02665000000000025
530,1,0.1,0.05345000000000102
530,2,0.1,0.03330000000000044
530,4,0.1,0.0389000000000006
530,8,0.1,0.03085000000000037
531,1,0.1,0.06115000000000124
531,2,0.1,0.04135000000000067
531,4,0.1,0.03365000000000045
531,8,0.1,0.02600000000000023
532,1,0.1,0.04335000000000073
532,2,0.1,0.05355000000000102
532,4,0.1,0.04560000000000079
532,8,0.1,0.02870000000000031
533,1,0.1,0.06155000000000125
533,2,0.1,0.056500000000001105
533,4,0.1,0.03480000000000048
533,8,0.1,0.028550000000000304
534,1,0.1,0.06905000000000056
534,2,0.1,0.04055000000000065
534,4,0.1,0.030350000000000356
534,8,0.1,0.02980000000000034
535,1,0.1,0.06200000000000126
535,2,0.1,0.0389500000000006
535,4,0.1,0.03155000000000039
535,8,0.1,0.02630000000000024
536,1,0.1,0.08579999999999871
536,2,0.1,0.04795000000000086
536,4,0.1,0.030000000000000346
536,8,0.1,0.02765000000000028
537,1,0.1,0.08059999999999928
537,2,0.1,0.039700000000000624
537,4,0.1,0.029950000000000344
537,8,0.1,0.028850000000000313
538,1,0.1,0.04645000000000082
538,2,0.1,0.03460000000000048
538,4,0.1,0.03460000000000048
538,8,0.1,0.02875000000000031
539,1,0.1,0.060000000000001205
539,2,0.1,0.03915000000000061
539,4,0.1,0.03670000000000054
539,8,0.1,0.025150000000000207
540,1,0.1,0.06120000000000124
540,2,0.1,0.03985000000000063
540,4,0.1,0.03985000000000063
540,8,0.1,0.027850000000000284
541,1,0.1,0.05115000000000095
541,2,0.1,0.03155000000000039
541,4,0.1,0.024750000000000195
541,8,0.1,0.024800000000000197
542,1,0.1,0.04055000000000065
542,2,0.1,0.03410000000000046
542,4,0.1,0.027850000000000284
542,8,0.1,0.02670000000000025
543,1,0.1,0.04205000000000069
543,2,0.1,0.03290000000000043
543,4,0.1,0.02455000000000019
543,8,0.1,0.025750000000000224
544,1,0.1,0.0632000000000012
544,2,0.1,0.038050000000000576
544,4,0.1,0.025450000000000216
544,8,0.1,0.02415000000000018
545,1,0.1,0.05730000000000113
545,2,0.1,0.05730000000000113
545,4,0.1,0.03340000000000044
545,8,0.1,0.029000000000000317
546,1,0.1,0.07714999999999966
546,2,0.1,0.04350000000000073
546,4,0.1,0.026500000000000246
546,8,0.1,0.025100000000000205
547,1,0.1,0.05135000000000096
547,2,0.1,0.03215000000000041
547,4,0.1,0.04060000000000065
547,8,0.1,0.024800000000000197
548,1,0.1,0.06150000000000125
548,2,0.1,0.04125000000000067
548,4,0.1,0.02595000000000023
548,8,0.1,0.02590000000000023
549,1,0.1,0.0705000000000004
549,2,0.1,0.05485000000000106
549,4,0.1,0.03510000000000049
549,8,0.1,0.027500000000000274
550,1,0.1,0.04730000000000084
550,2,0.1,0.03130000000000038
550,4,0.1,0.026900000000000257
550,8,0.1,0.029250000000000324
551,1,0.1,0.046750000000000826
551,2,0.1,0.03365000000000045
551,4,0.1,0.02530000000000021
551,8,0.1,0.024350000000000184
552,1,0.1,0.10149999999999698
552,2,0.1,0.04485000000000077
552,4,0.1,0.038750000000000596
552,8,0.1,0.028950000000000316
553,1,0.1,0.07509999999999989
553,2,0.1,0.045300000000000784
553,4,0.1,0.0318000000000004
553,8,0.1,0.02910000000000032
554,1,0.1,0.07899999999999946
554,2,0.1,0.04525000000000078
554,4,0.1,0.0319500000000004
554,8,0.1,0.025350000000000213
555,1,0.1,0.05070000000000094
555,2,0.1,0.04700000000000083
555,4,0.1,0.03015000000000035
555,8,0.1,0.0248500000000002
556,1,0.1,0.08399999999999891
556,2,0.1,0.0422500000000007
556,4,0.1,0.03640000000000053
556,8,0.1,0.035900000000000515
557,1,0.1,0.05945000000000119
557,2,0.1,0.048150000000000866
557,4,0.1,0.035250000000000496
557,8,0.1,0.024350000000000184
558,1,0.1,0.050950000000000946
558,2,0.1,0.03445000000000047
558,4,0.1,0.030750000000000367
558,8,0.1,0.024800000000000197
559,1,0.1,0.04295000000000072
559,2,0.1,0.03375000000000045
559,4,0.1,0.024450000000000187
559,8,0.1,0.024650000000000193
560,1,0.1,0.0563000000000011
560,2,0.1,0.05180000000000097
560,4,0.1,0.0318500000000004
560,8,0.1,0.02630000000000024
561,1,0.1,0.05465000000000105
561,2,0.1,0.0389500000000006
561,4,0.1,0.02695000000000026
561,8,0.1,0.026800000000000254
562,1,0.1,0.07150000000000029
562,2,0.1,0.049900000000000916
562,4,0.1,0.033100000000000435
562,8,0.1,0.029550000000000333
563,1,0.1,0.06075000000000123
563,2,0.1,0.06075000000000123
563,4,0.1,0.03470000000000048
563,8,0.1,0.029950000000000344
564,1,0.1,0.09064999999999818
564,2,0.1,0.046700000000000824
564,4,0.1,0.03125000000000038
564,8,0.1,0.028500000000000303
565,1,0.1,0.05005000000000092
565,2,0.1,0.03235000000000041
565,4,0.1,0.029250000000000324
565,8,0.1,0.028300000000000297
566,1,0.1,0.09209999999999802
566,2,0.1,0.0493000000000009
566,4,0.1,0.02950000000000033
566,8,0.1,0.02980000000000034
567,1,0.1,0.06560000000000094
567,2,0.1,0.03575000000000051
567,4,0.1,0.026900000000000257
567,8,0.1,0.02530000000000021
568,1,0.1,0.07145000000000029
568,2,0.1,0.04890000000000089
568,4,0.1,0.03405000000000046
568,8,0.1,0.026900000000000257
569,1,0.1,0.06540000000000096
569,2,0.1,0.04420000000000075
569,4,0.1,0.038400000000000586
569,8,0.1,0.027950000000000287
570,1,0.1,0.05035000000000093
570,2,0.1,0.03710000000000055
570,4,0.1,0.03740000000000056
570,8,0.1,0.03430000000000047
571,1,0.1,0.06800000000000067
571,2,0.1,0.03685000000000054
571,4,0.1,0.029600000000000334
571,8,0.1,0.03740000000000056
572,1,0.1,0.05070000000000094
572,2,0.1,0.033850000000000456
572,4,0.1,0.0318000000000004
572,8,0.1,0.02660000000000025
573,1,0.1,0.059350000000001187
573,2,0.1,0.035200000000000495
573,4,0.1,0.02910000000000032
573,8,0.1,0.027150000000000264
574,1,0.1,0.06515000000000098
574,2,0.1,0.061700000000001254
574,4,0.1,0.034200000000000466
574,8,0.1,0.024450000000000187
575,1,0.1,0.07539999999999986
575,2,0.1,0.034900000000000486
575,4,0.1,0.028650000000000307
575,8,0.1,0.026400000000000243
576,1,0.1,0.05555000000000108
576,2,0.1,0.03755000000000056
576,4,0.1,0.03810000000000058
576,8,0.1,0.02980000000000034
577,1,0.1,0.08289999999999903
577,2,0.1,0.047050000000000834
577,4,0.1,0.0354000000000005
577,8,0.1,0.028950000000000316
578,1,0.1,0.05670000000000111
578,2,0.1,0.03980000000000063
578,4,0.1,0.029200000000000323
578,8,0.1,0.026100000000000234
579,1,0.1,0.058250000000001155
579,2,0.1,0.05490000000000106
579,4,0.1,0.03320000000000044
579,8,0.1,0.024000000000000174
580,1,0.1,0.07544999999999985
580,2,0.1,0.043250000000000725
580,4,0.1,0.03270000000000042
580,8,0.1,0.029650000000000336
581,1,0.1,0.07629999999999976
581,2,0.1,0.05005000000000092
581,4,0.1,0.04060000000000065
581,8,0.1,0.03575000000000051
582,1,0.1,0.08694999999999858
582,2,0.1,0.048450000000000874
582,4,0.1,0.04160000000000068
582,8,0.1,0.041800000000000684
583,1,0.1,0.08329999999999899
583,2,0.1,0.06780000000000069
583,4,0.1,0.03235000000000041
583,8,0.1,0.02770000000000028
584,1,0.1,0.06665000000000082
584,2,0.1,0.03670000000000054
584,4,0.1,0.03440000000000047
584,8,0.1,0.023650000000000164
585,1,0.1,0.06155000000000125
585,2,0.1,0.038300000000000584
585,4,0.1,0.0388500000000006
585,8,0.1,0.02735000000000027
586,1,0.1,0.053700000000001025
586,2,0.1,0.03460000000000048
586,4,0.1,0.033450000000000445
586,8,0.1,0.029700000000000337
587,1,0.1,0.054050000000001035
587,2,0.1,0.037350000000000556
587,4,0.1,0.02735000000000027
587,8,0.1,0.027200000000000266
588,1,0.1,0.06520000000000098
588,2,0.1,0.056800000000001113
588,4,0.1,0.03405000000000046
588,8,0.1,0.029000000000000317
589,1,0.1,0.060700000000001225
589,2,0.1,0.041150000000000665
589,4,0.1,0.03400000000000046
589,8,0.1,0.029250000000000324
590,1,0.1,0.05180000000000097
590,2,0.1,0.04405000000000075
590,4,0.1,0.026550000000000247
590,8,0.1,0.026150000000000236
591,1,0.1,0.06385000000000113
591,2,0.1,0.04065000000000065
591,4,0.1,0.028550000000000304
591,8,0.1,0.023950000000000173
592,1,0.1,0.0785999999999995
592,2,0.1,0.04380000000000074
592,4,0.1,0.04645000000000082
592,8,0.1,0.03580000000000051
593,1,0.1,0.04690000000000083
593,2,0.1,0.033450000000000445
593,4,0.1,0.02660000000000025
593,8,0.1,0.02520000000000021
594,1,0.1,0.07824999999999954
594,2,0.1,0.048800000000000884
594,4,0.1,0.035200000000000495
594,8,0.1,0.02600000000000023
595,1,0.1,0.04840000000000087
595,2,0.1,0.038000000000000575
595,4,0.1,0.026150000000000236
595,8,0.1,0.0284000000000003
596,1,0.1,0.07190000000000024
596,2,0.1,0.03860000000000059
596,4,0.1,0.03055000000000036
596,8,0.1,0.029200000000000323
597,1,0.1,0.06160000000000125
597,2,0.1,0.03780000000000057
597,4,0.1,0.02735000000000027
597,8,0.1,0.025150000000000207
598,1,0.1,0.0949999999999977
598,2,0.1,0.04785000000000086
598,4,0.1,0.03650000000000053
598,8,0.1,0.02765000000000028
599,1,0.1,0.06760000000000072
599,2,0.1,0.057850000000001144
599,4,0.1,0.03230000000000041
599,8,0.1,0.0284000000000003
600,1,0.1,0.06050000000000122
600,2,0.1,0.04690000000000083
600,4,0.1,0.03435000000000047
600,8,0.1,0.024750000000000195
601,1,0.1,0.041800000000000684
601,2,0.1,0.04965000000000091
601,4,0.1,0.030250000000000353
601,8,0.1,0.027200000000000266
602,1,0.1,0.05555000000000108
602,2,0.1,0.05555000000000108
602,4,0.1,0.03325000000000044
602,8,0.1,0.025350000000000213
603,1,0.1,0.09264999999999796
603,2,0.1,0.0695000000000005
603,4,0.1,0.03570000000000051
603,8,0.1,0.030950000000000373
604,1,0.1,0.07894999999999947
604,2,0.1,0.039750000000000625
604,4,0.1,0.026750000000000253
604,8,0.1,0.029900000000000343
605,1,0.1,0.055450000000001075
605,2,0.1,0.06085000000000123
605,4,0.1,0.034200000000000466
605,8,0.1,0.03500000000000049
606,1,0.1,0.06260000000000127
606,2,0.1,0.044600000000000764
606,4,0.1,0.030700000000000366
606,8,0.1,0.029700000000000337
607,1,0.1,0.0563000000000011
607,2,0.1,0.04315000000000072
607,4,0.1,0.028250000000000296
607,8,0.1,0.02800000000000029
608,1,0.1,0.06390000000000112
608,2,0.1,0.0424000000000007
608,4,0.1,0.025000000000000203
608,8,0.1,0.024050000000000175
609,1,0.1,0.08349999999999896
609,2,0.1,0.045000000000000775
609,4,0.1,0.029650000000000336
609,8,0.1,0.024350000000000184
610,1,0.1,0.06220000000000127
610,2,0.1,0.03635000000000053
610,4,0.1,0.033450000000000445
610,8,0.1,0.024450000000000187
611,1,0.1,0.044250000000000754
611,2,0.1,0.03390000000000046
611,4,0.1,0.02415000000000018
611,8,0.1,0.023600000000000163
612,1,0.1,0.04610000000000081
612,2,0.1,0.0458000000000008
612,4,0.1,0.027800000000000283
612,8,0.1,0.024300000000000183
613,1,0.1,0.05745000000000113
613,2,0.1,0.03675000000000054
613,4,0.1,0.03810000000000058
613,8,0.1,0.02455000000000019
614,1,0.1,0.044600000000000764
614,2,0.1,0.03425000000000047
614,4,0.1,0.03600000000000052
614,8,0.1,0.02880000000000031
615,1,0.1,0.050550000000000934
615,2,0.1,0.04445000000000076
615,4,0.1,0.03680000000000054
615,8,0.1,0.03010000000000035
616,1,0.1,0.061050000000001235
616,2,0.1,0.04555000000000079
616,4,0.1,0.03685000000000054
616,8,0.1,0.02735000000000027
617,1,0.1,0.04695000000000083
617,2,0.1,0.037600000000000564
617,4,0.1,0.029250000000000324
617,8,0.1,0.029700000000000337
618,1,0.1,0.04870000000000088
618,2,0.1,0.037950000000000574
618,4,0.1,0.04055000000000065
618,8,0.1,0.029650000000000336
619,1,0.1,0.05775000000000114
619,2,0.1,0.05010000000000092
619,4,0.1,0.0283500000000003
619,8,0.1,0.0283500000000003
620,1,0.1,0.046700000000000824
620,2,0.1,0.043550000000000734
620,4,0.1,0.030050000000000347
620,8,0.1,0.0249500000000002
621,1,0.1,0.055450000000001075
621,2,0.1,0.03715000000000055
621,4,0.1,0.02520000000000021
621,8,0.1,0.02630000000000024
622,1,0.1,0.06305000000000122
622,2,0.1,0.06620000000000087
622,4,0.1,0.038350000000000585
622,8,0.1,0.026850000000000256
623,1,0.1,0.050250000000000926
623,2,0.1,0.03715000000000055
623,4,0.1,0.02905000000000032
623,8,0.1,0.02590000000000023
624,1,0.1,0.04795000000000086
624,2,0.1,0.035900000000000515
624,4,0.1,0.02595000000000023
624,8,0.1,0.0249500000000002
625,1,0.1,0.08064999999999928
625,2,0.1,0.0493000000000009
625,4,0.1,0.06125000000000124
625,8,0.1,0.03255000000000042
626,1,0.1,0.07095000000000035
626,2,0.1,0.04105000000000066
626,4,0.1,0.031750000000000396
626,8,0.1,0.02880000000000031
627,1,0.1,0.06155000000000125
627,2,0.1,0.036300000000000526
627,4,0.1,0.035200000000000495
627,8,0.1,0.03410000000000046
628,1,0.1,0.060000000000001205
628,2,0.1,0.04415000000000075
628,4,0.1,0.038050000000000576
628,8,0.1,0.030400000000000357
629,1,0.1,0.06095000000000123
629,2,0.1,0.048100000000000864
629,4,0.1,0.028650000000000307
629,8,0.1,0.02355000000000016
630,1,0.1,0.054050000000001035
630,2,0.1,0.054750000000001055
630,4,0.1,0.036300000000000526
630,8,0.1,0.02880000000000031
631,1,0.1,0.08799999999999847
631,2,0.1,0.04455000000000076
631,4,0.1,0.0319000000000004
631,8,0.1,0.026100000000000234
632,1,0.1,0.0597000000000012
632,2,0.1,0.03375000000000045
632,4,0.1,0.03010000000000035
632,8,0.1,0.02415000000000018
633,1,0.1,0.06780000000000069
633,2,0.1,0.04140000000000067
633,4,0.1,0.04820000000000087
633,8,0.1,0.026400000000000243
634,1,0.1,0.07070000000000037
634,2,0.1,0.037650000000000565
634,4,0.1,0.03610000000000052
634,8,0.1,0.02525000000000021
635,1,0.1,0.05040000000000093
635,2,0.1,0.0355000000000005
635,4,0.1,0.028200000000000294
635,8,0.1,0.028500000000000303
636,1,0.1,0.05045000000000093
636,2,0.1,0.03480000000000048
636,4,0.1,0.026550000000000247
636,8,0.1,0.025100000000000205
637,1,0.1,0.06275000000000125
637,2,0.1,0.038000000000000575
637,4,0.1,0.03915000000000061
637,8,0.1,0.0284500000000003
638,1,0.1,0.05345000000000102
638,2,0.1,0.031350000000000385
638,4,0.1,0.027550000000000276
638,8,0.1,0.02450000000000019
639,1,0.1,0.0822499999999991
639,2,0.1,0.04095000000000066
639,4,0.1,0.02660000000000025
639,8,0.1,0.02660000000000025
640,1,0.1,0.0659500000000009
640,2,0.1,0.042200000000000695
640,4,0.1,0.027100000000000263
640,8,0.1,0.0249500000000002
641,1,0.1,0.05540000000000107
641,2,0.1,0.038350000000000585
641,4,0.1,0.038350000000000585
641,8,0.1,0.034150000000000465
642,1,0.1,0.07564999999999983
642,2,0.1,0.04490000000000077
642,4,0.1,0.030700000000000366
642,8,0.1,0.023450000000000158
643,1,0.1,0.06455000000000105
643,2,0.1,0.03495000000000049
643,4,0.1,0.03495000000000049
643,8,0.1,0.03495000000000049
644,1,0.1,0.0641500000000011
644,2,0.1,0.0388500000000006
644,4,0.1,0.027500000000000274
644,8,0.1,0.02880000000000031
645,1,0.1,0.06995000000000046
645,2,0.1,0.048800000000000884
645,4,0.1,0.035950000000000516
645,8,0.1,0.027450000000000273
646,1,0.1,0.0493500000000009
646,2,0.1,0.04825000000000087
646,4,0.1,0.03460000000000048
646,8,0.1,0.029550000000000333
647,1,0.1,0.053400000000001016
647,2,0.1,0.04265000000000071
647,4,0.1,0.03270000000000042
647,8,0.1,0.027100000000000263
648,1,0.1,0.09419999999999779
648,2,0.1,0.04695000000000083
648,4,0.1,0.03120000000000038
648,8,0.1,0.0284000000000003
649,1,0.1,0.06350000000000117
649,2,0.1,0.046050000000000806
649,4,0.1,0.03570000000000051
649,8,0.1,0.02800000000000029
650,1,0.1,0.048100000000000864
650,2,0.1,0.034900000000000486
650,4,0.1,0.03115000000000038
650,8,0.1,0.025050000000000204
651,1,0.1,0.0804499999999993
651,2,0.1,0.04895000000000089
651,4,0.1,0.04415000000000075
651,8,0.1,0.039400000000000615
652,1,0.1,0.06515000000000098
652,2,0.1,0.05075000000000094
652,4,0.1,0.034150000000000465
652,8,0.1,0.028650000000000307
653,1,0.1,0.06460000000000105
653,2,0.1,0.0353500000000005
653,4,0.1,0.0353500000000005
653,8,0.1,0.028900000000000314
654,1,0.1,0.0564000000000011
654,2,0.1,0.04840000000000087
654,4,0.1,0.041450000000000674
654,8,0.1,0.030000000000000346
655,1,0.1,0.06155000000000125
655,2,0.1,0.0389000000000006
655,4,0.1,0.03570000000000051
655,8,0.1,0.02915000000000032
656,1,0.1,0.08459999999999884
656,2,0.1,0.045000000000000775
656,4,0.1,0.027800000000000283
656,8,0.1,0.027950000000000287
657,1,0.1,0.05180000000000097
657,2,0.1,0.039400000000000615
657,4,0.1,0.03675000000000054
657,8,0.1,0.02805000000000029
658,1,0.1,0.06660000000000083
658,2,0.1,0.041100000000000664
658,4,0.1,0.0354500000000005
658,8,0.1,0.02705000000000026
659,1,0.1,0.08984999999999826
659,2,0.1,0.045700000000000796
659,4,0.1,0.026850000000000256
659,8,0.1,0.026150000000000236
660,1,0.1,0.09069999999999817
660,2,0.1,0.043600000000000735
660,4,0.1,0.027850000000000284
660,8,0.1,0.02665000000000025
661,1,0.1,0.06885000000000058
661,2,0.1,0.05205000000000098
661,4,0.1,0.029200000000000323
661,8,0.1,0.02735000000000027
662,1,0.1,0.05800000000000115
662,2,0.1,0.03925000000000061
662,4,0.1,0.028650000000000307
662,8,0.1,0.026400000000000243
663,1,0.1,0.07280000000000014
663,2,0.1,0.04315000000000072
663,4,0.1,0.027200000000000266
663,8,0.1,0.029200000000000323
664,1,0.1,0.07125000000000031
664,2,0.1,0.03645000000000053
664,4,0.1,0.02950000000000033
664,8,0.1,0.027100000000000263
665,1,0.1,0.04875000000000088
665,2,0.1,0.04560000000000079
665,4,0.1,0.02770000000000028
665,8,0.1,0.02945000000000033
666,1,0.1,0.054450000000001046
666,2,0.1,0.054450000000001046
666,4,0.1,0.03610000000000052
666,8,0.1,0.03125000000000038
667,1,0.1,0.05315000000000101
667,2,0.1,0.03570000000000051
667,4,0.1,0.03120000000000038
667,8,0.1,0.02985000000000034
668,1,0.1,0.07434999999999997
668,2,0.1,0.042550000000000705
668,4,0.1,0.042550000000000705
668,8,0.1,0.029900000000000343
669,1,0.1,0.06550000000000095
669,2,0.1,0.037300000000000555
669,4,0.1,0.05175000000000097
669,8,0.1,0.028950000000000316
670,1,0.1,0.07984999999999937
670,2,0.1,0.05255000000000099
670,4,0.1,0.03705000000000055
670,8,0.1,0.027550000000000276
671,1,0.1,0.05530000000000107
671,2,0.1,0.03355000000000045
671,4,0.1,0.031050000000000376
671,8,0.1,0.02765000000000028
672,1,0.1,0.065050000000001
672,2,0.1,0.05085000000000094
672,4,0.1,0.031700000000000395
672,8,0.1,0.02695000000000026
673,1,0.1,0.04295000000000072
673,2,0.1,0.03355000000000045
673,4,0.1,0.024800000000000197
673,8,0.1,0.0248500000000002
674,1,0.1,0.08069999999999927
674,2,0.1,0.04060000000000065
674,4,0.1,0.027550000000000276
674,8,0.1,0.027550000000000276
675,1,0.1,0.0895499999999983
675,2,0.1,0.05325000000000101
675,4,0.1,0.031400000000000386
675,8,0.1,0.025500000000000217
676,1,0.1,0.07639999999999975
676,2,0.1,0.061700000000001254
676,4,0.1,0.046700000000000824
676,8,0.1,0.029900000000000343
677,1,0.1,0.05430000000000104
677,2,0.1,0.05005000000000092
677,4,0.1,0.041500000000000675
677,8,0.1,0.03570000000000051
678,1,0.1,0.05670000000000111
678,2,0.1,0.041150000000000665
678,4,0.1,0.03055000000000036
678,8,0.1,0.028200000000000294
679,1,0.1,0.048150000000000866
679,2,0.1,0.034850000000000485
679,4,0.1,0.024750000000000195
679,8,0.1,0.027250000000000267
680,1,0.1,0.05765000000000114
680,2,0.1,0.03715000000000055
680,4,0.1,0.03715000000000055
680,8,0.1,0.03715000000000055
681,1,0.1,0.053350000000001015
681,2,0.1,0.03980000000000063
681,4,0.1,0.03375000000000045
681,8,0.1,0.026550000000000247
682,1,0.1,0.09784999999999738
682,2,0.1,0.05400000000000103
682,4,0.1,0.05110000000000095
682,8,0.1,0.040050000000000634
683,1,0.1,0.06535000000000096
683,2,0.1,0.04135000000000067
683,4,0.1,0.038050000000000576
683,8,0.1,0.02670000000000025
684,1,0.1,0.07994999999999935
684,2,0.1,0.046750000000000826
684,4,0.1,0.038300000000000584
684,8,0.1,0.030300000000000354
685,1,0.1,0.08794999999999847
685,2,0.1,0.0722500000000002
685,4,0.1,0.039700000000000624
685,8,0.1,0.03395000000000046
686,1,0.1,0.04090000000000066
686,2,0.1,0.036250000000000525
686,4,0.1,0.03510000000000049
686,8,0.1,0.024700000000000194
687,1,0.1,0.05075000000000094
687,2,0.1,0.03930000000000061
687,4,0.1,0.031750000000000396
687,8,0.1,0.026800000000000254
688,1,0.1,0.042500000000000704
688,2,0.1,0.04365000000000074
688,4,0.1,0.03570000000000051
688,8,0.1,0.02705000000000026
689,1,0.1,0.05420000000000104
689,2,0.1,0.04490000000000077
689,4,0.1,0.027500000000000274
689,8,0.1,0.03575000000000051
690,1,0.1,0.08149999999999918
690,2,0.1,0.04420000000000075
690,4,0.1,0.037650000000000565
690,8,0.1,0.02915000000000032
691,1,0.1,0.07195000000000024
691,2,0.1,0.038050000000000576
691,4,0.1,0.026550000000000247
691,8,0.1,0.027150000000000264
692,1,0.1,0.06725000000000075
692,2,0.1,0.037300000000000555
692,4,0.1,0.03505000000000049
692,8,0.1,0.02590000000000023
693,1,0.1,0.05595000000000109
693,2,0.1,0.03670000000000054
693,4,0.1,0.02730000000000027
693,8,0.1,0.023800000000000168
694,1,0.1,0.08054999999999929
694,2,0.1,0.08054999999999929
694,4,0.1,0.03990000000000063
694,8,0.1,0.02775000000000028
695,1,0.1,0.05355000000000102
695,2,0.1,0.04020000000000064
695,4,0.1,0.030600000000000363
695,8,0.1,0.02775000000000028
696,1,0.1,0.05330000000000101
696,2,0.1,0.0354000000000005
696,4,0.1,0.027600000000000277
696,8,0.1,0.024400000000000185
697,1,0.1,0.04315000000000072
697,2,0.1,0.03325000000000044
697,4,0.1,0.025700000000000223
697,8,0.1,0.024800000000000197
698,1,0.1,0.08809999999999846
698,2,0.1,0.04485000000000077
698,4,0.1,0.028850000000000313
698,8,0.1,0.028150000000000293
699,1,0.1,0.039000000000000604
699,2,0.1,0.038000000000000575
699,4,0.1,0.026200000000000237
699,8,0.1,0.025700000000000223
700,1,0.1,0.06600000000000089
700,2,0.1,0.06600000000000089
700,4,0.1,0.04855000000000088
700,8,0.1,0.03645000000000053
701,1,0.1,0.059000000000001177
701,2,0.1,0.05530000000000107
701,4,0.1,0.03860000000000059
701,8,0.1,0.029900000000000343
702,1,0.1,0.08004999999999934
702,2,0.1,0.0458500000000008
702,4,0.1,0.03330000000000044
702,8,0.1,0.02600000000000023
703,1,0.1,0.05420000000000104
703,2,0.1,0.04350000000000073
703,4,0.1,0.034200000000000466
703,8,0.1,0.034200000000000466
704,1,0.1,0.06075000000000123
704,2,0.1,0.0458500000000008
704,4,0.1,0.03265000000000042
704,8,0.1,0.025000000000000203
705,1,0.1,0.06625000000000086
705,2,0.1,0.0562500000000011
705,4,0.1,0.03355000000000045
705,8,0.1,0.030000000000000346
706,1,0.1,0.06200000000000126
706,2,0.1,0.06765000000000071
706,4,0.1,0.03430000000000047
706,8,0.1,0.03295000000000043
707,1,0.1,0.05505000000000106
707,2,0.1,0.03340000000000044
707,4,0.1,0.027900000000000286
707,8,0.1,0.025450000000000216
708,1,0.1,0.10054999999999709
708,2,0.1,0.04210000000000069
708,4,0.1,0.03720000000000055
708,8,0.1,0.028650000000000307
709,1,0.1,0.06005000000000121
709,2,0.1,0.043250000000000725
709,4,0.1,0.032750000000000425
709,8,0.1,0.02810000000000029
710,1,0.1,0.04295000000000072
710,2,0.1,0.035600000000000506
710,4,0.1,0.0248500000000002
710,8,0.1,0.035200000000000495
711,1,0.1,0.032100000000000406
711,2,0.1,0.030600000000000363
711,4,0.1,0.02525000000000021
711,8,0.1,0.025000000000000203
712,1,0.1,0.05910000000000118
712,2,0.1,0.04905000000000089
712,4,0.1,0.03015000000000035
712,8,0.1,0.02455000000000019
713,1,0.1,0.043900000000000744
713,2,0.1,0.02950000000000033
713,4,0.1,0.027950000000000287
713,8,0.1,0.022550000000000132
714,1,0.1,0.056850000000001115
714,2,0.1,0.056850000000001115
714,4,0.1,0.03790000000000057
714,8,0.1,0.02560000000000022
715,1,0.1,0.04405000000000075
715,2,0.1,0.041100000000000664
715,4,0.1,0.0318000000000004
715,8,0.1,0.0284500000000003
716,1,0.1,0.07669999999999971
716,2,0.1,0.047750000000000854
716,4,0.1,0.03355000000000045
716,8,0.1,0.028900000000000314
717,1,0.1,0.056500000000001105
717,2,0.1,0.05875000000000117
717,4,0.1,0.036900000000000543
717,8,0.1,0.030300000000000354
718,1,0.1,0.061750000000001255
718,2,0.1,0.03815000000000058
718,4,0.1,0.029700000000000337
718,8,0.1,0.029700000000000337
719,1,0.1,0.05465000000000105
719,2,0.1,0.03995000000000063
719,4,0.1,0.03995000000000063
719,8,0.1,0.034550000000000476
720,1,0.1,0.03985000000000063
720,2,0.1,0.03985000000000063
720,4,0.1,0.0319500000000004
720,8,0.1,0.029300000000000326
721,1,0.1,0.04965000000000091
721,2,0.1,0.03775000000000057
721,4,0.1,0.02530000000000021
721,8,0.1,0.023800000000000168
722,1,0.1,0.08264999999999906
722,2,0.1,0.04515000000000078
722,4,0.1,0.04275000000000071
722,8,0.1,0.038000000000000575
723,1,0.1,0.05135000000000096
723,2,0.1,0.040750000000000654
723,4,0.1,0.03685000000000054
723,8,0.1,0.02775000000000028
724,1,0.1,0.04515000000000078
724,2,0.1,0.0319500000000004
724,4,0.1,0.02665000000000025
724,8,0.1,0.024400000000000185
725,1,0.1,0.07834999999999953
725,2,0.1,0.04140000000000067
725,4,0.1,0.03640000000000053
725,8,0.1,0.027200000000000266
726,1,0.1,0.09204999999999802
726,2,0.1,0.04800000000000086
726,4,0.1,0.03360000000000045
726,8,0.1,0.025350000000000213
727,1,0.1,0.054800000000001056
727,2,0.1,0.034900000000000486
727,4,0.1,0.036650000000000536
727,8,0.1,0.0248500000000002
728,1,0.1,0.08489999999999881
728,2,0.1,0.04350000000000073
728,4,0.1,0.033100000000000435
728,8,0.1,0.03600000000000052
729,1,0.1,0.05575000000000108
729,2,0.1,0.0458000000000008
729,4,0.1,0.039400000000000615
729,8,0.1,0.026400000000000243
730,1,0.1,0.04715000000000084
730,2,0.1,0.032050000000000405
730,4,0.1,0.029650000000000336
730,8,0.1,0.025800000000000226
731,1,0.1,0.06935000000000052
731,2,0.1,0.038350000000000585
731,4,0.1,0.0354000000000005
731,8,0.1,0.03045000000000036
732,1,0.1,0.05735000000000113
732,2,0.1,0.04310000000000072
732,4,0.1,0.02770000000000028
732,8,0.1,0.02770000000000028
733,1,0.1,0.059950000000001204
733,2,0.1,0.056550000000001106
733,4,0.1,0.04125000000000067
733,8,0.1,0.030000000000000346
734,1,0.1,0.07300000000000012
734,2,0.1,0.06635000000000085
734,4,0.1,0.060000000000001205
734,8,0.1,0.042200000000000695
735,1,0.1,0.07564999999999983
735,2,0.1,0.043550000000000734
735,4,0.1,0.038400000000000586
735,8,0.1,0.028900000000000314
736,1,0.1,0.05665000000000111
736,2,0.1,0.038700000000000595
736,4,0.1,0.02530000000000021
736,8,0.1,0.02420000000000018
737,1,0.1,0.05360000000000102
737,2,0.1,0.048150000000000866
737,4,0.1,0.040450000000000645
737,8,0.1,0.02810000000000029
738,1,0.1,0.08364999999999895
738,2,0.1,0.04060000000000065
738,4,0.1,0.025750000000000224
738,8,0.1,0.024450000000000187
739,1,0.1,0.06695000000000079
739,2,0.1,0.06055000000000122
739,4,0.1,0.035200000000000495
739,8,0.1,0.028550000000000304
740,1,0.1,0.05815000000000115
740,2,0.1,0.03335000000000044
740,4,0.1,0.03085000000000037
740,8,0.1,0.025000000000000203
741,1,0.1,0.05315000000000101
741,2,0.1,0.040100000000000635
741,4,0.1,0.029550000000000333
741,8,0.1,0.038400000000000586
742,1,0.1,0.10904999999999615
742,2,0.1,0.07669999999999971
742,4,0.1,0.03470000000000048
742,8,0.1,0.03045000000000036
743,1,0.1,0.05425000000000104
743,2,0.1,0.037250000000000554
743,4,0.1,0.025800000000000226
743,8,0.1,0.025150000000000207
744,1,0.1,0.07110000000000033
744,2,0.1,0.052000000000000976
744,4,0.1,0.03410000000000046
744,8,0.1,0.026550000000000247
745,1,0.1,0.06940000000000052
745,2,0.1,0.05210000000000098
745,4,0.1,0.03145000000000039
745,8,0.1,0.026750000000000253
746,1,0.1,0.05140000000000096
746,2,0.1,0.03610000000000052
746,4,0.1,0.02945000000000033
746,8,0.1,0.02660000000000025
747,1,0.1,0.06620000000000087
747,2,0.1,0.04730000000000084
747,4,0.1,0.034500000000000475
747,8,0.1,0.025050000000000204
748,1,0.1,0.06150000000000125
748,2,0.1,0.043900000000000744
748,4,0.1,0.03470000000000048
748,8,0.1,0.026400000000000243
749,1,0.1,0.05210000000000098
749,2,0.1,0.03370000000000045
749,4,0.1,0.03305000000000043
749,8,0.1,0.03305000000000043
750,1,0.1,0.0704500000000004
750,2,0.1,0.03815000000000058
750,4,0.1,0.03295000000000043
750,8,0.1,0.027250000000000267
751,1,0.1,0.06365000000000115
751,2,0.1,0.045350000000000786
751,4,0.1,0.03400000000000046
751,8,0.1,0.03400000000000046
752,1,0.1,0.043950000000000745
752,2,0.1,0.03620000000000052
752,4,0.1,0.032750000000000425
752,8,0.1,0.02530000000000021
753,1,0.1,0.07035000000000041
753,2,0.1,0.04750000000000085
753,4,0.1,0.03165000000000039
753,8,0.1,0.025150000000000207
754,1,0.1,0.057200000000001125
754,2,0.1,0.055850000000001086
754,4,0.1,0.038650000000000594
754,8,0.1,0.031700000000000395
755,1,0.1,0.07375000000000004
755,2,0.1,0.04205000000000069
755,4,0.1,0.04205000000000069
755,8,0.1,0.03285000000000043
756,1,0.1,0.06620000000000087
756,2,0.1,0.06620000000000087
756,4,0.1,0.03755000000000056
756,8,0.1,0.04020000000000064
757,1,0.1,0.0695500000000005
757,2,0.1,0.03855000000000059
757,4,0.1,0.0320000000000004
757,8,0.1,0.02420000000000018
758,1,0.1,0.058600000000001165
758,2,0.1,0.03565000000000051
758,4,0.1,0.03290000000000043
758,8,0.1,0.028200000000000294
759,1,0.1,0.06130000000000124
759,2,0.1,0.03055000000000036
759,4,0.1,0.027200000000000266
759,8,0.1,0.02700000000000026
760,1,0.1,0.021500000000000102
760,2,0.1,0.040100000000000635
760,4,0.1,0.029250000000000324
760,8,0.1,0.02425000000000018
761,1,0.1,0.04785000000000086
761,2,0.1,0.034550000000000476
761,4,0.1,0.034550000000000476
761,8,0.1,0.02600000000000023
762,1,0.1,0.07015000000000043
762,2,0.1,0.04725000000000084
762,4,0.1,0.02945000000000033
762,8,0.1,0.02595000000000023
763,1,0.1,0.049550000000000906
763,2,0.1,0.043600000000000735
763,4,0.1,0.038300000000000584
763,8,0.1,0.03465000000000048
764,1,0.1,0.04725000000000084
764,2,0.1,0.05470000000000105
764,4,0.1,0.030300000000000354
764,8,0.1,0.0249500000000002
765,1,0.1,0.056150000000001095
765,2,0.1,0.056150000000001095
765,4,0.1,0.040750000000000654
765,8,0.1,0.029000000000000317
766,1,0.1,0.04315000000000072
766,2,0.1,0.03400000000000046
766,4,0.1,0.03340000000000044
766,8,0.1,0.02875000000000031
767,1,0.1,0.055150000000001066
767,2,0.1,0.04650000000000082
767,4,0.1,0.032400000000000415
767,8,0.1,0.02870000000000031
768,1,0.1,0.05870000000000117
768,2,0.1,0.03125000000000038
768,4,0.1,0.029300000000000326
768,8,0.1,0.02590000000000023
769,1,0.1,0.06215000000000127
769,2,0.1,0.07005000000000045
769,4,0.1,0.045300000000000784
769,8,0.1,0.04025000000000064
770,1,0.1,0.07030000000000042
770,2,0.1,0.052700000000000996
770,4,0.1,0.031050000000000376
770,8,0.1,0.02870000000000031
771,1,0.1,0.0767999999999997
771,2,0.1,0.05255000000000099
771,4,0.1,0.045700000000000796
771,8,0.1,0.02945000000000033
772,1,0.1,0.032050000000000405
772,2,0.1,0.03360000000000045
772,4,0.1,0.029950000000000344
772,8,0.1,0.025850000000000227
773,1,0.1,0.05050000000000093
773,2,0.1,0.028250000000000296
773,4,0.1,0.029550000000000333
773,8,0.1,0.026050000000000233
774,1,0.1,0.05560000000000108
774,2,0.1,0.04195000000000069
774,4,0.1,0.03360000000000045
774,8,0.1,0.025400000000000214
775,1,0.1,0.05010000000000092
775,2,0.1,0.028250000000000296
775,4,0.1,0.02705000000000026
775,8,0.1,0.024050000000000175
776,1,0.1,0.06540000000000096
776,2,0.1,0.035900000000000515
776,4,0.1,0.025400000000000214
776,8,0.1,0.027850000000000284
777,1,0.1,0.05520000000000107
777,2,0.1,0.038300000000000584
777,4,0.1,0.03225000000000041
777,8,0.1,0.03150000000000039
778,1,0.1,0.08249999999999907
778,2,0.1,0.040750000000000654
778,4,0.1,0.029700000000000337
778,8,0.1,0.02530000000000021
779,1,0.1,0.061750000000001255
779,2,0.1,0.033850000000000456
779,4,0.1,0.029900000000000343
779,8,0.1,0.02805000000000029
780,1,0.1,0.03815000000000058
780,2,0.1,0.038350000000000585
780,4,0.1,0.02525000000000021
780,8,0.1,0.026200000000000237
781,1,0.1,0.04295000000000072
781,2,0.1,0.043250000000000725
781,4,0.1,0.028850000000000313
781,8,0.1,0.025450000000000216
782,1,0.1,0.08189999999999914
782,2,0.1,0.03925000000000061
782,4,0.1,0.03045000000000036
782,8,0.1,0.02915000000000032
783,1,0.1,0.04140000000000067
783,2,0.1,0.03570000000000051
783,4,0.1,0.027850000000000284
783,8,0.1,0.027850000000000284
784,1,0.1,0.05460000000000105
784,2,0.1,0.05470000000000105
784,4,0.1,0.03980000000000063
784,8,0.1,0.030700000000000366
785,1,0.1,0.047400000000000844
785,2,0.1,0.03670000000000054
785,4,0.1,0.04055000000000065
785,8,0.1,0.027550000000000276
786,1,0.1,0.07190000000000024
786,2,0.1,0.06575000000000092
786,4,0.1,0.03925000000000061
786,8,0.1,0.030700000000000366
787,1,0.1,0.07934999999999942
787,2,0.1,0.0424000000000007
787,4,0.1,0.037250000000000554
787,8,0.1,0.02525000000000021
788,1,0.1,0.06790000000000068
788,2,0.1,0.053350000000001015
788,4,0.1,0.03010000000000035
788,8,0.1,0.024050000000000175
789,1,0.1,0.06295000000000123
789,2,0.1,0.05070000000000094
789,4,0.1,0.038000000000000575
789,8,0.1,0.03115000000000038
790,1,0.1,0.0597500000000012
790,2,0.1,0.04055000000000065
790,4,0.1,0.03130000000000038
790,8,0.1,0.027100000000000263
791,1,0.1,0.07375000000000004
791,2,0.1,0.038300000000000584
791,4,0.1,0.02775000000000028
791,8,0.1,0.027150000000000264
792,1,0.1,0.07514999999999988
792,2,0.1,0.04200000000000069
792,4,0.1,0.02625000000000024
792,8,0.1,0.027850000000000284
793,1,0.1,0.08574999999999872
793,2,0.1,0.041100000000000664
793,4,0.1,0.03470000000000048
793,8,0.1,0.030750000000000367
794,1,0.1,0.07549999999999985
794,2,0.1,0.0388500000000006
794,4,0.1,0.0320000000000004
794,8,0.1,0.02695000000000026
795,1,0.1,0.06715000000000076
795,2,0.1,0.05695000000000112
795,4,0.1,0.04065000000000065
795,8,0.1,0.03785000000000057
796,1,0.1,0.10479999999999662
796,2,0.1,0.060000000000001205
796,4,0.1,0.03390000000000046
796,8,0.1,0.03160000000000039
797,1,0.1,0.07999999999999935
797,2,0.1,0.042900000000000715
797,4,0.1,0.028650000000000307
797,8,0.1,0.03500000000000049
798,1,0.1,0.0713500000000003
798,2,0.1,0.05675000000000111
798,4,0.1,0.04615000000000081
798,8,0.1,0.03980000000000063
799,1,0.1,0.05180000000000097
799,2,0.1,0.03670000000000054
799,4,0.1,0.036600000000000535
799,8,0.1,0.031000000000000374
800,1,0.1,0.06050000000000122
800,2,0.1,0.037650000000000565
800,4,0.1,0.03340000000000044
800,8,0.1,0.026050000000000233
801,1,0.1,0.07165000000000027
801,2,0.1,0.041450000000000674
801,4,0.1,0.03080000000000037
801,8,0.1,0.025800000000000226
802,1,0.1,0.04735000000000084
802,2,0.1,0.034150000000000465
802,4,0.1,0.03655000000000053
802,8,0.1,0.04540000000000079
803,1,0.1,0.04790000000000086
803,2,0.1,0.03045000000000036
803,4,0.1,0.03045000000000036
803,8,0.1,0.028250000000000296
804,1,0.1,0.06015000000000121
804,2,0.1,0.04065000000000065
804,4,0.1,0.029900000000000343
804,8,0.1,0.025450000000000216
805,1,0.1,0.05350000000000102
805,2,0.1,0.03425000000000047
805,4,0.1,0.04310000000000072
805,8,0.1,0.029900000000000343
806,1,0.1,0.09194999999999803
806,2,0.1,0.06395000000000112
806,4,0.1,0.03080000000000037
806,8,0.1,0.02975000000000034
807,1,0.1,0.07464999999999994
807,2,0.1,0.03810000000000058
807,4,0.1,0.026750000000000253
807,8,0.1,0.02625000000000024
808,1,0.1,0.07834999999999953
808,2,0.1,0.0458500000000008
808,4,0.1,0.03370000000000045
808,8,0.1,0.02555000000000022
809,1,0.1,0.04415000000000075
809,2,0.1,0.038750000000000596
809,4,0.1,0.038050000000000576
809,8,0.1,0.0249000000000002
810,1,0.1,0.07789999999999958
810,2,0.1,0.04665000000000082
810,4,0.1,0.04665000000000082
810,8,0.1,0.02775000000000028
811,1,0.1,0.0677500000000007
811,2,0.1,0.04085000000000066
811,4,0.1,0.027500000000000274
811,8,0.1,0.024350000000000184
812,1,0.1,0.06235000000000127
812,2,0.1,0.034550000000000476
812,4,0.1,0.036650000000000536
812,8,0.1,0.025000000000000203
813,1,0.1,0.047800000000000856
813,2,0.1,0.02915000000000032
813,4,0.1,0.028900000000000314
813,8,0.1,0.028200000000000294
814,1,0.1,0.05710000000000112
814,2,0.1,0.03580000000000051
814,4,0.1,0.02905000000000032
814,8,0.1,0.024400000000000185
815,1,0.1,0.052350000000000986
815,2,0.1,0.03605000000000052
815,4,0.1,0.03605000000000052
815,8,0.1,0.029600000000000334
816,1,0.1,0.04315000000000072
816,2,0.1,0.03295000000000043
816,4,0.1,0.032400000000000415
816,8,0.1,0.024000000000000174
817,1,0.1,0.06555000000000094
817,2,0.1,0.057900000000001145
817,4,0.1,0.04910000000000089
817,8,0.1,0.037650000000000565
818,1,0.1,0.05005000000000092
818,2,0.1,0.046400000000000816
818,4,0.1,0.032800000000000426
818,8,0.1,0.027600000000000277
819,1,0.1,0.07405
819,2,0.1,0.039400000000000615
819,4,0.1,0.03710000000000055
819,8,0.1,0.02460000000000019
820,1,0.1,0.0562500000000011
820,2,0.1,0.03600000000000052
820,4,0.1,0.03600000000000052
820,8,0.1,0.03615000000000052
821,1,0.1,0.0640500000000011
821,2,0.1,0.038000000000000575
821,4,0.1,0.029250000000000324
821,8,0.1,0.028850000000000313
822,1,0.1,0.05905000000000118
822,2,0.1,0.038350000000000585
822,4,0.1,0.027800000000000283
822,8,0.1,0.02420000000000018
823,1,0.1,0.06985000000000047
823,2,0.1,0.05950000000000119
823,4,0.1,0.03955000000000062
823,8,0.1,0.025350000000000213
824,1,0.1,0.06565000000000093
824,2,0.1,0.03440000000000047
824,4,0.1,0.036950000000000545
824,8,0.1,0.024700000000000194
825,1,0.1,0.04295000000000072
825,2,0.1,0.032800000000000426
825,4,0.1,0.031050000000000376
825,8,0.1,0.027950000000000287
826,1,0.1,0.059600000000001194
826,2,0.1,0.03610000000000052
826,4,0.1,0.033450000000000445
826,8,0.1,0.039700000000000624
827,1,0.1,0.059650000000001195
827,2,0.1,0.03950000000000062
827,4,0.1,0.03470000000000048
827,8,0.1,0.028600000000000306
828,1,0.1,0.07260000000000016
828,2,0.1,0.04400000000000075
828,4,0.1,0.040400000000000644
828,8,0.1,0.026450000000000244
829,1,0.1,0.09124999999999811
829,2,0.1,0.04910000000000089
829,4,0.1,0.027900000000000286
829,8,0.1,0.028500000000000303
830,1,0.1,0.07569999999999982
830,2,0.1,0.039100000000000606
830,4,0.1,0.03365000000000045
830,8,0.1,0.02415000000000018
831,1,0.1,0.0457500000000008
831,2,0.1,0.037350000000000556
831,4,0.1,0.027250000000000267
831,8,0.1,0.02415000000000018
832,1,0.1,0.05120000000000095
832,2,0.1,0.03460000000000048
832,4,0.1,0.02595000000000023
832,8,0.1,0.02425000000000018
833,1,0.1,0.06740000000000074
833,2,0.1,0.037300000000000555
833,4,0.1,0.02530000000000021
833,8,0.1,0.02590000000000023
834,1,0.1,0.05460000000000105
834,2,0.1,0.03580000000000051
834,4,0.1,0.029550000000000333
834,8,0.1,0.024400000000000185
835,1,0.1,0.07290000000000013
835,2,0.1,0.04260000000000071
835,4,0.1,0.03825000000000058
835,8,0.1,0.02905000000000032
836,1,0.1,0.06710000000000077
836,2,0.1,0.04875000000000088
836,4,0.1,0.039450000000000617
836,8,0.1,0.03015000000000035
837,1,0.1,0.05955000000000119
837,2,0.1,0.04190000000000069
837,4,0.1,0.03510000000000049
837,8,0.1,0.0283500000000003
838,1,0.1,0.06810000000000066
838,2,0.1,0.0389500000000006
838,4,0.1,0.026500000000000246
838,8,0.1,0.02460000000000019
839,1,0.1,0.06370000000000114
839,2,0.1,0.041100000000000664
839,4,0.1,0.041100000000000664
839,8,0.1,0.025100000000000205
840,1,0.1,0.06125000000000124
840,2,0.1,0.05320000000000101
840,4,0.1,0.03990000000000063
840,8,0.1,0.02875000000000031
841,1,0.1,0.057550000000001135
841,2,0.1,0.04650000000000082
841,4,0.1,0.028600000000000306
841,8,0.1,0.03260000000000042
842,1,0.1,0.04295000000000072
842,2,0.1,0.04095000000000066
842,4,0.1,0.028150000000000293
842,8,0.1,0.029700000000000337
843,1,0.1,0.0677500000000007
843,2,0.1,0.03965000000000062
843,4,0.1,0.0319000000000004
843,8,0.1,0.0249500000000002
844,1,0.1,0.08884999999999837
844,2,0.1,0.043250000000000725
844,4,0.1,0.026100000000000234
844,8,0.1,0.03010000000000035
845,1,0.1,0.06455000000000105
845,2,0.1,0.03705000000000055
845,4,0.1,0.029250000000000324
845,8,0.1,0.024800000000000197
846,1,0.1,0.04965000000000091
846,2,0.1,0.04165000000000068
846,4,0.1,0.0320000000000004
846,8,0.1,0.02800000000000029
847,1,0.1,0.06560000000000094
847,2,0.1,0.0457500000000008
847,4,0.1,0.0318000000000004
847,8,0.1,0.030000000000000346
848,1,0.1,0.032050000000000405
848,2,0.1,0.031000000000000374
848,4,0.1,0.03425000000000047
848,8,0.1,0.027550000000000276
849,1,0.1,0.06285000000000124
849,2,0.1,0.0422500000000007
849,4,0.1,0.02565000000000022
849,8,0.1,0.025150000000000207
850,1,0.1,0.05040000000000093
850,2,0.1,0.03325000000000044
850,4,0.1,0.026100000000000234
850,8,0.1,0.026100000000000234
851,1,0.1,0.039400000000000615
851,2,0.1,0.03425000000000047
851,4,0.1,0.02985000000000034
851,8,0.1,0.02765000000000028
852,1,0.1,0.0597500000000012
852,2,0.1,0.03615000000000052
852,4,0.1,0.03370000000000045
852,8,0.1,0.02520000000000021
853,1,0.1,0.053350000000001015
853,2,0.1,0.03600000000000052
853,4,0.1,0.03600000000000052
853,8,0.1,0.026550000000000247
854,1,0.1,0.05380000000000103
854,2,0.1,0.03375000000000045
854,4,0.1,0.03045000000000036
854,8,0.1,0.03050000000000036
855,1,0.1,0.060650000000001224
855,2,0.1,0.041500000000000675
855,4,0.1,0.03165000000000039
855,8,0.1,0.027500000000000274
856,1,0.1,0.05920000000000118
856,2,0.1,0.034550000000000476
856,4,0.1,0.025000000000000203
856,8,0.1,0.025000000000000203
857,1,0.1,0.07479999999999992
857,2,0.1,0.04210000000000069
857,4,0.1,0.03600000000000052
857,8,0.1,0.029950000000000344
858,1,0.1,0.04210000000000069
858,2,0.1,0.03640000000000053
858,4,0.1,0.038000000000000575
858,8,0.1,0.027150000000000264
859,1,0.1,0.040100000000000635
859,2,0.1,0.03785000000000057
859,4,0.1,0.028500000000000303
859,8,0.1,0.02945000000000033
860,1,0.1,0.04840000000000087
860,2,0.1,0.031050000000000376
860,4,0.1,0.042500000000000704
860,8,0.1,0.030950000000000373
861,1,0.1,0.06225000000000127
861,2,0.1,0.04105000000000066
861,4,0.1,0.03265000000000042
861,8,0.1,0.0318500000000004
862,1,0.1,0.0895499999999983
862,2,0.1,0.0714000000000003
862,4,0.1,0.0563000000000011
862,8,0.1,0.03950000000000062
863,1,0.1,0.04170000000000068
863,2,0.1,0.03715000000000055
863,4,0.1,0.037350000000000556
863,8,0.1,0.02975000000000034
864,1,0.1,0.05675000000000111
864,2,0.1,0.05675000000000111
864,4,0.1,0.03250000000000042
864,8,0.1,0.02730000000000027
865,1,0.1,0.09269999999999795
865,2,0.1,0.05045000000000093
865,4,0.1,0.030050000000000347
865,8,0.1,0.02740000000000027
866,1,0.1,0.056150000000001095
866,2,0.1,0.040100000000000635
866,4,0.1,0.048150000000000866
866,8,0.1,0.04315000000000072
867,1,0.1,0.0563000000000011
867,2,0.1,0.03330000000000044
867,4,0.1,0.02630000000000024
867,8,0.1,0.02630000000000024
868,1,0.1,0.06370000000000114
868,2,0.1,0.03850000000000059
868,4,0.1,0.03355000000000045
868,8,0.1,0.02800000000000029
869,1,0.1,0.05800000000000115
869,2,0.1,0.05800000000000115
869,4,0.1,0.0319000000000004
869,8,0.1,0.03010000000000035
870,1,0.1,0.031050000000000376
870,2,0.1,0.03400000000000046
870,4,0.1,0.025100000000000205
870,8,0.1,0.022950000000000144
871,1,0.1,0.08734999999999854
871,2,0.1,0.0493000000000009
871,4,0.1,0.04035000000000064
871,8,0.1,0.027500000000000274
872,1,0.1,0.06270000000000125
872,2,0.1,0.04555000000000079
872,4,0.1,0.034150000000000465
872,8,0.1,0.029550000000000333
873,1,0.1,0.03740000000000056
873,2,0.1,0.03295000000000043
873,4,0.1,0.025000000000000203
873,8,0.1,0.024700000000000194
874,1,0.1,0.05240000000000099
874,2,0.1,0.03715000000000055
874,4,0.1,0.04445000000000076
874,8,0.1,0.03330000000000044
875,1,0.1,0.0564000000000011
875,2,0.1,0.035200000000000495
875,4,0.1,0.028900000000000314
875,8,0.1,0.02560000000000022
876,1,0.1,0.06085000000000123
876,2,0.1,0.04660000000000082
876,4,0.1,0.04345000000000073
876,8,0.1,0.03325000000000044
877,1,0.1,0.06520000000000098
877,2,0.1,0.037250000000000554
877,4,0.1,0.04260000000000071
877,8,0.1,0.03080000000000037
878,1,0.1,0.06475000000000103
878,2,0.1,0.04825000000000087
878,4,0.1,0.04725000000000084
878,8,0.1,0.028250000000000296
879,1,0.1,0.05105000000000095
879,2,0.1,0.0353500000000005
879,4,0.1,0.03435000000000047
879,8,0.1,0.025400000000000214
880,1,0.1,0.06115000000000124
880,2,0.1,0.04735000000000084
880,4,0.1,0.04475000000000077
880,8,0.1,0.030250000000000353
881,1,0.1,0.057150000000001124
881,2,0.1,0.034850000000000485
881,4,0.1,0.03305000000000043
881,8,0.1,0.03120000000000038
882,1,0.1,0.05915000000000118
882,2,0.1,0.034900000000000486
882,4,0.1,0.035950000000000516
882,8,0.1,0.0248500000000002
883,1,0.1,0.06715000000000076
883,2,0.1,0.04095000000000066
883,4,0.1,0.02810000000000029
883,8,0.1,0.02455000000000019
884,1,0.1,0.07994999999999935
884,2,0.1,0.043200000000000724
884,4,0.1,0.0389500000000006
884,8,0.1,0.030350000000000356
885,1,0.1,0.0867499999999986
885,2,0.1,0.04510000000000078
885,4,0.1,0.037650000000000565
885,8,0.1,0.024800000000000197
886,1,0.1,0.08419999999999889
886,2,0.1,0.04715000000000084
886,4,0.1,0.03480000000000048
886,8,0.1,0.027850000000000284
887,1,0.1,0.057550000000001135
887,2,0.1,0.03965000000000062
887,4,0.1,0.025800000000000226
887,8,0.1,0.0249000000000002
888,1,0.1,0.059350000000001187
888,2,0.1,0.04410000000000075
888,4,0.1,0.037250000000000554
888,8,0.1,0.0284500000000003
889,1,0.1,0.07519999999999988
889,2,0.1,0.04820000000000087
889,4,0.1,0.034900000000000486
889,8,0.1,0.02880000000000031
890,1,0.1,0.056500000000001105
890,2,0.1,0.043600000000000735
890,4,0.1,0.02800000000000029
890,8,0.1,0.03305000000000043
891,1,0.1,0.06230000000000127
891,2,0.1,0.039450000000000617
891,4,0.1,0.03330000000000044
891,8,0.1,0.02450000000000019
892,1,0.1,0.09604999999999758
892,2,0.1,0.047050000000000834
892,4,0.1,0.03705000000000055
892,8,0.1,0.02910000000000032
893,1,0.1,0.06095000000000123
893,2,0.1,0.06095000000000123
893,4,0.1,0.048850000000000886
893,8,0.1,0.029300000000000326
894,1,0.1,0.09064999999999818
894,2,0.1,0.05215000000000098
894,4,0.1,0.035200000000000495
894,8,0.1,0.032100000000000406
895,1,0.1,0.07564999999999983
895,2,0.1,0.0355000000000005
895,4,0.1,0.032800000000000426
895,8,0.1,0.029900000000000343
896,1,0.1,0.044300000000000755
896,2,0.1,0.03925000000000061
896,4,0.1,0.033850000000000456
896,8,0.1,0.028850000000000313
897,1,0.1,0.07634999999999975
897,2,0.1,0.040750000000000654
897,4,0.1,0.03460000000000048
897,8,0.1,0.02600000000000023
898,1,0.1,0.06200000000000126
898,2,0.1,0.04510000000000078
898,4,0.1,0.02775000000000028
898,8,0.1,0.02415000000000018
899,1,0.1,0.08704999999999857
899,2,0.1,0.0458000000000008
899,4,0.1,0.03320000000000044
899,8,0.1,0.0320000000000004
900,1,0.1,0.07095000000000035
900,2,0.1,0.038750000000000596
900,4,0.1,0.043600000000000735
900,8,0.1,0.02805000000000029
901,1,0.1,0.05365000000000102
901,2,0.1,0.036650000000000536
901,4,0.1,0.02665000000000025
901,8,0.1,0.02705000000000026
902,1,0.1,0.05010000000000092
902,2,0.1,0.04685000000000083
902,4,0.1,0.03260000000000042
902,8,0.1,0.028600000000000306
903,1,0.1,0.07255000000000017
903,2,0.1,0.037700000000000566
903,4,0.1,0.03405000000000046
903,8,0.1,0.02700000000000026
904,1,0.1,0.07240000000000019
904,2,0.1,0.040750000000000654
904,4,0.1,0.029550000000000333
904,8,0.1,0.028300000000000297
905,1,0.1,0.06810000000000066
905,2,0.1,0.04455000000000076
905,4,0.1,0.038700000000000595
905,8,0.1,0.027600000000000277
906,1,0.1,0.06290000000000123
906,2,0.1,0.03425000000000047
906,4,0.1,0.02985000000000034
906,8,0.1,0.026800000000000254
907,1,0.1,0.06165000000000125
907,2,0.1,0.054050000000001035
907,4,0.1,0.045650000000000794
907,8,0.1,0.03920000000000061
908,1,0.1,0.05950000000000119
908,2,0.1,0.03720000000000055
908,4,0.1,0.03160000000000039
908,8,0.1,0.0249000000000002
909,1,0.1,0.06095000000000123
909,2,0.1,0.046000000000000804
909,4,0.1,0.03775000000000057
909,8,0.1,0.03775000000000057
910,1,0.1,0.04070000000000065
910,2,0.1,0.04280000000000071
910,4,0.1,0.029650000000000336
910,8,0.1,0.030600000000000363
911,1,0.1,0.05215000000000098
911,2,0.1,0.036600000000000535
911,4,0.1,0.03650000000000053
911,8,0.1,0.02905000000000032
912,1,0.1,0.08179999999999915
912,2,0.1,0.04490000000000077
912,4,0.1,0.027500000000000274
912,8,0.1,0.03445000000000047
913,1,0.1,0.06485000000000102
913,2,0.1,0.03750000000000056
913,4,0.1,0.02565000000000022
913,8,0.1,0.02390000000000017
914,1,0.1,0.05215000000000098
914,2,0.1,0.037250000000000554
914,4,0.1,0.036650000000000536
914,8,0.1,0.03050000000000036
915,1,0.1,0.04835000000000087
915,2,0.1,0.035550000000000505
915,4,0.1,0.02595000000000023
915,8,0.1,0.024300000000000183
916,1,0.1,0.08034999999999931
916,2,0.1,0.04415000000000075
916,4,0.1,0.027850000000000284
916,8,0.1,0.02630000000000024
917,1,0.1,0.04965000000000091
917,2,0.1,0.039350000000000614
917,4,0.1,0.032750000000000425
917,8,0.1,0.027200000000000266
918,1,0.1,0.06895000000000057
918,2,0.1,0.0353500000000005
918,4,0.1,0.03515000000000049
918,8,0.1,0.024350000000000184
919,1,0.1,0.04755000000000085
919,2,0.1,0.049500000000000904
919,4,0.1,0.038050000000000576
919,8,0.1,0.02810000000000029
920,1,0.1,0.04685000000000083
920,2,0.1,0.03720000000000055
920,4,0.1,0.026900000000000257
920,8,0.1,0.025050000000000204
921,1,0.1,0.0563500000000011
921,2,0.1,0.036900000000000543
921,4,0.1,0.036900000000000543
921,8,0.1,0.03295000000000043
922,1,0.1,0.08439999999999886
922,2,0.1,0.04715000000000084
922,4,0.1,0.028650000000000307
922,8,0.1,0.02695000000000026
923,1,0.1,0.0759499999999998
923,2,0.1,0.05430000000000104
923,4,0.1,0.05245000000000099
923,8,0.1,0.039450000000000617
924,1,0.1,0.06040000000000122
924,2,0.1,0.04335000000000073
924,4,0.1,0.02880000000000031
924,8,0.1,0.02595000000000023
925,1,0.1,0.05595000000000109
925,2,0.1,0.04050000000000065
925,4,0.1,0.027150000000000264
925,8,0.1,0.028500000000000303
926,1,0.1,0.04655000000000082
926,2,0.1,0.04655000000000082
926,4,0.1,0.03670000000000054
926,8,0.1,0.025450000000000216
927,1,0.1,0.04630000000000081
927,2,0.1,0.04630000000000081
927,4,0.1,0.03330000000000044
927,8,0.1,0.028500000000000303
928,1,0.1,0.032450000000000416
928,2,0.1,0.025850000000000227
928,4,0.1,0.02905000000000032
928,8,0.1,0.024300000000000183
929,1,0.1,0.07424999999999998
929,2,0.1,0.04060000000000065
929,4,0.1,0.03055000000000036
929,8,0.1,0.02530000000000021
930,1,0.1,0.052850000000001
930,2,0.1,0.038700000000000595
930,4,0.1,0.02700000000000026
930,8,0.1,0.02530000000000021
931,1,0.1,0.05320000000000101
931,2,0.1,0.04765000000000085
931,4,0.1,0.038300000000000584
931,8,0.1,0.030650000000000364
932,1,0.1,0.06450000000000106
932,2,0.1,0.04170000000000068
932,4,0.1,0.036250000000000525
932,8,0.1,0.031000000000000374
933,1,0.1,0.07919999999999944
933,2,0.1,0.054750000000001055
933,4,0.1,0.04195000000000069
933,8,0.1,0.027500000000000274
934,1,0.1,0.048450000000000874
934,2,0.1,0.037000000000000546
934,4,0.1,0.026200000000000237
934,8,0.1,0.024350000000000184
935,1,0.1,0.0813499999999992
935,2,0.1,0.04165000000000068
935,4,0.1,0.031350000000000385
935,8,0.1,0.02800000000000029
936,1,0.1,0.06570000000000092
936,2,0.1,0.04330000000000073
936,4,0.1,0.028850000000000313
936,8,0.1,0.02600000000000023
937,1,0.1,0.04480000000000077
937,2,0.1,0.04070000000000065
937,4,0.1,0.028950000000000316
937,8,0.1,0.02600000000000023
938,1,0.1,0.059300000000001185
938,2,0.1,0.036900000000000543
938,4,0.1,0.025400000000000214
938,8,0.1,0.025800000000000226
939,1,0.1,0.057550000000001135
939,2,0.1,0.046350000000000814
939,4,0.1,0.033150000000000436
939,8,0.1,0.024350000000000184
940,1,0.1,0.06650000000000084
940,2,0.1,0.035900000000000515
940,4,0.1,0.03445000000000047
940,8,0.1,0.028950000000000316
941,1,0.1,0.031700000000000395
941,2,0.1,0.04065000000000065
941,4,0.1,0.025700000000000223
941,8,0.1,0.024000000000000174
942,1,0.1,0.08904999999999835
942,2,0.1,0.04345000000000073
942,4,0.1,0.02810000000000029
942,8,0.1,0.0319500000000004
943,1,0.1,0.052300000000000985
943,2,0.1,0.03570000000000051
943,4,0.1,0.030250000000000353
943,8,0.1,0.028500000000000303
944,1,0.1,0.06355000000000116
944,2,0.1,0.0353000000000005
944,4,0.1,0.03495000000000049
944,8,0.1,0.03620000000000052
945,1,0.1,0.060350000000001215
945,2,0.1,0.05225000000000098
945,4,0.1,0.032800000000000426
945,8,0.1,0.0319000000000004
946,1,0.1,0.046050000000000806
946,2,0.1,0.041850000000000685
946,4,0.1,0.02975000000000034
946,8,0.1,0.02975000000000034
947,1,0.1,0.04825000000000087
947,2,0.1,0.03460000000000048
947,4,0.1,0.03045000000000036
947,8,0.1,0.024450000000000187
948,1,0.1,0.04860000000000088
948,2,0.1,0.03460000000000048
948,4,0.1,0.03120000000000038
948,8,0.1,0.024400000000000185
949,1,0.1,0.04630000000000081
949,2,0.1,0.03355000000000045
949,4,0.1,0.050250000000000926
949,8,0.1,0.0319000000000004
950,1,0.1,0.06420000000000109
950,2,0.1,0.03475000000000048
950,4,0.1,0.02985000000000034
950,8,0.1,0.030250000000000353
951,1,0.1,0.07549999999999985
951,2,0.1,0.04540000000000079
951,4,0.1,0.030750000000000367
951,8,0.1,0.027500000000000274
952,1,0.1,0.03790000000000057
952,2,0.1,0.03675000000000054
952,4,0.1,0.02555000000000022
952,8,0.1,0.03055000000000036
953,1,0.1,0.0597000000000012
953,2,0.1,0.03815000000000058
953,4,0.1,0.03165000000000039
953,8,0.1,0.024450000000000187
954,1,0.1,0.049500000000000904
954,2,0.1,0.044250000000000754
954,4,0.1,0.02590000000000023
954,8,0.1,0.02525000000000021
955,1,0.1,0.08104999999999923
955,2,0.1,0.04505000000000078
955,4,0.1,0.030350000000000356
955,8,0.1,0.027500000000000274
956,1,0.1,0.048500000000000876
956,2,0.1,0.03920000000000061
956,4,0.1,0.03050000000000036
956,8,0.1,0.024300000000000183
957,1,0.1,0.057950000000001146
957,2,0.1,0.0459500000000008
957,4,0.1,0.02775000000000028
957,8,0.1,0.023400000000000157
958,1,0.1,0.05435000000000104
958,2,0.1,0.03580000000000051
958,4,0.1,0.03635000000000053
958,8,0.1,0.030650000000000364
959,1,0.1,0.09024999999999822
959,2,0.1,0.04690000000000083
959,4,0.1,0.027450000000000273
959,8,0.1,0.025400000000000214
960,1,0.1,0.0668000000000008
960,2,0.1,0.06510000000000099
960,4,0.1,0.03645000000000053
960,8,0.1,0.028500000000000303
961,1,0.1,0.06985000000000047
961,2,0.1,0.043900000000000744
961,4,0.1,0.039100000000000606
961,8,0.1,0.031050000000000376
962,1,0.1,0.05600000000000109
962,2,0.1,0.036650000000000536
962,4,0.1,0.02700000000000026
962,8,0.1,0.028550000000000304
963,1,0.1,0.06720000000000076
963,2,0.1,0.03810000000000058
963,4,0.1,0.033500000000000446
963,8,0.1,0.02460000000000019
964,1,0.1,0.062100000000001265
964,2,0.1,0.04835000000000087
964,4,0.1,0.02870000000000031
964,8,0.1,0.02765000000000028
965,1,0.1,0.06745000000000073
965,2,0.1,0.04000000000000063
965,4,0.1,0.03845000000000059
965,8,0.1,0.02530000000000021
966,1,0.1,0.08199999999999913
966,2,0.1,0.043900000000000744
966,4,0.1,0.030950000000000373
966,8,0.1,0.026500000000000246
967,1,0.1,0.04550000000000079
967,2,0.1,0.037300000000000555
967,4,0.1,0.0284500000000003
967,8,0.1,0.02530000000000021
968,1,0.1,0.048500000000000876
968,2,0.1,0.05610000000000109
968,4,0.1,0.03375000000000045
968,8,0.1,0.03375000000000045
969,1,0.1,0.09629999999999755
969,2,0.1,0.060350000000001215
969,4,0.1,0.0492500000000009
969,8,0.1,0.03160000000000039
970,1,0.1,0.053400000000001016
970,2,0.1,0.0318000000000004
970,4,0.1,0.02800000000000029
970,8,0.1,0.02665000000000025
971,1,0.1,0.06380000000000113
971,2,0.1,0.0424000000000007
971,4,0.1,0.02660000000000025
971,8,0.1,0.02635000000000024
972,1,0.1,0.12659999999999422
972,2,0.1,0.06610000000000088
972,4,0.1,0.04490000000000077
972,8,0.1,0.027500000000000274
973,1,0.1,0.07674999999999971
973,2,0.1,0.062450000000001275
973,4,0.1,0.0631500000000012
973,8,0.1,0.028900000000000314
974,1,0.1,0.05120000000000095
974,2,0.1,0.04760000000000085
974,4,0.1,0.029900000000000343
974,8,0.1,0.025100000000000205
975,1,0.1,0.05310000000000101
975,2,0.1,0.044300000000000755
975,4,0.1,0.030950000000000373
975,8,0.1,0.024800000000000197
976,1,0.1,0.09369999999999784
976,2,0.1,0.05320000000000101
976,4,0.1,0.03585000000000051
976,8,0.1,0.03585000000000051
977,1,0.1,0.09119999999999812
977,2,0.1,0.04995000000000092
977,4,0.1,0.037300000000000555
977,8,0.1,0.029650000000000336
978,1,0.1,0.07265000000000016
978,2,0.1,0.03960000000000062
978,4,0.1,0.02910000000000032
978,8,0.1,0.028300000000000297
979,1,0.1,0.08924999999999833
979,2,0.1,0.04520000000000078
979,4,0.1,0.03010000000000035
979,8,0.1,0.03230000000000041
980,1,0.1,0.061050000000001235
980,2,0.1,0.044650000000000765
980,4,0.1,0.03425000000000047
980,8,0.1,0.027600000000000277
981,1,0.1,0.04195000000000069
981,2,0.1,0.049900000000000916
981,4,0.1,0.04265000000000071
981,8,0.1,0.03045000000000036
982,1,0.1,0.039000000000000604
982,2,0.1,0.046750000000000826
982,4,0.1,0.026800000000000254
982,8,0.1,0.02635000000000024
983,1,0.1,0.04785000000000086
983,2,0.1,0.04785000000000086
983,4,0.1,0.030350000000000356
983,8,0.1,0.03370000000000045
984,1,0.1,0.08239999999999909
984,2,0.1,0.04305000000000072
984,4,0.1,0.035950000000000516
984,8,0.1,0.025350000000000213
985,1,0.1,0.05170000000000097
985,2,0.1,0.040400000000000644
985,4,0.1,0.03740000000000056
985,8,0.1,0.029350000000000327
986,1,0.1,0.061700000000001254
986,2,0.1,0.0563500000000011
986,4,0.1,0.044250000000000754
986,8,0.1,0.029900000000000343
987,1,0.1,0.06655000000000083
987,2,0.1,0.03225000000000041
987,4,0.1,0.02700000000000026
987,8,0.1,0.02555000000000022
988,1,0.1,0.06380000000000113
988,2,0.1,0.05490000000000106
988,4,0.1,0.04030000000000064
988,8,0.1,0.02810000000000029
989,1,0.1,0.06645000000000084
989,2,0.1,0.06195000000000126
989,4,0.1,0.032050000000000405
989,8,0.1,0.028500000000000303
990,1,0.1,0.05225000000000098
990,2,0.1,0.03430000000000047
990,4,0.1,0.025350000000000213
990,8,0.1,0.02670000000000025
991,1,0.1,0.05885000000000117
991,2,0.1,0.03720000000000055
991,4,0.1,0.037000000000000546
991,8,0.1,0.024650000000000193
992,1,0.1,0.044250000000000754
992,2,0.1,0.032100000000000406
992,4,0.1,0.02630000000000024
992,8,0.1,0.023700000000000165
993,1,0.1,0.054800000000001056
993,2,0.1,0.03960000000000062
993,4,0.1,0.03125000000000038
993,8,0.1,0.03055000000000036
994,1,0.1,0.040450000000000645
994,2,0.1,0.03225000000000041
994,4,0.1,0.03260000000000042
994,8,0.1,0.02460000000000019
995,1,0.1,0.06060000000000122
995,2,0.1,0.04160000000000068
995,4,0.1,0.029700000000000337
995,8,0.1,0.025450000000000216
996,1,0.1,0.06750000000000073
996,2,0.1,0.04085000000000066
996,4,0.1,0.026750000000000253
996,8,0.1,0.024450000000000187
997,1,0.1,0.06165000000000125
997,2,0.1,0.04070000000000065
997,4,0.1,0.026850000000000256
997,8,0.1,0.02870000000000031
998,1,0.1,0.08364999999999895
998,2,0.1,0.042500000000000704
998,4,0.1,0.027550000000000276
998,8,0.1,0.027550000000000276
999,1,0.1,0.06655000000000083
999,2,0.1,0.03510000000000049
999,4,0.1,0.03810000000000058
999,8,0.1,0.02950000000000033
0,1,0.3,0.1257999999999943
0,2,0.3,0.06475000000000103
0,4,0.3,0.03960000000000062
0,8,0.3,0.034550000000000476
1,1,0.3,0.0813999999999992
1,2,0.3,0.05155000000000096
1,4,0.3,0.04100000000000066
1,8,0.3,0.03670000000000054
2,1,0.3,0.09869999999999729
2,2,0.3,0.07744999999999963
2,4,0.3,0.042850000000000714
2,8,0.3,0.030050000000000347
3,1,0.3,0.07325000000000009
3,2,0.3,0.06765000000000071
3,4,0.3,0.04270000000000071
3,8,0.3,0.032800000000000426
4,1,0.3,0.09824999999999734
4,2,0.3,0.05185000000000097
4,4,0.3,0.042900000000000715
4,8,0.3,0.034550000000000476
5,1,0.3,0.10784999999999628
5,2,0.3,0.06530000000000097
5,4,0.3,0.04050000000000065
5,8,0.3,0.030600000000000363
6,1,0.3,0.05675000000000111
6,2,0.3,0.04695000000000083
6,4,0.3,0.03365000000000045
6,8,0.3,0.030000000000000346
7,1,0.3,0.07739999999999964
7,2,0.3,0.061700000000001254
7,4,0.3,0.036950000000000545
7,8,0.3,0.04350000000000073
8,1,0.3,0.1076999999999963
8,2,0.3,0.059250000000001184
8,4,0.3,0.0355000000000005
8,8,0.3,0.03015000000000035
9,1,0.3,0.06125000000000124
9,2,0.3,0.0598000000000012
9,4,0.3,0.035550000000000505
9,8,0.3,0.034200000000000466
10,1,0.3,0.0931499999999979
10,2,0.3,0.08074999999999927
10,4,0.3,0.049850000000000914
10,8,0.3,0.03405000000000046
11,1,0.3,0.07924999999999943
11,2,0.3,0.04620000000000081
11,4,0.3,0.03260000000000042
11,8,0.3,0.029000000000000317
12,1,0.3,0.0958999999999976
12,2,0.3,0.057950000000001146
12,4,0.3,0.04375000000000074
12,8,0.3,0.03925000000000061
13,1,0.3,0.08659999999999862
13,2,0.3,0.0598000000000012
13,4,0.3,0.04645000000000082
13,8,0.3,0.031350000000000385
14,1,0.3,0.09724999999999745
14,2,0.3,0.08579999999999871
14,4,0.3,0.06465000000000104
14,8,0.3,0.03465000000000048
15,1,0.3,0.07784999999999959
15,2,0.3,0.06055000000000122
15,4,0.3,0.03470000000000048
15,8,0.3,0.02940000000000033
16,1,0.3,0.09629999999999755
16,2,0.3,0.05085000000000094
16,4,0.3,0.036900000000000543
16,8,0.3,0.02870000000000031
17,1,0.3,0.08089999999999925
17,2,0.3,0.04905000000000089
17,4,0.3,0.03295000000000043
17,8,0.3,0.03305000000000043
18,1,0.3,0.07654999999999973
18,2,0.3,0.053700000000001025
18,4,0.3,0.04620000000000081
18,8,0.3,0.033500000000000446
19,1,0.3,0.10824999999999624
19,2,0.3,0.05415000000000104
19,4,0.3,0.034200000000000466
19,8,0.3,0.031000000000000374
20,1,0.3,0.11504999999999549
20,2,0.3,0.059600000000001194
20,4,0.3,0.059600000000001194
20,8,0.3,0.03395000000000046
21,1,0.3,0.10554999999999654
21,2,0.3,0.07724999999999965
21,4,0.3,0.058650000000001166
21,8,0.3,0.043250000000000725
22,1,0.3,0.10464999999999663
22,2,0.3,0.06510000000000099
22,4,0.3,0.053050000000001006
22,8,0.3,0.03295000000000043
23,1,0.3,0.06630000000000086
23,2,0.3,0.06395000000000112
23,4,0.3,0.03300000000000043
23,8,0.3,0.02985000000000034
24,1,0.3,0.09029999999999822
24,2,0.3,0.0458000000000008
24,4,0.3,0.045700000000000796
24,8,0.3,0.0284500000000003
25,1,0.3,0.08299999999999902
25,2,0.3,0.04435000000000076
25,4,0.3,0.03425000000000047
25,8,0.3,0.03250000000000042
26,1,0.3,0.09729999999999744
26,2,0.3,0.07559999999999983
26,4,0.3,0.041850000000000685
26,8,0.3,0.030050000000000347
27,1,0.3,0.08189999999999914
27,2,0.3,0.08339999999999897
27,4,0.3,0.04455000000000076
27,8,0.3,0.029200000000000323
28,1,0.3,0.09889999999999727
28,2,0.3,0.09889999999999727
28,4,0.3,0.05215000000000098
28,8,0.3,0.029700000000000337
29,1,0.3,0.07729999999999965
29,2,0.3,0.04735000000000084
29,4,0.3,0.04295000000000072
29,8,0.3,0.04295000000000072
30,1,0.3,0.110399999999996
30,2,0.3,0.05805000000000115
30,4,0.3,0.039450000000000617
30,8,0.3,0.030050000000000347
31,1,0.3,0.09969999999999718
31,2,0.3,0.0493500000000009
31,4,0.3,0.04050000000000065
31,8,0.3,0.03125000000000038
32,1,0.3,0.10834999999999623
32,2,0.3,0.0598000000000012
32,4,0.3,0.034150000000000465
32,8,0.3,0.03465000000000048
33,1,0.3,0.11734999999999524
33,2,0.3,0.0598500000000012
33,4,0.3,0.03780000000000057
33,8,0.3,0.040450000000000645
34,1,0.3,0.10484999999999661
34,2,0.3,0.08219999999999911
34,4,0.3,0.0459000000000008
34,8,0.3,0.033850000000000456
35,1,0.3,0.08959999999999829
35,2,0.3,0.0459000000000008
35,4,0.3,0.037000000000000546
35,8,0.3,0.031700000000000395
36,1,0.3,0.09149999999999808
36,2,0.3,0.07375000000000004
36,4,0.3,0.059950000000001204
36,8,0.3,0.03655000000000053
37,1,0.3,0.11119999999999591
37,2,0.3,0.11174999999999585
37,4,0.3,0.07035000000000041
37,8,0.3,0.035950000000000516
38,1,0.3,0.09564999999999763
38,2,0.3,0.0493500000000009
38,4,0.3,0.03820000000000058
38,8,0.3,0.03360000000000045
39,1,0.3,0.09659999999999752
39,2,0.3,0.09069999999999817
39,4,0.3,0.04050000000000065
39,8,0.3,0.029950000000000344
40,1,0.3,0.09644999999999754
40,2,0.3,0.06005000000000121
40,4,0.3,0.04000000000000063
40,8,0.3,0.03430000000000047
41,1,0.3,0.07749999999999962
41,2,0.3,0.04375000000000074
41,4,0.3,0.04130000000000067
41,8,0.3,0.02975000000000034
42,1,0.3,0.09364999999999785
42,2,0.3,0.0597500000000012
42,4,0.3,0.03915000000000061
42,8,0.3,0.029350000000000327
43,1,0.3,0.12009999999999493
43,2,0.3,0.05875000000000117
43,4,0.3,0.037250000000000554
43,8,0.3,0.032050000000000405
44,1,0.3,0.11334999999999568
44,2,0.3,0.05490000000000106
44,4,0.3,0.04135000000000067
44,8,0.3,0.031000000000000374
45,1,0.3,0.10874999999999618
45,2,0.3,0.05695000000000112
45,4,0.3,0.047100000000000836
45,8,0.3,0.0389500000000006
46,1,0.3,0.09364999999999785
46,2,0.3,0.049850000000000914
46,4,0.3,0.03410000000000046
46,8,0.3,0.03050000000000036
47,1,0.3,0.06945000000000051
47,2,0.3,0.06910000000000055
47,4,0.3,0.04900000000000089
47,8,0.3,0.03265000000000042
48,1,0.3,0.09049999999999819
48,2,0.3,0.04875000000000088
48,4,0.3,0.03325000000000044
48,8,0.3,0.029350000000000327
49,1,0.3,0.10034999999999711
49,2,0.3,0.05210000000000098
49,4,0.3,0.041850000000000685
49,8,0.3,0.037000000000000546
50,1,0.3,0.07280000000000014
50,2,0.3,0.0422500000000007
50,4,0.3,0.048800000000000884
50,8,0.3,0.02910000000000032
51,1,0.3,0.09004999999999824
51,2,0.3,0.0659500000000009
51,4,0.3,0.04310000000000072
51,8,0.3,0.03260000000000042
52,1,0.3,0.110449999999996
52,2,0.3,0.06340000000000118
52,4,0.3,0.04295000000000072
52,8,0.3,0.03010000000000035
53,1,0.3,0.09004999999999824
53,2,0.3,0.059250000000001184
53,4,0.3,0.04835000000000087
53,8,0.3,0.035950000000000516
54,1,0.3,0.07989999999999936
54,2,0.3,0.045350000000000786
54,4,0.3,0.03715000000000055
54,8,0.3,0.03050000000000036
55,1,0.3,0.09644999999999754
55,2,0.3,0.053750000000001026
55,4,0.3,0.0695000000000005
55,8,0.3,0.038700000000000595
56,1,0.3,0.1040499999999967
56,2,0.3,0.07325000000000009
56,4,0.3,0.039400000000000615
56,8,0.3,0.03650000000000053
57,1,0.3,0.09799999999999737
57,2,0.3,0.09199999999999803
57,4,0.3,0.07150000000000029
57,8,0.3,0.0493500000000009
58,1,0.3,0.10159999999999697
58,2,0.3,0.05010000000000092
58,4,0.3,0.03120000000000038
58,8,0.3,0.03220000000000041
59,1,0.3,0.0803999999999993
59,2,0.3,0.060650000000001224
59,4,0.3,0.042900000000000715
59,8,0.3,0.039400000000000615
60,1,0.3,0.08184999999999915
60,2,0.3,0.0598500000000012
60,4,0.3,0.04170000000000068
60,8,0.3,0.035200000000000495
61,1,0.3,0.08744999999999853
61,2,0.3,0.07195000000000024
61,4,0.3,0.052000000000000976
61,8,0.3,0.03220000000000041
62,1,0.3,0.08204999999999912
62,2,0.3,0.08204999999999912
62,4,0.3,0.04755000000000085
62,8,0.3,0.03370000000000045
63,1,0.3,0.08889999999999837
63,2,0.3,0.04870000000000088
63,4,0.3,0.03620000000000052
63,8,0.3,0.026900000000000257
64,1,0.3,0.09519999999999768
64,2,0.3,0.06370000000000114
64,4,0.3,0.04125000000000067
64,8,0.3,0.034500000000000475
65,1,0.3,0.08989999999999826
65,2,0.3,0.053400000000001016
65,4,0.3,0.03755000000000056
65,8,0.3,0.030950000000000373
66,1,0.3,0.0677000000000007
66,2,0.3,0.04270000000000071
66,4,0.3,0.054800000000001056
66,8,0.3,0.03120000000000038
67,1,0.3,0.09109999999999813
67,2,0.3,0.07125000000000031
67,4,0.3,0.04665000000000082
67,8,0.3,0.02950000000000033
68,1,0.3,0.08199999999999913
68,2,0.3,0.050900000000000944
68,4,0.3,0.036650000000000536
68,8,0.3,0.03155000000000039
69,1,0.3,0.08364999999999895
69,2,0.3,0.04410000000000075
69,4,0.3,0.042550000000000705
69,8,0.3,0.042550000000000705
70,1,0.3,0.11549999999999544
70,2,0.3,0.07544999999999985
70,4,0.3,0.04375000000000074
70,8,0.3,0.04060000000000065
71,1,0.3,0.09874999999999728
71,2,0.3,0.07210000000000022
71,4,0.3,0.05525000000000107
71,8,0.3,0.04645000000000082
72,1,0.3,0.08534999999999876
72,2,0.3,0.06055000000000122
72,4,0.3,0.03925000000000061
72,8,0.3,0.03020000000000035
73,1,0.3,0.07180000000000025
73,2,0.3,0.06875000000000059
73,4,0.3,0.04335000000000073
73,8,0.3,0.02870000000000031
74,1,0.3,0.10544999999999655
74,2,0.3,0.05420000000000104
74,4,0.3,0.04125000000000067
74,8,0.3,0.0353000000000005
75,1,0.3,0.08724999999999855
75,2,0.3,0.045700000000000796
75,4,0.3,0.045700000000000796
75,8,0.3,0.035950000000000516
76,1,0.3,0.06805000000000067
76,2,0.3,0.05255000000000099
76,4,0.3,0.03950000000000062
76,8,0.3,0.03055000000000036
77,1,0.3,0.11429999999999557
77,2,0.3,0.06045000000000122
77,4,0.3,0.05455000000000105
77,8,0.3,0.035550000000000505
78,1,0.3,0.06040000000000122
78,2,0.3,0.04835000000000087
78,4,0.3,0.032450000000000416
78,8,0.3,0.02915000000000032
79,1,0.3,0.07290000000000013
79,2,0.3,0.050250000000000926
79,4,0.3,0.032750000000000425
79,8,0.3,0.0283500000000003
80,1,0.3,0.09754999999999742
80,2,0.3,0.05240000000000099
80,4,0.3,0.0353500000000005
80,8,0.3,0.030300000000000354
81,1,0.3,0.09479999999999772
81,2,0.3,0.05240000000000099
81,4,0.3,0.04090000000000066
81,8,0.3,0.03120000000000038
82,1,0.3,0.08414999999999889
82,2,0.3,0.04995000000000092
82,4,0.3,0.035550000000000505
82,8,0.3,0.02870000000000031
83,1,0.3,0.1158499999999954
83,2,0.3,0.06730000000000075
83,4,0.3,0.04375000000000074
83,8,0.3,0.03155000000000039
84,1,0.3,0.10464999999999663
84,2,0.3,0.07419999999999999
84,4,0.3,0.03615000000000052
84,8,0.3,0.032450000000000416
85,1,0.3,0.10069999999999707
85,2,0.3,0.05345000000000102
85,4,0.3,0.03785000000000057
85,8,0.3,0.03015000000000035
86,1,0.3,0.0868499999999986
86,2,0.3,0.04755000000000085
86,4,0.3,0.07115000000000032
86,8,0.3,0.04755000000000085
87,1,0.3,0.08714999999999856
87,2,0.3,0.050950000000000946
87,4,0.3,0.03400000000000046
87,8,0.3,0.030400000000000357
88,1,0.3,0.08024999999999932
88,2,0.3,0.044650000000000765
88,4,0.3,0.04330000000000073
88,8,0.3,0.02940000000000033
89,1,0.3,0.07879999999999948
89,2,0.3,0.06125000000000124
89,4,0.3,0.04025000000000064
89,8,0.3,0.03155000000000039
90,1,0.3,0.09234999999999799
90,2,0.3,0.045000000000000775
90,4,0.3,0.036650000000000536
90,8,0.3,0.029250000000000324
91,1,0.3,0.09559999999999763
91,2,0.3,0.06290000000000123
91,4,0.3,0.05100000000000095
91,8,0.3,0.03710000000000055
92,1,0.3,0.10849999999999621
92,2,0.3,0.05660000000000111
92,4,0.3,0.046050000000000806
92,8,0.3,0.033800000000000455
93,1,0.3,0.07519999999999988
93,2,0.3,0.059000000000001177
93,4,0.3,0.05470000000000105
93,8,0.3,0.03445000000000047
94,1,0.3,0.09934999999999722
94,2,0.3,0.05205000000000098
94,4,0.3,0.04435000000000076
94,8,0.3,0.03020000000000035
95,1,0.3,0.09724999999999745
95,2,0.3,0.06650000000000084
95,4,0.3,0.04650000000000082
95,8,0.3,0.03680000000000054
96,1,0.3,0.06425000000000108
96,2,0.3,0.04330000000000073
96,4,0.3,0.03305000000000043
96,8,0.3,0.0318000000000004
97,1,0.3,0.0931499999999979
97,2,0.3,0.05420000000000104
97,4,0.3,0.05330000000000101
97,8,0.3,0.0319000000000004
98,1,0.3,0.07280000000000014
98,2,0.3,0.0493500000000009
98,4,0.3,0.043950000000000745
98,8,0.3,0.030650000000000364
99,1,0.3,0.06980000000000047
99,2,0.3,0.04835000000000087
99,4,0.3,0.04345000000000073
99,8,0.3,0.03285000000000043
100,1,0.3,0.09729999999999744
100,2,0.3,0.057600000000001136
100,4,0.3,0.039400000000000615
100,8,0.3,0.02665000000000025
101,1,0.3,0.09549999999999764
101,2,0.3,0.07434999999999997
101,4,0.3,0.04820000000000087
101,8,0.3,0.03720000000000055
102,1,0.3,0.08444999999999886
102,2,0.3,0.04830000000000087
102,4,0.3,0.037600000000000564
102,8,0.3,0.031000000000000374
103,1,0.3,0.08629999999999866
103,2,0.3,0.04970000000000091
103,4,0.3,0.04840000000000087
103,8,0.3,0.02905000000000032
104,1,0.3,0.13244999999999357
104,2,0.3,0.06515000000000098
104,4,0.3,0.05035000000000093
104,8,0.3,0.03505000000000049
105,1,0.3,0.07270000000000015
105,2,0.3,0.04490000000000077
105,4,0.3,0.04410000000000075
105,8,0.3,0.035250000000000496
106,1,0.3,0.0795999999999994
106,2,0.3,0.046700000000000824
106,4,0.3,0.0457500000000008
106,8,0.3,0.030300000000000354
107,1,0.3,0.10609999999999647
107,2,0.3,0.05355000000000102
107,4,0.3,0.044250000000000754
107,8,0.3,0.036650000000000536
108,1,0.3,0.08289999999999903
108,2,0.3,0.05465000000000105
108,4,0.3,0.040750000000000654
108,8,0.3,0.031050000000000376
109,1,0.3,0.06700000000000078
109,2,0.3,0.06230000000000127
109,4,0.3,0.04095000000000066
109,8,0.3,0.0318000000000004
110,1,0.3,0.07544999999999985
110,2,0.3,0.04905000000000089
110,4,0.3,0.031350000000000385
110,8,0.3,0.02975000000000034
111,1,0.3,0.10804999999999626
111,2,0.3,0.05800000000000115
111,4,0.3,0.03740000000000056
111,8,0.3,0.03505000000000049
112,1,0.3,0.09699999999999748
112,2,0.3,0.05600000000000109
112,4,0.3,0.050950000000000946
112,8,0.3,0.03440000000000047
113,1,0.3,0.1058499999999965
113,2,0.3,0.052650000000000995
113,4,0.3,0.032800000000000426
113,8,0.3,0.02950000000000033
114,1,0.3,0.0949499999999977
114,2,0.3,0.05210000000000098
114,4,0.3,0.04755000000000085
114,8,0.3,0.03775000000000057
115,1,0.3,0.11714999999999526
115,2,0.3,0.08009999999999934
115,4,0.3,0.06080000000000123
115,8,0.3,0.04295000000000072
116,1,0.3,0.10489999999999661
116,2,0.3,0.05240000000000099
116,4,0.3,0.037350000000000556
116,8,0.3,0.030350000000000356
117,1,0.3,0.08854999999999841
117,2,0.3,0.05150000000000096
117,4,0.3,0.04690000000000083
117,8,0.3,0.03235000000000041
118,1,0.3,0.0885999999999984
118,2,0.3,0.053750000000001026
118,4,0.3,0.037950000000000574
118,8,0.3,0.03785000000000057
119,1,0.3,0.09489999999999771
119,2,0.3,0.07005000000000045
119,4,0.3,0.04070000000000065
119,8,0.3,0.029900000000000343
120,1,0.3,0.09659999999999752
120,2,0.3,0.05240000000000099
120,4,0.3,0.04560000000000079
120,8,0.3,0.028150000000000293
121,1,0.3,0.1112999999999959
121,2,0.3,0.07350000000000007
121,4,0.3,0.05870000000000117
121,8,0.3,0.037300000000000555
122,1,0.3,0.09449999999999775
122,2,0.3,0.08179999999999915
122,4,0.3,0.04855000000000088
122,8,0.3,0.03125000000000038
123,1,0.3,0.08619999999999867
123,2,0.3,0.05005000000000092
123,4,0.3,0.04415000000000075
123,8,0.3,0.028300000000000297
124,1,0.3,0.07969999999999938
124,2,0.3,0.047750000000000854
124,4,0.3,0.03425000000000047
124,8,0.3,0.026400000000000243
125,1,0.3,0.08549999999999874
125,2,0.3,0.07415
125,4,0.3,0.042900000000000715
125,8,0.3,0.029250000000000324
126,1,0.3,0.09899999999999726
126,2,0.3,0.05225000000000098
126,4,0.3,0.04485000000000077
126,8,0.3,0.03680000000000054
127,1,0.3,0.10639999999999644
127,2,0.3,0.0564500000000011
127,4,0.3,0.039400000000000615
127,8,0.3,0.03085000000000037
128,1,0.3,0.0877499999999985
128,2,0.3,0.05260000000000099
128,4,0.3,0.04440000000000076
128,8,0.3,0.0318000000000004
129,1,0.3,0.07824999999999954
129,2,0.3,0.0493500000000009
129,4,0.3,0.04420000000000075
129,8,0.3,0.03395000000000046
130,1,0.3,0.11209999999999581
130,2,0.3,0.06270000000000125
130,4,0.3,0.04890000000000089
130,8,0.3,0.03995000000000063
131,1,0.3,0.09654999999999753
131,2,0.3,0.058250000000001155
131,4,0.3,0.03755000000000056
131,8,0.3,0.0389500000000006
132,1,0.3,0.07395000000000002
132,2,0.3,0.053000000000001005
132,4,0.3,0.03825000000000058
132,8,0.3,0.03120000000000038
133,1,0.3,0.09034999999999821
133,2,0.3,0.06970000000000048
133,4,0.3,0.04155000000000068
133,8,0.3,0.029650000000000336
134,1,0.3,0.06390000000000112
134,2,0.3,0.0686500000000006
134,4,0.3,0.039050000000000605
134,8,0.3,0.032800000000000426
135,1,0.3,0.06815000000000065
135,2,0.3,0.04795000000000086
135,4,0.3,0.03495000000000049
135,8,0.3,0.02975000000000034
136,1,0.3,0.07554999999999984
136,2,0.3,0.07365000000000005
136,4,0.3,0.0494000000000009
136,8,0.3,0.030300000000000354
137,1,0.3,0.06560000000000094
137,2,0.3,0.043550000000000734
137,4,0.3,0.03305000000000043
137,8,0.3,0.027200000000000266
138,1,0.3,0.08929999999999833
138,2,0.3,0.047750000000000854
138,4,0.3,0.04295000000000072
138,8,0.3,0.032800000000000426
139,1,0.3,0.09399999999999781
139,2,0.3,0.06485000000000102
139,4,0.3,0.0423500000000007
139,8,0.3,0.0423500000000007
140,1,0.3,0.08879999999999838
140,2,0.3,0.06225000000000127
140,4,0.3,0.050250000000000926
140,8,0.3,0.03080000000000037
141,1,0.3,0.08849999999999841
141,2,0.3,0.04755000000000085
141,4,0.3,0.056850000000001115
141,8,0.3,0.036900000000000543
142,1,0.3,0.10909999999999614
142,2,0.3,0.052700000000000996
142,4,0.3,0.045300000000000784
142,8,0.3,0.036650000000000536
143,1,0.3,0.1395499999999928
143,2,0.3,0.06905000000000056
143,4,0.3,0.04790000000000086
143,8,0.3,0.03445000000000047
144,1,0.3,0.06695000000000079
144,2,0.3,0.05040000000000093
144,4,0.3,0.038050000000000576
144,8,0.3,0.03860000000000059
145,1,0.3,0.09849999999999731
145,2,0.3,0.052350000000000986
145,4,0.3,0.04260000000000071
145,8,0.3,0.03670000000000054
146,1,0.3,0.0794999999999994
146,2,0.3,0.05155000000000096
146,4,0.3,0.03825000000000058
146,8,0.3,0.03820000000000058
147,1,0.3,0.09269999999999795
147,2,0.3,0.05035000000000093
147,4,0.3,0.04340000000000073
147,8,0.3,0.03510000000000049
148,1,0.3,0.0985999999999973
148,2,0.3,0.05350000000000102
148,4,0.3,0.05005000000000092
148,8,0.3,0.033500000000000446
149,1,0.3,0.0949499999999977
149,2,0.3,0.06255000000000127
149,4,0.3,0.04210000000000069
149,8,0.3,0.03055000000000036
150,1,0.3,0.09814999999999735
150,2,0.3,0.06045000000000122
150,4,0.3,0.03615000000000052
150,8,0.3,0.045700000000000796
151,1,0.3,0.12694999999999418
151,2,0.3,0.06810000000000066
151,4,0.3,0.054750000000001055
151,8,0.3,0.042550000000000705
152,1,0.3,0.07614999999999977
152,2,0.3,0.05000000000000092
152,4,0.3,0.03845000000000059
152,8,0.3,0.028300000000000297
153,1,0.3,0.10284999999999683
153,2,0.3,0.0562500000000011
153,4,0.3,0.05810000000000115
153,8,0.3,0.05485000000000106
154,1,0.3,0.10014999999999713
154,2,0.3,0.07634999999999975
154,4,0.3,0.038650000000000594
154,8,0.3,0.026400000000000243
155,1,0.3,0.09449999999999775
155,2,0.3,0.05565000000000108
155,4,0.3,0.04055000000000065
155,8,0.3,0.03230000000000041
156,1,0.3,0.10064999999999708
156,2,0.3,0.04765000000000085
156,4,0.3,0.03980000000000063
156,8,0.3,0.03410000000000046
157,1,0.3,0.07484999999999992
157,2,0.3,0.05350000000000102
157,4,0.3,0.040450000000000645
157,8,0.3,0.033500000000000446
158,1,0.3,0.06935000000000052
158,2,0.3,0.043950000000000745
158,4,0.3,0.040050000000000634
158,8,0.3,0.03290000000000043
159,1,0.3,0.0704000000000004
159,2,0.3,0.0422500000000007
159,4,0.3,0.03815000000000058
159,8,0.3,0.03855000000000059
160,1,0.3,0.08149999999999918
160,2,0.3,0.064950000000001
160,4,0.3,0.039050000000000605
160,8,0.3,0.02950000000000033
161,1,0.3,0.10819999999999624
161,2,0.3,0.05450000000000105
161,4,0.3,0.040050000000000634
161,8,0.3,0.039350000000000614
162,1,0.3,0.07305000000000011
162,2,0.3,0.06370000000000114
162,4,0.3,0.036300000000000526
162,8,0.3,0.03115000000000038
163,1,0.3,0.092249999999998
163,2,0.3,0.052750000000001
163,4,0.3,0.036950000000000545
163,8,0.3,0.03230000000000041
164,1,0.3,0.08809999999999846
164,2,0.3,0.04485000000000077
164,4,0.3,0.03930000000000061
164,8,0.3,0.036600000000000535
165,1,0.3,0.11144999999999589
165,2,0.3,0.05355000000000102
165,4,0.3,0.035600000000000506
165,8,0.3,0.033150000000000436
166,1,0.3,0.10604999999999648
166,2,0.3,0.04900000000000089
166,4,0.3,0.03610000000000052
166,8,0.3,0.027900000000000286
167,1,0.3,0.10064999999999708
167,2,0.3,0.0714000000000003
167,4,0.3,0.054050000000001035
167,8,0.3,0.04160000000000068
168,1,0.3,0.10729999999999634
168,2,0.3,0.05740000000000113
168,4,0.3,0.043950000000000745
168,8,0.3,0.03375000000000045
169,1,0.3,0.08669999999999861
169,2,0.3,0.053050000000001006
169,4,0.3,0.03675000000000054
169,8,0.3,0.031100000000000377
170,1,0.3,0.10109999999999703
170,2,0.3,0.07380000000000003
170,4,0.3,0.06290000000000123
170,8,0.3,0.05505000000000106
171,1,0.3,0.09364999999999785
171,2,0.3,0.056900000000001116
171,4,0.3,0.042500000000000704
171,8,0.3,0.029950000000000344
172,1,0.3,0.10464999999999663
172,2,0.3,0.05425000000000104
172,4,0.3,0.04835000000000087
172,8,0.3,0.037350000000000556
173,1,0.3,0.09604999999999758
173,2,0.3,0.04900000000000089
173,4,0.3,0.0319000000000004
173,8,0.3,0.026100000000000234
174,1,0.3,0.09234999999999799
174,2,0.3,0.05075000000000094
174,4,0.3,0.03430000000000047
174,8,0.3,0.027500000000000274
175,1,0.3,0.11239999999999578
175,2,0.3,0.057900000000001145
175,4,0.3,0.04910000000000089
175,8,0.3,0.037600000000000564
176,1,0.3,0.09564999999999763
176,2,0.3,0.049550000000000906
176,4,0.3,0.03955000000000062
176,8,0.3,0.02810000000000029
177,1,0.3,0.09899999999999726
177,2,0.3,0.059950000000001204
177,4,0.3,0.04680000000000083
177,8,0.3,0.04140000000000067
178,1,0.3,0.08204999999999912
178,2,0.3,0.05435000000000104
178,4,0.3,0.040050000000000634
178,8,0.3,0.030300000000000354
179,1,0.3,0.09914999999999724
179,2,0.3,0.062450000000001275
179,4,0.3,0.04760000000000085
179,8,0.3,0.02770000000000028
180,1,0.3,0.06815000000000065
180,2,0.3,0.052350000000000986
180,4,0.3,0.03265000000000042
180,8,0.3,0.03290000000000043
181,1,0.3,0.10489999999999661
181,2,0.3,0.06520000000000098
181,4,0.3,0.036300000000000526
181,8,0.3,0.03015000000000035
182,1,0.3,0.08884999999999837
182,2,0.3,0.0695000000000005
182,4,0.3,0.04540000000000079
182,8,0.3,0.027850000000000284
183,1,0.3,0.09609999999999758
183,2,0.3,0.07544999999999985
183,4,0.3,0.040750000000000654
183,8,0.3,0.03130000000000038
184,1,0.3,0.09399999999999781
184,2,0.3,0.05770000000000114
184,4,0.3,0.038750000000000596
184,8,0.3,0.04380000000000074
185,1,0.3,0.10079999999999706
185,2,0.3,0.07934999999999942
185,4,0.3,0.039000000000000604
185,8,0.3,0.032100000000000406
186,1,0.3,0.10294999999999682
186,2,0.3,0.05660000000000111
186,4,0.3,0.037700000000000566
186,8,0.3,0.0354500000000005
187,1,0.3,0.07744999999999963
187,2,0.3,0.04340000000000073
187,4,0.3,0.03960000000000062
187,8,0.3,0.027150000000000264
188,1,0.3,0.08309999999999901
188,2,0.3,0.07464999999999994
188,4,0.3,0.04370000000000074
188,8,0.3,0.031050000000000376
189,1,0.3,0.10004999999999714
189,2,0.3,0.09919999999999723
189,4,0.3,0.0868499999999986
189,8,0.3,0.05085000000000094
190,1,0.3,0.10449999999999665
190,2,0.3,0.052300000000000985
190,4,0.3,0.04030000000000064
190,8,0.3,0.03375000000000045
191,1,0.3,0.07370000000000004
191,2,0.3,0.04620000000000081
191,4,0.3,0.04475000000000077
191,8,0.3,0.03130000000000038
192,1,0.3,0.08184999999999915
192,2,0.3,0.05030000000000093
192,4,0.3,0.05700000000000112
192,8,0.3,0.037650000000000565
193,1,0.3,0.08914999999999834
193,2,0.3,0.06430000000000108
193,4,0.3,0.06430000000000108
193,8,0.3,0.03440000000000047
194,1,0.3,0.07434999999999997
194,2,0.3,0.04615000000000081
194,4,0.3,0.034150000000000465
194,8,0.3,0.02775000000000028
195,1,0.3,0.07704999999999967
195,2,0.3,0.04335000000000073
195,4,0.3,0.03960000000000062
195,8,0.3,0.02700000000000026
196,1,0.3,0.1085499999999962
196,2,0.3,0.06420000000000109
196,4,0.3,0.038400000000000586
196,8,0.3,0.03290000000000043
197,1,0.3,0.10414999999999669
197,2,0.3,0.057950000000001146
197,4,0.3,0.041150000000000665
197,8,0.3,0.030600000000000363
198,1,0.3,0.0967499999999975
198,2,0.3,0.05595000000000109
198,4,0.3,0.037000000000000546
198,8,0.3,0.030350000000000356
199,1,0.3,0.0813499999999992
199,2,0.3,0.05420000000000104
199,4,0.3,0.040800000000000655
199,8,0.3,0.037250000000000554
200,1,0.3,0.11829999999999513
200,2,0.3,0.06965000000000049
200,4,0.3,0.037000000000000546
200,8,0.3,0.0319500000000004
201,1,0.3,0.07814999999999955
201,2,0.3,0.04695000000000083
201,4,0.3,0.03965000000000062
201,8,0.3,0.03400000000000046
202,1,0.3,0.08924999999999833
202,2,0.3,0.053050000000001006
202,4,0.3,0.049550000000000906
202,8,0.3,0.03440000000000047
203,1,0.3,0.0895499999999983
203,2,0.3,0.050550000000000934
203,4,0.3,0.03640000000000053
203,8,0.3,0.027800000000000283
204,1,0.3,0.13454999999999334
204,2,0.3,0.06560000000000094
204,4,0.3,0.042200000000000695
204,8,0.3,0.042200000000000695
205,1,0.3,0.07904999999999945
205,2,0.3,0.049150000000000894
205,4,0.3,0.039450000000000617
205,8,0.3,0.03255000000000042
206,1,0.3,0.0803999999999993
206,2,0.3,0.06875000000000059
206,4,0.3,0.040050000000000634
206,8,0.3,0.03050000000000036
207,1,0.3,0.07709999999999967
207,2,0.3,0.053750000000001026
207,4,0.3,0.05210000000000098
207,8,0.3,0.03655000000000053
208,1,0.3,0.10099999999999704
208,2,0.3,0.052000000000000976
208,4,0.3,0.05080000000000094
208,8,0.3,0.032450000000000416
209,1,0.3,0.08234999999999909
209,2,0.3,0.04275000000000071
209,4,0.3,0.037000000000000546
209,8,0.3,0.02905000000000032
210,1,0.3,0.09964999999999719
210,2,0.3,0.05570000000000108
210,4,0.3,0.04545000000000079
210,8,0.3,0.033500000000000446
211,1,0.3,0.12884999999999397
211,2,0.3,0.0659000000000009
211,4,0.3,0.0389500000000006
211,8,0.3,0.03020000000000035
212,1,0.3,0.08354999999999896
212,2,0.3,0.05560000000000108
212,4,0.3,0.03855000000000059
212,8,0.3,0.0318500000000004
213,1,0.3,0.0776999999999996
213,2,0.3,0.05415000000000104
213,4,0.3,0.05080000000000094
213,8,0.3,0.031050000000000376
214,1,0.3,0.08609999999999868
214,2,0.3,0.04265000000000071
214,4,0.3,0.03435000000000047
214,8,0.3,0.028600000000000306
215,1,0.3,0.06975000000000048
215,2,0.3,0.05115000000000095
215,4,0.3,0.044650000000000765
215,8,0.3,0.030350000000000356
216,1,0.3,0.08189999999999914
216,2,0.3,0.049500000000000904
216,4,0.3,0.049500000000000904
216,8,0.3,0.038700000000000595
217,1,0.3,0.08274999999999905
217,2,0.3,0.052850000000001
217,4,0.3,0.04105000000000066
217,8,0.3,0.03220000000000041
218,1,0.3,0.09754999999999742
218,2,0.3,0.05810000000000115
218,4,0.3,0.05800000000000115
218,8,0.3,0.04350000000000073
219,1,0.3,0.10259999999999686
219,2,0.3,0.051950000000000975
219,4,0.3,0.04765000000000085
219,8,0.3,0.03670000000000054
220,1,0.3,0.10489999999999661
220,2,0.3,0.05495000000000106
220,4,0.3,0.03670000000000054
220,8,0.3,0.028950000000000316
221,1,0.3,0.09004999999999824
221,2,0.3,0.04695000000000083
221,4,0.3,0.04690000000000083
221,8,0.3,0.032450000000000416
222,1,0.3,0.07784999999999959
222,2,0.3,0.04805000000000086
222,4,0.3,0.04125000000000067
222,8,0.3,0.029550000000000333
223,1,0.3,0.09699999999999748
223,2,0.3,0.0492500000000009
223,4,0.3,0.03425000000000047
223,8,0.3,0.031050000000000376
224,1,0.3,0.10394999999999671
224,2,0.3,0.06965000000000049
224,4,0.3,0.035900000000000515
224,8,0.3,0.040400000000000644
225,1,0.3,0.092199999999998
225,2,0.3,0.05120000000000095
225,4,0.3,0.04550000000000079
225,8,0.3,0.03820000000000058
226,1,0.3,0.07604999999999978
226,2,0.3,0.058650000000001166
226,4,0.3,0.03785000000000057
226,8,0.3,0.03270000000000042
227,1,0.3,0.06560000000000094
227,2,0.3,0.04800000000000086
227,4,0.3,0.03745000000000056
227,8,0.3,0.028900000000000314
228,1,0.3,0.07330000000000009
228,2,0.3,0.07330000000000009
228,4,0.3,0.04265000000000071
228,8,0.3,0.02630000000000024
229,1,0.3,0.06090000000000123
229,2,0.3,0.050900000000000944
229,4,0.3,0.03365000000000045
229,8,0.3,0.030050000000000347
230,1,0.3,0.09329999999999788
230,2,0.3,0.05390000000000103
230,4,0.3,0.03615000000000052
230,8,0.3,0.0318500000000004
231,1,0.3,0.11529999999999546
231,2,0.3,0.05070000000000094
231,4,0.3,0.04170000000000068
231,8,0.3,0.03430000000000047
232,1,0.3,0.07929999999999943
232,2,0.3,0.06185000000000126
232,4,0.3,0.03405000000000046
232,8,0.3,0.03260000000000042
233,1,0.3,0.1022499999999969
233,2,0.3,0.058550000000001164
233,4,0.3,0.04785000000000086
233,8,0.3,0.03220000000000041
234,1,0.3,0.09974999999999717
234,2,0.3,0.0786499999999995
234,4,0.3,0.04975000000000091
234,8,0.3,0.03425000000000047
235,1,0.3,0.07449999999999996
235,2,0.3,0.07195000000000024
235,4,0.3,0.04160000000000068
235,8,0.3,0.02805000000000029
236,1,0.3,0.06975000000000048
236,2,0.3,0.07619999999999977
236,4,0.3,0.05705000000000112
236,8,0.3,0.03755000000000056
237,1,0.3,0.10144999999999699
237,2,0.3,0.05425000000000104
237,4,0.3,0.03510000000000049
237,8,0.3,0.032750000000000425
238,1,0.3,0.10484999999999661
238,2,0.3,0.05365000000000102
238,4,0.3,0.032050000000000405
238,8,0.3,0.029600000000000334
239,1,0.3,0.1257999999999943
239,2,0.3,0.06290000000000123
239,4,0.3,0.04865000000000088
239,8,0.3,0.036950000000000545
240,1,0.3,0.1157999999999954
240,2,0.3,0.06675000000000081
240,4,0.3,0.047050000000000834
240,8,0.3,0.03085000000000037
241,1,0.3,0.09839999999999732
241,2,0.3,0.07330000000000009
241,4,0.3,0.036900000000000543
241,8,0.3,0.03015000000000035
242,1,0.3,0.07514999999999988
242,2,0.3,0.046050000000000806
242,4,0.3,0.0389500000000006
242,8,0.3,0.036300000000000526
243,1,0.3,0.08024999999999932
243,2,0.3,0.056150000000001095
243,4,0.3,0.043200000000000724
243,8,0.3,0.031050000000000376
244,1,0.3,0.09304999999999791
244,2,0.3,0.04790000000000086
244,4,0.3,0.03445000000000047
244,8,0.3,0.03445000000000047
245,1,0.3,0.09034999999999821
245,2,0.3,0.046400000000000816
245,4,0.3,0.03745000000000056
245,8,0.3,0.03460000000000048
246,1,0.3,0.09604999999999758
246,2,0.3,0.06475000000000103
246,4,0.3,0.03825000000000058
246,8,0.3,0.027800000000000283
247,1,0.3,0.09729999999999744
247,2,0.3,0.05250000000000099
247,4,0.3,0.035200000000000495
247,8,0.3,0.031100000000000377
248,1,0.3,0.10994999999999605
248,2,0.3,0.0714000000000003
248,4,0.3,0.04515000000000078
248,8,0.3,0.03920000000000061
249,1,0.3,0.08909999999999835
249,2,0.3,0.07459999999999994
249,4,0.3,0.044300000000000755
249,8,0.3,0.03495000000000049
250,1,0.3,0.09649999999999753
250,2,0.3,0.07000000000000045
250,4,0.3,0.04155000000000068
250,8,0.3,0.036900000000000543
251,1,0.3,0.07070000000000037
251,2,0.3,0.05240000000000099
251,4,0.3,0.04960000000000091
251,8,0.3,0.0355000000000005
252,1,0.3,0.07874999999999949
252,2,0.3,0.057600000000001136
252,4,0.3,0.03250000000000042
252,8,0.3,0.029350000000000327
253,1,0.3,0.07424999999999998
253,2,0.3,0.046000000000000804
253,4,0.3,0.03565000000000051
253,8,0.3,0.028550000000000304
254,1,0.3,0.12279999999999464
254,2,0.3,0.057550000000001135
254,4,0.3,0.03925000000000061
254,8,0.3,0.02810000000000029
255,1,0.3,0.08289999999999903
255,2,0.3,0.04735000000000084
255,4,0.3,0.05355000000000102
255,8,0.3,0.04660000000000082
256,1,0.3,0.10564999999999652
256,2,0.3,0.05610000000000109
256,4,0.3,0.04435000000000076
256,8,0.3,0.0284000000000003
257,1,0.3,0.0758999999999998
257,2,0.3,0.04520000000000078
257,4,0.3,0.0353000000000005
257,8,0.3,0.03445000000000047
258,1,0.3,0.08569999999999872
258,2,0.3,0.0598500000000012
258,4,0.3,0.0354000000000005
258,8,0.3,0.03305000000000043
259,1,0.3,0.08754999999999852
259,2,0.3,0.06260000000000127
259,4,0.3,0.04860000000000088
259,8,0.3,0.034500000000000475
260,1,0.3,0.10429999999999667
260,2,0.3,0.05185000000000097
260,4,0.3,0.04960000000000091
260,8,0.3,0.03955000000000062
261,1,0.3,0.08799999999999847
261,2,0.3,0.04840000000000087
261,4,0.3,0.04865000000000088
261,8,0.3,0.0319000000000004
262,1,0.3,0.10054999999999709
262,2,0.3,0.04980000000000091
262,4,0.3,0.04510000000000078
262,8,0.3,0.0318000000000004
263,1,0.3,0.08344999999999897
263,2,0.3,0.0458000000000008
263,4,0.3,0.03845000000000059
263,8,0.3,0.031400000000000386
264,1,0.3,0.0876499999999985
264,2,0.3,0.05940000000000119
264,4,0.3,0.03925000000000061
264,8,0.3,0.032400000000000415
265,1,0.3,0.07724999999999965
265,2,0.3,0.052350000000000986
265,4,0.3,0.042550000000000705
265,8,0.3,0.04170000000000068
266,1,0.3,0.1094499999999961
266,2,0.3,0.08069999999999927
266,4,0.3,0.06640000000000085
266,8,0.3,0.04050000000000065
267,1,0.3,0.09749999999999742
267,2,0.3,0.08269999999999905
267,4,0.3,0.056550000000001106
267,8,0.3,0.03410000000000046
268,1,0.3,0.0876999999999985
268,2,0.3,0.04995000000000092
268,4,0.3,0.036650000000000536
268,8,0.3,0.0284500000000003
269,1,0.3,0.10019999999999712
269,2,0.3,0.06075000000000123
269,4,0.3,0.04825000000000087
269,8,0.3,0.03255000000000042
270,1,0.3,0.0786499999999995
270,2,0.3,0.05500000000000106
270,4,0.3,0.04375000000000074
270,8,0.3,0.04380000000000074
271,1,0.3,0.08999999999999825
271,2,0.3,0.0695000000000005
271,4,0.3,0.039450000000000617
271,8,0.3,0.03165000000000039
272,1,0.3,0.11154999999999587
272,2,0.3,0.05605000000000109
272,4,0.3,0.04905000000000089
272,8,0.3,0.04280000000000071
273,1,0.3,0.11239999999999578
273,2,0.3,0.11239999999999578
273,4,0.3,0.052300000000000985
273,8,0.3,0.04260000000000071
274,1,0.3,0.11604999999999538
274,2,0.3,0.059300000000001185
274,4,0.3,0.04015000000000064
274,8,0.3,0.03395000000000046
275,1,0.3,0.08929999999999833
275,2,0.3,0.06310000000000121
275,4,0.3,0.0492500000000009
275,8,0.3,0.035600000000000506
276,1,0.3,0.11529999999999546
276,2,0.3,0.06040000000000122
276,4,0.3,0.04760000000000085
276,8,0.3,0.036600000000000535
277,1,0.3,0.09804999999999736
277,2,0.3,0.05240000000000099
277,4,0.3,0.04330000000000073
277,8,0.3,0.03270000000000042
278,1,0.3,0.09594999999999759
278,2,0.3,0.05050000000000093
278,4,0.3,0.047800000000000856
278,8,0.3,0.02945000000000033
279,1,0.3,0.09329999999999788
279,2,0.3,0.05010000000000092
279,4,0.3,0.050200000000000924
279,8,0.3,0.032750000000000425
280,1,0.3,0.10294999999999682
280,2,0.3,0.052850000000001
280,4,0.3,0.04200000000000069
280,8,0.3,0.03125000000000038
281,1,0.3,0.11099999999999594
281,2,0.3,0.07390000000000002
281,4,0.3,0.03750000000000056
281,8,0.3,0.02905000000000032
282,1,0.3,0.07819999999999955
282,2,0.3,0.07819999999999955
282,4,0.3,0.04505000000000078
282,8,0.3,0.03360000000000045
283,1,0.3,0.08299999999999902
283,2,0.3,0.0493500000000009
283,4,0.3,0.04835000000000087
283,8,0.3,0.028150000000000293
284,1,0.3,0.07714999999999966
284,2,0.3,0.048850000000000886
284,4,0.3,0.0494000000000009
284,8,0.3,0.037000000000000546
285,1,0.3,0.07260000000000016
285,2,0.3,0.05810000000000115
285,4,0.3,0.05810000000000115
285,8,0.3,0.03390000000000046
286,1,0.3,0.07095000000000035
286,2,0.3,0.05210000000000098
286,4,0.3,0.04615000000000081
286,8,0.3,0.03585000000000051
287,1,0.3,0.08829999999999844
287,2,0.3,0.052850000000001
287,4,0.3,0.052850000000001
287,8,0.3,0.031400000000000386
288,1,0.3,0.06340000000000118
288,2,0.3,0.06510000000000099
288,4,0.3,0.04385000000000074
288,8,0.3,0.03470000000000048
289,1,0.3,0.09879999999999728
289,2,0.3,0.05705000000000112
289,4,0.3,0.0713500000000003
289,8,0.3,0.039450000000000617
290,1,0.3,0.09449999999999775
290,2,0.3,0.06280000000000124
290,4,0.3,0.039400000000000615
290,8,0.3,0.02625000000000024
291,1,0.3,0.10794999999999627
291,2,0.3,0.0563000000000011
291,4,0.3,0.04615000000000081
291,8,0.3,0.03010000000000035
292,1,0.3,0.09524999999999767
292,2,0.3,0.04835000000000087
292,4,0.3,0.046350000000000814
292,8,0.3,0.0283500000000003
293,1,0.3,0.07100000000000034
293,2,0.3,0.0714000000000003
293,4,0.3,0.04160000000000068
293,8,0.3,0.03285000000000043
294,1,0.3,0.08079999999999926
294,2,0.3,0.05590000000000109
294,4,0.3,0.03515000000000049
294,8,0.3,0.03330000000000044
295,1,0.3,0.09339999999999787
295,2,0.3,0.048500000000000876
295,4,0.3,0.03440000000000047
295,8,0.3,0.03410000000000046
296,1,0.3,0.10324999999999679
296,2,0.3,0.05240000000000099
296,4,0.3,0.04385000000000074
296,8,0.3,0.03740000000000056
297,1,0.3,0.10504999999999659
297,2,0.3,0.07759999999999961
297,4,0.3,0.044300000000000755
297,8,0.3,0.029550000000000333
298,1,0.3,0.12604999999999428
298,2,0.3,0.06555000000000094
298,4,0.3,0.038700000000000595
298,8,0.3,0.03260000000000042
299,1,0.3,0.10004999999999714
299,2,0.3,0.08104999999999923
299,4,0.3,0.05065000000000094
299,8,0.3,0.041100000000000664
300,1,0.3,0.10364999999999674
300,2,0.3,0.09074999999999817
300,4,0.3,0.06435000000000107
300,8,0.3,0.038650000000000594
301,1,0.3,0.09069999999999817
301,2,0.3,0.058550000000001164
301,4,0.3,0.04020000000000064
301,8,0.3,0.043250000000000725
302,1,0.3,0.08564999999999873
302,2,0.3,0.06585000000000091
302,4,0.3,0.047050000000000834
302,8,0.3,0.03145000000000039
303,1,0.3,0.08519999999999878
303,2,0.3,0.04615000000000081
303,4,0.3,0.06080000000000123
303,8,0.3,0.03680000000000054
304,1,0.3,0.06795000000000068
304,2,0.3,0.05740000000000113
304,4,0.3,0.04380000000000074
304,8,0.3,0.03295000000000043
305,1,0.3,0.0949499999999977
305,2,0.3,0.07794999999999958
305,4,0.3,0.06525000000000097
305,8,0.3,0.047050000000000834
306,1,0.3,0.07020000000000043
306,2,0.3,0.04190000000000069
306,4,0.3,0.03605000000000052
306,8,0.3,0.03215000000000041
307,1,0.3,0.09664999999999752
307,2,0.3,0.0563500000000011
307,4,0.3,0.04525000000000078
307,8,0.3,0.03300000000000043
308,1,0.3,0.10149999999999698
308,2,0.3,0.049900000000000916
308,4,0.3,0.03955000000000062
308,8,0.3,0.03235000000000041
309,1,0.3,0.10389999999999672
309,2,0.3,0.051300000000000956
309,4,0.3,0.03465000000000048
309,8,0.3,0.029200000000000323
310,1,0.3,0.08064999999999928
310,2,0.3,0.05240000000000099
310,4,0.3,0.03980000000000063
310,8,0.3,0.032050000000000405
311,1,0.3,0.09614999999999757
311,2,0.3,0.06375000000000114
311,4,0.3,0.04385000000000074
311,8,0.3,0.030650000000000364
312,1,0.3,0.06920000000000054
312,2,0.3,0.04685000000000083
312,4,0.3,0.02980000000000034
312,8,0.3,0.03340000000000044
313,1,0.3,0.11359999999999565
313,2,0.3,0.04695000000000083
313,4,0.3,0.03410000000000046
313,8,0.3,0.03235000000000041
314,1,0.3,0.10004999999999714
314,2,0.3,0.062400000000001274
314,4,0.3,0.04840000000000087
314,8,0.3,0.03810000000000058
315,1,0.3,0.11169999999999586
315,2,0.3,0.052300000000000985
315,4,0.3,0.053400000000001016
315,8,0.3,0.02975000000000034
316,1,0.3,0.07190000000000024
316,2,0.3,0.04790000000000086
316,4,0.3,0.04095000000000066
316,8,0.3,0.02665000000000025
317,1,0.3,0.11624999999999536
317,2,0.3,0.05660000000000111
317,4,0.3,0.04445000000000076
317,8,0.3,0.03300000000000043
318,1,0.3,0.07405
318,2,0.3,0.04000000000000063
318,4,0.3,0.03820000000000058
318,8,0.3,0.03360000000000045
319,1,0.3,0.11324999999999569
319,2,0.3,0.06040000000000122
319,4,0.3,0.04340000000000073
319,8,0.3,0.03150000000000039
320,1,0.3,0.10794999999999627
320,2,0.3,0.05660000000000111
320,4,0.3,0.032450000000000416
320,8,0.3,0.034850000000000485
321,1,0.3,0.08479999999999882
321,2,0.3,0.04755000000000085
321,4,0.3,0.042550000000000705
321,8,0.3,0.03160000000000039
322,1,0.3,0.08999999999999825
322,2,0.3,0.04895000000000089
322,4,0.3,0.034550000000000476
322,8,0.3,0.028200000000000294
323,1,0.3,0.12179999999999475
323,2,0.3,0.04730000000000084
323,4,0.3,0.037600000000000564
323,8,0.3,0.03145000000000039
324,1,0.3,0.12554999999999433
324,2,0.3,0.06260000000000127
324,4,0.3,0.04345000000000073
324,8,0.3,0.03300000000000043
325,1,0.3,0.08609999999999868
325,2,0.3,0.04755000000000085
325,4,0.3,0.04060000000000065
325,8,0.3,0.027550000000000276
326,1,0.3,0.08434999999999887
326,2,0.3,0.05250000000000099
326,4,0.3,0.044600000000000764
326,8,0.3,0.030650000000000364
327,1,0.3,0.09634999999999755
327,2,0.3,0.055500000000001076
327,4,0.3,0.04100000000000066
327,8,0.3,0.03395000000000046
328,1,0.3,0.09374999999999784
328,2,0.3,0.05735000000000113
328,4,0.3,0.045000000000000775
328,8,0.3,0.03750000000000056
329,1,0.3,0.08929999999999833
329,2,0.3,0.05400000000000103
329,4,0.3,0.03650000000000053
329,8,0.3,0.03745000000000056
330,1,0.3,0.07619999999999977
330,2,0.3,0.05325000000000101
330,4,0.3,0.04170000000000068
330,8,0.3,0.03515000000000049
331,1,0.3,0.1022499999999969
331,2,0.3,0.07424999999999998
331,4,0.3,0.04380000000000074
331,8,0.3,0.03010000000000035
332,1,0.3,0.07999999999999935
332,2,0.3,0.04380000000000074
332,4,0.3,0.03580000000000051
332,8,0.3,0.03085000000000037
333,1,0.3,0.09214999999999801
333,2,0.3,0.06920000000000054
333,4,0.3,0.038400000000000586
333,8,0.3,0.03235000000000041
334,1,0.3,0.09004999999999824
334,2,0.3,0.061700000000001254
334,4,0.3,0.044600000000000764
334,8,0.3,0.027150000000000264
335,1,0.3,0.07689999999999969
335,2,0.3,0.05915000000000118
335,4,0.3,0.04470000000000077
335,8,0.3,0.034150000000000465
336,1,0.3,0.09329999999999788
336,2,0.3,0.04695000000000083
336,4,0.3,0.03775000000000057
336,8,0.3,0.03285000000000043
337,1,0.3,0.08279999999999904
337,2,0.3,0.04770000000000085
337,4,0.3,0.042850000000000714
337,8,0.3,0.031350000000000385
338,1,0.3,0.09334999999999788
338,2,0.3,0.0599000000000012
338,4,0.3,0.043950000000000745
338,8,0.3,0.029650000000000336
339,1,0.3,0.1003999999999971
339,2,0.3,0.052650000000000995
339,4,0.3,0.038000000000000575
339,8,0.3,0.03580000000000051
340,1,0.3,0.10809999999999625
340,2,0.3,0.052750000000001
340,4,0.3,0.04685000000000083
340,8,0.3,0.03575000000000051
341,1,0.3,0.08874999999999839
341,2,0.3,0.06480000000000102
341,4,0.3,0.049550000000000906
341,8,0.3,0.0388000000000006
342,1,0.3,0.07964999999999939
342,2,0.3,0.0424500000000007
342,4,0.3,0.04870000000000088
342,8,0.3,0.035950000000000516
343,1,0.3,0.10649999999999643
343,2,0.3,0.05770000000000114
343,4,0.3,0.043550000000000734
343,8,0.3,0.03370000000000045
344,1,0.3,0.08989999999999826
344,2,0.3,0.04400000000000075
344,4,0.3,0.053050000000001006
344,8,0.3,0.029900000000000343
345,1,0.3,0.1212999999999948
345,2,0.3,0.07275000000000015
345,4,0.3,0.041100000000000664
345,8,0.3,0.034550000000000476
346,1,0.3,0.10014999999999713
346,2,0.3,0.10014999999999713
346,4,0.3,0.05015000000000092
346,8,0.3,0.02940000000000033
347,1,0.3,0.10059999999999708
347,2,0.3,0.06905000000000056
347,4,0.3,0.0424500000000007
347,8,0.3,0.03570000000000051
348,1,0.3,0.10214999999999691
348,2,0.3,0.05425000000000104
348,4,0.3,0.0354000000000005
348,8,0.3,0.029250000000000324
349,1,0.3,0.09834999999999733
349,2,0.3,0.07839999999999953
349,4,0.3,0.038650000000000594
349,8,0.3,0.031000000000000374
350,1,0.3,0.07574999999999982
350,2,0.3,0.059350000000001187
350,4,0.3,0.03960000000000062
350,8,0.3,0.03235000000000041
351,1,0.3,0.10909999999999614
351,2,0.3,0.06790000000000068
351,4,0.3,0.05075000000000094
351,8,0.3,0.03285000000000043
352,1,0.3,0.0913999999999981
352,2,0.3,0.057950000000001146
352,4,0.3,0.0320000000000004
352,8,0.3,0.032800000000000426
353,1,0.3,0.11414999999999559
353,2,0.3,0.06015000000000121
353,4,0.3,0.04685000000000083
353,8,0.3,0.03820000000000058
354,1,0.3,0.08734999999999854
354,2,0.3,0.049150000000000894
354,4,0.3,0.045000000000000775
354,8,0.3,0.029200000000000323
355,1,0.3,0.1076499999999963
355,2,0.3,0.05705000000000112
355,4,0.3,0.0459000000000008
355,8,0.3,0.032050000000000405
356,1,0.3,0.09999999999999715
356,2,0.3,0.06550000000000095
356,4,0.3,0.045700000000000796
356,8,0.3,0.038050000000000576
357,1,0.3,0.12159999999999477
357,2,0.3,0.07015000000000043
357,4,0.3,0.04480000000000077
357,8,0.3,0.03015000000000035
358,1,0.3,0.08364999999999895
358,2,0.3,0.06045000000000122
358,4,0.3,0.05850000000000116
358,8,0.3,0.03965000000000062
359,1,0.3,0.08644999999999864
359,2,0.3,0.06345000000000117
359,4,0.3,0.04755000000000085
359,8,0.3,0.03020000000000035
360,1,0.3,0.09054999999999819
360,2,0.3,0.07030000000000042
360,4,0.3,0.05380000000000103
360,8,0.3,0.050900000000000944
361,1,0.3,0.07015000000000043
361,2,0.3,0.04130000000000067
361,4,0.3,0.03780000000000057
361,8,0.3,0.028650000000000307
362,1,0.3,0.09534999999999766
362,2,0.3,0.05770000000000114
362,4,0.3,0.04900000000000089
362,8,0.3,0.03705000000000055
363,1,0.3,0.11714999999999526
363,2,0.3,0.06780000000000069
363,4,0.3,0.04485000000000077
363,8,0.3,0.032750000000000425
364,1,0.3,0.10059999999999708
364,2,0.3,0.05155000000000096
364,4,0.3,0.038650000000000594
364,8,0.3,0.029650000000000336
365,1,0.3,0.08849999999999841
365,2,0.3,0.05425000000000104
365,4,0.3,0.04555000000000079
365,8,0.3,0.03290000000000043
366,1,0.3,0.1293999999999939
366,2,0.3,0.0597500000000012
366,4,0.3,0.03750000000000056
366,8,0.3,0.03295000000000043
367,1,0.3,0.07295000000000013
367,2,0.3,0.04665000000000082
367,4,0.3,0.04105000000000066
367,8,0.3,0.032100000000000406
368,1,0.3,0.061700000000001254
368,2,0.3,0.042900000000000715
368,4,0.3,0.03375000000000045
368,8,0.3,0.030400000000000357
369,1,0.3,0.10639999999999644
369,2,0.3,0.05105000000000095
369,4,0.3,0.03565000000000051
369,8,0.3,0.02915000000000032
370,1,0.3,0.10149999999999698
370,2,0.3,0.05105000000000095
370,4,0.3,0.03255000000000042
370,8,0.3,0.02775000000000028
371,1,0.3,0.07619999999999977
371,2,0.3,0.05485000000000106
371,4,0.3,0.036300000000000526
371,8,0.3,0.04085000000000066
372,1,0.3,0.0876999999999985
372,2,0.3,0.047800000000000856
372,4,0.3,0.043950000000000745
372,8,0.3,0.03430000000000047
373,1,0.3,0.10019999999999712
373,2,0.3,0.06260000000000127
373,4,0.3,0.047100000000000836
373,8,0.3,0.0353000000000005
374,1,0.3,0.09979999999999717
374,2,0.3,0.04965000000000091
374,4,0.3,0.04210000000000069
374,8,0.3,0.036300000000000526
375,1,0.3,0.09919999999999723
375,2,0.3,0.05260000000000099
375,4,0.3,0.03640000000000053
375,8,0.3,0.02985000000000034
376,1,0.3,0.07619999999999977
376,2,0.3,0.05100000000000095
376,4,0.3,0.03335000000000044
376,8,0.3,0.03080000000000037
377,1,0.3,0.09794999999999737
377,2,0.3,0.07749999999999962
377,4,0.3,0.03980000000000063
377,8,0.3,0.03120000000000038
378,1,0.3,0.10119999999999701
378,2,0.3,0.052750000000001
378,4,0.3,0.03255000000000042
378,8,0.3,0.03825000000000058
379,1,0.3,0.08344999999999897
379,2,0.3,0.04715000000000084
379,4,0.3,0.04315000000000072
379,8,0.3,0.031700000000000395
380,1,0.3,0.07270000000000015
380,2,0.3,0.04760000000000085
380,4,0.3,0.04270000000000071
380,8,0.3,0.03645000000000053
381,1,0.3,0.09519999999999768
381,2,0.3,0.06010000000000121
381,4,0.3,0.04310000000000072
381,8,0.3,0.031350000000000385
382,1,0.3,0.08344999999999897
382,2,0.3,0.07055000000000039
382,4,0.3,0.038000000000000575
382,8,0.3,0.030600000000000363
383,1,0.3,0.07759999999999961
383,2,0.3,0.07759999999999961
383,4,0.3,0.04860000000000088
383,8,0.3,0.02985000000000034
384,1,0.3,0.08574999999999872
384,2,0.3,0.0492500000000009
384,4,0.3,0.03750000000000056
384,8,0.3,0.03355000000000045
385,1,0.3,0.10484999999999661
385,2,0.3,0.07439999999999997
385,4,0.3,0.041800000000000684
385,8,0.3,0.028950000000000316
386,1,0.3,0.10449999999999665
386,2,0.3,0.05325000000000101
386,4,0.3,0.03585000000000051
386,8,0.3,0.0318500000000004
387,1,0.3,0.10284999999999683
387,2,0.3,0.04975000000000091
387,4,0.3,0.04660000000000082
387,8,0.3,0.02975000000000034
388,1,0.3,0.09749999999999742
388,2,0.3,0.06785000000000069
388,4,0.3,0.04785000000000086
388,8,0.3,0.03980000000000063
389,1,0.3,0.09654999999999753
389,2,0.3,0.06150000000000125
389,4,0.3,0.04735000000000084
389,8,0.3,0.03610000000000052
390,1,0.3,0.0931499999999979
390,2,0.3,0.048150000000000866
390,4,0.3,0.037700000000000566
390,8,0.3,0.035950000000000516
391,1,0.3,0.08244999999999908
391,2,0.3,0.06420000000000109
391,4,0.3,0.047050000000000834
391,8,0.3,0.029350000000000327
392,1,0.3,0.09964999999999719
392,2,0.3,0.08019999999999933
392,4,0.3,0.06330000000000119
392,8,0.3,0.043600000000000735
393,1,0.3,0.10424999999999668
393,2,0.3,0.05665000000000111
393,4,0.3,0.048850000000000886
393,8,0.3,0.037250000000000554
394,1,0.3,0.09669999999999751
394,2,0.3,0.04820000000000087
394,4,0.3,0.04490000000000077
394,8,0.3,0.028900000000000314
395,1,0.3,0.1313499999999937
395,2,0.3,0.10269999999999685
395,4,0.3,0.05105000000000095
395,8,0.3,0.0355000000000005
396,1,0.3,0.10074999999999706
396,2,0.3,0.04835000000000087
396,4,0.3,0.03125000000000038
396,8,0.3,0.03235000000000041
397,1,0.3,0.08689999999999859
397,2,0.3,0.07534999999999986
397,4,0.3,0.034850000000000485
397,8,0.3,0.031050000000000376
398,1,0.3,0.10519999999999657
398,2,0.3,0.05745000000000113
398,4,0.3,0.03305000000000043
398,8,0.3,0.03335000000000044
399,1,0.3,0.10749999999999632
399,2,0.3,0.052000000000000976
399,4,0.3,0.05380000000000103
399,8,0.3,0.0320000000000004
400,1,0.3,0.07919999999999944
400,2,0.3,0.04510000000000078
400,4,0.3,0.038700000000000595
400,8,0.3,0.035550000000000505
401,1,0.3,0.0704000000000004
401,2,0.3,0.05240000000000099
401,4,0.3,0.035900000000000515
401,8,0.3,0.03045000000000036
402,1,0.3,0.07664999999999972
402,2,0.3,0.05350000000000102
402,4,0.3,0.05525000000000107
402,8,0.3,0.032450000000000416
403,1,0.3,0.07484999999999992
403,2,0.3,0.04795000000000086
403,4,0.3,0.033150000000000436
403,8,0.3,0.03705000000000055
404,1,0.3,0.11484999999999551
404,2,0.3,0.056850000000001115
404,4,0.3,0.04170000000000068
404,8,0.3,0.04525000000000078
405,1,0.3,0.08219999999999911
405,2,0.3,0.05805000000000115
405,4,0.3,0.042150000000000694
405,8,0.3,0.03510000000000049
406,1,0.3,0.10609999999999647
406,2,0.3,0.05915000000000118
406,4,0.3,0.037300000000000555
406,8,0.3,0.030400000000000357
407,1,0.3,0.10504999999999659
407,2,0.3,0.07405
407,4,0.3,0.05390000000000103
407,8,0.3,0.03270000000000042
408,1,0.3,0.08434999999999887
408,2,0.3,0.07190000000000024
408,4,0.3,0.03470000000000048
408,8,0.3,0.02730000000000027
409,1,0.3,0.0886499999999984
409,2,0.3,0.05115000000000095
409,4,0.3,0.054450000000001046
409,8,0.3,0.039350000000000614
410,1,0.3,0.10179999999999695
410,2,0.3,0.05845000000000116
410,4,0.3,0.040800000000000655
410,8,0.3,0.02695000000000026
411,1,0.3,0.08979999999999827
411,2,0.3,0.05000000000000092
411,4,0.3,0.03745000000000056
411,8,0.3,0.02880000000000031
412,1,0.3,0.0967499999999975
412,2,0.3,0.04770000000000085
412,4,0.3,0.035550000000000505
412,8,0.3,0.035950000000000516
413,1,0.3,0.08199999999999913
413,2,0.3,0.0641000000000011
413,4,0.3,0.049500000000000904
413,8,0.3,0.030250000000000353
414,1,0.3,0.06780000000000069
414,2,0.3,0.04365000000000074
414,4,0.3,0.035250000000000496
414,8,0.3,0.026900000000000257
415,1,0.3,0.08514999999999878
415,2,0.3,0.051250000000000955
415,4,0.3,0.03705000000000055
415,8,0.3,0.028250000000000296
416,1,0.3,0.11239999999999578
416,2,0.3,0.05540000000000107
416,4,0.3,0.04510000000000078
416,8,0.3,0.03850000000000059
417,1,0.3,0.10974999999999607
417,2,0.3,0.07979999999999937
417,4,0.3,0.057850000000001144
417,8,0.3,0.0354000000000005
418,1,0.3,0.09159999999999807
418,2,0.3,0.05380000000000103
418,4,0.3,0.04125000000000067
418,8,0.3,0.030350000000000356
419,1,0.3,0.0812999999999992
419,2,0.3,0.06305000000000122
419,4,0.3,0.05535000000000107
419,8,0.3,0.037300000000000555
420,1,0.3,0.08424999999999888
420,2,0.3,0.06005000000000121
420,4,0.3,0.039100000000000606
420,8,0.3,0.02800000000000029
421,1,0.3,0.07539999999999986
421,2,0.3,0.050250000000000926
421,4,0.3,0.04175000000000068
421,8,0.3,0.03335000000000044
422,1,0.3,0.09289999999999793
422,2,0.3,0.05155000000000096
422,4,0.3,0.041450000000000674
422,8,0.3,0.031100000000000377
423,1,0.3,0.09744999999999743
423,2,0.3,0.05415000000000104
423,4,0.3,0.03950000000000062
423,8,0.3,0.027500000000000274
424,1,0.3,0.08384999999999893
424,2,0.3,0.055150000000001066
424,4,0.3,0.030650000000000364
424,8,0.3,0.03050000000000036
425,1,0.3,0.08969999999999828
425,2,0.3,0.050550000000000934
425,4,0.3,0.03410000000000046
425,8,0.3,0.030950000000000373
426,1,0.3,0.101349999999997
426,2,0.3,0.059950000000001204
426,4,0.3,0.0459000000000008
426,8,0.3,0.02945000000000033
427,1,0.3,0.09939999999999721
427,2,0.3,0.05395000000000103
427,4,0.3,0.0389500000000006
427,8,0.3,0.03305000000000043
428,1,0.3,0.08869999999999839
428,2,0.3,0.05395000000000103
428,4,0.3,0.046050000000000806
428,8,0.3,0.03440000000000047
429,1,0.3,0.0985499999999973
429,2,0.3,0.058900000000001174
429,4,0.3,0.051300000000000956
429,8,0.3,0.03650000000000053
430,1,0.3,0.09169999999999806
430,2,0.3,0.05880000000000117
430,4,0.3,0.03755000000000056
430,8,0.3,0.036650000000000536
431,1,0.3,0.08339999999999897
431,2,0.3,0.044300000000000755
431,4,0.3,0.02975000000000034
431,8,0.3,0.0353000000000005
432,1,0.3,0.07195000000000024
432,2,0.3,0.05505000000000106
432,4,0.3,0.04105000000000066
432,8,0.3,0.029600000000000334
433,1,0.3,0.09439999999999776
433,2,0.3,0.04760000000000085
433,4,0.3,0.03390000000000046
433,8,0.3,0.028850000000000313
434,1,0.3,0.10619999999999646
434,2,0.3,0.07459999999999994
434,4,0.3,0.05070000000000094
434,8,0.3,0.03425000000000047
435,1,0.3,0.06665000000000082
435,2,0.3,0.05350000000000102
435,4,0.3,0.03515000000000049
435,8,0.3,0.030000000000000346
436,1,0.3,0.09259999999999796
436,2,0.3,0.056550000000001106
436,4,0.3,0.04650000000000082
436,8,0.3,0.03755000000000056
437,1,0.3,0.10579999999999651
437,2,0.3,0.06010000000000121
437,4,0.3,0.03500000000000049
437,8,0.3,0.02940000000000033
438,1,0.3,0.10179999999999695
438,2,0.3,0.056550000000001106
438,4,0.3,0.043550000000000734
438,8,0.3,0.034500000000000475
439,1,0.3,0.08419999999999889
439,2,0.3,0.08464999999999884
439,4,0.3,0.04405000000000075
439,8,0.3,0.03505000000000049
440,1,0.3,0.10804999999999626
440,2,0.3,0.04365000000000074
440,4,0.3,0.03820000000000058
440,8,0.3,0.0283500000000003
441,1,0.3,0.08289999999999903
441,2,0.3,0.0564500000000011
441,4,0.3,0.04405000000000075
441,8,0.3,0.037250000000000554
442,1,0.3,0.08054999999999929
442,2,0.3,0.04720000000000084
442,4,0.3,0.06180000000000126
442,8,0.3,0.04020000000000064
443,1,0.3,0.1049999999999966
443,2,0.3,0.052900000000001
443,4,0.3,0.034200000000000466
443,8,0.3,0.038700000000000595
444,1,0.3,0.07624999999999976
444,2,0.3,0.05035000000000093
444,4,0.3,0.05850000000000116
444,8,0.3,0.0457500000000008
445,1,0.3,0.08334999999999898
445,2,0.3,0.049500000000000904
445,4,0.3,0.039350000000000614
445,8,0.3,0.030650000000000364
446,1,0.3,0.08204999999999912
446,2,0.3,0.053000000000001005
446,4,0.3,0.04435000000000076
446,8,0.3,0.029700000000000337
447,1,0.3,0.07360000000000005
447,2,0.3,0.047450000000000846
447,4,0.3,0.044300000000000755
447,8,0.3,0.031700000000000395
448,1,0.3,0.07454999999999995
448,2,0.3,0.057850000000001144
448,4,0.3,0.04030000000000064
448,8,0.3,0.03090000000000037
449,1,0.3,0.10454999999999665
449,2,0.3,0.05885000000000117
449,4,0.3,0.04340000000000073
449,8,0.3,0.027600000000000277
450,1,0.3,0.10169999999999696
450,2,0.3,0.060350000000001215
450,4,0.3,0.03790000000000057
450,8,0.3,0.028200000000000294
451,1,0.3,0.10034999999999711
451,2,0.3,0.049850000000000914
451,4,0.3,0.035900000000000515
451,8,0.3,0.0284000000000003
452,1,0.3,0.0850499999999988
452,2,0.3,0.05140000000000096
452,4,0.3,0.042850000000000714
452,8,0.3,0.029000000000000317
453,1,0.3,0.10699999999999638
453,2,0.3,0.07295000000000013
453,4,0.3,0.05170000000000097
453,8,0.3,0.042900000000000715
454,1,0.3,0.07614999999999977
454,2,0.3,0.04380000000000074
454,4,0.3,0.04700000000000083
454,8,0.3,0.02880000000000031
455,1,0.3,0.07390000000000002
455,2,0.3,0.04965000000000091
455,4,0.3,0.04410000000000075
455,8,0.3,0.03365000000000045
456,1,0.3,0.09524999999999767
456,2,0.3,0.05255000000000099
456,4,0.3,0.03685000000000054
456,8,0.3,0.03640000000000053
457,1,0.3,0.08214999999999911
457,2,0.3,0.05840000000000116
457,4,0.3,0.03950000000000062
457,8,0.3,0.02910000000000032
458,1,0.3,0.08119999999999922
458,2,0.3,0.04515000000000078
458,4,0.3,0.04485000000000077
458,8,0.3,0.038650000000000594
459,1,0.3,0.08334999999999898
459,2,0.3,0.05470000000000105
459,4,0.3,0.03615000000000052
459,8,0.3,0.029200000000000323
460,1,0.3,0.10414999999999669
460,2,0.3,0.05040000000000093
460,4,0.3,0.05220000000000098
460,8,0.3,0.02880000000000031
461,1,0.3,0.08759999999999851
461,2,0.3,0.06815000000000065
461,4,0.3,0.03400000000000046
461,8,0.3,0.029250000000000324
462,1,0.3,0.09659999999999752
462,2,0.3,0.09099999999999814
462,4,0.3,0.054400000000001045
462,8,0.3,0.03300000000000043
463,1,0.3,0.1140499999999956
463,2,0.3,0.05490000000000106
463,4,0.3,0.041500000000000675
463,8,0.3,0.03325000000000044
464,1,0.3,0.09849999999999731
464,2,0.3,0.07330000000000009
464,4,0.3,0.041500000000000675
464,8,0.3,0.02875000000000031
465,1,0.3,0.08429999999999888
465,2,0.3,0.04400000000000075
465,4,0.3,0.027450000000000273
465,8,0.3,0.028550000000000304
466,1,0.3,0.10329999999999678
466,2,0.3,0.06300000000000122
466,4,0.3,0.04840000000000087
466,8,0.3,0.02985000000000034
467,1,0.3,0.08624999999999866
467,2,0.3,0.055800000000001085
467,4,0.3,0.04055000000000065
467,8,0.3,0.04130000000000067
468,1,0.3,0.1158999999999954
468,2,0.3,0.062100000000001265
468,4,0.3,0.03370000000000045
468,8,0.3,0.03430000000000047
469,1,0.3,0.08974999999999828
469,2,0.3,0.06805000000000067
469,4,0.3,0.04310000000000072
469,8,0.3,0.034200000000000466
470,1,0.3,0.09284999999999793
470,2,0.3,0.057550000000001135
470,4,0.3,0.04900000000000089
470,8,0.3,0.03785000000000057
471,1,0.3,0.08604999999999868
471,2,0.3,0.06520000000000098
471,4,0.3,0.03720000000000055
471,8,0.3,0.04035000000000064
472,1,0.3,0.09349999999999786
472,2,0.3,0.07060000000000038
472,4,0.3,0.050900000000000944
472,8,0.3,0.040800000000000655
473,1,0.3,0.11284999999999573
473,2,0.3,0.07984999999999937
473,4,0.3,0.04350000000000073
473,8,0.3,0.05120000000000095
474,1,0.3,0.09169999999999806
474,2,0.3,0.05590000000000109
474,4,0.3,0.03255000000000042
474,8,0.3,0.029900000000000343
475,1,0.3,0.10559999999999653
475,2,0.3,0.05535000000000107
475,4,0.3,0.035200000000000495
475,8,0.3,0.0284000000000003
476,1,0.3,0.06515000000000098
476,2,0.3,0.048500000000000876
476,4,0.3,0.03340000000000044
476,8,0.3,0.03120000000000038
477,1,0.3,0.09274999999999795
477,2,0.3,0.06930000000000053
477,4,0.3,0.041500000000000675
477,8,0.3,0.03305000000000043
478,1,0.3,0.10414999999999669
478,2,0.3,0.05500000000000106
478,4,0.3,0.039050000000000605
478,8,0.3,0.03020000000000035
479,1,0.3,0.10574999999999651
479,2,0.3,0.053700000000001025
479,4,0.3,0.04555000000000079
479,8,0.3,0.03320000000000044
480,1,0.3,0.08554999999999874
480,2,0.3,0.064950000000001
480,4,0.3,0.041150000000000665
480,8,0.3,0.030350000000000356
481,1,0.3,0.09934999999999722
481,2,0.3,0.07759999999999961
481,4,0.3,0.04505000000000078
481,8,0.3,0.02875000000000031
482,1,0.3,0.09214999999999801
482,2,0.3,0.047400000000000844
482,4,0.3,0.03470000000000048
482,8,0.3,0.028600000000000306
483,1,0.3,0.08794999999999847
483,2,0.3,0.06855000000000061
483,4,0.3,0.04610000000000081
483,8,0.3,0.033150000000000436
484,1,0.3,0.10024999999999712
484,2,0.3,0.05490000000000106
484,4,0.3,0.03565000000000051
484,8,0.3,0.03225000000000041
485,1,0.3,0.07749999999999962
485,2,0.3,0.05425000000000104
485,4,0.3,0.037950000000000574
485,8,0.3,0.034500000000000475
486,1,0.3,0.12299999999999461
486,2,0.3,0.09789999999999738
486,4,0.3,0.06605000000000089
486,8,0.3,0.04615000000000081
487,1,0.3,0.12174999999999475
487,2,0.3,0.12174999999999475
487,4,0.3,0.09299999999999792
487,8,0.3,0.05940000000000119
488,1,0.3,0.06800000000000067
488,2,0.3,0.06750000000000073
488,4,0.3,0.03470000000000048
488,8,0.3,0.03710000000000055
489,1,0.3,0.09389999999999782
489,2,0.3,0.049150000000000894
489,4,0.3,0.04655000000000082
489,8,0.3,0.03305000000000043
490,1,0.3,0.08524999999999877
490,2,0.3,0.055450000000001075
490,4,0.3,0.050250000000000926
490,8,0.3,0.035550000000000505
491,1,0.3,0.08829999999999844
491,2,0.3,0.07734999999999964
491,4,0.3,0.05875000000000117
491,8,0.3,0.039000000000000604
492,1,0.3,0.08089999999999925
492,2,0.3,0.07120000000000032
492,4,0.3,0.07444999999999996
492,8,0.3,0.05465000000000105
493,1,0.3,0.08079999999999926
493,2,0.3,0.05430000000000104
493,4,0.3,0.036600000000000535
493,8,0.3,0.030300000000000354
494,1,0.3,0.0949999999999977
494,2,0.3,0.05455000000000105
494,4,0.3,0.044250000000000754
494,8,0.3,0.032400000000000415
495,1,0.3,0.08944999999999831
495,2,0.3,0.045700000000000796
495,4,0.3,0.05430000000000104
495,8,0.3,0.030700000000000366
496,1,0.3,0.08484999999999882
496,2,0.3,0.04830000000000087
496,4,0.3,0.03755000000000056
496,8,0.3,0.03755000000000056
497,1,0.3,0.10214999999999691
497,2,0.3,0.05080000000000094
497,4,0.3,0.05080000000000094
497,8,0.3,0.03710000000000055
498,1,0.3,0.11459999999999554
498,2,0.3,0.06150000000000125
498,4,0.3,0.032100000000000406
498,8,0.3,0.032050000000000405
499,1,0.3,0.09449999999999775
499,2,0.3,0.05310000000000101
499,4,0.3,0.03475000000000048
499,8,0.3,0.029600000000000334
500,1,0.3,0.09014999999999823
500,2,0.3,0.07624999999999976
500,4,0.3,0.041450000000000674
500,8,0.3,0.03320000000000044
501,1,0.3,0.09944999999999721
501,2,0.3,0.05135000000000096
501,4,0.3,0.03860000000000059
501,8,0.3,0.03120000000000038
502,1,0.3,0.056200000000001096
502,2,0.3,0.05470000000000105
502,4,0.3,0.03820000000000058
502,8,0.3,0.028500000000000303
503,1,0.3,0.08479999999999882
503,2,0.3,0.046350000000000814
503,4,0.3,0.046350000000000814
503,8,0.3,0.03605000000000052
504,1,0.3,0.12559999999999433
504,2,0.3,0.08709999999999857
504,4,0.3,0.042150000000000694
504,8,0.3,0.03410000000000046
505,1,0.3,0.11014999999999603
505,2,0.3,0.06010000000000121
505,4,0.3,0.05010000000000092
505,8,0.3,0.04050000000000065
506,1,0.3,0.11214999999999581
506,2,0.3,0.056900000000001116
506,4,0.3,0.043250000000000725
506,8,0.3,0.03215000000000041
507,1,0.3,0.08609999999999868
507,2,0.3,0.044600000000000764
507,4,0.3,0.0355000000000005
507,8,0.3,0.03505000000000049
508,1,0.3,0.06785000000000069
508,2,0.3,0.05920000000000118
508,4,0.3,0.039700000000000624
508,8,0.3,0.02870000000000031
509,1,0.3,0.0940499999999978
509,2,0.3,0.052850000000001
509,4,0.3,0.04445000000000076
509,8,0.3,0.04205000000000069
510,1,0.3,0.0985999999999973
510,2,0.3,0.0686500000000006
510,4,0.3,0.03950000000000062
510,8,0.3,0.036600000000000535
511,1,0.3,0.08899999999999836
511,2,0.3,0.04680000000000083
511,4,0.3,0.0353500000000005
511,8,0.3,0.028200000000000294
512,1,0.3,0.09249999999999797
512,2,0.3,0.0668000000000008
512,4,0.3,0.05735000000000113
512,8,0.3,0.03375000000000045
513,1,0.3,0.11239999999999578
513,2,0.3,0.05800000000000115
513,4,0.3,0.04875000000000088
513,8,0.3,0.030000000000000346
514,1,0.3,0.10074999999999706
514,2,0.3,0.0677500000000007
514,4,0.3,0.039400000000000615
514,8,0.3,0.0319000000000004
515,1,0.3,0.07639999999999975
515,2,0.3,0.07639999999999975
515,4,0.3,0.05910000000000118
515,8,0.3,0.035600000000000506
516,1,0.3,0.07709999999999967
516,2,0.3,0.07265000000000016
516,4,0.3,0.047450000000000846
516,8,0.3,0.03370000000000045
517,1,0.3,0.08819999999999845
517,2,0.3,0.0494500000000009
517,4,0.3,0.04065000000000065
517,8,0.3,0.037600000000000564
518,1,0.3,0.11474999999999552
518,2,0.3,0.06095000000000123
518,4,0.3,0.04540000000000079
518,8,0.3,0.037300000000000555
519,1,0.3,0.060300000000001214
519,2,0.3,0.051600000000000965
519,4,0.3,0.037300000000000555
519,8,0.3,0.0319500000000004
520,1,0.3,0.07844999999999952
520,2,0.3,0.04265000000000071
520,4,0.3,0.03995000000000063
520,8,0.3,0.029700000000000337
521,1,0.3,0.0749499999999999
521,2,0.3,0.0564500000000011
521,4,0.3,0.0353000000000005
521,8,0.3,0.05260000000000099
522,1,0.3,0.07170000000000026
522,2,0.3,0.04550000000000079
522,4,0.3,0.04445000000000076
522,8,0.3,0.0284500000000003
523,1,0.3,0.07524999999999987
523,2,0.3,0.05225000000000098
523,4,0.3,0.04300000000000072
523,8,0.3,0.0388500000000006
524,1,0.3,0.09014999999999823
524,2,0.3,0.047100000000000836
524,4,0.3,0.03990000000000063
524,8,0.3,0.03395000000000046
525,1,0.3,0.08824999999999844
525,2,0.3,0.06730000000000075
525,4,0.3,0.04350000000000073
525,8,0.3,0.045000000000000775
526,1,0.3,0.0885999999999984
526,2,0.3,0.06545000000000095
526,4,0.3,0.05240000000000099
526,8,0.3,0.029700000000000337
527,1,0.3,0.10694999999999638
527,2,0.3,0.05395000000000103
527,4,0.3,0.03230000000000041
527,8,0.3,0.027900000000000286
528,1,0.3,0.09484999999999771
528,2,0.3,0.052900000000001
528,4,0.3,0.036900000000000543
528,8,0.3,0.03120000000000038
529,1,0.3,0.08394999999999891
529,2,0.3,0.056800000000001113
529,4,0.3,0.04860000000000088
529,8,0.3,0.03585000000000051
530,1,0.3,0.07474999999999993
530,2,0.3,0.045000000000000775
530,4,0.3,0.043200000000000724
530,8,0.3,0.03985000000000063
531,1,0.3,0.10304999999999681
531,2,0.3,0.0913999999999981
531,4,0.3,0.06585000000000091
531,8,0.3,0.03710000000000055
532,1,0.3,0.10509999999999659
532,2,0.3,0.0840999999999989
532,4,0.3,0.04840000000000087
532,8,0.3,0.038000000000000575
533,1,0.3,0.08114999999999922
533,2,0.3,0.047100000000000836
533,4,0.3,0.04140000000000067
533,8,0.3,0.031750000000000396
534,1,0.3,0.06880000000000058
534,2,0.3,0.052900000000001
534,4,0.3,0.03850000000000059
534,8,0.3,0.02870000000000031
535,1,0.3,0.08334999999999898
535,2,0.3,0.05170000000000097
535,4,0.3,0.043200000000000724
535,8,0.3,0.03080000000000037
536,1,0.3,0.07739999999999964
536,2,0.3,0.06040000000000122
536,4,0.3,0.057200000000001125
536,8,0.3,0.03675000000000054
537,1,0.3,0.08519999999999878
537,2,0.3,0.051300000000000956
537,4,0.3,0.038300000000000584
537,8,0.3,0.03605000000000052
538,1,0.3,0.1167499999999953
538,2,0.3,0.062400000000001274
538,4,0.3,0.03620000000000052
538,8,0.3,0.029250000000000324
539,1,0.3,0.0768499999999997
539,2,0.3,0.05205000000000098
539,4,0.3,0.04655000000000082
539,8,0.3,0.039100000000000606
540,1,0.3,0.09929999999999722
540,2,0.3,0.04965000000000091
540,4,0.3,0.04260000000000071
540,8,0.3,0.03950000000000062
541,1,0.3,0.09254999999999797
541,2,0.3,0.053400000000001016
541,4,0.3,0.06470000000000103
541,8,0.3,0.0353000000000005
542,1,0.3,0.07909999999999945
542,2,0.3,0.08244999999999908
542,4,0.3,0.047050000000000834
542,8,0.3,0.035550000000000505
543,1,0.3,0.09919999999999723
543,2,0.3,0.05560000000000108
543,4,0.3,0.03680000000000054
543,8,0.3,0.04200000000000069
544,1,0.3,0.09549999999999764
544,2,0.3,0.04510000000000078
544,4,0.3,0.03355000000000045
544,8,0.3,0.041450000000000674
545,1,0.3,0.07305000000000011
545,2,0.3,0.0777499999999996
545,4,0.3,0.0640500000000011
545,8,0.3,0.03440000000000047
546,1,0.3,0.0940999999999978
546,2,0.3,0.06185000000000126
546,4,0.3,0.039700000000000624
546,8,0.3,0.027800000000000283
547,1,0.3,0.08309999999999901
547,2,0.3,0.049500000000000904
547,4,0.3,0.049500000000000904
547,8,0.3,0.03355000000000045
548,1,0.3,0.08099999999999924
548,2,0.3,0.057600000000001136
548,4,0.3,0.03610000000000052
548,8,0.3,0.02775000000000028
549,1,0.3,0.09549999999999764
549,2,0.3,0.05325000000000101
549,4,0.3,0.042550000000000705
549,8,0.3,0.044250000000000754
550,1,0.3,0.05850000000000116
550,2,0.3,0.05245000000000099
550,4,0.3,0.03930000000000061
550,8,0.3,0.030400000000000357
551,1,0.3,0.07794999999999958
551,2,0.3,0.047050000000000834
551,4,0.3,0.0354500000000005
551,8,0.3,0.03115000000000038
552,1,0.3,0.0859499999999987
552,2,0.3,0.04660000000000082
552,4,0.3,0.04730000000000084
552,8,0.3,0.03360000000000045
553,1,0.3,0.11159999999999587
553,2,0.3,0.06615000000000087
553,4,0.3,0.03915000000000061
553,8,0.3,0.031100000000000377
554,1,0.3,0.08799999999999847
554,2,0.3,0.046700000000000824
554,4,0.3,0.033800000000000455
554,8,0.3,0.02910000000000032
555,1,0.3,0.09504999999999769
555,2,0.3,0.05030000000000093
555,4,0.3,0.04195000000000069
555,8,0.3,0.03395000000000046
556,1,0.3,0.09599999999999759
556,2,0.3,0.07290000000000013
556,4,0.3,0.04060000000000065
556,8,0.3,0.0319000000000004
557,1,0.3,0.12104999999999483
557,2,0.3,0.057900000000001145
557,4,0.3,0.036300000000000526
557,8,0.3,0.02565000000000022
558,1,0.3,0.08479999999999882
558,2,0.3,0.04765000000000085
558,4,0.3,0.031350000000000385
558,8,0.3,0.02940000000000033
559,1,0.3,0.10849999999999621
559,2,0.3,0.05435000000000104
559,4,0.3,0.034850000000000485
559,8,0.3,0.029300000000000326
560,1,0.3,0.07415
560,2,0.3,0.043900000000000744
560,4,0.3,0.037350000000000556
560,8,0.3,0.02560000000000022
561,1,0.3,0.0687000000000006
561,2,0.3,0.052350000000000986
561,4,0.3,0.052350000000000986
561,8,0.3,0.045350000000000786
562,1,0.3,0.08104999999999923
562,2,0.3,0.08104999999999923
562,4,0.3,0.04380000000000074
562,8,0.3,0.031400000000000386
563,1,0.3,0.0995499999999972
563,2,0.3,0.0995499999999972
563,4,0.3,0.051650000000000966
563,8,0.3,0.03090000000000037
564,1,0.3,0.09504999999999769
564,2,0.3,0.049150000000000894
564,4,0.3,0.04445000000000076
564,8,0.3,0.03460000000000048
565,1,0.3,0.09959999999999719
565,2,0.3,0.05100000000000095
565,4,0.3,0.05250000000000099
565,8,0.3,0.0353500000000005
566,1,0.3,0.10269999999999685
566,2,0.3,0.05320000000000101
566,4,0.3,0.03790000000000057
566,8,0.3,0.03305000000000043
567,1,0.3,0.09474999999999772
567,2,0.3,0.052700000000000996
567,4,0.3,0.04070000000000065
567,8,0.3,0.028650000000000307
568,1,0.3,0.1258999999999943
568,2,0.3,0.06265000000000126
568,4,0.3,0.05880000000000117
568,8,0.3,0.04060000000000065
569,1,0.3,0.07619999999999977
569,2,0.3,0.04755000000000085
569,4,0.3,0.038750000000000596
569,8,0.3,0.038650000000000594
570,1,0.3,0.059950000000001204
570,2,0.3,0.047050000000000834
570,4,0.3,0.030400000000000357
570,8,0.3,0.02800000000000029
571,1,0.3,0.07270000000000015
571,2,0.3,0.04380000000000074
571,4,0.3,0.033150000000000436
571,8,0.3,0.026850000000000256
572,1,0.3,0.07634999999999975
572,2,0.3,0.07634999999999975
572,4,0.3,0.046350000000000814
572,8,0.3,0.027800000000000283
573,1,0.3,0.09519999999999768
573,2,0.3,0.05670000000000111
573,4,0.3,0.03995000000000063
573,8,0.3,0.028900000000000314
574,1,0.3,0.07919999999999944
574,2,0.3,0.0459000000000008
574,4,0.3,0.03610000000000052
574,8,0.3,0.03150000000000039
575,1,0.3,0.11029999999999601
575,2,0.3,0.059650000000001195
575,4,0.3,0.0424500000000007
575,8,0.3,0.033150000000000436
576,1,0.3,0.0849499999999988
576,2,0.3,0.05745000000000113
576,4,0.3,0.03740000000000056
576,8,0.3,0.036650000000000536
577,1,0.3,0.09109999999999813
577,2,0.3,0.04795000000000086
577,4,0.3,0.057950000000001146
577,8,0.3,0.04070000000000065
578,1,0.3,0.06855000000000061
578,2,0.3,0.07419999999999999
578,4,0.3,0.05505000000000106
578,8,0.3,0.03050000000000036
579,1,0.3,0.07889999999999947
579,2,0.3,0.07824999999999954
579,4,0.3,0.043550000000000734
579,8,0.3,0.03300000000000043
580,1,0.3,0.05495000000000106
580,2,0.3,0.049150000000000894
580,4,0.3,0.041850000000000685
580,8,0.3,0.03355000000000045
581,1,0.3,0.10364999999999674
581,2,0.3,0.049550000000000906
581,4,0.3,0.0388000000000006
581,8,0.3,0.02555000000000022
582,1,0.3,0.08449999999999885
582,2,0.3,0.05135000000000096
582,4,0.3,0.045000000000000775
582,8,0.3,0.04070000000000065
583,1,0.3,0.09424999999999778
583,2,0.3,0.05150000000000096
583,4,0.3,0.05150000000000096
583,8,0.3,0.029550000000000333
584,1,0.3,0.07335000000000008
584,2,0.3,0.052700000000000996
584,4,0.3,0.03915000000000061
584,8,0.3,0.02870000000000031
585,1,0.3,0.10614999999999647
585,2,0.3,0.048800000000000884
585,4,0.3,0.035900000000000515
585,8,0.3,0.030050000000000347
586,1,0.3,0.09839999999999732
586,2,0.3,0.05395000000000103
586,4,0.3,0.03985000000000063
586,8,0.3,0.03285000000000043
587,1,0.3,0.07335000000000008
587,2,0.3,0.03985000000000063
587,4,0.3,0.03785000000000057
587,8,0.3,0.029250000000000324
588,1,0.3,0.10474999999999662
588,2,0.3,0.05470000000000105
588,4,0.3,0.03215000000000041
588,8,0.3,0.03080000000000037
589,1,0.3,0.16499999999999
589,2,0.3,0.09734999999999744
589,4,0.3,0.04835000000000087
589,8,0.3,0.037250000000000554
590,1,0.3,0.08254999999999907
590,2,0.3,0.05420000000000104
590,4,0.3,0.035900000000000515
590,8,0.3,0.028200000000000294
591,1,0.3,0.0913499999999981
591,2,0.3,0.0597500000000012
591,4,0.3,0.03650000000000053
591,8,0.3,0.03050000000000036
592,1,0.3,0.08529999999999877
592,2,0.3,0.05325000000000101
592,4,0.3,0.042900000000000715
592,8,0.3,0.03090000000000037
593,1,0.3,0.10064999999999708
593,2,0.3,0.048800000000000884
593,4,0.3,0.04520000000000078
593,8,0.3,0.030750000000000367
594,1,0.3,0.09659999999999752
594,2,0.3,0.06225000000000127
594,4,0.3,0.052350000000000986
594,8,0.3,0.04550000000000079
595,1,0.3,0.08274999999999905
595,2,0.3,0.046000000000000804
595,4,0.3,0.035950000000000516
595,8,0.3,0.031400000000000386
596,1,0.3,0.07245000000000018
596,2,0.3,0.04370000000000074
596,4,0.3,0.0423500000000007
596,8,0.3,0.0318500000000004
597,1,0.3,0.09009999999999824
597,2,0.3,0.047050000000000834
597,4,0.3,0.0424000000000007
597,8,0.3,0.02870000000000031
598,1,0.3,0.08154999999999918
598,2,0.3,0.06720000000000076
598,4,0.3,0.04175000000000068
598,8,0.3,0.04350000000000073
599,1,0.3,0.09624999999999756
599,2,0.3,0.052350000000000986
599,4,0.3,0.03510000000000049
599,8,0.3,0.028900000000000314
600,1,0.3,0.0994999999999972
600,2,0.3,0.05120000000000095
600,4,0.3,0.05120000000000095
600,8,0.3,0.03120000000000038
601,1,0.3,0.08619999999999867
601,2,0.3,0.06580000000000091
601,4,0.3,0.04165000000000068
601,8,0.3,0.03505000000000049
602,1,0.3,0.07894999999999947
602,2,0.3,0.054450000000001046
602,4,0.3,0.0320000000000004
602,8,0.3,0.03325000000000044
603,1,0.3,0.09664999999999752
603,2,0.3,0.059250000000001184
603,4,0.3,0.04340000000000073
603,8,0.3,0.03740000000000056
604,1,0.3,0.08419999999999889
604,2,0.3,0.04790000000000086
604,4,0.3,0.05395000000000103
604,8,0.3,0.03370000000000045
605,1,0.3,0.09359999999999785
605,2,0.3,0.05775000000000114
605,4,0.3,0.032050000000000405
605,8,0.3,0.027100000000000263
606,1,0.3,0.09424999999999778
606,2,0.3,0.04330000000000073
606,4,0.3,0.038000000000000575
606,8,0.3,0.02945000000000033
607,1,0.3,0.09189999999999804
607,2,0.3,0.06075000000000123
607,4,0.3,0.035550000000000505
607,8,0.3,0.03445000000000047
608,1,0.3,0.11544999999999545
608,2,0.3,0.07025000000000042
608,4,0.3,0.06270000000000125
608,8,0.3,0.04315000000000072
609,1,0.3,0.12649999999999423
609,2,0.3,0.08004999999999934
609,4,0.3,0.0424000000000007
609,8,0.3,0.04000000000000063
610,1,0.3,0.07275000000000015
610,2,0.3,0.050250000000000926
610,4,0.3,0.04130000000000067
610,8,0.3,0.027900000000000286
611,1,0.3,0.12164999999999476
611,2,0.3,0.07085000000000036
611,4,0.3,0.05450000000000105
611,8,0.3,0.03165000000000039
612,1,0.3,0.09484999999999771
612,2,0.3,0.04835000000000087
612,4,0.3,0.04065000000000065
612,8,0.3,0.03250000000000042
613,1,0.3,0.09964999999999719
613,2,0.3,0.06660000000000083
613,4,0.3,0.04855000000000088
613,8,0.3,0.03290000000000043
614,1,0.3,0.08649999999999863
614,2,0.3,0.04210000000000069
614,4,0.3,0.03015000000000035
614,8,0.3,0.028850000000000313
615,1,0.3,0.10509999999999659
615,2,0.3,0.06540000000000096
615,4,0.3,0.0388500000000006
615,8,0.3,0.0319000000000004
616,1,0.3,0.11809999999999515
616,2,0.3,0.06650000000000084
616,4,0.3,0.049900000000000916
616,8,0.3,0.035200000000000495
617,1,0.3,0.07020000000000043
617,2,0.3,0.043200000000000724
617,4,0.3,0.049850000000000914
617,8,0.3,0.032800000000000426
618,1,0.3,0.0867499999999986
618,2,0.3,0.04330000000000073
618,4,0.3,0.031400000000000386
618,8,0.3,0.028650000000000307
619,1,0.3,0.10914999999999614
619,2,0.3,0.053750000000001026
619,4,0.3,0.05460000000000105
619,8,0.3,0.04410000000000075
620,1,0.3,0.06625000000000086
620,2,0.3,0.04835000000000087
620,4,0.3,0.03965000000000062
620,8,0.3,0.02880000000000031
621,1,0.3,0.07629999999999976
621,2,0.3,0.04310000000000072
621,4,0.3,0.03680000000000054
621,8,0.3,0.034900000000000486
622,1,0.3,0.057950000000001146
622,2,0.3,0.04140000000000067
622,4,0.3,0.03515000000000049
622,8,0.3,0.02910000000000032
623,1,0.3,0.0886499999999984
623,2,0.3,0.053400000000001016
623,4,0.3,0.04130000000000067
623,8,0.3,0.028500000000000303
624,1,0.3,0.07819999999999955
624,2,0.3,0.07060000000000038
624,4,0.3,0.043900000000000744
624,8,0.3,0.037700000000000566
625,1,0.3,0.08109999999999923
625,2,0.3,0.0659000000000009
625,4,0.3,0.034550000000000476
625,8,0.3,0.031750000000000396
626,1,0.3,0.08609999999999868
626,2,0.3,0.050250000000000926
626,4,0.3,0.043550000000000734
626,8,0.3,0.034550000000000476
627,1,0.3,0.07110000000000033
627,2,0.3,0.03965000000000062
627,4,0.3,0.04485000000000077
627,8,0.3,0.033100000000000435
628,1,0.3,0.07210000000000022
628,2,0.3,0.04305000000000072
628,4,0.3,0.03950000000000062
628,8,0.3,0.03950000000000062
629,1,0.3,0.08989999999999826
629,2,0.3,0.0632000000000012
629,4,0.3,0.040800000000000655
629,8,0.3,0.032100000000000406
630,1,0.3,0.08709999999999857
630,2,0.3,0.04545000000000079
630,4,0.3,0.03605000000000052
630,8,0.3,0.03480000000000048
631,1,0.3,0.14344999999999236
631,2,0.3,0.0714000000000003
631,4,0.3,0.048850000000000886
631,8,0.3,0.03425000000000047
632,1,0.3,0.12319999999999459
632,2,0.3,0.05835000000000116
632,4,0.3,0.060000000000001205
632,8,0.3,0.044950000000000774
633,1,0.3,0.09154999999999808
633,2,0.3,0.04445000000000076
633,4,0.3,0.034150000000000465
633,8,0.3,0.033850000000000456
634,1,0.3,0.0876999999999985
634,2,0.3,0.06095000000000123
634,4,0.3,0.0424500000000007
634,8,0.3,0.036900000000000543
635,1,0.3,0.09484999999999771
635,2,0.3,0.05470000000000105
635,4,0.3,0.04300000000000072
635,8,0.3,0.031100000000000377
636,1,0.3,0.12114999999999482
636,2,0.3,0.06885000000000058
636,4,0.3,0.048850000000000886
636,8,0.3,0.05420000000000104
637,1,0.3,0.10874999999999618
637,2,0.3,0.06630000000000086
637,4,0.3,0.049900000000000916
637,8,0.3,0.04205000000000069
638,1,0.3,0.07390000000000002
638,2,0.3,0.0564500000000011
638,4,0.3,0.046000000000000804
638,8,0.3,0.03605000000000052
639,1,0.3,0.07779999999999959
639,2,0.3,0.04645000000000082
639,4,0.3,0.03515000000000049
639,8,0.3,0.028850000000000313
640,1,0.3,0.0894999999999983
640,2,0.3,0.05730000000000113
640,4,0.3,0.03850000000000059
640,8,0.3,0.0319500000000004
641,1,0.3,0.06875000000000059
641,2,0.3,0.05950000000000119
641,4,0.3,0.045000000000000775
641,8,0.3,0.029250000000000324
642,1,0.3,0.10054999999999709
642,2,0.3,0.05145000000000096
642,4,0.3,0.03980000000000063
642,8,0.3,0.032750000000000425
643,1,0.3,0.12704999999999417
643,2,0.3,0.06725000000000075
643,4,0.3,0.04960000000000091
643,8,0.3,0.047750000000000854
644,1,0.3,0.0668000000000008
644,2,0.3,0.0668000000000008
644,4,0.3,0.05215000000000098
644,8,0.3,0.04310000000000072
645,1,0.3,0.07879999999999948
645,2,0.3,0.05110000000000095
645,4,0.3,0.03960000000000062
645,8,0.3,0.03130000000000038
646,1,0.3,0.11374999999999563
646,2,0.3,0.06620000000000087
646,4,0.3,0.036950000000000545
646,8,0.3,0.029350000000000327
647,1,0.3,0.09169999999999806
647,2,0.3,0.057200000000001125
647,4,0.3,0.050600000000000936
647,8,0.3,0.04380000000000074
648,1,0.3,0.08384999999999893
648,2,0.3,0.056850000000001115
648,4,0.3,0.040400000000000644
648,8,0.3,0.032050000000000405
649,1,0.3,0.08389999999999892
649,2,0.3,0.06385000000000113
649,4,0.3,0.03495000000000049
649,8,0.3,0.0319500000000004
650,1,0.3,0.09244999999999798
650,2,0.3,0.055500000000001076
650,4,0.3,0.032400000000000415
650,8,0.3,0.028600000000000306
651,1,0.3,0.08004999999999934
651,2,0.3,0.06970000000000048
651,4,0.3,0.0632500000000012
651,8,0.3,0.05345000000000102
652,1,0.3,0.08284999999999904
652,2,0.3,0.051250000000000955
652,4,0.3,0.04900000000000089
652,8,0.3,0.034900000000000486
653,1,0.3,0.08474999999999883
653,2,0.3,0.050900000000000944
653,4,0.3,0.029950000000000344
653,8,0.3,0.026800000000000254
654,1,0.3,0.07459999999999994
654,2,0.3,0.054450000000001046
654,4,0.3,0.04405000000000075
654,8,0.3,0.036300000000000526
655,1,0.3,0.08349999999999896
655,2,0.3,0.05850000000000116
655,4,0.3,0.04025000000000064
655,8,0.3,0.034850000000000485
656,1,0.3,0.08704999999999857
656,2,0.3,0.05845000000000116
656,4,0.3,0.04440000000000076
656,8,0.3,0.03405000000000046
657,1,0.3,0.09199999999999803
657,2,0.3,0.052850000000001
657,4,0.3,0.04055000000000065
657,8,0.3,0.03090000000000037
658,1,0.3,0.11974999999999497
658,2,0.3,0.07739999999999964
658,4,0.3,0.042500000000000704
658,8,0.3,0.04095000000000066
659,1,0.3,0.10704999999999637
659,2,0.3,0.04660000000000082
659,4,0.3,0.04330000000000073
659,8,0.3,0.02945000000000033
660,1,0.3,0.07754999999999962
660,2,0.3,0.04625000000000081
660,4,0.3,0.042150000000000694
660,8,0.3,0.03425000000000047
661,1,0.3,0.1384999999999929
661,2,0.3,0.06805000000000067
661,4,0.3,0.03340000000000044
661,8,0.3,0.03285000000000043
662,1,0.3,0.12539999999999435
662,2,0.3,0.059600000000001194
662,4,0.3,0.06760000000000072
662,8,0.3,0.03965000000000062
663,1,0.3,0.065050000000001
663,2,0.3,0.04770000000000085
663,4,0.3,0.03845000000000059
663,8,0.3,0.03445000000000047
664,1,0.3,0.09564999999999763
664,2,0.3,0.07125000000000031
664,4,0.3,0.045650000000000794
664,8,0.3,0.029650000000000336
665,1,0.3,0.09034999999999821
665,2,0.3,0.052700000000000996
665,4,0.3,0.05010000000000092
665,8,0.3,0.03515000000000049
666,1,0.3,0.10009999999999714
666,2,0.3,0.0659500000000009
666,4,0.3,0.049850000000000914
666,8,0.3,0.03965000000000062
667,1,0.3,0.08899999999999836
667,2,0.3,0.06120000000000124
667,4,0.3,0.0457500000000008
667,8,0.3,0.035900000000000515
668,1,0.3,0.0913999999999981
668,2,0.3,0.045650000000000794
668,4,0.3,0.03635000000000053
668,8,0.3,0.027550000000000276
669,1,0.3,0.09609999999999758
669,2,0.3,0.04735000000000084
669,4,0.3,0.040400000000000644
669,8,0.3,0.03130000000000038
670,1,0.3,0.07654999999999973
670,2,0.3,0.04650000000000082
670,4,0.3,0.03710000000000055
670,8,0.3,0.03015000000000035
671,1,0.3,0.09259999999999796
671,2,0.3,0.057500000000001134
671,4,0.3,0.04800000000000086
671,8,0.3,0.038300000000000584
672,1,0.3,0.08214999999999911
672,2,0.3,0.06150000000000125
672,4,0.3,0.0457500000000008
672,8,0.3,0.03355000000000045
673,1,0.3,0.11079999999999596
673,2,0.3,0.05815000000000115
673,4,0.3,0.041100000000000664
673,8,0.3,0.027550000000000276
674,1,0.3,0.10529999999999656
674,2,0.3,0.053700000000001025
674,4,0.3,0.035550000000000505
674,8,0.3,0.030250000000000353
675,1,0.3,0.0786499999999995
675,2,0.3,0.046350000000000814
675,4,0.3,0.033800000000000455
675,8,0.3,0.028900000000000314
676,1,0.3,0.1021999999999969
676,2,0.3,0.05780000000000114
676,4,0.3,0.04195000000000069
676,8,0.3,0.03860000000000059
677,1,0.3,0.09019999999999823
677,2,0.3,0.07634999999999975
677,4,0.3,0.05520000000000107
677,8,0.3,0.03845000000000059
678,1,0.3,0.10324999999999679
678,2,0.3,0.05155000000000096
678,4,0.3,0.038700000000000595
678,8,0.3,0.031700000000000395
679,1,0.3,0.09119999999999812
679,2,0.3,0.048500000000000876
679,4,0.3,0.038750000000000596
679,8,0.3,0.03265000000000042
680,1,0.3,0.08754999999999852
680,2,0.3,0.049850000000000914
680,4,0.3,0.032450000000000416
680,8,0.3,0.03610000000000052
681,1,0.3,0.08539999999999875
681,2,0.3,0.04665000000000082
681,4,0.3,0.03810000000000058
681,8,0.3,0.03220000000000041
682,1,0.3,0.101299999999997
682,2,0.3,0.0750499999999999
682,4,0.3,0.05000000000000092
682,8,0.3,0.03050000000000036
683,1,0.3,0.10734999999999634
683,2,0.3,0.05015000000000092
683,4,0.3,0.062100000000001265
683,8,0.3,0.041800000000000684
684,1,0.3,0.12779999999999408
684,2,0.3,0.06435000000000107
684,4,0.3,0.035900000000000515
684,8,0.3,0.029550000000000333
685,1,0.3,0.0868499999999986
685,2,0.3,0.047800000000000856
685,4,0.3,0.047400000000000844
685,8,0.3,0.028550000000000304
686,1,0.3,0.07165000000000027
686,2,0.3,0.052000000000000976
686,4,0.3,0.05915000000000118
686,8,0.3,0.033100000000000435
687,1,0.3,0.09434999999999777
687,2,0.3,0.05520000000000107
687,4,0.3,0.04025000000000064
687,8,0.3,0.0284500000000003
688,1,0.3,0.08854999999999841
688,2,0.3,0.052000000000000976
688,4,0.3,0.03335000000000044
688,8,0.3,0.031750000000000396
689,1,0.3,0.0713500000000003
689,2,0.3,0.04965000000000091
689,4,0.3,0.040400000000000644
689,8,0.3,0.0283500000000003
690,1,0.3,0.09829999999999733
690,2,0.3,0.05030000000000093
690,4,0.3,0.04520000000000078
690,8,0.3,0.0319000000000004
691,1,0.3,0.08779999999999849
691,2,0.3,0.053050000000001006
691,4,0.3,0.03980000000000063
691,8,0.3,0.02875000000000031
692,1,0.3,0.10509999999999659
692,2,0.3,0.08279999999999904
692,4,0.3,0.042550000000000705
692,8,0.3,0.028150000000000293
693,1,0.3,0.08699999999999858
693,2,0.3,0.05605000000000109
693,4,0.3,0.0355000000000005
693,8,0.3,0.029300000000000326
694,1,0.3,0.10474999999999662
694,2,0.3,0.05345000000000102
694,4,0.3,0.03825000000000058
694,8,0.3,0.038650000000000594
695,1,0.3,0.10619999999999646
695,2,0.3,0.04980000000000091
695,4,0.3,0.046350000000000814
695,8,0.3,0.03360000000000045
696,1,0.3,0.09559999999999763
696,2,0.3,0.09069999999999817
696,4,0.3,0.05115000000000095
696,8,0.3,0.03370000000000045
697,1,0.3,0.09569999999999762
697,2,0.3,0.052900000000001
697,4,0.3,0.03780000000000057
697,8,0.3,0.03570000000000051
698,1,0.3,0.0741
698,2,0.3,0.057900000000001145
698,4,0.3,0.036600000000000535
698,8,0.3,0.02975000000000034
699,1,0.3,0.10004999999999714
699,2,0.3,0.08789999999999848
699,4,0.3,0.04510000000000078
699,8,0.3,0.03980000000000063
700,1,0.3,0.07400000000000001
700,2,0.3,0.04835000000000087
700,4,0.3,0.035250000000000496
700,8,0.3,0.03080000000000037
701,1,0.3,0.11504999999999549
701,2,0.3,0.09334999999999788
701,4,0.3,0.05155000000000096
701,8,0.3,0.04165000000000068
702,1,0.3,0.09729999999999744
702,2,0.3,0.059950000000001204
702,4,0.3,0.05215000000000098
702,8,0.3,0.03365000000000045
703,1,0.3,0.10264999999999685
703,2,0.3,0.054750000000001055
703,4,0.3,0.038650000000000594
703,8,0.3,0.04105000000000066
704,1,0.3,0.09554999999999764
704,2,0.3,0.050600000000000936
704,4,0.3,0.036900000000000543
704,8,0.3,0.037250000000000554
705,1,0.3,0.08429999999999888
705,2,0.3,0.07105000000000034
705,4,0.3,0.05485000000000106
705,8,0.3,0.04415000000000075
706,1,0.3,0.07729999999999965
706,2,0.3,0.053000000000001005
706,4,0.3,0.033850000000000456
706,8,0.3,0.02915000000000032
707,1,0.3,0.0731500000000001
707,2,0.3,0.053000000000001005
707,4,0.3,0.053000000000001005
707,8,0.3,0.03820000000000058
708,1,0.3,0.09349999999999786
708,2,0.3,0.05015000000000092
708,4,0.3,0.04270000000000071
708,8,0.3,0.029600000000000334
709,1,0.3,0.08999999999999825
709,2,0.3,0.06120000000000124
709,4,0.3,0.04105000000000066
709,8,0.3,0.034150000000000465
710,1,0.3,0.0958499999999976
710,2,0.3,0.07844999999999952
710,4,0.3,0.047800000000000856
710,8,0.3,0.037300000000000555
711,1,0.3,0.08394999999999891
711,2,0.3,0.04765000000000085
711,4,0.3,0.03680000000000054
711,8,0.3,0.02565000000000022
712,1,0.3,0.08549999999999874
712,2,0.3,0.0564000000000011
712,4,0.3,0.0355000000000005
712,8,0.3,0.03295000000000043
713,1,0.3,0.07719999999999966
713,2,0.3,0.05175000000000097
713,4,0.3,0.031050000000000376
713,8,0.3,0.028200000000000294
714,1,0.3,0.08639999999999864
714,2,0.3,0.05050000000000093
714,4,0.3,0.038300000000000584
714,8,0.3,0.037350000000000556
715,1,0.3,0.09454999999999775
715,2,0.3,0.06130000000000124
715,4,0.3,0.041100000000000664
715,8,0.3,0.031700000000000395
716,1,0.3,0.07524999999999987
716,2,0.3,0.04890000000000089
716,4,0.3,0.039700000000000624
716,8,0.3,0.03285000000000043
717,1,0.3,0.10839999999999622
717,2,0.3,0.08014999999999933
717,4,0.3,0.05030000000000093
717,8,0.3,0.03370000000000045
718,1,0.3,0.08269999999999905
718,2,0.3,0.06010000000000121
718,4,0.3,0.03215000000000041
718,8,0.3,0.032050000000000405
719,1,0.3,0.06545000000000095
719,2,0.3,0.05600000000000109
719,4,0.3,0.05325000000000101
719,8,0.3,0.04195000000000069
720,1,0.3,0.09594999999999759
720,2,0.3,0.04905000000000089
720,4,0.3,0.03090000000000037
720,8,0.3,0.027100000000000263
721,1,0.3,0.0895499999999983
721,2,0.3,0.04735000000000084
721,4,0.3,0.046050000000000806
721,8,0.3,0.04405000000000075
722,1,0.3,0.09714999999999746
722,2,0.3,0.0458500000000008
722,4,0.3,0.04265000000000071
722,8,0.3,0.03410000000000046
723,1,0.3,0.08199999999999913
723,2,0.3,0.06330000000000119
723,4,0.3,0.051300000000000956
723,8,0.3,0.05065000000000094
724,1,0.3,0.10434999999999667
724,2,0.3,0.0777499999999996
724,4,0.3,0.053700000000001025
724,8,0.3,0.047100000000000836
725,1,0.3,0.11094999999999594
725,2,0.3,0.06630000000000086
725,4,0.3,0.03920000000000061
725,8,0.3,0.027900000000000286
726,1,0.3,0.09434999999999777
726,2,0.3,0.04440000000000076
726,4,0.3,0.04140000000000067
726,8,0.3,0.0320000000000004
727,1,0.3,0.10459999999999664
727,2,0.3,0.05705000000000112
727,4,0.3,0.0353000000000005
727,8,0.3,0.033450000000000445
728,1,0.3,0.09654999999999753
728,2,0.3,0.06090000000000123
728,4,0.3,0.03475000000000048
728,8,0.3,0.028850000000000313
729,1,0.3,0.08194999999999913
729,2,0.3,0.04550000000000079
729,4,0.3,0.03580000000000051
729,8,0.3,0.03080000000000037
730,1,0.3,0.0976999999999974
730,2,0.3,0.057950000000001146
730,4,0.3,0.05535000000000107
730,8,0.3,0.033450000000000445
731,1,0.3,0.08959999999999829
731,2,0.3,0.0494500000000009
731,4,0.3,0.04720000000000084
731,8,0.3,0.03470000000000048
732,1,0.3,0.09669999999999751
732,2,0.3,0.05840000000000116
732,4,0.3,0.04210000000000069
732,8,0.3,0.029900000000000343
733,1,0.3,0.08159999999999917
733,2,0.3,0.0493500000000009
733,4,0.3,0.03820000000000058
733,8,0.3,0.03600000000000052
734,1,0.3,0.11254999999999576
734,2,0.3,0.06150000000000125
734,4,0.3,0.040400000000000644
734,8,0.3,0.03635000000000053
735,1,0.3,0.10159999999999697
735,2,0.3,0.06295000000000123
735,4,0.3,0.053000000000001005
735,8,0.3,0.03790000000000057
736,1,0.3,0.07265000000000016
736,2,0.3,0.04715000000000084
736,4,0.3,0.033800000000000455
736,8,0.3,0.036300000000000526
737,1,0.3,0.08694999999999858
737,2,0.3,0.06930000000000053
737,4,0.3,0.042900000000000715
737,8,0.3,0.02805000000000029
738,1,0.3,0.07469999999999993
738,2,0.3,0.05255000000000099
738,4,0.3,0.03500000000000049
738,8,0.3,0.03815000000000058
739,1,0.3,0.09669999999999751
739,2,0.3,0.05380000000000103
739,4,0.3,0.04315000000000072
739,8,0.3,0.03150000000000039
740,1,0.3,0.07934999999999942
740,2,0.3,0.07479999999999992
740,4,0.3,0.04405000000000075
740,8,0.3,0.031000000000000374
741,1,0.3,0.07434999999999997
741,2,0.3,0.04995000000000092
741,4,0.3,0.0423000000000007
741,8,0.3,0.03045000000000036
742,1,0.3,0.10419999999999668
742,2,0.3,0.07105000000000034
742,4,0.3,0.06165000000000125
742,8,0.3,0.04760000000000085
743,1,0.3,0.08419999999999889
743,2,0.3,0.05135000000000096
743,4,0.3,0.0423500000000007
743,8,0.3,0.03080000000000037
744,1,0.3,0.08529999999999877
744,2,0.3,0.050600000000000936
744,4,0.3,0.04515000000000078
744,8,0.3,0.02735000000000027
745,1,0.3,0.08024999999999932
745,2,0.3,0.05885000000000117
745,4,0.3,0.049850000000000914
745,8,0.3,0.030250000000000353
746,1,0.3,0.10694999999999638
746,2,0.3,0.05610000000000109
746,4,0.3,0.047100000000000836
746,8,0.3,0.029550000000000333
747,1,0.3,0.10479999999999662
747,2,0.3,0.05360000000000102
747,4,0.3,0.04140000000000067
747,8,0.3,0.033100000000000435
748,1,0.3,0.11669999999999531
748,2,0.3,0.08574999999999872
748,4,0.3,0.05805000000000115
748,8,0.3,0.03445000000000047
749,1,0.3,0.11234999999999579
749,2,0.3,0.05810000000000115
749,4,0.3,0.04685000000000083
749,8,0.3,0.032400000000000415
750,1,0.3,0.08869999999999839
750,2,0.3,0.05100000000000095
750,4,0.3,0.03845000000000059
750,8,0.3,0.02670000000000025
751,1,0.3,0.0867499999999986
751,2,0.3,0.07180000000000025
751,4,0.3,0.038050000000000576
751,8,0.3,0.03915000000000061
752,1,0.3,0.08399999999999891
752,2,0.3,0.07345000000000007
752,4,0.3,0.04160000000000068
752,8,0.3,0.04050000000000065
753,1,0.3,0.08429999999999888
753,2,0.3,0.06675000000000081
753,4,0.3,0.036900000000000543
753,8,0.3,0.032050000000000405
754,1,0.3,0.06795000000000068
754,2,0.3,0.048850000000000886
754,4,0.3,0.0458000000000008
754,8,0.3,0.03640000000000053
755,1,0.3,0.08109999999999923
755,2,0.3,0.04165000000000068
755,4,0.3,0.03845000000000059
755,8,0.3,0.03020000000000035
756,1,0.3,0.08854999999999841
756,2,0.3,0.057550000000001135
756,4,0.3,0.033100000000000435
756,8,0.3,0.02665000000000025
757,1,0.3,0.08624999999999866
757,2,0.3,0.04820000000000087
757,4,0.3,0.030600000000000363
757,8,0.3,0.028250000000000296
758,1,0.3,0.07205000000000022
758,2,0.3,0.0687000000000006
758,4,0.3,0.035550000000000505
758,8,0.3,0.032450000000000416
759,1,0.3,0.07509999999999989
759,2,0.3,0.058600000000001165
759,4,0.3,0.03860000000000059
759,8,0.3,0.03645000000000053
760,1,0.3,0.09794999999999737
760,2,0.3,0.07759999999999961
760,4,0.3,0.059650000000001195
760,8,0.3,0.03585000000000051
761,1,0.3,0.06620000000000087
761,2,0.3,0.055800000000001085
761,4,0.3,0.042200000000000695
761,8,0.3,0.028300000000000297
762,1,0.3,0.07909999999999945
762,2,0.3,0.05420000000000104
762,4,0.3,0.03615000000000052
762,8,0.3,0.03020000000000035
763,1,0.3,0.07170000000000026
763,2,0.3,0.054800000000001056
763,4,0.3,0.038050000000000576
763,8,0.3,0.03395000000000046
764,1,0.3,0.10524999999999657
764,2,0.3,0.06125000000000124
764,4,0.3,0.044250000000000754
764,8,0.3,0.027600000000000277
765,1,0.3,0.07579999999999981
765,2,0.3,0.056800000000001113
765,4,0.3,0.03810000000000058
765,8,0.3,0.029000000000000317
766,1,0.3,0.10539999999999655
766,2,0.3,0.055100000000001065
766,4,0.3,0.052650000000000995
766,8,0.3,0.03265000000000042
767,1,0.3,0.07205000000000022
767,2,0.3,0.05845000000000116
767,4,0.3,0.03930000000000061
767,8,0.3,0.03045000000000036
768,1,0.3,0.10354999999999676
768,2,0.3,0.05080000000000094
768,4,0.3,0.034900000000000486
768,8,0.3,0.03305000000000043
769,1,0.3,0.11999999999999494
769,2,0.3,0.06430000000000108
769,4,0.3,0.04485000000000077
769,8,0.3,0.0319500000000004
770,1,0.3,0.09149999999999808
770,2,0.3,0.07734999999999964
770,4,0.3,0.04375000000000074
770,8,0.3,0.02940000000000033
771,1,0.3,0.08349999999999896
771,2,0.3,0.046750000000000826
771,4,0.3,0.03950000000000062
771,8,0.3,0.03305000000000043
772,1,0.3,0.10094999999999704
772,2,0.3,0.09349999999999786
772,4,0.3,0.05330000000000101
772,8,0.3,0.0458500000000008
773,1,0.3,0.08989999999999826
773,2,0.3,0.059000000000001177
773,4,0.3,0.038400000000000586
773,8,0.3,0.03055000000000036
774,1,0.3,0.08644999999999864
774,2,0.3,0.05540000000000107
774,4,0.3,0.035950000000000516
774,8,0.3,0.030400000000000357
775,1,0.3,0.11974999999999497
775,2,0.3,0.06225000000000127
775,4,0.3,0.049850000000000914
775,8,0.3,0.031400000000000386
776,1,0.3,0.08219999999999911
776,2,0.3,0.04335000000000073
776,4,0.3,0.0283500000000003
776,8,0.3,0.02765000000000028
777,1,0.3,0.09449999999999775
777,2,0.3,0.052300000000000985
777,4,0.3,0.036600000000000535
777,8,0.3,0.033800000000000455
778,1,0.3,0.13744999999999302
778,2,0.3,0.0686000000000006
778,4,0.3,0.04095000000000066
778,8,0.3,0.033800000000000455
779,1,0.3,0.12169999999999476
779,2,0.3,0.05805000000000115
779,4,0.3,0.038000000000000575
779,8,0.3,0.03645000000000053
780,1,0.3,0.08339999999999897
780,2,0.3,0.053050000000001006
780,4,0.3,0.03815000000000058
780,8,0.3,0.03410000000000046
781,1,0.3,0.0840499999999989
781,2,0.3,0.05175000000000097
781,4,0.3,0.04065000000000065
781,8,0.3,0.05005000000000092
782,1,0.3,0.10959999999999609
782,2,0.3,0.053750000000001026
782,4,0.3,0.04490000000000077
782,8,0.3,0.04020000000000064
783,1,0.3,0.09989999999999716
783,2,0.3,0.05205000000000098
783,4,0.3,0.051300000000000956
783,8,0.3,0.04295000000000072
784,1,0.3,0.07714999999999966
784,2,0.3,0.05670000000000111
784,4,0.3,0.03360000000000045
784,8,0.3,0.033450000000000445
785,1,0.3,0.10269999999999685
785,2,0.3,0.04975000000000091
785,4,0.3,0.05175000000000097
785,8,0.3,0.031000000000000374
786,1,0.3,0.09074999999999817
786,2,0.3,0.06005000000000121
786,4,0.3,0.057500000000001134
786,8,0.3,0.04625000000000081
787,1,0.3,0.08539999999999875
787,2,0.3,0.06695000000000079
787,4,0.3,0.040450000000000645
787,8,0.3,0.037350000000000556
788,1,0.3,0.08284999999999904
788,2,0.3,0.07609999999999978
788,4,0.3,0.05105000000000095
788,8,0.3,0.036900000000000543
789,1,0.3,0.06710000000000077
789,2,0.3,0.05385000000000103
789,4,0.3,0.03465000000000048
789,8,0.3,0.03295000000000043
790,1,0.3,0.08359999999999895
790,2,0.3,0.058300000000001156
790,4,0.3,0.038350000000000585
790,8,0.3,0.02980000000000034
791,1,0.3,0.07300000000000012
791,2,0.3,0.051250000000000955
791,4,0.3,0.032100000000000406
791,8,0.3,0.032050000000000405
792,1,0.3,0.07235000000000019
792,2,0.3,0.047800000000000856
792,4,0.3,0.03575000000000051
792,8,0.3,0.029650000000000336
793,1,0.3,0.09344999999999787
793,2,0.3,0.05150000000000096
793,4,0.3,0.03675000000000054
793,8,0.3,0.032800000000000426
794,1,0.3,0.0822499999999991
794,2,0.3,0.06445000000000106
794,4,0.3,0.03950000000000062
794,8,0.3,0.029950000000000344
795,1,0.3,0.08944999999999831
795,2,0.3,0.07649999999999973
795,4,0.3,0.040450000000000645
795,8,0.3,0.03050000000000036
796,1,0.3,0.08474999999999883
796,2,0.3,0.04655000000000082
796,4,0.3,0.031750000000000396
796,8,0.3,0.02700000000000026
797,1,0.3,0.10004999999999714
797,2,0.3,0.08364999999999895
797,4,0.3,0.045000000000000775
797,8,0.3,0.036300000000000526
798,1,0.3,0.09729999999999744
798,2,0.3,0.051600000000000965
798,4,0.3,0.032800000000000426
798,8,0.3,0.0354000000000005
799,1,0.3,0.07934999999999942
799,2,0.3,0.05525000000000107
799,4,0.3,0.04335000000000073
799,8,0.3,0.03780000000000057
800,1,0.3,0.06710000000000077
800,2,0.3,0.06710000000000077
800,4,0.3,0.0564000000000011
800,8,0.3,0.031350000000000385
801,1,0.3,0.0976999999999974
801,2,0.3,0.052750000000001
801,4,0.3,0.032100000000000406
801,8,0.3,0.02735000000000027
802,1,0.3,0.09194999999999803
802,2,0.3,0.07065000000000038
802,4,0.3,0.04510000000000078
802,8,0.3,0.03165000000000039
803,1,0.3,0.1039999999999967
803,2,0.3,0.06005000000000121
803,4,0.3,0.04860000000000088
803,8,0.3,0.03440000000000047
804,1,0.3,0.09114999999999812
804,2,0.3,0.0458000000000008
804,4,0.3,0.03395000000000046
804,8,0.3,0.03440000000000047
805,1,0.3,0.08659999999999862
805,2,0.3,0.049900000000000916
805,4,0.3,0.04050000000000065
805,8,0.3,0.027600000000000277
806,1,0.3,0.08659999999999862
806,2,0.3,0.04615000000000081
806,4,0.3,0.04510000000000078
806,8,0.3,0.03215000000000041
807,1,0.3,0.08354999999999896
807,2,0.3,0.05030000000000093
807,4,0.3,0.04050000000000065
807,8,0.3,0.03160000000000039
808,1,0.3,0.08089999999999925
808,2,0.3,0.05205000000000098
808,4,0.3,0.036950000000000545
808,8,0.3,0.040050000000000634
809,1,0.3,0.11569999999999542
809,2,0.3,0.0564000000000011
809,4,0.3,0.034500000000000475
809,8,0.3,0.0284500000000003
810,1,0.3,0.09659999999999752
810,2,0.3,0.05870000000000117
810,4,0.3,0.045300000000000784
810,8,0.3,0.03650000000000053
811,1,0.3,0.09389999999999782
811,2,0.3,0.05555000000000108
811,4,0.3,0.03750000000000056
811,8,0.3,0.02770000000000028
812,1,0.3,0.06260000000000127
812,2,0.3,0.05555000000000108
812,4,0.3,0.03825000000000058
812,8,0.3,0.03685000000000054
813,1,0.3,0.07599999999999979
813,2,0.3,0.04650000000000082
813,4,0.3,0.0353000000000005
813,8,0.3,0.02695000000000026
814,1,0.3,0.11539999999999545
814,2,0.3,0.05325000000000101
814,4,0.3,0.040750000000000654
814,8,0.3,0.02695000000000026
815,1,0.3,0.10149999999999698
815,2,0.3,0.060300000000001214
815,4,0.3,0.058950000000001175
815,8,0.3,0.03405000000000046
816,1,0.3,0.10919999999999613
816,2,0.3,0.05100000000000095
816,4,0.3,0.04070000000000065
816,8,0.3,0.03120000000000038
817,1,0.3,0.09474999999999772
817,2,0.3,0.06480000000000102
817,4,0.3,0.0355000000000005
817,8,0.3,0.02770000000000028
818,1,0.3,0.10019999999999712
818,2,0.3,0.06445000000000106
818,4,0.3,0.05525000000000107
818,8,0.3,0.03670000000000054
819,1,0.3,0.09169999999999806
819,2,0.3,0.0599000000000012
819,4,0.3,0.04875000000000088
819,8,0.3,0.034200000000000466
820,1,0.3,0.07939999999999942
820,2,0.3,0.06390000000000112
820,4,0.3,0.04090000000000066
820,8,0.3,0.03565000000000051
821,1,0.3,0.09014999999999823
821,2,0.3,0.055800000000001085
821,4,0.3,0.03710000000000055
821,8,0.3,0.030750000000000367
822,1,0.3,0.07819999999999955
822,2,0.3,0.05675000000000111
822,4,0.3,0.03340000000000044
822,8,0.3,0.02770000000000028
823,1,0.3,0.0967999999999975
823,2,0.3,0.05050000000000093
823,4,0.3,0.04060000000000065
823,8,0.3,0.034900000000000486
824,1,0.3,0.08944999999999831
824,2,0.3,0.05730000000000113
824,4,0.3,0.037650000000000565
824,8,0.3,0.030350000000000356
825,1,0.3,0.11204999999999582
825,2,0.3,0.059650000000001195
825,4,0.3,0.04025000000000064
825,8,0.3,0.039000000000000604
826,1,0.3,0.09164999999999807
826,2,0.3,0.05045000000000093
826,4,0.3,0.039700000000000624
826,8,0.3,0.032400000000000415
827,1,0.3,0.09834999999999733
827,2,0.3,0.06455000000000105
827,4,0.3,0.04960000000000091
827,8,0.3,0.0319500000000004
828,1,0.3,0.07904999999999945
828,2,0.3,0.0597500000000012
828,4,0.3,0.04030000000000064
828,8,0.3,0.026750000000000253
829,1,0.3,0.10329999999999678
829,2,0.3,0.051600000000000965
829,4,0.3,0.04195000000000069
829,8,0.3,0.04195000000000069
830,1,0.3,0.07509999999999989
830,2,0.3,0.04875000000000088
830,4,0.3,0.03340000000000044
830,8,0.3,0.028300000000000297
831,1,0.3,0.07834999999999953
831,2,0.3,0.05435000000000104
831,4,0.3,0.03995000000000063
831,8,0.3,0.03605000000000052
832,1,0.3,0.0940499999999978
832,2,0.3,0.054050000000001035
832,4,0.3,0.04140000000000067
832,8,0.3,0.038700000000000595
833,1,0.3,0.09244999999999798
833,2,0.3,0.048100000000000864
833,4,0.3,0.039350000000000614
833,8,0.3,0.03090000000000037
834,1,0.3,0.09049999999999819
834,2,0.3,0.05215000000000098
834,4,0.3,0.04370000000000074
834,8,0.3,0.033450000000000445
835,1,0.3,0.07619999999999977
835,2,0.3,0.044650000000000765
835,4,0.3,0.04555000000000079
835,8,0.3,0.034850000000000485
836,1,0.3,0.09429999999999777
836,2,0.3,0.06975000000000048
836,4,0.3,0.04680000000000083
836,8,0.3,0.028550000000000304
837,1,0.3,0.11109999999999592
837,2,0.3,0.06310000000000121
837,4,0.3,0.03825000000000058
837,8,0.3,0.03565000000000051
838,1,0.3,0.10439999999999666
838,2,0.3,0.050200000000000924
838,4,0.3,0.03160000000000039
838,8,0.3,0.02945000000000033
839,1,0.3,0.0803999999999993
839,2,0.3,0.05210000000000098
839,4,0.3,0.037600000000000564
839,8,0.3,0.027150000000000264
840,1,0.3,0.10639999999999644
840,2,0.3,0.0749499999999999
840,4,0.3,0.04165000000000068
840,8,0.3,0.04165000000000068
841,1,0.3,0.10714999999999636
841,2,0.3,0.05520000000000107
841,4,0.3,0.03850000000000059
841,8,0.3,0.029250000000000324
842,1,0.3,0.08264999999999906
842,2,0.3,0.04310000000000072
842,4,0.3,0.033500000000000446
842,8,0.3,0.03015000000000035
843,1,0.3,0.09579999999999761
843,2,0.3,0.05210000000000098
843,4,0.3,0.03445000000000047
843,8,0.3,0.029550000000000333
844,1,0.3,0.0659000000000009
844,2,0.3,0.0492500000000009
844,4,0.3,0.0354500000000005
844,8,0.3,0.029000000000000317
845,1,0.3,0.07260000000000016
845,2,0.3,0.05015000000000092
845,4,0.3,0.044950000000000774
845,8,0.3,0.03510000000000049
846,1,0.3,0.09914999999999724
846,2,0.3,0.060350000000001215
846,4,0.3,0.04070000000000065
846,8,0.3,0.0318000000000004
847,1,0.3,0.07270000000000015
847,2,0.3,0.05190000000000097
847,4,0.3,0.048100000000000864
847,8,0.3,0.039050000000000605
848,1,0.3,0.09879999999999728
848,2,0.3,0.05740000000000113
848,4,0.3,0.03355000000000045
848,8,0.3,0.029950000000000344
849,1,0.3,0.09079999999999816
849,2,0.3,0.048850000000000886
849,4,0.3,0.0354000000000005
849,8,0.3,0.027550000000000276
850,1,0.3,0.09824999999999734
850,2,0.3,0.06905000000000056
850,4,0.3,0.044600000000000764
850,8,0.3,0.03510000000000049
851,1,0.3,0.10834999999999623
851,2,0.3,0.057900000000001145
851,4,0.3,0.043250000000000725
851,8,0.3,0.03120000000000038
852,1,0.3,0.06570000000000092
852,2,0.3,0.057850000000001144
852,4,0.3,0.04270000000000071
852,8,0.3,0.031350000000000385
853,1,0.3,0.08794999999999847
853,2,0.3,0.053350000000001015
853,4,0.3,0.06585000000000091
853,8,0.3,0.03570000000000051
854,1,0.3,0.08729999999999855
854,2,0.3,0.08104999999999923
854,4,0.3,0.061700000000001254
854,8,0.3,0.03740000000000056
855,1,0.3,0.09964999999999719
855,2,0.3,0.0597500000000012
855,4,0.3,0.04350000000000073
855,8,0.3,0.03370000000000045
856,1,0.3,0.10784999999999628
856,2,0.3,0.10784999999999628
856,4,0.3,0.07849999999999951
856,8,0.3,0.043900000000000744
857,1,0.3,0.08369999999999894
857,2,0.3,0.049550000000000906
857,4,0.3,0.045000000000000775
857,8,0.3,0.0283500000000003
858,1,0.3,0.08654999999999863
858,2,0.3,0.08654999999999863
858,4,0.3,0.052950000000001
858,8,0.3,0.03720000000000055
859,1,0.3,0.09869999999999729
859,2,0.3,0.07644999999999974
859,4,0.3,0.05905000000000118
859,8,0.3,0.03460000000000048
860,1,0.3,0.08304999999999901
860,2,0.3,0.04785000000000086
860,4,0.3,0.041100000000000664
860,8,0.3,0.0353000000000005
861,1,0.3,0.10564999999999652
861,2,0.3,0.04660000000000082
861,4,0.3,0.040100000000000635
861,8,0.3,0.03395000000000046
862,1,0.3,0.12234999999999469
862,2,0.3,0.08959999999999829
862,4,0.3,0.04730000000000084
862,8,0.3,0.05355000000000102
863,1,0.3,0.07924999999999943
863,2,0.3,0.07564999999999983
863,4,0.3,0.03850000000000059
863,8,0.3,0.029700000000000337
864,1,0.3,0.08579999999999871
864,2,0.3,0.08579999999999871
864,4,0.3,0.052850000000001
864,8,0.3,0.03710000000000055
865,1,0.3,0.07065000000000038
865,2,0.3,0.06625000000000086
865,4,0.3,0.033150000000000436
865,8,0.3,0.029300000000000326
866,1,0.3,0.07569999999999982
866,2,0.3,0.07090000000000035
866,4,0.3,0.05135000000000096
866,8,0.3,0.04335000000000073
867,1,0.3,0.10939999999999611
867,2,0.3,0.08059999999999928
867,4,0.3,0.04685000000000083
867,8,0.3,0.03470000000000048
868,1,0.3,0.11339999999999567
868,2,0.3,0.05665000000000111
868,4,0.3,0.046750000000000826
868,8,0.3,0.039350000000000614
869,1,0.3,0.09419999999999779
869,2,0.3,0.051250000000000955
869,4,0.3,0.0388000000000006
869,8,0.3,0.03510000000000049
870,1,0.3,0.08579999999999871
870,2,0.3,0.05260000000000099
870,4,0.3,0.03740000000000056
870,8,0.3,0.0284000000000003
871,1,0.3,0.065000000000001
871,2,0.3,0.07275000000000015
871,4,0.3,0.04190000000000069
871,8,0.3,0.035900000000000515
872,1,0.3,0.09464999999999774
872,2,0.3,0.07604999999999978
872,4,0.3,0.041450000000000674
872,8,0.3,0.041450000000000674
873,1,0.3,0.10084999999999705
873,2,0.3,0.05315000000000101
873,4,0.3,0.039100000000000606
873,8,0.3,0.03325000000000044
874,1,0.3,0.07979999999999937
874,2,0.3,0.055500000000001076
874,4,0.3,0.03985000000000063
874,8,0.3,0.030700000000000366
875,1,0.3,0.0859499999999987
875,2,0.3,0.043600000000000735
875,4,0.3,0.04280000000000071
875,8,0.3,0.03460000000000048
876,1,0.3,0.08809999999999846
876,2,0.3,0.07205000000000022
876,4,0.3,0.038650000000000594
876,8,0.3,0.03340000000000044
877,1,0.3,0.06440000000000107
877,2,0.3,0.055850000000001086
877,4,0.3,0.03925000000000061
877,8,0.3,0.03400000000000046
878,1,0.3,0.10759999999999631
878,2,0.3,0.06145000000000125
878,4,0.3,0.0354500000000005
878,8,0.3,0.03510000000000049
879,1,0.3,0.10139999999999699
879,2,0.3,0.057200000000001125
879,4,0.3,0.04175000000000068
879,8,0.3,0.029650000000000336
880,1,0.3,0.08599999999999869
880,2,0.3,0.053350000000001015
880,4,0.3,0.040450000000000645
880,8,0.3,0.038300000000000584
881,1,0.3,0.10279999999999684
881,2,0.3,0.058200000000001154
881,4,0.3,0.04405000000000075
881,8,0.3,0.0318000000000004
882,1,0.3,0.08064999999999928
882,2,0.3,0.04310000000000072
882,4,0.3,0.03620000000000052
882,8,0.3,0.033800000000000455
883,1,0.3,0.15339999999999127
883,2,0.3,0.07839999999999953
883,4,0.3,0.046700000000000824
883,8,0.3,0.031750000000000396
884,1,0.3,0.12234999999999469
884,2,0.3,0.06130000000000124
884,4,0.3,0.0318000000000004
884,8,0.3,0.029550000000000333
885,1,0.3,0.08624999999999866
885,2,0.3,0.05420000000000104
885,4,0.3,0.05420000000000104
885,8,0.3,0.040750000000000654
886,1,0.3,0.08649999999999863
886,2,0.3,0.045000000000000775
886,4,0.3,0.04095000000000066
886,8,0.3,0.038350000000000585
887,1,0.3,0.11349999999999566
887,2,0.3,0.0563500000000011
887,4,0.3,0.046050000000000806
887,8,0.3,0.03250000000000042
888,1,0.3,0.10274999999999684
888,2,0.3,0.05310000000000101
888,4,0.3,0.050200000000000924
888,8,0.3,0.04050000000000065
889,1,0.3,0.09824999999999734
889,2,0.3,0.05190000000000097
889,4,0.3,0.03365000000000045
889,8,0.3,0.02880000000000031
890,1,0.3,0.10484999999999661
890,2,0.3,0.092299999999998
890,4,0.3,0.046700000000000824
890,8,0.3,0.03460000000000048
891,1,0.3,0.0912999999999981
891,2,0.3,0.08804999999999846
891,4,0.3,0.04190000000000069
891,8,0.3,0.02770000000000028
892,1,0.3,0.11204999999999582
892,2,0.3,0.05530000000000107
892,4,0.3,0.03320000000000044
892,8,0.3,0.028950000000000316
893,1,0.3,0.0986499999999973
893,2,0.3,0.04960000000000091
893,4,0.3,0.046700000000000824
893,8,0.3,0.032750000000000425
894,1,0.3,0.08664999999999862
894,2,0.3,0.05315000000000101
894,4,0.3,0.04345000000000073
894,8,0.3,0.03410000000000046
895,1,0.3,0.0995499999999972
895,2,0.3,0.05590000000000109
895,4,0.3,0.04440000000000076
895,8,0.3,0.029700000000000337
896,1,0.3,0.09089999999999815
896,2,0.3,0.05700000000000112
896,4,0.3,0.037700000000000566
896,8,0.3,0.030400000000000357
897,1,0.3,0.10929999999999612
897,2,0.3,0.06075000000000123
897,4,0.3,0.040400000000000644
897,8,0.3,0.03165000000000039
898,1,0.3,0.07839999999999953
898,2,0.3,0.07689999999999969
898,4,0.3,0.04695000000000083
898,8,0.3,0.047100000000000836
899,1,0.3,0.06815000000000065
899,2,0.3,0.051600000000000965
899,4,0.3,0.03750000000000056
899,8,0.3,0.02670000000000025
900,1,0.3,0.09569999999999762
900,2,0.3,0.07539999999999986
900,4,0.3,0.0564500000000011
900,8,0.3,0.04545000000000079
901,1,0.3,0.09034999999999821
901,2,0.3,0.04660000000000082
901,4,0.3,0.052300000000000985
901,8,0.3,0.029650000000000336
902,1,0.3,0.09644999999999754
902,2,0.3,0.06460000000000105
902,4,0.3,0.0492500000000009
902,8,0.3,0.03575000000000051
903,1,0.3,0.08979999999999827
903,2,0.3,0.06905000000000056
903,4,0.3,0.040450000000000645
903,8,0.3,0.04195000000000069
904,1,0.3,0.0967499999999975
904,2,0.3,0.05350000000000102
904,4,0.3,0.04690000000000083
904,8,0.3,0.03260000000000042
905,1,0.3,0.06570000000000092
905,2,0.3,0.04000000000000063
905,4,0.3,0.03650000000000053
905,8,0.3,0.03080000000000037
906,1,0.3,0.10349999999999676
906,2,0.3,0.051950000000000975
906,4,0.3,0.03430000000000047
906,8,0.3,0.0284500000000003
907,1,0.3,0.08664999999999862
907,2,0.3,0.06400000000000111
907,4,0.3,0.04295000000000072
907,8,0.3,0.03515000000000049
908,1,0.3,0.08664999999999862
908,2,0.3,0.04610000000000081
908,4,0.3,0.0388500000000006
908,8,0.3,0.02945000000000033
909,1,0.3,0.08734999999999854
909,2,0.3,0.056500000000001105
909,4,0.3,0.036650000000000536
909,8,0.3,0.03605000000000052
910,1,0.3,0.06885000000000058
910,2,0.3,0.04300000000000072
910,4,0.3,0.04085000000000066
910,8,0.3,0.03755000000000056
911,1,0.3,0.0840999999999989
911,2,0.3,0.055800000000001085
911,4,0.3,0.04660000000000082
911,8,0.3,0.035600000000000506
912,1,0.3,0.1086499999999962
912,2,0.3,0.054100000000001036
912,4,0.3,0.050950000000000946
912,8,0.3,0.03365000000000045
913,1,0.3,0.06005000000000121
913,2,0.3,0.03990000000000063
913,4,0.3,0.03165000000000039
913,8,0.3,0.0319500000000004
914,1,0.3,0.08034999999999931
914,2,0.3,0.04435000000000076
914,4,0.3,0.03090000000000037
914,8,0.3,0.030000000000000346
915,1,0.3,0.1067999999999964
915,2,0.3,0.07484999999999992
915,4,0.3,0.04370000000000074
915,8,0.3,0.030350000000000356
916,1,0.3,0.1086499999999962
916,2,0.3,0.05575000000000108
916,4,0.3,0.04375000000000074
916,8,0.3,0.037250000000000554
917,1,0.3,0.09544999999999765
917,2,0.3,0.045350000000000786
917,4,0.3,0.03965000000000062
917,8,0.3,0.02950000000000033
918,1,0.3,0.11139999999999589
918,2,0.3,0.05695000000000112
918,4,0.3,0.031400000000000386
918,8,0.3,0.033850000000000456
919,1,0.3,0.06530000000000097
919,2,0.3,0.05355000000000102
919,4,0.3,0.036950000000000545
919,8,0.3,0.02880000000000031
920,1,0.3,0.09009999999999824
920,2,0.3,0.047100000000000836
920,4,0.3,0.03300000000000043
920,8,0.3,0.036300000000000526
921,1,0.3,0.08959999999999829
921,2,0.3,0.04510000000000078
921,4,0.3,0.04140000000000067
921,8,0.3,0.03150000000000039
922,1,0.3,0.09979999999999717
922,2,0.3,0.05110000000000095
922,4,0.3,0.031400000000000386
922,8,0.3,0.032800000000000426
923,1,0.3,0.08004999999999934
923,2,0.3,0.05835000000000116
923,4,0.3,0.04485000000000077
923,8,0.3,0.03325000000000044
924,1,0.3,0.07544999999999985
924,2,0.3,0.07544999999999985
924,4,0.3,0.04330000000000073
924,8,0.3,0.036300000000000526
925,1,0.3,0.09874999999999728
925,2,0.3,0.052300000000000985
925,4,0.3,0.03675000000000054
925,8,0.3,0.02915000000000032
926,1,0.3,0.10169999999999696
926,2,0.3,0.07604999999999978
926,4,0.3,0.039100000000000606
926,8,0.3,0.03290000000000043
927,1,0.3,0.10099999999999704
927,2,0.3,0.050950000000000946
927,4,0.3,0.04370000000000074
927,8,0.3,0.029650000000000336
928,1,0.3,0.08189999999999914
928,2,0.3,0.04800000000000086
928,4,0.3,0.03125000000000038
928,8,0.3,0.03580000000000051
929,1,0.3,0.09029999999999822
929,2,0.3,0.05245000000000099
929,4,0.3,0.0423000000000007
929,8,0.3,0.028900000000000314
930,1,0.3,0.08799999999999847
930,2,0.3,0.05105000000000095
930,4,0.3,0.04350000000000073
930,8,0.3,0.03435000000000047
931,1,0.3,0.0786499999999995
931,2,0.3,0.03925000000000061
931,4,0.3,0.03565000000000051
931,8,0.3,0.029250000000000324
932,1,0.3,0.09939999999999721
932,2,0.3,0.05015000000000092
932,4,0.3,0.03715000000000055
932,8,0.3,0.03585000000000051
933,1,0.3,0.07879999999999948
933,2,0.3,0.05465000000000105
933,4,0.3,0.03325000000000044
933,8,0.3,0.03235000000000041
934,1,0.3,0.08619999999999867
934,2,0.3,0.051950000000000975
934,4,0.3,0.041150000000000665
934,8,0.3,0.03635000000000053
935,1,0.3,0.0705000000000004
935,2,0.3,0.0705000000000004
935,4,0.3,0.04125000000000067
935,8,0.3,0.036250000000000525
936,1,0.3,0.07709999999999967
936,2,0.3,0.043950000000000745
936,4,0.3,0.03850000000000059
936,8,0.3,0.03295000000000043
937,1,0.3,0.08899999999999836
937,2,0.3,0.07904999999999945
937,4,0.3,0.04065000000000065
937,8,0.3,0.04525000000000078
938,1,0.3,0.10814999999999625
938,2,0.3,0.05560000000000108
938,4,0.3,0.037950000000000574
938,8,0.3,0.032050000000000405
939,1,0.3,0.10994999999999605
939,2,0.3,0.06010000000000121
939,4,0.3,0.050550000000000934
939,8,0.3,0.032400000000000415
940,1,0.3,0.10104999999999703
940,2,0.3,0.10104999999999703
940,4,0.3,0.049150000000000894
940,8,0.3,0.02985000000000034
941,1,0.3,0.07869999999999949
941,2,0.3,0.04895000000000089
941,4,0.3,0.03435000000000047
941,8,0.3,0.027200000000000266
942,1,0.3,0.07834999999999953
942,2,0.3,0.055100000000001065
942,4,0.3,0.04960000000000091
942,8,0.3,0.03710000000000055
943,1,0.3,0.1049999999999966
943,2,0.3,0.07929999999999943
943,4,0.3,0.03855000000000059
943,8,0.3,0.02810000000000029
944,1,0.3,0.10424999999999668
944,2,0.3,0.06045000000000122
944,4,0.3,0.05520000000000107
944,8,0.3,0.03745000000000056
945,1,0.3,0.10899999999999616
945,2,0.3,0.08269999999999905
945,4,0.3,0.04275000000000071
945,8,0.3,0.03620000000000052
946,1,0.3,0.08804999999999846
946,2,0.3,0.059000000000001177
946,4,0.3,0.04855000000000088
946,8,0.3,0.031400000000000386
947,1,0.3,0.08739999999999853
947,2,0.3,0.07365000000000005
947,4,0.3,0.04630000000000081
947,8,0.3,0.027550000000000276
948,1,0.3,0.08054999999999929
948,2,0.3,0.06465000000000104
948,4,0.3,0.04330000000000073
948,8,0.3,0.030650000000000364
949,1,0.3,0.08544999999999875
949,2,0.3,0.045300000000000784
949,4,0.3,0.04795000000000086
949,8,0.3,0.02910000000000032
950,1,0.3,0.10299999999999682
950,2,0.3,0.05535000000000107
950,4,0.3,0.04000000000000063
950,8,0.3,0.03335000000000044
951,1,0.3,0.07245000000000018
951,2,0.3,0.07245000000000018
951,4,0.3,0.05355000000000102
951,8,0.3,0.04035000000000064
952,1,0.3,0.09759999999999741
952,2,0.3,0.052900000000001
952,4,0.3,0.03775000000000057
952,8,0.3,0.0284000000000003
953,1,0.3,0.08879999999999838
953,2,0.3,0.04970000000000091
953,4,0.3,0.03370000000000045
953,8,0.3,0.027550000000000276
954,1,0.3,0.08354999999999896
954,2,0.3,0.05075000000000094
954,4,0.3,0.031350000000000385
954,8,0.3,0.029300000000000326
955,1,0.3,0.10354999999999676
955,2,0.3,0.05260000000000099
955,4,0.3,0.05260000000000099
955,8,0.3,0.0354000000000005
956,1,0.3,0.10364999999999674
956,2,0.3,0.06005000000000121
956,4,0.3,0.03655000000000053
956,8,0.3,0.03235000000000041
957,1,0.3,0.0967999999999975
957,2,0.3,0.06300000000000122
957,4,0.3,0.046750000000000826
957,8,0.3,0.04695000000000083
958,1,0.3,0.07784999999999959
958,2,0.3,0.05705000000000112
958,4,0.3,0.043900000000000744
958,8,0.3,0.029350000000000327
959,1,0.3,0.09024999999999822
959,2,0.3,0.059950000000001204
959,4,0.3,0.03575000000000051
959,8,0.3,0.027850000000000284
960,1,0.3,0.11149999999999588
960,2,0.3,0.05065000000000094
960,4,0.3,0.037000000000000546
960,8,0.3,0.03015000000000035
961,1,0.3,0.12994999999999385
961,2,0.3,0.061400000000001245
961,4,0.3,0.0459500000000008
961,8,0.3,0.03130000000000038
962,1,0.3,0.07220000000000021
962,2,0.3,0.05240000000000099
962,4,0.3,0.0459500000000008
962,8,0.3,0.031050000000000376
963,1,0.3,0.07839999999999953
963,2,0.3,0.04975000000000091
963,4,0.3,0.0388000000000006
963,8,0.3,0.03235000000000041
964,1,0.3,0.07375000000000004
964,2,0.3,0.0731500000000001
964,4,0.3,0.041150000000000665
964,8,0.3,0.033800000000000455
965,1,0.3,0.10689999999999639
965,2,0.3,0.06970000000000048
965,4,0.3,0.04190000000000069
965,8,0.3,0.03215000000000041
966,1,0.3,0.12059999999999488
966,2,0.3,0.05870000000000117
966,4,0.3,0.0388000000000006
966,8,0.3,0.02805000000000029
967,1,0.3,0.07874999999999949
967,2,0.3,0.05190000000000097
967,4,0.3,0.04435000000000076
967,8,0.3,0.03080000000000037
968,1,0.3,0.09609999999999758
968,2,0.3,0.04965000000000091
968,4,0.3,0.037600000000000564
968,8,0.3,0.034200000000000466
969,1,0.3,0.07250000000000018
969,2,0.3,0.04490000000000077
969,4,0.3,0.03990000000000063
969,8,0.3,0.030250000000000353
970,1,0.3,0.06945000000000051
970,2,0.3,0.051250000000000955
970,4,0.3,0.04275000000000071
970,8,0.3,0.0318500000000004
971,1,0.3,0.06925000000000053
971,2,0.3,0.07669999999999971
971,4,0.3,0.043200000000000724
971,8,0.3,0.03950000000000062
972,1,0.3,0.09749999999999742
972,2,0.3,0.05850000000000116
972,4,0.3,0.048100000000000864
972,8,0.3,0.029250000000000324
973,1,0.3,0.09414999999999779
973,2,0.3,0.07125000000000031
973,4,0.3,0.06520000000000098
973,8,0.3,0.03165000000000039
974,1,0.3,0.0940499999999978
974,2,0.3,0.04805000000000086
974,4,0.3,0.03480000000000048
974,8,0.3,0.030050000000000347
975,1,0.3,0.09384999999999782
975,2,0.3,0.05390000000000103
975,4,0.3,0.04455000000000076
975,8,0.3,0.03250000000000042
976,1,0.3,0.12739999999999413
976,2,0.3,0.06150000000000125
976,4,0.3,0.03820000000000058
976,8,0.3,0.03370000000000045
977,1,0.3,0.0759499999999998
977,2,0.3,0.04870000000000088
977,4,0.3,0.04020000000000064
977,8,0.3,0.039350000000000614
978,1,0.3,0.10554999999999654
978,2,0.3,0.048850000000000886
978,4,0.3,0.048850000000000886
978,8,0.3,0.03915000000000061
979,1,0.3,0.09179999999999805
979,2,0.3,0.062050000000001264
979,4,0.3,0.0389000000000006
979,8,0.3,0.03640000000000053
980,1,0.3,0.0994999999999972
980,2,0.3,0.05595000000000109
980,4,0.3,0.04855000000000088
980,8,0.3,0.032050000000000405
981,1,0.3,0.07919999999999944
981,2,0.3,0.03960000000000062
981,4,0.3,0.0423000000000007
981,8,0.3,0.03055000000000036
982,1,0.3,0.10424999999999668
982,2,0.3,0.05360000000000102
982,4,0.3,0.03495000000000049
982,8,0.3,0.034500000000000475
983,1,0.3,0.10264999999999685
983,2,0.3,0.06705000000000078
983,4,0.3,0.052650000000000995
983,8,0.3,0.037300000000000555
984,1,0.3,0.09009999999999824
984,2,0.3,0.0563500000000011
984,4,0.3,0.040100000000000635
984,8,0.3,0.03505000000000049
985,1,0.3,0.08359999999999895
985,2,0.3,0.07370000000000004
985,4,0.3,0.04840000000000087
985,8,0.3,0.03510000000000049
986,1,0.3,0.10924999999999613
986,2,0.3,0.06275000000000125
986,4,0.3,0.05035000000000093
986,8,0.3,0.03460000000000048
987,1,0.3,0.08629999999999866
987,2,0.3,0.06470000000000103
987,4,0.3,0.04785000000000086
987,8,0.3,0.031100000000000377
988,1,0.3,0.08279999999999904
988,2,0.3,0.06855000000000061
988,4,0.3,0.04555000000000079
988,8,0.3,0.03215000000000041
989,1,0.3,0.08394999999999891
989,2,0.3,0.0668000000000008
989,4,0.3,0.03960000000000062
989,8,0.3,0.03815000000000058
990,1,0.3,0.0913999999999981
990,2,0.3,0.05135000000000096
990,4,0.3,0.04450000000000076
990,8,0.3,0.03475000000000048
991,1,0.3,0.0867999999999986
991,2,0.3,0.06045000000000122
991,4,0.3,0.038300000000000584
991,8,0.3,0.03020000000000035
992,1,0.3,0.09689999999999749
992,2,0.3,0.07360000000000005
992,4,0.3,0.06425000000000108
992,8,0.3,0.036950000000000545
993,1,0.3,0.10789999999999628
993,2,0.3,0.06885000000000058
993,4,0.3,0.0423500000000007
993,8,0.3,0.03130000000000038
994,1,0.3,0.08354999999999896
994,2,0.3,0.05150000000000096
994,4,0.3,0.04135000000000067
994,8,0.3,0.02905000000000032
995,1,0.3,0.08669999999999861
995,2,0.3,0.07205000000000022
995,4,0.3,0.037000000000000546
995,8,0.3,0.03155000000000039
996,1,0.3,0.09919999999999723
996,2,0.3,0.04685000000000083
996,4,0.3,0.03610000000000052
996,8,0.3,0.035900000000000515
997,1,0.3,0.10024999999999712
997,2,0.3,0.062400000000001274
997,4,0.3,0.03305000000000043
997,8,0.3,0.03410000000000046
998,1,0.3,0.08934999999999832
998,2,0.3,0.05075000000000094
998,4,0.3,0.03605000000000052
998,8,0.3,0.027250000000000267
999,1,0.3,0.07779999999999959
999,2,0.3,0.04795000000000086
999,4,0.3,0.031700000000000395
999,8,0.3,0.02805000000000029
0,1,0.5,0.10934999999999612
0,2,0.5,0.06095000000000123
0,4,0.5,0.04680000000000083
0,8,0.5,0.03215000000000041
1,1,0.5,0.11714999999999526
1,2,0.5,0.06395000000000112
1,4,0.5,0.051300000000000956
1,8,0.5,0.040400000000000644
2,1,0.5,0.1140499999999956
2,2,0.5,0.058950000000001175
2,4,0.5,0.04765000000000085
2,8,0.5,0.03855000000000059
3,1,0.5,0.10889999999999617
3,2,0.5,0.0597500000000012
3,4,0.5,0.039700000000000624
3,8,0.5,0.039450000000000617
4,1,0.5,0.09374999999999784
4,2,0.5,0.057150000000001124
4,4,0.5,0.04685000000000083
4,8,0.5,0.03565000000000051
5,1,0.5,0.11749999999999522
5,2,0.5,0.07305000000000011
5,4,0.5,0.06420000000000109
5,8,0.5,0.04765000000000085
6,1,0.5,0.11634999999999535
6,2,0.5,0.059300000000001185
6,4,0.5,0.048500000000000876
6,8,0.5,0.047800000000000856
7,1,0.5,0.1113499999999959
7,2,0.5,0.09124999999999811
7,4,0.5,0.05310000000000101
7,8,0.5,0.04205000000000069
8,1,0.5,0.10449999999999665
8,2,0.5,0.06265000000000126
8,4,0.5,0.06215000000000127
8,8,0.5,0.041450000000000674
9,1,0.5,0.09379999999999783
9,2,0.5,0.06620000000000087
9,4,0.5,0.04610000000000081
9,8,0.5,0.03985000000000063
10,1,0.5,0.11519999999999547
10,2,0.5,0.07035000000000041
10,4,0.5,0.04615000000000081
10,8,0.5,0.03650000000000053
11,1,0.5,0.11349999999999566
11,2,0.5,0.06555000000000094
11,4,0.5,0.050950000000000946
11,8,0.5,0.04260000000000071
12,1,0.5,0.11684999999999529
12,2,0.5,0.057550000000001135
12,4,0.5,0.04475000000000077
12,8,0.5,0.036300000000000526
13,1,0.5,0.119549999999995
13,2,0.5,0.06700000000000078
13,4,0.5,0.06330000000000119
13,8,0.5,0.04725000000000084
14,1,0.5,0.10959999999999609
14,2,0.5,0.0695000000000005
14,4,0.5,0.05600000000000109
14,8,0.5,0.030950000000000373
15,1,0.5,0.09879999999999728
15,2,0.5,0.08194999999999913
15,4,0.5,0.05050000000000093
15,8,0.5,0.035900000000000515
16,1,0.5,0.110399999999996
16,2,0.5,0.06605000000000089
16,4,0.5,0.047050000000000834
16,8,0.5,0.035250000000000496
17,1,0.5,0.09089999999999815
17,2,0.5,0.07365000000000005
17,4,0.5,0.042900000000000715
17,8,0.5,0.03360000000000045
18,1,0.5,0.10069999999999707
18,2,0.5,0.10249999999999687
18,4,0.5,0.08289999999999903
18,8,0.5,0.04860000000000088
19,1,0.5,0.11759999999999521
19,2,0.5,0.05875000000000117
19,4,0.5,0.04305000000000072
19,8,0.5,0.03265000000000042
20,1,0.5,0.10239999999999688
20,2,0.5,0.07290000000000013
20,4,0.5,0.05110000000000095
20,8,0.5,0.029000000000000317
21,1,0.5,0.09609999999999758
21,2,0.5,0.060650000000001224
21,4,0.5,0.04070000000000065
21,8,0.5,0.0284000000000003
22,1,0.5,0.10214999999999691
22,2,0.5,0.05845000000000116
22,4,0.5,0.05845000000000116
22,8,0.5,0.04165000000000068
23,1,0.5,0.11374999999999563
23,2,0.5,0.07170000000000026
23,4,0.5,0.045300000000000784
23,8,0.5,0.03410000000000046
24,1,0.5,0.10284999999999683
24,2,0.5,0.09024999999999822
24,4,0.5,0.0458500000000008
24,8,0.5,0.028200000000000294
25,1,0.5,0.11054999999999598
25,2,0.5,0.05450000000000105
25,4,0.5,0.04085000000000066
25,8,0.5,0.03740000000000056
26,1,0.5,0.119449999999995
26,2,0.5,0.06195000000000126
26,4,0.5,0.03390000000000046
26,8,0.5,0.029350000000000327
27,1,0.5,0.11784999999999518
27,2,0.5,0.09074999999999817
27,4,0.5,0.05135000000000096
27,8,0.5,0.036650000000000536
28,1,0.5,0.10244999999999688
28,2,0.5,0.10244999999999688
28,4,0.5,0.04715000000000084
28,8,0.5,0.03990000000000063
29,1,0.5,0.08564999999999873
29,2,0.5,0.06805000000000067
29,4,0.5,0.052300000000000985
29,8,0.5,0.03635000000000053
30,1,0.5,0.10659999999999642
30,2,0.5,0.05525000000000107
30,4,0.5,0.06150000000000125
30,8,0.5,0.04555000000000079
31,1,0.5,0.11534999999999546
31,2,0.5,0.059650000000001195
31,4,0.5,0.064950000000001
31,8,0.5,0.04735000000000084
32,1,0.5,0.11719999999999525
32,2,0.5,0.05835000000000116
32,4,0.5,0.052700000000000996
32,8,0.5,0.034150000000000465
33,1,0.5,0.11014999999999603
33,2,0.5,0.06980000000000047
33,4,0.5,0.041800000000000684
33,8,0.5,0.03605000000000052
34,1,0.5,0.09724999999999745
34,2,0.5,0.05705000000000112
34,4,0.5,0.03920000000000061
34,8,0.5,0.031700000000000395
35,1,0.5,0.10024999999999712
35,2,0.5,0.06385000000000113
35,4,0.5,0.048500000000000876
35,8,0.5,0.035250000000000496
36,1,0.5,0.10884999999999617
36,2,0.5,0.06540000000000096
36,4,0.5,0.05395000000000103
36,8,0.5,0.037350000000000556
37,1,0.5,0.10524999999999657
37,2,0.5,0.056800000000001113
37,4,0.5,0.03820000000000058
37,8,0.5,0.030250000000000353
38,1,0.5,0.11749999999999522
38,2,0.5,0.06270000000000125
38,4,0.5,0.04400000000000075
38,8,0.5,0.03130000000000038
39,1,0.5,0.11434999999999557
39,2,0.5,0.06900000000000056
39,4,0.5,0.04470000000000077
39,8,0.5,0.03985000000000063
40,1,0.5,0.11529999999999546
40,2,0.5,0.07300000000000012
40,4,0.5,0.046750000000000826
40,8,0.5,0.033150000000000436
41,1,0.5,0.10429999999999667
41,2,0.5,0.0631500000000012
41,4,0.5,0.05180000000000097
41,8,0.5,0.04020000000000064
42,1,0.5,0.09739999999999743
42,2,0.5,0.060300000000001214
42,4,0.5,0.04790000000000086
42,8,0.5,0.03850000000000059
43,1,0.5,0.09359999999999785
43,2,0.5,0.05205000000000098
43,4,0.5,0.0493500000000009
43,8,0.5,0.04170000000000068
44,1,0.5,0.10749999999999632
44,2,0.5,0.05775000000000114
44,4,0.5,0.05835000000000116
44,8,0.5,0.036600000000000535
45,1,0.5,0.11684999999999529
45,2,0.5,0.06795000000000068
45,4,0.5,0.041500000000000675
45,8,0.5,0.03510000000000049
46,1,0.5,0.0985999999999973
46,2,0.5,0.05450000000000105
46,4,0.5,0.05355000000000102
46,8,0.5,0.036950000000000545
47,1,0.5,0.09459999999999774
47,2,0.5,0.056200000000001096
47,4,0.5,0.04470000000000077
47,8,0.5,0.04060000000000065
48,1,0.5,0.0804999999999993
48,2,0.5,0.05905000000000118
48,4,0.5,0.037600000000000564
48,8,0.5,0.03305000000000043
49,1,0.5,0.1213499999999948
49,2,0.5,0.0859499999999987
49,4,0.5,0.053050000000001006
49,8,0.5,0.048850000000000886
50,1,0.5,0.10734999999999634
50,2,0.5,0.05490000000000106
50,4,0.5,0.04415000000000075
50,8,0.5,0.04410000000000075
51,1,0.5,0.10964999999999608
51,2,0.5,0.0705000000000004
51,4,0.5,0.04665000000000082
51,8,0.5,0.038300000000000584
52,1,0.5,0.10634999999999645
52,2,0.5,0.06980000000000047
52,4,0.5,0.05190000000000097
52,8,0.5,0.04020000000000064
53,1,0.5,0.10979999999999607
53,2,0.5,0.054100000000001036
53,4,0.5,0.04405000000000075
53,8,0.5,0.04315000000000072
54,1,0.5,0.11024999999999602
54,2,0.5,0.05520000000000107
54,4,0.5,0.05080000000000094
54,8,0.5,0.03475000000000048
55,1,0.5,0.09124999999999811
55,2,0.5,0.054450000000001046
55,4,0.5,0.05675000000000111
55,8,0.5,0.05385000000000103
56,1,0.5,0.08479999999999882
56,2,0.5,0.06565000000000093
56,4,0.5,0.0597000000000012
56,8,0.5,0.033150000000000436
57,1,0.5,0.1131499999999957
57,2,0.5,0.0813999999999992
57,4,0.5,0.04900000000000089
57,8,0.5,0.03925000000000061
58,1,0.5,0.11319999999999569
58,2,0.5,0.07060000000000038
58,4,0.5,0.04030000000000064
58,8,0.5,0.03395000000000046
59,1,0.5,0.12839999999999402
59,2,0.5,0.06180000000000126
59,4,0.5,0.03990000000000063
59,8,0.5,0.03680000000000054
60,1,0.5,0.10834999999999623
60,2,0.5,0.07075000000000037
60,4,0.5,0.05485000000000106
60,8,0.5,0.03580000000000051
61,1,0.5,0.09804999999999736
61,2,0.5,0.08544999999999875
61,4,0.5,0.0597000000000012
61,8,0.5,0.033450000000000445
62,1,0.5,0.11479999999999552
62,2,0.5,0.08779999999999849
62,4,0.5,0.048800000000000884
62,8,0.5,0.0320000000000004
63,1,0.5,0.10569999999999652
63,2,0.5,0.05880000000000117
63,4,0.5,0.04805000000000086
63,8,0.5,0.036300000000000526
64,1,0.5,0.10664999999999641
64,2,0.5,0.07839999999999953
64,4,0.5,0.05010000000000092
64,8,0.5,0.04140000000000067
65,1,0.5,0.10029999999999711
65,2,0.5,0.0822499999999991
65,4,0.5,0.05310000000000101
65,8,0.5,0.03685000000000054
66,1,0.5,0.11419999999999558
66,2,0.5,0.06005000000000121
66,4,0.5,0.04450000000000076
66,8,0.5,0.03325000000000044
67,1,0.5,0.09079999999999816
67,2,0.5,0.06710000000000077
67,4,0.5,0.05390000000000103
67,8,0.5,0.041500000000000675
68,1,0.5,0.12334999999999458
68,2,0.5,0.07175000000000026
68,4,0.5,0.04435000000000076
68,8,0.5,0.04400000000000075
69,1,0.5,0.10614999999999647
69,2,0.5,0.054050000000001035
69,4,0.5,0.05105000000000095
69,8,0.5,0.043550000000000734
70,1,0.5,0.10869999999999619
70,2,0.5,0.05540000000000107
70,4,0.5,0.0493000000000009
70,8,0.5,0.03740000000000056
71,1,0.5,0.12549999999999434
71,2,0.5,0.0840999999999989
71,4,0.5,0.04335000000000073
71,8,0.5,0.03600000000000052
72,1,0.5,0.09449999999999775
72,2,0.5,0.0804499999999993
72,4,0.5,0.04350000000000073
72,8,0.5,0.036250000000000525
73,1,0.5,0.0868499999999986
73,2,0.5,0.0564000000000011
73,4,0.5,0.042850000000000714
73,8,0.5,0.0318500000000004
74,1,0.5,0.10069999999999707
74,2,0.5,0.06425000000000108
74,4,0.5,0.04370000000000074
74,8,0.5,0.03460000000000048
75,1,0.5,0.10669999999999641
75,2,0.5,0.05565000000000108
75,4,0.5,0.04540000000000079
75,8,0.5,0.03495000000000049
76,1,0.5,0.1040999999999967
76,2,0.5,0.06810000000000066
76,4,0.5,0.058900000000001174
76,8,0.5,0.038000000000000575
77,1,0.5,0.10464999999999663
77,2,0.5,0.07310000000000011
77,4,0.5,0.049850000000000914
77,8,0.5,0.03445000000000047
78,1,0.5,0.1258499999999943
78,2,0.5,0.062400000000001274
78,4,0.5,0.04455000000000076
78,8,0.5,0.03710000000000055
79,1,0.5,0.09744999999999743
79,2,0.5,0.07270000000000015
79,4,0.5,0.062450000000001275
79,8,0.5,0.03620000000000052
80,1,0.5,0.11124999999999591
80,2,0.5,0.05805000000000115
80,4,0.5,0.04690000000000083
80,8,0.5,0.02940000000000033
81,1,0.5,0.10839999999999622
81,2,0.5,0.07330000000000009
81,4,0.5,0.04555000000000079
81,8,0.5,0.034900000000000486
82,1,0.5,0.1040499999999967
82,2,0.5,0.07989999999999936
82,4,0.5,0.04385000000000074
82,8,0.5,0.040450000000000645
83,1,0.5,0.13359999999999345
83,2,0.5,0.07809999999999956
83,4,0.5,0.04345000000000073
83,8,0.5,0.03615000000000052
84,1,0.5,0.12179999999999475
84,2,0.5,0.08969999999999828
84,4,0.5,0.04455000000000076
84,8,0.5,0.03850000000000059
85,1,0.5,0.09284999999999793
85,2,0.5,0.052750000000001
85,4,0.5,0.046750000000000826
85,8,0.5,0.03085000000000037
86,1,0.5,0.1158999999999954
86,2,0.5,0.08459999999999884
86,4,0.5,0.050950000000000946
86,8,0.5,0.032050000000000405
87,1,0.5,0.08724999999999855
87,2,0.5,0.05775000000000114
87,4,0.5,0.04555000000000079
87,8,0.5,0.03920000000000061
88,1,0.5,0.09704999999999747
88,2,0.5,0.05390000000000103
88,4,0.5,0.04365000000000074
88,8,0.5,0.031000000000000374
89,1,0.5,0.1031999999999968
89,2,0.5,0.07305000000000011
89,4,0.5,0.04300000000000072
89,8,0.5,0.038050000000000576
90,1,0.5,0.10429999999999667
90,2,0.5,0.05315000000000101
90,4,0.5,0.05260000000000099
90,8,0.5,0.03915000000000061
91,1,0.5,0.11454999999999554
91,2,0.5,0.09574999999999761
91,4,0.5,0.056900000000001116
91,8,0.5,0.04625000000000081
92,1,0.5,0.09429999999999777
92,2,0.5,0.08749999999999852
92,4,0.5,0.048450000000000874
92,8,0.5,0.03495000000000049
93,1,0.5,0.11049999999999599
93,2,0.5,0.05320000000000101
93,4,0.5,0.04505000000000078
93,8,0.5,0.03165000000000039
94,1,0.5,0.12554999999999433
94,2,0.5,0.05955000000000119
94,4,0.5,0.042550000000000705
94,8,0.5,0.038350000000000585
95,1,0.5,0.10654999999999643
95,2,0.5,0.08369999999999894
95,4,0.5,0.05015000000000092
95,8,0.5,0.03745000000000056
96,1,0.5,0.10154999999999698
96,2,0.5,0.07185000000000025
96,4,0.5,0.051250000000000955
96,8,0.5,0.03340000000000044
97,1,0.5,0.11124999999999591
97,2,0.5,0.07699999999999968
97,4,0.5,0.08539999999999875
97,8,0.5,0.0424500000000007
98,1,0.5,0.11279999999999574
98,2,0.5,0.09384999999999782
98,4,0.5,0.06255000000000127
98,8,0.5,0.04195000000000069
99,1,0.5,0.11204999999999582
99,2,0.5,0.07429999999999998
99,4,0.5,0.04470000000000077
99,8,0.5,0.03585000000000051
100,1,0.5,0.12109999999999482
100,2,0.5,0.05885000000000117
100,4,0.5,0.0424500000000007
100,8,0.5,0.031350000000000385
101,1,0.5,0.10694999999999638
101,2,0.5,0.07634999999999975
101,4,0.5,0.04260000000000071
101,8,0.5,0.047400000000000844
102,1,0.5,0.11709999999999526
102,2,0.5,0.0695000000000005
102,4,0.5,0.04685000000000083
102,8,0.5,0.04410000000000075
103,1,0.5,0.11534999999999546
103,2,0.5,0.0598000000000012
103,4,0.5,0.03220000000000041
103,8,0.5,0.0353500000000005
104,1,0.5,0.12534999999999435
104,2,0.5,0.07934999999999942
104,4,0.5,0.06155000000000125
104,8,0.5,0.04300000000000072
105,1,0.5,0.11629999999999535
105,2,0.5,0.0598000000000012
105,4,0.5,0.06215000000000127
105,8,0.5,0.03460000000000048
106,1,0.5,0.10849999999999621
106,2,0.5,0.09724999999999745
106,4,0.5,0.05045000000000093
106,8,0.5,0.038650000000000594
107,1,0.5,0.11319999999999569
107,2,0.5,0.06225000000000127
107,4,0.5,0.0493000000000009
107,8,0.5,0.0319500000000004
108,1,0.5,0.11289999999999573
108,2,0.5,0.0758499999999998
108,4,0.5,0.04555000000000079
108,8,0.5,0.0353000000000005
109,1,0.5,0.09834999999999733
109,2,0.5,0.0722500000000002
109,4,0.5,0.0494000000000009
109,8,0.5,0.036600000000000535
110,1,0.5,0.12139999999999479
110,2,0.5,0.07385000000000003
110,4,0.5,0.0424500000000007
110,8,0.5,0.03445000000000047
111,1,0.5,0.11529999999999546
111,2,0.5,0.05555000000000108
111,4,0.5,0.04620000000000081
111,8,0.5,0.03155000000000039
112,1,0.5,0.11289999999999573
112,2,0.5,0.05745000000000113
112,4,0.5,0.03965000000000062
112,8,0.5,0.039400000000000615
113,1,0.5,0.08644999999999864
113,2,0.5,0.06145000000000125
113,4,0.5,0.048100000000000864
113,8,0.5,0.038300000000000584
114,1,0.5,0.10034999999999711
114,2,0.5,0.06400000000000111
114,4,0.5,0.060000000000001205
114,8,0.5,0.03680000000000054
115,1,0.5,0.11479999999999552
115,2,0.5,0.08464999999999884
115,4,0.5,0.0424000000000007
115,8,0.5,0.036650000000000536
116,1,0.5,0.1130999999999957
116,2,0.5,0.1130999999999957
116,4,0.5,0.07350000000000007
116,8,0.5,0.06155000000000125
117,1,0.5,0.11029999999999601
117,2,0.5,0.06435000000000107
117,4,0.5,0.05180000000000097
117,8,0.5,0.03780000000000057
118,1,0.5,0.09804999999999736
118,2,0.5,0.059600000000001194
118,4,0.5,0.03990000000000063
118,8,0.5,0.031100000000000377
119,1,0.5,0.11514999999999548
119,2,0.5,0.08744999999999853
119,4,0.5,0.04645000000000082
119,8,0.5,0.04650000000000082
120,1,0.5,0.10824999999999624
120,2,0.5,0.06535000000000096
120,4,0.5,0.05065000000000094
120,8,0.5,0.03775000000000057
121,1,0.5,0.08644999999999864
121,2,0.5,0.06640000000000085
121,4,0.5,0.048150000000000866
121,8,0.5,0.05100000000000095
122,1,0.5,0.12644999999999423
122,2,0.5,0.07100000000000034
122,4,0.5,0.05185000000000097
122,8,0.5,0.04335000000000073
123,1,0.5,0.10799999999999627
123,2,0.5,0.055150000000001066
123,4,0.5,0.055150000000001066
123,8,0.5,0.037300000000000555
124,1,0.5,0.12109999999999482
124,2,0.5,0.08089999999999925
124,4,0.5,0.047450000000000846
124,8,0.5,0.03605000000000052
125,1,0.5,0.10789999999999628
125,2,0.5,0.1031999999999968
125,4,0.5,0.04900000000000089
125,8,0.5,0.038400000000000586
126,1,0.5,0.1004499999999971
126,2,0.5,0.08754999999999852
126,4,0.5,0.05430000000000104
126,8,0.5,0.03680000000000054
127,1,0.5,0.11909999999999504
127,2,0.5,0.057200000000001125
127,4,0.5,0.0668000000000008
127,8,0.5,0.039000000000000604
128,1,0.5,0.11654999999999532
128,2,0.5,0.08719999999999856
128,4,0.5,0.04645000000000082
128,8,0.5,0.03330000000000044
129,1,0.5,0.09234999999999799
129,2,0.5,0.05840000000000116
129,4,0.5,0.03915000000000061
129,8,0.5,0.037600000000000564
130,1,0.5,0.10024999999999712
130,2,0.5,0.06640000000000085
130,4,0.5,0.05540000000000107
130,8,0.5,0.03570000000000051
131,1,0.5,0.10449999999999665
131,2,0.5,0.07469999999999993
131,4,0.5,0.051650000000000966
131,8,0.5,0.03235000000000041
132,1,0.5,0.10014999999999713
132,2,0.5,0.06715000000000076
132,4,0.5,0.04405000000000075
132,8,0.5,0.03570000000000051
133,1,0.5,0.09629999999999755
133,2,0.5,0.07390000000000002
133,4,0.5,0.044950000000000774
133,8,0.5,0.036650000000000536
134,1,0.5,0.11384999999999562
134,2,0.5,0.09429999999999777
134,4,0.5,0.046700000000000824
134,8,0.5,0.03775000000000057
135,1,0.5,0.10469999999999663
135,2,0.5,0.052850000000001
135,4,0.5,0.04490000000000077
135,8,0.5,0.04200000000000069
136,1,0.5,0.11254999999999576
136,2,0.5,0.09444999999999776
136,4,0.5,0.046750000000000826
136,8,0.5,0.04050000000000065
137,1,0.5,0.10644999999999644
137,2,0.5,0.08024999999999932
137,4,0.5,0.054400000000001045
137,8,0.5,0.03400000000000046
138,1,0.5,0.11989999999999496
138,2,0.5,0.06215000000000127
138,4,0.5,0.04370000000000074
138,8,0.5,0.04095000000000066
139,1,0.5,0.11784999999999518
139,2,0.5,0.06760000000000072
139,4,0.5,0.05155000000000096
139,8,0.5,0.04175000000000068
140,1,0.5,0.09734999999999744
140,2,0.5,0.05085000000000094
140,4,0.5,0.039350000000000614
140,8,0.5,0.03570000000000051
141,1,0.5,0.10619999999999646
141,2,0.5,0.05875000000000117
141,4,0.5,0.047450000000000846
141,8,0.5,0.04275000000000071
142,1,0.5,0.10664999999999641
142,2,0.5,0.06585000000000091
142,4,0.5,0.0598500000000012
142,8,0.5,0.04175000000000068
143,1,0.5,0.10924999999999613
143,2,0.5,0.09784999999999738
143,4,0.5,0.051600000000000965
143,8,0.5,0.03745000000000056
144,1,0.5,0.09649999999999753
144,2,0.5,0.05310000000000101
144,4,0.5,0.0389000000000006
144,8,0.5,0.03680000000000054
145,1,0.5,0.10279999999999684
145,2,0.5,0.06695000000000079
145,4,0.5,0.046400000000000816
145,8,0.5,0.04385000000000074
146,1,0.5,0.13154999999999367
146,2,0.5,0.06970000000000048
146,4,0.5,0.046050000000000806
146,8,0.5,0.04340000000000073
147,1,0.5,0.10384999999999672
147,2,0.5,0.06555000000000094
147,4,0.5,0.04630000000000081
147,8,0.5,0.03610000000000052
148,1,0.5,0.11004999999999604
148,2,0.5,0.09194999999999803
148,4,0.5,0.054800000000001056
148,8,0.5,0.04650000000000082
149,1,0.5,0.1222499999999947
149,2,0.5,0.06120000000000124
149,4,0.5,0.04335000000000073
149,8,0.5,0.03460000000000048
150,1,0.5,0.09789999999999738
150,2,0.5,0.05660000000000111
150,4,0.5,0.043200000000000724
150,8,0.5,0.03845000000000059
151,1,0.5,0.10734999999999634
151,2,0.5,0.057500000000001134
151,4,0.5,0.042850000000000714
151,8,0.5,0.03810000000000058
152,1,0.5,0.11169999999999586
152,2,0.5,0.062400000000001274
152,4,0.5,0.05485000000000106
152,8,0.5,0.04805000000000086
153,1,0.5,0.1140499999999956
153,2,0.5,0.08379999999999893
153,4,0.5,0.050900000000000944
153,8,0.5,0.032800000000000426
154,1,0.5,0.09069999999999817
154,2,0.5,0.0640500000000011
154,4,0.5,0.037950000000000574
154,8,0.5,0.03290000000000043
155,1,0.5,0.11729999999999524
155,2,0.5,0.05565000000000108
155,4,0.5,0.046700000000000824
155,8,0.5,0.035200000000000495
156,1,0.5,0.10904999999999615
156,2,0.5,0.05600000000000109
156,4,0.5,0.05105000000000095
156,8,0.5,0.034900000000000486
157,1,0.5,0.12514999999999438
157,2,0.5,0.07330000000000009
157,4,0.5,0.0695000000000005
157,8,0.5,0.042200000000000695
158,1,0.5,0.10259999999999686
158,2,0.5,0.05150000000000096
158,4,0.5,0.049550000000000906
158,8,0.5,0.03615000000000052
159,1,0.5,0.1139999999999956
159,2,0.5,0.08549999999999874
159,4,0.5,0.04960000000000091
159,8,0.5,0.040100000000000635
160,1,0.5,0.1049999999999966
160,2,0.5,0.053000000000001005
160,4,0.5,0.053000000000001005
160,8,0.5,0.04625000000000081
161,1,0.5,0.11104999999999593
161,2,0.5,0.05455000000000105
161,4,0.5,0.04065000000000065
161,8,0.5,0.034200000000000466
162,1,0.5,0.09594999999999759
162,2,0.5,0.07010000000000044
162,4,0.5,0.03710000000000055
162,8,0.5,0.035200000000000495
163,1,0.5,0.10204999999999692
163,2,0.5,0.059950000000001204
163,4,0.5,0.03980000000000063
163,8,0.5,0.03330000000000044
164,1,0.5,0.10459999999999664
164,2,0.5,0.04995000000000092
164,4,0.5,0.03605000000000052
164,8,0.5,0.03855000000000059
165,1,0.5,0.11614999999999537
165,2,0.5,0.06400000000000111
165,4,0.5,0.044650000000000765
165,8,0.5,0.034200000000000466
166,1,0.5,0.11089999999999595
166,2,0.5,0.06470000000000103
166,4,0.5,0.03775000000000057
166,8,0.5,0.030950000000000373
167,1,0.5,0.09689999999999749
167,2,0.5,0.08554999999999874
167,4,0.5,0.04825000000000087
167,8,0.5,0.03430000000000047
168,1,0.5,0.10084999999999705
168,2,0.5,0.054400000000001045
168,4,0.5,0.04305000000000072
168,8,0.5,0.03395000000000046
169,1,0.5,0.11449999999999555
169,2,0.5,0.0722500000000002
169,4,0.5,0.03680000000000054
169,8,0.5,0.046400000000000816
170,1,0.5,0.11054999999999598
170,2,0.5,0.07994999999999935
170,4,0.5,0.04660000000000082
170,8,0.5,0.03470000000000048
171,1,0.5,0.07754999999999962
171,2,0.5,0.054050000000001035
171,4,0.5,0.04380000000000074
171,8,0.5,0.03115000000000038
172,1,0.5,0.13009999999999383
172,2,0.5,0.07884999999999948
172,4,0.5,0.046050000000000806
172,8,0.5,0.03405000000000046
173,1,0.5,0.1239999999999945
173,2,0.5,0.06890000000000057
173,4,0.5,0.03965000000000062
173,8,0.5,0.03985000000000063
174,1,0.5,0.1094999999999961
174,2,0.5,0.05610000000000109
174,4,0.5,0.048150000000000866
174,8,0.5,0.04515000000000078
175,1,0.5,0.10844999999999622
175,2,0.5,0.08839999999999842
175,4,0.5,0.06970000000000048
175,8,0.5,0.04540000000000079
176,1,0.5,0.10394999999999671
176,2,0.5,0.07370000000000004
176,4,0.5,0.045000000000000775
176,8,0.5,0.05240000000000099
177,1,0.5,0.11339999999999567
177,2,0.5,0.055500000000001076
177,4,0.5,0.05035000000000093
177,8,0.5,0.03780000000000057
178,1,0.5,0.11194999999999583
178,2,0.5,0.08879999999999838
178,4,0.5,0.05030000000000093
178,8,0.5,0.03425000000000047
179,1,0.5,0.11999999999999494
179,2,0.5,0.05880000000000117
179,4,0.5,0.058650000000001166
179,8,0.5,0.038400000000000586
180,1,0.5,0.11024999999999602
180,2,0.5,0.0714000000000003
180,4,0.5,0.05525000000000107
180,8,0.5,0.037300000000000555
181,1,0.5,0.11519999999999547
181,2,0.5,0.07330000000000009
181,4,0.5,0.06290000000000123
181,8,0.5,0.04480000000000077
182,1,0.5,0.11844999999999511
182,2,0.5,0.08849999999999841
182,4,0.5,0.0494500000000009
182,8,0.5,0.04065000000000065
183,1,0.5,0.09754999999999742
183,2,0.5,0.06145000000000125
183,4,0.5,0.05740000000000113
183,8,0.5,0.05420000000000104
184,1,0.5,0.10119999999999701
184,2,0.5,0.05610000000000109
184,4,0.5,0.05135000000000096
184,8,0.5,0.04330000000000073
185,1,0.5,0.09989999999999716
185,2,0.5,0.05905000000000118
185,4,0.5,0.03950000000000062
185,8,0.5,0.039400000000000615
186,1,0.5,0.10809999999999625
186,2,0.5,0.08754999999999852
186,4,0.5,0.06545000000000095
186,8,0.5,0.036600000000000535
187,1,0.5,0.10034999999999711
187,2,0.5,0.054750000000001055
187,4,0.5,0.04280000000000071
187,8,0.5,0.031350000000000385
188,1,0.5,0.09364999999999785
188,2,0.5,0.06160000000000125
188,4,0.5,0.053400000000001016
188,8,0.5,0.04120000000000067
189,1,0.5,0.119499999999995
189,2,0.5,0.10269999999999685
189,4,0.5,0.07874999999999949
189,8,0.5,0.04440000000000076
190,1,0.5,0.10829999999999623
190,2,0.5,0.06235000000000127
190,4,0.5,0.03850000000000059
190,8,0.5,0.02950000000000033
191,1,0.5,0.11054999999999598
191,2,0.5,0.06780000000000069
191,4,0.5,0.05610000000000109
191,8,0.5,0.03570000000000051
192,1,0.5,0.10439999999999666
192,2,0.5,0.06820000000000065
192,4,0.5,0.04510000000000078
192,8,0.5,0.03495000000000049
193,1,0.5,0.10729999999999634
193,2,0.5,0.0904499999999982
193,4,0.5,0.0492500000000009
193,8,0.5,0.03505000000000049
194,1,0.5,0.10519999999999657
194,2,0.5,0.05695000000000112
194,4,0.5,0.03985000000000063
194,8,0.5,0.030000000000000346
195,1,0.5,0.11254999999999576
195,2,0.5,0.08939999999999831
195,4,0.5,0.04545000000000079
195,8,0.5,0.04050000000000065
196,1,0.5,0.10839999999999622
196,2,0.5,0.06615000000000087
196,4,0.5,0.04760000000000085
196,8,0.5,0.034200000000000466
197,1,0.5,0.10239999999999688
197,2,0.5,0.06630000000000086
197,4,0.5,0.065050000000001
197,8,0.5,0.04380000000000074
198,1,0.5,0.09444999999999776
198,2,0.5,0.057150000000001124
198,4,0.5,0.05030000000000093
198,8,0.5,0.0424000000000007
199,1,0.5,0.10394999999999671
199,2,0.5,0.061700000000001254
199,4,0.5,0.052650000000000995
199,8,0.5,0.04095000000000066
200,1,0.5,0.12304999999999461
200,2,0.5,0.06300000000000122
200,4,0.5,0.04790000000000086
200,8,0.5,0.03570000000000051
201,1,0.5,0.10369999999999674
201,2,0.5,0.05555000000000108
201,4,0.5,0.05085000000000094
201,8,0.5,0.050900000000000944
202,1,0.5,0.10824999999999624
202,2,0.5,0.08714999999999856
202,4,0.5,0.05185000000000097
202,8,0.5,0.04120000000000067
203,1,0.5,0.09999999999999715
203,2,0.5,0.07629999999999976
203,4,0.5,0.04310000000000072
203,8,0.5,0.038000000000000575
204,1,0.5,0.12269999999999465
204,2,0.5,0.0732000000000001
204,4,0.5,0.04755000000000085
204,8,0.5,0.03785000000000057
205,1,0.5,0.10714999999999636
205,2,0.5,0.0659500000000009
205,4,0.5,0.05110000000000095
205,8,0.5,0.0354500000000005
206,1,0.5,0.10379999999999673
206,2,0.5,0.06895000000000057
206,4,0.5,0.04085000000000066
206,8,0.5,0.02950000000000033
207,1,0.5,0.1004499999999971
207,2,0.5,0.054400000000001045
207,4,0.5,0.04665000000000082
207,8,0.5,0.03685000000000054
208,1,0.5,0.09429999999999777
208,2,0.5,0.0812999999999992
208,4,0.5,0.048450000000000874
208,8,0.5,0.03500000000000049
209,1,0.5,0.1040999999999967
209,2,0.5,0.06225000000000127
209,4,0.5,0.04205000000000069
209,8,0.5,0.0320000000000004
210,1,0.5,0.10349999999999676
210,2,0.5,0.07330000000000009
210,4,0.5,0.0659000000000009
210,8,0.5,0.04435000000000076
211,1,0.5,0.10969999999999608
211,2,0.5,0.07524999999999987
211,4,0.5,0.04370000000000074
211,8,0.5,0.039100000000000606
212,1,0.5,0.11624999999999536
212,2,0.5,0.09194999999999803
212,4,0.5,0.061750000000001255
212,8,0.5,0.042900000000000715
213,1,0.5,0.10889999999999617
213,2,0.5,0.08604999999999868
213,4,0.5,0.04735000000000084
213,8,0.5,0.031100000000000377
214,1,0.5,0.11099999999999594
214,2,0.5,0.08079999999999926
214,4,0.5,0.045000000000000775
214,8,0.5,0.03845000000000059
215,1,0.5,0.10519999999999657
215,2,0.5,0.06110000000000124
215,4,0.5,0.04750000000000085
215,8,0.5,0.030950000000000373
216,1,0.5,0.10284999999999683
216,2,0.5,0.057500000000001134
216,4,0.5,0.04195000000000069
216,8,0.5,0.028300000000000297
217,1,0.5,0.0876499999999985
217,2,0.5,0.05345000000000102
217,4,0.5,0.04550000000000079
217,8,0.5,0.03470000000000048
218,1,0.5,0.1222499999999947
218,2,0.5,0.06525000000000097
218,4,0.5,0.05665000000000111
218,8,0.5,0.04620000000000081
219,1,0.5,0.11159999999999587
219,2,0.5,0.06915000000000054
219,4,0.5,0.050200000000000924
219,8,0.5,0.038400000000000586
220,1,0.5,0.09564999999999763
220,2,0.5,0.054050000000001035
220,4,0.5,0.041450000000000674
220,8,0.5,0.03505000000000049
221,1,0.5,0.11444999999999556
221,2,0.5,0.058950000000001175
221,4,0.5,0.0458000000000008
221,8,0.5,0.037950000000000574
222,1,0.5,0.08729999999999855
222,2,0.5,0.058650000000001166
222,4,0.5,0.04735000000000084
222,8,0.5,0.03300000000000043
223,1,0.5,0.11214999999999581
223,2,0.5,0.06195000000000126
223,4,0.5,0.04525000000000078
223,8,0.5,0.03460000000000048
224,1,0.5,0.1158999999999954
224,2,0.5,0.05805000000000115
224,4,0.5,0.044250000000000754
224,8,0.5,0.03790000000000057
225,1,0.5,0.1094999999999961
225,2,0.5,0.06795000000000068
225,4,0.5,0.06155000000000125
225,8,0.5,0.05065000000000094
226,1,0.5,0.13184999999999364
226,2,0.5,0.06945000000000051
226,4,0.5,0.05245000000000099
226,8,0.5,0.03505000000000049
227,1,0.5,0.11659999999999532
227,2,0.5,0.06420000000000109
227,4,0.5,0.0458500000000008
227,8,0.5,0.037950000000000574
228,1,0.5,0.09519999999999768
228,2,0.5,0.05705000000000112
228,4,0.5,0.04795000000000086
228,8,0.5,0.03980000000000063
229,1,0.5,0.10199999999999693
229,2,0.5,0.06230000000000127
229,4,0.5,0.046700000000000824
229,8,0.5,0.03430000000000047
230,1,0.5,0.11754999999999521
230,2,0.5,0.07375000000000004
230,4,0.5,0.0494000000000009
230,8,0.5,0.044650000000000765
231,1,0.5,0.13984999999999276
231,2,0.5,0.07035000000000041
231,4,0.5,0.05710000000000112
231,8,0.5,0.04295000000000072
232,1,0.5,0.10149999999999698
232,2,0.5,0.07939999999999942
232,4,0.5,0.05770000000000114
232,8,0.5,0.03745000000000056
233,1,0.5,0.1040499999999967
233,2,0.5,0.06255000000000127
233,4,0.5,0.049550000000000906
233,8,0.5,0.0319500000000004
234,1,0.5,0.09429999999999777
234,2,0.5,0.07110000000000033
234,4,0.5,0.049850000000000914
234,8,0.5,0.03400000000000046
235,1,0.5,0.11884999999999507
235,2,0.5,0.08704999999999857
235,4,0.5,0.05010000000000092
235,8,0.5,0.036950000000000545
236,1,0.5,0.09819999999999734
236,2,0.5,0.05190000000000097
236,4,0.5,0.043200000000000724
236,8,0.5,0.032800000000000426
237,1,0.5,0.10809999999999625
237,2,0.5,0.09489999999999771
237,4,0.5,0.05015000000000092
237,8,0.5,0.046700000000000824
238,1,0.5,0.10524999999999657
238,2,0.5,0.05955000000000119
238,4,0.5,0.04790000000000086
238,8,0.5,0.03165000000000039
239,1,0.5,0.12004999999999494
239,2,0.5,0.07035000000000041
239,4,0.5,0.04295000000000072
239,8,0.5,0.03435000000000047
240,1,0.5,0.08789999999999848
240,2,0.5,0.048850000000000886
240,4,0.5,0.04055000000000065
240,8,0.5,0.029350000000000327
241,1,0.5,0.09154999999999808
241,2,0.5,0.0704000000000004
241,4,0.5,0.037300000000000555
241,8,0.5,0.03165000000000039
242,1,0.5,0.09474999999999772
242,2,0.5,0.05005000000000092
242,4,0.5,0.042900000000000715
242,8,0.5,0.03300000000000043
243,1,0.5,0.09124999999999811
243,2,0.5,0.0597500000000012
243,4,0.5,0.05705000000000112
243,8,0.5,0.036300000000000526
244,1,0.5,0.10724999999999635
244,2,0.5,0.09699999999999748
244,4,0.5,0.07005000000000045
244,8,0.5,0.044300000000000755
245,1,0.5,0.11519999999999547
245,2,0.5,0.08874999999999839
245,4,0.5,0.059300000000001185
245,8,0.5,0.04065000000000065
246,1,0.5,0.11384999999999562
246,2,0.5,0.05745000000000113
246,4,0.5,0.05065000000000094
246,8,0.5,0.0388000000000006
247,1,0.5,0.11879999999999508
247,2,0.5,0.06660000000000083
247,4,0.5,0.051650000000000966
247,8,0.5,0.035600000000000506
248,1,0.5,0.12014999999999493
248,2,0.5,0.12014999999999493
248,4,0.5,0.0641500000000011
248,8,0.5,0.039400000000000615
249,1,0.5,0.11394999999999561
249,2,0.5,0.08274999999999905
249,4,0.5,0.05050000000000093
249,8,0.5,0.0389000000000006
250,1,0.5,0.11689999999999529
250,2,0.5,0.09639999999999754
250,4,0.5,0.05425000000000104
250,8,0.5,0.03845000000000059
251,1,0.5,0.10509999999999659
251,2,0.5,0.06040000000000122
251,4,0.5,0.03715000000000055
251,8,0.5,0.03670000000000054
252,1,0.5,0.10559999999999653
252,2,0.5,0.062400000000001274
252,4,0.5,0.06540000000000096
252,8,0.5,0.03635000000000053
253,1,0.5,0.11344999999999567
253,2,0.5,0.07155000000000028
253,4,0.5,0.03915000000000061
253,8,0.5,0.03360000000000045
254,1,0.5,0.1257499999999943
254,2,0.5,0.11479999999999552
254,4,0.5,0.05610000000000109
254,8,0.5,0.038700000000000595
255,1,0.5,0.119499999999995
255,2,0.5,0.07904999999999945
255,4,0.5,0.04825000000000087
255,8,0.5,0.035900000000000515
256,1,0.5,0.10574999999999651
256,2,0.5,0.06095000000000123
256,4,0.5,0.053400000000001016
256,8,0.5,0.04265000000000071
257,1,0.5,0.09379999999999783
257,2,0.5,0.05065000000000094
257,4,0.5,0.038050000000000576
257,8,0.5,0.03390000000000046
258,1,0.5,0.13699999999999307
258,2,0.5,0.0813499999999992
258,4,0.5,0.05250000000000099
258,8,0.5,0.03750000000000056
259,1,0.5,0.12074999999999486
259,2,0.5,0.0849499999999988
259,4,0.5,0.04625000000000081
259,8,0.5,0.03580000000000051
260,1,0.5,0.0931499999999979
260,2,0.5,0.06620000000000087
260,4,0.5,0.04015000000000064
260,8,0.5,0.03505000000000049
261,1,0.5,0.0949999999999977
261,2,0.5,0.06670000000000081
261,4,0.5,0.05315000000000101
261,8,0.5,0.040100000000000635
262,1,0.5,0.1893999999999873
262,2,0.5,0.09169999999999806
262,4,0.5,0.048100000000000864
262,8,0.5,0.03670000000000054
263,1,0.5,0.14699999999999197
263,2,0.5,0.08599999999999869
263,4,0.5,0.07429999999999998
263,8,0.5,0.037350000000000556
264,1,0.5,0.11384999999999562
264,2,0.5,0.05555000000000108
264,4,0.5,0.05730000000000113
264,8,0.5,0.04070000000000065
265,1,0.5,0.13479999999999331
265,2,0.5,0.07989999999999936
265,4,0.5,0.05810000000000115
265,8,0.5,0.04660000000000082
266,1,0.5,0.10369999999999674
266,2,0.5,0.06610000000000088
266,4,0.5,0.05420000000000104
266,8,0.5,0.03020000000000035
267,1,0.5,0.10694999999999638
267,2,0.5,0.10269999999999685
267,4,0.5,0.06705000000000078
267,8,0.5,0.03635000000000053
268,1,0.5,0.10484999999999661
268,2,0.5,0.06700000000000078
268,4,0.5,0.04315000000000072
268,8,0.5,0.03430000000000047
269,1,0.5,0.10274999999999684
269,2,0.5,0.05430000000000104
269,4,0.5,0.07994999999999935
269,8,0.5,0.043250000000000725
270,1,0.5,0.10894999999999616
270,2,0.5,0.08424999999999888
270,4,0.5,0.04450000000000076
270,8,0.5,0.039350000000000614
271,1,0.5,0.09924999999999723
271,2,0.5,0.09369999999999784
271,4,0.5,0.051300000000000956
271,8,0.5,0.030700000000000366
272,1,0.5,0.10074999999999706
272,2,0.5,0.06515000000000098
272,4,0.5,0.04380000000000074
272,8,0.5,0.04190000000000069
273,1,0.5,0.1259499999999943
273,2,0.5,0.11864999999999509
273,4,0.5,0.06200000000000126
273,8,0.5,0.041150000000000665
274,1,0.5,0.10599999999999649
274,2,0.5,0.06050000000000122
274,4,0.5,0.04385000000000074
274,8,0.5,0.03050000000000036
275,1,0.5,0.1212499999999948
275,2,0.5,0.06075000000000123
275,4,0.5,0.050550000000000934
275,8,0.5,0.03645000000000053
276,1,0.5,0.10639999999999644
276,2,0.5,0.05660000000000111
276,4,0.5,0.039700000000000624
276,8,0.5,0.0318000000000004
277,1,0.5,0.11869999999999509
277,2,0.5,0.057600000000001136
277,4,0.5,0.05805000000000115
277,8,0.5,0.0424500000000007
278,1,0.5,0.11444999999999556
278,2,0.5,0.06360000000000116
278,4,0.5,0.039450000000000617
278,8,0.5,0.03080000000000037
279,1,0.5,0.11009999999999603
279,2,0.5,0.06230000000000127
279,4,0.5,0.06225000000000127
279,8,0.5,0.03780000000000057
280,1,0.5,0.11449999999999555
280,2,0.5,0.08204999999999912
280,4,0.5,0.06255000000000127
280,8,0.5,0.038300000000000584
281,1,0.5,0.09424999999999778
281,2,0.5,0.06400000000000111
281,4,0.5,0.0493500000000009
281,8,0.5,0.03235000000000041
282,1,0.5,0.10339999999999677
282,2,0.5,0.05950000000000119
282,4,0.5,0.04515000000000078
282,8,0.5,0.02805000000000029
283,1,0.5,0.10569999999999652
283,2,0.5,0.05465000000000105
283,4,0.5,0.04855000000000088
283,8,0.5,0.038700000000000595
284,1,0.5,0.10154999999999698
284,2,0.5,0.0598500000000012
284,4,0.5,0.0731500000000001
284,8,0.5,0.052350000000000986
285,1,0.5,0.10069999999999707
285,2,0.5,0.06645000000000084
285,4,0.5,0.04020000000000064
285,8,0.5,0.033150000000000436
286,1,0.5,0.1122499999999958
286,2,0.5,0.05570000000000108
286,4,0.5,0.052950000000001
286,8,0.5,0.04660000000000082
287,1,0.5,0.09714999999999746
287,2,0.5,0.06390000000000112
287,4,0.5,0.04805000000000086
287,8,0.5,0.03505000000000049
288,1,0.5,0.10449999999999665
288,2,0.5,0.065050000000001
288,4,0.5,0.0493000000000009
288,8,0.5,0.03445000000000047
289,1,0.5,0.10094999999999704
289,2,0.5,0.05485000000000106
289,4,0.5,0.04905000000000089
289,8,0.5,0.03715000000000055
290,1,0.5,0.11164999999999586
290,2,0.5,0.07350000000000007
290,4,0.5,0.04980000000000091
290,8,0.5,0.033500000000000446
291,1,0.5,0.11169999999999586
291,2,0.5,0.05485000000000106
291,4,0.5,0.05485000000000106
291,8,0.5,0.03445000000000047
292,1,0.5,0.10419999999999668
292,2,0.5,0.05560000000000108
292,4,0.5,0.05945000000000119
292,8,0.5,0.05105000000000095
293,1,0.5,0.08829999999999844
293,2,0.5,0.07415
293,4,0.5,0.0459500000000008
293,8,0.5,0.03655000000000053
294,1,0.5,0.0976499999999974
294,2,0.5,0.06250000000000128
294,4,0.5,0.04735000000000084
294,8,0.5,0.034150000000000465
295,1,0.5,0.1058499999999965
295,2,0.5,0.055800000000001085
295,4,0.5,0.04750000000000085
295,8,0.5,0.03645000000000053
296,1,0.5,0.1076999999999963
296,2,0.5,0.08734999999999854
296,4,0.5,0.06025000000000121
296,8,0.5,0.037350000000000556
297,1,0.5,0.11729999999999524
297,2,0.5,0.1176999999999952
297,4,0.5,0.06330000000000119
297,8,0.5,0.03685000000000054
298,1,0.5,0.10964999999999608
298,2,0.5,0.08464999999999884
298,4,0.5,0.05065000000000094
298,8,0.5,0.039050000000000605
299,1,0.5,0.1130999999999957
299,2,0.5,0.07185000000000025
299,4,0.5,0.05660000000000111
299,8,0.5,0.0355000000000005
300,1,0.5,0.1085999999999962
300,2,0.5,0.0812999999999992
300,4,0.5,0.044600000000000764
300,8,0.5,0.03740000000000056
301,1,0.5,0.09619999999999757
301,2,0.5,0.06085000000000123
301,4,0.5,0.051300000000000956
301,8,0.5,0.04480000000000077
302,1,0.5,0.09919999999999723
302,2,0.5,0.058650000000001166
302,4,0.5,0.04975000000000091
302,8,0.5,0.03370000000000045
303,1,0.5,0.09209999999999802
303,2,0.5,0.05695000000000112
303,4,0.5,0.06740000000000074
303,8,0.5,0.05570000000000108
304,1,0.5,0.10784999999999628
304,2,0.5,0.05520000000000107
304,4,0.5,0.05115000000000095
304,8,0.5,0.036250000000000525
305,1,0.5,0.12379999999999453
305,2,0.5,0.06990000000000046
305,4,0.5,0.065050000000001
305,8,0.5,0.05695000000000112
306,1,0.5,0.11784999999999518
306,2,0.5,0.06060000000000122
306,4,0.5,0.054800000000001056
306,8,0.5,0.034500000000000475
307,1,0.5,0.1157999999999954
307,2,0.5,0.06010000000000121
307,4,0.5,0.04685000000000083
307,8,0.5,0.03610000000000052
308,1,0.5,0.09694999999999748
308,2,0.5,0.08899999999999836
308,4,0.5,0.04545000000000079
308,8,0.5,0.034900000000000486
309,1,0.5,0.09639999999999754
309,2,0.5,0.05360000000000102
309,4,0.5,0.04875000000000088
309,8,0.5,0.0318000000000004
310,1,0.5,0.09844999999999732
310,2,0.5,0.05600000000000109
310,4,0.5,0.046350000000000814
310,8,0.5,0.03655000000000053
311,1,0.5,0.11794999999999517
311,2,0.5,0.05765000000000114
311,4,0.5,0.04790000000000086
311,8,0.5,0.03440000000000047
312,1,0.5,0.11169999999999586
312,2,0.5,0.07260000000000016
312,4,0.5,0.05465000000000105
312,8,0.5,0.03340000000000044
313,1,0.5,0.1312499999999937
313,2,0.5,0.06935000000000052
313,4,0.5,0.055500000000001076
313,8,0.5,0.05045000000000093
314,1,0.5,0.11604999999999538
314,2,0.5,0.08249999999999907
314,4,0.5,0.06130000000000124
314,8,0.5,0.03080000000000037
315,1,0.5,0.13359999999999345
315,2,0.5,0.08544999999999875
315,4,0.5,0.05695000000000112
315,8,0.5,0.039100000000000606
316,1,0.5,0.0994999999999972
316,2,0.5,0.06920000000000054
316,4,0.5,0.04060000000000065
316,8,0.5,0.03115000000000038
317,1,0.5,0.09809999999999736
317,2,0.5,0.07275000000000015
317,4,0.5,0.037700000000000566
317,8,0.5,0.03130000000000038
318,1,0.5,0.1502499999999916
318,2,0.5,0.12269999999999465
318,4,0.5,0.0750499999999999
318,8,0.5,0.04910000000000089
319,1,0.5,0.13694999999999308
319,2,0.5,0.06580000000000091
319,4,0.5,0.0424500000000007
319,8,0.5,0.04555000000000079
320,1,0.5,0.11509999999999548
320,2,0.5,0.08449999999999885
320,4,0.5,0.04545000000000079
320,8,0.5,0.052700000000000996
321,1,0.5,0.10844999999999622
321,2,0.5,0.06485000000000102
321,4,0.5,0.05010000000000092
321,8,0.5,0.0423000000000007
322,1,0.5,0.11434999999999557
322,2,0.5,0.05910000000000118
322,4,0.5,0.058900000000001174
322,8,0.5,0.03285000000000043
323,1,0.5,0.12839999999999402
323,2,0.5,0.08459999999999884
323,4,0.5,0.07070000000000037
323,8,0.5,0.03920000000000061
324,1,0.5,0.09354999999999786
324,2,0.5,0.05780000000000114
324,4,0.5,0.04480000000000077
324,8,0.5,0.033150000000000436
325,1,0.5,0.10029999999999711
325,2,0.5,0.05495000000000106
325,4,0.5,0.042500000000000704
325,8,0.5,0.03400000000000046
326,1,0.5,0.12284999999999463
326,2,0.5,0.062450000000001275
326,4,0.5,0.05155000000000096
326,8,0.5,0.039700000000000624
327,1,0.5,0.1212999999999948
327,2,0.5,0.061700000000001254
327,4,0.5,0.052350000000000986
327,8,0.5,0.034900000000000486
328,1,0.5,0.08619999999999867
328,2,0.5,0.06935000000000052
328,4,0.5,0.04055000000000065
328,8,0.5,0.03430000000000047
329,1,0.5,0.09649999999999753
329,2,0.5,0.05665000000000111
329,4,0.5,0.04965000000000091
329,8,0.5,0.03285000000000043
330,1,0.5,0.09574999999999761
330,2,0.5,0.05665000000000111
330,4,0.5,0.05185000000000097
330,8,0.5,0.03780000000000057
331,1,0.5,0.10834999999999623
331,2,0.5,0.057900000000001145
331,4,0.5,0.05005000000000092
331,8,0.5,0.03365000000000045
332,1,0.5,0.10814999999999625
332,2,0.5,0.06265000000000126
332,4,0.5,0.03745000000000056
332,8,0.5,0.03430000000000047
333,1,0.5,0.09094999999999814
333,2,0.5,0.07305000000000011
333,4,0.5,0.04350000000000073
333,8,0.5,0.038000000000000575
334,1,0.5,0.11124999999999591
334,2,0.5,0.07559999999999983
334,4,0.5,0.0564500000000011
334,8,0.5,0.035550000000000505
335,1,0.5,0.11339999999999567
335,2,0.5,0.07934999999999942
335,4,0.5,0.06540000000000096
335,8,0.5,0.06200000000000126
336,1,0.5,0.10959999999999609
336,2,0.5,0.06690000000000079
336,4,0.5,0.04330000000000073
336,8,0.5,0.03125000000000038
337,1,0.5,0.11649999999999533
337,2,0.5,0.06545000000000095
337,4,0.5,0.05665000000000111
337,8,0.5,0.04475000000000077
338,1,0.5,0.10474999999999662
338,2,0.5,0.05770000000000114
338,4,0.5,0.04720000000000084
338,8,0.5,0.04310000000000072
339,1,0.5,0.10879999999999618
339,2,0.5,0.061700000000001254
339,4,0.5,0.04270000000000071
339,8,0.5,0.0353500000000005
340,1,0.5,0.1157999999999954
340,2,0.5,0.06080000000000123
340,4,0.5,0.043200000000000724
340,8,0.5,0.0355000000000005
341,1,0.5,0.10434999999999667
341,2,0.5,0.05175000000000097
341,4,0.5,0.04195000000000069
341,8,0.5,0.03400000000000046
342,1,0.5,0.09514999999999768
342,2,0.5,0.05450000000000105
342,4,0.5,0.056200000000001096
342,8,0.5,0.04370000000000074
343,1,0.5,0.10644999999999644
343,2,0.5,0.06115000000000124
343,4,0.5,0.04765000000000085
343,8,0.5,0.03500000000000049
344,1,0.5,0.10884999999999617
344,2,0.5,0.05380000000000103
344,4,0.5,0.04715000000000084
344,8,0.5,0.0319000000000004
345,1,0.5,0.10049999999999709
345,2,0.5,0.061050000000001235
345,4,0.5,0.03920000000000061
345,8,0.5,0.03340000000000044
346,1,0.5,0.10194999999999693
346,2,0.5,0.05705000000000112
346,4,0.5,0.04270000000000071
346,8,0.5,0.03585000000000051
347,1,0.5,0.09489999999999771
347,2,0.5,0.05435000000000104
347,4,0.5,0.04665000000000082
347,8,0.5,0.032050000000000405
348,1,0.5,0.12424999999999448
348,2,0.5,0.06515000000000098
348,4,0.5,0.04610000000000081
348,8,0.5,0.029950000000000344
349,1,0.5,0.10459999999999664
349,2,0.5,0.056850000000001115
349,4,0.5,0.04540000000000079
349,8,0.5,0.0354000000000005
350,1,0.5,0.08974999999999828
350,2,0.5,0.08214999999999911
350,4,0.5,0.04895000000000089
350,8,0.5,0.033850000000000456
351,1,0.5,0.11734999999999524
351,2,0.5,0.08799999999999847
351,4,0.5,0.05205000000000098
351,8,0.5,0.03960000000000062
352,1,0.5,0.101299999999997
352,2,0.5,0.06050000000000122
352,4,0.5,0.037350000000000556
352,8,0.5,0.03150000000000039
353,1,0.5,0.11539999999999545
353,2,0.5,0.05945000000000119
353,4,0.5,0.04450000000000076
353,8,0.5,0.03645000000000053
354,1,0.5,0.10344999999999677
354,2,0.5,0.06075000000000123
354,4,0.5,0.041100000000000664
354,8,0.5,0.031700000000000395
355,1,0.5,0.11849999999999511
355,2,0.5,0.062450000000001275
355,4,0.5,0.06145000000000125
355,8,0.5,0.04105000000000066
356,1,0.5,0.10579999999999651
356,2,0.5,0.057950000000001146
356,4,0.5,0.039700000000000624
356,8,0.5,0.03575000000000051
357,1,0.5,0.1058499999999965
357,2,0.5,0.09694999999999748
357,4,0.5,0.07370000000000004
357,8,0.5,0.039700000000000624
358,1,0.5,0.1149499999999955
358,2,0.5,0.05910000000000118
358,4,0.5,0.04435000000000076
358,8,0.5,0.03305000000000043
359,1,0.5,0.11364999999999564
359,2,0.5,0.08449999999999885
359,4,0.5,0.06130000000000124
359,8,0.5,0.03370000000000045
360,1,0.5,0.1049999999999966
360,2,0.5,0.07624999999999976
360,4,0.5,0.05455000000000105
360,8,0.5,0.04375000000000074
361,1,0.5,0.11339999999999567
361,2,0.5,0.05590000000000109
361,4,0.5,0.04555000000000079
361,8,0.5,0.03430000000000047
362,1,0.5,0.1040999999999967
362,2,0.5,0.05355000000000102
362,4,0.5,0.06475000000000103
362,8,0.5,0.047100000000000836
363,1,0.5,0.10264999999999685
363,2,0.5,0.06555000000000094
363,4,0.5,0.04615000000000081
363,8,0.5,0.036900000000000543
364,1,0.5,0.10504999999999659
364,2,0.5,0.05665000000000111
364,4,0.5,0.039350000000000614
364,8,0.5,0.042200000000000695
365,1,0.5,0.10549999999999654
365,2,0.5,0.05800000000000115
365,4,0.5,0.04490000000000077
365,8,0.5,0.03285000000000043
366,1,0.5,0.09339999999999787
366,2,0.5,0.060700000000001225
366,4,0.5,0.052000000000000976
366,8,0.5,0.04105000000000066
367,1,0.5,0.10274999999999684
367,2,0.5,0.059000000000001177
367,4,0.5,0.059000000000001177
367,8,0.5,0.0318500000000004
368,1,0.5,0.10449999999999665
368,2,0.5,0.05315000000000101
368,4,0.5,0.04510000000000078
368,8,0.5,0.037650000000000565
369,1,0.5,0.11394999999999561
369,2,0.5,0.06925000000000053
369,4,0.5,0.04545000000000079
369,8,0.5,0.0389000000000006
370,1,0.5,0.1076499999999963
370,2,0.5,0.056150000000001095
370,4,0.5,0.040400000000000644
370,8,0.5,0.02975000000000034
371,1,0.5,0.1077499999999963
371,2,0.5,0.09434999999999777
371,4,0.5,0.06695000000000079
371,8,0.5,0.054750000000001055
372,1,0.5,0.09164999999999807
372,2,0.5,0.06225000000000127
372,4,0.5,0.04645000000000082
372,8,0.5,0.039750000000000625
373,1,0.5,0.09974999999999717
373,2,0.5,0.07375000000000004
373,4,0.5,0.06695000000000079
373,8,0.5,0.0423500000000007
374,1,0.5,0.09969999999999718
374,2,0.5,0.0696000000000005
374,4,0.5,0.05380000000000103
374,8,0.5,0.03445000000000047
375,1,0.5,0.0940999999999978
375,2,0.5,0.06300000000000122
375,4,0.5,0.04770000000000085
375,8,0.5,0.038000000000000575
376,1,0.5,0.09639999999999754
376,2,0.5,0.06285000000000124
376,4,0.5,0.04550000000000079
376,8,0.5,0.036600000000000535
377,1,0.5,0.11179999999999585
377,2,0.5,0.08419999999999889
377,4,0.5,0.052650000000000995
377,8,0.5,0.04510000000000078
378,1,0.5,0.09529999999999766
378,2,0.5,0.06090000000000123
378,4,0.5,0.045350000000000786
378,8,0.5,0.034500000000000475
379,1,0.5,0.101299999999997
379,2,0.5,0.09264999999999796
379,4,0.5,0.0562500000000011
379,8,0.5,0.03225000000000041
380,1,0.5,0.1094499999999961
380,2,0.5,0.07764999999999961
380,4,0.5,0.03990000000000063
380,8,0.5,0.04375000000000074
381,1,0.5,0.10889999999999617
381,2,0.5,0.08239999999999909
381,4,0.5,0.04650000000000082
381,8,0.5,0.04310000000000072
382,1,0.5,0.11419999999999558
382,2,0.5,0.06380000000000113
382,4,0.5,0.04665000000000082
382,8,0.5,0.0424000000000007
383,1,0.5,0.1022999999999969
383,2,0.5,0.08114999999999922
383,4,0.5,0.055100000000001065
383,8,0.5,0.0318500000000004
384,1,0.5,0.11714999999999526
384,2,0.5,0.06190000000000126
384,4,0.5,0.04510000000000078
384,8,0.5,0.047100000000000836
385,1,0.5,0.10684999999999639
385,2,0.5,0.0641500000000011
385,4,0.5,0.04365000000000074
385,8,0.5,0.03320000000000044
386,1,0.5,0.11874999999999508
386,2,0.5,0.09169999999999806
386,4,0.5,0.04975000000000091
386,8,0.5,0.03680000000000054
387,1,0.5,0.10649999999999643
387,2,0.5,0.07844999999999952
387,4,0.5,0.040050000000000634
387,8,0.5,0.032750000000000425
388,1,0.5,0.14879999999999177
388,2,0.5,0.11664999999999531
388,4,0.5,0.09214999999999801
388,8,0.5,0.08019999999999933
389,1,0.5,0.12249999999999467
389,2,0.5,0.06080000000000123
389,4,0.5,0.03980000000000063
389,8,0.5,0.03365000000000045
390,1,0.5,0.0986499999999973
390,2,0.5,0.05565000000000108
390,4,0.5,0.04340000000000073
390,8,0.5,0.04340000000000073
391,1,0.5,0.09299999999999792
391,2,0.5,0.05845000000000116
391,4,0.5,0.04270000000000071
391,8,0.5,0.03505000000000049
392,1,0.5,0.10434999999999667
392,2,0.5,0.06750000000000073
392,4,0.5,0.05450000000000105
392,8,0.5,0.04205000000000069
393,1,0.5,0.11879999999999508
393,2,0.5,0.07929999999999943
393,4,0.5,0.06010000000000121
393,8,0.5,0.035250000000000496
394,1,0.5,0.11504999999999549
394,2,0.5,0.058300000000001156
394,4,0.5,0.04055000000000065
394,8,0.5,0.03600000000000052
395,1,0.5,0.12099999999999483
395,2,0.5,0.06335000000000118
395,4,0.5,0.04825000000000087
395,8,0.5,0.038350000000000585
396,1,0.5,0.09809999999999736
396,2,0.5,0.07559999999999983
396,4,0.5,0.04350000000000073
396,8,0.5,0.0389000000000006
397,1,0.5,0.10179999999999695
397,2,0.5,0.07120000000000032
397,4,0.5,0.04550000000000079
397,8,0.5,0.03465000000000048
398,1,0.5,0.09919999999999723
398,2,0.5,0.06025000000000121
398,4,0.5,0.0459000000000008
398,8,0.5,0.034150000000000465
399,1,0.5,0.09169999999999806
399,2,0.5,0.05390000000000103
399,4,0.5,0.03860000000000059
399,8,0.5,0.031700000000000395
400,1,0.5,0.12014999999999493
400,2,0.5,0.06280000000000124
400,4,0.5,0.04765000000000085
400,8,0.5,0.03745000000000056
401,1,0.5,0.12619999999999426
401,2,0.5,0.07734999999999964
401,4,0.5,0.04480000000000077
401,8,0.5,0.0353500000000005
402,1,0.5,0.11619999999999536
402,2,0.5,0.058550000000001164
402,4,0.5,0.04485000000000077
402,8,0.5,0.0459500000000008
403,1,0.5,0.12239999999999468
403,2,0.5,0.06445000000000106
403,4,0.5,0.04020000000000064
403,8,0.5,0.03985000000000063
404,1,0.5,0.11259999999999576
404,2,0.5,0.06250000000000128
404,4,0.5,0.05120000000000095
404,8,0.5,0.034500000000000475
405,1,0.5,0.07015000000000043
405,2,0.5,0.060650000000001224
405,4,0.5,0.043550000000000734
405,8,0.5,0.03685000000000054
406,1,0.5,0.1158499999999954
406,2,0.5,0.07300000000000012
406,4,0.5,0.04280000000000071
406,8,0.5,0.0355000000000005
407,1,0.5,0.11609999999999537
407,2,0.5,0.11609999999999537
407,4,0.5,0.058200000000001154
407,8,0.5,0.03500000000000049
408,1,0.5,0.1077499999999963
408,2,0.5,0.08559999999999873
408,4,0.5,0.05180000000000097
408,8,0.5,0.03465000000000048
409,1,0.5,0.1076499999999963
409,2,0.5,0.08194999999999913
409,4,0.5,0.06160000000000125
409,8,0.5,0.04615000000000081
410,1,0.5,0.11164999999999586
410,2,0.5,0.06785000000000069
410,4,0.5,0.06235000000000127
410,8,0.5,0.055150000000001066
411,1,0.5,0.09884999999999727
411,2,0.5,0.0632500000000012
411,4,0.5,0.05065000000000094
411,8,0.5,0.030950000000000373
412,1,0.5,0.09959999999999719
412,2,0.5,0.05435000000000104
412,4,0.5,0.04205000000000069
412,8,0.5,0.037250000000000554
413,1,0.5,0.09999999999999715
413,2,0.5,0.06380000000000113
413,4,0.5,0.050550000000000934
413,8,0.5,0.030350000000000356
414,1,0.5,0.11554999999999543
414,2,0.5,0.06055000000000122
414,4,0.5,0.043200000000000724
414,8,0.5,0.03995000000000063
415,1,0.5,0.12264999999999465
415,2,0.5,0.05905000000000118
415,4,0.5,0.049550000000000906
415,8,0.5,0.03125000000000038
416,1,0.5,0.10249999999999687
416,2,0.5,0.061050000000001235
416,4,0.5,0.05360000000000102
416,8,0.5,0.037300000000000555
417,1,0.5,0.11654999999999532
417,2,0.5,0.11654999999999532
417,4,0.5,0.06355000000000116
417,8,0.5,0.04645000000000082
418,1,0.5,0.10169999999999696
418,2,0.5,0.0877499999999985
418,4,0.5,0.048100000000000864
418,8,0.5,0.03755000000000056
419,1,0.5,0.128599999999994
419,2,0.5,0.06925000000000053
419,4,0.5,0.04205000000000069
419,8,0.5,0.046750000000000826
420,1,0.5,0.12749999999999412
420,2,0.5,0.07614999999999977
420,4,0.5,0.04415000000000075
420,8,0.5,0.030650000000000364
421,1,0.5,0.10984999999999606
421,2,0.5,0.056800000000001113
421,4,0.5,0.04555000000000079
421,8,0.5,0.03980000000000063
422,1,0.5,0.09619999999999757
422,2,0.5,0.0776999999999996
422,4,0.5,0.05840000000000116
422,8,0.5,0.03960000000000062
423,1,0.5,0.10999999999999605
423,2,0.5,0.05240000000000099
423,4,0.5,0.036950000000000545
423,8,0.5,0.031700000000000395
424,1,0.5,0.10904999999999615
424,2,0.5,0.05915000000000118
424,4,0.5,0.042550000000000705
424,8,0.5,0.038050000000000576
425,1,0.5,0.10419999999999668
425,2,0.5,0.08659999999999862
425,4,0.5,0.047800000000000856
425,8,0.5,0.03570000000000051
426,1,0.5,0.09399999999999781
426,2,0.5,0.07000000000000045
426,4,0.5,0.04120000000000067
426,8,0.5,0.03955000000000062
427,1,0.5,0.10994999999999605
427,2,0.5,0.05915000000000118
427,4,0.5,0.04795000000000086
427,8,0.5,0.033500000000000446
428,1,0.5,0.12084999999999485
428,2,0.5,0.07005000000000045
428,4,0.5,0.04625000000000081
428,8,0.5,0.045650000000000794
429,1,0.5,0.10664999999999641
429,2,0.5,0.08274999999999905
429,4,0.5,0.04830000000000087
429,8,0.5,0.03435000000000047
430,1,0.5,0.10529999999999656
430,2,0.5,0.06355000000000116
430,4,0.5,0.06190000000000126
430,8,0.5,0.04450000000000076
431,1,0.5,0.10919999999999613
431,2,0.5,0.06815000000000065
431,4,0.5,0.04560000000000079
431,8,0.5,0.04700000000000083
432,1,0.5,0.11469999999999553
432,2,0.5,0.06520000000000098
432,4,0.5,0.046750000000000826
432,8,0.5,0.036650000000000536
433,1,0.5,0.10984999999999606
433,2,0.5,0.058650000000001166
433,4,0.5,0.05150000000000096
433,8,0.5,0.038000000000000575
434,1,0.5,0.09919999999999723
434,2,0.5,0.060700000000001225
434,4,0.5,0.04070000000000065
434,8,0.5,0.035550000000000505
435,1,0.5,0.10329999999999678
435,2,0.5,0.07100000000000034
435,4,0.5,0.04280000000000071
435,8,0.5,0.039050000000000605
436,1,0.5,0.11914999999999504
436,2,0.5,0.06520000000000098
436,4,0.5,0.06570000000000092
436,8,0.5,0.04330000000000073
437,1,0.5,0.11374999999999563
437,2,0.5,0.12484999999999441
437,4,0.5,0.07464999999999994
437,8,0.5,0.04800000000000086
438,1,0.5,0.12544999999999434
438,2,0.5,0.07649999999999973
438,4,0.5,0.07899999999999946
438,8,0.5,0.057150000000001124
439,1,0.5,0.09604999999999758
439,2,0.5,0.06780000000000069
439,4,0.5,0.05870000000000117
439,8,0.5,0.03755000000000056
440,1,0.5,0.1058999999999965
440,2,0.5,0.06050000000000122
440,4,0.5,0.06945000000000051
440,8,0.5,0.04160000000000068
441,1,0.5,0.11654999999999532
441,2,0.5,0.0705000000000004
441,4,0.5,0.05400000000000103
441,8,0.5,0.04090000000000066
442,1,0.5,0.09834999999999733
442,2,0.5,0.054800000000001056
442,4,0.5,0.05210000000000098
442,8,0.5,0.04665000000000082
443,1,0.5,0.09914999999999724
443,2,0.5,0.0904499999999982
443,4,0.5,0.06650000000000084
443,8,0.5,0.0564000000000011
444,1,0.5,0.09594999999999759
444,2,0.5,0.0668500000000008
444,4,0.5,0.05350000000000102
444,8,0.5,0.03780000000000057
445,1,0.5,0.09984999999999716
445,2,0.5,0.07000000000000045
445,4,0.5,0.04450000000000076
445,8,0.5,0.038000000000000575
446,1,0.5,0.101349999999997
446,2,0.5,0.05575000000000108
446,4,0.5,0.04260000000000071
446,8,0.5,0.03600000000000052
447,1,0.5,0.10154999999999698
447,2,0.5,0.07265000000000016
447,4,0.5,0.04445000000000076
447,8,0.5,0.04435000000000076
448,1,0.5,0.1185499999999951
448,2,0.5,0.06375000000000114
448,4,0.5,0.04795000000000086
448,8,0.5,0.02775000000000028
449,1,0.5,0.11554999999999543
449,2,0.5,0.056850000000001115
449,4,0.5,0.04520000000000078
449,8,0.5,0.02985000000000034
450,1,0.5,0.12839999999999402
450,2,0.5,0.07000000000000045
450,4,0.5,0.06705000000000078
450,8,0.5,0.03340000000000044
451,1,0.5,0.08979999999999827
451,2,0.5,0.058300000000001156
451,4,0.5,0.04450000000000076
451,8,0.5,0.03250000000000042
452,1,0.5,0.08849999999999841
452,2,0.5,0.05245000000000099
452,4,0.5,0.046400000000000816
452,8,0.5,0.03340000000000044
453,1,0.5,0.08879999999999838
453,2,0.5,0.07529999999999987
453,4,0.5,0.0492500000000009
453,8,0.5,0.03410000000000046
454,1,0.5,0.12269999999999465
454,2,0.5,0.07085000000000036
454,4,0.5,0.05345000000000102
454,8,0.5,0.03365000000000045
455,1,0.5,0.10029999999999711
455,2,0.5,0.07090000000000035
455,4,0.5,0.04055000000000065
455,8,0.5,0.03515000000000049
456,1,0.5,0.1203999999999949
456,2,0.5,0.08124999999999921
456,4,0.5,0.06975000000000048
456,8,0.5,0.039750000000000625
457,1,0.5,0.07295000000000013
457,2,0.5,0.05810000000000115
457,4,0.5,0.038750000000000596
457,8,0.5,0.03435000000000047
458,1,0.5,0.11934999999999502
458,2,0.5,0.07759999999999961
458,4,0.5,0.05035000000000093
458,8,0.5,0.042850000000000714
459,1,0.5,0.10619999999999646
459,2,0.5,0.07794999999999958
459,4,0.5,0.04525000000000078
459,8,0.5,0.03405000000000046
460,1,0.5,0.10324999999999679
460,2,0.5,0.06120000000000124
460,4,0.5,0.06330000000000119
460,8,0.5,0.033450000000000445
461,1,0.5,0.09144999999999809
461,2,0.5,0.0759499999999998
461,4,0.5,0.04400000000000075
461,8,0.5,0.02985000000000034
462,1,0.5,0.11374999999999563
462,2,0.5,0.06295000000000123
462,4,0.5,0.05570000000000108
462,8,0.5,0.04105000000000066
463,1,0.5,0.10934999999999612
463,2,0.5,0.08074999999999927
463,4,0.5,0.06765000000000071
463,8,0.5,0.039100000000000606
464,1,0.5,0.1185499999999951
464,2,0.5,0.061050000000001235
464,4,0.5,0.04300000000000072
464,8,0.5,0.031700000000000395
465,1,0.5,0.09259999999999796
465,2,0.5,0.059600000000001194
465,4,0.5,0.04470000000000077
465,8,0.5,0.03375000000000045
466,1,0.5,0.10464999999999663
466,2,0.5,0.0659000000000009
466,4,0.5,0.04120000000000067
466,8,0.5,0.032450000000000416
467,1,0.5,0.11729999999999524
467,2,0.5,0.06295000000000123
467,4,0.5,0.04835000000000087
467,8,0.5,0.030950000000000373
468,1,0.5,0.11369999999999564
468,2,0.5,0.05880000000000117
468,4,0.5,0.05030000000000093
468,8,0.5,0.029000000000000317
469,1,0.5,0.10449999999999665
469,2,0.5,0.06150000000000125
469,4,0.5,0.04735000000000084
469,8,0.5,0.03820000000000058
470,1,0.5,0.11749999999999522
470,2,0.5,0.06600000000000089
470,4,0.5,0.04820000000000087
470,8,0.5,0.035200000000000495
471,1,0.5,0.10884999999999617
471,2,0.5,0.07205000000000022
471,4,0.5,0.051250000000000955
471,8,0.5,0.04000000000000063
472,1,0.5,0.1131499999999957
472,2,0.5,0.06345000000000117
472,4,0.5,0.04060000000000065
472,8,0.5,0.045700000000000796
473,1,0.5,0.1049499999999966
473,2,0.5,0.06975000000000048
473,4,0.5,0.05360000000000102
473,8,0.5,0.03225000000000041
474,1,0.5,0.1148999999999955
474,2,0.5,0.08929999999999833
474,4,0.5,0.04660000000000082
474,8,0.5,0.032450000000000416
475,1,0.5,0.09694999999999748
475,2,0.5,0.05525000000000107
475,4,0.5,0.051250000000000955
475,8,0.5,0.03375000000000045
476,1,0.5,0.0994999999999972
476,2,0.5,0.056900000000001116
476,4,0.5,0.04720000000000084
476,8,0.5,0.03480000000000048
477,1,0.5,0.10149999999999698
477,2,0.5,0.07439999999999997
477,4,0.5,0.043900000000000744
477,8,0.5,0.030600000000000363
478,1,0.5,0.12339999999999457
478,2,0.5,0.06145000000000125
478,4,0.5,0.05840000000000116
478,8,0.5,0.03720000000000055
479,1,0.5,0.11304999999999571
479,2,0.5,0.055800000000001085
479,4,0.5,0.04790000000000086
479,8,0.5,0.0355000000000005
480,1,0.5,0.10489999999999661
480,2,0.5,0.07604999999999978
480,4,0.5,0.038750000000000596
480,8,0.5,0.03780000000000057
481,1,0.5,0.09374999999999784
481,2,0.5,0.06275000000000125
481,4,0.5,0.043200000000000724
481,8,0.5,0.037250000000000554
482,1,0.5,0.1085999999999962
482,2,0.5,0.05345000000000102
482,4,0.5,0.04485000000000077
482,8,0.5,0.035900000000000515
483,1,0.5,0.1212499999999948
483,2,0.5,0.09114999999999812
483,4,0.5,0.05100000000000095
483,8,0.5,0.03750000000000056
484,1,0.5,0.09354999999999786
484,2,0.5,0.08169999999999916
484,4,0.5,0.058600000000001165
484,8,0.5,0.03635000000000053
485,1,0.5,0.11209999999999581
485,2,0.5,0.058950000000001175
485,4,0.5,0.040050000000000634
485,8,0.5,0.0353500000000005
486,1,0.5,0.10654999999999643
486,2,0.5,0.057600000000001136
486,4,0.5,0.04660000000000082
486,8,0.5,0.035600000000000506
487,1,0.5,0.10084999999999705
487,2,0.5,0.09504999999999769
487,4,0.5,0.07090000000000035
487,8,0.5,0.03425000000000047
488,1,0.5,0.11109999999999592
488,2,0.5,0.0804999999999993
488,4,0.5,0.047050000000000834
488,8,0.5,0.03500000000000049
489,1,0.5,0.10939999999999611
489,2,0.5,0.06570000000000092
489,4,0.5,0.049500000000000904
489,8,0.5,0.03225000000000041
490,1,0.5,0.09729999999999744
490,2,0.5,0.061700000000001254
490,4,0.5,0.05170000000000097
490,8,0.5,0.03670000000000054
491,1,0.5,0.09749999999999742
491,2,0.5,0.0704500000000004
491,4,0.5,0.04680000000000083
491,8,0.5,0.03810000000000058
492,1,0.5,0.09879999999999728
492,2,0.5,0.06370000000000114
492,4,0.5,0.05120000000000095
492,8,0.5,0.03990000000000063
493,1,0.5,0.10064999999999708
493,2,0.5,0.057600000000001136
493,4,0.5,0.04090000000000066
493,8,0.5,0.03740000000000056
494,1,0.5,0.1149499999999955
494,2,0.5,0.06235000000000127
494,4,0.5,0.04615000000000081
494,8,0.5,0.03400000000000046
495,1,0.5,0.10099999999999704
495,2,0.5,0.06085000000000123
495,4,0.5,0.04840000000000087
495,8,0.5,0.03340000000000044
496,1,0.5,0.10599999999999649
496,2,0.5,0.07689999999999969
496,4,0.5,0.06825000000000064
496,8,0.5,0.0423500000000007
497,1,0.5,0.09239999999999798
497,2,0.5,0.09159999999999807
497,4,0.5,0.061750000000001255
497,8,0.5,0.04650000000000082
498,1,0.5,0.10684999999999639
498,2,0.5,0.06435000000000107
498,4,0.5,0.04690000000000083
498,8,0.5,0.03085000000000037
499,1,0.5,0.10734999999999634
499,2,0.5,0.1003999999999971
499,4,0.5,0.051300000000000956
499,8,0.5,0.038700000000000595
500,1,0.5,0.0931499999999979
500,2,0.5,0.06095000000000123
500,4,0.5,0.04380000000000074
500,8,0.5,0.03605000000000052
501,1,0.5,0.1139999999999956
501,2,0.5,0.07834999999999953
501,4,0.5,0.043950000000000745
501,8,0.5,0.03370000000000045
502,1,0.5,0.09909999999999725
502,2,0.5,0.06560000000000094
502,4,0.5,0.038050000000000576
502,8,0.5,0.031000000000000374
503,1,0.5,0.1158999999999954
503,2,0.5,0.10504999999999659
503,4,0.5,0.06005000000000121
503,8,0.5,0.043900000000000744
504,1,0.5,0.11159999999999587
504,2,0.5,0.0868499999999986
504,4,0.5,0.0904499999999982
504,8,0.5,0.04400000000000075
505,1,0.5,0.14604999999999208
505,2,0.5,0.09894999999999726
505,4,0.5,0.05075000000000094
505,8,0.5,0.03295000000000043
506,1,0.5,0.11079999999999596
506,2,0.5,0.05730000000000113
506,4,0.5,0.04480000000000077
506,8,0.5,0.03215000000000041
507,1,0.5,0.13089999999999374
507,2,0.5,0.083149999999999
507,4,0.5,0.06265000000000126
507,8,0.5,0.05485000000000106
508,1,0.5,0.1167999999999953
508,2,0.5,0.06080000000000123
508,4,0.5,0.049550000000000906
508,8,0.5,0.03365000000000045
509,1,0.5,0.10239999999999688
509,2,0.5,0.05240000000000099
509,4,0.5,0.048150000000000866
509,8,0.5,0.045300000000000784
510,1,0.5,0.11054999999999598
510,2,0.5,0.059250000000001184
510,4,0.5,0.04785000000000086
510,8,0.5,0.03705000000000055
511,1,0.5,0.09249999999999797
511,2,0.5,0.0777499999999996
511,4,0.5,0.0423000000000007
511,8,0.5,0.036950000000000545
512,1,0.5,0.10259999999999686
512,2,0.5,0.06130000000000124
512,4,0.5,0.038750000000000596
512,8,0.5,0.036900000000000543
513,1,0.5,0.11544999999999545
513,2,0.5,0.06650000000000084
513,4,0.5,0.047100000000000836
513,8,0.5,0.04620000000000081
514,1,0.5,0.09699999999999748
514,2,0.5,0.08174999999999916
514,4,0.5,0.05010000000000092
514,8,0.5,0.03215000000000041
515,1,0.5,0.10274999999999684
515,2,0.5,0.08724999999999855
515,4,0.5,0.05140000000000096
515,8,0.5,0.04690000000000083
516,1,0.5,0.10879999999999618
516,2,0.5,0.10879999999999618
516,4,0.5,0.06570000000000092
516,8,0.5,0.04510000000000078
517,1,0.5,0.10759999999999631
517,2,0.5,0.05600000000000109
517,4,0.5,0.0494000000000009
517,8,0.5,0.03500000000000049
518,1,0.5,0.12294999999999462
518,2,0.5,0.09029999999999822
518,4,0.5,0.07290000000000013
518,8,0.5,0.05955000000000119
519,1,0.5,0.09644999999999754
519,2,0.5,0.07669999999999971
519,4,0.5,0.041450000000000674
519,8,0.5,0.03705000000000055
520,1,0.5,0.1112999999999959
520,2,0.5,0.0564500000000011
520,4,0.5,0.044650000000000765
520,8,0.5,0.039400000000000615
521,1,0.5,0.0895499999999983
521,2,0.5,0.07639999999999975
521,4,0.5,0.042850000000000714
521,8,0.5,0.03720000000000055
522,1,0.5,0.09899999999999726
522,2,0.5,0.06630000000000086
522,4,0.5,0.03845000000000059
522,8,0.5,0.03675000000000054
523,1,0.5,0.1004499999999971
523,2,0.5,0.05105000000000095
523,4,0.5,0.046350000000000814
523,8,0.5,0.03715000000000055
524,1,0.5,0.09334999999999788
524,2,0.5,0.0741
524,4,0.5,0.050250000000000926
524,8,0.5,0.03235000000000041
525,1,0.5,0.10634999999999645
525,2,0.5,0.055150000000001066
525,4,0.5,0.04190000000000069
525,8,0.5,0.03335000000000044
526,1,0.5,0.11284999999999573
526,2,0.5,0.05465000000000105
526,4,0.5,0.03845000000000059
526,8,0.5,0.035900000000000515
527,1,0.5,0.09999999999999715
527,2,0.5,0.08344999999999897
527,4,0.5,0.04310000000000072
527,8,0.5,0.03215000000000041
528,1,0.5,0.14899999999999175
528,2,0.5,0.12829999999999403
528,4,0.5,0.08279999999999904
528,8,0.5,0.04625000000000081
529,1,0.5,0.11204999999999582
529,2,0.5,0.08029999999999932
529,4,0.5,0.043900000000000744
529,8,0.5,0.0354000000000005
530,1,0.5,0.10064999999999708
530,2,0.5,0.06935000000000052
530,4,0.5,0.052650000000000995
530,8,0.5,0.03705000000000055
531,1,0.5,0.12999999999999384
531,2,0.5,0.09054999999999819
531,4,0.5,0.04690000000000083
531,8,0.5,0.03655000000000053
532,1,0.5,0.11374999999999563
532,2,0.5,0.08814999999999845
532,4,0.5,0.06580000000000091
532,8,0.5,0.03605000000000052
533,1,0.5,0.08849999999999841
533,2,0.5,0.064950000000001
533,4,0.5,0.03980000000000063
533,8,0.5,0.0318000000000004
534,1,0.5,0.12559999999999433
534,2,0.5,0.05360000000000102
534,4,0.5,0.03670000000000054
534,8,0.5,0.032450000000000416
535,1,0.5,0.11084999999999595
535,2,0.5,0.06570000000000092
535,4,0.5,0.04095000000000066
535,8,0.5,0.029350000000000327
536,1,0.5,0.11269999999999575
536,2,0.5,0.06235000000000127
536,4,0.5,0.04130000000000067
536,8,0.5,0.038000000000000575
537,1,0.5,0.10329999999999678
537,2,0.5,0.053750000000001026
537,4,0.5,0.07325000000000009
537,8,0.5,0.037000000000000546
538,1,0.5,0.09349999999999786
538,2,0.5,0.06365000000000115
538,4,0.5,0.04480000000000077
538,8,0.5,0.029950000000000344
539,1,0.5,0.09254999999999797
539,2,0.5,0.06660000000000083
539,4,0.5,0.0494500000000009
539,8,0.5,0.04400000000000075
540,1,0.5,0.11784999999999518
540,2,0.5,0.05575000000000108
540,4,0.5,0.057150000000001124
540,8,0.5,0.04000000000000063
541,1,0.5,0.07659999999999972
541,2,0.5,0.05780000000000114
541,4,0.5,0.046750000000000826
541,8,0.5,0.03260000000000042
542,1,0.5,0.11624999999999536
542,2,0.5,0.0659500000000009
542,4,0.5,0.043900000000000744
542,8,0.5,0.039000000000000604
543,1,0.5,0.12559999999999433
543,2,0.5,0.08524999999999877
543,4,0.5,0.06180000000000126
543,8,0.5,0.037000000000000546
544,1,0.5,0.10534999999999656
544,2,0.5,0.05610000000000109
544,4,0.5,0.047100000000000836
544,8,0.5,0.03370000000000045
545,1,0.5,0.10559999999999653
545,2,0.5,0.05940000000000119
545,4,0.5,0.04070000000000065
545,8,0.5,0.035900000000000515
546,1,0.5,0.11814999999999515
546,2,0.5,0.06090000000000123
546,4,0.5,0.048500000000000876
546,8,0.5,0.03335000000000044
547,1,0.5,0.09984999999999716
547,2,0.5,0.056500000000001105
547,4,0.5,0.04870000000000088
547,8,0.5,0.033800000000000455
548,1,0.5,0.11074999999999596
548,2,0.5,0.07944999999999941
548,4,0.5,0.04090000000000066
548,8,0.5,0.033500000000000446
549,1,0.5,0.08914999999999834
549,2,0.5,0.06160000000000125
549,4,0.5,0.0493500000000009
549,8,0.5,0.056200000000001096
550,1,0.5,0.10799999999999627
550,2,0.5,0.05835000000000116
550,4,0.5,0.04655000000000082
550,8,0.5,0.03650000000000053
551,1,0.5,0.11689999999999529
551,2,0.5,0.07569999999999982
551,4,0.5,0.052800000000001
551,8,0.5,0.04210000000000069
552,1,0.5,0.11234999999999579
552,2,0.5,0.06085000000000123
552,4,0.5,0.04125000000000067
552,8,0.5,0.032100000000000406
553,1,0.5,0.10569999999999652
553,2,0.5,0.09024999999999822
553,4,0.5,0.04875000000000088
553,8,0.5,0.03995000000000063
554,1,0.5,0.10759999999999631
554,2,0.5,0.05495000000000106
554,4,0.5,0.05035000000000093
554,8,0.5,0.03710000000000055
555,1,0.5,0.12554999999999433
555,2,0.5,0.06490000000000101
555,4,0.5,0.035900000000000515
555,8,0.5,0.03775000000000057
556,1,0.5,0.11014999999999603
556,2,0.5,0.05950000000000119
556,4,0.5,0.0458000000000008
556,8,0.5,0.03780000000000057
557,1,0.5,0.10704999999999637
557,2,0.5,0.056900000000001116
557,4,0.5,0.040400000000000644
557,8,0.5,0.03465000000000048
558,1,0.5,0.12184999999999474
558,2,0.5,0.06345000000000117
558,4,0.5,0.04085000000000066
558,8,0.5,0.03215000000000041
559,1,0.5,0.11284999999999573
559,2,0.5,0.05850000000000116
559,4,0.5,0.03990000000000063
559,8,0.5,0.03460000000000048
560,1,0.5,0.07015000000000043
560,2,0.5,0.06720000000000076
560,4,0.5,0.05100000000000095
560,8,0.5,0.032750000000000425
561,1,0.5,0.11699999999999527
561,2,0.5,0.07070000000000037
561,4,0.5,0.05675000000000111
561,8,0.5,0.04200000000000069
562,1,0.5,0.09939999999999721
562,2,0.5,0.08819999999999845
562,4,0.5,0.047750000000000854
562,8,0.5,0.03305000000000043
563,1,0.5,0.11439999999999556
563,2,0.5,0.0714000000000003
563,4,0.5,0.046000000000000804
563,8,0.5,0.03365000000000045
564,1,0.5,0.10049999999999709
564,2,0.5,0.07639999999999975
564,4,0.5,0.04760000000000085
564,8,0.5,0.03785000000000057
565,1,0.5,0.10839999999999622
565,2,0.5,0.05395000000000103
565,4,0.5,0.05470000000000105
565,8,0.5,0.030050000000000347
566,1,0.5,0.13869999999999288
566,2,0.5,0.06560000000000094
566,4,0.5,0.05115000000000095
566,8,0.5,0.04860000000000088
567,1,0.5,0.10574999999999651
567,2,0.5,0.06180000000000126
567,4,0.5,0.04310000000000072
567,8,0.5,0.03670000000000054
568,1,0.5,0.0985999999999973
568,2,0.5,0.057850000000001144
568,4,0.5,0.047800000000000856
568,8,0.5,0.03645000000000053
569,1,0.5,0.10924999999999613
569,2,0.5,0.07649999999999973
569,4,0.5,0.042550000000000705
569,8,0.5,0.038000000000000575
570,1,0.5,0.1575999999999908
570,2,0.5,0.07764999999999961
570,4,0.5,0.045700000000000796
570,8,0.5,0.03785000000000057
571,1,0.5,0.11699999999999527
571,2,0.5,0.057200000000001125
571,4,0.5,0.03850000000000059
571,8,0.5,0.03580000000000051
572,1,0.5,0.09359999999999785
572,2,0.5,0.06800000000000067
572,4,0.5,0.04615000000000081
572,8,0.5,0.0318000000000004
573,1,0.5,0.12074999999999486
573,2,0.5,0.06120000000000124
573,4,0.5,0.04000000000000063
573,8,0.5,0.03710000000000055
574,1,0.5,0.09144999999999809
574,2,0.5,0.06665000000000082
574,4,0.5,0.05135000000000096
574,8,0.5,0.03715000000000055
575,1,0.5,0.10849999999999621
575,2,0.5,0.06345000000000117
575,4,0.5,0.043950000000000745
575,8,0.5,0.039350000000000614
576,1,0.5,0.11709999999999526
576,2,0.5,0.06975000000000048
576,4,0.5,0.04805000000000086
576,8,0.5,0.04260000000000071
577,1,0.5,0.09574999999999761
577,2,0.5,0.07514999999999988
577,4,0.5,0.04135000000000067
577,8,0.5,0.036950000000000545
578,1,0.5,0.10579999999999651
578,2,0.5,0.09434999999999777
578,4,0.5,0.056550000000001106
578,8,0.5,0.038650000000000594
579,1,0.5,0.10524999999999657
579,2,0.5,0.08884999999999837
579,4,0.5,0.06440000000000107
579,8,0.5,0.04090000000000066
580,1,0.5,0.09559999999999763
580,2,0.5,0.06705000000000078
580,4,0.5,0.05325000000000101
580,8,0.5,0.033800000000000455
581,1,0.5,0.1085999999999962
581,2,0.5,0.08434999999999887
581,4,0.5,0.04400000000000075
581,8,0.5,0.041850000000000685
582,1,0.5,0.1113499999999959
582,2,0.5,0.07879999999999948
582,4,0.5,0.05385000000000103
582,8,0.5,0.03720000000000055
583,1,0.5,0.09299999999999792
583,2,0.5,0.06885000000000058
583,4,0.5,0.05530000000000107
583,8,0.5,0.048850000000000886
584,1,0.5,0.1095499999999961
584,2,0.5,0.06530000000000097
584,4,0.5,0.05745000000000113
584,8,0.5,0.034850000000000485
585,1,0.5,0.13079999999999375
585,2,0.5,0.08034999999999931
585,4,0.5,0.044650000000000765
585,8,0.5,0.035900000000000515
586,1,0.5,0.10974999999999607
586,2,0.5,0.061750000000001255
586,4,0.5,0.058250000000001155
586,8,0.5,0.036600000000000535
587,1,0.5,0.11654999999999532
587,2,0.5,0.09564999999999763
587,4,0.5,0.05915000000000118
587,8,0.5,0.05120000000000095
588,1,0.5,0.11144999999999589
588,2,0.5,0.06295000000000123
588,4,0.5,0.049900000000000916
588,8,0.5,0.04035000000000064
589,1,0.5,0.11549999999999544
589,2,0.5,0.059300000000001185
589,4,0.5,0.04170000000000068
589,8,0.5,0.030700000000000366
590,1,0.5,0.11434999999999557
590,2,0.5,0.07185000000000025
590,4,0.5,0.05435000000000104
590,8,0.5,0.03340000000000044
591,1,0.5,0.11374999999999563
591,2,0.5,0.07115000000000032
591,4,0.5,0.04265000000000071
591,8,0.5,0.03745000000000056
592,1,0.5,0.12719999999999415
592,2,0.5,0.07929999999999943
592,4,0.5,0.045650000000000794
592,8,0.5,0.035600000000000506
593,1,0.5,0.09429999999999777
593,2,0.5,0.057850000000001144
593,4,0.5,0.05455000000000105
593,8,0.5,0.038350000000000585
594,1,0.5,0.09489999999999771
594,2,0.5,0.07849999999999951
594,4,0.5,0.07065000000000038
594,8,0.5,0.05675000000000111
595,1,0.5,0.1058499999999965
595,2,0.5,0.05360000000000102
595,4,0.5,0.04620000000000081
595,8,0.5,0.042500000000000704
596,1,0.5,0.08024999999999932
596,2,0.5,0.058200000000001154
596,4,0.5,0.04685000000000083
596,8,0.5,0.036300000000000526
597,1,0.5,0.1277499999999941
597,2,0.5,0.07639999999999975
597,4,0.5,0.0423000000000007
597,8,0.5,0.03920000000000061
598,1,0.5,0.09819999999999734
598,2,0.5,0.07649999999999973
598,4,0.5,0.04785000000000086
598,8,0.5,0.05310000000000101
599,1,0.5,0.10214999999999691
599,2,0.5,0.07624999999999976
599,4,0.5,0.04420000000000075
599,8,0.5,0.03495000000000049
600,1,0.5,0.10729999999999634
600,2,0.5,0.059000000000001177
600,4,0.5,0.059000000000001177
600,8,0.5,0.03780000000000057
601,1,0.5,0.12554999999999433
601,2,0.5,0.058250000000001155
601,4,0.5,0.041500000000000675
601,8,0.5,0.03375000000000045
602,1,0.5,0.10699999999999638
602,2,0.5,0.05525000000000107
602,4,0.5,0.04875000000000088
602,8,0.5,0.03950000000000062
603,1,0.5,0.11029999999999601
603,2,0.5,0.06285000000000124
603,4,0.5,0.049500000000000904
603,8,0.5,0.0388500000000006
604,1,0.5,0.10339999999999677
604,2,0.5,0.05505000000000106
604,4,0.5,0.04035000000000064
604,8,0.5,0.03365000000000045
605,1,0.5,0.10894999999999616
605,2,0.5,0.06230000000000127
605,4,0.5,0.04375000000000074
605,8,0.5,0.034900000000000486
606,1,0.5,0.09939999999999721
606,2,0.5,0.055100000000001065
606,4,0.5,0.05010000000000092
606,8,0.5,0.0389000000000006
607,1,0.5,0.08659999999999862
607,2,0.5,0.06305000000000122
607,4,0.5,0.04345000000000073
607,8,0.5,0.041800000000000684
608,1,0.5,0.09324999999999789
608,2,0.5,0.08264999999999906
608,4,0.5,0.06255000000000127
608,8,0.5,0.04645000000000082
609,1,0.5,0.12919999999999393
609,2,0.5,0.09274999999999795
609,4,0.5,0.04685000000000083
609,8,0.5,0.043550000000000734
610,1,0.5,0.11339999999999567
610,2,0.5,0.06250000000000128
610,4,0.5,0.04965000000000091
610,8,0.5,0.033850000000000456
611,1,0.5,0.09429999999999777
611,2,0.5,0.05590000000000109
611,4,0.5,0.040800000000000655
611,8,0.5,0.03225000000000041
612,1,0.5,0.09894999999999726
612,2,0.5,0.07105000000000034
612,4,0.5,0.07145000000000029
612,8,0.5,0.043900000000000744
613,1,0.5,0.10699999999999638
613,2,0.5,0.06580000000000091
613,4,0.5,0.046050000000000806
613,8,0.5,0.042850000000000714
614,1,0.5,0.10434999999999667
614,2,0.5,0.06645000000000084
614,4,0.5,0.047050000000000834
614,8,0.5,0.03460000000000048
615,1,0.5,0.11424999999999558
615,2,0.5,0.0812999999999992
615,4,0.5,0.05050000000000093
615,8,0.5,0.0353500000000005
616,1,0.5,0.0867499999999986
616,2,0.5,0.06045000000000122
616,4,0.5,0.04450000000000076
616,8,0.5,0.038300000000000584
617,1,0.5,0.10649999999999643
617,2,0.5,0.058600000000001165
617,4,0.5,0.048800000000000884
617,8,0.5,0.03740000000000056
618,1,0.5,0.0958999999999976
618,2,0.5,0.04650000000000082
618,4,0.5,0.04545000000000079
618,8,0.5,0.03995000000000063
619,1,0.5,0.1257999999999943
619,2,0.5,0.061000000000001234
619,4,0.5,0.052950000000001
619,8,0.5,0.03825000000000058
620,1,0.5,0.10434999999999667
620,2,0.5,0.05450000000000105
620,4,0.5,0.03980000000000063
620,8,0.5,0.030700000000000366
621,1,0.5,0.10004999999999714
621,2,0.5,0.06080000000000123
621,4,0.5,0.05250000000000099
621,8,0.5,0.03950000000000062
622,1,0.5,0.11504999999999549
622,2,0.5,0.08174999999999916
622,4,0.5,0.04875000000000088
622,8,0.5,0.03860000000000059
623,1,0.5,0.12614999999999427
623,2,0.5,0.06515000000000098
623,4,0.5,0.04970000000000091
623,8,0.5,0.03685000000000054
624,1,0.5,0.13014999999999383
624,2,0.5,0.06295000000000123
624,4,0.5,0.045000000000000775
624,8,0.5,0.03860000000000059
625,1,0.5,0.10734999999999634
625,2,0.5,0.057500000000001134
625,4,0.5,0.05395000000000103
625,8,0.5,0.03505000000000049
626,1,0.5,0.10974999999999607
626,2,0.5,0.06330000000000119
626,4,0.5,0.05150000000000096
626,8,0.5,0.036250000000000525
627,1,0.5,0.08669999999999861
627,2,0.5,0.058300000000001156
627,4,0.5,0.044650000000000765
627,8,0.5,0.03745000000000056
628,1,0.5,0.08609999999999868
628,2,0.5,0.06235000000000127
628,4,0.5,0.045300000000000784
628,8,0.5,0.033500000000000446
629,1,0.5,0.1239999999999945
629,2,0.5,0.07325000000000009
629,4,0.5,0.05220000000000098
629,8,0.5,0.039700000000000624
630,1,0.5,0.11009999999999603
630,2,0.5,0.07270000000000015
630,4,0.5,0.053750000000001026
630,8,0.5,0.03715000000000055
631,1,0.5,0.11054999999999598
631,2,0.5,0.0695000000000005
631,4,0.5,0.05540000000000107
631,8,0.5,0.04190000000000069
632,1,0.5,0.11744999999999522
632,2,0.5,0.060350000000001215
632,4,0.5,0.051950000000000975
632,8,0.5,0.035900000000000515
633,1,0.5,0.0968499999999975
633,2,0.5,0.07909999999999945
633,4,0.5,0.05455000000000105
633,8,0.5,0.03445000000000047
634,1,0.5,0.09564999999999763
634,2,0.5,0.06735000000000074
634,4,0.5,0.06400000000000111
634,8,0.5,0.03790000000000057
635,1,0.5,0.08564999999999873
635,2,0.5,0.06265000000000126
635,4,0.5,0.050250000000000926
635,8,0.5,0.03335000000000044
636,1,0.5,0.0903999999999982
636,2,0.5,0.06465000000000104
636,4,0.5,0.0457500000000008
636,8,0.5,0.04020000000000064
637,1,0.5,0.12069999999999487
637,2,0.5,0.07734999999999964
637,4,0.5,0.04375000000000074
637,8,0.5,0.034550000000000476
638,1,0.5,0.09969999999999718
638,2,0.5,0.08279999999999904
638,4,0.5,0.0459000000000008
638,8,0.5,0.0493500000000009
639,1,0.5,0.09009999999999824
639,2,0.5,0.08074999999999927
639,4,0.5,0.05120000000000095
639,8,0.5,0.03705000000000055
640,1,0.5,0.11689999999999529
640,2,0.5,0.0822999999999991
640,4,0.5,0.04370000000000074
640,8,0.5,0.02800000000000029
641,1,0.5,0.1067499999999964
641,2,0.5,0.07989999999999936
641,4,0.5,0.06665000000000082
641,8,0.5,0.04625000000000081
642,1,0.5,0.09349999999999786
642,2,0.5,0.05870000000000117
642,4,0.5,0.04160000000000068
642,8,0.5,0.02770000000000028
643,1,0.5,0.1456999999999921
643,2,0.5,0.08189999999999914
643,4,0.5,0.045000000000000775
643,8,0.5,0.04540000000000079
644,1,0.5,0.12329999999999458
644,2,0.5,0.12329999999999458
644,4,0.5,0.08059999999999928
644,8,0.5,0.04450000000000076
645,1,0.5,0.1422499999999925
645,2,0.5,0.07085000000000036
645,4,0.5,0.04200000000000069
645,8,0.5,0.030350000000000356
646,1,0.5,0.11754999999999521
646,2,0.5,0.06780000000000069
646,4,0.5,0.04310000000000072
646,8,0.5,0.03740000000000056
647,1,0.5,0.0976499999999974
647,2,0.5,0.052950000000001
647,4,0.5,0.04155000000000068
647,8,0.5,0.02880000000000031
648,1,0.5,0.11074999999999596
648,2,0.5,0.08524999999999877
648,4,0.5,0.05530000000000107
648,8,0.5,0.033100000000000435
649,1,0.5,0.08939999999999831
649,2,0.5,0.06015000000000121
649,4,0.5,0.050950000000000946
649,8,0.5,0.038000000000000575
650,1,0.5,0.11819999999999514
650,2,0.5,0.05735000000000113
650,4,0.5,0.04970000000000091
650,8,0.5,0.034500000000000475
651,1,0.5,0.08849999999999841
651,2,0.5,0.058250000000001155
651,4,0.5,0.04060000000000065
651,8,0.5,0.032100000000000406
652,1,0.5,0.09559999999999763
652,2,0.5,0.059000000000001177
652,4,0.5,0.04370000000000074
652,8,0.5,0.03290000000000043
653,1,0.5,0.10114999999999702
653,2,0.5,0.056850000000001115
653,4,0.5,0.0631500000000012
653,8,0.5,0.039100000000000606
654,1,0.5,0.11469999999999553
654,2,0.5,0.07345000000000007
654,4,0.5,0.05485000000000106
654,8,0.5,0.03790000000000057
655,1,0.5,0.12169999999999476
655,2,0.5,0.06660000000000083
655,4,0.5,0.05345000000000102
655,8,0.5,0.031750000000000396
656,1,0.5,0.11139999999999589
656,2,0.5,0.058950000000001175
656,4,0.5,0.06025000000000121
656,8,0.5,0.033850000000000456
657,1,0.5,0.09504999999999769
657,2,0.5,0.048150000000000866
657,4,0.5,0.0423500000000007
657,8,0.5,0.03570000000000051
658,1,0.5,0.12259999999999466
658,2,0.5,0.07889999999999947
658,4,0.5,0.05745000000000113
658,8,0.5,0.03650000000000053
659,1,0.5,0.12544999999999434
659,2,0.5,0.06305000000000122
659,4,0.5,0.03810000000000058
659,8,0.5,0.035250000000000496
660,1,0.5,0.10569999999999652
660,2,0.5,0.06110000000000124
660,4,0.5,0.0458500000000008
660,8,0.5,0.04165000000000068
661,1,0.5,0.08269999999999905
661,2,0.5,0.0597500000000012
661,4,0.5,0.052800000000001
661,8,0.5,0.034850000000000485
662,1,0.5,0.10849999999999621
662,2,0.5,0.05735000000000113
662,4,0.5,0.046750000000000826
662,8,0.5,0.036250000000000525
663,1,0.5,0.10599999999999649
663,2,0.5,0.06670000000000081
663,4,0.5,0.048850000000000886
663,8,0.5,0.036650000000000536
664,1,0.5,0.08479999999999882
664,2,0.5,0.06335000000000118
664,4,0.5,0.04415000000000075
664,8,0.5,0.03220000000000041
665,1,0.5,0.09394999999999781
665,2,0.5,0.05075000000000094
665,4,0.5,0.04820000000000087
665,8,0.5,0.03640000000000053
666,1,0.5,0.10574999999999651
666,2,0.5,0.06400000000000111
666,4,0.5,0.04070000000000065
666,8,0.5,0.03710000000000055
667,1,0.5,0.10609999999999647
667,2,0.5,0.07749999999999962
667,4,0.5,0.051950000000000975
667,8,0.5,0.04015000000000064
668,1,0.5,0.10554999999999654
668,2,0.5,0.061400000000001245
668,4,0.5,0.05425000000000104
668,8,0.5,0.048100000000000864
669,1,0.5,0.10909999999999614
669,2,0.5,0.06050000000000122
669,4,0.5,0.06840000000000063
669,8,0.5,0.038400000000000586
670,1,0.5,0.09924999999999723
670,2,0.5,0.05310000000000101
670,4,0.5,0.04175000000000068
670,8,0.5,0.03120000000000038
671,1,0.5,0.10174999999999695
671,2,0.5,0.07984999999999937
671,4,0.5,0.058200000000001154
671,8,0.5,0.037250000000000554
672,1,0.5,0.11774999999999519
672,2,0.5,0.08459999999999884
672,4,0.5,0.05210000000000098
672,8,0.5,0.04060000000000065
673,1,0.5,0.11749999999999522
673,2,0.5,0.06615000000000087
673,4,0.5,0.045350000000000786
673,8,0.5,0.03305000000000043
674,1,0.5,0.0949999999999977
674,2,0.5,0.062450000000001275
674,4,0.5,0.05005000000000092
674,8,0.5,0.0423000000000007
675,1,0.5,0.08994999999999825
675,2,0.5,0.07784999999999959
675,4,0.5,0.07424999999999998
675,8,0.5,0.0493000000000009
676,1,0.5,0.12149999999999478
676,2,0.5,0.07125000000000031
676,4,0.5,0.04435000000000076
676,8,0.5,0.03305000000000043
677,1,0.5,0.11474999999999552
677,2,0.5,0.07889999999999947
677,4,0.5,0.057950000000001146
677,8,0.5,0.04625000000000081
678,1,0.5,0.11144999999999589
678,2,0.5,0.05530000000000107
678,4,0.5,0.04610000000000081
678,8,0.5,0.0318000000000004
679,1,0.5,0.09759999999999741
679,2,0.5,0.07709999999999967
679,4,0.5,0.05485000000000106
679,8,0.5,0.06665000000000082
680,1,0.5,0.11244999999999578
680,2,0.5,0.06945000000000051
680,4,0.5,0.04385000000000074
680,8,0.5,0.03470000000000048
681,1,0.5,0.12789999999999407
681,2,0.5,0.09049999999999819
681,4,0.5,0.049500000000000904
681,8,0.5,0.03790000000000057
682,1,0.5,0.10869999999999619
682,2,0.5,0.08799999999999847
682,4,0.5,0.053350000000001015
682,8,0.5,0.03950000000000062
683,1,0.5,0.15744999999999082
683,2,0.5,0.0859499999999987
683,4,0.5,0.047050000000000834
683,8,0.5,0.036250000000000525
684,1,0.5,0.1231499999999946
684,2,0.5,0.058650000000001166
684,4,0.5,0.040450000000000645
684,8,0.5,0.03425000000000047
685,1,0.5,0.12609999999999427
685,2,0.5,0.06080000000000123
685,4,0.5,0.047450000000000846
685,8,0.5,0.03780000000000057
686,1,0.5,0.11939999999999501
686,2,0.5,0.06940000000000052
686,4,0.5,0.052700000000000996
686,8,0.5,0.032400000000000415
687,1,0.5,0.11279999999999574
687,2,0.5,0.06160000000000125
687,4,0.5,0.04475000000000077
687,8,0.5,0.0355000000000005
688,1,0.5,0.10519999999999657
688,2,0.5,0.058550000000001164
688,4,0.5,0.06695000000000079
688,8,0.5,0.049850000000000914
689,1,0.5,0.12059999999999488
689,2,0.5,0.059000000000001177
689,4,0.5,0.047100000000000836
689,8,0.5,0.042500000000000704
690,1,0.5,0.1249999999999944
690,2,0.5,0.06605000000000089
690,4,0.5,0.0459000000000008
690,8,0.5,0.033800000000000455
691,1,0.5,0.11119999999999591
691,2,0.5,0.11119999999999591
691,4,0.5,0.06230000000000127
691,8,0.5,0.03745000000000056
692,1,0.5,0.09919999999999723
692,2,0.5,0.05610000000000109
692,4,0.5,0.05105000000000095
692,8,0.5,0.04405000000000075
693,1,0.5,0.09964999999999719
693,2,0.5,0.059650000000001195
693,4,0.5,0.048100000000000864
693,8,0.5,0.03815000000000058
694,1,0.5,0.12529999999999436
694,2,0.5,0.09484999999999771
694,4,0.5,0.04995000000000092
694,8,0.5,0.046700000000000824
695,1,0.5,0.12369999999999454
695,2,0.5,0.07999999999999935
695,4,0.5,0.05065000000000094
695,8,0.5,0.04305000000000072
696,1,0.5,0.1076499999999963
696,2,0.5,0.05660000000000111
696,4,0.5,0.03825000000000058
696,8,0.5,0.03505000000000049
697,1,0.5,0.11724999999999525
697,2,0.5,0.0564500000000011
697,4,0.5,0.07514999999999988
697,8,0.5,0.05045000000000093
698,1,0.5,0.0976499999999974
698,2,0.5,0.06190000000000126
698,4,0.5,0.03915000000000061
698,8,0.5,0.038050000000000576
699,1,0.5,0.10254999999999687
699,2,0.5,0.07614999999999977
699,4,0.5,0.05240000000000099
699,8,0.5,0.04735000000000084
700,1,0.5,0.10959999999999609
700,2,0.5,0.09184999999999804
700,4,0.5,0.054100000000001036
700,8,0.5,0.03610000000000052
701,1,0.5,0.10834999999999623
701,2,0.5,0.05845000000000116
701,4,0.5,0.049150000000000894
701,8,0.5,0.039100000000000606
702,1,0.5,0.10424999999999668
702,2,0.5,0.08064999999999928
702,4,0.5,0.04995000000000092
702,8,0.5,0.03670000000000054
703,1,0.5,0.0886499999999984
703,2,0.5,0.05365000000000102
703,4,0.5,0.041850000000000685
703,8,0.5,0.040050000000000634
704,1,0.5,0.11784999999999518
704,2,0.5,0.06365000000000115
704,4,0.5,0.037600000000000564
704,8,0.5,0.04350000000000073
705,1,0.5,0.1130999999999957
705,2,0.5,0.056900000000001116
705,4,0.5,0.04960000000000091
705,8,0.5,0.039750000000000625
706,1,0.5,0.10204999999999692
706,2,0.5,0.06425000000000108
706,4,0.5,0.04385000000000074
706,8,0.5,0.0458000000000008
707,1,0.5,0.10279999999999684
707,2,0.5,0.05555000000000108
707,4,0.5,0.04485000000000077
707,8,0.5,0.03390000000000046
708,1,0.5,0.11294999999999572
708,2,0.5,0.05850000000000116
708,4,0.5,0.04790000000000086
708,8,0.5,0.0318500000000004
709,1,0.5,0.11359999999999565
709,2,0.5,0.06990000000000046
709,4,0.5,0.06925000000000053
709,8,0.5,0.045350000000000786
710,1,0.5,0.10979999999999607
710,2,0.5,0.07010000000000044
710,4,0.5,0.043200000000000724
710,8,0.5,0.03775000000000057
711,1,0.5,0.09894999999999726
711,2,0.5,0.06905000000000056
711,4,0.5,0.048150000000000866
711,8,0.5,0.03980000000000063
712,1,0.5,0.10344999999999677
712,2,0.5,0.07085000000000036
712,4,0.5,0.045300000000000784
712,8,0.5,0.033450000000000445
713,1,0.5,0.1022999999999969
713,2,0.5,0.0758499999999998
713,4,0.5,0.03980000000000063
713,8,0.5,0.03230000000000041
714,1,0.5,0.10989999999999606
714,2,0.5,0.10989999999999606
714,4,0.5,0.04910000000000089
714,8,0.5,0.04715000000000084
715,1,0.5,0.11649999999999533
715,2,0.5,0.07634999999999975
715,4,0.5,0.04190000000000069
715,8,0.5,0.03165000000000039
716,1,0.5,0.08704999999999857
716,2,0.5,0.07085000000000036
716,4,0.5,0.04650000000000082
716,8,0.5,0.045650000000000794
717,1,0.5,0.10934999999999612
717,2,0.5,0.07794999999999958
717,4,0.5,0.043950000000000745
717,8,0.5,0.04200000000000069
718,1,0.5,0.08884999999999837
718,2,0.5,0.06570000000000092
718,4,0.5,0.04860000000000088
718,8,0.5,0.04750000000000085
719,1,0.5,0.12349999999999456
719,2,0.5,0.06365000000000115
719,4,0.5,0.04790000000000086
719,8,0.5,0.03850000000000059
720,1,0.5,0.09269999999999795
720,2,0.5,0.049850000000000914
720,4,0.5,0.04555000000000079
720,8,0.5,0.033100000000000435
721,1,0.5,0.10534999999999656
721,2,0.5,0.08909999999999835
721,4,0.5,0.06370000000000114
721,8,0.5,0.03605000000000052
722,1,0.5,0.0995499999999972
722,2,0.5,0.06085000000000123
722,4,0.5,0.057200000000001125
722,8,0.5,0.03340000000000044
723,1,0.5,0.11544999999999545
723,2,0.5,0.07849999999999951
723,4,0.5,0.055100000000001065
723,8,0.5,0.05605000000000109
724,1,0.5,0.11804999999999516
724,2,0.5,0.08634999999999865
724,4,0.5,0.059350000000001187
724,8,0.5,0.04310000000000072
725,1,0.5,0.12889999999999396
725,2,0.5,0.055100000000001065
725,4,0.5,0.046750000000000826
725,8,0.5,0.03510000000000049
726,1,0.5,0.10149999999999698
726,2,0.5,0.06185000000000126
726,4,0.5,0.04830000000000087
726,8,0.5,0.04310000000000072
727,1,0.5,0.09184999999999804
727,2,0.5,0.05555000000000108
727,4,0.5,0.04505000000000078
727,8,0.5,0.03330000000000044
728,1,0.5,0.10079999999999706
728,2,0.5,0.0563500000000011
728,4,0.5,0.055850000000001086
728,8,0.5,0.04200000000000069
729,1,0.5,0.10649999999999643
729,2,0.5,0.0795499999999994
729,4,0.5,0.052300000000000985
729,8,0.5,0.034500000000000475
730,1,0.5,0.10064999999999708
730,2,0.5,0.07814999999999955
730,4,0.5,0.04825000000000087
730,8,0.5,0.04135000000000067
731,1,0.5,0.09249999999999797
731,2,0.5,0.05535000000000107
731,4,0.5,0.038650000000000594
731,8,0.5,0.030750000000000367
732,1,0.5,0.07365000000000005
732,2,0.5,0.07170000000000026
732,4,0.5,0.0564500000000011
732,8,0.5,0.02910000000000032
733,1,0.5,0.1213499999999948
733,2,0.5,0.09394999999999781
733,4,0.5,0.07345000000000007
733,8,0.5,0.03715000000000055
734,1,0.5,0.11629999999999535
734,2,0.5,0.07130000000000031
734,4,0.5,0.049150000000000894
734,8,0.5,0.04015000000000064
735,1,0.5,0.11289999999999573
735,2,0.5,0.05885000000000117
735,4,0.5,0.047450000000000846
735,8,0.5,0.03705000000000055
736,1,0.5,0.10259999999999686
736,2,0.5,0.057950000000001146
736,4,0.5,0.05215000000000098
736,8,0.5,0.03020000000000035
737,1,0.5,0.10894999999999616
737,2,0.5,0.05665000000000111
737,4,0.5,0.04895000000000089
737,8,0.5,0.03650000000000053
738,1,0.5,0.11379999999999563
738,2,0.5,0.05780000000000114
738,4,0.5,0.03745000000000056
738,8,0.5,0.03705000000000055
739,1,0.5,0.09004999999999824
739,2,0.5,0.08689999999999859
739,4,0.5,0.04770000000000085
739,8,0.5,0.0353500000000005
740,1,0.5,0.11509999999999548
740,2,0.5,0.10214999999999691
740,4,0.5,0.0493000000000009
740,8,0.5,0.035250000000000496
741,1,0.5,0.10519999999999657
741,2,0.5,0.07005000000000045
741,4,0.5,0.0631500000000012
741,8,0.5,0.039700000000000624
742,1,0.5,0.09894999999999726
742,2,0.5,0.06935000000000052
742,4,0.5,0.0457500000000008
742,8,0.5,0.036900000000000543
743,1,0.5,0.12424999999999448
743,2,0.5,0.08469999999999883
743,4,0.5,0.04485000000000077
743,8,0.5,0.05150000000000096
744,1,0.5,0.10914999999999614
744,2,0.5,0.07165000000000027
744,4,0.5,0.04765000000000085
744,8,0.5,0.04340000000000073
745,1,0.5,0.12084999999999485
745,2,0.5,0.08309999999999901
745,4,0.5,0.0458000000000008
745,8,0.5,0.02905000000000032
746,1,0.5,0.1185999999999951
746,2,0.5,0.06025000000000121
746,4,0.5,0.04765000000000085
746,8,0.5,0.03985000000000063
747,1,0.5,0.1176499999999952
747,2,0.5,0.0641500000000011
747,4,0.5,0.05395000000000103
747,8,0.5,0.04025000000000064
748,1,0.5,0.12734999999999413
748,2,0.5,0.07464999999999994
748,4,0.5,0.04715000000000084
748,8,0.5,0.0424500000000007
749,1,0.5,0.08449999999999885
749,2,0.5,0.06260000000000127
749,4,0.5,0.04870000000000088
749,8,0.5,0.036900000000000543
750,1,0.5,0.11639999999999534
750,2,0.5,0.062450000000001275
750,4,0.5,0.04965000000000091
750,8,0.5,0.03445000000000047
751,1,0.5,0.13019999999999382
751,2,0.5,0.07509999999999989
751,4,0.5,0.06510000000000099
751,8,0.5,0.037250000000000554
752,1,0.5,0.10714999999999636
752,2,0.5,0.06985000000000047
752,4,0.5,0.04315000000000072
752,8,0.5,0.04510000000000078
753,1,0.5,0.09489999999999771
753,2,0.5,0.06425000000000108
753,4,0.5,0.03955000000000062
753,8,0.5,0.03445000000000047
754,1,0.5,0.11254999999999576
754,2,0.5,0.07939999999999942
754,4,0.5,0.06720000000000076
754,8,0.5,0.04160000000000068
755,1,0.5,0.08969999999999828
755,2,0.5,0.06715000000000076
755,4,0.5,0.05225000000000098
755,8,0.5,0.033100000000000435
756,1,0.5,0.11774999999999519
756,2,0.5,0.058550000000001164
756,4,0.5,0.04490000000000077
756,8,0.5,0.053000000000001005
757,1,0.5,0.11069999999999597
757,2,0.5,0.05945000000000119
757,4,0.5,0.04270000000000071
757,8,0.5,0.03640000000000053
758,1,0.5,0.128449999999994
758,2,0.5,0.092199999999998
758,4,0.5,0.04830000000000087
758,8,0.5,0.03990000000000063
759,1,0.5,0.08729999999999855
759,2,0.5,0.058650000000001166
759,4,0.5,0.05075000000000094
759,8,0.5,0.03580000000000051
760,1,0.5,0.10579999999999651
760,2,0.5,0.05350000000000102
760,4,0.5,0.03960000000000062
760,8,0.5,0.0319500000000004
761,1,0.5,0.10164999999999697
761,2,0.5,0.07065000000000038
761,4,0.5,0.04095000000000066
761,8,0.5,0.03285000000000043
762,1,0.5,0.11184999999999584
762,2,0.5,0.06615000000000087
762,4,0.5,0.05120000000000095
762,8,0.5,0.03115000000000038
763,1,0.5,0.1139999999999956
763,2,0.5,0.07609999999999978
763,4,0.5,0.05015000000000092
763,8,0.5,0.03925000000000061
764,1,0.5,0.11504999999999549
764,2,0.5,0.06835000000000063
764,4,0.5,0.04420000000000075
764,8,0.5,0.036950000000000545
765,1,0.5,0.10464999999999663
765,2,0.5,0.08649999999999863
765,4,0.5,0.06015000000000121
765,8,0.5,0.03165000000000039
766,1,0.5,0.10914999999999614
766,2,0.5,0.058650000000001166
766,4,0.5,0.058650000000001166
766,8,0.5,0.033850000000000456
767,1,0.5,0.09649999999999753
767,2,0.5,0.05420000000000104
767,4,0.5,0.048800000000000884
767,8,0.5,0.03635000000000053
768,1,0.5,0.14334999999999237
768,2,0.5,0.07764999999999961
768,4,0.5,0.046700000000000824
768,8,0.5,0.04265000000000071
769,1,0.5,0.09634999999999755
769,2,0.5,0.05775000000000114
769,4,0.5,0.0459500000000008
769,8,0.5,0.04415000000000075
770,1,0.5,0.0931499999999979
770,2,0.5,0.061400000000001245
770,4,0.5,0.050200000000000924
770,8,0.5,0.0318500000000004
771,1,0.5,0.08829999999999844
771,2,0.5,0.08179999999999915
771,4,0.5,0.042500000000000704
771,8,0.5,0.034500000000000475
772,1,0.5,0.10299999999999682
772,2,0.5,0.08839999999999842
772,4,0.5,0.05665000000000111
772,8,0.5,0.03655000000000053
773,1,0.5,0.1031999999999968
773,2,0.5,0.08429999999999888
773,4,0.5,0.04855000000000088
773,8,0.5,0.038750000000000596
774,1,0.5,0.11974999999999497
774,2,0.5,0.09254999999999797
774,4,0.5,0.04800000000000086
774,8,0.5,0.0388500000000006
775,1,0.5,0.09369999999999784
775,2,0.5,0.05810000000000115
775,4,0.5,0.05070000000000094
775,8,0.5,0.03600000000000052
776,1,0.5,0.11434999999999557
776,2,0.5,0.057500000000001134
776,4,0.5,0.03990000000000063
776,8,0.5,0.03955000000000062
777,1,0.5,0.10524999999999657
777,2,0.5,0.08434999999999887
777,4,0.5,0.06390000000000112
777,8,0.5,0.06435000000000107
778,1,0.5,0.12619999999999426
778,2,0.5,0.0714000000000003
778,4,0.5,0.04835000000000087
778,8,0.5,0.040400000000000644
779,1,0.5,0.1531999999999913
779,2,0.5,0.07514999999999988
779,4,0.5,0.038650000000000594
779,8,0.5,0.03120000000000038
780,1,0.5,0.11429999999999557
780,2,0.5,0.06125000000000124
780,4,0.5,0.06445000000000106
780,8,0.5,0.0458000000000008
781,1,0.5,0.09444999999999776
781,2,0.5,0.059950000000001204
781,4,0.5,0.0494000000000009
781,8,0.5,0.042150000000000694
782,1,0.5,0.10554999999999654
782,2,0.5,0.06300000000000122
782,4,0.5,0.057900000000001145
782,8,0.5,0.03655000000000053
783,1,0.5,0.12114999999999482
783,2,0.5,0.057150000000001124
783,4,0.5,0.043250000000000725
783,8,0.5,0.03400000000000046
784,1,0.5,0.09069999999999817
784,2,0.5,0.05605000000000109
784,4,0.5,0.04195000000000069
784,8,0.5,0.03670000000000054
785,1,0.5,0.09164999999999807
785,2,0.5,0.06645000000000084
785,4,0.5,0.05460000000000105
785,8,0.5,0.030600000000000363
786,1,0.5,0.0967499999999975
786,2,0.5,0.05105000000000095
786,4,0.5,0.045300000000000784
786,8,0.5,0.03950000000000062
787,1,0.5,0.1094999999999961
787,2,0.5,0.062450000000001275
787,4,0.5,0.04725000000000084
787,8,0.5,0.035600000000000506
788,1,0.5,0.10879999999999618
788,2,0.5,0.09104999999999813
788,4,0.5,0.05565000000000108
788,8,0.5,0.04205000000000069
789,1,0.5,0.1140499999999956
789,2,0.5,0.059250000000001184
789,4,0.5,0.044300000000000755
789,8,0.5,0.03605000000000052
790,1,0.5,0.1058499999999965
790,2,0.5,0.07909999999999945
790,4,0.5,0.05955000000000119
790,8,0.5,0.03780000000000057
791,1,0.5,0.1049999999999966
791,2,0.5,0.1049999999999966
791,4,0.5,0.052300000000000985
791,8,0.5,0.03720000000000055
792,1,0.5,0.1067499999999964
792,2,0.5,0.05430000000000104
792,4,0.5,0.047450000000000846
792,8,0.5,0.03685000000000054
793,1,0.5,0.08634999999999865
793,2,0.5,0.053000000000001005
793,4,0.5,0.042150000000000694
793,8,0.5,0.03410000000000046
794,1,0.5,0.12189999999999473
794,2,0.5,0.08524999999999877
794,4,0.5,0.051650000000000966
794,8,0.5,0.037000000000000546
795,1,0.5,0.10549999999999654
795,2,0.5,0.08794999999999847
795,4,0.5,0.04825000000000087
795,8,0.5,0.040050000000000634
796,1,0.5,0.12209999999999471
796,2,0.5,0.0597500000000012
796,4,0.5,0.04340000000000073
796,8,0.5,0.03400000000000046
797,1,0.5,0.12534999999999435
797,2,0.5,0.07524999999999987
797,4,0.5,0.04205000000000069
797,8,0.5,0.04270000000000071
798,1,0.5,0.10074999999999706
798,2,0.5,0.06690000000000079
798,4,0.5,0.056800000000001113
798,8,0.5,0.031050000000000376
799,1,0.5,0.11099999999999594
799,2,0.5,0.0877499999999985
799,4,0.5,0.048450000000000874
799,8,0.5,0.032050000000000405
800,1,0.5,0.09159999999999807
800,2,0.5,0.06090000000000123
800,4,0.5,0.048500000000000876
800,8,0.5,0.02905000000000032
801,1,0.5,0.08894999999999836
801,2,0.5,0.056900000000001116
801,4,0.5,0.04910000000000089
801,8,0.5,0.033500000000000446
802,1,0.5,0.09464999999999774
802,2,0.5,0.057850000000001144
802,4,0.5,0.049550000000000906
802,8,0.5,0.03580000000000051
803,1,0.5,0.11524999999999547
803,2,0.5,0.05570000000000108
803,4,0.5,0.047750000000000854
803,8,0.5,0.04000000000000063
804,1,0.5,0.11889999999999507
804,2,0.5,0.06905000000000056
804,4,0.5,0.045350000000000786
804,8,0.5,0.03720000000000055
805,1,0.5,0.0968499999999975
805,2,0.5,0.055850000000001086
805,4,0.5,0.07015000000000043
805,8,0.5,0.04365000000000074
806,1,0.5,0.1040999999999967
806,2,0.5,0.05675000000000111
806,4,0.5,0.04795000000000086
806,8,0.5,0.03285000000000043
807,1,0.5,0.09194999999999803
807,2,0.5,0.062050000000001264
807,4,0.5,0.05525000000000107
807,8,0.5,0.030300000000000354
808,1,0.5,0.08784999999999848
808,2,0.5,0.06510000000000099
808,4,0.5,0.047400000000000844
808,8,0.5,0.038650000000000594
809,1,0.5,0.10639999999999644
809,2,0.5,0.05495000000000106
809,4,0.5,0.04890000000000089
809,8,0.5,0.04205000000000069
810,1,0.5,0.10354999999999676
810,2,0.5,0.06565000000000093
810,4,0.5,0.060300000000001214
810,8,0.5,0.033800000000000455
811,1,0.5,0.09649999999999753
811,2,0.5,0.05490000000000106
811,4,0.5,0.04055000000000065
811,8,0.5,0.03320000000000044
812,1,0.5,0.15744999999999082
812,2,0.5,0.07784999999999959
812,4,0.5,0.041450000000000674
812,8,0.5,0.04280000000000071
813,1,0.5,0.10079999999999706
813,2,0.5,0.05560000000000108
813,4,0.5,0.039400000000000615
813,8,0.5,0.03010000000000035
814,1,0.5,0.10239999999999688
814,2,0.5,0.05770000000000114
814,4,0.5,0.044300000000000755
814,8,0.5,0.030350000000000356
815,1,0.5,0.09459999999999774
815,2,0.5,0.06300000000000122
815,4,0.5,0.0641500000000011
815,8,0.5,0.04805000000000086
816,1,0.5,0.11814999999999515
816,2,0.5,0.06560000000000094
816,4,0.5,0.03990000000000063
816,8,0.5,0.03990000000000063
817,1,0.5,0.11229999999999579
817,2,0.5,0.06020000000000121
817,4,0.5,0.05575000000000108
817,8,0.5,0.035950000000000516
818,1,0.5,0.119499999999995
818,2,0.5,0.07220000000000021
818,4,0.5,0.04895000000000089
818,8,0.5,0.038750000000000596
819,1,0.5,0.10089999999999705
819,2,0.5,0.05595000000000109
819,4,0.5,0.039700000000000624
819,8,0.5,0.03635000000000053
820,1,0.5,0.11464999999999553
820,2,0.5,0.07689999999999969
820,4,0.5,0.05185000000000097
820,8,0.5,0.03745000000000056
821,1,0.5,0.12204999999999472
821,2,0.5,0.09299999999999792
821,4,0.5,0.049500000000000904
821,8,0.5,0.03505000000000049
822,1,0.5,0.1358999999999932
822,2,0.5,0.0705000000000004
822,4,0.5,0.04855000000000088
822,8,0.5,0.03775000000000057
823,1,0.5,0.12384999999999452
823,2,0.5,0.06010000000000121
823,4,0.5,0.05145000000000096
823,8,0.5,0.03570000000000051
824,1,0.5,0.10269999999999685
824,2,0.5,0.08464999999999884
824,4,0.5,0.04865000000000088
824,8,0.5,0.04065000000000065
825,1,0.5,0.08274999999999905
825,2,0.5,0.0564500000000011
825,4,0.5,0.0424500000000007
825,8,0.5,0.03265000000000042
826,1,0.5,0.10934999999999612
826,2,0.5,0.10934999999999612
826,4,0.5,0.059250000000001184
826,8,0.5,0.04445000000000076
827,1,0.5,0.1266999999999942
827,2,0.5,0.07145000000000029
827,4,0.5,0.048100000000000864
827,8,0.5,0.036600000000000535
828,1,0.5,0.11069999999999597
828,2,0.5,0.0563500000000011
828,4,0.5,0.04790000000000086
828,8,0.5,0.03860000000000059
829,1,0.5,0.09904999999999725
829,2,0.5,0.048850000000000886
829,4,0.5,0.04440000000000076
829,8,0.5,0.036950000000000545
830,1,0.5,0.09934999999999722
830,2,0.5,0.07030000000000042
830,4,0.5,0.04485000000000077
830,8,0.5,0.035200000000000495
831,1,0.5,0.10334999999999678
831,2,0.5,0.07564999999999983
831,4,0.5,0.058600000000001165
831,8,0.5,0.0492500000000009
832,1,0.5,0.10819999999999624
832,2,0.5,0.07360000000000005
832,4,0.5,0.04755000000000085
832,8,0.5,0.039050000000000605
833,1,0.5,0.12194999999999473
833,2,0.5,0.07030000000000042
833,4,0.5,0.04510000000000078
833,8,0.5,0.03255000000000042
834,1,0.5,0.11634999999999535
834,2,0.5,0.07105000000000034
834,4,0.5,0.06765000000000071
834,8,0.5,0.04760000000000085
835,1,0.5,0.11939999999999501
835,2,0.5,0.05940000000000119
835,4,0.5,0.04770000000000085
835,8,0.5,0.03480000000000048
836,1,0.5,0.11894999999999506
836,2,0.5,0.06155000000000125
836,4,0.5,0.04695000000000083
836,8,0.5,0.037300000000000555
837,1,0.5,0.1040499999999967
837,2,0.5,0.07699999999999968
837,4,0.5,0.06060000000000122
837,8,0.5,0.03585000000000051
838,1,0.5,0.11639999999999534
838,2,0.5,0.09239999999999798
838,4,0.5,0.0632000000000012
838,8,0.5,0.044650000000000765
839,1,0.5,0.10779999999999629
839,2,0.5,0.07055000000000039
839,4,0.5,0.048500000000000876
839,8,0.5,0.03645000000000053
840,1,0.5,0.11429999999999557
840,2,0.5,0.06635000000000085
840,4,0.5,0.0459000000000008
840,8,0.5,0.03855000000000059
841,1,0.5,0.10144999999999699
841,2,0.5,0.05390000000000103
841,4,0.5,0.04160000000000068
841,8,0.5,0.03390000000000046
842,1,0.5,0.14189999999999253
842,2,0.5,0.06700000000000078
842,4,0.5,0.046050000000000806
842,8,0.5,0.03285000000000043
843,1,0.5,0.10434999999999667
843,2,0.5,0.05450000000000105
843,4,0.5,0.04760000000000085
843,8,0.5,0.0388000000000006
844,1,0.5,0.10209999999999692
844,2,0.5,0.07025000000000042
844,4,0.5,0.043200000000000724
844,8,0.5,0.03515000000000049
845,1,0.5,0.09844999999999732
845,2,0.5,0.06970000000000048
845,4,0.5,0.059300000000001185
845,8,0.5,0.03370000000000045
846,1,0.5,0.1094499999999961
846,2,0.5,0.060650000000001224
846,4,0.5,0.05065000000000094
846,8,0.5,0.04895000000000089
847,1,0.5,0.10189999999999694
847,2,0.5,0.060300000000001214
847,4,0.5,0.045700000000000796
847,8,0.5,0.03705000000000055
848,1,0.5,0.09024999999999822
848,2,0.5,0.07804999999999956
848,4,0.5,0.04200000000000069
848,8,0.5,0.04650000000000082
849,1,0.5,0.12109999999999482
849,2,0.5,0.06015000000000121
849,4,0.5,0.0597500000000012
849,8,0.5,0.03500000000000049
850,1,0.5,0.10374999999999673
850,2,0.5,0.07000000000000045
850,4,0.5,0.04865000000000088
850,8,0.5,0.038350000000000585
851,1,0.5,0.1004499999999971
851,2,0.5,0.0904499999999982
851,4,0.5,0.05395000000000103
851,8,0.5,0.046350000000000814
852,1,0.5,0.10094999999999704
852,2,0.5,0.08059999999999928
852,4,0.5,0.047400000000000844
852,8,0.5,0.0354500000000005
853,1,0.5,0.10104999999999703
853,2,0.5,0.06560000000000094
853,4,0.5,0.043550000000000734
853,8,0.5,0.043550000000000734
854,1,0.5,0.08659999999999862
854,2,0.5,0.05350000000000102
854,4,0.5,0.04870000000000088
854,8,0.5,0.037600000000000564
855,1,0.5,0.1149499999999955
855,2,0.5,0.060350000000001215
855,4,0.5,0.0423500000000007
855,8,0.5,0.03615000000000052
856,1,0.5,0.11789999999999518
856,2,0.5,0.06295000000000123
856,4,0.5,0.05485000000000106
856,8,0.5,0.03585000000000051
857,1,0.5,0.09979999999999717
857,2,0.5,0.058900000000001174
857,4,0.5,0.04665000000000082
857,8,0.5,0.03605000000000052
858,1,0.5,0.11144999999999589
858,2,0.5,0.06250000000000128
858,4,0.5,0.04895000000000089
858,8,0.5,0.03405000000000046
859,1,0.5,0.09874999999999728
859,2,0.5,0.06605000000000089
859,4,0.5,0.051600000000000965
859,8,0.5,0.031400000000000386
860,1,0.5,0.1203999999999949
860,2,0.5,0.061000000000001234
860,4,0.5,0.05385000000000103
860,8,0.5,0.046700000000000824
861,1,0.5,0.1329999999999935
861,2,0.5,0.06115000000000124
861,4,0.5,0.04155000000000068
861,8,0.5,0.037700000000000566
862,1,0.5,0.09824999999999734
862,2,0.5,0.06565000000000093
862,4,0.5,0.048150000000000866
862,8,0.5,0.04190000000000069
863,1,0.5,0.10979999999999607
863,2,0.5,0.0641000000000011
863,4,0.5,0.0423500000000007
863,8,0.5,0.037000000000000546
864,1,0.5,0.08239999999999909
864,2,0.5,0.06050000000000122
864,4,0.5,0.052750000000001
864,8,0.5,0.04560000000000079
865,1,0.5,0.12209999999999471
865,2,0.5,0.08419999999999889
865,4,0.5,0.05420000000000104
865,8,0.5,0.034500000000000475
866,1,0.5,0.12009999999999493
866,2,0.5,0.06535000000000096
866,4,0.5,0.0424000000000007
866,8,0.5,0.034200000000000466
867,1,0.5,0.11049999999999599
867,2,0.5,0.07804999999999956
867,4,0.5,0.04625000000000081
867,8,0.5,0.035200000000000495
868,1,0.5,0.1266499999999942
868,2,0.5,0.06165000000000125
868,4,0.5,0.05140000000000096
868,8,0.5,0.0354500000000005
869,1,0.5,0.09369999999999784
869,2,0.5,0.048150000000000866
869,4,0.5,0.041150000000000665
869,8,0.5,0.03285000000000043
870,1,0.5,0.11529999999999546
870,2,0.5,0.05745000000000113
870,4,0.5,0.04435000000000076
870,8,0.5,0.03720000000000055
871,1,0.5,0.10724999999999635
871,2,0.5,0.059600000000001194
871,4,0.5,0.055450000000001075
871,8,0.5,0.041450000000000674
872,1,0.5,0.1076999999999963
872,2,0.5,0.08054999999999929
872,4,0.5,0.047100000000000836
872,8,0.5,0.04300000000000072
873,1,0.5,0.12144999999999478
873,2,0.5,0.059600000000001194
873,4,0.5,0.03990000000000063
873,8,0.5,0.03410000000000046
874,1,0.5,0.10564999999999652
874,2,0.5,0.06655000000000083
874,4,0.5,0.04435000000000076
874,8,0.5,0.039000000000000604
875,1,0.5,0.10929999999999612
875,2,0.5,0.09094999999999814
875,4,0.5,0.0494000000000009
875,8,0.5,0.0354500000000005
876,1,0.5,0.11024999999999602
876,2,0.5,0.11024999999999602
876,4,0.5,0.05610000000000109
876,8,0.5,0.03645000000000053
877,1,0.5,0.10984999999999606
877,2,0.5,0.07614999999999977
877,4,0.5,0.0423500000000007
877,8,0.5,0.03325000000000044
878,1,0.5,0.11814999999999515
878,2,0.5,0.06180000000000126
878,4,0.5,0.037000000000000546
878,8,0.5,0.03650000000000053
879,1,0.5,0.08464999999999884
879,2,0.5,0.08024999999999932
879,4,0.5,0.04480000000000077
879,8,0.5,0.0388500000000006
880,1,0.5,0.11799999999999516
880,2,0.5,0.07654999999999973
880,4,0.5,0.05705000000000112
880,8,0.5,0.03815000000000058
881,1,0.5,0.11784999999999518
881,2,0.5,0.06965000000000049
881,4,0.5,0.05535000000000107
881,8,0.5,0.03390000000000046
882,1,0.5,0.11389999999999562
882,2,0.5,0.08569999999999872
882,4,0.5,0.045350000000000786
882,8,0.5,0.03785000000000057
883,1,0.5,0.0894999999999983
883,2,0.5,0.057150000000001124
883,4,0.5,0.053700000000001025
883,8,0.5,0.035250000000000496
884,1,0.5,0.11909999999999504
884,2,0.5,0.058600000000001165
884,4,0.5,0.04730000000000084
884,8,0.5,0.02880000000000031
885,1,0.5,0.10524999999999657
885,2,0.5,0.059350000000001187
885,4,0.5,0.05050000000000093
885,8,0.5,0.03605000000000052
886,1,0.5,0.11239999999999578
886,2,0.5,0.06615000000000087
886,4,0.5,0.047400000000000844
886,8,0.5,0.03470000000000048
887,1,0.5,0.11969999999999498
887,2,0.5,0.0722500000000002
887,4,0.5,0.06765000000000071
887,8,0.5,0.04310000000000072
888,1,0.5,0.09539999999999765
888,2,0.5,0.06215000000000127
888,4,0.5,0.05000000000000092
888,8,0.5,0.039400000000000615
889,1,0.5,0.11434999999999557
889,2,0.5,0.08804999999999846
889,4,0.5,0.05035000000000093
889,8,0.5,0.03360000000000045
890,1,0.5,0.10269999999999685
890,2,0.5,0.05955000000000119
890,4,0.5,0.04470000000000077
890,8,0.5,0.04035000000000064
891,1,0.5,0.12549999999999434
891,2,0.5,0.08969999999999828
891,4,0.5,0.07964999999999939
891,8,0.5,0.041850000000000685
892,1,0.5,0.08059999999999928
892,2,0.5,0.07255000000000017
892,4,0.5,0.05045000000000093
892,8,0.5,0.03580000000000051
893,1,0.5,0.10989999999999606
893,2,0.5,0.05815000000000115
893,4,0.5,0.05255000000000099
893,8,0.5,0.043200000000000724
894,1,0.5,0.11114999999999592
894,2,0.5,0.11114999999999592
894,4,0.5,0.06250000000000128
894,8,0.5,0.03810000000000058
895,1,0.5,0.1240499999999945
895,2,0.5,0.06375000000000114
895,4,0.5,0.04085000000000066
895,8,0.5,0.033850000000000456
896,1,0.5,0.09574999999999761
896,2,0.5,0.05380000000000103
896,4,0.5,0.048500000000000876
896,8,0.5,0.04375000000000074
897,1,0.5,0.10659999999999642
897,2,0.5,0.05880000000000117
897,4,0.5,0.042550000000000705
897,8,0.5,0.03565000000000051
898,1,0.5,0.11094999999999594
898,2,0.5,0.08854999999999841
898,4,0.5,0.04905000000000089
898,8,0.5,0.03775000000000057
899,1,0.5,0.12374999999999453
899,2,0.5,0.060650000000001224
899,4,0.5,0.044300000000000755
899,8,0.5,0.03705000000000055
900,1,0.5,0.10419999999999668
900,2,0.5,0.05880000000000117
900,4,0.5,0.05420000000000104
900,8,0.5,0.038000000000000575
901,1,0.5,0.11239999999999578
901,2,0.5,0.05595000000000109
901,4,0.5,0.05150000000000096
901,8,0.5,0.032800000000000426
902,1,0.5,0.1076999999999963
902,2,0.5,0.06340000000000118
902,4,0.5,0.04855000000000088
902,8,0.5,0.04020000000000064
903,1,0.5,0.1095499999999961
903,2,0.5,0.09114999999999812
903,4,0.5,0.05315000000000101
903,8,0.5,0.04130000000000067
904,1,0.5,0.12209999999999471
904,2,0.5,0.062050000000001264
904,4,0.5,0.04380000000000074
904,8,0.5,0.039450000000000617
905,1,0.5,0.10489999999999661
905,2,0.5,0.05455000000000105
905,4,0.5,0.05455000000000105
905,8,0.5,0.03495000000000049
906,1,0.5,0.10064999999999708
906,2,0.5,0.07265000000000016
906,4,0.5,0.06895000000000057
906,8,0.5,0.04295000000000072
907,1,0.5,0.1230999999999946
907,2,0.5,0.05910000000000118
907,4,0.5,0.05500000000000106
907,8,0.5,0.03980000000000063
908,1,0.5,0.1239999999999945
908,2,0.5,0.07205000000000022
908,4,0.5,0.052000000000000976
908,8,0.5,0.04765000000000085
909,1,0.5,0.10459999999999664
909,2,0.5,0.09484999999999771
909,4,0.5,0.04730000000000084
909,8,0.5,0.03390000000000046
910,1,0.5,0.10329999999999678
910,2,0.5,0.061700000000001254
910,4,0.5,0.04030000000000064
910,8,0.5,0.043550000000000734
911,1,0.5,0.10464999999999663
911,2,0.5,0.05595000000000109
911,4,0.5,0.04620000000000081
911,8,0.5,0.0353500000000005
912,1,0.5,0.10804999999999626
912,2,0.5,0.06025000000000121
912,4,0.5,0.05215000000000098
912,8,0.5,0.03445000000000047
913,1,0.5,0.11919999999999503
913,2,0.5,0.06915000000000054
913,4,0.5,0.04095000000000066
913,8,0.5,0.037250000000000554
914,1,0.5,0.1140999999999956
914,2,0.5,0.09114999999999812
914,4,0.5,0.05145000000000096
914,8,0.5,0.035550000000000505
915,1,0.5,0.11104999999999593
915,2,0.5,0.08029999999999932
915,4,0.5,0.0564000000000011
915,8,0.5,0.03580000000000051
916,1,0.5,0.09504999999999769
916,2,0.5,0.06310000000000121
916,4,0.5,0.060350000000001215
916,8,0.5,0.053400000000001016
917,1,0.5,0.10479999999999662
917,2,0.5,0.0749499999999999
917,4,0.5,0.05180000000000097
917,8,0.5,0.0388500000000006
918,1,0.5,0.11029999999999601
918,2,0.5,0.08474999999999883
918,4,0.5,0.06845000000000062
918,8,0.5,0.03815000000000058
919,1,0.5,0.10549999999999654
919,2,0.5,0.07380000000000003
919,4,0.5,0.05815000000000115
919,8,0.5,0.039050000000000605
920,1,0.5,0.08849999999999841
920,2,0.5,0.07529999999999987
920,4,0.5,0.04855000000000088
920,8,0.5,0.043550000000000734
921,1,0.5,0.12324999999999459
921,2,0.5,0.07799999999999957
921,4,0.5,0.04330000000000073
921,8,0.5,0.030050000000000347
922,1,0.5,0.11284999999999573
922,2,0.5,0.06055000000000122
922,4,0.5,0.04665000000000082
922,8,0.5,0.035950000000000516
923,1,0.5,0.10424999999999668
923,2,0.5,0.06225000000000127
923,4,0.5,0.06225000000000127
923,8,0.5,0.03655000000000053
924,1,0.5,0.09664999999999752
924,2,0.5,0.08219999999999911
924,4,0.5,0.058200000000001154
924,8,0.5,0.04350000000000073
925,1,0.5,0.09439999999999776
925,2,0.5,0.060000000000001205
925,4,0.5,0.048450000000000874
925,8,0.5,0.0354000000000005
926,1,0.5,0.11714999999999526
926,2,0.5,0.07085000000000036
926,4,0.5,0.05365000000000102
926,8,0.5,0.04545000000000079
927,1,0.5,0.10329999999999678
927,2,0.5,0.09639999999999754
927,4,0.5,0.049850000000000914
927,8,0.5,0.03335000000000044
928,1,0.5,0.12359999999999455
928,2,0.5,0.060700000000001225
928,4,0.5,0.05080000000000094
928,8,0.5,0.043250000000000725
929,1,0.5,0.10284999999999683
929,2,0.5,0.05415000000000104
929,4,0.5,0.041800000000000684
929,8,0.5,0.03215000000000041
930,1,0.5,0.10209999999999692
930,2,0.5,0.05670000000000111
930,4,0.5,0.045300000000000784
930,8,0.5,0.03400000000000046
931,1,0.5,0.10829999999999623
931,2,0.5,0.061350000000001244
931,4,0.5,0.04630000000000081
931,8,0.5,0.04170000000000068
932,1,0.5,0.10194999999999693
932,2,0.5,0.05575000000000108
932,4,0.5,0.04625000000000081
932,8,0.5,0.037350000000000556
933,1,0.5,0.09979999999999717
933,2,0.5,0.08289999999999903
933,4,0.5,0.06165000000000125
933,8,0.5,0.03505000000000049
934,1,0.5,0.11189999999999584
934,2,0.5,0.06180000000000126
934,4,0.5,0.033800000000000455
934,8,0.5,0.02975000000000034
935,1,0.5,0.11989999999999496
935,2,0.5,0.05780000000000114
935,4,0.5,0.04260000000000071
935,8,0.5,0.03430000000000047
936,1,0.5,0.11849999999999511
936,2,0.5,0.07290000000000013
936,4,0.5,0.07295000000000013
936,8,0.5,0.050550000000000934
937,1,0.5,0.1031999999999968
937,2,0.5,0.06045000000000122
937,4,0.5,0.04120000000000067
937,8,0.5,0.034900000000000486
938,1,0.5,0.10094999999999704
938,2,0.5,0.05885000000000117
938,4,0.5,0.047800000000000856
938,8,0.5,0.037600000000000564
939,1,0.5,0.10909999999999614
939,2,0.5,0.07075000000000037
939,4,0.5,0.054050000000001035
939,8,0.5,0.033800000000000455
940,1,0.5,0.09659999999999752
940,2,0.5,0.08544999999999875
940,4,0.5,0.045300000000000784
940,8,0.5,0.03750000000000056
941,1,0.5,0.10304999999999681
941,2,0.5,0.057150000000001124
941,4,0.5,0.04445000000000076
941,8,0.5,0.03270000000000042
942,1,0.5,0.10054999999999709
942,2,0.5,0.05950000000000119
942,4,0.5,0.044250000000000754
942,8,0.5,0.0354000000000005
943,1,0.5,0.11684999999999529
943,2,0.5,0.06330000000000119
943,4,0.5,0.05105000000000095
943,8,0.5,0.03425000000000047
944,1,0.5,0.12069999999999487
944,2,0.5,0.06480000000000102
944,4,0.5,0.05100000000000095
944,8,0.5,0.03685000000000054
945,1,0.5,0.10254999999999687
945,2,0.5,0.07434999999999997
945,4,0.5,0.04455000000000076
945,8,0.5,0.03125000000000038
946,1,0.5,0.11239999999999578
946,2,0.5,0.08929999999999833
946,4,0.5,0.048850000000000886
946,8,0.5,0.0458000000000008
947,1,0.5,0.09659999999999752
947,2,0.5,0.0687000000000006
947,4,0.5,0.044950000000000774
947,8,0.5,0.032050000000000405
948,1,0.5,0.11714999999999526
948,2,0.5,0.09509999999999769
948,4,0.5,0.05470000000000105
948,8,0.5,0.03815000000000058
949,1,0.5,0.11259999999999576
949,2,0.5,0.05670000000000111
949,4,0.5,0.06540000000000096
949,8,0.5,0.03620000000000052
950,1,0.5,0.12699999999999417
950,2,0.5,0.06225000000000127
950,4,0.5,0.05100000000000095
950,8,0.5,0.040800000000000655
951,1,0.5,0.11419999999999558
951,2,0.5,0.06700000000000078
951,4,0.5,0.047100000000000836
951,8,0.5,0.03950000000000062
952,1,0.5,0.11084999999999595
952,2,0.5,0.05540000000000107
952,4,0.5,0.04480000000000077
952,8,0.5,0.04265000000000071
953,1,0.5,0.10749999999999632
953,2,0.5,0.05770000000000114
953,4,0.5,0.058900000000001174
953,8,0.5,0.04420000000000075
954,1,0.5,0.12449999999999445
954,2,0.5,0.08109999999999923
954,4,0.5,0.04995000000000092
954,8,0.5,0.033500000000000446
955,1,0.5,0.12229999999999469
955,2,0.5,0.05870000000000117
955,4,0.5,0.04890000000000089
955,8,0.5,0.03150000000000039
956,1,0.5,0.092199999999998
956,2,0.5,0.05310000000000101
956,4,0.5,0.05010000000000092
956,8,0.5,0.03600000000000052
957,1,0.5,0.14054999999999268
957,2,0.5,0.0686500000000006
957,4,0.5,0.04410000000000075
957,8,0.5,0.0354500000000005
958,1,0.5,0.10439999999999666
958,2,0.5,0.08744999999999853
958,4,0.5,0.04335000000000073
958,8,0.5,0.0388500000000006
959,1,0.5,0.10164999999999697
959,2,0.5,0.05205000000000098
959,4,0.5,0.04085000000000066
959,8,0.5,0.03600000000000052
960,1,0.5,0.10289999999999683
960,2,0.5,0.06700000000000078
960,4,0.5,0.04785000000000086
960,8,0.5,0.03810000000000058
961,1,0.5,0.09999999999999715
961,2,0.5,0.052000000000000976
961,4,0.5,0.04790000000000086
961,8,0.5,0.03600000000000052
962,1,0.5,0.11109999999999592
962,2,0.5,0.06355000000000116
962,4,0.5,0.04750000000000085
962,8,0.5,0.03425000000000047
963,1,0.5,0.11739999999999523
963,2,0.5,0.07400000000000001
963,4,0.5,0.041500000000000675
963,8,0.5,0.034900000000000486
964,1,0.5,0.08324999999999899
964,2,0.5,0.08324999999999899
964,4,0.5,0.05205000000000098
964,8,0.5,0.037000000000000546
965,1,0.5,0.14274999999999244
965,2,0.5,0.1040499999999967
965,4,0.5,0.054100000000001036
965,8,0.5,0.039750000000000625
966,1,0.5,0.10464999999999663
966,2,0.5,0.07904999999999945
966,4,0.5,0.04085000000000066
966,8,0.5,0.03360000000000045
967,1,0.5,0.12164999999999476
967,2,0.5,0.059350000000001187
967,4,0.5,0.059350000000001187
967,8,0.5,0.03745000000000056
968,1,0.5,0.07724999999999965
968,2,0.5,0.053700000000001025
968,4,0.5,0.046350000000000814
968,8,0.5,0.036600000000000535
969,1,0.5,0.09449999999999775
969,2,0.5,0.056850000000001115
969,4,0.5,0.056850000000001115
969,8,0.5,0.039700000000000624
970,1,0.5,0.10964999999999608
970,2,0.5,0.07454999999999995
970,4,0.5,0.05250000000000099
970,8,0.5,0.044250000000000754
971,1,0.5,0.11809999999999515
971,2,0.5,0.08569999999999872
971,4,0.5,0.0423500000000007
971,8,0.5,0.04435000000000076
972,1,0.5,0.11884999999999507
972,2,0.5,0.08459999999999884
972,4,0.5,0.062100000000001265
972,8,0.5,0.035200000000000495
973,1,0.5,0.12319999999999459
973,2,0.5,0.06190000000000126
973,4,0.5,0.05260000000000099
973,8,0.5,0.04470000000000077
974,1,0.5,0.08519999999999878
974,2,0.5,0.06275000000000125
974,4,0.5,0.05810000000000115
974,8,0.5,0.038650000000000594
975,1,0.5,0.10189999999999694
975,2,0.5,0.05210000000000098
975,4,0.5,0.046000000000000804
975,8,0.5,0.037300000000000555
976,1,0.5,0.09354999999999786
976,2,0.5,0.06295000000000123
976,4,0.5,0.047400000000000844
976,8,0.5,0.05040000000000093
977,1,0.5,0.09169999999999806
977,2,0.5,0.08084999999999926
977,4,0.5,0.047750000000000854
977,8,0.5,0.0389000000000006
978,1,0.5,0.10549999999999654
978,2,0.5,0.05470000000000105
978,4,0.5,0.04015000000000064
978,8,0.5,0.03215000000000041
979,1,0.5,0.1176999999999952
979,2,0.5,0.06285000000000124
979,4,0.5,0.052000000000000976
979,8,0.5,0.038000000000000575
980,1,0.5,0.11069999999999597
980,2,0.5,0.08344999999999897
980,4,0.5,0.07080000000000036
980,8,0.5,0.04540000000000079
981,1,0.5,0.10729999999999634
981,2,0.5,0.05595000000000109
981,4,0.5,0.054750000000001055
981,8,0.5,0.034200000000000466
982,1,0.5,0.10489999999999661
982,2,0.5,0.06675000000000081
982,4,0.5,0.044950000000000774
982,8,0.5,0.03585000000000051
983,1,0.5,0.10754999999999632
983,2,0.5,0.08124999999999921
983,4,0.5,0.0493000000000009
983,8,0.5,0.038650000000000594
984,1,0.5,0.11274999999999574
984,2,0.5,0.05560000000000108
984,4,0.5,0.0492500000000009
984,8,0.5,0.03685000000000054
985,1,0.5,0.09629999999999755
985,2,0.5,0.07444999999999996
985,4,0.5,0.043900000000000744
985,8,0.5,0.03405000000000046
986,1,0.5,0.11914999999999504
986,2,0.5,0.08974999999999828
986,4,0.5,0.062400000000001274
986,8,0.5,0.03440000000000047
987,1,0.5,0.11804999999999516
987,2,0.5,0.061700000000001254
987,4,0.5,0.0459000000000008
987,8,0.5,0.05050000000000093
988,1,0.5,0.09844999999999732
988,2,0.5,0.09104999999999813
988,4,0.5,0.045700000000000796
988,8,0.5,0.03775000000000057
989,1,0.5,0.10029999999999711
989,2,0.5,0.06295000000000123
989,4,0.5,0.03920000000000061
989,8,0.5,0.03335000000000044
990,1,0.5,0.11974999999999497
990,2,0.5,0.0813499999999992
990,4,0.5,0.04865000000000088
990,8,0.5,0.03130000000000038
991,1,0.5,0.13879999999999287
991,2,0.5,0.09984999999999716
991,4,0.5,0.05780000000000114
991,8,0.5,0.033500000000000446
992,1,0.5,0.10869999999999619
992,2,0.5,0.07699999999999968
992,4,0.5,0.04835000000000087
992,8,0.5,0.03050000000000036
993,1,0.5,0.110399999999996
993,2,0.5,0.06285000000000124
993,4,0.5,0.04620000000000081
993,8,0.5,0.038400000000000586
994,1,0.5,0.10359999999999675
994,2,0.5,0.05450000000000105
994,4,0.5,0.03860000000000059
994,8,0.5,0.04470000000000077
995,1,0.5,0.09724999999999745
995,2,0.5,0.05730000000000113
995,4,0.5,0.043950000000000745
995,8,0.5,0.032100000000000406
996,1,0.5,0.10599999999999649
996,2,0.5,0.060000000000001205
996,4,0.5,0.038050000000000576
996,8,0.5,0.03335000000000044
997,1,0.5,0.09124999999999811
997,2,0.5,0.05140000000000096
997,4,0.5,0.0423000000000007
997,8,0.5,0.03685000000000054
998,1,0.5,0.10379999999999673
998,2,0.5,0.07170000000000026
998,4,0.5,0.04825000000000087
998,8,0.5,0.03640000000000053
999,1,0.5,0.1039999999999967
999,2,0.5,0.08149999999999918
999,4,0.5,0.046400000000000816
999,8,0.5,0.03515000000000049
