fabric,P,seed,k,t_sim,opt_time,equal_split_gap,Bstar_Bps,top_used,max_top_contention
3tier_nb,16,3,1,0.010749999999999963,0.01073741824,0.0011717677116360736,6250000000.0,31,2
3tier_nb,16,3,2,0.005399999999999995,0.00536870912,0.005828380584715909,12500000000.0,63,2
3tier_nb,16,3,4,0.005399999999999995,0.00536870912,0.005828380584715909,12500000000.0,125,2
3tier_nb,16,3,8,0.005399999999999995,0.00536870912,0.005828380584715909,12500000000.0,238,3
3tier_nb,16,3,16,0.005399999999999995,0.00536870912,0.005828380584715909,12500000000.0,428,5
3tier_nb,16,3,32,0.005399999999999995,0.00536870912,0.005828380584715909,12500000000.0,722,5
3tier_os2,16,3,1,0.021500000000000102,0.02147483648,0.0011717677116442893,3125000000.0,31,2
3tier_os2,16,3,2,0.010749999999999963,0.007158278826666666,0.501757651567454,9375000000.0,63,2
3tier_os2,16,3,4,0.005399999999999995,0.00536870912,0.005828380584715909,12500000000.0,125,2
3tier_os2,16,3,8,0.005399999999999995,0.00536870912,0.005828380584715909,12500000000.0,238,3
3tier_os2,16,3,16,0.005399999999999995,0.00536870912,0.005828380584715909,12500000000.0,428,5
3tier_os2,16,3,32,0.005399999999999995,0.00536870912,0.005828380584715909,12500000000.0,722,5
3tier_os4,16,3,1,0.04295000000000072,0.04294967296,7.614493386709498e-06,1562500000.0,31,2
3tier_os4,16,3,2,0.021500000000000102,0.014316557653333332,0.5017576515674664,4687500000.0,63,2
3tier_os4,16,3,4,0.010749999999999963,0.007158278826666666,0.501757651567454,9375000000.0,125,2
3tier_os4,16,3,8,0.008099999999999979,0.005856773585454546,0.3830140233039818,11458333333.333332,238,3
3tier_os4,16,3,16,0.006749999999999987,0.005577879605194805,0.21013727039098518,12031250000.0,428,5
3tier_os4,16,3,32,0.005399999999999995,0.00536870912,0.005828380584715909,12500000000.0,722,5
2tier,16,3,1,0.010749999999999963,0.01073741824,0.0011717677116360736,6250000000.0,31,2
2tier,16,3,2,0.008099999999999979,0.00805306368,0.005828380584714132,8333333333.333333,52,3
2tier,16,3,4,0.005399999999999995,0.00536870912,0.005828380584715909,12500000000.0,95,4
2tier,16,3,8,0.005399999999999995,0.00536870912,0.005828380584715909,12500000000.0,140,7
2tier,16,3,16,0.005399999999999995,0.00536870912,0.005828380584715909,12500000000.0,180,9
2tier,16,3,32,0.005399999999999995,0.00536870912,0.005828380584715909,12500000000.0,189,15
3tier_nb,64,3,1,0.010749999999999963,0.01073741824,0.0011717677116360736,6250000000.0,121,2
3tier_nb,64,3,2,0.008099999999999979,0.00805306368,0.005828380584714132,8333333333.333333,230,2
3tier_nb,64,3,4,0.005399999999999995,0.00536870912,0.005828380584715909,12500000000.0,421,3
3tier_nb,64,3,8,0.006049999999999991,0.005769359054328357,0.04864334894551048,11631944444.444447,748,6
3tier_nb,64,3,16,0.005399999999999995,0.00536870912,0.005828380584715909,12500000000.0,1163,6
3tier_nb,64,3,32,0.005399999999999995,0.00536870912,0.005828380584715909,12500000000.0,1580,10
3tier_os2,64,3,1,0.021500000000000102,0.02147483648,0.0011717677116442893,3125000000.0,121,2
3tier_os2,64,3,2,0.010749999999999963,0.01073741824,0.0011717677116360736,6250000000.0,230,2
3tier_os2,64,3,4,0.008099999999999979,0.005856773585454546,0.3830140233039818,11458333333.333332,421,3
3tier_os2,64,3,8,0.008099999999999979,0.005856773585454545,0.38301402330398204,11458333333.333334,748,6
3tier_os2,64,3,16,0.005399999999999995,0.00536870912,0.005828380584715909,12500000000.0,1163,6
3tier_os2,64,3,32,0.005399999999999995,0.00536870912,0.005828380584715909,12500000000.0,1580,10
3tier_os4,64,3,1,0.04295000000000072,0.04294967296,7.614493386709498e-06,1562500000.0,121,2
3tier_os4,64,3,2,0.021500000000000102,0.02147483648,0.0011717677116442893,3125000000.0,230,2
3tier_os4,64,3,4,0.01614999999999995,0.01073741824,0.5040859580039931,6250000000.0,421,3
3tier_os4,64,3,8,0.01614999999999995,0.007158278826666665,1.25612893700599,9375000000.000002,748,6
3tier_os4,64,3,16,0.008099999999999979,0.0059105054532110094,0.3704411685466731,11354166666.666666,1163,6
3tier_os4,64,3,32,0.006749999999999987,0.0054751707739376775,0.23283825814723724,12256944444.444443,1580,10
2tier,64,3,1,0.01614999999999995,0.01610612736,0.002723972002661945,4166666666.6666665,100,3
2tier,64,3,2,0.01614999999999995,0.01610612736,0.002723972002661945,4166666666.6666665,150,6
2tier,64,3,4,0.009399999999999971,0.00805306368,0.1672576268513961,8333333333.333333,215,7
2tier,64,3,8,0.006749999999999987,0.006155207908280254,0.09663233160972395,10902777777.777779,240,10
2tier,64,3,16,0.006749999999999987,0.006044768786962963,0.11666802120835928,11101973684.210526,254,20
2tier,64,3,32,0.005899999999999992,0.0055281520330751665,0.06726442483854345,12139475108.225107,256,35
3tier_nb,16,2,1,0.005399999999999995,0.00536870912,0.005828380584715909,12500000000.0,26,1
3tier_nb,16,2,2,0.005399999999999995,0.00536870912,0.005828380584715909,12500000000.0,52,1
3tier_nb,16,2,4,0.005399999999999995,0.00536870912,0.005828380584715909,12500000000.0,100,2
3tier_nb,16,2,8,0.005399999999999995,0.00536870912,0.005828380584715909,12500000000.0,190,2
3tier_nb,16,2,16,0.005399999999999995,0.00536870912,0.005828380584715909,12500000000.0,358,4
3tier_nb,16,2,32,0.005399999999999995,0.00536870912,0.005828380584715909,12500000000.0,623,5
3tier_os2,16,2,1,0.010749999999999963,0.01073741824,0.0011717677116360736,6250000000.0,26,1
3tier_os2,16,2,2,0.005399999999999995,0.00536870912,0.005828380584715909,12500000000.0,52,1
3tier_os2,16,2,4,0.005399999999999995,0.00536870912,0.005828380584715909,12500000000.0,100,2
3tier_os2,16,2,8,0.005399999999999995,0.00536870912,0.005828380584715909,12500000000.0,190,2
3tier_os2,16,2,16,0.005399999999999995,0.00536870912,0.005828380584715909,12500000000.0,358,4
3tier_os2,16,2,32,0.005399999999999995,0.00536870912,0.005828380584715909,12500000000.0,623,5
3tier_os4,16,2,1,0.021500000000000102,0.02147483648,0.0011717677116442893,3125000000.0,26,1
3tier_os4,16,2,2,0.010749999999999963,0.01073741824,0.0011717677116360736,6250000000.0,52,1
3tier_os4,16,2,4,0.010749999999999963,0.007158278826666666,0.501757651567454,9375000000.0,100,2
3tier_os4,16,2,8,0.005399999999999995,0.00536870912,0.005828380584715909,12500000000.0,190,2
3tier_os4,16,2,16,0.005399999999999995,0.00536870912,0.005828380584715909,12500000000.0,358,4
3tier_os4,16,2,32,0.005399999999999995,0.00536870912,0.005828380584715909,12500000000.0,623,5
2tier,16,2,1,0.010749999999999963,0.01073741824,0.0011717677116360736,6250000000.0,24,2
2tier,16,2,2,0.008099999999999979,0.00805306368,0.005828380584714132,8333333333.333333,46,3
2tier,16,2,4,0.005399999999999995,0.00536870912,0.005828380584715909,12500000000.0,80,3
2tier,16,2,8,0.005399999999999995,0.00536870912,0.005828380584715909,12500000000.0,127,5
2tier,16,2,16,0.005399999999999995,0.00536870912,0.005828380584715909,12500000000.0,161,7
2tier,16,2,32,0.005399999999999995,0.00536870912,0.005828380584715909,12500000000.0,170,12
3tier_nb,64,2,1,0.010749999999999963,0.01073741824,0.0011717677116360736,6250000000.0,115,2
3tier_nb,64,2,2,0.008099999999999979,0.00805306368,0.005828380584714132,8333333333.333333,217,2
3tier_nb,64,2,4,0.006749999999999987,0.0067108864,0.0058283805847147985,10000000000.0,389,4
3tier_nb,64,2,8,0.005399999999999995,0.00536870912,0.005828380584715909,12500000000.0,682,6
3tier_nb,64,2,16,0.005399999999999995,0.00536870912,0.005828380584715909,12500000000.0,1077,9
3tier_nb,64,2,32,0.005399999999999995,0.00536870912,0.005828380584715909,12500000000.0,1509,13
3tier_os2,64,2,1,0.021500000000000102,0.02147483648,0.0011717677116442893,3125000000.0,115,2
3tier_os2,64,2,2,0.010749999999999963,0.01073741824,0.0011717677116360736,6250000000.0,217,2
3tier_os2,64,2,4,0.010749999999999963,0.007158278826666666,0.501757651567454,9375000000.0,389,4
3tier_os2,64,2,8,0.008099999999999979,0.005856773585454545,0.38301402330398204,11458333333.333334,682,6
3tier_os2,64,2,16,0.006049999999999991,0.005444324741408451,0.11124892201688397,12326388888.88889,1077,9
3tier_os2,64,2,32,0.005399999999999995,0.00536870912,0.005828380584715909,12500000000.0,1509,13
3tier_os4,64,2,1,0.04295000000000072,0.04294967296,7.614493386709498e-06,1562500000.0,115,2
3tier_os4,64,2,2,0.021500000000000102,0.02147483648,0.0011717677116442893,3125000000.0,217,2
3tier_os4,64,2,4,0.021500000000000102,0.014316557653333332,0.5017576515674664,4687500000.0,389,4
3tier_os4,64,2,8,0.01614999999999995,0.008206943877707007,0.967845795055224,8177083333.333333,682,6
3tier_os4,64,2,16,0.012099999999999955,0.006421047452491694,0.8844277494483452,10451388888.88889,1077,9
3tier_os4,64,2,32,0.008749999999999975,0.005650955002890077,0.5484108430389107,11875667735.042732,1509,13
2tier,64,2,1,0.01614999999999995,0.01610612736,0.002723972002661945,4166666666.6666665,98,3
2tier,64,2,2,0.010749999999999963,0.01073741824,0.0011717677116360736,6250000000.0,154,4
2tier,64,2,4,0.008099999999999979,0.007320966981818182,0.10641121864318559,9166666666.666666,214,6
2tier,64,2,8,0.008099999999999979,0.006135667565714287,0.320149749517437,10937499999.999998,250,12
2tier,64,2,16,0.006399999999999989,0.00564736184249135,0.13327252237420129,11883223684.210526,255,19
2tier,64,2,32,0.005549999999999994,0.005420035211013384,0.023978587578642463,12381628787.878788,256,33
3tier_nb,16,9,1,0.005399999999999995,0.00536870912,0.005828380584715909,12500000000.0,30,1
3tier_nb,16,9,2,0.005399999999999995,0.00536870912,0.005828380584715909,12500000000.0,58,2
3tier_nb,16,9,4,0.005399999999999995,0.00536870912,0.005828380584715909,12500000000.0,116,2
3tier_nb,16,9,8,0.005399999999999995,0.00536870912,0.005828380584715909,12500000000.0,215,3
3tier_nb,16,9,16,0.005399999999999995,0.00536870912,0.005828380584715909,12500000000.0,396,5
3tier_nb,16,9,32,0.005399999999999995,0.00536870912,0.005828380584715909,12500000000.0,641,6
3tier_os2,16,9,1,0.010749999999999963,0.01073741824,0.0011717677116360736,6250000000.0,30,1
3tier_os2,16,9,2,0.010749999999999963,0.01073741824,0.0011717677116360736,6250000000.0,58,2
3tier_os2,16,9,4,0.005399999999999995,0.00536870912,0.005828380584715909,12500000000.0,116,2
3tier_os2,16,9,8,0.005399999999999995,0.00536870912,0.005828380584715909,12500000000.0,215,3
3tier_os2,16,9,16,0.005399999999999995,0.00536870912,0.005828380584715909,12500000000.0,396,5
3tier_os2,16,9,32,0.005399999999999995,0.00536870912,0.005828380584715909,12500000000.0,641,6
3tier_os4,16,9,1,0.021500000000000102,0.02147483648,0.0011717677116442893,3125000000.0,30,1
3tier_os4,16,9,2,0.021500000000000102,0.02147483648,0.0011717677116442893,3125000000.0,58,2
3tier_os4,16,9,4,0.010749999999999963,0.008589934592,0.25146470963954504,7812500000.0,116,2
3tier_os4,16,9,8,0.008099999999999979,0.005856773585454546,0.3830140233039818,11458333333.333332,215,3
3tier_os4,16,9,16,0.006749999999999987,0.005651272757894737,0.19442120194434875,11875000000.0,396,5
3tier_os4,16,9,32,0.005399999999999995,0.00536870912,0.005828380584715909,12500000000.0,641,6
2tier,16,9,1,0.010749999999999963,0.01073741824,0.0011717677116360736,6250000000.0,27,2
2tier,16,9,2,0.008099999999999979,0.00805306368,0.005828380584714132,8333333333.333333,49,3
2tier,16,9,4,0.005399999999999995,0.00536870912,0.005828380584715909,12500000000.0,93,4
2tier,16,9,8,0.005399999999999995,0.00536870912,0.005828380584715909,12500000000.0,139,4
2tier,16,9,16,0.005399999999999995,0.00536870912,0.005828380584715909,12500000000.0,179,8
2tier,16,9,32,0.005399999999999995,0.00536870912,0.005828380584715909,12500000000.0,190,15
3tier_nb,64,9,1,0.010749999999999963,0.01073741824,0.0011717677116360736,6250000000.0,117,2
3tier_nb,64,9,2,0.010749999999999963,0.01073741824,0.0011717677116360736,6250000000.0,226,2
3tier_nb,64,9,4,0.008099999999999979,0.00805306368,0.005828380584714132,8333333333.333333,427,3
3tier_nb,64,9,8,0.006049999999999991,0.005684515538823529,0.06429474221335352,11805555555.555555,751,4
3tier_nb,64,9,16,0.005399999999999995,0.00536870912,0.005828380584715909,12500000000.0,1184,6
3tier_nb,64,9,32,0.005399999999999995,0.00536870912,0.005828380584715909,12500000000.0,1645,8
3tier_os2,64,9,1,0.021500000000000102,0.02147483648,0.0011717677116442893,3125000000.0,117,2
3tier_os2,64,9,2,0.010749999999999963,0.01073741824,0.0011717677116360736,6250000000.0,226,2
3tier_os2,64,9,4,0.008099999999999979,0.00805306368,0.005828380584714132,8333333333.333333,427,3
3tier_os2,64,9,8,0.006049999999999991,0.005684515538823529,0.06429474221335352,11805555555.555555,751,4
3tier_os2,64,9,16,0.005399999999999995,0.00536870912,0.005828380584715909,12500000000.0,1184,6
3tier_os2,64,9,32,0.005399999999999995,0.00536870912,0.005828380584715909,12500000000.0,1645,8
3tier_os4,64,9,1,0.04295000000000072,0.04294967296,7.614493386709498e-06,1562500000.0,117,2
3tier_os4,64,9,2,0.021500000000000102,0.02147483648,0.0011717677116442893,3125000000.0,226,2
3tier_os4,64,9,4,0.01614999999999995,0.009911462990769232,0.6294264545043258,6770833333.333333,427,3
3tier_os4,64,9,8,0.010749999999999963,0.007158278826666666,0.501757651567454,9375000000.0,751,4
3tier_os4,64,9,16,0.008099999999999979,0.005883516843835615,0.3767275959253278,11406250000.000002,1184,6
3tier_os4,64,9,32,0.005399999999999995,0.00536870912,0.005828380584715909,12500000000.0,1645,8
2tier,64,9,1,0.01614999999999995,0.01610612736,0.002723972002661945,4166666666.6666665,101,3
2tier,64,9,2,0.010749999999999963,0.01073741824,0.0011717677116360736,6250000000.0,157,4
2tier,64,9,4,0.008099999999999979,0.007158278826666666,0.1315569281578035,9375000000.0,203,6
2tier,64,9,8,0.006749999999999987,0.0059652323555555555,0.13155692815780418,11250000000.0,223,10
2tier,64,9,16,0.005749999999999993,0.005510524077886793,0.04345792137524529,12178308823.529411,235,17
2tier,64,9,32,0.005899999999999992,0.005486272093430657,0.07541148151670041,12232142857.142857,240,35
3tier_nb,16,4,1,0.005399999999999995,0.00536870912,0.005828380584715909,12500000000.0,30,1
3tier_nb,16,4,2,0.005399999999999995,0.00536870912,0.005828380584715909,12500000000.0,59,2
3tier_nb,16,4,4,0.005399999999999995,0.00536870912,0.005828380584715909,12500000000.0,115,2
3tier_nb,16,4,8,0.005399999999999995,0.00536870912,0.005828380584715909,12500000000.0,224,3
3tier_nb,16,4,16,0.005399999999999995,0.00536870912,0.005828380584715909,12500000000.0,388,4
3tier_nb,16,4,32,0.005399999999999995,0.00536870912,0.005828380584715909,12500000000.0,659,5
3tier_os2,16,4,1,0.010749999999999963,0.01073741824,0.0011717677116360736,6250000000.0,30,1
3tier_os2,16,4,2,0.010749999999999963,0.007158278826666666,0.501757651567454,9375000000.0,59,2
3tier_os2,16,4,4,0.005399999999999995,0.00536870912,0.005828380584715909,12500000000.0,115,2
3tier_os2,16,4,8,0.005399999999999995,0.00536870912,0.005828380584715909,12500000000.0,224,3
3tier_os2,16,4,16,0.005399999999999995,0.00536870912,0.005828380584715909,12500000000.0,388,4
3tier_os2,16,4,32,0.005399999999999995,0.00536870912,0.005828380584715909,12500000000.0,659,5
3tier_os4,16,4,1,0.021500000000000102,0.02147483648,0.0011717677116442893,3125000000.0,30,1
3tier_os4,16,4,2,0.021500000000000102,0.014316557653333332,0.5017576515674664,4687500000.0,59,2
3tier_os4,16,4,4,0.010749999999999963,0.007158278826666666,0.501757651567454,9375000000.0,115,2
3tier_os4,16,4,8,0.008099999999999979,0.005856773585454546,0.3830140233039818,11458333333.333332,224,3
3tier_os4,16,4,16,0.005399999999999995,0.00536870912,0.005828380584715909,12500000000.0,388,4
3tier_os4,16,4,32,0.005399999999999995,0.00536870912,0.005828380584715909,12500000000.0,659,5
2tier,16,4,1,0.005399999999999995,0.00536870912,0.005828380584715909,12500000000.0,30,1
2tier,16,4,2,0.008099999999999979,0.00805306368,0.005828380584714132,8333333333.333333,51,3
2tier,16,4,4,0.005399999999999995,0.00536870912,0.005828380584715909,12500000000.0,75,4
2tier,16,4,8,0.005399999999999995,0.00536870912,0.005828380584715909,12500000000.0,117,7
2tier,16,4,16,0.005399999999999995,0.00536870912,0.005828380584715909,12500000000.0,147,9
2tier,16,4,32,0.005399999999999995,0.00536870912,0.005828380584715909,12500000000.0,160,17
3tier_nb,64,4,1,0.010749999999999963,0.01073741824,0.0011717677116360736,6250000000.0,118,2
3tier_nb,64,4,2,0.005399999999999995,0.00536870912,0.005828380584715909,12500000000.0,228,2
3tier_nb,64,4,4,0.005399999999999995,0.00536870912,0.005828380584715909,12500000000.0,427,3
3tier_nb,64,4,8,0.005399999999999995,0.00536870912,0.005828380584715909,12500000000.0,763,4
3tier_nb,64,4,16,0.005399999999999995,0.00536870912,0.005828380584715909,12500000000.0,1203,7
3tier_nb,64,4,32,0.005399999999999995,0.00536870912,0.005828380584715909,12500000000.0,1652,10
3tier_os2,64,4,1,0.021500000000000102,0.02147483648,0.0011717677116442893,3125000000.0,118,2
3tier_os2,64,4,2,0.010749999999999963,0.01073741824,0.0011717677116360736,6250000000.0,228,2
3tier_os2,64,4,4,0.008099999999999979,0.005856773585454546,0.3830140233039818,11458333333.333332,427,3
3tier_os2,64,4,8,0.005399999999999995,0.00536870912,0.005828380584715909,12500000000.0,763,4
3tier_os2,64,4,16,0.005399999999999995,0.00536870912,0.005828380584715909,12500000000.0,1203,7
3tier_os2,64,4,32,0.005399999999999995,0.00536870912,0.005828380584715909,12500000000.0,1652,10
3tier_os4,64,4,1,0.04295000000000072,0.04294967296,7.614493386709498e-06,1562500000.0,118,2
3tier_os4,64,4,2,0.021500000000000102,0.02147483648,0.0011717677116442893,3125000000.0,228,2
3tier_os4,64,4,4,0.01614999999999995,0.011713547170909092,0.3787454615036603,5729166666.666666,427,3
3tier_os4,64,4,8,0.010749999999999963,0.0067815273094736835,0.5851886322100903,9895833333.333334,763,4
3tier_os4,64,4,16,0.009399999999999971,0.0059066347882121804,0.5914307108947161,11361607142.857143,1203,7
3tier_os4,64,4,32,0.006749999999999987,0.0054751707739376775,0.23283825814723724,12256944444.444443,1652,10
2tier,64,4,1,0.010749999999999963,0.01073741824,0.0011717677116360736,6250000000.0,91,2
2tier,64,4,2,0.010749999999999963,0.01073741824,0.0011717677116360736,6250000000.0,145,4
2tier,64,4,4,0.009399999999999971,0.007911781861052632,0.1881015130451711,8482142857.142857,200,7
2tier,64,4,8,0.007399999999999983,0.006471868528219179,0.14341012456200053,10369318181.81818,242,11
2tier,64,4,16,0.005399999999999995,0.00536870912,0.005828380584715909,12500000000.0,254,16
2tier,64,4,32,0.005549999999999994,0.005414858482063038,0.024957534603096132,12393465909.090908,256,33
3tier_nb,16,7,1,0.005399999999999995,0.00536870912,0.005828380584715909,12500000000.0,28,1
3tier_nb,16,7,2,0.005399999999999995,0.00536870912,0.005828380584715909,12500000000.0,54,2
3tier_nb,16,7,4,0.005399999999999995,0.00536870912,0.005828380584715909,12500000000.0,107,2
3tier_nb,16,7,8,0.005399999999999995,0.00536870912,0.005828380584715909,12500000000.0,198,3
3tier_nb,16,7,16,0.005399999999999995,0.00536870912,0.005828380584715909,12500000000.0,360,4
3tier_nb,16,7,32,0.005399999999999995,0.00536870912,0.005828380584715909,12500000000.0,612,5
3tier_os2,16,7,1,0.010749999999999963,0.01073741824,0.0011717677116360736,6250000000.0,28,1
3tier_os2,16,7,2,0.010749999999999963,0.01073741824,0.0011717677116360736,6250000000.0,54,2
3tier_os2,16,7,4,0.005399999999999995,0.00536870912,0.005828380584715909,12500000000.0,107,2
3tier_os2,16,7,8,0.005399999999999995,0.00536870912,0.005828380584715909,12500000000.0,198,3
3tier_os2,16,7,16,0.005399999999999995,0.00536870912,0.005828380584715909,12500000000.0,360,4
3tier_os2,16,7,32,0.005399999999999995,0.00536870912,0.005828380584715909,12500000000.0,612,5
3tier_os4,16,7,1,0.021500000000000102,0.02147483648,0.0011717677116442893,3125000000.0,28,1
3tier_os4,16,7,2,0.021500000000000102,0.02147483648,0.0011717677116442893,3125000000.0,54,2
3tier_os4,16,7,4,0.010749999999999963,0.007158278826666666,0.501757651567454,9375000000.0,107,2
3tier_os4,16,7,8,0.008099999999999979,0.005856773585454546,0.3830140233039818,11458333333.333332,198,3
3tier_os4,16,7,16,0.005399999999999995,0.00536870912,0.005828380584715909,12500000000.0,360,4
3tier_os4,16,7,32,0.005399999999999995,0.00536870912,0.005828380584715909,12500000000.0,612,5
2tier,16,7,1,0.010749999999999963,0.01073741824,0.0011717677116360736,6250000000.0,27,2
2tier,16,7,2,0.008099999999999979,0.00805306368,0.005828380584714132,8333333333.333333,42,3
2tier,16,7,4,0.006749999999999987,0.006316128376470588,0.0686926543712596,10625000000.0,73,5
2tier,16,7,8,0.005399999999999995,0.00536870912,0.005828380584715909,12500000000.0,114,7
2tier,16,7,16,0.005399999999999995,0.00536870912,0.005828380584715909,12500000000.0,151,9
2tier,16,7,32,0.005399999999999995,0.00536870912,0.005828380584715909,12500000000.0,160,17
3tier_nb,64,7,1,0.010749999999999963,0.01073741824,0.0011717677116360736,6250000000.0,106,2
3tier_nb,64,7,2,0.008099999999999979,0.00805306368,0.005828380584714132,8333333333.333333,206,3
3tier_nb,64,7,4,0.005399999999999995,0.00536870912,0.005828380584715909,12500000000.0,384,3
3tier_nb,64,7,8,0.005399999999999995,0.00536870912,0.005828380584715909,12500000000.0,709,4
3tier_nb,64,7,16,0.005399999999999995,0.00536870912,0.005828380584715909,12500000000.0,1147,7
3tier_nb,64,7,32,0.005399999999999995,0.00536870912,0.005828380584715909,12500000000.0,1641,9
3tier_os2,64,7,1,0.021500000000000102,0.02147483648,0.0011717677116442893,3125000000.0,106,2
3tier_os2,64,7,2,0.01614999999999995,0.01073741824,0.5040859580039931,6250000000.0,206,3
3tier_os2,64,7,4,0.008099999999999979,0.007158278826666666,0.1315569281578035,9375000000.0,384,3
3tier_os2,64,7,8,0.005399999999999995,0.00536870912,0.005828380584715909,12500000000.0,709,4
3tier_os2,64,7,16,0.005399999999999995,0.00536870912,0.005828380584715909,12500000000.0,1147,7
3tier_os2,64,7,32,0.005399999999999995,0.00536870912,0.005828380584715909,12500000000.0,1641,9
3tier_os4,64,7,1,0.04295000000000072,0.04294967296,7.614493386709498e-06,1562500000.0,106,2
3tier_os4,64,7,2,0.03225000000000041,0.02147483648,0.5017576515674782,3125000000.0,206,3
3tier_os4,64,7,4,0.01614999999999995,0.014316557653333332,0.1280644685029948,4687500000.0,384,3
3tier_os4,64,7,8,0.010749999999999963,0.006964811831351352,0.5434731418887719,9635416666.666666,709,4
3tier_os4,64,7,16,0.009399999999999971,0.005918262022047244,0.5883041279656498,11339285714.285715,1147,7
3tier_os4,64,7,32,0.006049999999999991,0.005425221847578947,0.11516177033384478,12369791666.666668,1641,9
2tier,64,7,1,0.01614999999999995,0.01610612736,0.002723972002661945,4166666666.6666665,97,3
2tier,64,7,2,0.013449999999999946,0.0134217728,0.002103090286250886,5000000000.0,160,5
2tier,64,7,4,0.009399999999999971,0.007297274532038835,0.28815216677529065,9196428571.428572,218,7
2tier,64,7,8,0.008749999999999975,0.006646973196190476,0.3163886391199515,10096153846.153847,247,13
2tier,64,7,16,0.007049999999999985,0.005992977622325583,0.17637682706117364,11197916666.666664,253,21
2tier,64,7,32,0.005749999999999993,0.00544883910686567,0.05527065256062569,12316176470.588238,256,34
3tier_nb,16,1,1,0.005399999999999995,0.00536870912,0.005828380584715909,12500000000.0,30,1
3tier_nb,16,1,2,0.005399999999999995,0.00536870912,0.005828380584715909,12500000000.0,59,2
3tier_nb,16,1,4,0.005399999999999995,0.00536870912,0.005828380584715909,12500000000.0,115,2
3tier_nb,16,1,8,0.005399999999999995,0.00536870912,0.005828380584715909,12500000000.0,221,3
3tier_nb,16,1,16,0.005399999999999995,0.00536870912,0.005828380584715909,12500000000.0,375,3
3tier_nb,16,1,32,0.005399999999999995,0.00536870912,0.005828380584715909,12500000000.0,598,6
3tier_os2,16,1,1,0.010749999999999963,0.01073741824,0.0011717677116360736,6250000000.0,30,1
3tier_os2,16,1,2,0.010749999999999963,0.007158278826666666,0.501757651567454,9375000000.0,59,2
3tier_os2,16,1,4,0.005399999999999995,0.00536870912,0.005828380584715909,12500000000.0,115,2
3tier_os2,16,1,8,0.005399999999999995,0.00536870912,0.005828380584715909,12500000000.0,221,3
3tier_os2,16,1,16,0.005399999999999995,0.00536870912,0.005828380584715909,12500000000.0,375,3
3tier_os2,16,1,32,0.005399999999999995,0.00536870912,0.005828380584715909,12500000000.0,598,6
3tier_os4,16,1,1,0.021500000000000102,0.02147483648,0.0011717677116442893,3125000000.0,30,1
3tier_os4,16,1,2,0.021500000000000102,0.014316557653333332,0.5017576515674664,4687500000.0,59,2
3tier_os4,16,1,4,0.010749999999999963,0.007158278826666666,0.501757651567454,9375000000.0,115,2
3tier_os4,16,1,8,0.008099999999999979,0.005856773585454546,0.3830140233039818,11458333333.333332,221,3
3tier_os4,16,1,16,0.005399999999999995,0.00536870912,0.005828380584715909,12500000000.0,375,3
3tier_os4,16,1,32,0.005399999999999995,0.00536870912,0.005828380584715909,12500000000.0,598,6
2tier,16,1,1,0.010749999999999963,0.01073741824,0.0011717677116360736,6250000000.0,29,2
2tier,16,1,2,0.008099999999999979,0.00805306368,0.005828380584714132,8333333333.333333,49,3
2tier,16,1,4,0.005399999999999995,0.00536870912,0.005828380584715909,12500000000.0,83,4
2tier,16,1,8,0.005399999999999995,0.00536870912,0.005828380584715909,12500000000.0,118,5
2tier,16,1,16,0.005399999999999995,0.00536870912,0.005828380584715909,12500000000.0,139,10
2tier,16,1,32,0.005399999999999995,0.00536870912,0.005828380584715909,12500000000.0,144,16
3tier_nb,64,1,1,0.010749999999999963,0.01073741824,0.0011717677116360736,6250000000.0,120,2
3tier_nb,64,1,2,0.008099999999999979,0.00805306368,0.005828380584714132,8333333333.333333,234,2
3tier_nb,64,1,4,0.005399999999999995,0.00536870912,0.005828380584715909,12500000000.0,446,3
3tier_nb,64,1,8,0.005399999999999995,0.00536870912,0.005828380584715909,12500000000.0,767,4
3tier_nb,64,1,16,0.005399999999999995,0.00536870912,0.005828380584715909,12500000000.0,1181,7
3tier_nb,64,1,32,0.005399999999999995,0.00536870912,0.005828380584715909,12500000000.0,1649,10
3tier_os2,64,1,1,0.021500000000000102,0.02147483648,0.0011717677116442893,3125000000.0,120,2
3tier_os2,64,1,2,0.010749999999999963,0.01073741824,0.0011717677116360736,6250000000.0,234,2
3tier_os2,64,1,4,0.008099999999999979,0.005856773585454546,0.3830140233039818,11458333333.333332,446,3
3tier_os2,64,1,8,0.005399999999999995,0.00536870912,0.005828380584715909,12500000000.0,767,4
3tier_os2,64,1,16,0.005399999999999995,0.00536870912,0.005828380584715909,12500000000.0,1181,7
3tier_os2,64,1,32,0.005399999999999995,0.00536870912,0.005828380584715909,12500000000.0,1649,10
3tier_os4,64,1,1,0.04295000000000072,0.04294967296,7.614493386709498e-06,1562500000.0,120,2
3tier_os4,64,1,2,0.021500000000000102,0.02147483648,0.0011717677116442893,3125000000.0,234,2
3tier_os4,64,1,4,0.01614999999999995,0.00920350134857143,0.7547669510046584,7291666666.666666,446,3
3tier_os4,64,1,8,0.010749999999999963,0.007158278826666666,0.501757651567454,9375000000.0,767,4
3tier_os4,64,1,16,0.009399999999999971,0.005826506021705426,0.6133167913981796,11517857142.857143,1181,7
3tier_os4,64,1,32,0.006749999999999987,0.005506368328205128,0.22585333883762115,12187500000.0,1649,10
2tier,64,1,1,0.01614999999999995,0.01610612736,0.002723972002661945,4166666666.6666665,90,3
2tier,64,1,2,0.010749999999999963,0.01073741824,0.0011717677116360736,6250000000.0,151,4
2tier,64,1,4,0.009399999999999971,0.007829367466666666,0.20060784476143612,8571428571.428572,214,7
2tier,64,1,8,0.006749999999999987,0.005983700567182662,0.12806446850299635,11215277777.777779,250,10
2tier,64,1,16,0.007049999999999985,0.005800277377234727,0.21545911367450166,11569940476.190475,256,21
2tier,64,1,32,0.005549999999999994,0.005414858482063038,0.024957534603096132,12393465909.090908,256,33
3tier_nb,16,0,1,0.005399999999999995,0.00536870912,0.005828380584715909,12500000000.0,30,1
3tier_nb,16,0,2,0.005399999999999995,0.00536870912,0.005828380584715909,12500000000.0,59,2
3tier_nb,16,0,4,0.005399999999999995,0.00536870912,0.005828380584715909,12500000000.0,109,2
3tier_nb,16,0,8,0.005399999999999995,0.00536870912,0.005828380584715909,12500000000.0,219,2
3tier_nb,16,0,16,0.005399999999999995,0.00536870912,0.005828380584715909,12500000000.0,394,3
3tier_nb,16,0,32,0.005399999999999995,0.00536870912,0.005828380584715909,12500000000.0,643,5
3tier_os2,16,0,1,0.010749999999999963,0.01073741824,0.0011717677116360736,6250000000.0,30,1
3tier_os2,16,0,2,0.010749999999999963,0.007158278826666666,0.501757651567454,9375000000.0,59,2
3tier_os2,16,0,4,0.005399999999999995,0.00536870912,0.005828380584715909,12500000000.0,109,2
3tier_os2,16,0,8,0.005399999999999995,0.00536870912,0.005828380584715909,12500000000.0,219,2
3tier_os2,16,0,16,0.005399999999999995,0.00536870912,0.005828380584715909,12500000000.0,394,3
3tier_os2,16,0,32,0.005399999999999995,0.00536870912,0.005828380584715909,12500000000.0,643,5
3tier_os4,16,0,1,0.021500000000000102,0.02147483648,0.0011717677116442893,3125000000.0,30,1
3tier_os4,16,0,2,0.021500000000000102,0.014316557653333332,0.5017576515674664,4687500000.0,59,2
3tier_os4,16,0,4,0.010749999999999963,0.008589934592,0.25146470963954504,7812500000.0,109,2
3tier_os4,16,0,8,0.005399999999999995,0.00536870912,0.005828380584715909,12500000000.0,219,2
3tier_os4,16,0,16,0.005399999999999995,0.00536870912,0.005828380584715909,12500000000.0,394,3
3tier_os4,16,0,32,0.005399999999999995,0.00536870912,0.005828380584715909,12500000000.0,643,5
2tier,16,0,1,0.005399999999999995,0.00536870912,0.005828380584715909,12500000000.0,30,1
2tier,16,0,2,0.005399999999999995,0.00536870912,0.005828380584715909,12500000000.0,51,2
2tier,16,0,4,0.005399999999999995,0.00536870912,0.005828380584715909,12500000000.0,89,3
2tier,16,0,8,0.005399999999999995,0.00536870912,0.005828380584715909,12500000000.0,122,5
2tier,16,0,16,0.005399999999999995,0.00536870912,0.005828380584715909,12500000000.0,150,9
2tier,16,0,32,0.005399999999999995,0.00536870912,0.005828380584715909,12500000000.0,160,15
3tier_nb,64,0,1,0.010749999999999963,0.01073741824,0.0011717677116360736,6250000000.0,116,2
3tier_nb,64,0,2,0.008099999999999979,0.00805306368,0.005828380584714132,8333333333.333333,228,2
3tier_nb,64,0,4,0.006749999999999987,0.006316128376470588,0.0686926543712596,10625000000.0,418,4
3tier_nb,64,0,8,0.005399999999999995,0.00536870912,0.005828380584715909,12500000000.0,748,4
3tier_nb,64,0,16,0.005399999999999995,0.00536870912,0.005828380584715909,12500000000.0,1169,6
3tier_nb,64,0,32,0.005399999999999995,0.00536870912,0.005828380584715909,12500000000.0,1591,10
3tier_os2,64,0,1,0.021500000000000102,0.02147483648,0.0011717677116442893,3125000000.0,116,2
3tier_os2,64,0,2,0.010749999999999963,0.01073741824,0.0011717677116360736,6250000000.0,228,2
3tier_os2,64,0,4,0.010749999999999963,0.008589934592,0.25146470963954504,7812500000.0,418,4
3tier_os2,64,0,8,0.005399999999999995,0.00536870912,0.005828380584715909,12500000000.0,748,4
3tier_os2,64,0,16,0.005399999999999995,0.00536870912,0.005828380584715909,12500000000.0,1169,6
3tier_os2,64,0,32,0.005399999999999995,0.00536870912,0.005828380584715909,12500000000.0,1591,10
3tier_os4,64,0,1,0.04295000000000072,0.04294967296,7.614493386709498e-06,1562500000.0,116,2
3tier_os4,64,0,2,0.021500000000000102,0.02147483648,0.0011717677116442893,3125000000.0,228,2
3tier_os4,64,0,4,0.021500000000000102,0.01227133513142857,0.7520505934953774,5468750000.0,418,4
3tier_os4,64,0,8,0.010749999999999963,0.0075793540517647045,0.4183266709248179,8854166666.666668,748,4
3tier_os4,64,0,16,0.008099999999999979,0.005883516843835615,0.3767275959253278,11406250000.000002,1169,6
3tier_os4,64,0,32,0.006749999999999987,0.0055181592668094226,0.22323399409651512,12161458333.333332,1591,10
2tier,64,0,1,0.01614999999999995,0.01610612736,0.002723972002661945,4166666666.6666665,99,3
2tier,64,0,2,0.010749999999999963,0.01073741824,0.0011717677116360736,6250000000.0,157,4
2tier,64,0,4,0.009399999999999971,0.007911781861052632,0.1881015130451711,8482142857.142857,216,7
2tier,64,0,8,0.007399999999999983,0.006471868528219179,0.14341012456200053,10369318181.81818,248,11
2tier,64,0,16,0.005749999999999993,0.005531397275151516,0.03952034431345175,12132352941.17647,256,17
2tier,64,0,32,0.005399999999999995,0.00536870912,0.005828380584715909,12500000000.0,256,28
3tier_nb,16,6,1,0.005399999999999995,0.00536870912,0.005828380584715909,12500000000.0,30,1
3tier_nb,16,6,2,0.005399999999999995,0.00536870912,0.005828380584715909,12500000000.0,60,1
3tier_nb,16,6,4,0.005399999999999995,0.00536870912,0.005828380584715909,12500000000.0,114,2
3tier_nb,16,6,8,0.005399999999999995,0.00536870912,0.005828380584715909,12500000000.0,224,2
3tier_nb,16,6,16,0.005399999999999995,0.00536870912,0.005828380584715909,12500000000.0,412,3
3tier_nb,16,6,32,0.005399999999999995,0.00536870912,0.005828380584715909,12500000000.0,681,6
3tier_os2,16,6,1,0.010749999999999963,0.01073741824,0.0011717677116360736,6250000000.0,30,1
3tier_os2,16,6,2,0.005399999999999995,0.00536870912,0.005828380584715909,12500000000.0,60,1
3tier_os2,16,6,4,0.005399999999999995,0.00536870912,0.005828380584715909,12500000000.0,114,2
3tier_os2,16,6,8,0.005399999999999995,0.00536870912,0.005828380584715909,12500000000.0,224,2
3tier_os2,16,6,16,0.005399999999999995,0.00536870912,0.005828380584715909,12500000000.0,412,3
3tier_os2,16,6,32,0.005399999999999995,0.00536870912,0.005828380584715909,12500000000.0,681,6
3tier_os4,16,6,1,0.021500000000000102,0.02147483648,0.0011717677116442893,3125000000.0,30,1
3tier_os4,16,6,2,0.010749999999999963,0.01073741824,0.0011717677116360736,6250000000.0,60,1
3tier_os4,16,6,4,0.010749999999999963,0.007158278826666666,0.501757651567454,9375000000.0,114,2
3tier_os4,16,6,8,0.005399999999999995,0.00536870912,0.005828380584715909,12500000000.0,224,2
3tier_os4,16,6,16,0.005399999999999995,0.00536870912,0.005828380584715909,12500000000.0,412,3
3tier_os4,16,6,32,0.005399999999999995,0.00536870912,0.005828380584715909,12500000000.0,681,6
2tier,16,6,1,0.010749999999999963,0.01073741824,0.0011717677116360736,6250000000.0,31,2
2tier,16,6,2,0.008099999999999979,0.00805306368,0.005828380584714132,8333333333.333333,47,3
2tier,16,6,4,0.005399999999999995,0.00536870912,0.005828380584715909,12500000000.0,91,4
2tier,16,6,8,0.005399999999999995,0.00536870912,0.005828380584715909,12500000000.0,132,7
2tier,16,6,16,0.005399999999999995,0.00536870912,0.005828380584715909,12500000000.0,163,14
2tier,16,6,32,0.005399999999999995,0.00536870912,0.005828380584715909,12500000000.0,176,24
3tier_nb,64,6,1,0.010749999999999963,0.01073741824,0.0011717677116360736,6250000000.0,120,2
3tier_nb,64,6,2,0.008099999999999979,0.00805306368,0.005828380584714132,8333333333.333333,233,2
3tier_nb,64,6,4,0.005399999999999995,0.00536870912,0.005828380584715909,12500000000.0,432,3
3tier_nb,64,6,8,0.005399999999999995,0.00536870912,0.005828380584715909,12500000000.0,759,4
3tier_nb,64,6,16,0.005399999999999995,0.00536870912,0.005828380584715909,12500000000.0,1199,6
3tier_nb,64,6,32,0.005399999999999995,0.00536870912,0.005828380584715909,12500000000.0,1645,10
3tier_os2,64,6,1,0.021500000000000102,0.02147483648,0.0011717677116442893,3125000000.0,120,2
3tier_os2,64,6,2,0.010749999999999963,0.01073741824,0.0011717677116360736,6250000000.0,233,2
3tier_os2,64,6,4,0.008099999999999979,0.006442450944,0.25728547573089267,10416666666.666666,432,3
3tier_os2,64,6,8,0.005399999999999995,0.00536870912,0.005828380584715909,12500000000.0,759,4
3tier_os2,64,6,16,0.005399999999999995,0.00536870912,0.005828380584715909,12500000000.0,1199,6
3tier_os2,64,6,32,0.005399999999999995,0.00536870912,0.005828380584715909,12500000000.0,1645,10
3tier_os4,64,6,1,0.04295000000000072,0.04294967296,7.614493386709498e-06,1562500000.0,120,2
3tier_os4,64,6,2,0.021500000000000102,0.02147483648,0.0011717677116442893,3125000000.0,233,2
3tier_os4,64,6,4,0.01614999999999995,0.01171354717090909,0.3787454615036603,5729166666.666667,432,3
3tier_os4,64,6,8,0.010749999999999963,0.006964811831351352,0.5434731418887719,9635416666.666666,759,4
3tier_os4,64,6,16,0.008099999999999979,0.005883516843835616,0.37672759592532756,11406250000.0,1199,6
3tier_os4,64,6,32,0.006749999999999987,0.0055738580625811105,0.21101038530468696,12039930555.555555,1645,10
2tier,64,6,1,0.01614999999999995,0.01610612736,0.002723972002661945,4166666666.6666665,99,3
2tier,64,6,2,0.013449999999999946,0.0134217728,0.002103090286250886,5000000000.0,158,5
2tier,64,6,4,0.008099999999999979,0.00805306368,0.005828380584714132,8333333333.333333,200,6
2tier,64,6,8,0.007399999999999983,0.006471868528219179,0.14341012456200053,10369318181.81818,243,11
2tier,64,6,16,0.006049999999999991,0.005561828153093524,0.08777183211511885,12065972222.222223,254,18
2tier,64,6,32,0.005899999999999992,0.005486272093430657,0.07541148151670041,12232142857.142857,256,35
3tier_nb,16,8,1,0.010749999999999963,0.01073741824,0.0011717677116360736,6250000000.0,29,2
3tier_nb,16,8,2,0.005399999999999995,0.00536870912,0.005828380584715909,12500000000.0,58,2
3tier_nb,16,8,4,0.005399999999999995,0.00536870912,0.005828380584715909,12500000000.0,112,3
3tier_nb,16,8,8,0.005399999999999995,0.00536870912,0.005828380584715909,12500000000.0,218,3
3tier_nb,16,8,16,0.005399999999999995,0.00536870912,0.005828380584715909,12500000000.0,396,4
3tier_nb,16,8,32,0.005399999999999995,0.00536870912,0.005828380584715909,12500000000.0,615,6
3tier_os2,16,8,1,0.021500000000000102,0.02147483648,0.0011717677116442893,3125000000.0,29,2
3tier_os2,16,8,2,0.010749999999999963,0.007158278826666666,0.501757651567454,9375000000.0,58,2
3tier_os2,16,8,4,0.008099999999999979,0.006442450944,0.25728547573089267,10416666666.666666,112,3
3tier_os2,16,8,8,0.005399999999999995,0.00536870912,0.005828380584715909,12500000000.0,218,3
3tier_os2,16,8,16,0.005399999999999995,0.00536870912,0.005828380584715909,12500000000.0,396,4
3tier_os2,16,8,32,0.005399999999999995,0.00536870912,0.005828380584715909,12500000000.0,615,6
3tier_os4,16,8,1,0.04295000000000072,0.04294967296,7.614493386709498e-06,1562500000.0,29,2
3tier_os4,16,8,2,0.021500000000000102,0.014316557653333332,0.5017576515674664,4687500000.0,58,2
3tier_os4,16,8,4,0.01614999999999995,0.00805306368,1.005447944005324,8333333333.333334,112,3
3tier_os4,16,8,8,0.008099999999999979,0.005856773585454546,0.3830140233039818,11458333333.333332,218,3
3tier_os4,16,8,16,0.005399999999999995,0.00536870912,0.005828380584715909,12500000000.0,396,4
3tier_os4,16,8,32,0.005399999999999995,0.00536870912,0.005828380584715909,12500000000.0,615,6
2tier,16,8,1,0.010749999999999963,0.01073741824,0.0011717677116360736,6250000000.0,29,2
2tier,16,8,2,0.008099999999999979,0.00805306368,0.005828380584714132,8333333333.333333,48,3
2tier,16,8,4,0.005399999999999995,0.00536870912,0.005828380584715909,12500000000.0,83,3
2tier,16,8,8,0.005399999999999995,0.00536870912,0.005828380584715909,12500000000.0,107,7
2tier,16,8,16,0.005399999999999995,0.00536870912,0.005828380584715909,12500000000.0,139,11
2tier,16,8,32,0.005399999999999995,0.00536870912,0.005828380584715909,12500000000.0,144,18
3tier_nb,64,8,1,0.01614999999999995,0.01610612736,0.002723972002661945,4166666666.6666665,116,3
3tier_nb,64,8,2,0.008099999999999979,0.00805306368,0.005828380584714132,8333333333.333333,230,3
3tier_nb,64,8,4,0.005399999999999995,0.00536870912,0.005828380584715909,12500000000.0,420,4
3tier_nb,64,8,8,0.005399999999999995,0.00536870912,0.005828380584715909,12500000000.0,763,5
3tier_nb,64,8,16,0.005399999999999995,0.00536870912,0.005828380584715909,12500000000.0,1235,7
3tier_nb,64,8,32,0.005399999999999995,0.00536870912,0.005828380584715909,12500000000.0,1665,10
3tier_os2,64,8,1,0.03225000000000041,0.03221225472,0.0011717677116520608,2083333333.3333333,116,3
3tier_os2,64,8,2,0.01614999999999995,0.012884901888,0.25340496500332743,5208333333.333333,230,3
3tier_os2,64,8,4,0.010749999999999963,0.006442450944,0.6686196128527264,10416666666.666666,420,4
3tier_os2,64,8,8,0.006749999999999987,0.005651272757894737,0.19442120194434875,11875000000.0,763,5
3tier_os2,64,8,16,0.005399999999999995,0.00536870912,0.005828380584715909,12500000000.0,1235,7
3tier_os2,64,8,32,0.005399999999999995,0.00536870912,0.005828380584715909,12500000000.0,1665,10
3tier_os4,64,8,1,0.06445000000000106,0.06442450944,0.00039566556614301085,1041666666.6666666,116,3
3tier_os4,64,8,2,0.03225000000000041,0.025769803776,0.251464709639565,2604166666.6666665,230,3
3tier_os4,64,8,4,0.021500000000000102,0.012884901888,0.6686196128527402,5208333333.333333,420,4
3tier_os4,64,8,8,0.013449999999999946,0.008103711879245284,0.659733243286603,8281250000.0,763,5
3tier_os4,64,8,16,0.009399999999999971,0.006148214943149285,0.528899052313391,10915178571.42857,1235,7
3tier_os4,64,8,32,0.006749999999999987,0.005471295918471337,0.23371137306093925,12265625000.0,1665,10
2tier,64,8,1,0.01614999999999995,0.01610612736,0.002723972002661945,4166666666.6666665,100,3
2tier,64,8,2,0.010749999999999963,0.01073741824,0.0011717677116360736,6250000000.0,148,4
2tier,64,8,4,0.008099999999999979,0.007320966981818182,0.10641121864318559,9166666666.666666,206,6
2tier,64,8,8,0.008099999999999979,0.006781527309473685,0.19442120194434787,9895833333.333332,244,12
2tier,64,8,16,0.006749999999999987,0.0059652323555555555,0.13155692815780418,11250000000.0,251,20
2tier,64,8,32,0.005399999999999995,0.00536870912,0.005828380584715909,12500000000.0,255,31
3tier_nb,16,5,1,0.005399999999999995,0.00536870912,0.005828380584715909,12500000000.0,32,1
3tier_nb,16,5,2,0.005399999999999995,0.00536870912,0.005828380584715909,12500000000.0,64,1
3tier_nb,16,5,4,0.005399999999999995,0.00536870912,0.005828380584715909,12500000000.0,125,2
3tier_nb,16,5,8,0.005399999999999995,0.00536870912,0.005828380584715909,12500000000.0,234,2
3tier_nb,16,5,16,0.005399999999999995,0.00536870912,0.005828380584715909,12500000000.0,414,3
3tier_nb,16,5,32,0.005399999999999995,0.00536870912,0.005828380584715909,12500000000.0,689,4
3tier_os2,16,5,1,0.010749999999999963,0.01073741824,0.0011717677116360736,6250000000.0,32,1
3tier_os2,16,5,2,0.005399999999999995,0.00536870912,0.005828380584715909,12500000000.0,64,1
3tier_os2,16,5,4,0.005399999999999995,0.00536870912,0.005828380584715909,12500000000.0,125,2
3tier_os2,16,5,8,0.005399999999999995,0.00536870912,0.005828380584715909,12500000000.0,234,2
3tier_os2,16,5,16,0.005399999999999995,0.00536870912,0.005828380584715909,12500000000.0,414,3
3tier_os2,16,5,32,0.005399999999999995,0.00536870912,0.005828380584715909,12500000000.0,689,4
3tier_os4,16,5,1,0.021500000000000102,0.02147483648,0.0011717677116442893,3125000000.0,32,1
3tier_os4,16,5,2,0.010749999999999963,0.01073741824,0.0011717677116360736,6250000000.0,64,1
3tier_os4,16,5,4,0.010749999999999963,0.007158278826666666,0.501757651567454,9375000000.0,125,2
3tier_os4,16,5,8,0.005399999999999995,0.00536870912,0.005828380584715909,12500000000.0,234,2
3tier_os4,16,5,16,0.005399999999999995,0.00536870912,0.005828380584715909,12500000000.0,414,3
3tier_os4,16,5,32,0.005399999999999995,0.00536870912,0.005828380584715909,12500000000.0,689,4
2tier,16,5,1,0.005399999999999995,0.00536870912,0.005828380584715909,12500000000.0,30,1
2tier,16,5,2,0.005399999999999995,0.00536870912,0.005828380584715909,12500000000.0,56,2
2tier,16,5,4,0.005399999999999995,0.00536870912,0.005828380584715909,12500000000.0,93,3
2tier,16,5,8,0.005399999999999995,0.00536870912,0.005828380584715909,12500000000.0,145,5
2tier,16,5,16,0.005399999999999995,0.00536870912,0.005828380584715909,12500000000.0,173,7
2tier,16,5,32,0.005399999999999995,0.00536870912,0.005828380584715909,12500000000.0,188,15
3tier_nb,64,5,1,0.010749999999999963,0.01073741824,0.0011717677116360736,6250000000.0,122,2
3tier_nb,64,5,2,0.005399999999999995,0.00536870912,0.005828380584715909,12500000000.0,232,2
3tier_nb,64,5,4,0.005399999999999995,0.00536870912,0.005828380584715909,12500000000.0,440,3
3tier_nb,64,5,8,0.005399999999999995,0.00536870912,0.005828380584715909,12500000000.0,768,4
3tier_nb,64,5,16,0.005399999999999995,0.00536870912,0.005828380584715909,12500000000.0,1218,6
3tier_nb,64,5,32,0.005399999999999995,0.00536870912,0.005828380584715909,12500000000.0,1675,9
3tier_os2,64,5,1,0.021500000000000102,0.02147483648,0.0011717677116442893,3125000000.0,122,2
3tier_os2,64,5,2,0.010749999999999963,0.01073741824,0.0011717677116360736,6250000000.0,232,2
3tier_os2,64,5,4,0.008099999999999979,0.006442450944,0.25728547573089267,10416666666.666666,440,3
3tier_os2,64,5,8,0.005399999999999995,0.00536870912,0.005828380584715909,12500000000.0,768,4
3tier_os2,64,5,16,0.005399999999999995,0.00536870912,0.005828380584715909,12500000000.0,1218,6
3tier_os2,64,5,32,0.005399999999999995,0.00536870912,0.005828380584715909,12500000000.0,1675,9
3tier_os4,64,5,1,0.04295000000000072,0.04294967296,7.614493386709498e-06,1562500000.0,122,2
3tier_os4,64,5,2,0.021500000000000102,0.02147483648,0.0011717677116442893,3125000000.0,232,2
3tier_os4,64,5,4,0.01614999999999995,0.011713547170909092,0.3787454615036603,5729166666.666666,440,3
3tier_os4,64,5,8,0.010749999999999963,0.0067815273094736835,0.5851886322100903,9895833333.333334,768,4
3tier_os4,64,5,16,0.008099999999999979,0.0057266230613333335,0.4144461601972542,11718750000.0,1218,6
3tier_os4,64,5,32,0.006049999999999991,0.005425221847578948,0.11516177033384456,12369791666.666666,1675,9
2tier,64,5,1,0.010749999999999963,0.01073741824,0.0011717677116360736,6250000000.0,101,2
2tier,64,5,2,0.013449999999999946,0.0134217728,0.002103090286250886,5000000000.0,161,5
2tier,64,5,4,0.010749999999999963,0.01073741824,0.0011717677116360736,6250000000.0,212,8
2tier,64,5,8,0.008749999999999975,0.006696090744944883,0.30673258969879713,10022095959.595959,245,13
2tier,64,5,16,0.006749999999999987,0.005735119534718101,0.17695890367030875,11701388888.88889,254,20
2tier,64,5,32,0.005899999999999992,0.005471295918471337,0.07835512608289585,12265625000.0,256,35
3tier_nb,16,12,1,0.005399999999999995,0.00536870912,0.005828380584715909,12500000000.0,28,1
3tier_nb,16,12,2,0.005399999999999995,0.00536870912,0.005828380584715909,12500000000.0,56,1
3tier_nb,16,12,4,0.005399999999999995,0.00536870912,0.005828380584715909,12500000000.0,106,2
3tier_nb,16,12,8,0.005399999999999995,0.00536870912,0.005828380584715909,12500000000.0,202,3
3tier_nb,16,12,16,0.005399999999999995,0.00536870912,0.005828380584715909,12500000000.0,390,4
3tier_nb,16,12,32,0.005399999999999995,0.00536870912,0.005828380584715909,12500000000.0,665,4
3tier_os2,16,12,1,0.010749999999999963,0.01073741824,0.0011717677116360736,6250000000.0,28,1
3tier_os2,16,12,2,0.005399999999999995,0.00536870912,0.005828380584715909,12500000000.0,56,1
3tier_os2,16,12,4,0.005399999999999995,0.00536870912,0.005828380584715909,12500000000.0,106,2
3tier_os2,16,12,8,0.005399999999999995,0.00536870912,0.005828380584715909,12500000000.0,202,3
3tier_os2,16,12,16,0.005399999999999995,0.00536870912,0.005828380584715909,12500000000.0,390,4
3tier_os2,16,12,32,0.005399999999999995,0.00536870912,0.005828380584715909,12500000000.0,665,4
3tier_os4,16,12,1,0.021500000000000102,0.02147483648,0.0011717677116442893,3125000000.0,28,1
3tier_os4,16,12,2,0.010749999999999963,0.01073741824,0.0011717677116360736,6250000000.0,56,1
3tier_os4,16,12,4,0.010749999999999963,0.007158278826666666,0.501757651567454,9375000000.0,106,2
3tier_os4,16,12,8,0.008099999999999979,0.005856773585454546,0.3830140233039818,11458333333.333332,202,3
3tier_os4,16,12,16,0.005399999999999995,0.00536870912,0.005828380584715909,12500000000.0,390,4
3tier_os4,16,12,32,0.005399999999999995,0.00536870912,0.005828380584715909,12500000000.0,665,4
2tier,16,12,1,0.005399999999999995,0.00536870912,0.005828380584715909,12500000000.0,28,1
2tier,16,12,2,0.005399999999999995,0.00536870912,0.005828380584715909,12500000000.0,47,2
2tier,16,12,4,0.005399999999999995,0.00536870912,0.005828380584715909,12500000000.0,85,4
2tier,16,12,8,0.005399999999999995,0.00536870912,0.005828380584715909,12500000000.0,122,5
2tier,16,12,16,0.005399999999999995,0.00536870912,0.005828380584715909,12500000000.0,160,7
2tier,16,12,32,0.005399999999999995,0.00536870912,0.005828380584715909,12500000000.0,175,14
3tier_nb,64,12,1,0.010749999999999963,0.01073741824,0.0011717677116360736,6250000000.0,112,2
3tier_nb,64,12,2,0.008099999999999979,0.00805306368,0.005828380584714132,8333333333.333333,215,3
3tier_nb,64,12,4,0.005399999999999995,0.00536870912,0.005828380584715909,12500000000.0,407,3
3tier_nb,64,12,8,0.005399999999999995,0.00536870912,0.005828380584715909,12500000000.0,727,4
3tier_nb,64,12,16,0.005399999999999995,0.00536870912,0.005828380584715909,12500000000.0,1180,6
3tier_nb,64,12,32,0.005399999999999995,0.00536870912,0.005828380584715909,12500000000.0,1641,10
3tier_os2,64,12,1,0.021500000000000102,0.02147483648,0.0011717677116442893,3125000000.0,112,2
3tier_os2,64,12,2,0.01614999999999995,0.01610612736,0.002723972002661945,4166666666.6666665,215,3
3tier_os2,64,12,4,0.008099999999999979,0.007158278826666666,0.1315569281578035,9375000000.0,407,3
3tier_os2,64,12,8,0.005399999999999995,0.00536870912,0.005828380584715909,12500000000.0,727,4
3tier_os2,64,12,16,0.005399999999999995,0.00536870912,0.005828380584715909,12500000000.0,1180,6
3tier_os2,64,12,32,0.005399999999999995,0.00536870912,0.005828380584715909,12500000000.0,1641,10
3tier_os4,64,12,1,0.04295000000000072,0.04294967296,7.614493386709498e-06,1562500000.0,112,2
3tier_os4,64,12,2,0.03225000000000041,0.03221225472,0.0011717677116520608,2083333333.3333333,215,3
3tier_os4,64,12,4,0.01614999999999995,0.01073741824,0.5040859580039931,6250000000.0,407,3
3tier_os4,64,12,8,0.010749999999999963,0.006607641993846154,0.6269041225314085,10156250000.0,727,4
3tier_os4,64,12,16,0.008099999999999979,0.0057266230613333335,0.4144461601972542,11718750000.0,1180,6
3tier_os4,64,12,32,0.006749999999999987,0.005510293038346401,0.22498022392391914,12178819444.444443,1641,10
2tier,64,12,1,0.01614999999999995,0.01610612736,0.002723972002661945,4166666666.6666665,102,3
2tier,64,12,2,0.010749999999999963,0.01073741824,0.0011717677116360736,6250000000.0,163,4
2tier,64,12,4,0.009399999999999971,0.00805306368,0.1672576268513961,8333333333.333333,208,7
2tier,64,12,8,0.007399999999999983,0.006353881684160192,0.16464239780348677,10561868686.868687,247,11
2tier,64,12,16,0.007049999999999985,0.005892485619512195,0.19643906752268214,11388888888.88889,255,21
2tier,64,12,32,0.006399999999999989,0.005617632867414455,0.1392698937525303,11946110681.114553,256,38
3tier_nb,16,10,1,0.005399999999999995,0.00536870912,0.005828380584715909,12500000000.0,32,1
3tier_nb,16,10,2,0.005399999999999995,0.00536870912,0.005828380584715909,12500000000.0,58,2
3tier_nb,16,10,4,0.005399999999999995,0.00536870912,0.005828380584715909,12500000000.0,113,3
3tier_nb,16,10,8,0.005399999999999995,0.00536870912,0.005828380584715909,12500000000.0,226,4
3tier_nb,16,10,16,0.005399999999999995,0.00536870912,0.005828380584715909,12500000000.0,412,4
3tier_nb,16,10,32,0.005399999999999995,0.00536870912,0.005828380584715909,12500000000.0,692,6
3tier_os2,16,10,1,0.010749999999999963,0.01073741824,0.0011717677116360736,6250000000.0,32,1
3tier_os2,16,10,2,0.010749999999999963,0.01073741824,0.0011717677116360736,6250000000.0,58,2
3tier_os2,16,10,4,0.008099999999999979,0.007158278826666666,0.1315569281578035,9375000000.0,113,3
3tier_os2,16,10,8,0.005399999999999995,0.00536870912,0.005828380584715909,12500000000.0,226,4
3tier_os2,16,10,16,0.005399999999999995,0.00536870912,0.005828380584715909,12500000000.0,412,4
3tier_os2,16,10,32,0.005399999999999995,0.00536870912,0.005828380584715909,12500000000.0,692,6
3tier_os4,16,10,1,0.021500000000000102,0.02147483648,0.0011717677116442893,3125000000.0,32,1
3tier_os4,16,10,2,0.021500000000000102,0.02147483648,0.0011717677116442893,3125000000.0,58,2
3tier_os4,16,10,4,0.01614999999999995,0.01073741824,0.5040859580039931,6250000000.0,113,3
3tier_os4,16,10,8,0.010749999999999963,0.006135667565714285,0.752050593495363,10937500000.0,226,4
3tier_os4,16,10,16,0.005399999999999995,0.00536870912,0.005828380584715909,12500000000.0,412,4
3tier_os4,16,10,32,0.005399999999999995,0.00536870912,0.005828380584715909,12500000000.0,692,6
2tier,16,10,1,0.005399999999999995,0.00536870912,0.005828380584715909,12500000000.0,32,1
2tier,16,10,2,0.008099999999999979,0.00805306368,0.005828380584714132,8333333333.333333,54,3
2tier,16,10,4,0.005399999999999995,0.00536870912,0.005828380584715909,12500000000.0,93,4
2tier,16,10,8,0.005399999999999995,0.00536870912,0.005828380584715909,12500000000.0,129,6
2tier,16,10,16,0.005399999999999995,0.00536870912,0.005828380584715909,12500000000.0,162,12
2tier,16,10,32,0.005399999999999995,0.00536870912,0.005828380584715909,12500000000.0,173,19
3tier_nb,64,10,1,0.010749999999999963,0.01073741824,0.0011717677116360736,6250000000.0,116,2
3tier_nb,64,10,2,0.005399999999999995,0.00536870912,0.005828380584715909,12500000000.0,229,2
3tier_nb,64,10,4,0.005399999999999995,0.00536870912,0.005828380584715909,12500000000.0,417,3
3tier_nb,64,10,8,0.005399999999999995,0.00536870912,0.005828380584715909,12500000000.0,738,4
3tier_nb,64,10,16,0.005399999999999995,0.00536870912,0.005828380584715909,12500000000.0,1164,5
3tier_nb,64,10,32,0.005399999999999995,0.00536870912,0.005828380584715909,12500000000.0,1574,10
3tier_os2,64,10,1,0.021500000000000102,0.02147483648,0.0011717677116442893,3125000000.0,116,2
3tier_os2,64,10,2,0.010749999999999963,0.01073741824,0.0011717677116360736,6250000000.0,229,2
3tier_os2,64,10,4,0.008099999999999979,0.006442450944,0.25728547573089267,10416666666.666666,417,3
3tier_os2,64,10,8,0.005399999999999995,0.00536870912,0.005828380584715909,12500000000.0,738,4
3tier_os2,64,10,16,0.005399999999999995,0.00536870912,0.005828380584715909,12500000000.0,1164,5
3tier_os2,64,10,32,0.005399999999999995,0.00536870912,0.005828380584715909,12500000000.0,1574,10
3tier_os4,64,10,1,0.04295000000000072,0.04294967296,7.614493386709498e-06,1562500000.0,116,2
3tier_os4,64,10,2,0.021500000000000102,0.02147483648,0.0011717677116442893,3125000000.0,229,2
3tier_os4,64,10,4,0.01614999999999995,0.011713547170909092,0.3787454615036603,5729166666.666666,417,3
3tier_os4,64,10,8,0.010749999999999963,0.00696481183135135,0.5434731418887724,9635416666.666668,738,4
3tier_os4,64,10,16,0.006749999999999987,0.0057266230613333335,0.17870513349771278,11718750000.0,1164,5
3tier_os4,64,10,32,0.006749999999999987,0.005506368328205128,0.22585333883762115,12187500000.0,1574,10
2tier,64,10,1,0.010749999999999963,0.01073741824,0.0011717677116360736,6250000000.0,98,2
2tier,64,10,2,0.010749999999999963,0.01073741824,0.0011717677116360736,6250000000.0,164,4
2tier,64,10,4,0.008099999999999979,0.007158278826666666,0.1315569281578035,9375000000.0,219,6
2tier,64,10,8,0.007399999999999983,0.006171288277271408,0.19910133306425948,10874368686.868687,251,11
2tier,64,10,16,0.006399999999999989,0.005758714971390619,0.11135905003030766,11653444272.44582,256,19
2tier,64,10,32,0.00624999999999999,0.005659737975559629,0.10429140482991994,11857238672.496025,256,37
3tier_nb,16,14,1,0.005399999999999995,0.00536870912,0.005828380584715909,12500000000.0,30,1
3tier_nb,16,14,2,0.005399999999999995,0.00536870912,0.005828380584715909,12500000000.0,57,2
3tier_nb,16,14,4,0.005399999999999995,0.00536870912,0.005828380584715909,12500000000.0,110,3
3tier_nb,16,14,8,0.005399999999999995,0.00536870912,0.005828380584715909,12500000000.0,217,3
3tier_nb,16,14,16,0.005399999999999995,0.00536870912,0.005828380584715909,12500000000.0,414,4
3tier_nb,16,14,32,0.005399999999999995,0.00536870912,0.005828380584715909,12500000000.0,685,4
3tier_os2,16,14,1,0.010749999999999963,0.01073741824,0.0011717677116360736,6250000000.0,30,1
3tier_os2,16,14,2,0.010749999999999963,0.01073741824,0.0011717677116360736,6250000000.0,57,2
3tier_os2,16,14,4,0.008099999999999979,0.007158278826666666,0.1315569281578035,9375000000.0,110,3
3tier_os2,16,14,8,0.005399999999999995,0.00536870912,0.005828380584715909,12500000000.0,217,3
3tier_os2,16,14,16,0.005399999999999995,0.00536870912,0.005828380584715909,12500000000.0,414,4
3tier_os2,16,14,32,0.005399999999999995,0.00536870912,0.005828380584715909,12500000000.0,685,4
3tier_os4,16,14,1,0.021500000000000102,0.02147483648,0.0011717677116442893,3125000000.0,30,1
3tier_os4,16,14,2,0.021500000000000102,0.02147483648,0.0011717677116442893,3125000000.0,57,2
3tier_os4,16,14,4,0.01614999999999995,0.01073741824,0.5040859580039931,6250000000.0,110,3
3tier_os4,16,14,8,0.008099999999999979,0.006135667565714285,0.32014974951743747,10937500000.0,217,3
3tier_os4,16,14,16,0.005399999999999995,0.00536870912,0.005828380584715909,12500000000.0,414,4
3tier_os4,16,14,32,0.005399999999999995,0.00536870912,0.005828380584715909,12500000000.0,685,4
2tier,16,14,1,0.010749999999999963,0.01073741824,0.0011717677116360736,6250000000.0,29,2
2tier,16,14,2,0.010749999999999963,0.01073741824,0.0011717677116360736,6250000000.0,50,4
2tier,16,14,4,0.006749999999999987,0.006316128376470588,0.0686926543712596,10625000000.0,85,5
2tier,16,14,8,0.005399999999999995,0.00536870912,0.005828380584715909,12500000000.0,125,6
2tier,16,14,16,0.005399999999999995,0.00536870912,0.005828380584715909,12500000000.0,163,8
2tier,16,14,32,0.005399999999999995,0.00536870912,0.005828380584715909,12500000000.0,176,17
3tier_nb,64,14,1,0.010749999999999963,0.01073741824,0.0011717677116360736,6250000000.0,113,2
3tier_nb,64,14,2,0.008099999999999979,0.00805306368,0.005828380584714132,8333333333.333333,220,2
3tier_nb,64,14,4,0.005399999999999995,0.00536870912,0.005828380584715909,12500000000.0,405,3
3tier_nb,64,14,8,0.005399999999999995,0.00536870912,0.005828380584715909,12500000000.0,721,4
3tier_nb,64,14,16,0.005399999999999995,0.00536870912,0.005828380584715909,12500000000.0,1178,7
3tier_nb,64,14,32,0.005399999999999995,0.00536870912,0.005828380584715909,12500000000.0,1660,9
3tier_os2,64,14,1,0.021500000000000102,0.02147483648,0.0011717677116442893,3125000000.0,113,2
3tier_os2,64,14,2,0.010749999999999963,0.01073741824,0.0011717677116360736,6250000000.0,220,2
3tier_os2,64,14,4,0.008099999999999979,0.007158278826666666,0.1315569281578035,9375000000.0,405,3
3tier_os2,64,14,8,0.005399999999999995,0.00536870912,0.005828380584715909,12500000000.0,721,4
3tier_os2,64,14,16,0.005399999999999995,0.00536870912,0.005828380584715909,12500000000.0,1178,7
3tier_os2,64,14,32,0.005399999999999995,0.00536870912,0.005828380584715909,12500000000.0,1660,9
3tier_os4,64,14,1,0.04295000000000072,0.04294967296,7.614493386709498e-06,1562500000.0,113,2
3tier_os4,64,14,2,0.021500000000000102,0.02147483648,0.0011717677116442893,3125000000.0,220,2
3tier_os4,64,14,4,0.01614999999999995,0.014316557653333332,0.1280644685029948,4687500000.0,405,3
3tier_os4,64,14,8,0.010749999999999963,0.007158278826666666,0.501757651567454,9375000000.0,721,4
3tier_os4,64,14,16,0.009399999999999971,0.006383178571549894,0.4726205595901989,10513392857.142857,1178,7
3tier_os4,64,14,32,0.006049999999999991,0.005463562638021202,0.10733607369992293,12282986111.11111,1660,9
2tier,64,14,1,0.01614999999999995,0.01610612736,0.002723972002661945,4166666666.6666665,99,3
2tier,64,14,2,0.013449999999999946,0.0134217728,0.002103090286250886,5000000000.0,160,5
2tier,64,14,4,0.009399999999999971,0.00805306368,0.1672576268513961,8333333333.333333,205,7
2tier,64,14,8,0.007399999999999983,0.006353881684160192,0.16464239780348677,10561868686.868687,245,11
2tier,64,14,16,0.006749999999999987,0.006002918375629596,0.12445307059369015,11179373065.015482,255,20
2tier,64,14,32,0.005899999999999992,0.005486272093430657,0.07541148151670041,12232142857.142857,256,35
3tier_nb,16,13,1,0.005399999999999995,0.00536870912,0.005828380584715909,12500000000.0,32,1
3tier_nb,16,13,2,0.005399999999999995,0.00536870912,0.005828380584715909,12500000000.0,63,2
3tier_nb,16,13,4,0.005399999999999995,0.00536870912,0.005828380584715909,12500000000.0,120,2
3tier_nb,16,13,8,0.005399999999999995,0.00536870912,0.005828380584715909,12500000000.0,226,3
3tier_nb,16,13,16,0.005399999999999995,0.00536870912,0.005828380584715909,12500000000.0,411,4
3tier_nb,16,13,32,0.005399999999999995,0.00536870912,0.005828380584715909,12500000000.0,716,6
3tier_os2,16,13,1,0.010749999999999963,0.01073741824,0.0011717677116360736,6250000000.0,32,1
3tier_os2,16,13,2,0.010749999999999963,0.007158278826666666,0.501757651567454,9375000000.0,63,2
3tier_os2,16,13,4,0.005399999999999995,0.00536870912,0.005828380584715909,12500000000.0,120,2
3tier_os2,16,13,8,0.005399999999999995,0.00536870912,0.005828380584715909,12500000000.0,226,3
3tier_os2,16,13,16,0.005399999999999995,0.00536870912,0.005828380584715909,12500000000.0,411,4
3tier_os2,16,13,32,0.005399999999999995,0.00536870912,0.005828380584715909,12500000000.0,716,6
3tier_os4,16,13,1,0.021500000000000102,0.02147483648,0.0011717677116442893,3125000000.0,32,1
3tier_os4,16,13,2,0.021500000000000102,0.014316557653333332,0.5017576515674664,4687500000.0,63,2
3tier_os4,16,13,4,0.010749999999999963,0.007158278826666666,0.501757651567454,9375000000.0,120,2
3tier_os4,16,13,8,0.008099999999999979,0.006135667565714285,0.32014974951743747,10937500000.0,226,3
3tier_os4,16,13,16,0.005399999999999995,0.00536870912,0.005828380584715909,12500000000.0,411,4
3tier_os4,16,13,32,0.005399999999999995,0.00536870912,0.005828380584715909,12500000000.0,716,6
2tier,16,13,1,0.005399999999999995,0.00536870912,0.005828380584715909,12500000000.0,32,1
2tier,16,13,2,0.008099999999999979,0.00805306368,0.005828380584714132,8333333333.333333,57,3
2tier,16,13,4,0.005399999999999995,0.00536870912,0.005828380584715909,12500000000.0,90,4
2tier,16,13,8,0.005399999999999995,0.00536870912,0.005828380584715909,12500000000.0,126,6
2tier,16,13,16,0.005399999999999995,0.00536870912,0.005828380584715909,12500000000.0,159,10
2tier,16,13,32,0.005399999999999995,0.00536870912,0.005828380584715909,12500000000.0,175,16
3tier_nb,64,13,1,0.005399999999999995,0.00536870912,0.005828380584715909,12500000000.0,128,1
3tier_nb,64,13,2,0.008099999999999979,0.00805306368,0.005828380584714132,8333333333.333333,236,3
3tier_nb,64,13,4,0.006749999999999987,0.006316128376470588,0.0686926543712596,10625000000.0,444,3
3tier_nb,64,13,8,0.005399999999999995,0.00536870912,0.005828380584715909,12500000000.0,764,4
3tier_nb,64,13,16,0.005399999999999995,0.00536870912,0.005828380584715909,12500000000.0,1196,6
3tier_nb,64,13,32,0.005399999999999995,0.00536870912,0.005828380584715909,12500000000.0,1626,12
3tier_os2,64,13,1,0.010749999999999963,0.01073741824,0.0011717677116360736,6250000000.0,128,1
3tier_os2,64,13,2,0.01614999999999995,0.012884901888,0.25340496500332743,5208333333.333333,236,3
3tier_os2,64,13,4,0.008099999999999979,0.006853671217021277,0.18184834718703913,9791666666.666666,444,3
3tier_os2,64,13,8,0.005399999999999995,0.00536870912,0.005828380584715909,12500000000.0,764,4
3tier_os2,64,13,16,0.005399999999999995,0.00536870912,0.005828380584715909,12500000000.0,1196,6
3tier_os2,64,13,32,0.005399999999999995,0.00536870912,0.005828380584715909,12500000000.0,1626,12
3tier_os4,64,13,1,0.021500000000000102,0.02147483648,0.0011717677116442893,3125000000.0,128,1
3tier_os4,64,13,2,0.03225000000000041,0.025769803776,0.251464709639565,2604166666.6666665,236,3
3tier_os4,64,13,4,0.01614999999999995,0.011713547170909092,0.3787454615036603,5729166666.666666,444,3
3tier_os4,64,13,8,0.010749999999999963,0.008312839927741934,0.2931801999608632,8072916666.666667,764,4
3tier_os4,64,13,16,0.008099999999999979,0.006049249712676057,0.3390090316534007,11093750000.0,1196,6
3tier_os4,64,13,32,0.008099999999999979,0.005663693137582418,0.4301622286438904,11848958333.333334,1626,12
2tier,64,13,1,0.01614999999999995,0.01610612736,0.002723972002661945,4166666666.6666665,101,3
2tier,64,13,2,0.008099999999999979,0.00805306368,0.005828380584714132,8333333333.333333,160,3
2tier,64,13,4,0.008099999999999979,0.006853671217021277,0.18184834718703913,9791666666.666666,218,6
2tier,64,13,8,0.007399999999999983,0.006135667565714285,0.206062734127042,10937500000.0,249,11
2tier,64,13,16,0.006399999999999989,0.005836240793470762,0.09659628971442147,11498645510.835913,255,19
2tier,64,13,32,0.005399999999999995,0.00536870912,0.005828380584715909,12500000000.0,256,32
3tier_nb,16,15,1,0.005399999999999995,0.00536870912,0.005828380584715909,12500000000.0,30,1
3tier_nb,16,15,2,0.005399999999999995,0.00536870912,0.005828380584715909,12500000000.0,58,2
3tier_nb,16,15,4,0.005399999999999995,0.00536870912,0.005828380584715909,12500000000.0,111,2
3tier_nb,16,15,8,0.005399999999999995,0.00536870912,0.005828380584715909,12500000000.0,205,3
3tier_nb,16,15,16,0.005399999999999995,0.00536870912,0.005828380584715909,12500000000.0,357,4
3tier_nb,16,15,32,0.005399999999999995,0.00536870912,0.005828380584715909,12500000000.0,589,6
3tier_os2,16,15,1,0.010749999999999963,0.01073741824,0.0011717677116360736,6250000000.0,30,1
3tier_os2,16,15,2,0.010749999999999963,0.007158278826666666,0.501757651567454,9375000000.0,58,2
3tier_os2,16,15,4,0.005399999999999995,0.00536870912,0.005828380584715909,12500000000.0,111,2
3tier_os2,16,15,8,0.005399999999999995,0.00536870912,0.005828380584715909,12500000000.0,205,3
3tier_os2,16,15,16,0.005399999999999995,0.00536870912,0.005828380584715909,12500000000.0,357,4
3tier_os2,16,15,32,0.005399999999999995,0.00536870912,0.005828380584715909,12500000000.0,589,6
3tier_os4,16,15,1,0.021500000000000102,0.02147483648,0.0011717677116442893,3125000000.0,30,1
3tier_os4,16,15,2,0.021500000000000102,0.014316557653333332,0.5017576515674664,4687500000.0,58,2
3tier_os4,16,15,4,0.010749999999999963,0.007158278826666666,0.501757651567454,9375000000.0,111,2
3tier_os4,16,15,8,0.008099999999999979,0.006135667565714285,0.32014974951743747,10937500000.0,205,3
3tier_os4,16,15,16,0.005399999999999995,0.00536870912,0.005828380584715909,12500000000.0,357,4
3tier_os4,16,15,32,0.005399999999999995,0.00536870912,0.005828380584715909,12500000000.0,589,6
2tier,16,15,1,0.010749999999999963,0.01073741824,0.0011717677116360736,6250000000.0,29,2
2tier,16,15,2,0.005399999999999995,0.00536870912,0.005828380584715909,12500000000.0,49,2
2tier,16,15,4,0.006749999999999987,0.0059652323555555555,0.13155692815780418,11250000000.0,78,5
2tier,16,15,8,0.005399999999999995,0.00536870912,0.005828380584715909,12500000000.0,100,7
2tier,16,15,16,0.005399999999999995,0.00536870912,0.005828380584715909,12500000000.0,119,11
2tier,16,15,32,0.005399999999999995,0.00536870912,0.005828380584715909,12500000000.0,128,26
3tier_nb,64,15,1,0.010749999999999963,0.01073741824,0.0011717677116360736,6250000000.0,119,2
3tier_nb,64,15,2,0.008099999999999979,0.00805306368,0.005828380584714132,8333333333.333333,219,2
3tier_nb,64,15,4,0.008099999999999979,0.007158278826666666,0.1315569281578035,9375000000.0,417,3
3tier_nb,64,15,8,0.005399999999999995,0.00536870912,0.005828380584715909,12500000000.0,716,4
3tier_nb,64,15,16,0.005399999999999995,0.00536870912,0.005828380584715909,12500000000.0,1156,6
3tier_nb,64,15,32,0.005399999999999995,0.00536870912,0.005828380584715909,12500000000.0,1573,9
3tier_os2,64,15,1,0.021500000000000102,0.02147483648,0.0011717677116442893,3125000000.0,119,2
3tier_os2,64,15,2,0.010749999999999963,0.01073741824,0.0011717677116360736,6250000000.0,219,2
3tier_os2,64,15,4,0.008099999999999979,0.007158278826666666,0.1315569281578035,9375000000.0,417,3
3tier_os2,64,15,8,0.005399999999999995,0.00536870912,0.005828380584715909,12500000000.0,716,4
3tier_os2,64,15,16,0.005399999999999995,0.00536870912,0.005828380584715909,12500000000.0,1156,6
3tier_os2,64,15,32,0.005399999999999995,0.00536870912,0.005828380584715909,12500000000.0,1573,9
3tier_os4,64,15,1,0.04295000000000072,0.04294967296,7.614493386709498e-06,1562500000.0,119,2
3tier_os4,64,15,2,0.021500000000000102,0.02147483648,0.0011717677116442893,3125000000.0,219,2
3tier_os4,64,15,4,0.01614999999999995,0.01073741824,0.5040859580039931,6250000000.0,417,3
3tier_os4,64,15,8,0.010749999999999963,0.006781527309473685,0.5851886322100899,9895833333.333332,716,4
3tier_os4,64,15,16,0.008099999999999979,0.005856773585454546,0.3830140233039818,11458333333.333332,1156,6
3tier_os4,64,15,32,0.006049999999999991,0.005444324741408451,0.11124892201688397,12326388888.88889,1573,9
2tier,64,15,1,0.01614999999999995,0.01610612736,0.002723972002661945,4166666666.6666665,102,3
2tier,64,15,2,0.010749999999999963,0.01073741824,0.0011717677116360736,6250000000.0,159,4
2tier,64,15,4,0.009399999999999971,0.007911781861052632,0.1881015130451711,8482142857.142858,216,7
2tier,64,15,8,0.007399999999999983,0.006216400033684211,0.19039958173578153,10795454545.454544,246,11
2tier,64,15,16,0.005749999999999993,0.005489807821954888,0.04739549843703861,12224264705.88235,253,17
2tier,64,15,32,0.005399999999999995,0.00536870912,0.005828380584715909,12500000000.0,256,30
3tier_nb,16,16,1,0.005399999999999995,0.00536870912,0.005828380584715909,12500000000.0,32,1
3tier_nb,16,16,2,0.005399999999999995,0.00536870912,0.005828380584715909,12500000000.0,64,1
3tier_nb,16,16,4,0.005399999999999995,0.00536870912,0.005828380584715909,12500000000.0,123,2
3tier_nb,16,16,8,0.005399999999999995,0.00536870912,0.005828380584715909,12500000000.0,229,3
3tier_nb,16,16,16,0.005399999999999995,0.00536870912,0.005828380584715909,12500000000.0,405,4
3tier_nb,16,16,32,0.005399999999999995,0.00536870912,0.005828380584715909,12500000000.0,610,5
3tier_os2,16,16,1,0.010749999999999963,0.01073741824,0.0011717677116360736,6250000000.0,32,1
3tier_os2,16,16,2,0.005399999999999995,0.00536870912,0.005828380584715909,12500000000.0,64,1
3tier_os2,16,16,4,0.005399999999999995,0.00536870912,0.005828380584715909,12500000000.0,123,2
3tier_os2,16,16,8,0.005399999999999995,0.00536870912,0.005828380584715909,12500000000.0,229,3
3tier_os2,16,16,16,0.005399999999999995,0.00536870912,0.005828380584715909,12500000000.0,405,4
3tier_os2,16,16,32,0.005399999999999995,0.00536870912,0.005828380584715909,12500000000.0,610,5
3tier_os4,16,16,1,0.021500000000000102,0.02147483648,0.0011717677116442893,3125000000.0,32,1
3tier_os4,16,16,2,0.010749999999999963,0.01073741824,0.0011717677116360736,6250000000.0,64,1
3tier_os4,16,16,4,0.010749999999999963,0.008589934592,0.25146470963954504,7812500000.0,123,2
3tier_os4,16,16,8,0.008099999999999979,0.005856773585454546,0.3830140233039818,11458333333.333332,229,3
3tier_os4,16,16,16,0.005399999999999995,0.00536870912,0.005828380584715909,12500000000.0,405,4
3tier_os4,16,16,32,0.005399999999999995,0.00536870912,0.005828380584715909,12500000000.0,610,5
2tier,16,16,1,0.010749999999999963,0.01073741824,0.0011717677116360736,6250000000.0,29,2
2tier,16,16,2,0.010749999999999963,0.01073741824,0.0011717677116360736,6250000000.0,43,4
2tier,16,16,4,0.005399999999999995,0.00536870912,0.005828380584715909,12500000000.0,81,4
2tier,16,16,8,0.005399999999999995,0.00536870912,0.005828380584715909,12500000000.0,108,6
2tier,16,16,16,0.005399999999999995,0.00536870912,0.005828380584715909,12500000000.0,126,12
2tier,16,16,32,0.005399999999999995,0.00536870912,0.005828380584715909,12500000000.0,128,20
3tier_nb,64,16,1,0.010749999999999963,0.01073741824,0.0011717677116360736,6250000000.0,121,2
3tier_nb,64,16,2,0.005399999999999995,0.00536870912,0.005828380584715909,12500000000.0,237,2
3tier_nb,64,16,4,0.005399999999999995,0.00536870912,0.005828380584715909,12500000000.0,445,3
3tier_nb,64,16,8,0.005399999999999995,0.00536870912,0.005828380584715909,12500000000.0,768,4
3tier_nb,64,16,16,0.005399999999999995,0.00536870912,0.005828380584715909,12500000000.0,1219,6
3tier_nb,64,16,32,0.005399999999999995,0.00536870912,0.005828380584715909,12500000000.0,1657,9
3tier_os2,64,16,1,0.021500000000000102,0.02147483648,0.0011717677116442893,3125000000.0,121,2
3tier_os2,64,16,2,0.010749999999999963,0.01073741824,0.0011717677116360736,6250000000.0,237,2
3tier_os2,64,16,4,0.008099999999999979,0.006442450944,0.25728547573089267,10416666666.666666,445,3
3tier_os2,64,16,8,0.005399999999999995,0.00536870912,0.005828380584715909,12500000000.0,768,4
3tier_os2,64,16,16,0.005399999999999995,0.00536870912,0.005828380584715909,12500000000.0,1219,6
3tier_os2,64,16,32,0.005399999999999995,0.00536870912,0.005828380584715909,12500000000.0,1657,9
3tier_os4,64,16,1,0.04295000000000072,0.04294967296,7.614493386709498e-06,1562500000.0,121,2
3tier_os4,64,16,2,0.021500000000000102,0.02147483648,0.0011717677116442893,3125000000.0,237,2
3tier_os4,64,16,4,0.01614999999999995,0.009911462990769232,0.6294264545043258,6770833333.333333,445,3
3tier_os4,64,16,8,0.010749999999999963,0.006964811831351352,0.5434731418887719,9635416666.666666,768,4
3tier_os4,64,16,16,0.008099999999999979,0.0058302723475113115,0.3893004506826365,11510416666.666668,1219,6
3tier_os4,64,16,32,0.006049999999999991,0.005463562638021202,0.10733607369992293,12282986111.11111,1657,9
2tier,64,16,1,0.01614999999999995,0.01610612736,0.002723972002661945,4166666666.6666665,103,3
2tier,64,16,2,0.010749999999999963,0.01073741824,0.0011717677116360736,6250000000.0,156,4
2tier,64,16,4,0.008099999999999979,0.007158278826666666,0.1315569281578035,9375000000.0,220,6
2tier,64,16,8,0.006749999999999987,0.0059652323555555555,0.13155692815780418,11250000000.0,247,10
2tier,64,16,16,0.005749999999999993,0.0055105240778867935,0.04345792137524507,12178308823.52941,255,17
2tier,64,16,32,0.005399999999999995,0.00536870912,0.005828380584715909,12500000000.0,256,28
3tier_nb,16,11,1,0.005399999999999995,0.00536870912,0.005828380584715909,12500000000.0,28,1
3tier_nb,16,11,2,0.005399999999999995,0.00536870912,0.005828380584715909,12500000000.0,56,1
3tier_nb,16,11,4,0.005399999999999995,0.00536870912,0.005828380584715909,12500000000.0,110,2
3tier_nb,16,11,8,0.005399999999999995,0.00536870912,0.005828380584715909,12500000000.0,210,3
3tier_nb,16,11,16,0.005399999999999995,0.00536870912,0.005828380584715909,12500000000.0,382,3
3tier_nb,16,11,32,0.005399999999999995,0.00536870912,0.005828380584715909,12500000000.0,620,6
3tier_os2,16,11,1,0.010749999999999963,0.01073741824,0.0011717677116360736,6250000000.0,28,1
3tier_os2,16,11,2,0.005399999999999995,0.00536870912,0.005828380584715909,12500000000.0,56,1
3tier_os2,16,11,4,0.005399999999999995,0.00536870912,0.005828380584715909,12500000000.0,110,2
3tier_os2,16,11,8,0.005399999999999995,0.00536870912,0.005828380584715909,12500000000.0,210,3
3tier_os2,16,11,16,0.005399999999999995,0.00536870912,0.005828380584715909,12500000000.0,382,3
3tier_os2,16,11,32,0.005399999999999995,0.00536870912,0.005828380584715909,12500000000.0,620,6
3tier_os4,16,11,1,0.021500000000000102,0.02147483648,0.0011717677116442893,3125000000.0,28,1
3tier_os4,16,11,2,0.010749999999999963,0.01073741824,0.0011717677116360736,6250000000.0,56,1
3tier_os4,16,11,4,0.010749999999999963,0.006135667565714285,0.752050593495363,10937500000.0,110,2
3tier_os4,16,11,8,0.008099999999999979,0.005856773585454546,0.3830140233039818,11458333333.333332,210,3
3tier_os4,16,11,16,0.005399999999999995,0.00536870912,0.005828380584715909,12500000000.0,382,3
3tier_os4,16,11,32,0.005399999999999995,0.00536870912,0.005828380584715909,12500000000.0,620,6
2tier,16,11,1,0.005399999999999995,0.00536870912,0.005828380584715909,12500000000.0,28,1
2tier,16,11,2,0.005399999999999995,0.00536870912,0.005828380584715909,12500000000.0,49,2
2tier,16,11,4,0.005399999999999995,0.00536870912,0.005828380584715909,12500000000.0,81,4
2tier,16,11,8,0.005399999999999995,0.00536870912,0.005828380584715909,12500000000.0,133,6
2tier,16,11,16,0.005399999999999995,0.00536870912,0.005828380584715909,12500000000.0,161,7
2tier,16,11,32,0.005399999999999995,0.00536870912,0.005828380584715909,12500000000.0,174,12
3tier_nb,64,11,1,0.010749999999999963,0.01073741824,0.0011717677116360736,6250000000.0,115,2
3tier_nb,64,11,2,0.008099999999999979,0.00805306368,0.005828380584714132,8333333333.333333,218,2
3tier_nb,64,11,4,0.005399999999999995,0.00536870912,0.005828380584715909,12500000000.0,419,4
3tier_nb,64,11,8,0.005399999999999995,0.00536870912,0.005828380584715909,12500000000.0,758,4
3tier_nb,64,11,16,0.005399999999999995,0.00536870912,0.005828380584715909,12500000000.0,1204,7
3tier_nb,64,11,32,0.005399999999999995,0.00536870912,0.005828380584715909,12500000000.0,1651,10
3tier_os2,64,11,1,0.021500000000000102,0.02147483648,0.0011717677116442893,3125000000.0,115,2
3tier_os2,64,11,2,0.010749999999999963,0.01073741824,0.0011717677116360736,6250000000.0,218,2
3tier_os2,64,11,4,0.010749999999999963,0.007158278826666666,0.501757651567454,9375000000.0,419,4
3tier_os2,64,11,8,0.005399999999999995,0.00536870912,0.005828380584715909,12500000000.0,758,4
3tier_os2,64,11,16,0.005399999999999995,0.00536870912,0.005828380584715909,12500000000.0,1204,7
3tier_os2,64,11,32,0.005399999999999995,0.00536870912,0.005828380584715909,12500000000.0,1651,10
3tier_os4,64,11,1,0.04295000000000072,0.04294967296,7.614493386709498e-06,1562500000.0,115,2
3tier_os4,64,11,2,0.021500000000000102,0.02147483648,0.0011717677116442893,3125000000.0,218,2
3tier_os4,64,11,4,0.021500000000000102,0.01227133513142857,0.7520505934953774,5468750000.0,419,4
3tier_os4,64,11,8,0.010749999999999963,0.007158278826666666,0.501757651567454,9375000000.0,758,4
3tier_os4,64,11,16,0.009399999999999971,0.005992977622325581,0.5685024360815636,11197916666.666668,1204,7
3tier_os4,64,11,32,0.006749999999999987,0.005471295918471337,0.23371137306093925,12265625000.0,1651,10
2tier,64,11,1,0.021500000000000102,0.02147483648,0.0011717677116442893,3125000000.0,100,4
2tier,64,11,2,0.01614999999999995,0.01610612736,0.002723972002661945,4166666666.6666665,154,6
2tier,64,11,4,0.009399999999999971,0.007158278826666666,0.3131648302078207,9375000000.0,203,7
2tier,64,11,8,0.008099999999999979,0.006442450944,0.25728547573089267,10416666666.666666,229,12
2tier,64,11,16,0.006399999999999989,0.005691382304032821,0.12450713343664388,11791311919.504644,240,19
2tier,64,11,32,0.005749999999999993,0.0054590238528598135,0.053301864029728696,12293198529.411764,240,34
3tier_nb,16,17,1,0.005399999999999995,0.00536870912,0.005828380584715909,12500000000.0,30,1
3tier_nb,16,17,2,0.005399999999999995,0.00536870912,0.005828380584715909,12500000000.0,60,1
3tier_nb,16,17,4,0.005399999999999995,0.00536870912,0.005828380584715909,12500000000.0,118,2
3tier_nb,16,17,8,0.005399999999999995,0.00536870912,0.005828380584715909,12500000000.0,214,2
3tier_nb,16,17,16,0.005399999999999995,0.00536870912,0.005828380584715909,12500000000.0,401,4
3tier_nb,16,17,32,0.005399999999999995,0.00536870912,0.005828380584715909,12500000000.0,708,6
3tier_os2,16,17,1,0.010749999999999963,0.01073741824,0.0011717677116360736,6250000000.0,30,1
3tier_os2,16,17,2,0.005399999999999995,0.00536870912,0.005828380584715909,12500000000.0,60,1
3tier_os2,16,17,4,0.005399999999999995,0.00536870912,0.005828380584715909,12500000000.0,118,2
3tier_os2,16,17,8,0.005399999999999995,0.00536870912,0.005828380584715909,12500000000.0,214,2
3tier_os2,16,17,16,0.005399999999999995,0.00536870912,0.005828380584715909,12500000000.0,401,4
3tier_os2,16,17,32,0.005399999999999995,0.00536870912,0.005828380584715909,12500000000.0,708,6
3tier_os4,16,17,1,0.021500000000000102,0.02147483648,0.0011717677116442893,3125000000.0,30,1
3tier_os4,16,17,2,0.010749999999999963,0.01073741824,0.0011717677116360736,6250000000.0,60,1
3tier_os4,16,17,4,0.010749999999999963,0.007158278826666666,0.501757651567454,9375000000.0,118,2
3tier_os4,16,17,8,0.005399999999999995,0.00536870912,0.005828380584715909,12500000000.0,214,2
3tier_os4,16,17,16,0.005399999999999995,0.00536870912,0.005828380584715909,12500000000.0,401,4
3tier_os4,16,17,32,0.005399999999999995,0.00536870912,0.005828380584715909,12500000000.0,708,6
2tier,16,17,1,0.010749999999999963,0.01073741824,0.0011717677116360736,6250000000.0,28,2
2tier,16,17,2,0.008099999999999979,0.00805306368,0.005828380584714132,8333333333.333333,52,3
2tier,16,17,4,0.005399999999999995,0.00536870912,0.005828380584715909,12500000000.0,89,4
2tier,16,17,8,0.005399999999999995,0.00536870912,0.005828380584715909,12500000000.0,132,5
2tier,16,17,16,0.005399999999999995,0.00536870912,0.005828380584715909,12500000000.0,172,9
2tier,16,17,32,0.005399999999999995,0.00536870912,0.005828380584715909,12500000000.0,192,15
3tier_nb,64,17,1,0.010749999999999963,0.01073741824,0.0011717677116360736,6250000000.0,112,2
3tier_nb,64,17,2,0.010749999999999963,0.01073741824,0.0011717677116360736,6250000000.0,221,2
3tier_nb,64,17,4,0.006749999999999987,0.0059652323555555555,0.13155692815780418,11250000000.0,415,3
3tier_nb,64,17,8,0.006049999999999991,0.0056845155388235286,0.06429474221335374,11805555555.555557,731,4
3tier_nb,64,17,16,0.005399999999999995,0.00536870912,0.005828380584715909,12500000000.0,1151,6
3tier_nb,64,17,32,0.005399999999999995,0.00536870912,0.005828380584715909,12500000000.0,1599,9
3tier_os2,64,17,1,0.021500000000000102,0.02147483648,0.0011717677116442893,3125000000.0,112,2
3tier_os2,64,17,2,0.010749999999999963,0.01073741824,0.0011717677116360736,6250000000.0,221,2
3tier_os2,64,17,4,0.008099999999999979,0.006442450944,0.25728547573089267,10416666666.666666,415,3
3tier_os2,64,17,8,0.006049999999999991,0.0056845155388235286,0.06429474221335374,11805555555.555557,731,4
3tier_os2,64,17,16,0.005399999999999995,0.00536870912,0.005828380584715909,12500000000.0,1151,6
3tier_os2,64,17,32,0.005399999999999995,0.00536870912,0.005828380584715909,12500000000.0,1599,9
3tier_os4,64,17,1,0.04295000000000072,0.04294967296,7.614493386709498e-06,1562500000.0,112,2
3tier_os4,64,17,2,0.021500000000000102,0.02147483648,0.0011717677116442893,3125000000.0,221,2
3tier_os4,64,17,4,0.01614999999999995,0.01171354717090909,0.3787454615036603,5729166666.666667,415,3
3tier_os4,64,17,8,0.010749999999999963,0.007809031447272728,0.3766111806034993,8593750000.0,731,4
3tier_os4,64,17,16,0.008099999999999979,0.005856773585454546,0.3830140233039818,11458333333.333332,1151,6
3tier_os4,64,17,32,0.006049999999999991,0.0054443247414084515,0.11124892201688374,12326388888.888887,1599,9
2tier,64,17,1,0.01614999999999995,0.01610612736,0.002723972002661945,4166666666.6666665,99,3
2tier,64,17,2,0.010749999999999963,0.01073741824,0.0011717677116360736,6250000000.0,156,4
2tier,64,17,4,0.009399999999999971,0.008541128145454546,0.10055719103131633,7857142857.142857,208,7
2tier,64,17,8,0.007399999999999983,0.006471868528219178,0.14341012456200075,10369318181.818182,250,11
2tier,64,17,16,0.006399999999999989,0.005647361842491349,0.1332725223742015,11883223684.210527,256,19
2tier,64,17,32,0.006049999999999991,0.005541893285161292,0.09168468043207922,12109374999.999996,256,36
3tier_nb,16,19,1,0.005399999999999995,0.00536870912,0.005828380584715909,12500000000.0,32,1
3tier_nb,16,19,2,0.005399999999999995,0.00536870912,0.005828380584715909,12500000000.0,64,1
3tier_nb,16,19,4,0.005399999999999995,0.00536870912,0.005828380584715909,12500000000.0,121,2
3tier_nb,16,19,8,0.005399999999999995,0.00536870912,0.005828380584715909,12500000000.0,229,3
3tier_nb,16,19,16,0.005399999999999995,0.00536870912,0.005828380584715909,12500000000.0,428,3
3tier_nb,16,19,32,0.005399999999999995,0.00536870912,0.005828380584715909,12500000000.0,729,5
3tier_os2,16,19,1,0.010749999999999963,0.01073741824,0.0011717677116360736,6250000000.0,32,1
3tier_os2,16,19,2,0.005399999999999995,0.00536870912,0.005828380584715909,12500000000.0,64,1
3tier_os2,16,19,4,0.005399999999999995,0.00536870912,0.005828380584715909,12500000000.0,121,2
3tier_os2,16,19,8,0.005399999999999995,0.00536870912,0.005828380584715909,12500000000.0,229,3
3tier_os2,16,19,16,0.005399999999999995,0.00536870912,0.005828380584715909,12500000000.0,428,3
3tier_os2,16,19,32,0.005399999999999995,0.00536870912,0.005828380584715909,12500000000.0,729,5
3tier_os4,16,19,1,0.021500000000000102,0.02147483648,0.0011717677116442893,3125000000.0,32,1
3tier_os4,16,19,2,0.010749999999999963,0.01073741824,0.0011717677116360736,6250000000.0,64,1
3tier_os4,16,19,4,0.010749999999999963,0.007158278826666666,0.501757651567454,9375000000.0,121,2
3tier_os4,16,19,8,0.008099999999999979,0.005856773585454546,0.3830140233039818,11458333333.333332,229,3
3tier_os4,16,19,16,0.005399999999999995,0.00536870912,0.005828380584715909,12500000000.0,428,3
3tier_os4,16,19,32,0.005399999999999995,0.00536870912,0.005828380584715909,12500000000.0,729,5
2tier,16,19,1,0.005399999999999995,0.00536870912,0.005828380584715909,12500000000.0,32,1
2tier,16,19,2,0.005399999999999995,0.00536870912,0.005828380584715909,12500000000.0,59,2
2tier,16,19,4,0.006749999999999987,0.006316128376470588,0.0686926543712596,10625000000.0,95,5
2tier,16,19,8,0.005399999999999995,0.00536870912,0.005828380584715909,12500000000.0,139,8
2tier,16,19,16,0.005399999999999995,0.00536870912,0.005828380584715909,12500000000.0,173,9
2tier,16,19,32,0.005399999999999995,0.00536870912,0.005828380584715909,12500000000.0,189,15
3tier_nb,64,19,1,0.010749999999999963,0.01073741824,0.0011717677116360736,6250000000.0,116,2
3tier_nb,64,19,2,0.008099999999999979,0.006442450944,0.25728547573089267,10416666666.666666,224,3
3tier_nb,64,19,4,0.005399999999999995,0.00536870912,0.005828380584715909,12500000000.0,422,3
3tier_nb,64,19,8,0.005399999999999995,0.00536870912,0.005828380584715909,12500000000.0,754,4
3tier_nb,64,19,16,0.005399999999999995,0.00536870912,0.005828380584715909,12500000000.0,1229,5
3tier_nb,64,19,32,0.005399999999999995,0.00536870912,0.005828380584715909,12500000000.0,1681,10
3tier_os2,64,19,1,0.021500000000000102,0.02147483648,0.0011717677116442893,3125000000.0,116,2
3tier_os2,64,19,2,0.01614999999999995,0.012884901888,0.25340496500332743,5208333333.333333,224,3
3tier_os2,64,19,4,0.008099999999999979,0.007158278826666666,0.1315569281578035,9375000000.0,422,3
3tier_os2,64,19,8,0.005399999999999995,0.00536870912,0.005828380584715909,12500000000.0,754,4
3tier_os2,64,19,16,0.005399999999999995,0.00536870912,0.005828380584715909,12500000000.0,1229,5
3tier_os2,64,19,32,0.005399999999999995,0.00536870912,0.005828380584715909,12500000000.0,1681,10
3tier_os4,64,19,1,0.04295000000000072,0.04294967296,7.614493386709498e-06,1562500000.0,116,2
3tier_os4,64,19,2,0.03225000000000041,0.025769803776,0.251464709639565,2604166666.6666665,224,3
3tier_os4,64,19,4,0.01614999999999995,0.01073741824,0.5040859580039931,6250000000.0,422,3
3tier_os4,64,19,8,0.010749999999999963,0.006442450944,0.6686196128527264,10416666666.666666,754,4
3tier_os4,64,19,16,0.006749999999999987,0.005651272757894737,0.19442120194434875,11875000000.0,1229,5
3tier_os4,64,19,32,0.006749999999999987,0.005471295918471337,0.23371137306093925,12265625000.0,1681,10
2tier,64,19,1,0.021500000000000102,0.02147483648,0.0011717677116442893,3125000000.0,98,4
2tier,64,19,2,0.010749999999999963,0.01073741824,0.0011717677116360736,6250000000.0,160,4
2tier,64,19,4,0.008099999999999979,0.0076695844571428575,0.05611979961394975,8750000000.0,221,6
2tier,64,19,8,0.007399999999999983,0.006316128376470588,0.1716037988662693,10625000000.0,248,11
2tier,64,19,16,0.006749999999999987,0.005651272757894737,0.19442120194434875,11875000000.0,255,20
2tier,64,19,32,0.005399999999999995,0.00536870912,0.005828380584715909,12500000000.0,256,31
3tier_nb,16,18,1,0.005399999999999995,0.00536870912,0.005828380584715909,12500000000.0,32,1
3tier_nb,16,18,2,0.008099999999999979,0.00805306368,0.005828380584714132,8333333333.333333,58,2
3tier_nb,16,18,4,0.006749999999999987,0.006316128376470588,0.0686926543712596,10625000000.0,114,3
3tier_nb,16,18,8,0.005399999999999995,0.00536870912,0.005828380584715909,12500000000.0,227,3
3tier_nb,16,18,16,0.005399999999999995,0.00536870912,0.005828380584715909,12500000000.0,410,5
3tier_nb,16,18,32,0.005399999999999995,0.00536870912,0.005828380584715909,12500000000.0,681,7
3tier_os2,16,18,1,0.010749999999999963,0.01073741824,0.0011717677116360736,6250000000.0,32,1
3tier_os2,16,18,2,0.010749999999999963,0.01073741824,0.0011717677116360736,6250000000.0,58,2
3tier_os2,16,18,4,0.008099999999999979,0.006442450944,0.25728547573089267,10416666666.666666,114,3
3tier_os2,16,18,8,0.005399999999999995,0.00536870912,0.005828380584715909,12500000000.0,227,3
3tier_os2,16,18,16,0.005399999999999995,0.00536870912,0.005828380584715909,12500000000.0,410,5
3tier_os2,16,18,32,0.005399999999999995,0.00536870912,0.005828380584715909,12500000000.0,681,7
3tier_os4,16,18,1,0.021500000000000102,0.02147483648,0.0011717677116442893,3125000000.0,32,1
3tier_os4,16,18,2,0.021500000000000102,0.02147483648,0.0011717677116442893,3125000000.0,58,2
3tier_os4,16,18,4,0.01614999999999995,0.009911462990769232,0.6294264545043258,6770833333.333333,114,3
3tier_os4,16,18,8,0.008099999999999979,0.005856773585454546,0.3830140233039818,11458333333.333332,227,3
3tier_os4,16,18,16,0.006749999999999987,0.005577879605194805,0.21013727039098518,12031250000.0,410,5
3tier_os4,16,18,32,0.005399999999999995,0.00536870912,0.005828380584715909,12500000000.0,681,7
2tier,16,18,1,0.010749999999999963,0.01073741824,0.0011717677116360736,6250000000.0,29,2
2tier,16,18,2,0.005399999999999995,0.00536870912,0.005828380584715909,12500000000.0,55,2
2tier,16,18,4,0.006749999999999987,0.0059652323555555555,0.13155692815780418,11250000000.0,86,5
2tier,16,18,8,0.005399999999999995,0.00536870912,0.005828380584715909,12500000000.0,127,5
2tier,16,18,16,0.005399999999999995,0.00536870912,0.005828380584715909,12500000000.0,150,11
2tier,16,18,32,0.005399999999999995,0.00536870912,0.005828380584715909,12500000000.0,160,20
3tier_nb,64,18,1,0.010749999999999963,0.01073741824,0.0011717677116360736,6250000000.0,121,2
3tier_nb,64,18,2,0.008099999999999979,0.00805306368,0.005828380584714132,8333333333.333333,232,3
3tier_nb,64,18,4,0.006749999999999987,0.006316128376470588,0.0686926543712596,10625000000.0,425,3
3tier_nb,64,18,8,0.005399999999999995,0.00536870912,0.005828380584715909,12500000000.0,741,4
3tier_nb,64,18,16,0.005399999999999995,0.00536870912,0.005828380584715909,12500000000.0,1160,7
3tier_nb,64,18,32,0.005399999999999995,0.00536870912,0.005828380584715909,12500000000.0,1585,10
3tier_os2,64,18,1,0.021500000000000102,0.02147483648,0.0011717677116442893,3125000000.0,121,2
3tier_os2,64,18,2,0.01614999999999995,0.01073741824,0.5040859580039931,6250000000.0,232,3
3tier_os2,64,18,4,0.008099999999999979,0.006573929534693877,0.23213976621627497,10208333333.333334,425,3
3tier_os2,64,18,8,0.005399999999999995,0.00536870912,0.005828380584715909,12500000000.0,741,4
3tier_os2,64,18,16,0.005399999999999995,0.00536870912,0.005828380584715909,12500000000.0,1160,7
3tier_os2,64,18,32,0.005399999999999995,0.00536870912,0.005828380584715909,12500000000.0,1585,10
3tier_os4,64,18,1,0.04295000000000072,0.04294967296,7.614493386709498e-06,1562500000.0,121,2
3tier_os4,64,18,2,0.03225000000000041,0.02147483648,0.5017576515674782,3125000000.0,232,3
3tier_os4,64,18,4,0.01614999999999995,0.01073741824,0.5040859580039931,6250000000.0,425,3
3tier_os4,64,18,8,0.010749999999999963,0.00805306368,0.33489569028218136,8333333333.333333,741,4
3tier_os4,64,18,16,0.009399999999999971,0.005918262022047244,0.5883041279656498,11339285714.285715,1160,7
3tier_os4,64,18,32,0.006749999999999987,0.005561828153093525,0.213629730045793,12065972222.222221,1585,10
2tier,64,18,1,0.01614999999999995,0.01610612736,0.002723972002661945,4166666666.6666665,101,3
2tier,64,18,2,0.010749999999999963,0.01073741824,0.0011717677116360736,6250000000.0,160,4
2tier,64,18,4,0.008099999999999979,0.007320966981818182,0.10641121864318559,9166666666.666666,213,6
2tier,64,18,8,0.006049999999999991,0.005769359054328358,0.048643348945510256,11631944444.444445,247,9
2tier,64,18,16,0.005399999999999995,0.00536870912,0.005828380584715909,12500000000.0,253,15
2tier,64,18,32,0.005399999999999995,0.00536870912,0.005828380584715909,12500000000.0,256,30
3tier_nb,16,20,1,0.005399999999999995,0.00536870912,0.005828380584715909,12500000000.0,30,1
3tier_nb,16,20,2,0.005399999999999995,0.00536870912,0.005828380584715909,12500000000.0,60,1
3tier_nb,16,20,4,0.005399999999999995,0.00536870912,0.005828380584715909,12500000000.0,115,2
3tier_nb,16,20,8,0.005399999999999995,0.00536870912,0.005828380584715909,12500000000.0,220,3
3tier_nb,16,20,16,0.005399999999999995,0.00536870912,0.005828380584715909,12500000000.0,401,4
3tier_nb,16,20,32,0.005399999999999995,0.00536870912,0.005828380584715909,12500000000.0,701,5
3tier_os2,16,20,1,0.010749999999999963,0.01073741824,0.0011717677116360736,6250000000.0,30,1
3tier_os2,16,20,2,0.005399999999999995,0.00536870912,0.005828380584715909,12500000000.0,60,1
3tier_os2,16,20,4,0.005399999999999995,0.00536870912,0.005828380584715909,12500000000.0,115,2
3tier_os2,16,20,8,0.005399999999999995,0.00536870912,0.005828380584715909,12500000000.0,220,3
3tier_os2,16,20,16,0.005399999999999995,0.00536870912,0.005828380584715909,12500000000.0,401,4
3tier_os2,16,20,32,0.005399999999999995,0.00536870912,0.005828380584715909,12500000000.0,701,5
3tier_os4,16,20,1,0.021500000000000102,0.02147483648,0.0011717677116442893,3125000000.0,30,1
3tier_os4,16,20,2,0.010749999999999963,0.01073741824,0.0011717677116360736,6250000000.0,60,1
3tier_os4,16,20,4,0.010749999999999963,0.007158278826666666,0.501757651567454,9375000000.0,115,2
3tier_os4,16,20,8,0.008099999999999979,0.005856773585454546,0.3830140233039818,11458333333.333332,220,3
3tier_os4,16,20,16,0.005399999999999995,0.00536870912,0.005828380584715909,12500000000.0,401,4
3tier_os4,16,20,32,0.005399999999999995,0.00536870912,0.005828380584715909,12500000000.0,701,5
2tier,16,20,1,0.010749999999999963,0.01073741824,0.0011717677116360736,6250000000.0,28,2
2tier,16,20,2,0.005399999999999995,0.00536870912,0.005828380584715909,12500000000.0,55,2
2tier,16,20,4,0.005399999999999995,0.00536870912,0.005828380584715909,12500000000.0,85,4
2tier,16,20,8,0.005399999999999995,0.00536870912,0.005828380584715909,12500000000.0,140,6
2tier,16,20,16,0.005399999999999995,0.00536870912,0.005828380584715909,12500000000.0,167,9
2tier,16,20,32,0.005399999999999995,0.00536870912,0.005828380584715909,12500000000.0,190,15
3tier_nb,64,20,1,0.010749999999999963,0.01073741824,0.0011717677116360736,6250000000.0,115,2
3tier_nb,64,20,2,0.008099999999999979,0.00805306368,0.005828380584714132,8333333333.333333,225,2
3tier_nb,64,20,4,0.005399999999999995,0.00536870912,0.005828380584715909,12500000000.0,426,4
3tier_nb,64,20,8,0.005399999999999995,0.00536870912,0.005828380584715909,12500000000.0,746,6
3tier_nb,64,20,16,0.005399999999999995,0.00536870912,0.005828380584715909,12500000000.0,1198,8
3tier_nb,64,20,32,0.005399999999999995,0.00536870912,0.005828380584715909,12500000000.0,1633,12
3tier_os2,64,20,1,0.021500000000000102,0.02147483648,0.0011717677116442893,3125000000.0,115,2
3tier_os2,64,20,2,0.010749999999999963,0.01073741824,0.0011717677116360736,6250000000.0,225,2
3tier_os2,64,20,4,0.010749999999999963,0.00805306368,0.33489569028218136,8333333333.333333,426,4
3tier_os2,64,20,8,0.008099999999999979,0.00619466436923077,0.3075768947601283,10833333333.333332,746,6
3tier_os2,64,20,16,0.005399999999999995,0.00536870912,0.005828380584715909,12500000000.0,1198,8
3tier_os2,64,20,32,0.005399999999999995,0.00536870912,0.005828380584715909,12500000000.0,1633,12
3tier_os4,64,20,1,0.04295000000000072,0.04294967296,7.614493386709498e-06,1562500000.0,115,2
3tier_os4,64,20,2,0.021500000000000102,0.02147483648,0.0011717677116442893,3125000000.0,225,2
3tier_os4,64,20,4,0.021500000000000102,0.01171354717090909,0.8354815741380144,5729166666.666667,426,4
3tier_os4,64,20,8,0.01614999999999995,0.008647585159731545,0.8675733978549578,7760416666.666666,746,6
3tier_os4,64,20,16,0.010749999999999963,0.0061356675657142845,0.7520505934953632,10937500000.000002,1198,8
3tier_os4,64,20,32,0.008099999999999979,0.005581906955090254,0.45111698657273847,12022569444.444443,1633,12
2tier,64,20,1,0.021500000000000102,0.02147483648,0.0011717677116442893,3125000000.0,101,4
2tier,64,20,2,0.013449999999999946,0.01073741824,0.2526288628578137,6250000000.0,154,5
2tier,64,20,4,0.009399999999999971,0.007911781861052632,0.1881015130451711,8482142857.142858,201,7
2tier,64,20,8,0.008099999999999979,0.00633683699409836,0.27824023365974093,10590277777.777779,239,12
2tier,64,20,16,0.007399999999999983,0.00609608261367742,0.21389431032267203,11008522727.272726,254,22
2tier,64,20,32,0.005899999999999992,0.005543997268944571,0.06421408846097698,12104779411.764706,256,35
3tier_nb,16,24,1,0.010749999999999963,0.01073741824,0.0011717677116360736,6250000000.0,27,2
3tier_nb,16,24,2,0.005399999999999995,0.00536870912,0.005828380584715909,12500000000.0,55,2
3tier_nb,16,24,4,0.005399999999999995,0.00536870912,0.005828380584715909,12500000000.0,108,2
3tier_nb,16,24,8,0.005399999999999995,0.00536870912,0.005828380584715909,12500000000.0,207,3
3tier_nb,16,24,16,0.005399999999999995,0.00536870912,0.005828380584715909,12500000000.0,357,5
3tier_nb,16,24,32,0.005399999999999995,0.00536870912,0.005828380584715909,12500000000.0,599,6
3tier_os2,16,24,1,0.021500000000000102,0.02147483648,0.0011717677116442893,3125000000.0,27,2
3tier_os2,16,24,2,0.010749999999999963,0.007158278826666666,0.501757651567454,9375000000.0,55,2
3tier_os2,16,24,4,0.005399999999999995,0.00536870912,0.005828380584715909,12500000000.0,108,2
3tier_os2,16,24,8,0.005399999999999995,0.00536870912,0.005828380584715909,12500000000.0,207,3
3tier_os2,16,24,16,0.005399999999999995,0.00536870912,0.005828380584715909,12500000000.0,357,5
3tier_os2,16,24,32,0.005399999999999995,0.00536870912,0.005828380584715909,12500000000.0,599,6
3tier_os4,16,24,1,0.04295000000000072,0.04294967296,7.614493386709498e-06,1562500000.0,27,2
3tier_os4,16,24,2,0.021500000000000102,0.014316557653333332,0.5017576515674664,4687500000.0,55,2
3tier_os4,16,24,4,0.010749999999999963,0.007158278826666666,0.501757651567454,9375000000.0,108,2
3tier_os4,16,24,8,0.008099999999999979,0.0056021312556521746,0.4458782970905264,11979166666.666666,207,3
3tier_os4,16,24,16,0.006749999999999987,0.005577879605194805,0.21013727039098518,12031250000.0,357,5
3tier_os4,16,24,32,0.005399999999999995,0.00536870912,0.005828380584715909,12500000000.0,599,6
2tier,16,24,1,0.010749999999999963,0.01073741824,0.0011717677116360736,6250000000.0,29,2
2tier,16,24,2,0.008099999999999979,0.00805306368,0.005828380584714132,8333333333.333333,48,3
2tier,16,24,4,0.005399999999999995,0.00536870912,0.005828380584715909,12500000000.0,81,4
2tier,16,24,8,0.005399999999999995,0.00536870912,0.005828380584715909,12500000000.0,125,6
2tier,16,24,16,0.005399999999999995,0.00536870912,0.005828380584715909,12500000000.0,165,11
2tier,16,24,32,0.005399999999999995,0.00536870912,0.005828380584715909,12500000000.0,176,19
3tier_nb,64,24,1,0.010749999999999963,0.01073741824,0.0011717677116360736,6250000000.0,116,2
3tier_nb,64,24,2,0.008099999999999979,0.00805306368,0.005828380584714132,8333333333.333333,220,2
3tier_nb,64,24,4,0.006749999999999987,0.006316128376470588,0.0686926543712596,10625000000.0,417,3
3tier_nb,64,24,8,0.005399999999999995,0.00536870912,0.005828380584715909,12500000000.0,737,4
3tier_nb,64,24,16,0.005399999999999995,0.00536870912,0.005828380584715909,12500000000.0,1146,7
3tier_nb,64,24,32,0.005399999999999995,0.00536870912,0.005828380584715909,12500000000.0,1582,10
3tier_os2,64,24,1,0.021500000000000102,0.02147483648,0.0011717677116442893,3125000000.0,116,2
3tier_os2,64,24,2,0.010749999999999963,0.01073741824,0.0011717677116360736,6250000000.0,220,2
3tier_os2,64,24,4,0.008099999999999979,0.006442450944,0.25728547573089267,10416666666.666666,417,3
3tier_os2,64,24,8,0.005399999999999995,0.00536870912,0.005828380584715909,12500000000.0,737,4
3tier_os2,64,24,16,0.005399999999999995,0.00536870912,0.005828380584715909,12500000000.0,1146,7
3tier_os2,64,24,32,0.005399999999999995,0.00536870912,0.005828380584715909,12500000000.0,1582,10
3tier_os4,64,24,1,0.04295000000000072,0.04294967296,7.614493386709498e-06,1562500000.0,116,2
3tier_os4,64,24,2,0.021500000000000102,0.02147483648,0.0011717677116442893,3125000000.0,220,2
3tier_os4,64,24,4,0.01614999999999995,0.01073741824,0.5040859580039931,6250000000.0,417,3
3tier_os4,64,24,8,0.010749999999999963,0.00696481183135135,0.5434731418887724,9635416666.666668,737,4
3tier_os4,64,24,16,0.009399999999999971,0.006000952309780439,0.5664180474621863,11183035714.285715,1146,7
3tier_os4,64,24,32,0.006749999999999987,0.005471295918471337,0.23371137306093925,12265625000.0,1582,10
2tier,64,24,1,0.01614999999999995,0.01610612736,0.002723972002661945,4166666666.6666665,98,3
2tier,64,24,2,0.010749999999999963,0.01073741824,0.0011717677116360736,6250000000.0,152,4
2tier,64,24,4,0.009399999999999971,0.007158278826666666,0.3131648302078207,9375000000.0,214,7
2tier,64,24,8,0.006049999999999991,0.005769359054328358,0.048643348945510256,11631944444.444445,247,9
2tier,64,24,16,0.005399999999999995,0.00536870912,0.005828380584715909,12500000000.0,255,15
2tier,64,24,32,0.005399999999999995,0.00536870912,0.005828380584715909,12500000000.0,256,30
3tier_nb,16,23,1,0.005399999999999995,0.00536870912,0.005828380584715909,12500000000.0,30,1
3tier_nb,16,23,2,0.005399999999999995,0.00536870912,0.005828380584715909,12500000000.0,59,2
3tier_nb,16,23,4,0.005399999999999995,0.00536870912,0.005828380584715909,12500000000.0,110,2
3tier_nb,16,23,8,0.005399999999999995,0.00536870912,0.005828380584715909,12500000000.0,214,3
3tier_nb,16,23,16,0.005399999999999995,0.00536870912,0.005828380584715909,12500000000.0,392,4
3tier_nb,16,23,32,0.005399999999999995,0.00536870912,0.005828380584715909,12500000000.0,640,6
3tier_os2,16,23,1,0.010749999999999963,0.01073741824,0.0011717677116360736,6250000000.0,30,1
3tier_os2,16,23,2,0.010749999999999963,0.007158278826666666,0.501757651567454,9375000000.0,59,2
3tier_os2,16,23,4,0.005399999999999995,0.00536870912,0.005828380584715909,12500000000.0,110,2
3tier_os2,16,23,8,0.005399999999999995,0.00536870912,0.005828380584715909,12500000000.0,214,3
3tier_os2,16,23,16,0.005399999999999995,0.00536870912,0.005828380584715909,12500000000.0,392,4
3tier_os2,16,23,32,0.005399999999999995,0.00536870912,0.005828380584715909,12500000000.0,640,6
3tier_os4,16,23,1,0.021500000000000102,0.02147483648,0.0011717677116442893,3125000000.0,30,1
3tier_os4,16,23,2,0.021500000000000102,0.014316557653333332,0.5017576515674664,4687500000.0,59,2
3tier_os4,16,23,4,0.010749999999999963,0.008589934592,0.25146470963954504,7812500000.0,110,2
3tier_os4,16,23,8,0.008099999999999979,0.005856773585454546,0.3830140233039818,11458333333.333332,214,3
3tier_os4,16,23,16,0.005399999999999995,0.00536870912,0.005828380584715909,12500000000.0,392,4
3tier_os4,16,23,32,0.005399999999999995,0.00536870912,0.005828380584715909,12500000000.0,640,6
2tier,16,23,1,0.010749999999999963,0.01073741824,0.0011717677116360736,6250000000.0,29,2
2tier,16,23,2,0.005399999999999995,0.00536870912,0.005828380584715909,12500000000.0,53,2
2tier,16,23,4,0.005399999999999995,0.00536870912,0.005828380584715909,12500000000.0,84,4
2tier,16,23,8,0.005399999999999995,0.00536870912,0.005828380584715909,12500000000.0,121,7
2tier,16,23,16,0.005399999999999995,0.00536870912,0.005828380584715909,12500000000.0,142,14
2tier,16,23,32,0.005399999999999995,0.00536870912,0.005828380584715909,12500000000.0,155,19
3tier_nb,64,23,1,0.010749999999999963,0.01073741824,0.0011717677116360736,6250000000.0,116,1
3tier_nb,64,23,2,0.008099999999999979,0.00805306368,0.005828380584714132,8333333333.333333,221,2
3tier_nb,64,23,4,0.005399999999999995,0.00536870912,0.005828380584715909,12500000000.0,409,3
3tier_nb,64,23,8,0.005399999999999995,0.00536870912,0.005828380584715909,12500000000.0,715,5
3tier_nb,64,23,16,0.005399999999999995,0.00536870912,0.005828380584715909,12500000000.0,1165,7
3tier_nb,64,23,32,0.005399999999999995,0.00536870912,0.005828380584715909,12500000000.0,1626,9
3tier_os2,64,23,1,0.010749999999999963,0.01073741824,0.0011717677116360736,6250000000.0,116,1
3tier_os2,64,23,2,0.010749999999999963,0.01073741824,0.0011717677116360736,6250000000.0,221,2
3tier_os2,64,23,4,0.008099999999999979,0.006442450944,0.25728547573089267,10416666666.666666,409,3
3tier_os2,64,23,8,0.006749999999999987,0.005651272757894737,0.19442120194434875,11875000000.0,715,5
3tier_os2,64,23,16,0.005399999999999995,0.00536870912,0.005828380584715909,12500000000.0,1165,7
3tier_os2,64,23,32,0.005399999999999995,0.00536870912,0.005828380584715909,12500000000.0,1626,9
3tier_os4,64,23,1,0.021500000000000102,0.02147483648,0.0011717677116442893,3125000000.0,116,1
3tier_os4,64,23,2,0.021500000000000102,0.02147483648,0.0011717677116442893,3125000000.0,221,2
3tier_os4,64,23,4,0.01614999999999995,0.011713547170909092,0.3787454615036603,5729166666.666666,409,3
3tier_os4,64,23,8,0.013449999999999946,0.00805306368,0.6701718171437514,8333333333.333334,715,5
3tier_os4,64,23,16,0.009399999999999971,0.006160813744262294,0.5257724693843251,10892857142.857143,1165,7
3tier_os4,64,23,32,0.006049999999999991,0.0054443247414084515,0.11124892201688374,12326388888.888887,1626,9
2tier,64,23,1,0.021500000000000102,0.02147483648,0.0011717677116442893,3125000000.0,99,4
2tier,64,23,2,0.013449999999999946,0.0134217728,0.002103090286250886,5000000000.0,157,5
2tier,64,23,4,0.009399999999999971,0.007911781861052632,0.1881015130451711,8482142857.142857,219,7
2tier,64,23,8,0.006749999999999987,0.005983700567182662,0.12806446850299635,11215277777.777779,250,10
2tier,64,23,16,0.006049999999999991,0.005561828153093524,0.08777183211511885,12065972222.222223,256,18
2tier,64,23,32,0.005899999999999992,0.005501330479780422,0.07246783695050496,12198660714.285713,256,35
3tier_nb,16,26,1,0.005399999999999995,0.00536870912,0.005828380584715909,12500000000.0,32,1
3tier_nb,16,26,2,0.005399999999999995,0.00536870912,0.005828380584715909,12500000000.0,64,1
3tier_nb,16,26,4,0.005399999999999995,0.00536870912,0.005828380584715909,12500000000.0,122,2
3tier_nb,16,26,8,0.005399999999999995,0.00536870912,0.005828380584715909,12500000000.0,222,3
3tier_nb,16,26,16,0.005399999999999995,0.00536870912,0.005828380584715909,12500000000.0,393,4
3tier_nb,16,26,32,0.005399999999999995,0.00536870912,0.005828380584715909,12500000000.0,641,7
3tier_os2,16,26,1,0.010749999999999963,0.01073741824,0.0011717677116360736,6250000000.0,32,1
3tier_os2,16,26,2,0.005399999999999995,0.00536870912,0.005828380584715909,12500000000.0,64,1
3tier_os2,16,26,4,0.005399999999999995,0.00536870912,0.005828380584715909,12500000000.0,122,2
3tier_os2,16,26,8,0.005399999999999995,0.00536870912,0.005828380584715909,12500000000.0,222,3
3tier_os2,16,26,16,0.005399999999999995,0.00536870912,0.005828380584715909,12500000000.0,393,4
3tier_os2,16,26,32,0.005399999999999995,0.00536870912,0.005828380584715909,12500000000.0,641,7
3tier_os4,16,26,1,0.021500000000000102,0.02147483648,0.0011717677116442893,3125000000.0,32,1
3tier_os4,16,26,2,0.010749999999999963,0.01073741824,0.0011717677116360736,6250000000.0,64,1
3tier_os4,16,26,4,0.010749999999999963,0.007158278826666666,0.501757651567454,9375000000.0,122,2
3tier_os4,16,26,8,0.008099999999999979,0.006135667565714287,0.320149749517437,10937499999.999998,222,3
3tier_os4,16,26,16,0.005399999999999995,0.00536870912,0.005828380584715909,12500000000.0,393,4
3tier_os4,16,26,32,0.005399999999999995,0.00536870912,0.005828380584715909,12500000000.0,641,7
2tier,16,26,1,0.010749999999999963,0.01073741824,0.0011717677116360736,6250000000.0,29,2
2tier,16,26,2,0.005399999999999995,0.00536870912,0.005828380584715909,12500000000.0,52,2
2tier,16,26,4,0.005399999999999995,0.00536870912,0.005828380584715909,12500000000.0,86,4
2tier,16,26,8,0.005399999999999995,0.00536870912,0.005828380584715909,12500000000.0,118,6
2tier,16,26,16,0.005399999999999995,0.00536870912,0.005828380584715909,12500000000.0,137,10
2tier,16,26,32,0.005399999999999995,0.00536870912,0.005828380584715909,12500000000.0,143,16
3tier_nb,64,26,1,0.010749999999999963,0.01073741824,0.0011717677116360736,6250000000.0,119,2
3tier_nb,64,26,2,0.008099999999999979,0.00805306368,0.005828380584714132,8333333333.333333,227,2
3tier_nb,64,26,4,0.005399999999999995,0.00536870912,0.005828380584715909,12500000000.0,416,3
3tier_nb,64,26,8,0.005399999999999995,0.00536870912,0.005828380584715909,12500000000.0,735,4
3tier_nb,64,26,16,0.005399999999999995,0.00536870912,0.005828380584715909,12500000000.0,1158,6
3tier_nb,64,26,32,0.005399999999999995,0.00536870912,0.005828380584715909,12500000000.0,1587,10
3tier_os2,64,26,1,0.021500000000000102,0.02147483648,0.0011717677116442893,3125000000.0,119,2
3tier_os2,64,26,2,0.010749999999999963,0.01073741824,0.0011717677116360736,6250000000.0,227,2
3tier_os2,64,26,4,0.008099999999999979,0.006442450944,0.25728547573089267,10416666666.666666,416,3
3tier_os2,64,26,8,0.005399999999999995,0.00536870912,0.005828380584715909,12500000000.0,735,4
3tier_os2,64,26,16,0.005399999999999995,0.00536870912,0.005828380584715909,12500000000.0,1158,6
3tier_os2,64,26,32,0.005399999999999995,0.00536870912,0.005828380584715909,12500000000.0,1587,10
3tier_os4,64,26,1,0.04295000000000072,0.04294967296,7.614493386709498e-06,1562500000.0,119,2
3tier_os4,64,26,2,0.021500000000000102,0.02147483648,0.0011717677116442893,3125000000.0,227,2
3tier_os4,64,26,4,0.01614999999999995,0.01171354717090909,0.3787454615036603,5729166666.666667,416,3
3tier_os4,64,26,8,0.010749999999999963,0.0073628010788571435,0.4600421612461356,9114583333.333332,735,4
3tier_os4,64,26,16,0.008099999999999979,0.006020982190654205,0.34529545903205516,11145833333.333334,1158,6
3tier_os4,64,26,32,0.006749999999999987,0.005561828153093525,0.213629730045793,12065972222.222221,1587,10
2tier,64,26,1,0.01614999999999995,0.01610612736,0.002723972002661945,4166666666.6666665,99,3
2tier,64,26,2,0.010749999999999963,0.01073741824,0.0011717677116360736,6250000000.0,160,4
2tier,64,26,4,0.008099999999999979,0.00805306368,0.005828380584714132,8333333333.333333,221,6
2tier,64,26,8,0.006749999999999987,0.0059652323555555555,0.13155692815780418,11250000000.0,253,10
2tier,64,26,16,0.006399999999999989,0.0057670938956890455,0.10974437312075791,11636513157.894737,256,19
2tier,64,26,32,0.006049999999999991,0.005522100809142859,0.09559752874904004,12152777777.777775,256,36
3tier_nb,16,21,1,0.005399999999999995,0.00536870912,0.005828380584715909,12500000000.0,28,1
3tier_nb,16,21,2,0.005399999999999995,0.00536870912,0.005828380584715909,12500000000.0,56,1
3tier_nb,16,21,4,0.005399999999999995,0.00536870912,0.005828380584715909,12500000000.0,109,2
3tier_nb,16,21,8,0.005399999999999995,0.00536870912,0.005828380584715909,12500000000.0,208,3
3tier_nb,16,21,16,0.005399999999999995,0.00536870912,0.005828380584715909,12500000000.0,371,3
3tier_nb,16,21,32,0.005399999999999995,0.00536870912,0.005828380584715909,12500000000.0,619,5
3tier_os2,16,21,1,0.010749999999999963,0.01073741824,0.0011717677116360736,6250000000.0,28,1
3tier_os2,16,21,2,0.005399999999999995,0.00536870912,0.005828380584715909,12500000000.0,56,1
3tier_os2,16,21,4,0.005399999999999995,0.00536870912,0.005828380584715909,12500000000.0,109,2
3tier_os2,16,21,8,0.005399999999999995,0.00536870912,0.005828380584715909,12500000000.0,208,3
3tier_os2,16,21,16,0.005399999999999995,0.00536870912,0.005828380584715909,12500000000.0,371,3
3tier_os2,16,21,32,0.005399999999999995,0.00536870912,0.005828380584715909,12500000000.0,619,5
3tier_os4,16,21,1,0.021500000000000102,0.02147483648,0.0011717677116442893,3125000000.0,28,1
3tier_os4,16,21,2,0.010749999999999963,0.01073741824,0.0011717677116360736,6250000000.0,56,1
3tier_os4,16,21,4,0.010749999999999963,0.006135667565714285,0.752050593495363,10937500000.0,109,2
3tier_os4,16,21,8,0.008099999999999979,0.005856773585454546,0.3830140233039818,11458333333.333332,208,3
3tier_os4,16,21,16,0.005399999999999995,0.00536870912,0.005828380584715909,12500000000.0,371,3
3tier_os4,16,21,32,0.005399999999999995,0.00536870912,0.005828380584715909,12500000000.0,619,5
2tier,16,21,1,0.005399999999999995,0.00536870912,0.005828380584715909,12500000000.0,30,1
2tier,16,21,2,0.005399999999999995,0.00536870912,0.005828380584715909,12500000000.0,51,2
2tier,16,21,4,0.005399999999999995,0.00536870912,0.005828380584715909,12500000000.0,86,4
2tier,16,21,8,0.005399999999999995,0.00536870912,0.005828380584715909,12500000000.0,122,6
2tier,16,21,16,0.005399999999999995,0.00536870912,0.005828380584715909,12500000000.0,148,9
2tier,16,21,32,0.005399999999999995,0.00536870912,0.005828380584715909,12500000000.0,156,16
3tier_nb,64,21,1,0.010749999999999963,0.01073741824,0.0011717677116360736,6250000000.0,111,2
3tier_nb,64,21,2,0.008099999999999979,0.00805306368,0.005828380584714132,8333333333.333333,217,3
3tier_nb,64,21,4,0.005399999999999995,0.00536870912,0.005828380584715909,12500000000.0,408,3
3tier_nb,64,21,8,0.005399999999999995,0.00536870912,0.005828380584715909,12500000000.0,721,6
3tier_nb,64,21,16,0.005399999999999995,0.00536870912,0.005828380584715909,12500000000.0,1170,7
3tier_nb,64,21,32,0.005399999999999995,0.00536870912,0.005828380584715909,12500000000.0,1615,9
3tier_os2,64,21,1,0.021500000000000102,0.02147483648,0.0011717677116442893,3125000000.0,111,2
3tier_os2,64,21,2,0.01614999999999995,0.01610612736,0.002723972002661945,4166666666.6666665,217,3
3tier_os2,64,21,4,0.008099999999999979,0.006442450944,0.25728547573089267,10416666666.666666,408,3
3tier_os2,64,21,8,0.008099999999999979,0.006135667565714287,0.320149749517437,10937499999.999998,721,6
3tier_os2,64,21,16,0.005399999999999995,0.00536870912,0.005828380584715909,12500000000.0,1170,7
3tier_os2,64,21,32,0.005399999999999995,0.00536870912,0.005828380584715909,12500000000.0,1615,9
3tier_os4,64,21,1,0.04295000000000072,0.04294967296,7.614493386709498e-06,1562500000.0,111,2
3tier_os4,64,21,2,0.03225000000000041,0.03221225472,0.0011717677116520608,2083333333.3333333,217,3
3tier_os4,64,21,4,0.01614999999999995,0.01073741824,0.5040859580039931,6250000000.0,408,3
3tier_os4,64,21,8,0.01614999999999995,0.007198269211173185,1.2435948873559561,9322916666.666666,721,6
3tier_os4,64,21,16,0.009399999999999971,0.005837819625631068,0.6101902084691133,11495535714.285715,1170,7
3tier_os4,64,21,32,0.006049999999999991,0.005425221847578949,0.11516177033384456,12369791666.666664,1615,9
2tier,64,21,1,0.01614999999999995,0.01610612736,0.002723972002661945,4166666666.6666665,107,3
2tier,64,21,2,0.010749999999999963,0.01073741824,0.0011717677116360736,6250000000.0,163,4
2tier,64,21,4,0.008099999999999979,0.007158278826666666,0.1315569281578035,9375000000.0,226,6
2tier,64,21,8,0.007399999999999983,0.005983700567182662,0.23669289880328437,11215277777.777779,250,11
2tier,64,21,16,0.006049999999999991,0.005602131255652174,0.079946135481197,11979166666.666668,256,18
2tier,64,21,32,0.005399999999999995,0.00536870912,0.005828380584715909,12500000000.0,256,31
3tier_nb,16,22,1,0.005399999999999995,0.00536870912,0.005828380584715909,12500000000.0,26,1
3tier_nb,16,22,2,0.005399999999999995,0.00536870912,0.005828380584715909,12500000000.0,50,2
3tier_nb,16,22,4,0.005399999999999995,0.00536870912,0.005828380584715909,12500000000.0,97,2
3tier_nb,16,22,8,0.005399999999999995,0.00536870912,0.005828380584715909,12500000000.0,185,4
3tier_nb,16,22,16,0.005399999999999995,0.00536870912,0.005828380584715909,12500000000.0,347,4
3tier_nb,16,22,32,0.005399999999999995,0.00536870912,0.005828380584715909,12500000000.0,598,5
3tier_os2,16,22,1,0.010749999999999963,0.01073741824,0.0011717677116360736,6250000000.0,26,1
3tier_os2,16,22,2,0.010749999999999963,0.01073741824,0.0011717677116360736,6250000000.0,50,2
3tier_os2,16,22,4,0.005399999999999995,0.00536870912,0.005828380584715909,12500000000.0,97,2
3tier_os2,16,22,8,0.005399999999999995,0.00536870912,0.005828380584715909,12500000000.0,185,4
3tier_os2,16,22,16,0.005399999999999995,0.00536870912,0.005828380584715909,12500000000.0,347,4
3tier_os2,16,22,32,0.005399999999999995,0.00536870912,0.005828380584715909,12500000000.0,598,5
3tier_os4,16,22,1,0.021500000000000102,0.02147483648,0.0011717677116442893,3125000000.0,26,1
3tier_os4,16,22,2,0.021500000000000102,0.02147483648,0.0011717677116442893,3125000000.0,50,2
3tier_os4,16,22,4,0.010749999999999963,0.007158278826666666,0.501757651567454,9375000000.0,97,2
3tier_os4,16,22,8,0.010749999999999963,0.006607641993846154,0.6269041225314085,10156250000.0,185,4
3tier_os4,16,22,16,0.005399999999999995,0.00536870912,0.005828380584715909,12500000000.0,347,4
3tier_os4,16,22,32,0.005399999999999995,0.00536870912,0.005828380584715909,12500000000.0,598,5
2tier,16,22,1,0.010749999999999963,0.01073741824,0.0011717677116360736,6250000000.0,25,2
2tier,16,22,2,0.008099999999999979,0.00805306368,0.005828380584714132,8333333333.333333,46,3
2tier,16,22,4,0.005399999999999995,0.00536870912,0.005828380584715909,12500000000.0,87,4
2tier,16,22,8,0.005399999999999995,0.00536870912,0.005828380584715909,12500000000.0,127,5
2tier,16,22,16,0.005399999999999995,0.00536870912,0.005828380584715909,12500000000.0,160,9
2tier,16,22,32,0.005399999999999995,0.00536870912,0.005828380584715909,12500000000.0,173,15
3tier_nb,64,22,1,0.010749999999999963,0.01073741824,0.0011717677116360736,6250000000.0,118,2
3tier_nb,64,22,2,0.008099999999999979,0.00805306368,0.005828380584714132,8333333333.333333,219,3
3tier_nb,64,22,4,0.005399999999999995,0.00536870912,0.005828380584715909,12500000000.0,419,3
3tier_nb,64,22,8,0.005399999999999995,0.00536870912,0.005828380584715909,12500000000.0,746,5
3tier_nb,64,22,16,0.005399999999999995,0.00536870912,0.005828380584715909,12500000000.0,1183,7
3tier_nb,64,22,32,0.005399999999999995,0.00536870912,0.005828380584715909,12500000000.0,1652,9
3tier_os2,64,22,1,0.021500000000000102,0.02147483648,0.0011717677116442893,3125000000.0,118,2
3tier_os2,64,22,2,0.01614999999999995,0.01610612736,0.002723972002661945,4166666666.6666665,219,3
3tier_os2,64,22,4,0.008099999999999979,0.007158278826666666,0.1315569281578035,9375000000.0,419,3
3tier_os2,64,22,8,0.006749999999999987,0.005651272757894737,0.19442120194434875,11875000000.0,746,5
3tier_os2,64,22,16,0.005399999999999995,0.00536870912,0.005828380584715909,12500000000.0,1183,7
3tier_os2,64,22,32,0.005399999999999995,0.00536870912,0.005828380584715909,12500000000.0,1652,9
3tier_os4,64,22,1,0.04295000000000072,0.04294967296,7.614493386709498e-06,1562500000.0,118,2
3tier_os4,64,22,2,0.03225000000000041,0.03221225472,0.0011717677116520608,2083333333.3333333,219,3
3tier_os4,64,22,4,0.01614999999999995,0.012884901888,0.25340496500332743,5208333333.333333,419,3
3tier_os4,64,22,8,0.013449999999999946,0.0073628010788571435,0.8267504250009781,9114583333.333332,746,5
3tier_os4,64,22,16,0.009399999999999971,0.005748522193499044,0.6352028719016434,11674107142.857143,1183,7
3tier_os4,64,22,32,0.006049999999999991,0.005444324741408451,0.11124892201688397,12326388888.88889,1652,9
2tier,64,22,1,0.026850000000000256,0.0268435456,0.0002404451370334737,2500000000.0,99,5
2tier,64,22,2,0.01614999999999995,0.0134217728,0.20326876640319447,5000000000.0,163,6
2tier,64,22,4,0.009399999999999971,0.007158278826666666,0.3131648302078207,9375000000.0,215,7
2tier,64,22,8,0.008099999999999979,0.0065295110918918925,0.24052166938781405,10277777777.777777,248,12
2tier,64,22,16,0.006049999999999991,0.005585465331814705,0.08316848115398834,12014910130.718954,255,18
2tier,64,22,32,0.005899999999999992,0.005471295918471337,0.07835512608289585,12265625000.0,256,35
3tier_nb,16,27,1,0.010749999999999963,0.01073741824,0.0011717677116360736,6250000000.0,27,2
3tier_nb,16,27,2,0.008099999999999979,0.00805306368,0.005828380584714132,8333333333.333333,55,2
3tier_nb,16,27,4,0.005399999999999995,0.00536870912,0.005828380584715909,12500000000.0,108,2
3tier_nb,16,27,8,0.005399999999999995,0.00536870912,0.005828380584715909,12500000000.0,204,4
3tier_nb,16,27,16,0.005399999999999995,0.00536870912,0.005828380584715909,12500000000.0,390,4
3tier_nb,16,27,32,0.005399999999999995,0.00536870912,0.005828380584715909,12500000000.0,643,5
3tier_os2,16,27,1,0.021500000000000102,0.02147483648,0.0011717677116442893,3125000000.0,27,2
3tier_os2,16,27,2,0.010749999999999963,0.00920350134857143,0.1680337289969085,7291666666.666666,55,2
3tier_os2,16,27,4,0.005399999999999995,0.00536870912,0.005828380584715909,12500000000.0,108,2
3tier_os2,16,27,8,0.005399999999999995,0.00536870912,0.005828380584715909,12500000000.0,204,4
3tier_os2,16,27,16,0.005399999999999995,0.00536870912,0.005828380584715909,12500000000.0,390,4
3tier_os2,16,27,32,0.005399999999999995,0.00536870912,0.005828380584715909,12500000000.0,643,5
3tier_os4,16,27,1,0.04295000000000072,0.04294967296,7.614493386709498e-06,1562500000.0,27,2
3tier_os4,16,27,2,0.021500000000000102,0.014316557653333332,0.5017576515674664,4687500000.0,55,2
3tier_os4,16,27,4,0.010749999999999963,0.007158278826666666,0.501757651567454,9375000000.0,108,2
3tier_os4,16,27,8,0.010749999999999963,0.006135667565714285,0.752050593495363,10937500000.0,204,4
3tier_os4,16,27,16,0.005399999999999995,0.00536870912,0.005828380584715909,12500000000.0,390,4
3tier_os4,16,27,32,0.005399999999999995,0.00536870912,0.005828380584715909,12500000000.0,643,5
2tier,16,27,1,0.010749999999999963,0.01073741824,0.0011717677116360736,6250000000.0,29,2
2tier,16,27,2,0.005399999999999995,0.00536870912,0.005828380584715909,12500000000.0,54,2
2tier,16,27,4,0.005399999999999995,0.00536870912,0.005828380584715909,12500000000.0,97,3
2tier,16,27,8,0.005399999999999995,0.00536870912,0.005828380584715909,12500000000.0,141,5
2tier,16,27,16,0.005399999999999995,0.00536870912,0.005828380584715909,12500000000.0,173,8
2tier,16,27,32,0.005399999999999995,0.00536870912,0.005828380584715909,12500000000.0,183,12
3tier_nb,64,27,1,0.010749999999999963,0.01073741824,0.0011717677116360736,6250000000.0,118,1
3tier_nb,64,27,2,0.008099999999999979,0.00805306368,0.005828380584714132,8333333333.333333,226,3
3tier_nb,64,27,4,0.006749999999999987,0.006316128376470588,0.0686926543712596,10625000000.0,409,3
3tier_nb,64,27,8,0.005399999999999995,0.00536870912,0.005828380584715909,12500000000.0,730,4
3tier_nb,64,27,16,0.005399999999999995,0.00536870912,0.005828380584715909,12500000000.0,1193,7
3tier_nb,64,27,32,0.005399999999999995,0.00536870912,0.005828380584715909,12500000000.0,1633,10
3tier_os2,64,27,1,0.010749999999999963,0.01073741824,0.0011717677116360736,6250000000.0,118,1
3tier_os2,64,27,2,0.01614999999999995,0.01073741824,0.5040859580039931,6250000000.0,226,3
3tier_os2,64,27,4,0.008099999999999979,0.007002664069565217,0.15670263767242143,9583333333.333334,409,3
3tier_os2,64,27,8,0.005399999999999995,0.00536870912,0.005828380584715909,12500000000.0,730,4
3tier_os2,64,27,16,0.005399999999999995,0.00536870912,0.005828380584715909,12500000000.0,1193,7
3tier_os2,64,27,32,0.005399999999999995,0.00536870912,0.005828380584715909,12500000000.0,1633,10
3tier_os4,64,27,1,0.021500000000000102,0.02147483648,0.0011717677116442893,3125000000.0,118,1
3tier_os4,64,27,2,0.03225000000000041,0.02147483648,0.5017576515674782,3125000000.0,226,3
3tier_os4,64,27,4,0.01614999999999995,0.01073741824,0.5040859580039931,6250000000.0,409,3
3tier_os4,64,27,8,0.010749999999999963,0.006964811831351352,0.5434731418887719,9635416666.666666,730,4
3tier_os4,64,27,16,0.009399999999999971,0.006020982190654205,0.5612070759137424,11145833333.333334,1193,7
3tier_os4,64,27,32,0.006749999999999987,0.005526047986275912,0.2214877642691111,12144097222.222221,1633,10
2tier,64,27,1,0.01614999999999995,0.01610612736,0.002723972002661945,4166666666.6666665,103,3
2tier,64,27,2,0.013449999999999946,0.0134217728,0.002103090286250886,5000000000.0,156,5
2tier,64,27,4,0.012099999999999955,0.00920350134857143,0.31471703449884547,7291666666.666666,215,9
2tier,64,27,8,0.008749999999999975,0.006749234322285715,0.296443356709043,9943181818.181816,250,13
2tier,64,27,16,0.006749999999999987,0.005978342756336996,0.12907544366623025,11225328947.368422,255,20
2tier,64,27,32,0.005549999999999994,0.005404534633670163,0.02691542865200347,12417140151.51515,256,33
3tier_nb,16,25,1,0.005399999999999995,0.00536870912,0.005828380584715909,12500000000.0,28,1
3tier_nb,16,25,2,0.005399999999999995,0.00536870912,0.005828380584715909,12500000000.0,56,1
3tier_nb,16,25,4,0.005399999999999995,0.00536870912,0.005828380584715909,12500000000.0,110,2
3tier_nb,16,25,8,0.005399999999999995,0.00536870912,0.005828380584715909,12500000000.0,212,3
3tier_nb,16,25,16,0.005399999999999995,0.00536870912,0.005828380584715909,12500000000.0,403,3
3tier_nb,16,25,32,0.005399999999999995,0.00536870912,0.005828380584715909,12500000000.0,671,5
3tier_os2,16,25,1,0.010749999999999963,0.01073741824,0.0011717677116360736,6250000000.0,28,1
3tier_os2,16,25,2,0.005399999999999995,0.00536870912,0.005828380584715909,12500000000.0,56,1
3tier_os2,16,25,4,0.005399999999999995,0.00536870912,0.005828380584715909,12500000000.0,110,2
3tier_os2,16,25,8,0.005399999999999995,0.00536870912,0.005828380584715909,12500000000.0,212,3
3tier_os2,16,25,16,0.005399999999999995,0.00536870912,0.005828380584715909,12500000000.0,403,3
3tier_os2,16,25,32,0.005399999999999995,0.00536870912,0.005828380584715909,12500000000.0,671,5
3tier_os4,16,25,1,0.021500000000000102,0.02147483648,0.0011717677116442893,3125000000.0,28,1
3tier_os4,16,25,2,0.010749999999999963,0.01073741824,0.0011717677116360736,6250000000.0,56,1
3tier_os4,16,25,4,0.010749999999999963,0.007158278826666666,0.501757651567454,9375000000.0,110,2
3tier_os4,16,25,8,0.008099999999999979,0.005856773585454546,0.3830140233039818,11458333333.333332,212,3
3tier_os4,16,25,16,0.005399999999999995,0.00536870912,0.005828380584715909,12500000000.0,403,3
3tier_os4,16,25,32,0.005399999999999995,0.00536870912,0.005828380584715909,12500000000.0,671,5
2tier,16,25,1,0.005399999999999995,0.00536870912,0.005828380584715909,12500000000.0,28,1
2tier,16,25,2,0.005399999999999995,0.00536870912,0.005828380584715909,12500000000.0,53,2
2tier,16,25,4,0.005399999999999995,0.00536870912,0.005828380584715909,12500000000.0,94,3
2tier,16,25,8,0.005399999999999995,0.00536870912,0.005828380584715909,12500000000.0,148,5
2tier,16,25,16,0.005399999999999995,0.00536870912,0.005828380584715909,12500000000.0,187,7
2tier,16,25,32,0.005399999999999995,0.00536870912,0.005828380584715909,12500000000.0,204,14
3tier_nb,64,25,1,0.010749999999999963,0.01073741824,0.0011717677116360736,6250000000.0,116,2
3tier_nb,64,25,2,0.008099999999999979,0.00805306368,0.005828380584714132,8333333333.333333,221,2
3tier_nb,64,25,4,0.008099999999999979,0.00805306368,0.005828380584714132,8333333333.333333,412,3
3tier_nb,64,25,8,0.005399999999999995,0.00536870912,0.005828380584715909,12500000000.0,722,4
3tier_nb,64,25,16,0.005399999999999995,0.00536870912,0.005828380584715909,12500000000.0,1188,6
3tier_nb,64,25,32,0.005399999999999995,0.00536870912,0.005828380584715909,12500000000.0,1657,10
3tier_os2,64,25,1,0.021500000000000102,0.02147483648,0.0011717677116442893,3125000000.0,116,2
3tier_os2,64,25,2,0.010749999999999963,0.01073741824,0.0011717677116360736,6250000000.0,221,2
3tier_os2,64,25,4,0.008099999999999979,0.00805306368,0.005828380584714132,8333333333.333333,412,3
3tier_os2,64,25,8,0.005399999999999995,0.00536870912,0.005828380584715909,12500000000.0,722,4
3tier_os2,64,25,16,0.005399999999999995,0.00536870912,0.005828380584715909,12500000000.0,1188,6
3tier_os2,64,25,32,0.005399999999999995,0.00536870912,0.005828380584715909,12500000000.0,1657,10
3tier_os4,64,25,1,0.04295000000000072,0.04294967296,7.614493386709498e-06,1562500000.0,116,2
3tier_os4,64,25,2,0.021500000000000102,0.02147483648,0.0011717677116442893,3125000000.0,221,2
3tier_os4,64,25,4,0.01614999999999995,0.011713547170909092,0.3787454615036603,5729166666.666666,412,3
3tier_os4,64,25,8,0.010749999999999963,0.008312839927741934,0.2931801999608632,8072916666.666667,722,4
3tier_os4,64,25,16,0.008099999999999979,0.00577798290941704,0.4018733054399455,11614583333.333334,1188,6
3tier_os4,64,25,32,0.006749999999999987,0.005506368328205128,0.22585333883762115,12187500000.0,1657,10
2tier,64,25,1,0.021500000000000102,0.02147483648,0.0011717677116442893,3125000000.0,102,4
2tier,64,25,2,0.010749999999999963,0.01073741824,0.0011717677116360736,6250000000.0,160,4
2tier,64,25,4,0.009399999999999971,0.008541128145454545,0.10055719103131655,7857142857.142858,222,7
2tier,64,25,8,0.008749999999999975,0.006594634824566928,0.3268361680018561,10176282051.282053,246,13
2tier,64,25,16,0.006049999999999991,0.005643022724671532,0.07212043884727537,11892361111.111113,255,18
2tier,64,25,32,0.005899999999999992,0.005528152033075167,0.06726442483854322,12139475108.225105,256,35
3tier_nb,16,29,1,0.010749999999999963,0.01073741824,0.0011717677116360736,6250000000.0,28,1
3tier_nb,16,29,2,0.005399999999999995,0.00536870912,0.005828380584715909,12500000000.0,56,1
3tier_nb,16,29,4,0.005399999999999995,0.00536870912,0.005828380584715909,12500000000.0,108,2
3tier_nb,16,29,8,0.005399999999999995,0.00536870912,0.005828380584715909,12500000000.0,206,3
3tier_nb,16,29,16,0.005399999999999995,0.00536870912,0.005828380584715909,12500000000.0,369,4
3tier_nb,16,29,32,0.005399999999999995,0.00536870912,0.005828380584715909,12500000000.0,624,5
3tier_os2,16,29,1,0.010749999999999963,0.01073741824,0.0011717677116360736,6250000000.0,28,1
3tier_os2,16,29,2,0.005399999999999995,0.00536870912,0.005828380584715909,12500000000.0,56,1
3tier_os2,16,29,4,0.005399999999999995,0.00536870912,0.005828380584715909,12500000000.0,108,2
3tier_os2,16,29,8,0.005399999999999995,0.00536870912,0.005828380584715909,12500000000.0,206,3
3tier_os2,16,29,16,0.005399999999999995,0.00536870912,0.005828380584715909,12500000000.0,369,4
3tier_os2,16,29,32,0.005399999999999995,0.00536870912,0.005828380584715909,12500000000.0,624,5
3tier_os4,16,29,1,0.021500000000000102,0.02147483648,0.0011717677116442893,3125000000.0,28,1
3tier_os4,16,29,2,0.010749999999999963,0.01073741824,0.0011717677116360736,6250000000.0,56,1
3tier_os4,16,29,4,0.010749999999999963,0.007158278826666666,0.501757651567454,9375000000.0,108,2
3tier_os4,16,29,8,0.008099999999999979,0.005856773585454546,0.3830140233039818,11458333333.333332,206,3
3tier_os4,16,29,16,0.005399999999999995,0.00536870912,0.005828380584715909,12500000000.0,369,4
3tier_os4,16,29,32,0.005399999999999995,0.00536870912,0.005828380584715909,12500000000.0,624,5
2tier,16,29,1,0.005399999999999995,0.00536870912,0.005828380584715909,12500000000.0,28,1
2tier,16,29,2,0.005399999999999995,0.00536870912,0.005828380584715909,12500000000.0,52,2
2tier,16,29,4,0.005399999999999995,0.00536870912,0.005828380584715909,12500000000.0,80,4
2tier,16,29,8,0.005399999999999995,0.00536870912,0.005828380584715909,12500000000.0,119,6
2tier,16,29,16,0.005399999999999995,0.00536870912,0.005828380584715909,12500000000.0,151,8
2tier,16,29,32,0.005399999999999995,0.00536870912,0.005828380584715909,12500000000.0,158,13
3tier_nb,64,29,1,0.010749999999999963,0.01073741824,0.0011717677116360736,6250000000.0,116,2
3tier_nb,64,29,2,0.008099999999999979,0.00805306368,0.005828380584714132,8333333333.333333,216,3
3tier_nb,64,29,4,0.005399999999999995,0.00536870912,0.005828380584715909,12500000000.0,407,3
3tier_nb,64,29,8,0.005399999999999995,0.00536870912,0.005828380584715909,12500000000.0,730,5
3tier_nb,64,29,16,0.005399999999999995,0.00536870912,0.005828380584715909,12500000000.0,1170,7
3tier_nb,64,29,32,0.005399999999999995,0.00536870912,0.005828380584715909,12500000000.0,1608,9
3tier_os2,64,29,1,0.021500000000000102,0.02147483648,0.0011717677116442893,3125000000.0,116,2
3tier_os2,64,29,2,0.01614999999999995,0.012884901888,0.25340496500332743,5208333333.333333,216,3
3tier_os2,64,29,4,0.008099999999999979,0.006442450944,0.25728547573089267,10416666666.666666,407,3
3tier_os2,64,29,8,0.006749999999999987,0.005651272757894737,0.19442120194434875,11875000000.0,730,5
3tier_os2,64,29,16,0.005399999999999995,0.00536870912,0.005828380584715909,12500000000.0,1170,7
3tier_os2,64,29,32,0.005399999999999995,0.00536870912,0.005828380584715909,12500000000.0,1608,9
3tier_os4,64,29,1,0.04295000000000072,0.04294967296,7.614493386709498e-06,1562500000.0,116,2
3tier_os4,64,29,2,0.03225000000000041,0.025769803776,0.251464709639565,2604166666.6666665,216,3
3tier_os4,64,29,4,0.01614999999999995,0.011713547170909092,0.3787454615036603,5729166666.666666,407,3
3tier_os4,64,29,8,0.013449999999999946,0.007002664069565219,0.9206975897153138,9583333333.333332,730,5
3tier_os4,64,29,16,0.009399999999999971,0.006102456915832206,0.5403631897199672,10997023809.52381,1170,7
3tier_os4,64,29,32,0.006049999999999991,0.005463562638021202,0.10733607369992293,12282986111.11111,1608,9
2tier,64,29,1,0.01614999999999995,0.01610612736,0.002723972002661945,4166666666.6666665,97,3
2tier,64,29,2,0.010749999999999963,0.01073741824,0.0011717677116360736,6250000000.0,158,4
2tier,64,29,4,0.008099999999999979,0.007320966981818182,0.10641121864318559,9166666666.666666,220,6
2tier,64,29,8,0.006749999999999987,0.0059652323555555555,0.13155692815780418,11250000000.0,252,10
2tier,64,29,16,0.006399999999999989,0.005647361842491349,0.1332725223742015,11883223684.210527,256,19
2tier,64,29,32,0.005399999999999995,0.00536870912,0.005828380584715909,12500000000.0,256,31
3tier_nb,16,28,1,0.005399999999999995,0.00536870912,0.005828380584715909,12500000000.0,30,1
3tier_nb,16,28,2,0.005399999999999995,0.00536870912,0.005828380584715909,12500000000.0,58,2
3tier_nb,16,28,4,0.005399999999999995,0.00536870912,0.005828380584715909,12500000000.0,116,2
3tier_nb,16,28,8,0.005399999999999995,0.00536870912,0.005828380584715909,12500000000.0,228,2
3tier_nb,16,28,16,0.005399999999999995,0.00536870912,0.005828380584715909,12500000000.0,412,3
3tier_nb,16,28,32,0.005399999999999995,0.00536870912,0.005828380584715909,12500000000.0,680,4
3tier_os2,16,28,1,0.010749999999999963,0.01073741824,0.0011717677116360736,6250000000.0,30,1
3tier_os2,16,28,2,0.010749999999999963,0.01073741824,0.0011717677116360736,6250000000.0,58,2
3tier_os2,16,28,4,0.005399999999999995,0.00536870912,0.005828380584715909,12500000000.0,116,2
3tier_os2,16,28,8,0.005399999999999995,0.00536870912,0.005828380584715909,12500000000.0,228,2
3tier_os2,16,28,16,0.005399999999999995,0.00536870912,0.005828380584715909,12500000000.0,412,3
3tier_os2,16,28,32,0.005399999999999995,0.00536870912,0.005828380584715909,12500000000.0,680,4
3tier_os4,16,28,1,0.021500000000000102,0.02147483648,0.0011717677116442893,3125000000.0,30,1
3tier_os4,16,28,2,0.021500000000000102,0.02147483648,0.0011717677116442893,3125000000.0,58,2
3tier_os4,16,28,4,0.010749999999999963,0.007158278826666666,0.501757651567454,9375000000.0,116,2
3tier_os4,16,28,8,0.005399999999999995,0.00536870912,0.005828380584715909,12500000000.0,228,2
3tier_os4,16,28,16,0.005399999999999995,0.00536870912,0.005828380584715909,12500000000.0,412,3
3tier_os4,16,28,32,0.005399999999999995,0.00536870912,0.005828380584715909,12500000000.0,680,4
2tier,16,28,1,0.010749999999999963,0.01073741824,0.0011717677116360736,6250000000.0,29,2
2tier,16,28,2,0.005399999999999995,0.00536870912,0.005828380584715909,12500000000.0,53,2
2tier,16,28,4,0.005399999999999995,0.00536870912,0.005828380584715909,12500000000.0,87,4
2tier,16,28,8,0.005399999999999995,0.00536870912,0.005828380584715909,12500000000.0,129,6
2tier,16,28,16,0.005399999999999995,0.00536870912,0.005828380584715909,12500000000.0,168,9
2tier,16,28,32,0.005399999999999995,0.00536870912,0.005828380584715909,12500000000.0,192,17
3tier_nb,64,28,1,0.010749999999999963,0.01073741824,0.0011717677116360736,6250000000.0,115,2
3tier_nb,64,28,2,0.008099999999999979,0.00805306368,0.005828380584714132,8333333333.333333,222,2
3tier_nb,64,28,4,0.005399999999999995,0.00536870912,0.005828380584715909,12500000000.0,418,3
3tier_nb,64,28,8,0.005399999999999995,0.00536870912,0.005828380584715909,12500000000.0,736,5
3tier_nb,64,28,16,0.005399999999999995,0.00536870912,0.005828380584715909,12500000000.0,1181,6
3tier_nb,64,28,32,0.005399999999999995,0.00536870912,0.005828380584715909,12500000000.0,1635,10
3tier_os2,64,28,1,0.021500000000000102,0.02147483648,0.0011717677116442893,3125000000.0,115,2
3tier_os2,64,28,2,0.010749999999999963,0.01073741824,0.0011717677116360736,6250000000.0,222,2
3tier_os2,64,28,4,0.008099999999999979,0.006442450944,0.25728547573089267,10416666666.666666,418,3
3tier_os2,64,28,8,0.006749999999999987,0.005651272757894737,0.19442120194434875,11875000000.0,736,5
3tier_os2,64,28,16,0.005399999999999995,0.00536870912,0.005828380584715909,12500000000.0,1181,6
3tier_os2,64,28,32,0.005399999999999995,0.00536870912,0.005828380584715909,12500000000.0,1635,10
3tier_os4,64,28,1,0.04295000000000072,0.04294967296,7.614493386709498e-06,1562500000.0,115,2
3tier_os4,64,28,2,0.021500000000000102,0.02147483648,0.0011717677116442893,3125000000.0,222,2
3tier_os4,64,28,4,0.01614999999999995,0.011713547170909092,0.3787454615036603,5729166666.666666,418,3
3tier_os4,64,28,8,0.013449999999999946,0.007002664069565217,0.9206975897153142,9583333333.333334,736,5
3tier_os4,64,28,16,0.008099999999999979,0.006135667565714285,0.32014974951743747,10937500000.0,1181,6
3tier_os4,64,28,32,0.006749999999999987,0.005506368328205128,0.22585333883762115,12187500000.0,1635,10
2tier,64,28,1,0.01614999999999995,0.01610612736,0.002723972002661945,4166666666.6666665,104,3
2tier,64,28,2,0.010749999999999963,0.01073741824,0.0011717677116360736,6250000000.0,159,4
2tier,64,28,4,0.008099999999999979,0.007158278826666666,0.1315569281578035,9375000000.0,215,6
2tier,64,28,8,0.006049999999999991,0.005856773585454545,0.03299195567766677,11458333333.333334,241,9
2tier,64,28,16,0.006399999999999989,0.0057670938956890455,0.10974437312075791,11636513157.894737,255,19
2tier,64,28,32,0.005399999999999995,0.00536870912,0.005828380584715909,12500000000.0,256,30
3tier_nb,16,31,1,0.005399999999999995,0.00536870912,0.005828380584715909,12500000000.0,32,1
3tier_nb,16,31,2,0.005399999999999995,0.00536870912,0.005828380584715909,12500000000.0,63,2
3tier_nb,16,31,4,0.005399999999999995,0.00536870912,0.005828380584715909,12500000000.0,123,2
3tier_nb,16,31,8,0.005399999999999995,0.00536870912,0.005828380584715909,12500000000.0,236,3
3tier_nb,16,31,16,0.005399999999999995,0.00536870912,0.005828380584715909,12500000000.0,438,3
3tier_nb,16,31,32,0.005399999999999995,0.00536870912,0.005828380584715909,12500000000.0,760,6
3tier_os2,16,31,1,0.010749999999999963,0.01073741824,0.0011717677116360736,6250000000.0,32,1
3tier_os2,16,31,2,0.010749999999999963,0.007158278826666666,0.501757651567454,9375000000.0,63,2
3tier_os2,16,31,4,0.005399999999999995,0.00536870912,0.005828380584715909,12500000000.0,123,2
3tier_os2,16,31,8,0.005399999999999995,0.00536870912,0.005828380584715909,12500000000.0,236,3
3tier_os2,16,31,16,0.005399999999999995,0.00536870912,0.005828380584715909,12500000000.0,438,3
3tier_os2,16,31,32,0.005399999999999995,0.00536870912,0.005828380584715909,12500000000.0,760,6
3tier_os4,16,31,1,0.021500000000000102,0.02147483648,0.0011717677116442893,3125000000.0,32,1
3tier_os4,16,31,2,0.021500000000000102,0.014316557653333332,0.5017576515674664,4687500000.0,63,2
3tier_os4,16,31,4,0.010749999999999963,0.007158278826666666,0.501757651567454,9375000000.0,123,2
3tier_os4,16,31,8,0.008099999999999979,0.005856773585454546,0.3830140233039818,11458333333.333332,236,3
3tier_os4,16,31,16,0.005399999999999995,0.00536870912,0.005828380584715909,12500000000.0,438,3
3tier_os4,16,31,32,0.005399999999999995,0.00536870912,0.005828380584715909,12500000000.0,760,6
2tier,16,31,1,0.005399999999999995,0.00536870912,0.005828380584715909,12500000000.0,32,1
2tier,16,31,2,0.005399999999999995,0.00536870912,0.005828380584715909,12500000000.0,60,2
2tier,16,31,4,0.005399999999999995,0.00536870912,0.005828380584715909,12500000000.0,98,3
2tier,16,31,8,0.005399999999999995,0.00536870912,0.005828380584715909,12500000000.0,151,4
2tier,16,31,16,0.005399999999999995,0.00536870912,0.005828380584715909,12500000000.0,188,7
2tier,16,31,32,0.005399999999999995,0.00536870912,0.005828380584715909,12500000000.0,203,13
3tier_nb,64,31,1,0.010749999999999963,0.01073741824,0.0011717677116360736,6250000000.0,114,2
3tier_nb,64,31,2,0.008099999999999979,0.00805306368,0.005828380584714132,8333333333.333333,220,3
3tier_nb,64,31,4,0.005399999999999995,0.00536870912,0.005828380584715909,12500000000.0,415,3
3tier_nb,64,31,8,0.005399999999999995,0.00536870912,0.005828380584715909,12500000000.0,749,5
3tier_nb,64,31,16,0.005399999999999995,0.00536870912,0.005828380584715909,12500000000.0,1199,6
3tier_nb,64,31,32,0.005399999999999995,0.00536870912,0.005828380584715909,12500000000.0,1654,9
3tier_os2,64,31,1,0.021500000000000102,0.02147483648,0.0011717677116442893,3125000000.0,114,2
3tier_os2,64,31,2,0.01614999999999995,0.01073741824,0.5040859580039931,6250000000.0,220,3
3tier_os2,64,31,4,0.008099999999999979,0.006442450944,0.25728547573089267,10416666666.666666,415,3
3tier_os2,64,31,8,0.006749999999999987,0.005506368328205128,0.22585333883762115,12187500000.0,749,5
3tier_os2,64,31,16,0.005399999999999995,0.00536870912,0.005828380584715909,12500000000.0,1199,6
3tier_os2,64,31,32,0.005399999999999995,0.00536870912,0.005828380584715909,12500000000.0,1654,9
3tier_os4,64,31,1,0.04295000000000072,0.04294967296,7.614493386709498e-06,1562500000.0,114,2
3tier_os4,64,31,2,0.03225000000000041,0.02147483648,0.5017576515674782,3125000000.0,220,3
3tier_os4,64,31,4,0.01614999999999995,0.009911462990769232,0.6294264545043258,6770833333.333333,415,3
3tier_os4,64,31,8,0.013449999999999946,0.006710886400000001,1.0042061805725013,9999999999.999998,749,5
3tier_os4,64,31,16,0.008099999999999979,0.005701284021238938,0.4207325875759089,11770833333.333334,1199,6
3tier_os4,64,31,32,0.006049999999999991,0.005406252540419581,0.1190746186508056,12413194444.444443,1654,9
2tier,64,31,1,0.01614999999999995,0.01610612736,0.002723972002661945,4166666666.6666665,101,3
2tier,64,31,2,0.010749999999999963,0.01073741824,0.0011717677116360736,6250000000.0,153,4
2tier,64,31,4,0.009399999999999971,0.007297274532038835,0.28815216677529065,9196428571.428572,206,7
2tier,64,31,8,0.008099999999999979,0.006442450944,0.25728547573089267,10416666666.666666,240,12
2tier,64,31,16,0.006399999999999989,0.005706599903776224,0.12150844774747949,11759868421.052631,251,19
2tier,64,31,32,0.006549999999999988,0.005687732582139218,0.15160125856980122,11798878205.128208,256,39
3tier_nb,16,36,1,0.005399999999999995,0.00536870912,0.005828380584715909,12500000000.0,30,1
3tier_nb,16,36,2,0.005399999999999995,0.00536870912,0.005828380584715909,12500000000.0,57,2
3tier_nb,16,36,4,0.005399999999999995,0.00536870912,0.005828380584715909,12500000000.0,113,3
3tier_nb,16,36,8,0.005399999999999995,0.00536870912,0.005828380584715909,12500000000.0,220,3
3tier_nb,16,36,16,0.005399999999999995,0.00536870912,0.005828380584715909,12500000000.0,387,3
3tier_nb,16,36,32,0.005399999999999995,0.00536870912,0.005828380584715909,12500000000.0,635,6
3tier_os2,16,36,1,0.010749999999999963,0.01073741824,0.0011717677116360736,6250000000.0,30,1
3tier_os2,16,36,2,0.010749999999999963,0.01073741824,0.0011717677116360736,6250000000.0,57,2
3tier_os2,16,36,4,0.008099999999999979,0.006442450944,0.25728547573089267,10416666666.666666,113,3
3tier_os2,16,36,8,0.005399999999999995,0.00536870912,0.005828380584715909,12500000000.0,220,3
3tier_os2,16,36,16,0.005399999999999995,0.00536870912,0.005828380584715909,12500000000.0,387,3
3tier_os2,16,36,32,0.005399999999999995,0.00536870912,0.005828380584715909,12500000000.0,635,6
3tier_os4,16,36,1,0.021500000000000102,0.02147483648,0.0011717677116442893,3125000000.0,30,1
3tier_os4,16,36,2,0.021500000000000102,0.02147483648,0.0011717677116442893,3125000000.0,57,2
3tier_os4,16,36,4,0.01614999999999995,0.00805306368,1.005447944005324,8333333333.333333,113,3
3tier_os4,16,36,8,0.008099999999999979,0.005856773585454546,0.3830140233039818,11458333333.333332,220,3
3tier_os4,16,36,16,0.005399999999999995,0.00536870912,0.005828380584715909,12500000000.0,387,3
3tier_os4,16,36,32,0.005399999999999995,0.00536870912,0.005828380584715909,12500000000.0,635,6
2tier,16,36,1,0.005399999999999995,0.00536870912,0.005828380584715909,12500000000.0,30,1
2tier,16,36,2,0.008099999999999979,0.006442450944,0.25728547573089267,10416666666.666666,51,3
2tier,16,36,4,0.006749999999999987,0.006316128376470588,0.0686926543712596,10625000000.0,79,5
2tier,16,36,8,0.005399999999999995,0.00536870912,0.005828380584715909,12500000000.0,119,6
2tier,16,36,16,0.005399999999999995,0.00536870912,0.005828380584715909,12500000000.0,143,11
2tier,16,36,32,0.005399999999999995,0.00536870912,0.005828380584715909,12500000000.0,159,17
3tier_nb,64,36,1,0.010749999999999963,0.01073741824,0.0011717677116360736,6250000000.0,116,2
3tier_nb,64,36,2,0.008099999999999979,0.00805306368,0.005828380584714132,8333333333.333333,227,2
3tier_nb,64,36,4,0.005399999999999995,0.00536870912,0.005828380584715909,12500000000.0,426,3
3tier_nb,64,36,8,0.005399999999999995,0.00536870912,0.005828380584715909,12500000000.0,748,5
3tier_nb,64,36,16,0.005399999999999995,0.00536870912,0.005828380584715909,12500000000.0,1190,7
3tier_nb,64,36,32,0.005399999999999995,0.00536870912,0.005828380584715909,12500000000.0,1626,10
3tier_os2,64,36,1,0.021500000000000102,0.02147483648,0.0011717677116442893,3125000000.0,116,2
3tier_os2,64,36,2,0.010749999999999963,0.01073741824,0.0011717677116360736,6250000000.0,227,2
3tier_os2,64,36,4,0.008099999999999979,0.006442450944,0.25728547573089267,10416666666.666666,426,3
3tier_os2,64,36,8,0.006749999999999987,0.005804009859459459,0.16298906505107658,11562500000.0,748,5
3tier_os2,64,36,16,0.005399999999999995,0.00536870912,0.005828380584715909,12500000000.0,1190,7
3tier_os2,64,36,32,0.005399999999999995,0.00536870912,0.005828380584715909,12500000000.0,1626,10
3tier_os4,64,36,1,0.04295000000000072,0.04294967296,7.614493386709498e-06,1562500000.0,116,2
3tier_os4,64,36,2,0.021500000000000102,0.02147483648,0.0011717677116442893,3125000000.0,227,2
3tier_os4,64,36,4,0.01614999999999995,0.01073741824,0.5040859580039931,6250000000.0,426,3
3tier_os4,64,36,8,0.013449999999999946,0.0073209669818181805,0.8371889988581269,9166666666.666668,748,5
3tier_os4,64,36,16,0.009399999999999971,0.006144026785831062,0.5299412466230802,10922619047.61905,1190,7
3tier_os4,64,36,32,0.006749999999999987,0.005471295918471337,0.23371137306093925,12265625000.0,1626,10
2tier,64,36,1,0.021500000000000102,0.02147483648,0.0011717677116442893,3125000000.0,100,4
2tier,64,36,2,0.013449999999999946,0.01073741824,0.2526288628578137,6250000000.0,156,5
2tier,64,36,4,0.009399999999999971,0.007297274532038835,0.28815216677529065,9196428571.428572,215,7
2tier,64,36,8,0.008099999999999979,0.0065516450277966105,0.2363307178020444,10243055555.555555,250,12
2tier,64,36,16,0.006049999999999991,0.0056069112311262805,0.07902546528897081,11968954248.366013,256,18
2tier,64,36,32,0.005399999999999995,0.00536870912,0.005828380584715909,12500000000.0,256,32
3tier_nb,16,32,1,0.005399999999999995,0.00536870912,0.005828380584715909,12500000000.0,32,1
3tier_nb,16,32,2,0.005399999999999995,0.00536870912,0.005828380584715909,12500000000.0,64,1
3tier_nb,16,32,4,0.005399999999999995,0.00536870912,0.005828380584715909,12500000000.0,125,2
3tier_nb,16,32,8,0.005399999999999995,0.00536870912,0.005828380584715909,12500000000.0,242,2
3tier_nb,16,32,16,0.005399999999999995,0.00536870912,0.005828380584715909,12500000000.0,438,3
3tier_nb,16,32,32,0.005399999999999995,0.00536870912,0.005828380584715909,12500000000.0,720,5
3tier_os2,16,32,1,0.010749999999999963,0.01073741824,0.0011717677116360736,6250000000.0,32,1
3tier_os2,16,32,2,0.005399999999999995,0.00536870912,0.005828380584715909,12500000000.0,64,1
3tier_os2,16,32,4,0.005399999999999995,0.00536870912,0.005828380584715909,12500000000.0,125,2
3tier_os2,16,32,8,0.005399999999999995,0.00536870912,0.005828380584715909,12500000000.0,242,2
3tier_os2,16,32,16,0.005399999999999995,0.00536870912,0.005828380584715909,12500000000.0,438,3
3tier_os2,16,32,32,0.005399999999999995,0.00536870912,0.005828380584715909,12500000000.0,720,5
3tier_os4,16,32,1,0.021500000000000102,0.02147483648,0.0011717677116442893,3125000000.0,32,1
3tier_os4,16,32,2,0.010749999999999963,0.01073741824,0.0011717677116360736,6250000000.0,64,1
3tier_os4,16,32,4,0.010749999999999963,0.007158278826666666,0.501757651567454,9375000000.0,125,2
3tier_os4,16,32,8,0.005399999999999995,0.00536870912,0.005828380584715909,12500000000.0,242,2
3tier_os4,16,32,16,0.005399999999999995,0.00536870912,0.005828380584715909,12500000000.0,438,3
3tier_os4,16,32,32,0.005399999999999995,0.00536870912,0.005828380584715909,12500000000.0,720,5
2tier,16,32,1,0.010749999999999963,0.01073741824,0.0011717677116360736,6250000000.0,31,2
2tier,16,32,2,0.005399999999999995,0.00536870912,0.005828380584715909,12500000000.0,58,2
2tier,16,32,4,0.005399999999999995,0.00536870912,0.005828380584715909,12500000000.0,92,2
2tier,16,32,8,0.005399999999999995,0.00536870912,0.005828380584715909,12500000000.0,125,6
2tier,16,32,16,0.005399999999999995,0.00536870912,0.005828380584715909,12500000000.0,157,8
2tier,16,32,32,0.005399999999999995,0.00536870912,0.005828380584715909,12500000000.0,173,13
3tier_nb,64,32,1,0.010749999999999963,0.01073741824,0.0011717677116360736,6250000000.0,120,2
3tier_nb,64,32,2,0.008099999999999979,0.00805306368,0.005828380584714132,8333333333.333333,229,3
3tier_nb,64,32,4,0.005399999999999995,0.00536870912,0.005828380584715909,12500000000.0,440,3
3tier_nb,64,32,8,0.005399999999999995,0.00536870912,0.005828380584715909,12500000000.0,752,4
3tier_nb,64,32,16,0.005399999999999995,0.00536870912,0.005828380584715909,12500000000.0,1192,6
3tier_nb,64,32,32,0.005399999999999995,0.00536870912,0.005828380584715909,12500000000.0,1631,9
3tier_os2,64,32,1,0.021500000000000102,0.02147483648,0.0011717677116442893,3125000000.0,120,2
3tier_os2,64,32,2,0.01614999999999995,0.012884901888,0.25340496500332743,5208333333.333333,229,3
3tier_os2,64,32,4,0.008099999999999979,0.005856773585454546,0.3830140233039818,11458333333.333332,440,3
3tier_os2,64,32,8,0.005399999999999995,0.00536870912,0.005828380584715909,12500000000.0,752,4
3tier_os2,64,32,16,0.005399999999999995,0.00536870912,0.005828380584715909,12500000000.0,1192,6
3tier_os2,64,32,32,0.005399999999999995,0.00536870912,0.005828380584715909,12500000000.0,1631,9
3tier_os4,64,32,1,0.04295000000000072,0.04294967296,7.614493386709498e-06,1562500000.0,120,2
3tier_os4,64,32,2,0.03225000000000041,0.025769803776,0.251464709639565,2604166666.6666665,229,3
3tier_os4,64,32,4,0.01614999999999995,0.011713547170909092,0.3787454615036603,5729166666.666666,440,3
3tier_os4,64,32,8,0.010749999999999963,0.007579354051764706,0.41832667092481746,8854166666.666666,752,4
3tier_os4,64,32,16,0.008099999999999979,0.005752188342857142,0.40815973281859996,11666666666.666668,1192,6
3tier_os4,64,32,32,0.006049999999999991,0.005425221847578948,0.11516177033384456,12369791666.666666,1631,9
2tier,64,32,1,0.01614999999999995,0.01610612736,0.002723972002661945,4166666666.6666665,102,3
2tier,64,32,2,0.013449999999999946,0.010066329600000002,0.33613745371500103,6666666666.666666,162,5
2tier,64,32,4,0.009399999999999971,0.007643585865762713,0.2297892854327208,8779761904.761904,212,7
2tier,64,32,8,0.008749999999999975,0.006646973196190476,0.3163886391199515,10096153846.153847,240,13
2tier,64,32,16,0.006399999999999989,0.005713650892125206,0.12012443896786529,11745356037.151703,256,19
2tier,64,32,32,0.005749999999999993,0.0054590238528598135,0.053301864029728696,12293198529.411764,256,34
3tier_nb,16,30,1,0.005399999999999995,0.00536870912,0.005828380584715909,12500000000.0,30,1
3tier_nb,16,30,2,0.005399999999999995,0.00536870912,0.005828380584715909,12500000000.0,60,1
3tier_nb,16,30,4,0.005399999999999995,0.00536870912,0.005828380584715909,12500000000.0,111,2
3tier_nb,16,30,8,0.005399999999999995,0.00536870912,0.005828380584715909,12500000000.0,215,3
3tier_nb,16,30,16,0.005399999999999995,0.00536870912,0.005828380584715909,12500000000.0,394,4
3tier_nb,16,30,32,0.005399999999999995,0.00536870912,0.005828380584715909,12500000000.0,704,5
3tier_os2,16,30,1,0.010749999999999963,0.01073741824,0.0011717677116360736,6250000000.0,30,1
3tier_os2,16,30,2,0.005399999999999995,0.00536870912,0.005828380584715909,12500000000.0,60,1
3tier_os2,16,30,4,0.005399999999999995,0.00536870912,0.005828380584715909,12500000000.0,111,2
3tier_os2,16,30,8,0.005399999999999995,0.00536870912,0.005828380584715909,12500000000.0,215,3
3tier_os2,16,30,16,0.005399999999999995,0.00536870912,0.005828380584715909,12500000000.0,394,4
3tier_os2,16,30,32,0.005399999999999995,0.00536870912,0.005828380584715909,12500000000.0,704,5
3tier_os4,16,30,1,0.021500000000000102,0.02147483648,0.0011717677116442893,3125000000.0,30,1
3tier_os4,16,30,2,0.010749999999999963,0.01073741824,0.0011717677116360736,6250000000.0,60,1
3tier_os4,16,30,4,0.010749999999999963,0.008589934592,0.25146470963954504,7812500000.0,111,2
3tier_os4,16,30,8,0.008099999999999979,0.006135667565714285,0.32014974951743747,10937500000.0,215,3
3tier_os4,16,30,16,0.005399999999999995,0.00536870912,0.005828380584715909,12500000000.0,394,4
3tier_os4,16,30,32,0.005399999999999995,0.00536870912,0.005828380584715909,12500000000.0,704,5
2tier,16,30,1,0.005399999999999995,0.00536870912,0.005828380584715909,12500000000.0,30,1
2tier,16,30,2,0.005399999999999995,0.00536870912,0.005828380584715909,12500000000.0,49,2
2tier,16,30,4,0.005399999999999995,0.00536870912,0.005828380584715909,12500000000.0,85,4
2tier,16,30,8,0.005399999999999995,0.00536870912,0.005828380584715909,12500000000.0,136,5
2tier,16,30,16,0.005399999999999995,0.00536870912,0.005828380584715909,12500000000.0,169,12
2tier,16,30,32,0.005399999999999995,0.00536870912,0.005828380584715909,12500000000.0,190,17
3tier_nb,64,30,1,0.01614999999999995,0.01610612736,0.002723972002661945,4166666666.6666665,117,3
3tier_nb,64,30,2,0.008099999999999979,0.006442450944,0.25728547573089267,10416666666.666666,235,3
3tier_nb,64,30,4,0.005399999999999995,0.00536870912,0.005828380584715909,12500000000.0,428,4
3tier_nb,64,30,8,0.005399999999999995,0.00536870912,0.005828380584715909,12500000000.0,765,5
3tier_nb,64,30,16,0.005399999999999995,0.00536870912,0.005828380584715909,12500000000.0,1211,7
3tier_nb,64,30,32,0.005399999999999995,0.00536870912,0.005828380584715909,12500000000.0,1669,9
3tier_os2,64,30,1,0.03225000000000041,0.03221225472,0.0011717677116520608,2083333333.3333333,117,3
3tier_os2,64,30,2,0.01614999999999995,0.01073741824,0.5040859580039931,6250000000.0,235,3
3tier_os2,64,30,4,0.010749999999999963,0.007158278826666666,0.501757651567454,9375000000.0,428,4
3tier_os2,64,30,8,0.006749999999999987,0.005651272757894737,0.19442120194434875,11875000000.0,765,5
3tier_os2,64,30,16,0.005399999999999995,0.00536870912,0.005828380584715909,12500000000.0,1211,7
3tier_os2,64,30,32,0.005399999999999995,0.00536870912,0.005828380584715909,12500000000.0,1669,9
3tier_os4,64,30,1,0.06445000000000106,0.06442450944,0.00039566556614301085,1041666666.6666666,117,3
3tier_os4,64,30,2,0.03225000000000041,0.02147483648,0.5017576515674782,3125000000.0,235,3
3tier_os4,64,30,4,0.021500000000000102,0.014316557653333332,0.5017576515674664,4687500000.0,428,4
3tier_os4,64,30,8,0.013449999999999946,0.007198269211173183,0.8685047204295722,9322916666.666668,765,5
3tier_os4,64,30,16,0.009399999999999971,0.006000952309780439,0.5664180474621863,11183035714.285715,1211,7
3tier_os4,64,30,32,0.006049999999999991,0.005425221847578948,0.11516177033384456,12369791666.666666,1669,9
2tier,64,30,1,0.021500000000000102,0.02147483648,0.0011717677116442893,3125000000.0,100,4
2tier,64,30,2,0.013449999999999946,0.0134217728,0.002103090286250886,5000000000.0,157,5
2tier,64,30,4,0.010749999999999963,0.00805306368,0.33489569028218136,8333333333.333333,216,8
2tier,64,30,8,0.007399999999999983,0.006271412423362831,0.17995748014160817,10700757575.757576,243,11
2tier,64,30,16,0.006399999999999989,0.005835831606007151,0.09667317909106687,11499451754.385965,251,19
2tier,64,30,32,0.00624999999999999,0.0056054246896649045,0.11499134249783638,11972128378.378376,256,37
3tier_nb,16,34,1,0.010749999999999963,0.01073741824,0.0011717677116360736,6250000000.0,28,1
3tier_nb,16,34,2,0.005399999999999995,0.00536870912,0.005828380584715909,12500000000.0,56,1
3tier_nb,16,34,4,0.005399999999999995,0.00536870912,0.005828380584715909,12500000000.0,109,2
3tier_nb,16,34,8,0.005399999999999995,0.00536870912,0.005828380584715909,12500000000.0,203,2
3tier_nb,16,34,16,0.005399999999999995,0.00536870912,0.005828380584715909,12500000000.0,368,3
3tier_nb,16,34,32,0.005399999999999995,0.00536870912,0.005828380584715909,12500000000.0,623,5
3tier_os2,16,34,1,0.010749999999999963,0.01073741824,0.0011717677116360736,6250000000.0,28,1
3tier_os2,16,34,2,0.005399999999999995,0.00536870912,0.005828380584715909,12500000000.0,56,1
3tier_os2,16,34,4,0.005399999999999995,0.00536870912,0.005828380584715909,12500000000.0,109,2
3tier_os2,16,34,8,0.005399999999999995,0.00536870912,0.005828380584715909,12500000000.0,203,2
3tier_os2,16,34,16,0.005399999999999995,0.00536870912,0.005828380584715909,12500000000.0,368,3
3tier_os2,16,34,32,0.005399999999999995,0.00536870912,0.005828380584715909,12500000000.0,623,5
3tier_os4,16,34,1,0.021500000000000102,0.02147483648,0.0011717677116442893,3125000000.0,28,1
3tier_os4,16,34,2,0.010749999999999963,0.01073741824,0.0011717677116360736,6250000000.0,56,1
3tier_os4,16,34,4,0.010749999999999963,0.007158278826666666,0.501757651567454,9375000000.0,109,2
3tier_os4,16,34,8,0.005399999999999995,0.00536870912,0.005828380584715909,12500000000.0,203,2
3tier_os4,16,34,16,0.005399999999999995,0.00536870912,0.005828380584715909,12500000000.0,368,3
3tier_os4,16,34,32,0.005399999999999995,0.00536870912,0.005828380584715909,12500000000.0,623,5
2tier,16,34,1,0.010749999999999963,0.01073741824,0.0011717677116360736,6250000000.0,28,2
2tier,16,34,2,0.008099999999999979,0.00805306368,0.005828380584714132,8333333333.333333,54,3
2tier,16,34,4,0.005399999999999995,0.00536870912,0.005828380584715909,12500000000.0,80,4
2tier,16,34,8,0.005399999999999995,0.00536870912,0.005828380584715909,12500000000.0,113,5
2tier,16,34,16,0.005399999999999995,0.00536870912,0.005828380584715909,12500000000.0,148,9
2tier,16,34,32,0.005399999999999995,0.00536870912,0.005828380584715909,12500000000.0,160,16
3tier_nb,64,34,1,0.010749999999999963,0.01073741824,0.0011717677116360736,6250000000.0,115,2
3tier_nb,64,34,2,0.008099999999999979,0.00805306368,0.005828380584714132,8333333333.333333,224,2
3tier_nb,64,34,4,0.006749999999999987,0.0059652323555555555,0.13155692815780418,11250000000.0,417,3
3tier_nb,64,34,8,0.005399999999999995,0.00536870912,0.005828380584715909,12500000000.0,729,5
3tier_nb,64,34,16,0.005399999999999995,0.00536870912,0.005828380584715909,12500000000.0,1163,7
3tier_nb,64,34,32,0.005399999999999995,0.00536870912,0.005828380584715909,12500000000.0,1617,10
3tier_os2,64,34,1,0.021500000000000102,0.02147483648,0.0011717677116442893,3125000000.0,115,2
3tier_os2,64,34,2,0.010749999999999963,0.01073741824,0.0011717677116360736,6250000000.0,224,2
3tier_os2,64,34,4,0.008099999999999979,0.006442450944,0.25728547573089267,10416666666.666666,417,3
3tier_os2,64,34,8,0.006749999999999987,0.005506368328205128,0.22585333883762115,12187500000.0,729,5
3tier_os2,64,34,16,0.005399999999999995,0.00536870912,0.005828380584715909,12500000000.0,1163,7
3tier_os2,64,34,32,0.005399999999999995,0.00536870912,0.005828380584715909,12500000000.0,1617,10
3tier_os4,64,34,1,0.04295000000000072,0.04294967296,7.614493386709498e-06,1562500000.0,115,2
3tier_os4,64,34,2,0.021500000000000102,0.02147483648,0.0011717677116442893,3125000000.0,224,2
3tier_os4,64,34,4,0.01614999999999995,0.01073741824,0.5040859580039931,6250000000.0,417,3
3tier_os4,64,34,8,0.013449999999999946,0.007158278826666666,0.8789432942867206,9375000000.0,729,5
3tier_os4,64,34,16,0.009399999999999971,0.005988998221513944,0.5695446303912524,11205357142.857143,1163,7
3tier_os4,64,34,32,0.006749999999999987,0.0055102930383464,0.22498022392391936,12178819444.444445,1617,10
2tier,64,34,1,0.01614999999999995,0.01610612736,0.002723972002661945,4166666666.6666665,100,3
2tier,64,34,2,0.013449999999999946,0.0134217728,0.002103090286250886,5000000000.0,158,5
2tier,64,34,4,0.010749999999999963,0.00870601478918919,0.23477851351101764,7708333333.333333,207,8
2tier,64,34,8,0.008099999999999979,0.006336836994098361,0.2782402336597407,10590277777.777777,233,12
2tier,64,34,16,0.006749999999999987,0.005804009859459459,0.16298906505107658,11562500000.0,239,20
2tier,64,34,32,0.005749999999999993,0.005461808122080926,0.052764921703120304,12286931818.181814,240,34
3tier_nb,16,33,1,0.005399999999999995,0.00536870912,0.005828380584715909,12500000000.0,32,1
3tier_nb,16,33,2,0.005399999999999995,0.00536870912,0.005828380584715909,12500000000.0,62,2
3tier_nb,16,33,4,0.005399999999999995,0.00536870912,0.005828380584715909,12500000000.0,120,2
3tier_nb,16,33,8,0.005399999999999995,0.00536870912,0.005828380584715909,12500000000.0,229,3
3tier_nb,16,33,16,0.005399999999999995,0.00536870912,0.005828380584715909,12500000000.0,407,5
3tier_nb,16,33,32,0.005399999999999995,0.00536870912,0.005828380584715909,12500000000.0,682,6
3tier_os2,16,33,1,0.010749999999999963,0.01073741824,0.0011717677116360736,6250000000.0,32,1
3tier_os2,16,33,2,0.010749999999999963,0.007158278826666666,0.501757651567454,9375000000.0,62,2
3tier_os2,16,33,4,0.005399999999999995,0.00536870912,0.005828380584715909,12500000000.0,120,2
3tier_os2,16,33,8,0.005399999999999995,0.00536870912,0.005828380584715909,12500000000.0,229,3
3tier_os2,16,33,16,0.005399999999999995,0.00536870912,0.005828380584715909,12500000000.0,407,5
3tier_os2,16,33,32,0.005399999999999995,0.00536870912,0.005828380584715909,12500000000.0,682,6
3tier_os4,16,33,1,0.021500000000000102,0.02147483648,0.0011717677116442893,3125000000.0,32,1
3tier_os4,16,33,2,0.021500000000000102,0.014316557653333332,0.5017576515674664,4687500000.0,62,2
3tier_os4,16,33,4,0.010749999999999963,0.007158278826666666,0.501757651567454,9375000000.0,120,2
3tier_os4,16,33,8,0.008099999999999979,0.0056021312556521746,0.4458782970905264,11979166666.666666,229,3
3tier_os4,16,33,16,0.006749999999999987,0.005651272757894737,0.19442120194434875,11875000000.0,407,5
3tier_os4,16,33,32,0.005399999999999995,0.00536870912,0.005828380584715909,12500000000.0,682,6
2tier,16,33,1,0.010749999999999963,0.01073741824,0.0011717677116360736,6250000000.0,31,2
2tier,16,33,2,0.005399999999999995,0.00536870912,0.005828380584715909,12500000000.0,56,2
2tier,16,33,4,0.005399999999999995,0.00536870912,0.005828380584715909,12500000000.0,90,4
2tier,16,33,8,0.005399999999999995,0.00536870912,0.005828380584715909,12500000000.0,130,6
2tier,16,33,16,0.005399999999999995,0.00536870912,0.005828380584715909,12500000000.0,158,11
2tier,16,33,32,0.005399999999999995,0.00536870912,0.005828380584715909,12500000000.0,176,19
3tier_nb,64,33,1,0.010749999999999963,0.01073741824,0.0011717677116360736,6250000000.0,125,2
3tier_nb,64,33,2,0.008099999999999979,0.006442450944,0.25728547573089267,10416666666.666666,243,2
3tier_nb,64,33,4,0.006749999999999987,0.0059652323555555555,0.13155692815780418,11250000000.0,435,3
3tier_nb,64,33,8,0.005399999999999995,0.00536870912,0.005828380584715909,12500000000.0,757,5
3tier_nb,64,33,16,0.005399999999999995,0.00536870912,0.005828380584715909,12500000000.0,1168,7
3tier_nb,64,33,32,0.005399999999999995,0.00536870912,0.005828380584715909,12500000000.0,1575,11
3tier_os2,64,33,1,0.021500000000000102,0.02147483648,0.0011717677116442893,3125000000.0,125,2
3tier_os2,64,33,2,0.010749999999999963,0.01073741824,0.0011717677116360736,6250000000.0,243,2
3tier_os2,64,33,4,0.008099999999999979,0.006442450944,0.25728547573089267,10416666666.666666,435,3
3tier_os2,64,33,8,0.006749999999999987,0.005651272757894737,0.19442120194434875,11875000000.0,757,5
3tier_os2,64,33,16,0.005399999999999995,0.00536870912,0.005828380584715909,12500000000.0,1168,7
3tier_os2,64,33,32,0.005399999999999995,0.00536870912,0.005828380584715909,12500000000.0,1575,11
3tier_os4,64,33,1,0.04295000000000072,0.04294967296,7.614493386709498e-06,1562500000.0,125,2
3tier_os4,64,33,2,0.021500000000000102,0.02147483648,0.0011717677116442893,3125000000.0,243,2
3tier_os4,64,33,4,0.01614999999999995,0.01073741824,0.5040859580039931,6250000000.0,435,3
3tier_os4,64,33,8,0.013449999999999946,0.008647585159731543,0.5553475047151186,7760416666.666667,757,5
3tier_os4,64,33,16,0.009399999999999971,0.006342778707172996,0.4820003083773976,10580357142.857143,1168,7
3tier_os4,64,33,32,0.007399999999999983,0.0056206445777131535,0.31657497599871154,11939709595.959595,1575,11
2tier,64,33,1,0.01614999999999995,0.01610612736,0.002723972002661945,4166666666.6666665,97,3
2tier,64,33,2,0.010749999999999963,0.01073741824,0.0011717677116360736,6250000000.0,148,4
2tier,64,33,4,0.009399999999999971,0.00939524096,0.0005065373011965413,7142857142.857142,207,7
2tier,64,33,8,0.008099999999999979,0.006947741214117647,0.16584653204137334,9659090909.09091,242,12
2tier,64,33,16,0.006399999999999989,0.0057207193262185565,0.11874043018825087,11730843653.250774,252,19
2tier,64,33,32,0.00624999999999999,0.005605424689664902,0.11499134249783682,11972128378.37838,256,37
3tier_nb,16,35,1,0.005399999999999995,0.00536870912,0.005828380584715909,12500000000.0,30,1
3tier_nb,16,35,2,0.005399999999999995,0.00536870912,0.005828380584715909,12500000000.0,57,2
3tier_nb,16,35,4,0.005399999999999995,0.00536870912,0.005828380584715909,12500000000.0,110,2
3tier_nb,16,35,8,0.005399999999999995,0.00536870912,0.005828380584715909,12500000000.0,215,3
3tier_nb,16,35,16,0.005399999999999995,0.00536870912,0.005828380584715909,12500000000.0,390,4
3tier_nb,16,35,32,0.005399999999999995,0.00536870912,0.005828380584715909,12500000000.0,640,5
3tier_os2,16,35,1,0.010749999999999963,0.01073741824,0.0011717677116360736,6250000000.0,30,1
3tier_os2,16,35,2,0.010749999999999963,0.01073741824,0.0011717677116360736,6250000000.0,57,2
3tier_os2,16,35,4,0.005399999999999995,0.00536870912,0.005828380584715909,12500000000.0,110,2
3tier_os2,16,35,8,0.005399999999999995,0.00536870912,0.005828380584715909,12500000000.0,215,3
3tier_os2,16,35,16,0.005399999999999995,0.00536870912,0.005828380584715909,12500000000.0,390,4
3tier_os2,16,35,32,0.005399999999999995,0.00536870912,0.005828380584715909,12500000000.0,640,5
3tier_os4,16,35,1,0.021500000000000102,0.02147483648,0.0011717677116442893,3125000000.0,30,1
3tier_os4,16,35,2,0.021500000000000102,0.02147483648,0.0011717677116442893,3125000000.0,57,2
3tier_os4,16,35,4,0.010749999999999963,0.01073741824,0.0011717677116360736,6250000000.0,110,2
3tier_os4,16,35,8,0.008099999999999979,0.005856773585454546,0.3830140233039818,11458333333.333332,215,3
3tier_os4,16,35,16,0.005399999999999995,0.00536870912,0.005828380584715909,12500000000.0,390,4
3tier_os4,16,35,32,0.005399999999999995,0.00536870912,0.005828380584715909,12500000000.0,640,5
2tier,16,35,1,0.010749999999999963,0.01073741824,0.0011717677116360736,6250000000.0,29,2
2tier,16,35,2,0.008099999999999979,0.00805306368,0.005828380584714132,8333333333.333333,50,3
2tier,16,35,4,0.005399999999999995,0.00536870912,0.005828380584715909,12500000000.0,81,4
2tier,16,35,8,0.005399999999999995,0.00536870912,0.005828380584715909,12500000000.0,120,6
2tier,16,35,16,0.005399999999999995,0.00536870912,0.005828380584715909,12500000000.0,136,13
2tier,16,35,32,0.005399999999999995,0.00536870912,0.005828380584715909,12500000000.0,142,21
3tier_nb,64,35,1,0.010749999999999963,0.01073741824,0.0011717677116360736,6250000000.0,116,2
3tier_nb,64,35,2,0.008099999999999979,0.00805306368,0.005828380584714132,8333333333.333333,222,3
3tier_nb,64,35,4,0.008099999999999979,0.007158278826666666,0.1315569281578035,9375000000.0,416,4
3tier_nb,64,35,8,0.006049999999999991,0.005684515538823529,0.06429474221335352,11805555555.555555,711,5
3tier_nb,64,35,16,0.005399999999999995,0.00536870912,0.005828380584715909,12500000000.0,1148,7
3tier_nb,64,35,32,0.005399999999999995,0.00536870912,0.005828380584715909,12500000000.0,1575,10
3tier_os2,64,35,1,0.021500000000000102,0.02147483648,0.0011717677116442893,3125000000.0,116,2
3tier_os2,64,35,2,0.01614999999999995,0.01073741824,0.5040859580039931,6250000000.0,222,3
3tier_os2,64,35,4,0.010749999999999963,0.007158278826666666,0.501757651567454,9375000000.0,416,4
3tier_os2,64,35,8,0.006749999999999987,0.005684515538823529,0.1874362826347329,11805555555.555555,711,5
3tier_os2,64,35,16,0.005399999999999995,0.00536870912,0.005828380584715909,12500000000.0,1148,7
3tier_os2,64,35,32,0.005399999999999995,0.00536870912,0.005828380584715909,12500000000.0,1575,10
3tier_os4,64,35,1,0.04295000000000072,0.04294967296,7.614493386709498e-06,1562500000.0,116,2
3tier_os4,64,35,2,0.03225000000000041,0.02147483648,0.5017576515674782,3125000000.0,222,3
3tier_os4,64,35,4,0.021500000000000102,0.012884901888,0.6686196128527402,5208333333.333333,416,4
3tier_os4,64,35,8,0.013449999999999946,0.00696481183135135,0.9311361635724629,9635416666.666668,711,5
3tier_os4,64,35,16,0.009399999999999971,0.005837819625631068,0.6101902084691133,11495535714.285715,1148,7
3tier_os4,64,35,32,0.006749999999999987,0.005506368328205128,0.22585333883762115,12187500000.0,1575,10
2tier,64,35,1,0.01614999999999995,0.01610612736,0.002723972002661945,4166666666.6666665,107,3
2tier,64,35,2,0.013449999999999946,0.0134217728,0.002103090286250886,5000000000.0,160,5
2tier,64,35,4,0.008099999999999979,0.007158278826666666,0.1315569281578035,9375000000.0,207,6
2tier,64,35,8,0.007399999999999983,0.006171288277271408,0.19910133306425948,10874368686.868687,240,11
2tier,64,35,16,0.006399999999999989,0.00564736184249135,0.13327252237420129,11883223684.210526,253,19
2tier,64,35,32,0.005549999999999994,0.005404534633670163,0.02691542865200347,12417140151.51515,256,33
3tier_nb,16,38,1,0.005399999999999995,0.00536870912,0.005828380584715909,12500000000.0,32,1
3tier_nb,16,38,2,0.005399999999999995,0.00536870912,0.005828380584715909,12500000000.0,61,2
3tier_nb,16,38,4,0.005399999999999995,0.00536870912,0.005828380584715909,12500000000.0,120,3
3tier_nb,16,38,8,0.005399999999999995,0.00536870912,0.005828380584715909,12500000000.0,224,3
3tier_nb,16,38,16,0.005399999999999995,0.00536870912,0.005828380584715909,12500000000.0,399,5
3tier_nb,16,38,32,0.005399999999999995,0.00536870912,0.005828380584715909,12500000000.0,660,7
3tier_os2,16,38,1,0.010749999999999963,0.01073741824,0.0011717677116360736,6250000000.0,32,1
3tier_os2,16,38,2,0.010749999999999963,0.01073741824,0.0011717677116360736,6250000000.0,61,2
3tier_os2,16,38,4,0.008099999999999979,0.005856773585454546,0.3830140233039818,11458333333.333332,120,3
3tier_os2,16,38,8,0.005399999999999995,0.00536870912,0.005828380584715909,12500000000.0,224,3
3tier_os2,16,38,16,0.005399999999999995,0.00536870912,0.005828380584715909,12500000000.0,399,5
3tier_os2,16,38,32,0.005399999999999995,0.00536870912,0.005828380584715909,12500000000.0,660,7
3tier_os4,16,38,1,0.021500000000000102,0.02147483648,0.0011717677116442893,3125000000.0,32,1
3tier_os4,16,38,2,0.021500000000000102,0.02147483648,0.0011717677116442893,3125000000.0,61,2
3tier_os4,16,38,4,0.01614999999999995,0.008589934592,0.8801074475049913,7812500000.0,120,3
3tier_os4,16,38,8,0.008099999999999979,0.005856773585454546,0.3830140233039818,11458333333.333332,224,3
3tier_os4,16,38,16,0.006749999999999987,0.005577879605194805,0.21013727039098518,12031250000.0,399,5
3tier_os4,16,38,32,0.005399999999999995,0.00536870912,0.005828380584715909,12500000000.0,660,7
2tier,16,38,1,0.010749999999999963,0.01073741824,0.0011717677116360736,6250000000.0,30,2
2tier,16,38,2,0.010749999999999963,0.01073741824,0.0011717677116360736,6250000000.0,53,4
2tier,16,38,4,0.006749999999999987,0.0067108864,0.0058283805847147985,10000000000.0,82,5
2tier,16,38,8,0.005399999999999995,0.00536870912,0.005828380584715909,12500000000.0,122,7
2tier,16,38,16,0.005399999999999995,0.00536870912,0.005828380584715909,12500000000.0,147,12
2tier,16,38,32,0.005399999999999995,0.00536870912,0.005828380584715909,12500000000.0,157,20
3tier_nb,64,38,1,0.010749999999999963,0.01073741824,0.0011717677116360736,6250000000.0,122,2
3tier_nb,64,38,2,0.008099999999999979,0.00805306368,0.005828380584714132,8333333333.333333,237,3
3tier_nb,64,38,4,0.005399999999999995,0.00536870912,0.005828380584715909,12500000000.0,443,3
3tier_nb,64,38,8,0.005399999999999995,0.00536870912,0.005828380584715909,12500000000.0,777,4
3tier_nb,64,38,16,0.005399999999999995,0.00536870912,0.005828380584715909,12500000000.0,1242,6
3tier_nb,64,38,32,0.005399999999999995,0.00536870912,0.005828380584715909,12500000000.0,1654,9
3tier_os2,64,38,1,0.021500000000000102,0.02147483648,0.0011717677116442893,3125000000.0,122,2
3tier_os2,64,38,2,0.01614999999999995,0.012884901888,0.25340496500332743,5208333333.333333,237,3
3tier_os2,64,38,4,0.008099999999999979,0.005856773585454546,0.3830140233039818,11458333333.333332,443,3
3tier_os2,64,38,8,0.005399999999999995,0.00536870912,0.005828380584715909,12500000000.0,777,4
3tier_os2,64,38,16,0.005399999999999995,0.00536870912,0.005828380584715909,12500000000.0,1242,6
3tier_os2,64,38,32,0.005399999999999995,0.00536870912,0.005828380584715909,12500000000.0,1654,9
3tier_os4,64,38,1,0.04295000000000072,0.04294967296,7.614493386709498e-06,1562500000.0,122,2
3tier_os4,64,38,2,0.03225000000000041,0.025769803776,0.251464709639565,2604166666.6666665,237,3
3tier_os4,64,38,4,0.01614999999999995,0.011713547170909092,0.3787454615036603,5729166666.666666,443,3
3tier_os4,64,38,8,0.010749999999999963,0.007158278826666666,0.501757651567454,9375000000.0,777,4
3tier_os4,64,38,16,0.008099999999999979,0.005752188342857143,0.40815973281859974,11666666666.666666,1242,6
3tier_os4,64,38,32,0.006049999999999991,0.005463562638021203,0.10733607369992271,12282986111.111109,1654,9
2tier,64,38,1,0.01614999999999995,0.01610612736,0.002723972002661945,4166666666.6666665,104,3
2tier,64,38,2,0.010749999999999963,0.01073741824,0.0011717677116360736,6250000000.0,154,4
2tier,64,38,4,0.010749999999999963,0.008351325297777778,0.28722084420067473,8035714285.714286,213,8
2tier,64,38,8,0.008099999999999979,0.0067815273094736835,0.1944212019443481,9895833333.333334,248,12
2tier,64,38,16,0.006749999999999987,0.006020982190654205,0.12107954919338004,11145833333.333334,256,20
2tier,64,38,32,0.00624999999999999,0.005556426222097903,0.12482371765213851,12077702702.7027,256,37
3tier_nb,16,39,1,0.005399999999999995,0.00536870912,0.005828380584715909,12500000000.0,28,1
3tier_nb,16,39,2,0.008099999999999979,0.00805306368,0.005828380584714132,8333333333.333333,53,2
3tier_nb,16,39,4,0.005399999999999995,0.00536870912,0.005828380584715909,12500000000.0,105,2
3tier_nb,16,39,8,0.005399999999999995,0.00536870912,0.005828380584715909,12500000000.0,200,3
3tier_nb,16,39,16,0.005399999999999995,0.00536870912,0.005828380584715909,12500000000.0,376,4
3tier_nb,16,39,32,0.005399999999999995,0.00536870912,0.005828380584715909,12500000000.0,610,5
3tier_os2,16,39,1,0.010749999999999963,0.01073741824,0.0011717677116360736,6250000000.0,28,1
3tier_os2,16,39,2,0.010749999999999963,0.01073741824,0.0011717677116360736,6250000000.0,53,2
3tier_os2,16,39,4,0.005399999999999995,0.00536870912,0.005828380584715909,12500000000.0,105,2
3tier_os2,16,39,8,0.005399999999999995,0.00536870912,0.005828380584715909,12500000000.0,200,3
3tier_os2,16,39,16,0.005399999999999995,0.00536870912,0.005828380584715909,12500000000.0,376,4
3tier_os2,16,39,32,0.005399999999999995,0.00536870912,0.005828380584715909,12500000000.0,610,5
3tier_os4,16,39,1,0.021500000000000102,0.02147483648,0.0011717677116442893,3125000000.0,28,1
3tier_os4,16,39,2,0.021500000000000102,0.02147483648,0.0011717677116442893,3125000000.0,53,2
3tier_os4,16,39,4,0.010749999999999963,0.007158278826666666,0.501757651567454,9375000000.0,105,2
3tier_os4,16,39,8,0.008099999999999979,0.006135667565714285,0.32014974951743747,10937500000.0,200,3
3tier_os4,16,39,16,0.005399999999999995,0.00536870912,0.005828380584715909,12500000000.0,376,4
3tier_os4,16,39,32,0.005399999999999995,0.00536870912,0.005828380584715909,12500000000.0,610,5
2tier,16,39,1,0.010749999999999963,0.01073741824,0.0011717677116360736,6250000000.0,28,2
2tier,16,39,2,0.005399999999999995,0.00536870912,0.005828380584715909,12500000000.0,54,2
2tier,16,39,4,0.005399999999999995,0.00536870912,0.005828380584715909,12500000000.0,86,4
2tier,16,39,8,0.005399999999999995,0.00536870912,0.005828380584715909,12500000000.0,116,6
2tier,16,39,16,0.005399999999999995,0.00536870912,0.005828380584715909,12500000000.0,136,10
2tier,16,39,32,0.005399999999999995,0.00536870912,0.005828380584715909,12500000000.0,143,16
3tier_nb,64,39,1,0.010749999999999963,0.01073741824,0.0011717677116360736,6250000000.0,114,2
3tier_nb,64,39,2,0.008099999999999979,0.00805306368,0.005828380584714132,8333333333.333333,219,2
3tier_nb,64,39,4,0.006749999999999987,0.006316128376470588,0.0686926543712596,10625000000.0,415,3
3tier_nb,64,39,8,0.005399999999999995,0.00536870912,0.005828380584715909,12500000000.0,731,5
3tier_nb,64,39,16,0.005399999999999995,0.00536870912,0.005828380584715909,12500000000.0,1199,6
3tier_nb,64,39,32,0.005399999999999995,0.00536870912,0.005828380584715909,12500000000.0,1655,13
3tier_os2,64,39,1,0.021500000000000102,0.02147483648,0.0011717677116442893,3125000000.0,114,2
3tier_os2,64,39,2,0.010749999999999963,0.01073741824,0.0011717677116360736,6250000000.0,219,2
3tier_os2,64,39,4,0.008099999999999979,0.007158278826666666,0.1315569281578035,9375000000.0,415,3
3tier_os2,64,39,8,0.006749999999999987,0.005651272757894737,0.19442120194434875,11875000000.0,731,5
3tier_os2,64,39,16,0.005399999999999995,0.00536870912,0.005828380584715909,12500000000.0,1199,6
3tier_os2,64,39,32,0.005399999999999995,0.00536870912,0.005828380584715909,12500000000.0,1655,13
3tier_os4,64,39,1,0.04295000000000072,0.04294967296,7.614493386709498e-06,1562500000.0,114,2
3tier_os4,64,39,2,0.021500000000000102,0.02147483648,0.0011717677116442893,3125000000.0,219,2
3tier_os4,64,39,4,0.01614999999999995,0.014316557653333332,0.1280644685029948,4687500000.0,415,3
3tier_os4,64,39,8,0.013449999999999946,0.00926971358848921,0.45096176614363404,7239583333.333333,731,5
3tier_os4,64,39,16,0.008099999999999979,0.006077783909433962,0.3327226042747464,11041666666.666668,1199,6
3tier_os4,64,39,32,0.008749999999999975,0.005773728068888368,0.515485297471697,11623142482.51748,1655,13
2tier,64,39,1,0.01614999999999995,0.01610612736,0.002723972002661945,4166666666.6666665,99,3
2tier,64,39,2,0.013449999999999946,0.0134217728,0.002103090286250886,5000000000.0,151,5
2tier,64,39,4,0.010749999999999963,0.009336885426086957,0.15134753286838132,7187500000.0,209,8
2tier,64,39,8,0.008749999999999975,0.007067667702278481,0.23803217250566866,9495192307.692308,236,13
2tier,64,39,16,0.007049999999999985,0.005895053151372549,0.19591797036783776,11383928571.428572,253,21
2tier,64,39,32,0.005549999999999994,0.005409691632366411,0.025936481627550023,12405303030.303032,256,33
3tier_nb,16,37,1,0.010749999999999963,0.01073741824,0.0011717677116360736,6250000000.0,31,2
3tier_nb,16,37,2,0.010749999999999963,0.01073741824,0.0011717677116360736,6250000000.0,56,4
3tier_nb,16,37,4,0.008099999999999979,0.007158278826666666,0.1315569281578035,9375000000.0,115,4
3tier_nb,16,37,8,0.005399999999999995,0.00536870912,0.005828380584715909,12500000000.0,224,4
3tier_nb,16,37,16,0.005399999999999995,0.00536870912,0.005828380584715909,12500000000.0,409,4
3tier_nb,16,37,32,0.005399999999999995,0.00536870912,0.005828380584715909,12500000000.0,660,6
3tier_os2,16,37,1,0.021500000000000102,0.02147483648,0.0011717677116442893,3125000000.0,31,2
3tier_os2,16,37,2,0.021500000000000102,0.02147483648,0.0011717677116442893,3125000000.0,56,4
3tier_os2,16,37,4,0.010749999999999963,0.007238708925842698,0.4850714554389264,9270833333.333332,115,4
3tier_os2,16,37,8,0.005399999999999995,0.00536870912,0.005828380584715909,12500000000.0,224,4
3tier_os2,16,37,16,0.005399999999999995,0.00536870912,0.005828380584715909,12500000000.0,409,4
3tier_os2,16,37,32,0.005399999999999995,0.00536870912,0.005828380584715909,12500000000.0,660,6
3tier_os4,16,37,1,0.04295000000000072,0.04294967296,7.614493386709498e-06,1562500000.0,31,2
3tier_os4,16,37,2,0.04295000000000072,0.04294967296,7.614493386709498e-06,1562500000.0,56,4
3tier_os4,16,37,4,0.021500000000000102,0.01073741824,1.0023435354232886,6250000000.0,115,4
3tier_os4,16,37,8,0.010749999999999963,0.0064424509439999994,0.6686196128527266,10416666666.666668,224,4
3tier_os4,16,37,16,0.005399999999999995,0.00536870912,0.005828380584715909,12500000000.0,409,4
3tier_os4,16,37,32,0.005399999999999995,0.00536870912,0.005828380584715909,12500000000.0,660,6
2tier,16,37,1,0.010749999999999963,0.01073741824,0.0011717677116360736,6250000000.0,31,2
2tier,16,37,2,0.005399999999999995,0.00536870912,0.005828380584715909,12500000000.0,52,2
2tier,16,37,4,0.005399999999999995,0.00536870912,0.005828380584715909,12500000000.0,92,4
2tier,16,37,8,0.005399999999999995,0.00536870912,0.005828380584715909,12500000000.0,132,6
2tier,16,37,16,0.005399999999999995,0.00536870912,0.005828380584715909,12500000000.0,171,9
2tier,16,37,32,0.005399999999999995,0.00536870912,0.005828380584715909,12500000000.0,175,16
3tier_nb,64,37,1,0.010749999999999963,0.01073741824,0.0011717677116360736,6250000000.0,118,2
3tier_nb,64,37,2,0.010749999999999963,0.01073741824,0.0011717677116360736,6250000000.0,223,4
3tier_nb,64,37,4,0.006749999999999987,0.0059652323555555555,0.13155692815780418,11250000000.0,418,4
3tier_nb,64,37,8,0.005399999999999995,0.00536870912,0.005828380584715909,12500000000.0,759,6
3tier_nb,64,37,16,0.005399999999999995,0.00536870912,0.005828380584715909,12500000000.0,1217,7
3tier_nb,64,37,32,0.005399999999999995,0.00536870912,0.005828380584715909,12500000000.0,1680,9
3tier_os2,64,37,1,0.021500000000000102,0.02147483648,0.0011717677116442893,3125000000.0,118,2
3tier_os2,64,37,2,0.021500000000000102,0.02147483648,0.0011717677116442893,3125000000.0,223,4
3tier_os2,64,37,4,0.010749999999999963,0.007238708925842698,0.4850714554389264,9270833333.333332,418,4
3tier_os2,64,37,8,0.008099999999999979,0.006135667565714285,0.32014974951743747,10937500000.0,759,6
3tier_os2,64,37,16,0.005399999999999995,0.00536870912,0.005828380584715909,12500000000.0,1217,7
3tier_os2,64,37,32,0.005399999999999995,0.00536870912,0.005828380584715909,12500000000.0,1680,9
3tier_os4,64,37,1,0.04295000000000072,0.04294967296,7.614493386709498e-06,1562500000.0,118,2
3tier_os4,64,37,2,0.04295000000000072,0.04294967296,7.614493386709498e-06,1562500000.0,223,4
3tier_os4,64,37,4,0.021500000000000102,0.014316557653333332,0.5017576515674664,4687500000.0,418,4
3tier_os4,64,37,8,0.01614999999999995,0.007158278826666666,1.2561289370059896,9375000000.0,759,6
3tier_os4,64,37,16,0.009399999999999971,0.005883516843835615,0.5976838767528487,11406250000.000002,1217,7
3tier_os4,64,37,32,0.006049999999999991,0.0054443247414084515,0.11124892201688374,12326388888.888887,1680,9
2tier,64,37,1,0.01614999999999995,0.01610612736,0.002723972002661945,4166666666.6666665,102,3
2tier,64,37,2,0.010749999999999963,0.01073741824,0.0011717677116360736,6250000000.0,163,4
2tier,64,37,4,0.008099999999999979,0.006442450944,0.25728547573089267,10416666666.666666,220,6
2tier,64,37,8,0.007399999999999983,0.006171288277271408,0.19910133306425948,10874368686.868687,247,11
2tier,64,37,16,0.006749999999999987,0.0059652323555555555,0.13155692815780418,11250000000.0,256,20
2tier,64,37,32,0.005399999999999995,0.00536870912,0.005828380584715909,12500000000.0,256,32
3tier_nb,16,42,1,0.005399999999999995,0.00536870912,0.005828380584715909,12500000000.0,32,1
3tier_nb,16,42,2,0.005399999999999995,0.00536870912,0.005828380584715909,12500000000.0,64,1
3tier_nb,16,42,4,0.005399999999999995,0.00536870912,0.005828380584715909,12500000000.0,128,1
3tier_nb,16,42,8,0.005399999999999995,0.00536870912,0.005828380584715909,12500000000.0,239,2
3tier_nb,16,42,16,0.005399999999999995,0.00536870912,0.005828380584715909,12500000000.0,442,3
3tier_nb,16,42,32,0.005399999999999995,0.00536870912,0.005828380584715909,12500000000.0,737,4
3tier_os2,16,42,1,0.010749999999999963,0.01073741824,0.0011717677116360736,6250000000.0,32,1
3tier_os2,16,42,2,0.005399999999999995,0.00536870912,0.005828380584715909,12500000000.0,64,1
3tier_os2,16,42,4,0.005399999999999995,0.00536870912,0.005828380584715909,12500000000.0,128,1
3tier_os2,16,42,8,0.005399999999999995,0.00536870912,0.005828380584715909,12500000000.0,239,2
3tier_os2,16,42,16,0.005399999999999995,0.00536870912,0.005828380584715909,12500000000.0,442,3
3tier_os2,16,42,32,0.005399999999999995,0.00536870912,0.005828380584715909,12500000000.0,737,4
3tier_os4,16,42,1,0.021500000000000102,0.02147483648,0.0011717677116442893,3125000000.0,32,1
3tier_os4,16,42,2,0.010749999999999963,0.01073741824,0.0011717677116360736,6250000000.0,64,1
3tier_os4,16,42,4,0.005399999999999995,0.00536870912,0.005828380584715909,12500000000.0,128,1
3tier_os4,16,42,8,0.005399999999999995,0.00536870912,0.005828380584715909,12500000000.0,239,2
3tier_os4,16,42,16,0.005399999999999995,0.00536870912,0.005828380584715909,12500000000.0,442,3
3tier_os4,16,42,32,0.005399999999999995,0.00536870912,0.005828380584715909,12500000000.0,737,4
2tier,16,42,1,0.005399999999999995,0.00536870912,0.005828380584715909,12500000000.0,32,1
2tier,16,42,2,0.005399999999999995,0.00536870912,0.005828380584715909,12500000000.0,56,2
2tier,16,42,4,0.005399999999999995,0.00536870912,0.005828380584715909,12500000000.0,101,3
2tier,16,42,8,0.005399999999999995,0.00536870912,0.005828380584715909,12500000000.0,147,5
2tier,16,42,16,0.005399999999999995,0.00536870912,0.005828380584715909,12500000000.0,182,7
2tier,16,42,32,0.005399999999999995,0.00536870912,0.005828380584715909,12500000000.0,192,14
3tier_nb,64,42,1,0.010749999999999963,0.01073741824,0.0011717677116360736,6250000000.0,121,2
3tier_nb,64,42,2,0.008099999999999979,0.00805306368,0.005828380584714132,8333333333.333333,237,2
3tier_nb,64,42,4,0.005399999999999995,0.00536870912,0.005828380584715909,12500000000.0,445,3
3tier_nb,64,42,8,0.005399999999999995,0.00536870912,0.005828380584715909,12500000000.0,787,4
3tier_nb,64,42,16,0.005399999999999995,0.00536870912,0.005828380584715909,12500000000.0,1240,5
3tier_nb,64,42,32,0.005399999999999995,0.00536870912,0.005828380584715909,12500000000.0,1688,9
3tier_os2,64,42,1,0.021500000000000102,0.02147483648,0.0011717677116442893,3125000000.0,121,2
3tier_os2,64,42,2,0.010749999999999963,0.00920350134857143,0.1680337289969085,7291666666.666666,237,2
3tier_os2,64,42,4,0.008099999999999979,0.005856773585454546,0.3830140233039818,11458333333.333332,445,3
3tier_os2,64,42,8,0.005399999999999995,0.00536870912,0.005828380584715909,12500000000.0,787,4
3tier_os2,64,42,16,0.005399999999999995,0.00536870912,0.005828380584715909,12500000000.0,1240,5
3tier_os2,64,42,32,0.005399999999999995,0.00536870912,0.005828380584715909,12500000000.0,1688,9
3tier_os4,64,42,1,0.04295000000000072,0.04294967296,7.614493386709498e-06,1562500000.0,121,2
3tier_os4,64,42,2,0.021500000000000102,0.014316557653333332,0.5017576515674664,4687500000.0,237,2
3tier_os4,64,42,4,0.01614999999999995,0.00920350134857143,0.7547669510046584,7291666666.666666,445,3
3tier_os4,64,42,8,0.010749999999999963,0.006607641993846154,0.6269041225314085,10156250000.0,787,4
3tier_os4,64,42,16,0.006749999999999987,0.005651272757894737,0.19442120194434875,11875000000.0,1240,5
3tier_os4,64,42,32,0.006049999999999991,0.005444324741408451,0.11124892201688397,12326388888.88889,1688,9
2tier,64,42,1,0.01614999999999995,0.01610612736,0.002723972002661945,4166666666.6666665,99,3
2tier,64,42,2,0.013449999999999946,0.0134217728,0.002103090286250886,5000000000.0,151,5
2tier,64,42,4,0.009399999999999971,0.007911781861052632,0.1881015130451711,8482142857.142858,203,7
2tier,64,42,8,0.006749999999999987,0.006316128376470588,0.0686926543712596,10625000000.0,231,10
2tier,64,42,16,0.007399999999999983,0.00609608261367742,0.21389431032267203,11008522727.272726,239,22
2tier,64,42,32,0.006549999999999988,0.0057507520910861434,0.13898145777361992,11669580419.580418,240,39
3tier_nb,16,40,1,0.005399999999999995,0.00536870912,0.005828380584715909,12500000000.0,32,1
3tier_nb,16,40,2,0.005399999999999995,0.00536870912,0.005828380584715909,12500000000.0,64,1
3tier_nb,16,40,4,0.005399999999999995,0.00536870912,0.005828380584715909,12500000000.0,125,2
3tier_nb,16,40,8,0.005399999999999995,0.00536870912,0.005828380584715909,12500000000.0,227,3
3tier_nb,16,40,16,0.005399999999999995,0.00536870912,0.005828380584715909,12500000000.0,417,5
3tier_nb,16,40,32,0.005399999999999995,0.00536870912,0.005828380584715909,12500000000.0,682,7
3tier_os2,16,40,1,0.010749999999999963,0.01073741824,0.0011717677116360736,6250000000.0,32,1
3tier_os2,16,40,2,0.005399999999999995,0.00536870912,0.005828380584715909,12500000000.0,64,1
3tier_os2,16,40,4,0.005399999999999995,0.00536870912,0.005828380584715909,12500000000.0,125,2
3tier_os2,16,40,8,0.005399999999999995,0.00536870912,0.005828380584715909,12500000000.0,227,3
3tier_os2,16,40,16,0.005399999999999995,0.00536870912,0.005828380584715909,12500000000.0,417,5
3tier_os2,16,40,32,0.005399999999999995,0.00536870912,0.005828380584715909,12500000000.0,682,7
3tier_os4,16,40,1,0.021500000000000102,0.02147483648,0.0011717677116442893,3125000000.0,32,1
3tier_os4,16,40,2,0.010749999999999963,0.01073741824,0.0011717677116360736,6250000000.0,64,1
3tier_os4,16,40,4,0.010749999999999963,0.007158278826666666,0.501757651567454,9375000000.0,125,2
3tier_os4,16,40,8,0.008099999999999979,0.005856773585454546,0.3830140233039818,11458333333.333332,227,3
3tier_os4,16,40,16,0.006749999999999987,0.005577879605194805,0.21013727039098518,12031250000.0,417,5
3tier_os4,16,40,32,0.005399999999999995,0.00536870912,0.005828380584715909,12500000000.0,682,7
2tier,16,40,1,0.010749999999999963,0.01073741824,0.0011717677116360736,6250000000.0,31,2
2tier,16,40,2,0.005399999999999995,0.00536870912,0.005828380584715909,12500000000.0,56,2
2tier,16,40,4,0.005399999999999995,0.00536870912,0.005828380584715909,12500000000.0,88,4
2tier,16,40,8,0.005399999999999995,0.00536870912,0.005828380584715909,12500000000.0,137,7
2tier,16,40,16,0.005399999999999995,0.00536870912,0.005828380584715909,12500000000.0,190,9
2tier,16,40,32,0.005399999999999995,0.00536870912,0.005828380584715909,12500000000.0,207,21
3tier_nb,64,40,1,0.010749999999999963,0.01073741824,0.0011717677116360736,6250000000.0,115,2
3tier_nb,64,40,2,0.010749999999999963,0.01073741824,0.0011717677116360736,6250000000.0,220,3
3tier_nb,64,40,4,0.006749999999999987,0.006316128376470588,0.0686926543712596,10625000000.0,439,3
3tier_nb,64,40,8,0.005399999999999995,0.00536870912,0.005828380584715909,12500000000.0,736,5
3tier_nb,64,40,16,0.005399999999999995,0.00536870912,0.005828380584715909,12500000000.0,1153,6
3tier_nb,64,40,32,0.005399999999999995,0.00536870912,0.005828380584715909,12500000000.0,1565,9
3tier_os2,64,40,1,0.021500000000000102,0.02147483648,0.0011717677116442893,3125000000.0,115,2
3tier_os2,64,40,2,0.01614999999999995,0.01610612736,0.002723972002661945,4166666666.6666665,220,3
3tier_os2,64,40,4,0.008099999999999979,0.006442450944,0.25728547573089267,10416666666.666666,439,3
3tier_os2,64,40,8,0.006749999999999987,0.005651272757894737,0.19442120194434875,11875000000.0,736,5
3tier_os2,64,40,16,0.005399999999999995,0.00536870912,0.005828380584715909,12500000000.0,1153,6
3tier_os2,64,40,32,0.005399999999999995,0.00536870912,0.005828380584715909,12500000000.0,1565,9
3tier_os4,64,40,1,0.04295000000000072,0.04294967296,7.614493386709498e-06,1562500000.0,115,2
3tier_os4,64,40,2,0.03225000000000041,0.03221225472,0.0011717677116520608,2083333333.3333333,220,3
3tier_os4,64,40,4,0.01614999999999995,0.009911462990769232,0.6294264545043258,6770833333.333333,439,3
3tier_os4,64,40,8,0.013449999999999946,0.0074051160275862065,0.8163118511438299,9062500000.0,736,5
3tier_os4,64,40,16,0.008099999999999979,0.005883516843835615,0.3767275959253278,11406250000.000002,1153,6
3tier_os4,64,40,32,0.006049999999999991,0.00540625254041958,0.11907461865080582,12413194444.444445,1565,9
2tier,64,40,1,0.01614999999999995,0.01610612736,0.002723972002661945,4166666666.6666665,105,3
2tier,64,40,2,0.013449999999999946,0.0134217728,0.002103090286250886,5000000000.0,161,5
2tier,64,40,4,0.009399999999999971,0.007911781861052632,0.1881015130451711,8482142857.142858,213,7
2tier,64,40,8,0.007399999999999983,0.006135667565714285,0.206062734127042,10937500000.0,246,11
2tier,64,40,16,0.006399999999999989,0.005713650892125207,0.12012443896786507,11745356037.151701,255,19
2tier,64,40,32,0.006549999999999988,0.005620930353825503,0.16528752140509573,11939102564.102564,256,39
3tier_nb,16,48,1,0.005399999999999995,0.00536870912,0.005828380584715909,12500000000.0,26,1
3tier_nb,16,48,2,0.005399999999999995,0.00536870912,0.005828380584715909,12500000000.0,52,1
3tier_nb,16,48,4,0.005399999999999995,0.00536870912,0.005828380584715909,12500000000.0,104,1
3tier_nb,16,48,8,0.005399999999999995,0.00536870912,0.005828380584715909,12500000000.0,201,2
3tier_nb,16,48,16,0.005399999999999995,0.00536870912,0.005828380584715909,12500000000.0,370,3
3tier_nb,16,48,32,0.005399999999999995,0.00536870912,0.005828380584715909,12500000000.0,619,4
3tier_os2,16,48,1,0.010749999999999963,0.01073741824,0.0011717677116360736,6250000000.0,26,1
3tier_os2,16,48,2,0.005399999999999995,0.00536870912,0.005828380584715909,12500000000.0,52,1
3tier_os2,16,48,4,0.005399999999999995,0.00536870912,0.005828380584715909,12500000000.0,104,1
3tier_os2,16,48,8,0.005399999999999995,0.00536870912,0.005828380584715909,12500000000.0,201,2
3tier_os2,16,48,16,0.005399999999999995,0.00536870912,0.005828380584715909,12500000000.0,370,3
3tier_os2,16,48,32,0.005399999999999995,0.00536870912,0.005828380584715909,12500000000.0,619,4
3tier_os4,16,48,1,0.021500000000000102,0.02147483648,0.0011717677116442893,3125000000.0,26,1
3tier_os4,16,48,2,0.010749999999999963,0.01073741824,0.0011717677116360736,6250000000.0,52,1
3tier_os4,16,48,4,0.005399999999999995,0.00536870912,0.005828380584715909,12500000000.0,104,1
3tier_os4,16,48,8,0.005399999999999995,0.00536870912,0.005828380584715909,12500000000.0,201,2
3tier_os4,16,48,16,0.005399999999999995,0.00536870912,0.005828380584715909,12500000000.0,370,3
3tier_os4,16,48,32,0.005399999999999995,0.00536870912,0.005828380584715909,12500000000.0,619,4
2tier,16,48,1,0.010749999999999963,0.01073741824,0.0011717677116360736,6250000000.0,27,2
2tier,16,48,2,0.005399999999999995,0.00536870912,0.005828380584715909,12500000000.0,51,2
2tier,16,48,4,0.005399999999999995,0.00536870912,0.005828380584715909,12500000000.0,84,4
2tier,16,48,8,0.005399999999999995,0.00536870912,0.005828380584715909,12500000000.0,127,8
2tier,16,48,16,0.005399999999999995,0.00536870912,0.005828380584715909,12500000000.0,167,10
2tier,16,48,32,0.005399999999999995,0.00536870912,0.005828380584715909,12500000000.0,190,16
3tier_nb,64,48,1,0.010749999999999963,0.01073741824,0.0011717677116360736,6250000000.0,109,2
3tier_nb,64,48,2,0.005399999999999995,0.00536870912,0.005828380584715909,12500000000.0,212,2
3tier_nb,64,48,4,0.005399999999999995,0.00536870912,0.005828380584715909,12500000000.0,395,3
3tier_nb,64,48,8,0.005399999999999995,0.00536870912,0.005828380584715909,12500000000.0,713,4
3tier_nb,64,48,16,0.005399999999999995,0.00536870912,0.005828380584715909,12500000000.0,1135,5
3tier_nb,64,48,32,0.005399999999999995,0.00536870912,0.005828380584715909,12500000000.0,1606,11
3tier_os2,64,48,1,0.021500000000000102,0.02147483648,0.0011717677116442893,3125000000.0,109,2
3tier_os2,64,48,2,0.010749999999999963,0.01073741824,0.0011717677116360736,6250000000.0,212,2
3tier_os2,64,48,4,0.008099999999999979,0.006442450944,0.25728547573089267,10416666666.666666,395,3
3tier_os2,64,48,8,0.005399999999999995,0.00536870912,0.005828380584715909,12500000000.0,713,4
3tier_os2,64,48,16,0.005399999999999995,0.00536870912,0.005828380584715909,12500000000.0,1135,5
3tier_os2,64,48,32,0.005399999999999995,0.00536870912,0.005828380584715909,12500000000.0,1606,11
3tier_os4,64,48,1,0.04295000000000072,0.04294967296,7.614493386709498e-06,1562500000.0,109,2
3tier_os4,64,48,2,0.021500000000000102,0.02147483648,0.0011717677116442893,3125000000.0,212,2
3tier_os4,64,48,4,0.01614999999999995,0.01073741824,0.5040859580039931,6250000000.0,395,3
3tier_os4,64,48,8,0.010749999999999963,0.006781527309473685,0.5851886322100899,9895833333.333332,713,4
3tier_os4,64,48,16,0.006749999999999987,0.0057266230613333335,0.17870513349771278,11718750000.0,1135,5
3tier_os4,64,48,32,0.007399999999999983,0.0055095790386005825,0.34311531755056945,12180397727.272728,1606,11
2tier,64,48,1,0.01614999999999995,0.01610612736,0.002723972002661945,4166666666.6666665,99,3
2tier,64,48,2,0.010749999999999963,0.01073741824,0.0011717677116360736,6250000000.0,158,4
2tier,64,48,4,0.012099999999999955,0.009203501348571426,0.3147170344988459,7291666666.666668,211,9
2tier,64,48,8,0.007399999999999983,0.006216400033684211,0.19039958173578153,10795454545.454544,239,11
2tier,64,48,16,0.006399999999999989,0.005828884187428571,0.09798029849403589,11513157894.736843,251,19
2tier,64,48,32,0.005549999999999994,0.005414858482063038,0.024957534603096132,12393465909.090908,255,33
3tier_nb,16,41,1,0.005399999999999995,0.00536870912,0.005828380584715909,12500000000.0,28,1
3tier_nb,16,41,2,0.005399999999999995,0.00536870912,0.005828380584715909,12500000000.0,55,2
3tier_nb,16,41,4,0.005399999999999995,0.00536870912,0.005828380584715909,12500000000.0,110,2
3tier_nb,16,41,8,0.005399999999999995,0.00536870912,0.005828380584715909,12500000000.0,210,3
3tier_nb,16,41,16,0.005399999999999995,0.00536870912,0.005828380584715909,12500000000.0,383,4
3tier_nb,16,41,32,0.005399999999999995,0.00536870912,0.005828380584715909,12500000000.0,604,5
3tier_os2,16,41,1,0.010749999999999963,0.01073741824,0.0011717677116360736,6250000000.0,28,1
3tier_os2,16,41,2,0.010749999999999963,0.007158278826666666,0.501757651567454,9375000000.0,55,2
3tier_os2,16,41,4,0.005399999999999995,0.00536870912,0.005828380584715909,12500000000.0,110,2
3tier_os2,16,41,8,0.005399999999999995,0.00536870912,0.005828380584715909,12500000000.0,210,3
3tier_os2,16,41,16,0.005399999999999995,0.00536870912,0.005828380584715909,12500000000.0,383,4
3tier_os2,16,41,32,0.005399999999999995,0.00536870912,0.005828380584715909,12500000000.0,604,5
3tier_os4,16,41,1,0.021500000000000102,0.02147483648,0.0011717677116442893,3125000000.0,28,1
3tier_os4,16,41,2,0.021500000000000102,0.014316557653333332,0.5017576515674664,4687500000.0,55,2
3tier_os4,16,41,4,0.010749999999999963,0.007158278826666666,0.501757651567454,9375000000.0,110,2
3tier_os4,16,41,8,0.008099999999999979,0.005856773585454546,0.3830140233039818,11458333333.333332,210,3
3tier_os4,16,41,16,0.005399999999999995,0.00536870912,0.005828380584715909,12500000000.0,383,4
3tier_os4,16,41,32,0.005399999999999995,0.00536870912,0.005828380584715909,12500000000.0,604,5
2tier,16,41,1,0.010749999999999963,0.01073741824,0.0011717677116360736,6250000000.0,28,2
2tier,16,41,2,0.008099999999999979,0.006442450944,0.25728547573089267,10416666666.666666,51,3
2tier,16,41,4,0.006749999999999987,0.006316128376470588,0.0686926543712596,10625000000.0,84,5
2tier,16,41,8,0.005399999999999995,0.00536870912,0.005828380584715909,12500000000.0,130,7
2tier,16,41,16,0.005399999999999995,0.00536870912,0.005828380584715909,12500000000.0,157,12
2tier,16,41,32,0.005399999999999995,0.00536870912,0.005828380584715909,12500000000.0,175,23
3tier_nb,64,41,1,0.010749999999999963,0.01073741824,0.0011717677116360736,6250000000.0,122,1
3tier_nb,64,41,2,0.008099999999999979,0.00805306368,0.005828380584714132,8333333333.333333,234,2
3tier_nb,64,41,4,0.005399999999999995,0.00536870912,0.005828380584715909,12500000000.0,431,3
3tier_nb,64,41,8,0.005399999999999995,0.00536870912,0.005828380584715909,12500000000.0,775,4
3tier_nb,64,41,16,0.005399999999999995,0.00536870912,0.005828380584715909,12500000000.0,1231,7
3tier_nb,64,41,32,0.005399999999999995,0.00536870912,0.005828380584715909,12500000000.0,1673,9
3tier_os2,64,41,1,0.010749999999999963,0.01073741824,0.0011717677116360736,6250000000.0,122,1
3tier_os2,64,41,2,0.010749999999999963,0.01073741824,0.0011717677116360736,6250000000.0,234,2
3tier_os2,64,41,4,0.008099999999999979,0.006442450944,0.25728547573089267,10416666666.666666,431,3
3tier_os2,64,41,8,0.005399999999999995,0.00536870912,0.005828380584715909,12500000000.0,775,4
3tier_os2,64,41,16,0.005399999999999995,0.00536870912,0.005828380584715909,12500000000.0,1231,7
3tier_os2,64,41,32,0.005399999999999995,0.00536870912,0.005828380584715909,12500000000.0,1673,9
3tier_os4,64,41,1,0.021500000000000102,0.02147483648,0.0011717677116442893,3125000000.0,122,1
3tier_os4,64,41,2,0.021500000000000102,0.02147483648,0.0011717677116442893,3125000000.0,234,2
3tier_os4,64,41,4,0.01614999999999995,0.01073741824,0.5040859580039931,6250000000.0,431,3
3tier_os4,64,41,8,0.010749999999999963,0.007362801078857143,0.46004216124613584,9114583333.333334,775,4
3tier_os4,64,41,16,0.009399999999999971,0.006000952309780439,0.5664180474621863,11183035714.285715,1231,7
3tier_os4,64,41,32,0.006049999999999991,0.005463562638021202,0.10733607369992293,12282986111.11111,1673,9
2tier,64,41,1,0.01614999999999995,0.01610612736,0.002723972002661945,4166666666.6666665,108,3
2tier,64,41,2,0.010749999999999963,0.01073741824,0.0011717677116360736,6250000000.0,157,4
2tier,64,41,4,0.008099999999999979,0.007158278826666666,0.1315569281578035,9375000000.0,222,6
2tier,64,41,8,0.008099999999999979,0.006471868528219179,0.2515705417502976,10369318181.81818,253,12
2tier,64,41,16,0.005749999999999993,0.005469246743970038,0.051333075498831926,12270220588.235292,256,17
2tier,64,41,32,0.005899999999999992,0.005486272093430657,0.07541148151670041,12232142857.142857,256,35
3tier_nb,16,43,1,0.010749999999999963,0.01073741824,0.0011717677116360736,6250000000.0,29,2
3tier_nb,16,43,2,0.005399999999999995,0.00536870912,0.005828380584715909,12500000000.0,58,2
3tier_nb,16,43,4,0.005399999999999995,0.00536870912,0.005828380584715909,12500000000.0,116,2
3tier_nb,16,43,8,0.005399999999999995,0.00536870912,0.005828380584715909,12500000000.0,224,2
3tier_nb,16,43,16,0.005399999999999995,0.00536870912,0.005828380584715909,12500000000.0,411,4
3tier_nb,16,43,32,0.005399999999999995,0.00536870912,0.005828380584715909,12500000000.0,740,5
3tier_os2,16,43,1,0.021500000000000102,0.02147483648,0.0011717677116442893,3125000000.0,29,2
3tier_os2,16,43,2,0.010749999999999963,0.007158278826666666,0.501757651567454,9375000000.0,58,2
3tier_os2,16,43,4,0.005399999999999995,0.00536870912,0.005828380584715909,12500000000.0,116,2
3tier_os2,16,43,8,0.005399999999999995,0.00536870912,0.005828380584715909,12500000000.0,224,2
3tier_os2,16,43,16,0.005399999999999995,0.00536870912,0.005828380584715909,12500000000.0,411,4
3tier_os2,16,43,32,0.005399999999999995,0.00536870912,0.005828380584715909,12500000000.0,740,5
3tier_os4,16,43,1,0.04295000000000072,0.04294967296,7.614493386709498e-06,1562500000.0,29,2
3tier_os4,16,43,2,0.021500000000000102,0.014316557653333332,0.5017576515674664,4687500000.0,58,2
3tier_os4,16,43,4,0.010749999999999963,0.007158278826666666,0.501757651567454,9375000000.0,116,2
3tier_os4,16,43,8,0.005399999999999995,0.00536870912,0.005828380584715909,12500000000.0,224,2
3tier_os4,16,43,16,0.005399999999999995,0.00536870912,0.005828380584715909,12500000000.0,411,4
3tier_os4,16,43,32,0.005399999999999995,0.00536870912,0.005828380584715909,12500000000.0,740,5
2tier,16,43,1,0.005399999999999995,0.00536870912,0.005828380584715909,12500000000.0,30,1
2tier,16,43,2,0.008099999999999979,0.00805306368,0.005828380584714132,8333333333.333333,51,3
2tier,16,43,4,0.005399999999999995,0.00536870912,0.005828380584715909,12500000000.0,93,3
2tier,16,43,8,0.005399999999999995,0.00536870912,0.005828380584715909,12500000000.0,141,5
2tier,16,43,16,0.005399999999999995,0.00536870912,0.005828380584715909,12500000000.0,192,7
2tier,16,43,32,0.005399999999999995,0.00536870912,0.005828380584715909,12500000000.0,205,14
3tier_nb,64,43,1,0.010749999999999963,0.01073741824,0.0011717677116360736,6250000000.0,116,2
3tier_nb,64,43,2,0.008099999999999979,0.00805306368,0.005828380584714132,8333333333.333333,227,2
3tier_nb,64,43,4,0.005399999999999995,0.00536870912,0.005828380584715909,12500000000.0,436,3
3tier_nb,64,43,8,0.005399999999999995,0.00536870912,0.005828380584715909,12500000000.0,776,5
3tier_nb,64,43,16,0.005399999999999995,0.00536870912,0.005828380584715909,12500000000.0,1198,6
3tier_nb,64,43,32,0.005399999999999995,0.00536870912,0.005828380584715909,12500000000.0,1630,9
3tier_os2,64,43,1,0.021500000000000102,0.02147483648,0.0011717677116442893,3125000000.0,116,2
3tier_os2,64,43,2,0.010749999999999963,0.01073741824,0.0011717677116360736,6250000000.0,227,2
3tier_os2,64,43,4,0.008099999999999979,0.006442450944,0.25728547573089267,10416666666.666666,436,3
3tier_os2,64,43,8,0.006749999999999987,0.005651272757894737,0.19442120194434875,11875000000.0,776,5
3tier_os2,64,43,16,0.005399999999999995,0.00536870912,0.005828380584715909,12500000000.0,1198,6
3tier_os2,64,43,32,0.005399999999999995,0.00536870912,0.005828380584715909,12500000000.0,1630,9
3tier_os4,64,43,1,0.04295000000000072,0.04294967296,7.614493386709498e-06,1562500000.0,116,2
3tier_os4,64,43,2,0.021500000000000102,0.02147483648,0.0011717677116442893,3125000000.0,227,2
3tier_os4,64,43,4,0.01614999999999995,0.009911462990769232,0.6294264545043258,6770833333.333333,436,3
3tier_os4,64,43,8,0.013449999999999946,0.007002664069565219,0.9206975897153138,9583333333.333332,776,5
3tier_os4,64,43,16,0.008099999999999979,0.005804009859459459,0.395586878061291,11562500000.0,1198,6
3tier_os4,64,43,32,0.006049999999999991,0.005425221847578948,0.11516177033384456,12369791666.666666,1630,9
2tier,64,43,1,0.021500000000000102,0.02147483648,0.0011717677116442893,3125000000.0,100,4
2tier,64,43,2,0.010749999999999963,0.01073741824,0.0011717677116360736,6250000000.0,161,4
2tier,64,43,4,0.008099999999999979,0.00805306368,0.005828380584714132,8333333333.333333,216,6
2tier,64,43,8,0.007399999999999983,0.006318005383417534,0.17125572881313023,10621843434.343433,247,11
2tier,64,43,16,0.006399999999999989,0.005713650892125205,0.12012443896786551,11745356037.151705,255,19
2tier,64,43,32,0.006549999999999988,0.005620930353825504,0.1652875214050955,11939102564.102562,256,39
3tier_nb,16,47,1,0.005399999999999995,0.00536870912,0.005828380584715909,12500000000.0,30,1
3tier_nb,16,47,2,0.005399999999999995,0.00536870912,0.005828380584715909,12500000000.0,60,1
3tier_nb,16,47,4,0.005399999999999995,0.00536870912,0.005828380584715909,12500000000.0,117,2
3tier_nb,16,47,8,0.005399999999999995,0.00536870912,0.005828380584715909,12500000000.0,217,2
3tier_nb,16,47,16,0.005399999999999995,0.00536870912,0.005828380584715909,12500000000.0,389,3
3tier_nb,16,47,32,0.005399999999999995,0.00536870912,0.005828380584715909,12500000000.0,639,5
3tier_os2,16,47,1,0.010749999999999963,0.01073741824,0.0011717677116360736,6250000000.0,30,1
3tier_os2,16,47,2,0.005399999999999995,0.00536870912,0.005828380584715909,12500000000.0,60,1
3tier_os2,16,47,4,0.005399999999999995,0.00536870912,0.005828380584715909,12500000000.0,117,2
3tier_os2,16,47,8,0.005399999999999995,0.00536870912,0.005828380584715909,12500000000.0,217,2
3tier_os2,16,47,16,0.005399999999999995,0.00536870912,0.005828380584715909,12500000000.0,389,3
3tier_os2,16,47,32,0.005399999999999995,0.00536870912,0.005828380584715909,12500000000.0,639,5
3tier_os4,16,47,1,0.021500000000000102,0.02147483648,0.0011717677116442893,3125000000.0,30,1
3tier_os4,16,47,2,0.010749999999999963,0.01073741824,0.0011717677116360736,6250000000.0,60,1
3tier_os4,16,47,4,0.010749999999999963,0.006135667565714285,0.752050593495363,10937500000.0,117,2
3tier_os4,16,47,8,0.005399999999999995,0.00536870912,0.005828380584715909,12500000000.0,217,2
3tier_os4,16,47,16,0.005399999999999995,0.00536870912,0.005828380584715909,12500000000.0,389,3
3tier_os4,16,47,32,0.005399999999999995,0.00536870912,0.005828380584715909,12500000000.0,639,5
2tier,16,47,1,0.010749999999999963,0.01073741824,0.0011717677116360736,6250000000.0,29,2
2tier,16,47,2,0.008099999999999979,0.00805306368,0.005828380584714132,8333333333.333333,49,3
2tier,16,47,4,0.005399999999999995,0.00536870912,0.005828380584715909,12500000000.0,88,4
2tier,16,47,8,0.005399999999999995,0.00536870912,0.005828380584715909,12500000000.0,129,7
2tier,16,47,16,0.005399999999999995,0.00536870912,0.005828380584715909,12500000000.0,166,9
2tier,16,47,32,0.005399999999999995,0.00536870912,0.005828380584715909,12500000000.0,175,15
3tier_nb,64,47,1,0.010749999999999963,0.01073741824,0.0011717677116360736,6250000000.0,113,2
3tier_nb,64,47,2,0.008099999999999979,0.00805306368,0.005828380584714132,8333333333.333333,222,2
3tier_nb,64,47,4,0.006749999999999987,0.006316128376470588,0.0686926543712596,10625000000.0,411,3
3tier_nb,64,47,8,0.005399999999999995,0.00536870912,0.005828380584715909,12500000000.0,747,4
3tier_nb,64,47,16,0.005399999999999995,0.00536870912,0.005828380584715909,12500000000.0,1185,6
3tier_nb,64,47,32,0.005399999999999995,0.00536870912,0.005828380584715909,12500000000.0,1638,9
3tier_os2,64,47,1,0.021500000000000102,0.02147483648,0.0011717677116442893,3125000000.0,113,2
3tier_os2,64,47,2,0.010749999999999963,0.01073741824,0.0011717677116360736,6250000000.0,222,2
3tier_os2,64,47,4,0.008099999999999979,0.006573929534693879,0.23213976621627475,10208333333.333332,411,3
3tier_os2,64,47,8,0.005399999999999995,0.00536870912,0.005828380584715909,12500000000.0,747,4
3tier_os2,64,47,16,0.005399999999999995,0.00536870912,0.005828380584715909,12500000000.0,1185,6
3tier_os2,64,47,32,0.005399999999999995,0.00536870912,0.005828380584715909,12500000000.0,1638,9
3tier_os4,64,47,1,0.04295000000000072,0.04294967296,7.614493386709498e-06,1562500000.0,113,2
3tier_os4,64,47,2,0.021500000000000102,0.02147483648,0.0011717677116442893,3125000000.0,222,2
3tier_os4,64,47,4,0.01614999999999995,0.012884901888,0.25340496500332743,5208333333.333333,411,3
3tier_os4,64,47,8,0.010749999999999963,0.006607641993846155,0.6269041225314083,10156249999.999998,747,4
3tier_os4,64,47,16,0.008099999999999979,0.005804009859459459,0.395586878061291,11562500000.0,1185,6
3tier_os4,64,47,32,0.006049999999999991,0.005444324741408451,0.11124892201688397,12326388888.88889,1638,9
2tier,64,47,1,0.01614999999999995,0.01610612736,0.002723972002661945,4166666666.6666665,106,3
2tier,64,47,2,0.010749999999999963,0.01073741824,0.0011717677116360736,6250000000.0,149,4
2tier,64,47,4,0.009399999999999971,0.00939524096,0.0005065373011965413,7142857142.857142,201,7
2tier,64,47,8,0.008099999999999979,0.006442450944,0.25728547573089267,10416666666.666666,243,12
2tier,64,47,16,0.006049999999999991,0.005561828153093524,0.08777183211511885,12065972222.222223,255,18
2tier,64,47,32,0.005549999999999994,0.005414858482063039,0.02495753460309591,12393465909.090906,256,33
3tier_nb,16,49,1,0.010749999999999963,0.01073741824,0.0011717677116360736,6250000000.0,29,2
3tier_nb,16,49,2,0.005399999999999995,0.00536870912,0.005828380584715909,12500000000.0,58,2
3tier_nb,16,49,4,0.005399999999999995,0.00536870912,0.005828380584715909,12500000000.0,112,3
3tier_nb,16,49,8,0.005399999999999995,0.00536870912,0.005828380584715909,12500000000.0,219,3
3tier_nb,16,49,16,0.005399999999999995,0.00536870912,0.005828380584715909,12500000000.0,383,4
3tier_nb,16,49,32,0.005399999999999995,0.00536870912,0.005828380584715909,12500000000.0,617,5
3tier_os2,16,49,1,0.021500000000000102,0.02147483648,0.0011717677116442893,3125000000.0,29,2
3tier_os2,16,49,2,0.010749999999999963,0.007158278826666666,0.501757651567454,9375000000.0,58,2
3tier_os2,16,49,4,0.008099999999999979,0.006442450944,0.25728547573089267,10416666666.666666,112,3
3tier_os2,16,49,8,0.005399999999999995,0.00536870912,0.005828380584715909,12500000000.0,219,3
3tier_os2,16,49,16,0.005399999999999995,0.00536870912,0.005828380584715909,12500000000.0,383,4
3tier_os2,16,49,32,0.005399999999999995,0.00536870912,0.005828380584715909,12500000000.0,617,5
3tier_os4,16,49,1,0.04295000000000072,0.04294967296,7.614493386709498e-06,1562500000.0,29,2
3tier_os4,16,49,2,0.021500000000000102,0.014316557653333332,0.5017576515674664,4687500000.0,58,2
3tier_os4,16,49,4,0.01614999999999995,0.009911462990769232,0.6294264545043258,6770833333.333333,112,3
3tier_os4,16,49,8,0.008099999999999979,0.005856773585454546,0.3830140233039818,11458333333.333332,219,3
3tier_os4,16,49,16,0.005399999999999995,0.00536870912,0.005828380584715909,12500000000.0,383,4
3tier_os4,16,49,32,0.005399999999999995,0.00536870912,0.005828380584715909,12500000000.0,617,5
2tier,16,49,1,0.010749999999999963,0.01073741824,0.0011717677116360736,6250000000.0,24,2
2tier,16,49,2,0.008099999999999979,0.00805306368,0.005828380584714132,8333333333.333333,46,3
2tier,16,49,4,0.005399999999999995,0.00536870912,0.005828380584715909,12500000000.0,84,3
2tier,16,49,8,0.005399999999999995,0.00536870912,0.005828380584715909,12500000000.0,125,5
2tier,16,49,16,0.005399999999999995,0.00536870912,0.005828380584715909,12500000000.0,152,7
2tier,16,49,32,0.005399999999999995,0.00536870912,0.005828380584715909,12500000000.0,160,12
3tier_nb,64,49,1,0.010749999999999963,0.01073741824,0.0011717677116360736,6250000000.0,120,2
3tier_nb,64,49,2,0.005399999999999995,0.00536870912,0.005828380584715909,12500000000.0,239,2
3tier_nb,64,49,4,0.005399999999999995,0.00536870912,0.005828380584715909,12500000000.0,447,3
3tier_nb,64,49,8,0.005399999999999995,0.00536870912,0.005828380584715909,12500000000.0,769,4
3tier_nb,64,49,16,0.005399999999999995,0.00536870912,0.005828380584715909,12500000000.0,1235,5
3tier_nb,64,49,32,0.005399999999999995,0.00536870912,0.005828380584715909,12500000000.0,1655,10
3tier_os2,64,49,1,0.021500000000000102,0.02147483648,0.0011717677116442893,3125000000.0,120,2
3tier_os2,64,49,2,0.010749999999999963,0.01073741824,0.0011717677116360736,6250000000.0,239,2
3tier_os2,64,49,4,0.008099999999999979,0.006442450944,0.25728547573089267,10416666666.666666,447,3
3tier_os2,64,49,8,0.005399999999999995,0.00536870912,0.005828380584715909,12500000000.0,769,4
3tier_os2,64,49,16,0.005399999999999995,0.00536870912,0.005828380584715909,12500000000.0,1235,5
3tier_os2,64,49,32,0.005399999999999995,0.00536870912,0.005828380584715909,12500000000.0,1655,10
3tier_os4,64,49,1,0.04295000000000072,0.04294967296,7.614493386709498e-06,1562500000.0,120,2
3tier_os4,64,49,2,0.021500000000000102,0.02147483648,0.0011717677116442893,3125000000.0,239,2
3tier_os4,64,49,4,0.01614999999999995,0.009911462990769232,0.6294264545043258,6770833333.333333,447,3
3tier_os4,64,49,8,0.010749999999999963,0.007158278826666666,0.501757651567454,9375000000.0,769,4
3tier_os4,64,49,16,0.006749999999999987,0.005651272757894737,0.19442120194434875,11875000000.0,1235,5
3tier_os4,64,49,32,0.006749999999999987,0.00554189328516129,0.21799530461430305,12109375000.0,1655,10
2tier,64,49,1,0.01614999999999995,0.01610612736,0.002723972002661945,4166666666.6666665,91,3
2tier,64,49,2,0.01614999999999995,0.01610612736,0.002723972002661945,4166666666.6666665,152,6
2tier,64,49,4,0.008099999999999979,0.007320966981818182,0.10641121864318559,9166666666.666666,211,6
2tier,64,49,8,0.007399999999999983,0.006216400033684211,0.19039958173578153,10795454545.454544,246,11
2tier,64,49,16,0.005749999999999993,0.005448839106865672,0.055270652560625466,12316176470.588234,256,17
2tier,64,49,32,0.006049999999999991,0.005581906955090254,0.08385898379815782,12022569444.444443,256,36
3tier_nb,16,44,1,0.010749999999999963,0.01073741824,0.0011717677116360736,6250000000.0,29,2
3tier_nb,16,44,2,0.005399999999999995,0.00536870912,0.005828380584715909,12500000000.0,58,2
3tier_nb,16,44,4,0.005399999999999995,0.00536870912,0.005828380584715909,12500000000.0,115,3
3tier_nb,16,44,8,0.005399999999999995,0.00536870912,0.005828380584715909,12500000000.0,219,3
3tier_nb,16,44,16,0.005399999999999995,0.00536870912,0.005828380584715909,12500000000.0,391,4
3tier_nb,16,44,32,0.005399999999999995,0.00536870912,0.005828380584715909,12500000000.0,646,5
3tier_os2,16,44,1,0.021500000000000102,0.02147483648,0.0011717677116442893,3125000000.0,29,2
3tier_os2,16,44,2,0.010749999999999963,0.01073741824,0.0011717677116360736,6250000000.0,58,2
3tier_os2,16,44,4,0.008099999999999979,0.006442450944,0.25728547573089267,10416666666.666666,115,3
3tier_os2,16,44,8,0.005399999999999995,0.00536870912,0.005828380584715909,12500000000.0,219,3
3tier_os2,16,44,16,0.005399999999999995,0.00536870912,0.005828380584715909,12500000000.0,391,4
3tier_os2,16,44,32,0.005399999999999995,0.00536870912,0.005828380584715909,12500000000.0,646,5
3tier_os4,16,44,1,0.04295000000000072,0.04294967296,7.614493386709498e-06,1562500000.0,29,2
3tier_os4,16,44,2,0.021500000000000102,0.02147483648,0.0011717677116442893,3125000000.0,58,2
3tier_os4,16,44,4,0.01614999999999995,0.00805306368,1.005447944005324,8333333333.333334,115,3
3tier_os4,16,44,8,0.008099999999999979,0.005856773585454546,0.3830140233039818,11458333333.333332,219,3
3tier_os4,16,44,16,0.005399999999999995,0.00536870912,0.005828380584715909,12500000000.0,391,4
3tier_os4,16,44,32,0.005399999999999995,0.00536870912,0.005828380584715909,12500000000.0,646,5
2tier,16,44,1,0.010749999999999963,0.01073741824,0.0011717677116360736,6250000000.0,30,2
2tier,16,44,2,0.008099999999999979,0.00805306368,0.005828380584714132,8333333333.333333,55,3
2tier,16,44,4,0.005399999999999995,0.00536870912,0.005828380584715909,12500000000.0,87,4
2tier,16,44,8,0.005399999999999995,0.00536870912,0.005828380584715909,12500000000.0,121,5
2tier,16,44,16,0.005399999999999995,0.00536870912,0.005828380584715909,12500000000.0,158,10
2tier,16,44,32,0.005399999999999995,0.00536870912,0.005828380584715909,12500000000.0,176,16
3tier_nb,64,44,1,0.01614999999999995,0.01610612736,0.002723972002661945,4166666666.6666665,123,2
3tier_nb,64,44,2,0.013449999999999946,0.0134217728,0.002103090286250886,5000000000.0,234,3
3tier_nb,64,44,4,0.008099999999999979,0.007158278826666666,0.1315569281578035,9375000000.0,451,3
3tier_nb,64,44,8,0.005399999999999995,0.00536870912,0.005828380584715909,12500000000.0,776,5
3tier_nb,64,44,16,0.005399999999999995,0.00536870912,0.005828380584715909,12500000000.0,1216,6
3tier_nb,64,44,32,0.005399999999999995,0.00536870912,0.005828380584715909,12500000000.0,1688,10
3tier_os2,64,44,1,0.021500000000000102,0.02147483648,0.0011717677116442893,3125000000.0,123,2
3tier_os2,64,44,2,0.01614999999999995,0.0134217728,0.20326876640319447,5000000000.0,234,3
3tier_os2,64,44,4,0.008099999999999979,0.007158278826666666,0.1315569281578035,9375000000.0,451,3
3tier_os2,64,44,8,0.006749999999999987,0.005651272757894737,0.19442120194434875,11875000000.0,776,5
3tier_os2,64,44,16,0.005399999999999995,0.00536870912,0.005828380584715909,12500000000.0,1216,6
3tier_os2,64,44,32,0.005399999999999995,0.00536870912,0.005828380584715909,12500000000.0,1688,10
3tier_os4,64,44,1,0.04295000000000072,0.04294967296,7.614493386709498e-06,1562500000.0,123,2
3tier_os4,64,44,2,0.03225000000000041,0.02147483648,0.5017576515674782,3125000000.0,234,3
3tier_os4,64,44,4,0.01614999999999995,0.01073741824,0.5040859580039931,6250000000.0,451,3
3tier_os4,64,44,8,0.013449999999999946,0.006781527309473685,0.9833290328582045,9895833333.333332,776,5
3tier_os4,64,44,16,0.008099999999999979,0.005804009859459459,0.395586878061291,11562500000.0,1216,6
3tier_os4,64,44,32,0.006749999999999987,0.00554189328516129,0.21799530461430305,12109375000.0,1688,10
2tier,64,44,1,0.010749999999999963,0.01073741824,0.0011717677116360736,6250000000.0,106,2
2tier,64,44,2,0.008099999999999979,0.00805306368,0.005828380584714132,8333333333.333333,163,3
2tier,64,44,4,0.009399999999999971,0.007911781861052632,0.1881015130451711,8482142857.142858,221,7
2tier,64,44,8,0.008749999999999975,0.006646973196190476,0.3163886391199515,10096153846.153847,251,13
2tier,64,44,16,0.007049999999999985,0.0059565239871532845,0.18357619564783945,11266447368.421053,256,21
2tier,64,44,32,0.005399999999999995,0.00536870912,0.005828380584715909,12500000000.0,256,31
3tier_nb,16,46,1,0.005399999999999995,0.00536870912,0.005828380584715909,12500000000.0,30,1
3tier_nb,16,46,2,0.005399999999999995,0.00536870912,0.005828380584715909,12500000000.0,60,1
3tier_nb,16,46,4,0.005399999999999995,0.00536870912,0.005828380584715909,12500000000.0,116,2
3tier_nb,16,46,8,0.005399999999999995,0.00536870912,0.005828380584715909,12500000000.0,219,3
3tier_nb,16,46,16,0.005399999999999995,0.00536870912,0.005828380584715909,12500000000.0,397,3
3tier_nb,16,46,32,0.005399999999999995,0.00536870912,0.005828380584715909,12500000000.0,664,5
3tier_os2,16,46,1,0.010749999999999963,0.01073741824,0.0011717677116360736,6250000000.0,30,1
3tier_os2,16,46,2,0.005399999999999995,0.00536870912,0.005828380584715909,12500000000.0,60,1
3tier_os2,16,46,4,0.005399999999999995,0.00536870912,0.005828380584715909,12500000000.0,116,2
3tier_os2,16,46,8,0.005399999999999995,0.00536870912,0.005828380584715909,12500000000.0,219,3
3tier_os2,16,46,16,0.005399999999999995,0.00536870912,0.005828380584715909,12500000000.0,397,3
3tier_os2,16,46,32,0.005399999999999995,0.00536870912,0.005828380584715909,12500000000.0,664,5
3tier_os4,16,46,1,0.021500000000000102,0.02147483648,0.0011717677116442893,3125000000.0,30,1
3tier_os4,16,46,2,0.010749999999999963,0.01073741824,0.0011717677116360736,6250000000.0,60,1
3tier_os4,16,46,4,0.010749999999999963,0.007158278826666666,0.501757651567454,9375000000.0,116,2
3tier_os4,16,46,8,0.008099999999999979,0.0056021312556521746,0.4458782970905264,11979166666.666666,219,3
3tier_os4,16,46,16,0.005399999999999995,0.00536870912,0.005828380584715909,12500000000.0,397,3
3tier_os4,16,46,32,0.005399999999999995,0.00536870912,0.005828380584715909,12500000000.0,664,5
2tier,16,46,1,0.010749999999999963,0.01073741824,0.0011717677116360736,6250000000.0,28,2
2tier,16,46,2,0.008099999999999979,0.00805306368,0.005828380584714132,8333333333.333333,50,3
2tier,16,46,4,0.005399999999999995,0.00536870912,0.005828380584715909,12500000000.0,93,4
2tier,16,46,8,0.005399999999999995,0.00536870912,0.005828380584715909,12500000000.0,124,6
2tier,16,46,16,0.005399999999999995,0.00536870912,0.005828380584715909,12500000000.0,160,12
2tier,16,46,32,0.005399999999999995,0.00536870912,0.005828380584715909,12500000000.0,173,17
3tier_nb,64,46,1,0.010749999999999963,0.01073741824,0.0011717677116360736,6250000000.0,120,2
3tier_nb,64,46,2,0.008099999999999979,0.00805306368,0.005828380584714132,8333333333.333333,227,3
3tier_nb,64,46,4,0.005399999999999995,0.00536870912,0.005828380584715909,12500000000.0,423,4
3tier_nb,64,46,8,0.005399999999999995,0.00536870912,0.005828380584715909,12500000000.0,755,5
3tier_nb,64,46,16,0.005399999999999995,0.00536870912,0.005828380584715909,12500000000.0,1182,7
3tier_nb,64,46,32,0.005399999999999995,0.00536870912,0.005828380584715909,12500000000.0,1626,9
3tier_os2,64,46,1,0.021500000000000102,0.02147483648,0.0011717677116442893,3125000000.0,120,2
3tier_os2,64,46,2,0.01614999999999995,0.01610612736,0.002723972002661945,4166666666.6666665,227,3
3tier_os2,64,46,4,0.010749999999999963,0.006442450944,0.6686196128527264,10416666666.666666,423,4
3tier_os2,64,46,8,0.006749999999999987,0.005651272757894737,0.19442120194434875,11875000000.0,755,5
3tier_os2,64,46,16,0.005399999999999995,0.00536870912,0.005828380584715909,12500000000.0,1182,7
3tier_os2,64,46,32,0.005399999999999995,0.00536870912,0.005828380584715909,12500000000.0,1626,9
3tier_os4,64,46,1,0.04295000000000072,0.04294967296,7.614493386709498e-06,1562500000.0,120,2
3tier_os4,64,46,2,0.03225000000000041,0.03221225472,0.0011717677116520608,2083333333.3333333,227,3
3tier_os4,64,46,4,0.021500000000000102,0.012884901888,0.6686196128527402,5208333333.333333,423,4
3tier_os4,64,46,8,0.013449999999999946,0.006781527309473685,0.9833290328582045,9895833333.333332,755,5
3tier_os4,64,46,16,0.009399999999999971,0.005856773585454545,0.6049792369206697,11458333333.333334,1182,7
3tier_os4,64,46,32,0.006049999999999991,0.005444324741408451,0.11124892201688397,12326388888.88889,1626,9
2tier,64,46,1,0.010749999999999963,0.01073741824,0.0011717677116360736,6250000000.0,93,2
2tier,64,46,2,0.010749999999999963,0.01073741824,0.0011717677116360736,6250000000.0,154,4
2tier,64,46,4,0.009399999999999971,0.008672530116923077,0.08388208207629644,7738095238.095238,216,7
2tier,64,46,8,0.007399999999999983,0.005980334209620254,0.2373890389095623,11221590909.090908,243,11
2tier,64,46,16,0.005399999999999995,0.00536870912,0.005828380584715909,12500000000.0,254,16
2tier,64,46,32,0.005399999999999995,0.00536870912,0.005828380584715909,12500000000.0,256,29
3tier_nb,16,45,1,0.005399999999999995,0.00536870912,0.005828380584715909,12500000000.0,30,1
3tier_nb,16,45,2,0.005399999999999995,0.00536870912,0.005828380584715909,12500000000.0,60,1
3tier_nb,16,45,4,0.005399999999999995,0.00536870912,0.005828380584715909,12500000000.0,115,2
3tier_nb,16,45,8,0.005399999999999995,0.00536870912,0.005828380584715909,12500000000.0,218,2
3tier_nb,16,45,16,0.005399999999999995,0.00536870912,0.005828380584715909,12500000000.0,403,4
3tier_nb,16,45,32,0.005399999999999995,0.00536870912,0.005828380584715909,12500000000.0,675,5
3tier_os2,16,45,1,0.010749999999999963,0.01073741824,0.0011717677116360736,6250000000.0,30,1
3tier_os2,16,45,2,0.005399999999999995,0.00536870912,0.005828380584715909,12500000000.0,60,1
3tier_os2,16,45,4,0.005399999999999995,0.00536870912,0.005828380584715909,12500000000.0,115,2
3tier_os2,16,45,8,0.005399999999999995,0.00536870912,0.005828380584715909,12500000000.0,218,2
3tier_os2,16,45,16,0.005399999999999995,0.00536870912,0.005828380584715909,12500000000.0,403,4
3tier_os2,16,45,32,0.005399999999999995,0.00536870912,0.005828380584715909,12500000000.0,675,5
3tier_os4,16,45,1,0.021500000000000102,0.02147483648,0.0011717677116442893,3125000000.0,30,1
3tier_os4,16,45,2,0.010749999999999963,0.01073741824,0.0011717677116360736,6250000000.0,60,1
3tier_os4,16,45,4,0.010749999999999963,0.007158278826666666,0.501757651567454,9375000000.0,115,2
3tier_os4,16,45,8,0.005399999999999995,0.00536870912,0.005828380584715909,12500000000.0,218,2
3tier_os4,16,45,16,0.005399999999999995,0.00536870912,0.005828380584715909,12500000000.0,403,4
3tier_os4,16,45,32,0.005399999999999995,0.00536870912,0.005828380584715909,12500000000.0,675,5
2tier,16,45,1,0.005399999999999995,0.00536870912,0.005828380584715909,12500000000.0,30,1
2tier,16,45,2,0.005399999999999995,0.00536870912,0.005828380584715909,12500000000.0,57,2
2tier,16,45,4,0.005399999999999995,0.00536870912,0.005828380584715909,12500000000.0,83,4
2tier,16,45,8,0.005399999999999995,0.00536870912,0.005828380584715909,12500000000.0,135,5
2tier,16,45,16,0.005399999999999995,0.00536870912,0.005828380584715909,12500000000.0,166,9
2tier,16,45,32,0.005399999999999995,0.00536870912,0.005828380584715909,12500000000.0,174,16
3tier_nb,64,45,1,0.010749999999999963,0.01073741824,0.0011717677116360736,6250000000.0,120,2
3tier_nb,64,45,2,0.008099999999999979,0.006442450944,0.25728547573089267,10416666666.666666,230,2
3tier_nb,64,45,4,0.005399999999999995,0.00536870912,0.005828380584715909,12500000000.0,422,3
3tier_nb,64,45,8,0.005399999999999995,0.00536870912,0.005828380584715909,12500000000.0,749,4
3tier_nb,64,45,16,0.005399999999999995,0.00536870912,0.005828380584715909,12500000000.0,1171,7
3tier_nb,64,45,32,0.005399999999999995,0.00536870912,0.005828380584715909,12500000000.0,1566,11
3tier_os2,64,45,1,0.021500000000000102,0.02147483648,0.0011717677116442893,3125000000.0,120,2
3tier_os2,64,45,2,0.010749999999999963,0.01073741824,0.0011717677116360736,6250000000.0,230,2
3tier_os2,64,45,4,0.008099999999999979,0.007158278826666666,0.1315569281578035,9375000000.0,422,3
3tier_os2,64,45,8,0.005399999999999995,0.00536870912,0.005828380584715909,12500000000.0,749,4
3tier_os2,64,45,16,0.005399999999999995,0.00536870912,0.005828380584715909,12500000000.0,1171,7
3tier_os2,64,45,32,0.005399999999999995,0.00536870912,0.005828380584715909,12500000000.0,1566,11
3tier_os4,64,45,1,0.04295000000000072,0.04294967296,7.614493386709498e-06,1562500000.0,120,2
3tier_os4,64,45,2,0.021500000000000102,0.02147483648,0.0011717677116442893,3125000000.0,230,2
3tier_os4,64,45,4,0.01614999999999995,0.012884901888,0.25340496500332743,5208333333.333333,422,3
3tier_os4,64,45,8,0.010749999999999963,0.007579354051764706,0.41832667092481746,8854166666.666666,749,4
3tier_os4,64,45,16,0.009399999999999971,0.0058002773772347265,0.620612151566001,11569940476.190477,1171,7
3tier_os4,64,45,32,0.007399999999999983,0.005578245487753361,0.3265819900264615,12030460858.58586,1566,11
2tier,64,45,1,0.01614999999999995,0.01610612736,0.002723972002661945,4166666666.6666665,99,3
2tier,64,45,2,0.013449999999999946,0.0134217728,0.002103090286250886,5000000000.0,160,5
2tier,64,45,4,0.010749999999999963,0.008589934592,0.25146470963954504,7812500000.0,214,8
2tier,64,45,8,0.007399999999999983,0.006074310890057143,0.218245185986911,11047979797.979797,251,11
2tier,64,45,16,0.005399999999999995,0.00536870912,0.005828380584715909,12500000000.0,255,16
2tier,64,45,32,0.005399999999999995,0.00536870912,0.005828380584715909,12500000000.0,256,28
3tier_nb,16,50,1,0.010749999999999963,0.01073741824,0.0011717677116360736,6250000000.0,30,1
3tier_nb,16,50,2,0.005399999999999995,0.00536870912,0.005828380584715909,12500000000.0,60,1
3tier_nb,16,50,4,0.005399999999999995,0.00536870912,0.005828380584715909,12500000000.0,115,2
3tier_nb,16,50,8,0.005399999999999995,0.00536870912,0.005828380584715909,12500000000.0,215,3
3tier_nb,16,50,16,0.005399999999999995,0.00536870912,0.005828380584715909,12500000000.0,399,3
3tier_nb,16,50,32,0.005399999999999995,0.00536870912,0.005828380584715909,12500000000.0,648,5
3tier_os2,16,50,1,0.010749999999999963,0.01073741824,0.0011717677116360736,6250000000.0,30,1
3tier_os2,16,50,2,0.005399999999999995,0.00536870912,0.005828380584715909,12500000000.0,60,1
3tier_os2,16,50,4,0.005399999999999995,0.00536870912,0.005828380584715909,12500000000.0,115,2
3tier_os2,16,50,8,0.005399999999999995,0.00536870912,0.005828380584715909,12500000000.0,215,3
3tier_os2,16,50,16,0.005399999999999995,0.00536870912,0.005828380584715909,12500000000.0,399,3
3tier_os2,16,50,32,0.005399999999999995,0.00536870912,0.005828380584715909,12500000000.0,648,5
3tier_os4,16,50,1,0.021500000000000102,0.02147483648,0.0011717677116442893,3125000000.0,30,1
3tier_os4,16,50,2,0.010749999999999963,0.01073741824,0.0011717677116360736,6250000000.0,60,1
3tier_os4,16,50,4,0.010749999999999963,0.007158278826666666,0.501757651567454,9375000000.0,115,2
3tier_os4,16,50,8,0.008099999999999979,0.005856773585454546,0.3830140233039818,11458333333.333332,215,3
3tier_os4,16,50,16,0.005399999999999995,0.00536870912,0.005828380584715909,12500000000.0,399,3
3tier_os4,16,50,32,0.005399999999999995,0.00536870912,0.005828380584715909,12500000000.0,648,5
2tier,16,50,1,0.005399999999999995,0.00536870912,0.005828380584715909,12500000000.0,30,1
2tier,16,50,2,0.005399999999999995,0.00536870912,0.005828380584715909,12500000000.0,52,2
2tier,16,50,4,0.005399999999999995,0.00536870912,0.005828380584715909,12500000000.0,91,4
2tier,16,50,8,0.005399999999999995,0.00536870912,0.005828380584715909,12500000000.0,141,7
2tier,16,50,16,0.005399999999999995,0.00536870912,0.005828380584715909,12500000000.0,179,11
2tier,16,50,32,0.005399999999999995,0.00536870912,0.005828380584715909,12500000000.0,191,20
3tier_nb,64,50,1,0.010749999999999963,0.01073741824,0.0011717677116360736,6250000000.0,121,2
3tier_nb,64,50,2,0.008099999999999979,0.00805306368,0.005828380584714132,8333333333.333333,235,2
3tier_nb,64,50,4,0.005399999999999995,0.00536870912,0.005828380584715909,12500000000.0,432,4
3tier_nb,64,50,8,0.005399999999999995,0.00536870912,0.005828380584715909,12500000000.0,738,4
3tier_nb,64,50,16,0.005399999999999995,0.00536870912,0.005828380584715909,12500000000.0,1190,7
3tier_nb,64,50,32,0.005399999999999995,0.00536870912,0.005828380584715909,12500000000.0,1602,10
3tier_os2,64,50,1,0.021500000000000102,0.02147483648,0.0011717677116442893,3125000000.0,121,2
3tier_os2,64,50,2,0.010749999999999963,0.01073741824,0.0011717677116360736,6250000000.0,235,2
3tier_os2,64,50,4,0.010749999999999963,0.0067815273094736835,0.5851886322100903,9895833333.333334,432,4
3tier_os2,64,50,8,0.005399999999999995,0.00536870912,0.005828380584715909,12500000000.0,738,4
3tier_os2,64,50,16,0.005399999999999995,0.00536870912,0.005828380584715909,12500000000.0,1190,7
3tier_os2,64,50,32,0.005399999999999995,0.00536870912,0.005828380584715909,12500000000.0,1602,10
3tier_os4,64,50,1,0.04295000000000072,0.04294967296,7.614493386709498e-06,1562500000.0,121,2
3tier_os4,64,50,2,0.021500000000000102,0.02147483648,0.0011717677116442893,3125000000.0,235,2
3tier_os4,64,50,4,0.021500000000000102,0.01171354717090909,0.8354815741380144,5729166666.666667,432,4
3tier_os4,64,50,8,0.010749999999999963,0.007579354051764706,0.41832667092481746,8854166666.666666,738,4
3tier_os4,64,50,16,0.009399999999999971,0.0059066347882121804,0.5914307108947161,11361607142.857143,1190,7
3tier_os4,64,50,32,0.006749999999999987,0.005514223347218261,0.2241071090102169,12170138888.888887,1602,10
2tier,64,50,1,0.01614999999999995,0.01610612736,0.002723972002661945,4166666666.6666665,104,3
2tier,64,50,2,0.013449999999999946,0.0134217728,0.002103090286250886,5000000000.0,162,5
2tier,64,50,4,0.008099999999999979,0.006573929534693879,0.23213976621627475,10208333333.333332,220,6
2tier,64,50,8,0.008099999999999979,0.006135667565714285,0.32014974951743747,10937500000.0,245,12
2tier,64,50,16,0.006049999999999991,0.005561828153093524,0.08777183211511885,12065972222.222223,253,18
2tier,64,50,32,0.005399999999999995,0.00536870912,0.005828380584715909,12500000000.0,256,32
3tier_nb,16,51,1,0.005399999999999995,0.00536870912,0.005828380584715909,12500000000.0,32,1
3tier_nb,16,51,2,0.005399999999999995,0.00536870912,0.005828380584715909,12500000000.0,64,1
3tier_nb,16,51,4,0.005399999999999995,0.00536870912,0.005828380584715909,12500000000.0,124,2
3tier_nb,16,51,8,0.005399999999999995,0.00536870912,0.005828380584715909,12500000000.0,227,3
3tier_nb,16,51,16,0.005399999999999995,0.00536870912,0.005828380584715909,12500000000.0,422,4
3tier_nb,16,51,32,0.005399999999999995,0.00536870912,0.005828380584715909,12500000000.0,687,5
3tier_os2,16,51,1,0.010749999999999963,0.01073741824,0.0011717677116360736,6250000000.0,32,1
3tier_os2,16,51,2,0.005399999999999995,0.00536870912,0.005828380584715909,12500000000.0,64,1
3tier_os2,16,51,4,0.005399999999999995,0.00536870912,0.005828380584715909,12500000000.0,124,2
3tier_os2,16,51,8,0.005399999999999995,0.00536870912,0.005828380584715909,12500000000.0,227,3
3tier_os2,16,51,16,0.005399999999999995,0.00536870912,0.005828380584715909,12500000000.0,422,4
3tier_os2,16,51,32,0.005399999999999995,0.00536870912,0.005828380584715909,12500000000.0,687,5
3tier_os4,16,51,1,0.021500000000000102,0.02147483648,0.0011717677116442893,3125000000.0,32,1
3tier_os4,16,51,2,0.010749999999999963,0.01073741824,0.0011717677116360736,6250000000.0,64,1
3tier_os4,16,51,4,0.010749999999999963,0.007158278826666666,0.501757651567454,9375000000.0,124,2
3tier_os4,16,51,8,0.008099999999999979,0.006135667565714285,0.32014974951743747,10937500000.0,227,3
3tier_os4,16,51,16,0.005399999999999995,0.00536870912,0.005828380584715909,12500000000.0,422,4
3tier_os4,16,51,32,0.005399999999999995,0.00536870912,0.005828380584715909,12500000000.0,687,5
2tier,16,51,1,0.010749999999999963,0.01073741824,0.0011717677116360736,6250000000.0,30,2
2tier,16,51,2,0.008099999999999979,0.00805306368,0.005828380584714132,8333333333.333333,53,3
2tier,16,51,4,0.005399999999999995,0.00536870912,0.005828380584715909,12500000000.0,94,3
2tier,16,51,8,0.005399999999999995,0.00536870912,0.005828380584715909,12500000000.0,128,7
2tier,16,51,16,0.005399999999999995,0.00536870912,0.005828380584715909,12500000000.0,167,11
2tier,16,51,32,0.005399999999999995,0.00536870912,0.005828380584715909,12500000000.0,175,22
3tier_nb,64,51,1,0.010749999999999963,0.01073741824,0.0011717677116360736,6250000000.0,120,2
3tier_nb,64,51,2,0.005399999999999995,0.00536870912,0.005828380584715909,12500000000.0,235,2
3tier_nb,64,51,4,0.005399999999999995,0.00536870912,0.005828380584715909,12500000000.0,431,4
3tier_nb,64,51,8,0.005399999999999995,0.00536870912,0.005828380584715909,12500000000.0,746,5
3tier_nb,64,51,16,0.005399999999999995,0.00536870912,0.005828380584715909,12500000000.0,1177,7
3tier_nb,64,51,32,0.005399999999999995,0.00536870912,0.005828380584715909,12500000000.0,1602,11
3tier_os2,64,51,1,0.021500000000000102,0.02147483648,0.0011717677116442893,3125000000.0,120,2
3tier_os2,64,51,2,0.010749999999999963,0.007158278826666666,0.501757651567454,9375000000.0,235,2
3tier_os2,64,51,4,0.010749999999999963,0.007158278826666666,0.501757651567454,9375000000.0,431,4
3tier_os2,64,51,8,0.006749999999999987,0.005804009859459459,0.16298906505107658,11562500000.0,746,5
3tier_os2,64,51,16,0.005399999999999995,0.00536870912,0.005828380584715909,12500000000.0,1177,7
3tier_os2,64,51,32,0.005399999999999995,0.00536870912,0.005828380584715909,12500000000.0,1602,11
3tier_os4,64,51,1,0.04295000000000072,0.04294967296,7.614493386709498e-06,1562500000.0,120,2
3tier_os4,64,51,2,0.021500000000000102,0.014316557653333332,0.5017576515674664,4687500000.0,235,2
3tier_os4,64,51,4,0.021500000000000102,0.01073741824,1.0023435354232886,6250000000.0,431,4
3tier_os4,64,51,8,0.013449999999999946,0.0073209669818181805,0.8371889988581269,9166666666.666668,746,5
3tier_os4,64,51,16,0.009399999999999971,0.005918262022047244,0.5883041279656498,11339285714.285715,1177,7
3tier_os4,64,51,32,0.007399999999999983,0.005658040749221556,0.30787322467023404,11860795454.545456,1602,11
2tier,64,51,1,0.01614999999999995,0.01610612736,0.002723972002661945,4166666666.6666665,99,3
2tier,64,51,2,0.010749999999999963,0.01073741824,0.0011717677116360736,6250000000.0,157,4
2tier,64,51,4,0.008099999999999979,0.007158278826666666,0.1315569281578035,9375000000.0,218,6
2tier,64,51,8,0.006749999999999987,0.006135667565714285,0.100124791264532,10937500000.0,249,10
2tier,64,51,16,0.005399999999999995,0.00536870912,0.005828380584715909,12500000000.0,256,16
2tier,64,51,32,0.005399999999999995,0.00536870912,0.005828380584715909,12500000000.0,256,27
3tier_nb,16,55,1,0.005399999999999995,0.00536870912,0.005828380584715909,12500000000.0,28,1
3tier_nb,16,55,2,0.005399999999999995,0.00536870912,0.005828380584715909,12500000000.0,56,1
3tier_nb,16,55,4,0.005399999999999995,0.00536870912,0.005828380584715909,12500000000.0,108,2
3tier_nb,16,55,8,0.005399999999999995,0.00536870912,0.005828380584715909,12500000000.0,208,3
3tier_nb,16,55,16,0.005399999999999995,0.00536870912,0.005828380584715909,12500000000.0,382,4
3tier_nb,16,55,32,0.005399999999999995,0.00536870912,0.005828380584715909,12500000000.0,663,5
3tier_os2,16,55,1,0.010749999999999963,0.01073741824,0.0011717677116360736,6250000000.0,28,1
3tier_os2,16,55,2,0.005399999999999995,0.00536870912,0.005828380584715909,12500000000.0,56,1
3tier_os2,16,55,4,0.005399999999999995,0.00536870912,0.005828380584715909,12500000000.0,108,2
3tier_os2,16,55,8,0.005399999999999995,0.00536870912,0.005828380584715909,12500000000.0,208,3
3tier_os2,16,55,16,0.005399999999999995,0.00536870912,0.005828380584715909,12500000000.0,382,4
3tier_os2,16,55,32,0.005399999999999995,0.00536870912,0.005828380584715909,12500000000.0,663,5
3tier_os4,16,55,1,0.021500000000000102,0.02147483648,0.0011717677116442893,3125000000.0,28,1
3tier_os4,16,55,2,0.010749999999999963,0.01073741824,0.0011717677116360736,6250000000.0,56,1
3tier_os4,16,55,4,0.010749999999999963,0.007158278826666666,0.501757651567454,9375000000.0,108,2
3tier_os4,16,55,8,0.008099999999999979,0.006135667565714285,0.32014974951743747,10937500000.0,208,3
3tier_os4,16,55,16,0.005399999999999995,0.00536870912,0.005828380584715909,12500000000.0,382,4
3tier_os4,16,55,32,0.005399999999999995,0.00536870912,0.005828380584715909,12500000000.0,663,5
2tier,16,55,1,0.010749999999999963,0.01073741824,0.0011717677116360736,6250000000.0,26,2
2tier,16,55,2,0.005399999999999995,0.00536870912,0.005828380584715909,12500000000.0,54,2
2tier,16,55,4,0.005399999999999995,0.00536870912,0.005828380584715909,12500000000.0,92,4
2tier,16,55,8,0.005399999999999995,0.00536870912,0.005828380584715909,12500000000.0,122,5
2tier,16,55,16,0.005399999999999995,0.00536870912,0.005828380584715909,12500000000.0,184,8
2tier,16,55,32,0.005399999999999995,0.00536870912,0.005828380584715909,12500000000.0,192,13
3tier_nb,64,55,1,0.010749999999999963,0.01073741824,0.0011717677116360736,6250000000.0,118,2
3tier_nb,64,55,2,0.010749999999999963,0.01073741824,0.0011717677116360736,6250000000.0,223,2
3tier_nb,64,55,4,0.006749999999999987,0.0067108864,0.0058283805847147985,10000000000.0,425,3
3tier_nb,64,55,8,0.005399999999999995,0.00536870912,0.005828380584715909,12500000000.0,752,4
3tier_nb,64,55,16,0.005399999999999995,0.00536870912,0.005828380584715909,12500000000.0,1185,6
3tier_nb,64,55,32,0.005399999999999995,0.00536870912,0.005828380584715909,12500000000.0,1593,8
3tier_os2,64,55,1,0.021500000000000102,0.02147483648,0.0011717677116442893,3125000000.0,118,2
3tier_os2,64,55,2,0.010749999999999963,0.01073741824,0.0011717677116360736,6250000000.0,223,2
3tier_os2,64,55,4,0.008099999999999979,0.007320966981818182,0.10641121864318559,9166666666.666666,425,3
3tier_os2,64,55,8,0.005399999999999995,0.00536870912,0.005828380584715909,12500000000.0,752,4
3tier_os2,64,55,16,0.005399999999999995,0.00536870912,0.005828380584715909,12500000000.0,1185,6
3tier_os2,64,55,32,0.005399999999999995,0.00536870912,0.005828380584715909,12500000000.0,1593,8
3tier_os4,64,55,1,0.04295000000000072,0.04294967296,7.614493386709498e-06,1562500000.0,118,2
3tier_os4,64,55,2,0.021500000000000102,0.02147483648,0.0011717677116442893,3125000000.0,223,2
3tier_os4,64,55,4,0.01614999999999995,0.0100663296,0.6043583552042593,6666666666.666667,425,3
3tier_os4,64,55,8,0.010749999999999963,0.007809031447272728,0.3766111806034993,8593750000.0,752,4
3tier_os4,64,55,16,0.008099999999999979,0.0057266230613333335,0.4144461601972542,11718750000.0,1185,6
3tier_os4,64,55,32,0.005399999999999995,0.00536870912,0.005828380584715909,12500000000.0,1593,8
2tier,64,55,1,0.01614999999999995,0.01610612736,0.002723972002661945,4166666666.6666665,99,3
2tier,64,55,2,0.013449999999999946,0.0134217728,0.002103090286250886,5000000000.0,155,5
2tier,64,55,4,0.009399999999999971,0.007911781861052632,0.1881015130451711,8482142857.142858,215,7
2tier,64,55,8,0.006749999999999987,0.005892485619512195,0.14552676677703635,11388888888.88889,245,10
2tier,64,55,16,0.006399999999999989,0.005762568910286386,0.11061578605607059,11645650584.795322,255,19
2tier,64,55,32,0.006049999999999991,0.00554189328516129,0.09168468043207967,12109375000.0,256,36
3tier_nb,16,54,1,0.005399999999999995,0.00536870912,0.005828380584715909,12500000000.0,30,1
3tier_nb,16,54,2,0.005399999999999995,0.00536870912,0.005828380584715909,12500000000.0,60,1
3tier_nb,16,54,4,0.005399999999999995,0.00536870912,0.005828380584715909,12500000000.0,116,3
3tier_nb,16,54,8,0.005399999999999995,0.00536870912,0.005828380584715909,12500000000.0,218,3
3tier_nb,16,54,16,0.005399999999999995,0.00536870912,0.005828380584715909,12500000000.0,405,3
3tier_nb,16,54,32,0.005399999999999995,0.00536870912,0.005828380584715909,12500000000.0,698,6
3tier_os2,16,54,1,0.010749999999999963,0.01073741824,0.0011717677116360736,6250000000.0,30,1
3tier_os2,16,54,2,0.005399999999999995,0.00536870912,0.005828380584715909,12500000000.0,60,1
3tier_os2,16,54,4,0.008099999999999979,0.006442450944,0.25728547573089267,10416666666.666666,116,3
3tier_os2,16,54,8,0.005399999999999995,0.00536870912,0.005828380584715909,12500000000.0,218,3
3tier_os2,16,54,16,0.005399999999999995,0.00536870912,0.005828380584715909,12500000000.0,405,3
3tier_os2,16,54,32,0.005399999999999995,0.00536870912,0.005828380584715909,12500000000.0,698,6
3tier_os4,16,54,1,0.021500000000000102,0.02147483648,0.0011717677116442893,3125000000.0,30,1
3tier_os4,16,54,2,0.010749999999999963,0.01073741824,0.0011717677116360736,6250000000.0,60,1
3tier_os4,16,54,4,0.01614999999999995,0.00805306368,1.005447944005324,8333333333.333334,116,3
3tier_os4,16,54,8,0.008099999999999979,0.005856773585454546,0.3830140233039818,11458333333.333332,218,3
3tier_os4,16,54,16,0.005399999999999995,0.00536870912,0.005828380584715909,12500000000.0,405,3
3tier_os4,16,54,32,0.005399999999999995,0.00536870912,0.005828380584715909,12500000000.0,698,6
2tier,16,54,1,0.010749999999999963,0.01073741824,0.0011717677116360736,6250000000.0,31,2
2tier,16,54,2,0.005399999999999995,0.00536870912,0.005828380584715909,12500000000.0,55,2
2tier,16,54,4,0.005399999999999995,0.00536870912,0.005828380584715909,12500000000.0,96,3
2tier,16,54,8,0.005399999999999995,0.00536870912,0.005828380584715909,12500000000.0,150,5
2tier,16,54,16,0.005399999999999995,0.00536870912,0.005828380584715909,12500000000.0,185,8
2tier,16,54,32,0.005399999999999995,0.00536870912,0.005828380584715909,12500000000.0,192,14
3tier_nb,64,54,1,0.010749999999999963,0.01073741824,0.0011717677116360736,6250000000.0,122,2
3tier_nb,64,54,2,0.010749999999999963,0.01073741824,0.0011717677116360736,6250000000.0,240,2
3tier_nb,64,54,4,0.008099999999999979,0.007158278826666666,0.1315569281578035,9375000000.0,447,3
3tier_nb,64,54,8,0.005399999999999995,0.00536870912,0.005828380584715909,12500000000.0,765,5
3tier_nb,64,54,16,0.005399999999999995,0.00536870912,0.005828380584715909,12500000000.0,1162,6
3tier_nb,64,54,32,0.005399999999999995,0.00536870912,0.005828380584715909,12500000000.0,1609,10
3tier_os2,64,54,1,0.021500000000000102,0.02147483648,0.0011717677116442893,3125000000.0,122,2
3tier_os2,64,54,2,0.010749999999999963,0.01073741824,0.0011717677116360736,6250000000.0,240,2
3tier_os2,64,54,4,0.008099999999999979,0.007158278826666666,0.1315569281578035,9375000000.0,447,3
3tier_os2,64,54,8,0.006749999999999987,0.005651272757894737,0.19442120194434875,11875000000.0,765,5
3tier_os2,64,54,16,0.005399999999999995,0.00536870912,0.005828380584715909,12500000000.0,1162,6
3tier_os2,64,54,32,0.005399999999999995,0.00536870912,0.005828380584715909,12500000000.0,1609,10
3tier_os4,64,54,1,0.04295000000000072,0.04294967296,7.614493386709498e-06,1562500000.0,122,2
3tier_os4,64,54,2,0.021500000000000102,0.02147483648,0.0011717677116442893,3125000000.0,240,2
3tier_os4,64,54,4,0.01614999999999995,0.01073741824,0.5040859580039931,6250000000.0,447,3
3tier_os4,64,54,8,0.013449999999999946,0.00805306368,0.6701718171437514,8333333333.333333,765,5
3tier_os4,64,54,16,0.008099999999999979,0.0059377428055299546,0.3641547411680184,11302083333.333332,1162,6
3tier_os4,64,54,32,0.006749999999999987,0.0054946276707889125,0.2284726835787272,12213541666.666666,1609,10
2tier,64,54,1,0.010749999999999963,0.01073741824,0.0011717677116360736,6250000000.0,101,2
2tier,64,54,2,0.010749999999999963,0.01073741824,0.0011717677116360736,6250000000.0,155,4
2tier,64,54,4,0.008099999999999979,0.007320966981818182,0.10641121864318559,9166666666.666666,220,6
2tier,64,54,8,0.007399999999999983,0.006216400033684211,0.19039958173578153,10795454545.454544,245,11
2tier,64,54,16,0.006049999999999991,0.005602131255652174,0.079946135481197,11979166666.666668,256,18
2tier,64,54,32,0.00624999999999999,0.005652704269493654,0.10566548363936246,11871992731.367731,256,37
3tier_nb,16,56,1,0.005399999999999995,0.00536870912,0.005828380584715909,12500000000.0,30,1
3tier_nb,16,56,2,0.005399999999999995,0.00536870912,0.005828380584715909,12500000000.0,59,2
3tier_nb,16,56,4,0.005399999999999995,0.00536870912,0.005828380584715909,12500000000.0,112,2
3tier_nb,16,56,8,0.005399999999999995,0.00536870912,0.005828380584715909,12500000000.0,213,3
3tier_nb,16,56,16,0.005399999999999995,0.00536870912,0.005828380584715909,12500000000.0,380,3
3tier_nb,16,56,32,0.005399999999999995,0.00536870912,0.005828380584715909,12500000000.0,651,5
3tier_os2,16,56,1,0.010749999999999963,0.01073741824,0.0011717677116360736,6250000000.0,30,1
3tier_os2,16,56,2,0.010749999999999963,0.007158278826666666,0.501757651567454,9375000000.0,59,2
3tier_os2,16,56,4,0.005399999999999995,0.00536870912,0.005828380584715909,12500000000.0,112,2
3tier_os2,16,56,8,0.005399999999999995,0.00536870912,0.005828380584715909,12500000000.0,213,3
3tier_os2,16,56,16,0.005399999999999995,0.00536870912,0.005828380584715909,12500000000.0,380,3
3tier_os2,16,56,32,0.005399999999999995,0.00536870912,0.005828380584715909,12500000000.0,651,5
3tier_os4,16,56,1,0.021500000000000102,0.02147483648,0.0011717677116442893,3125000000.0,30,1
3tier_os4,16,56,2,0.021500000000000102,0.014316557653333332,0.5017576515674664,4687500000.0,59,2
3tier_os4,16,56,4,0.010749999999999963,0.007158278826666666,0.501757651567454,9375000000.0,112,2
3tier_os4,16,56,8,0.008099999999999979,0.006135667565714285,0.32014974951743747,10937500000.0,213,3
3tier_os4,16,56,16,0.005399999999999995,0.00536870912,0.005828380584715909,12500000000.0,380,3
3tier_os4,16,56,32,0.005399999999999995,0.00536870912,0.005828380584715909,12500000000.0,651,5
2tier,16,56,1,0.010749999999999963,0.01073741824,0.0011717677116360736,6250000000.0,30,2
2tier,16,56,2,0.008099999999999979,0.00805306368,0.005828380584714132,8333333333.333333,54,3
2tier,16,56,4,0.005399999999999995,0.00536870912,0.005828380584715909,12500000000.0,87,4
2tier,16,56,8,0.005399999999999995,0.00536870912,0.005828380584715909,12500000000.0,135,7
2tier,16,56,16,0.005399999999999995,0.00536870912,0.005828380584715909,12500000000.0,156,12
2tier,16,56,32,0.005399999999999995,0.00536870912,0.005828380584715909,12500000000.0,176,18
3tier_nb,64,56,1,0.010749999999999963,0.01073741824,0.0011717677116360736,6250000000.0,117,2
3tier_nb,64,56,2,0.008099999999999979,0.00805306368,0.005828380584714132,8333333333.333333,229,2
3tier_nb,64,56,4,0.005399999999999995,0.00536870912,0.005828380584715909,12500000000.0,428,3
3tier_nb,64,56,8,0.006049999999999991,0.005769359054328357,0.04864334894551048,11631944444.444447,751,4
3tier_nb,64,56,16,0.005399999999999995,0.00536870912,0.005828380584715909,12500000000.0,1183,6
3tier_nb,64,56,32,0.005399999999999995,0.00536870912,0.005828380584715909,12500000000.0,1651,11
3tier_os2,64,56,1,0.021500000000000102,0.02147483648,0.0011717677116442893,3125000000.0,117,2
3tier_os2,64,56,2,0.010749999999999963,0.01073741824,0.0011717677116360736,6250000000.0,229,2
3tier_os2,64,56,4,0.008099999999999979,0.006442450944,0.25728547573089267,10416666666.666666,428,3
3tier_os2,64,56,8,0.006049999999999991,0.005769359054328357,0.04864334894551048,11631944444.444447,751,4
3tier_os2,64,56,16,0.005399999999999995,0.00536870912,0.005828380584715909,12500000000.0,1183,6
3tier_os2,64,56,32,0.005399999999999995,0.00536870912,0.005828380584715909,12500000000.0,1651,11
3tier_os4,64,56,1,0.04295000000000072,0.04294967296,7.614493386709498e-06,1562500000.0,117,2
3tier_os4,64,56,2,0.021500000000000102,0.02147483648,0.0011717677116442893,3125000000.0,229,2
3tier_os4,64,56,4,0.01614999999999995,0.009911462990769232,0.6294264545043258,6770833333.333333,428,3
3tier_os4,64,56,8,0.010749999999999963,0.007809031447272728,0.3766111806034993,8593750000.0,751,4
3tier_os4,64,56,16,0.008099999999999979,0.0059377428055299546,0.3641547411680184,11302083333.333332,1183,6
3tier_os4,64,56,32,0.007399999999999983,0.005558192971294117,0.3313679532571243,12073863636.363638,1651,11
2tier,64,56,1,0.01614999999999995,0.01610612736,0.002723972002661945,4166666666.6666665,104,3
2tier,64,56,2,0.013449999999999946,0.0134217728,0.002103090286250886,5000000000.0,161,5
2tier,64,56,4,0.012099999999999955,0.010066329600000002,0.2020270029703728,6666666666.666666,223,9
2tier,64,56,8,0.008749999999999975,0.00741166922761062,0.18057076365519453,9054487179.487179,244,13
2tier,64,56,16,0.008099999999999979,0.006532756698359678,0.23990535297814208,10272671568.62745,254,24
2tier,64,56,32,0.006549999999999988,0.005610233599707697,0.16750931731991603,11961866258.741257,256,39
3tier_nb,16,57,1,0.005399999999999995,0.00536870912,0.005828380584715909,12500000000.0,30,1
3tier_nb,16,57,2,0.005399999999999995,0.00536870912,0.005828380584715909,12500000000.0,60,1
3tier_nb,16,57,4,0.005399999999999995,0.00536870912,0.005828380584715909,12500000000.0,116,2
3tier_nb,16,57,8,0.005399999999999995,0.00536870912,0.005828380584715909,12500000000.0,225,3
3tier_nb,16,57,16,0.005399999999999995,0.00536870912,0.005828380584715909,12500000000.0,386,4
3tier_nb,16,57,32,0.005399999999999995,0.00536870912,0.005828380584715909,12500000000.0,629,6
3tier_os2,16,57,1,0.010749999999999963,0.01073741824,0.0011717677116360736,6250000000.0,30,1
3tier_os2,16,57,2,0.005399999999999995,0.00536870912,0.005828380584715909,12500000000.0,60,1
3tier_os2,16,57,4,0.005399999999999995,0.00536870912,0.005828380584715909,12500000000.0,116,2
3tier_os2,16,57,8,0.005399999999999995,0.00536870912,0.005828380584715909,12500000000.0,225,3
3tier_os2,16,57,16,0.005399999999999995,0.00536870912,0.005828380584715909,12500000000.0,386,4
3tier_os2,16,57,32,0.005399999999999995,0.00536870912,0.005828380584715909,12500000000.0,629,6
3tier_os4,16,57,1,0.021500000000000102,0.02147483648,0.0011717677116442893,3125000000.0,30,1
3tier_os4,16,57,2,0.010749999999999963,0.01073741824,0.0011717677116360736,6250000000.0,60,1
3tier_os4,16,57,4,0.010749999999999963,0.007158278826666666,0.501757651567454,9375000000.0,116,2
3tier_os4,16,57,8,0.008099999999999979,0.0056021312556521746,0.4458782970905264,11979166666.666666,225,3
3tier_os4,16,57,16,0.005399999999999995,0.00536870912,0.005828380584715909,12500000000.0,386,4
3tier_os4,16,57,32,0.005399999999999995,0.00536870912,0.005828380584715909,12500000000.0,629,6
2tier,16,57,1,0.010749999999999963,0.01073741824,0.0011717677116360736,6250000000.0,31,2
2tier,16,57,2,0.005399999999999995,0.00536870912,0.005828380584715909,12500000000.0,49,2
2tier,16,57,4,0.008099999999999979,0.007158278826666666,0.1315569281578035,9375000000.0,81,6
2tier,16,57,8,0.005399999999999995,0.00536870912,0.005828380584715909,12500000000.0,117,7
2tier,16,57,16,0.005399999999999995,0.00536870912,0.005828380584715909,12500000000.0,139,13
2tier,16,57,32,0.005399999999999995,0.00536870912,0.005828380584715909,12500000000.0,144,24
3tier_nb,64,57,1,0.010749999999999963,0.01073741824,0.0011717677116360736,6250000000.0,120,1
3tier_nb,64,57,2,0.010749999999999963,0.01073741824,0.0011717677116360736,6250000000.0,236,2
3tier_nb,64,57,4,0.006749999999999987,0.006316128376470588,0.0686926543712596,10625000000.0,423,3
3tier_nb,64,57,8,0.005399999999999995,0.00536870912,0.005828380584715909,12500000000.0,741,4
3tier_nb,64,57,16,0.005399999999999995,0.00536870912,0.005828380584715909,12500000000.0,1159,6
3tier_nb,64,57,32,0.005399999999999995,0.00536870912,0.005828380584715909,12500000000.0,1590,10
3tier_os2,64,57,1,0.010749999999999963,0.01073741824,0.0011717677116360736,6250000000.0,120,1
3tier_os2,64,57,2,0.010749999999999963,0.01073741824,0.0011717677116360736,6250000000.0,236,2
3tier_os2,64,57,4,0.008099999999999979,0.006442450944,0.25728547573089267,10416666666.666666,423,3
3tier_os2,64,57,8,0.005399999999999995,0.00536870912,0.005828380584715909,12500000000.0,741,4
3tier_os2,64,57,16,0.005399999999999995,0.00536870912,0.005828380584715909,12500000000.0,1159,6
3tier_os2,64,57,32,0.005399999999999995,0.00536870912,0.005828380584715909,12500000000.0,1590,10
3tier_os4,64,57,1,0.021500000000000102,0.02147483648,0.0011717677116442893,3125000000.0,120,1
3tier_os4,64,57,2,0.021500000000000102,0.014316557653333332,0.5017576515674664,4687500000.0,236,2
3tier_os4,64,57,4,0.01614999999999995,0.01073741824,0.5040859580039931,6250000000.0,423,3
3tier_os4,64,57,8,0.010749999999999963,0.006781527309473685,0.5851886322100899,9895833333.333332,741,4
3tier_os4,64,57,16,0.008099999999999979,0.006077783909433962,0.3327226042747464,11041666666.666668,1159,6
3tier_os4,64,57,32,0.006749999999999987,0.005549850059440058,0.21624907478689903,12092013888.888887,1590,10
2tier,64,57,1,0.01614999999999995,0.01610612736,0.002723972002661945,4166666666.6666665,95,3
2tier,64,57,2,0.013449999999999946,0.0134217728,0.002103090286250886,5000000000.0,159,5
2tier,64,57,4,0.014799999999999938,0.010270573968695653,0.44101001999594325,6534090909.090908,213,11
2tier,64,57,8,0.010749999999999963,0.007158278826666666,0.501757651567454,9375000000.0,250,16
2tier,64,57,16,0.006399999999999989,0.005706599903776224,0.12150844774747949,11759868421.052631,255,19
2tier,64,57,32,0.005399999999999995,0.00536870912,0.005828380584715909,12500000000.0,256,32
3tier_nb,16,59,1,0.010749999999999963,0.01073741824,0.0011717677116360736,6250000000.0,30,1
3tier_nb,16,59,2,0.005399999999999995,0.00536870912,0.005828380584715909,12500000000.0,60,1
3tier_nb,16,59,4,0.005399999999999995,0.00536870912,0.005828380584715909,12500000000.0,119,2
3tier_nb,16,59,8,0.005399999999999995,0.00536870912,0.005828380584715909,12500000000.0,219,2
3tier_nb,16,59,16,0.005399999999999995,0.00536870912,0.005828380584715909,12500000000.0,392,4
3tier_nb,16,59,32,0.005399999999999995,0.00536870912,0.005828380584715909,12500000000.0,677,5
3tier_os2,16,59,1,0.010749999999999963,0.01073741824,0.0011717677116360736,6250000000.0,30,1
3tier_os2,16,59,2,0.005399999999999995,0.00536870912,0.005828380584715909,12500000000.0,60,1
3tier_os2,16,59,4,0.005399999999999995,0.00536870912,0.005828380584715909,12500000000.0,119,2
3tier_os2,16,59,8,0.005399999999999995,0.00536870912,0.005828380584715909,12500000000.0,219,2
3tier_os2,16,59,16,0.005399999999999995,0.00536870912,0.005828380584715909,12500000000.0,392,4
3tier_os2,16,59,32,0.005399999999999995,0.00536870912,0.005828380584715909,12500000000.0,677,5
3tier_os4,16,59,1,0.021500000000000102,0.02147483648,0.0011717677116442893,3125000000.0,30,1
3tier_os4,16,59,2,0.010749999999999963,0.01073741824,0.0011717677116360736,6250000000.0,60,1
3tier_os4,16,59,4,0.010749999999999963,0.006135667565714285,0.752050593495363,10937500000.0,119,2
3tier_os4,16,59,8,0.005399999999999995,0.00536870912,0.005828380584715909,12500000000.0,219,2
3tier_os4,16,59,16,0.005399999999999995,0.00536870912,0.005828380584715909,12500000000.0,392,4
3tier_os4,16,59,32,0.005399999999999995,0.00536870912,0.005828380584715909,12500000000.0,677,5
2tier,16,59,1,0.005399999999999995,0.00536870912,0.005828380584715909,12500000000.0,30,1
2tier,16,59,2,0.005399999999999995,0.00536870912,0.005828380584715909,12500000000.0,54,2
2tier,16,59,4,0.005399999999999995,0.00536870912,0.005828380584715909,12500000000.0,94,3
2tier,16,59,8,0.005399999999999995,0.00536870912,0.005828380584715909,12500000000.0,136,6
2tier,16,59,16,0.005399999999999995,0.00536870912,0.005828380584715909,12500000000.0,172,9
2tier,16,59,32,0.005399999999999995,0.00536870912,0.005828380584715909,12500000000.0,189,16
3tier_nb,64,59,1,0.010749999999999963,0.01073741824,0.0011717677116360736,6250000000.0,117,2
3tier_nb,64,59,2,0.008099999999999979,0.00805306368,0.005828380584714132,8333333333.333333,224,3
3tier_nb,64,59,4,0.005399999999999995,0.00536870912,0.005828380584715909,12500000000.0,427,3
3tier_nb,64,59,8,0.005399999999999995,0.00536870912,0.005828380584715909,12500000000.0,748,4
3tier_nb,64,59,16,0.005399999999999995,0.00536870912,0.005828380584715909,12500000000.0,1197,7
3tier_nb,64,59,32,0.005399999999999995,0.00536870912,0.005828380584715909,12500000000.0,1655,10
3tier_os2,64,59,1,0.021500000000000102,0.02147483648,0.0011717677116442893,3125000000.0,117,2
3tier_os2,64,59,2,0.01614999999999995,0.01610612736,0.002723972002661945,4166666666.6666665,224,3
3tier_os2,64,59,4,0.008099999999999979,0.00805306368,0.005828380584714132,8333333333.333333,427,3
3tier_os2,64,59,8,0.005399999999999995,0.00536870912,0.005828380584715909,12500000000.0,748,4
3tier_os2,64,59,16,0.005399999999999995,0.00536870912,0.005828380584715909,12500000000.0,1197,7
3tier_os2,64,59,32,0.005399999999999995,0.00536870912,0.005828380584715909,12500000000.0,1655,10
3tier_os4,64,59,1,0.04295000000000072,0.04294967296,7.614493386709498e-06,1562500000.0,117,2
3tier_os4,64,59,2,0.03225000000000041,0.03221225472,0.0011717677116520608,2083333333.3333333,224,3
3tier_os4,64,59,4,0.01614999999999995,0.01610612736,0.002723972002661945,4166666666.6666665,427,3
3tier_os4,64,59,8,0.010749999999999963,0.007158278826666666,0.501757651567454,9375000000.0,748,4
3tier_os4,64,59,16,0.009399999999999971,0.005826506021705426,0.6133167913981796,11517857142.857143,1197,7
3tier_os4,64,59,32,0.006749999999999987,0.005506368328205128,0.22585333883762115,12187500000.0,1655,10
2tier,64,59,1,0.01614999999999995,0.01610612736,0.002723972002661945,4166666666.6666665,96,3
2tier,64,59,2,0.013449999999999946,0.0134217728,0.002103090286250886,5000000000.0,155,5
2tier,64,59,4,0.010749999999999963,0.01073741824,0.0011717677116360736,6250000000.0,210,8
2tier,64,59,8,0.007399999999999983,0.006422987345981873,0.1521118758904787,10448232323.232323,240,11
2tier,64,59,16,0.006399999999999989,0.00564736184249135,0.13327252237420129,11883223684.210526,253,19
2tier,64,59,32,0.005399999999999995,0.00536870912,0.005828380584715909,12500000000.0,255,31
3tier_nb,16,53,1,0.005399999999999995,0.00536870912,0.005828380584715909,12500000000.0,30,1
3tier_nb,16,53,2,0.005399999999999995,0.00536870912,0.005828380584715909,12500000000.0,60,1
3tier_nb,16,53,4,0.005399999999999995,0.00536870912,0.005828380584715909,12500000000.0,116,2
3tier_nb,16,53,8,0.005399999999999995,0.00536870912,0.005828380584715909,12500000000.0,212,3
3tier_nb,16,53,16,0.005399999999999995,0.00536870912,0.005828380584715909,12500000000.0,385,3
3tier_nb,16,53,32,0.005399999999999995,0.00536870912,0.005828380584715909,12500000000.0,660,4
3tier_os2,16,53,1,0.010749999999999963,0.01073741824,0.0011717677116360736,6250000000.0,30,1
3tier_os2,16,53,2,0.005399999999999995,0.00536870912,0.005828380584715909,12500000000.0,60,1
3tier_os2,16,53,4,0.005399999999999995,0.00536870912,0.005828380584715909,12500000000.0,116,2
3tier_os2,16,53,8,0.005399999999999995,0.00536870912,0.005828380584715909,12500000000.0,212,3
3tier_os2,16,53,16,0.005399999999999995,0.00536870912,0.005828380584715909,12500000000.0,385,3
3tier_os2,16,53,32,0.005399999999999995,0.00536870912,0.005828380584715909,12500000000.0,660,4
3tier_os4,16,53,1,0.021500000000000102,0.02147483648,0.0011717677116442893,3125000000.0,30,1
3tier_os4,16,53,2,0.010749999999999963,0.01073741824,0.0011717677116360736,6250000000.0,60,1
3tier_os4,16,53,4,0.010749999999999963,0.007158278826666666,0.501757651567454,9375000000.0,116,2
3tier_os4,16,53,8,0.008099999999999979,0.006135667565714287,0.320149749517437,10937499999.999998,212,3
3tier_os4,16,53,16,0.005399999999999995,0.00536870912,0.005828380584715909,12500000000.0,385,3
3tier_os4,16,53,32,0.005399999999999995,0.00536870912,0.005828380584715909,12500000000.0,660,4
2tier,16,53,1,0.010749999999999963,0.01073741824,0.0011717677116360736,6250000000.0,28,2
2tier,16,53,2,0.005399999999999995,0.00536870912,0.005828380584715909,12500000000.0,53,2
2tier,16,53,4,0.006749999999999987,0.006316128376470588,0.0686926543712596,10625000000.0,81,5
2tier,16,53,8,0.005399999999999995,0.00536870912,0.005828380584715909,12500000000.0,120,5
2tier,16,53,16,0.005399999999999995,0.00536870912,0.005828380584715909,12500000000.0,146,10
2tier,16,53,32,0.005399999999999995,0.00536870912,0.005828380584715909,12500000000.0,159,15
3tier_nb,64,53,1,0.010749999999999963,0.01073741824,0.0011717677116360736,6250000000.0,118,2
3tier_nb,64,53,2,0.008099999999999979,0.00805306368,0.005828380584714132,8333333333.333333,228,3
3tier_nb,64,53,4,0.005399999999999995,0.00536870912,0.005828380584715909,12500000000.0,429,3
3tier_nb,64,53,8,0.005399999999999995,0.00536870912,0.005828380584715909,12500000000.0,754,5
3tier_nb,64,53,16,0.005399999999999995,0.00536870912,0.005828380584715909,12500000000.0,1231,6
3tier_nb,64,53,32,0.005399999999999995,0.00536870912,0.005828380584715909,12500000000.0,1672,10
3tier_os2,64,53,1,0.021500000000000102,0.02147483648,0.0011717677116442893,3125000000.0,118,2
3tier_os2,64,53,2,0.01614999999999995,0.01073741824,0.5040859580039931,6250000000.0,228,3
3tier_os2,64,53,4,0.008099999999999979,0.005856773585454546,0.3830140233039818,11458333333.333332,429,3
3tier_os2,64,53,8,0.006749999999999987,0.005804009859459459,0.16298906505107658,11562500000.0,754,5
3tier_os2,64,53,16,0.005399999999999995,0.00536870912,0.005828380584715909,12500000000.0,1231,6
3tier_os2,64,53,32,0.005399999999999995,0.00536870912,0.005828380584715909,12500000000.0,1672,10
3tier_os4,64,53,1,0.04295000000000072,0.04294967296,7.614493386709498e-06,1562500000.0,118,2
3tier_os4,64,53,2,0.03225000000000041,0.02147483648,0.5017576515674782,3125000000.0,228,3
3tier_os4,64,53,4,0.01614999999999995,0.01073741824,0.5040859580039931,6250000000.0,429,3
3tier_os4,64,53,8,0.013449999999999946,0.007535030343859649,0.7849961295723844,8906250000.0,754,5
3tier_os4,64,53,16,0.008099999999999979,0.005651272757894737,0.43330544233321766,11875000000.0,1231,6
3tier_os4,64,53,32,0.006749999999999987,0.005471295918471337,0.23371137306093925,12265625000.0,1672,10
2tier,64,53,1,0.01614999999999995,0.01610612736,0.002723972002661945,4166666666.6666665,104,3
2tier,64,53,2,0.010749999999999963,0.01073741824,0.0011717677116360736,6250000000.0,159,4
2tier,64,53,4,0.008099999999999979,0.007158278826666666,0.1315569281578035,9375000000.0,215,6
2tier,64,53,8,0.006749999999999987,0.006155207908280254,0.09663233160972395,10902777777.777779,243,10
2tier,64,53,16,0.006399999999999989,0.0055893410016438355,0.1450365970009233,12006578947.368422,251,19
2tier,64,53,32,0.005399999999999995,0.00536870912,0.005828380584715909,12500000000.0,256,31
3tier_nb,16,52,1,0.005399999999999995,0.00536870912,0.005828380584715909,12500000000.0,30,1
3tier_nb,16,52,2,0.005399999999999995,0.00536870912,0.005828380584715909,12500000000.0,59,2
3tier_nb,16,52,4,0.005399999999999995,0.00536870912,0.005828380584715909,12500000000.0,115,2
3tier_nb,16,52,8,0.005399999999999995,0.00536870912,0.005828380584715909,12500000000.0,212,3
3tier_nb,16,52,16,0.005399999999999995,0.00536870912,0.005828380584715909,12500000000.0,379,5
3tier_nb,16,52,32,0.005399999999999995,0.00536870912,0.005828380584715909,12500000000.0,604,5
3tier_os2,16,52,1,0.010749999999999963,0.01073741824,0.0011717677116360736,6250000000.0,30,1
3tier_os2,16,52,2,0.010749999999999963,0.007158278826666666,0.501757651567454,9375000000.0,59,2
3tier_os2,16,52,4,0.005399999999999995,0.00536870912,0.005828380584715909,12500000000.0,115,2
3tier_os2,16,52,8,0.005399999999999995,0.00536870912,0.005828380584715909,12500000000.0,212,3
3tier_os2,16,52,16,0.005399999999999995,0.00536870912,0.005828380584715909,12500000000.0,379,5
3tier_os2,16,52,32,0.005399999999999995,0.00536870912,0.005828380584715909,12500000000.0,604,5
3tier_os4,16,52,1,0.021500000000000102,0.02147483648,0.0011717677116442893,3125000000.0,30,1
3tier_os4,16,52,2,0.021500000000000102,0.014316557653333332,0.5017576515674664,4687500000.0,59,2
3tier_os4,16,52,4,0.010749999999999963,0.007158278826666666,0.501757651567454,9375000000.0,115,2
3tier_os4,16,52,8,0.008099999999999979,0.006135667565714285,0.32014974951743747,10937500000.0,212,3
3tier_os4,16,52,16,0.006749999999999987,0.005506368328205128,0.22585333883762115,12187500000.0,379,5
3tier_os4,16,52,32,0.005399999999999995,0.00536870912,0.005828380584715909,12500000000.0,604,5
2tier,16,52,1,0.010749999999999963,0.01073741824,0.0011717677116360736,6250000000.0,29,2
2tier,16,52,2,0.008099999999999979,0.006442450944,0.25728547573089267,10416666666.666666,52,3
2tier,16,52,4,0.005399999999999995,0.00536870912,0.005828380584715909,12500000000.0,87,4
2tier,16,52,8,0.005399999999999995,0.00536870912,0.005828380584715909,12500000000.0,118,7
2tier,16,52,16,0.005399999999999995,0.00536870912,0.005828380584715909,12500000000.0,149,10
2tier,16,52,32,0.005399999999999995,0.00536870912,0.005828380584715909,12500000000.0,159,19
3tier_nb,64,52,1,0.010749999999999963,0.01073741824,0.0011717677116360736,6250000000.0,122,2
3tier_nb,64,52,2,0.008099999999999979,0.00805306368,0.005828380584714132,8333333333.333333,237,3
3tier_nb,64,52,4,0.005399999999999995,0.00536870912,0.005828380584715909,12500000000.0,436,3
3tier_nb,64,52,8,0.005399999999999995,0.00536870912,0.005828380584715909,12500000000.0,754,5
3tier_nb,64,52,16,0.005399999999999995,0.00536870912,0.005828380584715909,12500000000.0,1222,7
3tier_nb,64,52,32,0.005399999999999995,0.00536870912,0.005828380584715909,12500000000.0,1650,10
3tier_os2,64,52,1,0.021500000000000102,0.02147483648,0.0011717677116442893,3125000000.0,122,2
3tier_os2,64,52,2,0.01614999999999995,0.01610612736,0.002723972002661945,4166666666.6666665,237,3
3tier_os2,64,52,4,0.008099999999999979,0.006442450944,0.25728547573089267,10416666666.666666,436,3
3tier_os2,64,52,8,0.006749999999999987,0.005651272757894737,0.19442120194434875,11875000000.0,754,5
3tier_os2,64,52,16,0.005399999999999995,0.00536870912,0.005828380584715909,12500000000.0,1222,7
3tier_os2,64,52,32,0.005399999999999995,0.00536870912,0.005828380584715909,12500000000.0,1650,10
3tier_os4,64,52,1,0.04295000000000072,0.04294967296,7.614493386709498e-06,1562500000.0,122,2
3tier_os4,64,52,2,0.03225000000000041,0.03221225472,0.0011717677116520608,2083333333.3333333,237,3
3tier_os4,64,52,4,0.01614999999999995,0.01073741824,0.5040859580039931,6250000000.0,436,3
3tier_os4,64,52,8,0.013449999999999946,0.0074051160275862065,0.8163118511438299,9062500000.0,754,5
3tier_os4,64,52,16,0.009399999999999971,0.005856773585454545,0.6049792369206697,11458333333.333334,1222,7
3tier_os4,64,52,32,0.006749999999999987,0.005577879605194805,0.21013727039098518,12031250000.0,1650,10
2tier,64,52,1,0.01614999999999995,0.01610612736,0.002723972002661945,4166666666.6666665,101,3
2tier,64,52,2,0.010749999999999963,0.01073741824,0.0011717677116360736,6250000000.0,165,4
2tier,64,52,4,0.008099999999999979,0.00805306368,0.005828380584714132,8333333333.333333,223,6
2tier,64,52,8,0.006749999999999987,0.005821491816867469,0.15949660539626853,11527777777.777779,249,10
2tier,64,52,16,0.005749999999999993,0.005489807821954888,0.04739549843703861,12224264705.88235,256,17
2tier,64,52,32,0.005749999999999993,0.005448839106865671,0.055270652560625466,12316176470.588236,256,34
3tier_nb,16,58,1,0.005399999999999995,0.00536870912,0.005828380584715909,12500000000.0,32,1
3tier_nb,16,58,2,0.005399999999999995,0.00536870912,0.005828380584715909,12500000000.0,64,1
3tier_nb,16,58,4,0.005399999999999995,0.00536870912,0.005828380584715909,12500000000.0,126,2
3tier_nb,16,58,8,0.005399999999999995,0.00536870912,0.005828380584715909,12500000000.0,234,3
3tier_nb,16,58,16,0.005399999999999995,0.00536870912,0.005828380584715909,12500000000.0,421,4
3tier_nb,16,58,32,0.005399999999999995,0.00536870912,0.005828380584715909,12500000000.0,714,5
3tier_os2,16,58,1,0.010749999999999963,0.01073741824,0.0011717677116360736,6250000000.0,32,1
3tier_os2,16,58,2,0.005399999999999995,0.00536870912,0.005828380584715909,12500000000.0,64,1
3tier_os2,16,58,4,0.005399999999999995,0.00536870912,0.005828380584715909,12500000000.0,126,2
3tier_os2,16,58,8,0.005399999999999995,0.00536870912,0.005828380584715909,12500000000.0,234,3
3tier_os2,16,58,16,0.005399999999999995,0.00536870912,0.005828380584715909,12500000000.0,421,4
3tier_os2,16,58,32,0.005399999999999995,0.00536870912,0.005828380584715909,12500000000.0,714,5
3tier_os4,16,58,1,0.021500000000000102,0.02147483648,0.0011717677116442893,3125000000.0,32,1
3tier_os4,16,58,2,0.010749999999999963,0.01073741824,0.0011717677116360736,6250000000.0,64,1
3tier_os4,16,58,4,0.010749999999999963,0.006135667565714285,0.752050593495363,10937500000.0,126,2
3tier_os4,16,58,8,0.008099999999999979,0.006135667565714285,0.32014974951743747,10937500000.0,234,3
3tier_os4,16,58,16,0.005399999999999995,0.00536870912,0.005828380584715909,12500000000.0,421,4
3tier_os4,16,58,32,0.005399999999999995,0.00536870912,0.005828380584715909,12500000000.0,714,5
2tier,16,58,1,0.005399999999999995,0.00536870912,0.005828380584715909,12500000000.0,32,1
2tier,16,58,2,0.005399999999999995,0.00536870912,0.005828380584715909,12500000000.0,51,2
2tier,16,58,4,0.005399999999999995,0.00536870912,0.005828380584715909,12500000000.0,88,4
2tier,16,58,8,0.005399999999999995,0.00536870912,0.005828380584715909,12500000000.0,131,7
2tier,16,58,16,0.005399999999999995,0.00536870912,0.005828380584715909,12500000000.0,160,10
2tier,16,58,32,0.005399999999999995,0.00536870912,0.005828380584715909,12500000000.0,174,15
3tier_nb,64,58,1,0.010749999999999963,0.01073741824,0.0011717677116360736,6250000000.0,119,2
3tier_nb,64,58,2,0.008099999999999979,0.00805306368,0.005828380584714132,8333333333.333333,233,2
3tier_nb,64,58,4,0.006749999999999987,0.0059652323555555555,0.13155692815780418,11250000000.0,434,3
3tier_nb,64,58,8,0.005399999999999995,0.00536870912,0.005828380584715909,12500000000.0,728,6
3tier_nb,64,58,16,0.005399999999999995,0.00536870912,0.005828380584715909,12500000000.0,1124,8
3tier_nb,64,58,32,0.005399999999999995,0.00536870912,0.005828380584715909,12500000000.0,1509,11
3tier_os2,64,58,1,0.021500000000000102,0.02147483648,0.0011717677116442893,3125000000.0,119,2
3tier_os2,64,58,2,0.010749999999999963,0.01073741824,0.0011717677116360736,6250000000.0,233,2
3tier_os2,64,58,4,0.008099999999999979,0.006442450944,0.25728547573089267,10416666666.666666,434,3
3tier_os2,64,58,8,0.008099999999999979,0.006135667565714287,0.320149749517437,10937499999.999998,728,6
3tier_os2,64,58,16,0.005399999999999995,0.00536870912,0.005828380584715909,12500000000.0,1124,8
3tier_os2,64,58,32,0.005399999999999995,0.00536870912,0.005828380584715909,12500000000.0,1509,11
3tier_os4,64,58,1,0.04295000000000072,0.04294967296,7.614493386709498e-06,1562500000.0,119,2
3tier_os4,64,58,2,0.021500000000000102,0.02147483648,0.0011717677116442893,3125000000.0,233,2
3tier_os4,64,58,4,0.01614999999999995,0.01073741824,0.5040859580039931,6250000000.0,434,3
3tier_os4,64,58,8,0.01614999999999995,0.007579354051764706,1.1307884405056567,8854166666.666666,728,6
3tier_os4,64,58,16,0.010749999999999963,0.006150311163723151,0.7478790444632308,10911458333.333332,1124,8
3tier_os4,64,58,32,0.007399999999999983,0.00557824548775336,0.3265819900264617,12030460858.585861,1509,11
2tier,64,58,1,0.010749999999999963,0.01073741824,0.0011717677116360736,6250000000.0,98,2
2tier,64,58,2,0.010749999999999963,0.01073741824,0.0011717677116360736,6250000000.0,161,4
2tier,64,58,4,0.009399999999999971,0.007911781861052632,0.1881015130451711,8482142857.142858,206,7
2tier,64,58,8,0.006749999999999987,0.0059652323555555555,0.13155692815780418,11250000000.0,243,10
2tier,64,58,16,0.006399999999999989,0.005706599903776224,0.12150844774747949,11759868421.052631,254,19
2tier,64,58,32,0.005399999999999995,0.00536870912,0.005828380584715909,12500000000.0,256,30
3tier_nb,16,60,1,0.005399999999999995,0.00536870912,0.005828380584715909,12500000000.0,32,1
3tier_nb,16,60,2,0.005399999999999995,0.00536870912,0.005828380584715909,12500000000.0,63,2
3tier_nb,16,60,4,0.005399999999999995,0.00536870912,0.005828380584715909,12500000000.0,121,2
3tier_nb,16,60,8,0.005399999999999995,0.00536870912,0.005828380584715909,12500000000.0,233,2
3tier_nb,16,60,16,0.005399999999999995,0.00536870912,0.005828380584715909,12500000000.0,421,3
3tier_nb,16,60,32,0.005399999999999995,0.00536870912,0.005828380584715909,12500000000.0,758,5
3tier_os2,16,60,1,0.010749999999999963,0.01073741824,0.0011717677116360736,6250000000.0,32,1
3tier_os2,16,60,2,0.010749999999999963,0.007158278826666666,0.501757651567454,9375000000.0,63,2
3tier_os2,16,60,4,0.005399999999999995,0.00536870912,0.005828380584715909,12500000000.0,121,2
3tier_os2,16,60,8,0.005399999999999995,0.00536870912,0.005828380584715909,12500000000.0,233,2
3tier_os2,16,60,16,0.005399999999999995,0.00536870912,0.005828380584715909,12500000000.0,421,3
3tier_os2,16,60,32,0.005399999999999995,0.00536870912,0.005828380584715909,12500000000.0,758,5
3tier_os4,16,60,1,0.021500000000000102,0.02147483648,0.0011717677116442893,3125000000.0,32,1
3tier_os4,16,60,2,0.021500000000000102,0.014316557653333332,0.5017576515674664,4687500000.0,63,2
3tier_os4,16,60,4,0.010749999999999963,0.008589934592,0.25146470963954504,7812500000.0,121,2
3tier_os4,16,60,8,0.005399999999999995,0.00536870912,0.005828380584715909,12500000000.0,233,2
3tier_os4,16,60,16,0.005399999999999995,0.00536870912,0.005828380584715909,12500000000.0,421,3
3tier_os4,16,60,32,0.005399999999999995,0.00536870912,0.005828380584715909,12500000000.0,758,5
2tier,16,60,1,0.010749999999999963,0.01073741824,0.0011717677116360736,6250000000.0,30,2
2tier,16,60,2,0.005399999999999995,0.00536870912,0.005828380584715909,12500000000.0,59,2
2tier,16,60,4,0.005399999999999995,0.00536870912,0.005828380584715909,12500000000.0,98,3
2tier,16,60,8,0.005399999999999995,0.00536870912,0.005828380584715909,12500000000.0,145,6
2tier,16,60,16,0.005399999999999995,0.00536870912,0.005828380584715909,12500000000.0,185,9
2tier,16,60,32,0.005399999999999995,0.00536870912,0.005828380584715909,12500000000.0,206,14
3tier_nb,64,60,1,0.010749999999999963,0.01073741824,0.0011717677116360736,6250000000.0,118,2
3tier_nb,64,60,2,0.005399999999999995,0.00536870912,0.005828380584715909,12500000000.0,232,2
3tier_nb,64,60,4,0.005399999999999995,0.00536870912,0.005828380584715909,12500000000.0,441,4
3tier_nb,64,60,8,0.005399999999999995,0.00536870912,0.005828380584715909,12500000000.0,764,4
3tier_nb,64,60,16,0.005399999999999995,0.00536870912,0.005828380584715909,12500000000.0,1224,6
3tier_nb,64,60,32,0.005399999999999995,0.00536870912,0.005828380584715909,12500000000.0,1663,11
3tier_os2,64,60,1,0.021500000000000102,0.02147483648,0.0011717677116442893,3125000000.0,118,2
3tier_os2,64,60,2,0.010749999999999963,0.01073741824,0.0011717677116360736,6250000000.0,232,2
3tier_os2,64,60,4,0.010749999999999963,0.007158278826666666,0.501757651567454,9375000000.0,441,4
3tier_os2,64,60,8,0.005399999999999995,0.00536870912,0.005828380584715909,12500000000.0,764,4
3tier_os2,64,60,16,0.005399999999999995,0.00536870912,0.005828380584715909,12500000000.0,1224,6
3tier_os2,64,60,32,0.005399999999999995,0.00536870912,0.005828380584715909,12500000000.0,1663,11
3tier_os4,64,60,1,0.04295000000000072,0.04294967296,7.614493386709498e-06,1562500000.0,118,2
3tier_os4,64,60,2,0.021500000000000102,0.02147483648,0.0011717677116442893,3125000000.0,232,2
3tier_os4,64,60,4,0.021500000000000102,0.01073741824,1.0023435354232886,6250000000.0,441,4
3tier_os4,64,60,8,0.010749999999999963,0.0075793540517647045,0.4183266709248179,8854166666.666668,764,4
3tier_os4,64,60,16,0.008099999999999979,0.0056761682325991185,0.4270190149545634,11822916666.666668,1224,6
3tier_os4,64,60,32,0.007399999999999983,0.005461808122080925,0.3548626818440146,12286931818.181818,1663,11
2tier,64,60,1,0.01614999999999995,0.01610612736,0.002723972002661945,4166666666.6666665,101,3
2tier,64,60,2,0.010749999999999963,0.00805306368,0.33489569028218136,8333333333.333333,158,4
2tier,64,60,4,0.008099999999999979,0.006853671217021277,0.18184834718703913,9791666666.666666,212,6
2tier,64,60,8,0.006749999999999987,0.006135667565714285,0.100124791264532,10937500000.0,244,10
2tier,64,60,16,0.005749999999999993,0.005469246743970038,0.051333075498831926,12270220588.235292,256,17
2tier,64,60,32,0.005399999999999995,0.00536870912,0.005828380584715909,12500000000.0,256,27
3tier_nb,16,62,1,0.005399999999999995,0.00536870912,0.005828380584715909,12500000000.0,32,1
3tier_nb,16,62,2,0.005399999999999995,0.00536870912,0.005828380584715909,12500000000.0,64,1
3tier_nb,16,62,4,0.005399999999999995,0.00536870912,0.005828380584715909,12500000000.0,121,2
3tier_nb,16,62,8,0.005399999999999995,0.00536870912,0.005828380584715909,12500000000.0,228,3
3tier_nb,16,62,16,0.005399999999999995,0.00536870912,0.005828380584715909,12500000000.0,395,4
3tier_nb,16,62,32,0.005399999999999995,0.00536870912,0.005828380584715909,12500000000.0,636,6
3tier_os2,16,62,1,0.010749999999999963,0.01073741824,0.0011717677116360736,6250000000.0,32,1
3tier_os2,16,62,2,0.005399999999999995,0.00536870912,0.005828380584715909,12500000000.0,64,1
3tier_os2,16,62,4,0.005399999999999995,0.00536870912,0.005828380584715909,12500000000.0,121,2
3tier_os2,16,62,8,0.005399999999999995,0.00536870912,0.005828380584715909,12500000000.0,228,3
3tier_os2,16,62,16,0.005399999999999995,0.00536870912,0.005828380584715909,12500000000.0,395,4
3tier_os2,16,62,32,0.005399999999999995,0.00536870912,0.005828380584715909,12500000000.0,636,6
3tier_os4,16,62,1,0.021500000000000102,0.02147483648,0.0011717677116442893,3125000000.0,32,1
3tier_os4,16,62,2,0.010749999999999963,0.01073741824,0.0011717677116360736,6250000000.0,64,1
3tier_os4,16,62,4,0.010749999999999963,0.007158278826666666,0.501757651567454,9375000000.0,121,2
3tier_os4,16,62,8,0.008099999999999979,0.005856773585454546,0.3830140233039818,11458333333.333332,228,3
3tier_os4,16,62,16,0.005399999999999995,0.00536870912,0.005828380584715909,12500000000.0,395,4
3tier_os4,16,62,32,0.005399999999999995,0.00536870912,0.005828380584715909,12500000000.0,636,6
2tier,16,62,1,0.010749999999999963,0.01073741824,0.0011717677116360736,6250000000.0,26,2
2tier,16,62,2,0.005399999999999995,0.00536870912,0.005828380584715909,12500000000.0,53,2
2tier,16,62,4,0.006749999999999987,0.006316128376470588,0.0686926543712596,10625000000.0,78,5
2tier,16,62,8,0.005399999999999995,0.00536870912,0.005828380584715909,12500000000.0,113,7
2tier,16,62,16,0.005399999999999995,0.00536870912,0.005828380584715909,12500000000.0,134,11
2tier,16,62,32,0.005399999999999995,0.00536870912,0.005828380584715909,12500000000.0,144,19
3tier_nb,64,62,1,0.010749999999999963,0.01073741824,0.0011717677116360736,6250000000.0,118,2
3tier_nb,64,62,2,0.008099999999999979,0.00805306368,0.005828380584714132,8333333333.333333,229,3
3tier_nb,64,62,4,0.005399999999999995,0.00536870912,0.005828380584715909,12500000000.0,417,3
3tier_nb,64,62,8,0.005399999999999995,0.00536870912,0.005828380584715909,12500000000.0,738,5
3tier_nb,64,62,16,0.005399999999999995,0.00536870912,0.005828380584715909,12500000000.0,1157,7
3tier_nb,64,62,32,0.005399999999999995,0.00536870912,0.005828380584715909,12500000000.0,1576,11
3tier_os2,64,62,1,0.021500000000000102,0.02147483648,0.0011717677116442893,3125000000.0,118,2
3tier_os2,64,62,2,0.01614999999999995,0.012884901888,0.25340496500332743,5208333333.333333,229,3
3tier_os2,64,62,4,0.008099999999999979,0.007158278826666666,0.1315569281578035,9375000000.0,417,3
3tier_os2,64,62,8,0.006749999999999987,0.005651272757894737,0.19442120194434875,11875000000.0,738,5
3tier_os2,64,62,16,0.005399999999999995,0.00536870912,0.005828380584715909,12500000000.0,1157,7
3tier_os2,64,62,32,0.005399999999999995,0.00536870912,0.005828380584715909,12500000000.0,1576,11
3tier_os4,64,62,1,0.04295000000000072,0.04294967296,7.614493386709498e-06,1562500000.0,118,2
3tier_os4,64,62,2,0.03225000000000041,0.025769803776,0.251464709639565,2604166666.6666665,229,3
3tier_os4,64,62,4,0.01614999999999995,0.014316557653333332,0.1280644685029948,4687500000.0,417,3
3tier_os4,64,62,8,0.013449999999999946,0.006964811831351352,0.9311361635724624,9635416666.666666,738,5
3tier_os4,64,62,16,0.009399999999999971,0.0060129542143999995,0.56329146453312,11160714285.714287,1157,7
3tier_os4,64,62,32,0.007399999999999983,0.005481169994250724,0.350076718613352,12243529040.404041,1576,11
2tier,64,62,1,0.01614999999999995,0.01610612736,0.002723972002661945,4166666666.6666665,99,3
2tier,64,62,2,0.010749999999999963,0.01073741824,0.0011717677116360736,6250000000.0,158,4
2tier,64,62,4,0.013449999999999946,0.009761289309090909,0.37789174914359513,6875000000.0,206,10
2tier,64,62,8,0.007399999999999983,0.006216400033684211,0.19039958173578153,10795454545.454544,242,11
2tier,64,62,16,0.007749999999999981,0.005932987856336335,0.3062558339341799,11311141304.347828,255,23
2tier,64,62,32,0.006749999999999987,0.005690982564464968,0.18608692322264764,11792140151.51515,256,40
3tier_nb,16,61,1,0.005399999999999995,0.00536870912,0.005828380584715909,12500000000.0,28,1
3tier_nb,16,61,2,0.005399999999999995,0.00536870912,0.005828380584715909,12500000000.0,55,2
3tier_nb,16,61,4,0.005399999999999995,0.00536870912,0.005828380584715909,12500000000.0,107,3
3tier_nb,16,61,8,0.005399999999999995,0.00536870912,0.005828380584715909,12500000000.0,211,3
3tier_nb,16,61,16,0.005399999999999995,0.00536870912,0.005828380584715909,12500000000.0,386,3
3tier_nb,16,61,32,0.005399999999999995,0.00536870912,0.005828380584715909,12500000000.0,670,5
3tier_os2,16,61,1,0.010749999999999963,0.01073741824,0.0011717677116360736,6250000000.0,28,1
3tier_os2,16,61,2,0.010749999999999963,0.007158278826666666,0.501757651567454,9375000000.0,55,2
3tier_os2,16,61,4,0.008099999999999979,0.006442450944,0.25728547573089267,10416666666.666666,107,3
3tier_os2,16,61,8,0.005399999999999995,0.00536870912,0.005828380584715909,12500000000.0,211,3
3tier_os2,16,61,16,0.005399999999999995,0.00536870912,0.005828380584715909,12500000000.0,386,3
3tier_os2,16,61,32,0.005399999999999995,0.00536870912,0.005828380584715909,12500000000.0,670,5
3tier_os4,16,61,1,0.021500000000000102,0.02147483648,0.0011717677116442893,3125000000.0,28,1
3tier_os4,16,61,2,0.021500000000000102,0.014316557653333332,0.5017576515674664,4687500000.0,55,2
3tier_os4,16,61,4,0.01614999999999995,0.00805306368,1.005447944005324,8333333333.333333,107,3
3tier_os4,16,61,8,0.008099999999999979,0.005856773585454546,0.3830140233039818,11458333333.333332,211,3
3tier_os4,16,61,16,0.005399999999999995,0.00536870912,0.005828380584715909,12500000000.0,386,3
3tier_os4,16,61,32,0.005399999999999995,0.00536870912,0.005828380584715909,12500000000.0,670,5
2tier,16,61,1,0.005399999999999995,0.00536870912,0.005828380584715909,12500000000.0,28,1
2tier,16,61,2,0.005399999999999995,0.00536870912,0.005828380584715909,12500000000.0,53,2
2tier,16,61,4,0.005399999999999995,0.00536870912,0.005828380584715909,12500000000.0,91,4
2tier,16,61,8,0.005399999999999995,0.00536870912,0.005828380584715909,12500000000.0,140,7
2tier,16,61,16,0.005399999999999995,0.00536870912,0.005828380584715909,12500000000.0,177,7
2tier,16,61,32,0.005399999999999995,0.00536870912,0.005828380584715909,12500000000.0,190,13
3tier_nb,64,61,1,0.010749999999999963,0.01073741824,0.0011717677116360736,6250000000.0,119,2
3tier_nb,64,61,2,0.005399999999999995,0.00536870912,0.005828380584715909,12500000000.0,232,2
3tier_nb,64,61,4,0.005399999999999995,0.00536870912,0.005828380584715909,12500000000.0,438,3
3tier_nb,64,61,8,0.005399999999999995,0.00536870912,0.005828380584715909,12500000000.0,757,5
3tier_nb,64,61,16,0.005399999999999995,0.00536870912,0.005828380584715909,12500000000.0,1192,8
3tier_nb,64,61,32,0.005399999999999995,0.00536870912,0.005828380584715909,12500000000.0,1634,8
3tier_os2,64,61,1,0.021500000000000102,0.02147483648,0.0011717677116442893,3125000000.0,119,2
3tier_os2,64,61,2,0.010749999999999963,0.01073741824,0.0011717677116360736,6250000000.0,232,2
3tier_os2,64,61,4,0.008099999999999979,0.006442450944,0.25728547573089267,10416666666.666666,438,3
3tier_os2,64,61,8,0.006749999999999987,0.005651272757894737,0.19442120194434875,11875000000.0,757,5
3tier_os2,64,61,16,0.005399999999999995,0.00536870912,0.005828380584715909,12500000000.0,1192,8
3tier_os2,64,61,32,0.005399999999999995,0.00536870912,0.005828380584715909,12500000000.0,1634,8
3tier_os4,64,61,1,0.04295000000000072,0.04294967296,7.614493386709498e-06,1562500000.0,119,2
3tier_os4,64,61,2,0.021500000000000102,0.02147483648,0.0011717677116442893,3125000000.0,232,2
3tier_os4,64,61,4,0.01614999999999995,0.01171354717090909,0.3787454615036603,5729166666.666667,438,3
3tier_os4,64,61,8,0.013449999999999946,0.007715510112574849,0.743241834143791,8697916666.666668,757,5
3tier_os4,64,61,16,0.010749999999999963,0.006285317994146341,0.7103351031740448,10677083333.333334,1192,8
3tier_os4,64,61,32,0.005399999999999995,0.00536870912,0.005828380584715909,12500000000.0,1634,8
2tier,64,61,1,0.01614999999999995,0.01610612736,0.002723972002661945,4166666666.6666665,105,3
2tier,64,61,2,0.013449999999999946,0.0134217728,0.002103090286250886,5000000000.0,170,5
2tier,64,61,4,0.009399999999999971,0.007829367466666666,0.20060784476143612,8571428571.428572,217,7
2tier,64,61,8,0.007399999999999983,0.00621640003368421,0.19039958173578175,10795454545.454546,247,11
2tier,64,61,16,0.006049999999999991,0.0056069112311262805,0.07902546528897081,11968954248.366013,256,18
2tier,64,61,32,0.005399999999999995,0.00536870912,0.005828380584715909,12500000000.0,256,32
3tier_nb,16,65,1,0.005399999999999995,0.00536870912,0.005828380584715909,12500000000.0,28,1
3tier_nb,16,65,2,0.008099999999999979,0.006442450944,0.25728547573089267,10416666666.666666,56,1
3tier_nb,16,65,4,0.005399999999999995,0.00536870912,0.005828380584715909,12500000000.0,106,3
3tier_nb,16,65,8,0.005399999999999995,0.00536870912,0.005828380584715909,12500000000.0,202,3
3tier_nb,16,65,16,0.005399999999999995,0.00536870912,0.005828380584715909,12500000000.0,356,5
3tier_nb,16,65,32,0.005399999999999995,0.00536870912,0.005828380584715909,12500000000.0,567,6
3tier_os2,16,65,1,0.010749999999999963,0.01073741824,0.0011717677116360736,6250000000.0,28,1
3tier_os2,16,65,2,0.008099999999999979,0.006442450944,0.25728547573089267,10416666666.666666,56,1
3tier_os2,16,65,4,0.008099999999999979,0.006442450944,0.25728547573089267,10416666666.666666,106,3
3tier_os2,16,65,8,0.005399999999999995,0.00536870912,0.005828380584715909,12500000000.0,202,3
3tier_os2,16,65,16,0.005399999999999995,0.00536870912,0.005828380584715909,12500000000.0,356,5
3tier_os2,16,65,32,0.005399999999999995,0.00536870912,0.005828380584715909,12500000000.0,567,6
3tier_os4,16,65,1,0.021500000000000102,0.02147483648,0.0011717677116442893,3125000000.0,28,1
3tier_os4,16,65,2,0.010749999999999963,0.01073741824,0.0011717677116360736,6250000000.0,56,1
3tier_os4,16,65,4,0.01614999999999995,0.00805306368,1.005447944005324,8333333333.333333,106,3
3tier_os4,16,65,8,0.008099999999999979,0.005856773585454546,0.3830140233039818,11458333333.333332,202,3
3tier_os4,16,65,16,0.006749999999999987,0.005651272757894737,0.19442120194434875,11875000000.0,356,5
3tier_os4,16,65,32,0.005399999999999995,0.00536870912,0.005828380584715909,12500000000.0,567,6
2tier,16,65,1,0.010749999999999963,0.01073741824,0.0011717677116360736,6250000000.0,25,2
2tier,16,65,2,0.008099999999999979,0.00805306368,0.005828380584714132,8333333333.333333,43,3
2tier,16,65,4,0.005399999999999995,0.00536870912,0.005828380584715909,12500000000.0,72,3
2tier,16,65,8,0.005399999999999995,0.00536870912,0.005828380584715909,12500000000.0,108,6
2tier,16,65,16,0.005399999999999995,0.00536870912,0.005828380584715909,12500000000.0,128,10
2tier,16,65,32,0.005399999999999995,0.00536870912,0.005828380584715909,12500000000.0,144,18
3tier_nb,64,65,1,0.010749999999999963,0.01073741824,0.0011717677116360736,6250000000.0,118,1
3tier_nb,64,65,2,0.008099999999999979,0.00805306368,0.005828380584714132,8333333333.333333,228,2
3tier_nb,64,65,4,0.005399999999999995,0.00536870912,0.005828380584715909,12500000000.0,428,3
3tier_nb,64,65,8,0.005399999999999995,0.00536870912,0.005828380584715909,12500000000.0,748,5
3tier_nb,64,65,16,0.005399999999999995,0.00536870912,0.005828380584715909,12500000000.0,1168,6
3tier_nb,64,65,32,0.005399999999999995,0.00536870912,0.005828380584715909,12500000000.0,1593,11
3tier_os2,64,65,1,0.010749999999999963,0.01073741824,0.0011717677116360736,6250000000.0,118,1
3tier_os2,64,65,2,0.010749999999999963,0.01073741824,0.0011717677116360736,6250000000.0,228,2
3tier_os2,64,65,4,0.008099999999999979,0.006442450944,0.25728547573089267,10416666666.666666,428,3
3tier_os2,64,65,8,0.006749999999999987,0.005651272757894737,0.19442120194434875,11875000000.0,748,5
3tier_os2,64,65,16,0.005399999999999995,0.00536870912,0.005828380584715909,12500000000.0,1168,6
3tier_os2,64,65,32,0.005399999999999995,0.00536870912,0.005828380584715909,12500000000.0,1593,11
3tier_os4,64,65,1,0.021500000000000102,0.02147483648,0.0011717677116442893,3125000000.0,118,1
3tier_os4,64,65,2,0.021500000000000102,0.02147483648,0.0011717677116442893,3125000000.0,228,2
3tier_os4,64,65,4,0.01614999999999995,0.00920350134857143,0.7547669510046584,7291666666.666666,428,3
3tier_os4,64,65,8,0.013449999999999946,0.008103711879245284,0.659733243286603,8281250000.0,748,5
3tier_os4,64,65,16,0.008099999999999979,0.005856773585454545,0.38301402330398204,11458333333.333334,1168,6
3tier_os4,64,65,32,0.007399999999999983,0.005549125772319739,0.3335433910892438,12093592171.717173,1593,11
2tier,64,65,1,0.021500000000000102,0.02147483648,0.0011717677116442893,3125000000.0,94,4
2tier,64,65,2,0.010749999999999963,0.00920350134857143,0.1680337289969085,7291666666.666666,154,4
2tier,64,65,4,0.012099999999999955,0.009663676416000001,0.25211146142747176,6944444444.444444,204,9
2tier,64,65,8,0.010099999999999967,0.007491222027906976,0.34824464718500336,8958333333.333334,242,15
2tier,64,65,16,0.008099999999999979,0.006112687537378278,0.32511271850058554,10978618421.052631,254,24
2tier,64,65,32,0.00789999999999998,0.0058981289382615066,0.3394078160537013,11377992021.276592,256,47
3tier_nb,16,63,1,0.005399999999999995,0.00536870912,0.005828380584715909,12500000000.0,30,1
3tier_nb,16,63,2,0.005399999999999995,0.00536870912,0.005828380584715909,12500000000.0,59,2
3tier_nb,16,63,4,0.005399999999999995,0.00536870912,0.005828380584715909,12500000000.0,113,2
3tier_nb,16,63,8,0.005399999999999995,0.00536870912,0.005828380584715909,12500000000.0,223,4
3tier_nb,16,63,16,0.005399999999999995,0.00536870912,0.005828380584715909,12500000000.0,384,4
3tier_nb,16,63,32,0.005399999999999995,0.00536870912,0.005828380584715909,12500000000.0,644,6
3tier_os2,16,63,1,0.010749999999999963,0.01073741824,0.0011717677116360736,6250000000.0,30,1
3tier_os2,16,63,2,0.010749999999999963,0.007158278826666666,0.501757651567454,9375000000.0,59,2
3tier_os2,16,63,4,0.005399999999999995,0.00536870912,0.005828380584715909,12500000000.0,113,2
3tier_os2,16,63,8,0.005399999999999995,0.00536870912,0.005828380584715909,12500000000.0,223,4
3tier_os2,16,63,16,0.005399999999999995,0.00536870912,0.005828380584715909,12500000000.0,384,4
3tier_os2,16,63,32,0.005399999999999995,0.00536870912,0.005828380584715909,12500000000.0,644,6
3tier_os4,16,63,1,0.021500000000000102,0.02147483648,0.0011717677116442893,3125000000.0,30,1
3tier_os4,16,63,2,0.021500000000000102,0.014316557653333332,0.5017576515674664,4687500000.0,59,2
3tier_os4,16,63,4,0.010749999999999963,0.008589934592,0.25146470963954504,7812500000.0,113,2
3tier_os4,16,63,8,0.010749999999999963,0.0057266230613333335,0.8771970644593172,11718750000.0,223,4
3tier_os4,16,63,16,0.005399999999999995,0.00536870912,0.005828380584715909,12500000000.0,384,4
3tier_os4,16,63,32,0.005399999999999995,0.00536870912,0.005828380584715909,12500000000.0,644,6
2tier,16,63,1,0.010749999999999963,0.01073741824,0.0011717677116360736,6250000000.0,29,2
2tier,16,63,2,0.010749999999999963,0.007158278826666666,0.501757651567454,9375000000.0,51,4
2tier,16,63,4,0.008099999999999979,0.006442450944,0.25728547573089267,10416666666.666666,80,6
2tier,16,63,8,0.005399999999999995,0.00536870912,0.005828380584715909,12500000000.0,118,8
2tier,16,63,16,0.005399999999999995,0.00536870912,0.005828380584715909,12500000000.0,153,13
2tier,16,63,32,0.005399999999999995,0.00536870912,0.005828380584715909,12500000000.0,172,23
3tier_nb,64,63,1,0.010749999999999963,0.01073741824,0.0011717677116360736,6250000000.0,117,2
3tier_nb,64,63,2,0.008099999999999979,0.00805306368,0.005828380584714132,8333333333.333333,227,2
3tier_nb,64,63,4,0.006749999999999987,0.006316128376470588,0.0686926543712596,10625000000.0,415,4
3tier_nb,64,63,8,0.005399999999999995,0.00536870912,0.005828380584715909,12500000000.0,722,5
3tier_nb,64,63,16,0.005399999999999995,0.00536870912,0.005828380584715909,12500000000.0,1139,7
3tier_nb,64,63,32,0.005399999999999995,0.00536870912,0.005828380584715909,12500000000.0,1561,9
3tier_os2,64,63,1,0.021500000000000102,0.02147483648,0.0011717677116442893,3125000000.0,117,2
3tier_os2,64,63,2,0.010749999999999963,0.01073741824,0.0011717677116360736,6250000000.0,227,2
3tier_os2,64,63,4,0.010749999999999963,0.006573929534693879,0.6352472205956718,10208333333.333332,415,4
3tier_os2,64,63,8,0.006749999999999987,0.005651272757894737,0.19442120194434875,11875000000.0,722,5
3tier_os2,64,63,16,0.005399999999999995,0.00536870912,0.005828380584715909,12500000000.0,1139,7
3tier_os2,64,63,32,0.005399999999999995,0.00536870912,0.005828380584715909,12500000000.0,1561,9
3tier_os4,64,63,1,0.04295000000000072,0.04294967296,7.614493386709498e-06,1562500000.0,117,2
3tier_os4,64,63,2,0.021500000000000102,0.02147483648,0.0011717677116442893,3125000000.0,227,2
3tier_os4,64,63,4,0.021500000000000102,0.011713547170909092,0.8354815741380142,5729166666.666666,415,4
3tier_os4,64,63,8,0.013449999999999946,0.007491222027906978,0.7954347034295326,8958333333.333332,722,5
3tier_os4,64,63,16,0.009399999999999971,0.0059770916644135185,0.5726712133203187,11227678571.428572,1139,7
3tier_os4,64,63,32,0.006049999999999991,0.005463562638021202,0.10733607369992293,12282986111.11111,1561,9
2tier,64,63,1,0.01614999999999995,0.01610612736,0.002723972002661945,4166666666.6666665,99,3
2tier,64,63,2,0.010749999999999963,0.01073741824,0.0011717677116360736,6250000000.0,153,4
2tier,64,63,4,0.008099999999999979,0.006853671217021277,0.18184834718703913,9791666666.666666,214,6
2tier,64,63,8,0.006749999999999987,0.0059652323555555555,0.13155692815780418,11250000000.0,245,10
2tier,64,63,16,0.005749999999999993,0.0055105240778867935,0.04345792137524507,12178308823.52941,255,17
2tier,64,63,32,0.005399999999999995,0.00536870912,0.005828380584715909,12500000000.0,256,29
3tier_nb,16,69,1,0.005399999999999995,0.00536870912,0.005828380584715909,12500000000.0,28,1
3tier_nb,16,69,2,0.005399999999999995,0.00536870912,0.005828380584715909,12500000000.0,56,1
3tier_nb,16,69,4,0.005399999999999995,0.00536870912,0.005828380584715909,12500000000.0,107,2
3tier_nb,16,69,8,0.005399999999999995,0.00536870912,0.005828380584715909,12500000000.0,205,3
3tier_nb,16,69,16,0.005399999999999995,0.00536870912,0.005828380584715909,12500000000.0,373,3
3tier_nb,16,69,32,0.005399999999999995,0.00536870912,0.005828380584715909,12500000000.0,632,6
3tier_os2,16,69,1,0.010749999999999963,0.01073741824,0.0011717677116360736,6250000000.0,28,1
3tier_os2,16,69,2,0.005399999999999995,0.00536870912,0.005828380584715909,12500000000.0,56,1
3tier_os2,16,69,4,0.005399999999999995,0.00536870912,0.005828380584715909,12500000000.0,107,2
3tier_os2,16,69,8,0.005399999999999995,0.00536870912,0.005828380584715909,12500000000.0,205,3
3tier_os2,16,69,16,0.005399999999999995,0.00536870912,0.005828380584715909,12500000000.0,373,3
3tier_os2,16,69,32,0.005399999999999995,0.00536870912,0.005828380584715909,12500000000.0,632,6
3tier_os4,16,69,1,0.021500000000000102,0.02147483648,0.0011717677116442893,3125000000.0,28,1
3tier_os4,16,69,2,0.010749999999999963,0.01073741824,0.0011717677116360736,6250000000.0,56,1
3tier_os4,16,69,4,0.010749999999999963,0.007158278826666666,0.501757651567454,9375000000.0,107,2
3tier_os4,16,69,8,0.008099999999999979,0.005856773585454546,0.3830140233039818,11458333333.333332,205,3
3tier_os4,16,69,16,0.005399999999999995,0.00536870912,0.005828380584715909,12500000000.0,373,3
3tier_os4,16,69,32,0.005399999999999995,0.00536870912,0.005828380584715909,12500000000.0,632,6
2tier,16,69,1,0.010749999999999963,0.01073741824,0.0011717677116360736,6250000000.0,27,2
2tier,16,69,2,0.005399999999999995,0.00536870912,0.005828380584715909,12500000000.0,49,2
2tier,16,69,4,0.005399999999999995,0.00536870912,0.005828380584715909,12500000000.0,76,4
2tier,16,69,8,0.005399999999999995,0.00536870912,0.005828380584715909,12500000000.0,115,6
2tier,16,69,16,0.005399999999999995,0.00536870912,0.005828380584715909,12500000000.0,137,9
2tier,16,69,32,0.005399999999999995,0.00536870912,0.005828380584715909,12500000000.0,160,16
3tier_nb,64,69,1,0.010749999999999963,0.01073741824,0.0011717677116360736,6250000000.0,117,2
3tier_nb,64,69,2,0.008099999999999979,0.00805306368,0.005828380584714132,8333333333.333333,216,3
3tier_nb,64,69,4,0.006749999999999987,0.006316128376470588,0.0686926543712596,10625000000.0,411,3
3tier_nb,64,69,8,0.006049999999999991,0.0056021312556521746,0.079946135481197,11979166666.666666,712,4
3tier_nb,64,69,16,0.005399999999999995,0.00536870912,0.005828380584715909,12500000000.0,1144,7
3tier_nb,64,69,32,0.005399999999999995,0.00536870912,0.005828380584715909,12500000000.0,1579,8
3tier_os2,64,69,1,0.021500000000000102,0.02147483648,0.0011717677116442893,3125000000.0,117,2
3tier_os2,64,69,2,0.01614999999999995,0.01610612736,0.002723972002661945,4166666666.6666665,216,3
3tier_os2,64,69,4,0.008099999999999979,0.006442450944,0.25728547573089267,10416666666.666666,411,3
3tier_os2,64,69,8,0.006049999999999991,0.0056021312556521746,0.079946135481197,11979166666.666666,712,4
3tier_os2,64,69,16,0.005399999999999995,0.00536870912,0.005828380584715909,12500000000.0,1144,7
3tier_os2,64,69,32,0.005399999999999995,0.00536870912,0.005828380584715909,12500000000.0,1579,8
3tier_os4,64,69,1,0.04295000000000072,0.04294967296,7.614493386709498e-06,1562500000.0,117,2
3tier_os4,64,69,2,0.03225000000000041,0.03221225472,0.0011717677116520608,2083333333.3333333,216,3
3tier_os4,64,69,4,0.01614999999999995,0.011713547170909092,0.3787454615036603,5729166666.666666,411,3
3tier_os4,64,69,8,0.010749999999999963,0.007809031447272728,0.3766111806034993,8593750000.0,712,4
3tier_os4,64,69,16,0.009399999999999971,0.005837819625631068,0.6101902084691133,11495535714.285715,1144,7
3tier_os4,64,69,32,0.005399999999999995,0.00536870912,0.005828380584715909,12500000000.0,1579,8
2tier,64,69,1,0.010749999999999963,0.01073741824,0.0011717677116360736,6250000000.0,103,2
2tier,64,69,2,0.013449999999999946,0.0134217728,0.002103090286250886,5000000000.0,166,5
2tier,64,69,4,0.009399999999999971,0.007911781861052632,0.1881015130451711,8482142857.142858,225,7
2tier,64,69,8,0.006749999999999987,0.0059652323555555555,0.13155692815780418,11250000000.0,251,10
2tier,64,69,16,0.006049999999999991,0.005602131255652174,0.079946135481197,11979166666.666668,256,18
2tier,64,69,32,0.005399999999999995,0.00536870912,0.005828380584715909,12500000000.0,256,31
3tier_nb,16,64,1,0.005399999999999995,0.00536870912,0.005828380584715909,12500000000.0,28,1
3tier_nb,16,64,2,0.005399999999999995,0.00536870912,0.005828380584715909,12500000000.0,56,1
3tier_nb,16,64,4,0.005399999999999995,0.00536870912,0.005828380584715909,12500000000.0,109,2
3tier_nb,16,64,8,0.005399999999999995,0.00536870912,0.005828380584715909,12500000000.0,211,2
3tier_nb,16,64,16,0.005399999999999995,0.00536870912,0.005828380584715909,12500000000.0,398,3
3tier_nb,16,64,32,0.005399999999999995,0.00536870912,0.005828380584715909,12500000000.0,686,5
3tier_os2,16,64,1,0.010749999999999963,0.01073741824,0.0011717677116360736,6250000000.0,28,1
3tier_os2,16,64,2,0.005399999999999995,0.00536870912,0.005828380584715909,12500000000.0,56,1
3tier_os2,16,64,4,0.005399999999999995,0.00536870912,0.005828380584715909,12500000000.0,109,2
3tier_os2,16,64,8,0.005399999999999995,0.00536870912,0.005828380584715909,12500000000.0,211,2
3tier_os2,16,64,16,0.005399999999999995,0.00536870912,0.005828380584715909,12500000000.0,398,3
3tier_os2,16,64,32,0.005399999999999995,0.00536870912,0.005828380584715909,12500000000.0,686,5
3tier_os4,16,64,1,0.021500000000000102,0.02147483648,0.0011717677116442893,3125000000.0,28,1
3tier_os4,16,64,2,0.010749999999999963,0.01073741824,0.0011717677116360736,6250000000.0,56,1
3tier_os4,16,64,4,0.010749999999999963,0.007158278826666666,0.501757651567454,9375000000.0,109,2
3tier_os4,16,64,8,0.005399999999999995,0.00536870912,0.005828380584715909,12500000000.0,211,2
3tier_os4,16,64,16,0.005399999999999995,0.00536870912,0.005828380584715909,12500000000.0,398,3
3tier_os4,16,64,32,0.005399999999999995,0.00536870912,0.005828380584715909,12500000000.0,686,5
2tier,16,64,1,0.005399999999999995,0.00536870912,0.005828380584715909,12500000000.0,30,1
2tier,16,64,2,0.008099999999999979,0.00805306368,0.005828380584714132,8333333333.333333,52,3
2tier,16,64,4,0.005399999999999995,0.00536870912,0.005828380584715909,12500000000.0,89,4
2tier,16,64,8,0.005399999999999995,0.00536870912,0.005828380584715909,12500000000.0,148,6
2tier,16,64,16,0.005399999999999995,0.00536870912,0.005828380584715909,12500000000.0,186,9
2tier,16,64,32,0.005399999999999995,0.00536870912,0.005828380584715909,12500000000.0,208,15
3tier_nb,64,64,1,0.010749999999999963,0.01073741824,0.0011717677116360736,6250000000.0,119,2
3tier_nb,64,64,2,0.008099999999999979,0.00805306368,0.005828380584714132,8333333333.333333,234,3
3tier_nb,64,64,4,0.005399999999999995,0.00536870912,0.005828380584715909,12500000000.0,431,4
3tier_nb,64,64,8,0.005399999999999995,0.00536870912,0.005828380584715909,12500000000.0,776,4
3tier_nb,64,64,16,0.005399999999999995,0.00536870912,0.005828380584715909,12500000000.0,1235,6
3tier_nb,64,64,32,0.005399999999999995,0.00536870912,0.005828380584715909,12500000000.0,1664,9
3tier_os2,64,64,1,0.021500000000000102,0.02147483648,0.0011717677116442893,3125000000.0,119,2
3tier_os2,64,64,2,0.01614999999999995,0.01073741824,0.5040859580039931,6250000000.0,234,3
3tier_os2,64,64,4,0.010749999999999963,0.007158278826666666,0.501757651567454,9375000000.0,431,4
3tier_os2,64,64,8,0.005399999999999995,0.00536870912,0.005828380584715909,12500000000.0,776,4
3tier_os2,64,64,16,0.005399999999999995,0.00536870912,0.005828380584715909,12500000000.0,1235,6
3tier_os2,64,64,32,0.005399999999999995,0.00536870912,0.005828380584715909,12500000000.0,1664,9
3tier_os4,64,64,1,0.04295000000000072,0.04294967296,7.614493386709498e-06,1562500000.0,119,2
3tier_os4,64,64,2,0.03225000000000041,0.02147483648,0.5017576515674782,3125000000.0,234,3
3tier_os4,64,64,4,0.021500000000000102,0.01171354717090909,0.8354815741380144,5729166666.666667,431,4
3tier_os4,64,64,8,0.010749999999999963,0.006781527309473685,0.5851886322100899,9895833333.333332,776,4
3tier_os4,64,64,16,0.008099999999999979,0.005830272347511312,0.3893004506826363,11510416666.666666,1235,6
3tier_os4,64,64,32,0.006049999999999991,0.005425221847578949,0.11516177033384456,12369791666.666664,1664,9
2tier,64,64,1,0.01614999999999995,0.01610612736,0.002723972002661945,4166666666.6666665,104,3
2tier,64,64,2,0.010749999999999963,0.01073741824,0.0011717677116360736,6250000000.0,156,4
2tier,64,64,4,0.009399999999999971,0.007911781861052632,0.1881015130451711,8482142857.142858,217,7
2tier,64,64,8,0.008749999999999975,0.006646973196190476,0.3163886391199515,10096153846.153847,251,13
2tier,64,64,16,0.007399999999999983,0.005980334209620253,0.23738903890956253,11221590909.09091,256,22
2tier,64,64,32,0.006049999999999991,0.00554189328516129,0.09168468043207967,12109375000.0,256,36
3tier_nb,16,68,1,0.005399999999999995,0.00536870912,0.005828380584715909,12500000000.0,28,1
3tier_nb,16,68,2,0.005399999999999995,0.00536870912,0.005828380584715909,12500000000.0,55,2
3tier_nb,16,68,4,0.005399999999999995,0.00536870912,0.005828380584715909,12500000000.0,105,2
3tier_nb,16,68,8,0.005399999999999995,0.00536870912,0.005828380584715909,12500000000.0,195,3
3tier_nb,16,68,16,0.005399999999999995,0.00536870912,0.005828380584715909,12500000000.0,356,3
3tier_nb,16,68,32,0.005399999999999995,0.00536870912,0.005828380584715909,12500000000.0,610,4
3tier_os2,16,68,1,0.010749999999999963,0.01073741824,0.0011717677116360736,6250000000.0,28,1
3tier_os2,16,68,2,0.010749999999999963,0.007158278826666666,0.501757651567454,9375000000.0,55,2
3tier_os2,16,68,4,0.005399999999999995,0.00536870912,0.005828380584715909,12500000000.0,105,2
3tier_os2,16,68,8,0.005399999999999995,0.00536870912,0.005828380584715909,12500000000.0,195,3
3tier_os2,16,68,16,0.005399999999999995,0.00536870912,0.005828380584715909,12500000000.0,356,3
3tier_os2,16,68,32,0.005399999999999995,0.00536870912,0.005828380584715909,12500000000.0,610,4
3tier_os4,16,68,1,0.021500000000000102,0.02147483648,0.0011717677116442893,3125000000.0,28,1
3tier_os4,16,68,2,0.021500000000000102,0.014316557653333332,0.5017576515674664,4687500000.0,55,2
3tier_os4,16,68,4,0.010749999999999963,0.007158278826666666,0.501757651567454,9375000000.0,105,2
3tier_os4,16,68,8,0.008099999999999979,0.005856773585454546,0.3830140233039818,11458333333.333332,195,3
3tier_os4,16,68,16,0.005399999999999995,0.00536870912,0.005828380584715909,12500000000.0,356,3
3tier_os4,16,68,32,0.005399999999999995,0.00536870912,0.005828380584715909,12500000000.0,610,4
2tier,16,68,1,0.010749999999999963,0.01073741824,0.0011717677116360736,6250000000.0,26,2
2tier,16,68,2,0.008099999999999979,0.00805306368,0.005828380584714132,8333333333.333333,45,3
2tier,16,68,4,0.005399999999999995,0.00536870912,0.005828380584715909,12500000000.0,73,3
2tier,16,68,8,0.005399999999999995,0.00536870912,0.005828380584715909,12500000000.0,111,6
2tier,16,68,16,0.005399999999999995,0.00536870912,0.005828380584715909,12500000000.0,143,11
2tier,16,68,32,0.005399999999999995,0.00536870912,0.005828380584715909,12500000000.0,157,18
3tier_nb,64,68,1,0.010749999999999963,0.01073741824,0.0011717677116360736,6250000000.0,119,2
3tier_nb,64,68,2,0.008099999999999979,0.00805306368,0.005828380584714132,8333333333.333333,225,3
3tier_nb,64,68,4,0.005399999999999995,0.00536870912,0.005828380584715909,12500000000.0,416,3
3tier_nb,64,68,8,0.005399999999999995,0.00536870912,0.005828380584715909,12500000000.0,741,4
3tier_nb,64,68,16,0.005399999999999995,0.00536870912,0.005828380584715909,12500000000.0,1167,7
3tier_nb,64,68,32,0.005399999999999995,0.00536870912,0.005828380584715909,12500000000.0,1550,10
3tier_os2,64,68,1,0.021500000000000102,0.02147483648,0.0011717677116442893,3125000000.0,119,2
3tier_os2,64,68,2,0.01614999999999995,0.01610612736,0.002723972002661945,4166666666.6666665,225,3
3tier_os2,64,68,4,0.008099999999999979,0.007158278826666666,0.1315569281578035,9375000000.0,416,3
3tier_os2,64,68,8,0.005399999999999995,0.00536870912,0.005828380584715909,12500000000.0,741,4
3tier_os2,64,68,16,0.005399999999999995,0.00536870912,0.005828380584715909,12500000000.0,1167,7
3tier_os2,64,68,32,0.005399999999999995,0.00536870912,0.005828380584715909,12500000000.0,1550,10
3tier_os4,64,68,1,0.04295000000000072,0.04294967296,7.614493386709498e-06,1562500000.0,119,2
3tier_os4,64,68,2,0.03225000000000041,0.03221225472,0.0011717677116520608,2083333333.3333333,225,3
3tier_os4,64,68,4,0.01614999999999995,0.01073741824,0.5040859580039931,6250000000.0,416,3
3tier_os4,64,68,8,0.010749999999999963,0.007158278826666666,0.501757651567454,9375000000.0,741,4
3tier_os4,64,68,16,0.009399999999999971,0.006073691125656565,0.5476585498877888,11049107142.857143,1167,7
3tier_os4,64,68,32,0.006749999999999987,0.005436667463291139,0.24156940728425735,12343750000.0,1550,10
2tier,64,68,1,0.01614999999999995,0.01610612736,0.002723972002661945,4166666666.6666665,105,3
2tier,64,68,2,0.010749999999999963,0.01073741824,0.0011717677116360736,6250000000.0,165,4
2tier,64,68,4,0.009399999999999971,0.007158278826666666,0.3131648302078207,9375000000.0,222,7
2tier,64,68,8,0.007399999999999983,0.006225501644275257,0.1886592314700859,10779671717.171717,252,11
2tier,64,68,16,0.007049999999999985,0.00589505315137255,0.19591797036783776,11383928571.42857,255,21
2tier,64,68,32,0.006549999999999988,0.005687732582139219,0.151601258569801,11798878205.128206,256,39
3tier_nb,16,67,1,0.005399999999999995,0.00536870912,0.005828380584715909,12500000000.0,28,1
3tier_nb,16,67,2,0.005399999999999995,0.00536870912,0.005828380584715909,12500000000.0,54,2
3tier_nb,16,67,4,0.005399999999999995,0.00536870912,0.005828380584715909,12500000000.0,105,3
3tier_nb,16,67,8,0.005399999999999995,0.00536870912,0.005828380584715909,12500000000.0,197,3
3tier_nb,16,67,16,0.005399999999999995,0.00536870912,0.005828380584715909,12500000000.0,356,4
3tier_nb,16,67,32,0.005399999999999995,0.00536870912,0.005828380584715909,12500000000.0,586,5
3tier_os2,16,67,1,0.010749999999999963,0.01073741824,0.0011717677116360736,6250000000.0,28,1
3tier_os2,16,67,2,0.010749999999999963,0.007158278826666666,0.501757651567454,9375000000.0,54,2
3tier_os2,16,67,4,0.008099999999999979,0.006442450944,0.25728547573089267,10416666666.666666,105,3
3tier_os2,16,67,8,0.005399999999999995,0.00536870912,0.005828380584715909,12500000000.0,197,3
3tier_os2,16,67,16,0.005399999999999995,0.00536870912,0.005828380584715909,12500000000.0,356,4
3tier_os2,16,67,32,0.005399999999999995,0.00536870912,0.005828380584715909,12500000000.0,586,5
3tier_os4,16,67,1,0.021500000000000102,0.02147483648,0.0011717677116442893,3125000000.0,28,1
3tier_os4,16,67,2,0.021500000000000102,0.014316557653333332,0.5017576515674664,4687500000.0,54,2
3tier_os4,16,67,4,0.01614999999999995,0.009911462990769232,0.6294264545043258,6770833333.333333,105,3
3tier_os4,16,67,8,0.008099999999999979,0.006135667565714285,0.32014974951743747,10937500000.0,197,3
3tier_os4,16,67,16,0.005399999999999995,0.00536870912,0.005828380584715909,12500000000.0,356,4
3tier_os4,16,67,32,0.005399999999999995,0.00536870912,0.005828380584715909,12500000000.0,586,5
2tier,16,67,1,0.005399999999999995,0.00536870912,0.005828380584715909,12500000000.0,30,1
2tier,16,67,2,0.005399999999999995,0.00536870912,0.005828380584715909,12500000000.0,53,2
2tier,16,67,4,0.005399999999999995,0.00536870912,0.005828380584715909,12500000000.0,89,3
2tier,16,67,8,0.005399999999999995,0.00536870912,0.005828380584715909,12500000000.0,120,5
2tier,16,67,16,0.005399999999999995,0.00536870912,0.005828380584715909,12500000000.0,153,10
2tier,16,67,32,0.005399999999999995,0.00536870912,0.005828380584715909,12500000000.0,159,17
3tier_nb,64,67,1,0.010749999999999963,0.01073741824,0.0011717677116360736,6250000000.0,111,2
3tier_nb,64,67,2,0.008099999999999979,0.00805306368,0.005828380584714132,8333333333.333333,218,2
3tier_nb,64,67,4,0.005399999999999995,0.00536870912,0.005828380584715909,12500000000.0,408,3
3tier_nb,64,67,8,0.005399999999999995,0.00536870912,0.005828380584715909,12500000000.0,718,5
3tier_nb,64,67,16,0.005399999999999995,0.00536870912,0.005828380584715909,12500000000.0,1163,6
3tier_nb,64,67,32,0.005399999999999995,0.00536870912,0.005828380584715909,12500000000.0,1600,9
3tier_os2,64,67,1,0.021500000000000102,0.02147483648,0.0011717677116442893,3125000000.0,111,2
3tier_os2,64,67,2,0.010749999999999963,0.01073741824,0.0011717677116360736,6250000000.0,218,2
3tier_os2,64,67,4,0.008099999999999979,0.006442450944,0.25728547573089267,10416666666.666666,408,3
3tier_os2,64,67,8,0.006749999999999987,0.005506368328205128,0.22585333883762115,12187500000.0,718,5
3tier_os2,64,67,16,0.005399999999999995,0.00536870912,0.005828380584715909,12500000000.0,1163,6
3tier_os2,64,67,32,0.005399999999999995,0.00536870912,0.005828380584715909,12500000000.0,1600,9
3tier_os4,64,67,1,0.04295000000000072,0.04294967296,7.614493386709498e-06,1562500000.0,111,2
3tier_os4,64,67,2,0.021500000000000102,0.02147483648,0.0011717677116442893,3125000000.0,218,2
3tier_os4,64,67,4,0.01614999999999995,0.011713547170909092,0.3787454615036603,5729166666.666666,408,3
3tier_os4,64,67,8,0.013449999999999946,0.0067108864,1.0042061805725018,10000000000.0,718,5
3tier_os4,64,67,16,0.008099999999999979,0.005676168232599119,0.4270190149545632,11822916666.666666,1163,6
3tier_os4,64,67,32,0.006049999999999991,0.005444324741408451,0.11124892201688397,12326388888.88889,1600,9
2tier,64,67,1,0.01614999999999995,0.01610612736,0.002723972002661945,4166666666.6666665,94,3
2tier,64,67,2,0.010749999999999963,0.01073741824,0.0011717677116360736,6250000000.0,145,4
2tier,64,67,4,0.009399999999999971,0.008672530116923077,0.08388208207629644,7738095238.095238,208,7
2tier,64,67,8,0.007399999999999983,0.006422987345981873,0.1521118758904787,10448232323.232323,237,11
2tier,64,67,16,0.005749999999999993,0.005594976554176246,0.027707613128071573,11994485294.117645,252,17
2tier,64,67,32,0.00624999999999999,0.005556426222097903,0.12482371765213851,12077702702.7027,256,37
3tier_nb,16,66,1,0.010749999999999963,0.01073741824,0.0011717677116360736,6250000000.0,32,1
3tier_nb,16,66,2,0.005399999999999995,0.00536870912,0.005828380584715909,12500000000.0,64,1
3tier_nb,16,66,4,0.005399999999999995,0.00536870912,0.005828380584715909,12500000000.0,122,2
3tier_nb,16,66,8,0.005399999999999995,0.00536870912,0.005828380584715909,12500000000.0,236,2
3tier_nb,16,66,16,0.005399999999999995,0.00536870912,0.005828380584715909,12500000000.0,423,4
3tier_nb,16,66,32,0.005399999999999995,0.00536870912,0.005828380584715909,12500000000.0,705,5
3tier_os2,16,66,1,0.010749999999999963,0.01073741824,0.0011717677116360736,6250000000.0,32,1
3tier_os2,16,66,2,0.005399999999999995,0.00536870912,0.005828380584715909,12500000000.0,64,1
3tier_os2,16,66,4,0.005399999999999995,0.00536870912,0.005828380584715909,12500000000.0,122,2
3tier_os2,16,66,8,0.005399999999999995,0.00536870912,0.005828380584715909,12500000000.0,236,2
3tier_os2,16,66,16,0.005399999999999995,0.00536870912,0.005828380584715909,12500000000.0,423,4
3tier_os2,16,66,32,0.005399999999999995,0.00536870912,0.005828380584715909,12500000000.0,705,5
3tier_os4,16,66,1,0.021500000000000102,0.02147483648,0.0011717677116442893,3125000000.0,32,1
3tier_os4,16,66,2,0.010749999999999963,0.01073741824,0.0011717677116360736,6250000000.0,64,1
3tier_os4,16,66,4,0.010749999999999963,0.008589934592,0.25146470963954504,7812500000.0,122,2
3tier_os4,16,66,8,0.005399999999999995,0.00536870912,0.005828380584715909,12500000000.0,236,2
3tier_os4,16,66,16,0.005399999999999995,0.00536870912,0.005828380584715909,12500000000.0,423,4
3tier_os4,16,66,32,0.005399999999999995,0.00536870912,0.005828380584715909,12500000000.0,705,5
2tier,16,66,1,0.010749999999999963,0.01073741824,0.0011717677116360736,6250000000.0,31,2
2tier,16,66,2,0.005399999999999995,0.00536870912,0.005828380584715909,12500000000.0,59,2
2tier,16,66,4,0.005399999999999995,0.00536870912,0.005828380584715909,12500000000.0,101,4
2tier,16,66,8,0.005399999999999995,0.00536870912,0.005828380584715909,12500000000.0,139,6
2tier,16,66,16,0.005399999999999995,0.00536870912,0.005828380584715909,12500000000.0,170,10
2tier,16,66,32,0.005399999999999995,0.00536870912,0.005828380584715909,12500000000.0,188,15
3tier_nb,64,66,1,0.010749999999999963,0.01073741824,0.0011717677116360736,6250000000.0,119,2
3tier_nb,64,66,2,0.008099999999999979,0.00805306368,0.005828380584714132,8333333333.333333,228,2
3tier_nb,64,66,4,0.006749999999999987,0.0059652323555555555,0.13155692815780418,11250000000.0,432,3
3tier_nb,64,66,8,0.005399999999999995,0.00536870912,0.005828380584715909,12500000000.0,738,4
3tier_nb,64,66,16,0.005399999999999995,0.00536870912,0.005828380584715909,12500000000.0,1196,6
3tier_nb,64,66,32,0.005399999999999995,0.00536870912,0.005828380584715909,12500000000.0,1663,9
3tier_os2,64,66,1,0.021500000000000102,0.02147483648,0.0011717677116442893,3125000000.0,119,2
3tier_os2,64,66,2,0.010749999999999963,0.01073741824,0.0011717677116360736,6250000000.0,228,2
3tier_os2,64,66,4,0.008099999999999979,0.006442450944,0.25728547573089267,10416666666.666666,432,3
3tier_os2,64,66,8,0.005399999999999995,0.00536870912,0.005828380584715909,12500000000.0,738,4
3tier_os2,64,66,16,0.005399999999999995,0.00536870912,0.005828380584715909,12500000000.0,1196,6
3tier_os2,64,66,32,0.005399999999999995,0.00536870912,0.005828380584715909,12500000000.0,1663,9
3tier_os4,64,66,1,0.04295000000000072,0.04294967296,7.614493386709498e-06,1562500000.0,119,2
3tier_os4,64,66,2,0.021500000000000102,0.02147483648,0.0011717677116442893,3125000000.0,228,2
3tier_os4,64,66,4,0.01614999999999995,0.008589934592,0.8801074475049913,7812500000.0,432,3
3tier_os4,64,66,8,0.010749999999999963,0.006781527309473685,0.5851886322100899,9895833333.333332,738,4
3tier_os4,64,66,16,0.008099999999999979,0.005856773585454546,0.3830140233039818,11458333333.333332,1196,6
3tier_os4,64,66,32,0.006049999999999991,0.005425221847578949,0.11516177033384456,12369791666.666664,1663,9
2tier,64,66,1,0.01614999999999995,0.01610612736,0.002723972002661945,4166666666.6666665,99,3
2tier,64,66,2,0.013449999999999946,0.0134217728,0.002103090286250886,5000000000.0,155,5
2tier,64,66,4,0.010749999999999963,0.0090194313216,0.19187115203766192,7440476190.476191,211,8
2tier,64,66,8,0.009399999999999971,0.007643585865762713,0.2297892854327208,8779761904.761904,244,14
2tier,64,66,16,0.007399999999999983,0.006038788604150376,0.2254113341397752,11112967914.438501,255,22
2tier,64,66,32,0.006899999999999986,0.0057219710523476845,0.20587817325097513,11728277439.024391,256,41
3tier_nb,16,70,1,0.005399999999999995,0.00536870912,0.005828380584715909,12500000000.0,28,1
3tier_nb,16,70,2,0.005399999999999995,0.00536870912,0.005828380584715909,12500000000.0,56,1
3tier_nb,16,70,4,0.005399999999999995,0.00536870912,0.005828380584715909,12500000000.0,111,2
3tier_nb,16,70,8,0.005399999999999995,0.00536870912,0.005828380584715909,12500000000.0,214,2
3tier_nb,16,70,16,0.005399999999999995,0.00536870912,0.005828380584715909,12500000000.0,392,3
3tier_nb,16,70,32,0.005399999999999995,0.00536870912,0.005828380584715909,12500000000.0,642,4
3tier_os2,16,70,1,0.010749999999999963,0.01073741824,0.0011717677116360736,6250000000.0,28,1
3tier_os2,16,70,2,0.005399999999999995,0.00536870912,0.005828380584715909,12500000000.0,56,1
3tier_os2,16,70,4,0.005399999999999995,0.00536870912,0.005828380584715909,12500000000.0,111,2
3tier_os2,16,70,8,0.005399999999999995,0.00536870912,0.005828380584715909,12500000000.0,214,2
3tier_os2,16,70,16,0.005399999999999995,0.00536870912,0.005828380584715909,12500000000.0,392,3
3tier_os2,16,70,32,0.005399999999999995,0.00536870912,0.005828380584715909,12500000000.0,642,4
3tier_os4,16,70,1,0.021500000000000102,0.02147483648,0.0011717677116442893,3125000000.0,28,1
3tier_os4,16,70,2,0.010749999999999963,0.01073741824,0.0011717677116360736,6250000000.0,56,1
3tier_os4,16,70,4,0.010749999999999963,0.006135667565714285,0.752050593495363,10937500000.0,111,2
3tier_os4,16,70,8,0.005399999999999995,0.00536870912,0.005828380584715909,12500000000.0,214,2
3tier_os4,16,70,16,0.005399999999999995,0.00536870912,0.005828380584715909,12500000000.0,392,3
3tier_os4,16,70,32,0.005399999999999995,0.00536870912,0.005828380584715909,12500000000.0,642,4
2tier,16,70,1,0.005399999999999995,0.00536870912,0.005828380584715909,12500000000.0,28,1
2tier,16,70,2,0.005399999999999995,0.00536870912,0.005828380584715909,12500000000.0,53,2
2tier,16,70,4,0.005399999999999995,0.00536870912,0.005828380584715909,12500000000.0,84,3
2tier,16,70,8,0.005399999999999995,0.00536870912,0.005828380584715909,12500000000.0,128,6
2tier,16,70,16,0.005399999999999995,0.00536870912,0.005828380584715909,12500000000.0,160,9
2tier,16,70,32,0.005399999999999995,0.00536870912,0.005828380584715909,12500000000.0,174,13
3tier_nb,64,70,1,0.010749999999999963,0.01073741824,0.0011717677116360736,6250000000.0,117,2
3tier_nb,64,70,2,0.008099999999999979,0.00805306368,0.005828380584714132,8333333333.333333,224,2
3tier_nb,64,70,4,0.006749999999999987,0.006316128376470588,0.0686926543712596,10625000000.0,414,3
3tier_nb,64,70,8,0.005399999999999995,0.00536870912,0.005828380584715909,12500000000.0,752,4
3tier_nb,64,70,16,0.005399999999999995,0.00536870912,0.005828380584715909,12500000000.0,1169,7
3tier_nb,64,70,32,0.005399999999999995,0.00536870912,0.005828380584715909,12500000000.0,1586,10
3tier_os2,64,70,1,0.021500000000000102,0.02147483648,0.0011717677116442893,3125000000.0,117,2
3tier_os2,64,70,2,0.010749999999999963,0.01073741824,0.0011717677116360736,6250000000.0,224,2
3tier_os2,64,70,4,0.008099999999999979,0.007158278826666666,0.1315569281578035,9375000000.0,414,3
3tier_os2,64,70,8,0.005399999999999995,0.00536870912,0.005828380584715909,12500000000.0,752,4
3tier_os2,64,70,16,0.005399999999999995,0.00536870912,0.005828380584715909,12500000000.0,1169,7
3tier_os2,64,70,32,0.005399999999999995,0.00536870912,0.005828380584715909,12500000000.0,1586,10
3tier_os4,64,70,1,0.04295000000000072,0.04294967296,7.614493386709498e-06,1562500000.0,117,2
3tier_os4,64,70,2,0.021500000000000102,0.02147483648,0.0011717677116442893,3125000000.0,224,2
3tier_os4,64,70,4,0.01614999999999995,0.014316557653333332,0.1280644685029948,4687500000.0,414,3
3tier_os4,64,70,8,0.010749999999999963,0.00805306368,0.33489569028218136,8333333333.333333,752,4
3tier_os4,64,70,16,0.009399999999999971,0.005965232355555555,0.575797796249385,11250000000.000002,1169,7
3tier_os4,64,70,32,0.006749999999999987,0.005471295918471337,0.23371137306093925,12265625000.0,1586,10
2tier,64,70,1,0.01614999999999995,0.01610612736,0.002723972002661945,4166666666.6666665,91,3
2tier,64,70,2,0.010749999999999963,0.01073741824,0.0011717677116360736,6250000000.0,157,4
2tier,64,70,4,0.008099999999999979,0.006442450944,0.25728547573089267,10416666666.666666,211,6
2tier,64,70,8,0.007399999999999983,0.006031230670978723,0.22694693731538895,11126893939.39394,243,11
2tier,64,70,16,0.006049999999999991,0.005561828153093524,0.08777183211511885,12065972222.222223,255,18
2tier,64,70,32,0.005549999999999994,0.005404534633670162,0.026915428652003692,12417140151.515152,256,33
3tier_nb,16,71,1,0.010749999999999963,0.01073741824,0.0011717677116360736,6250000000.0,32,1
3tier_nb,16,71,2,0.005399999999999995,0.00536870912,0.005828380584715909,12500000000.0,64,1
3tier_nb,16,71,4,0.005399999999999995,0.00536870912,0.005828380584715909,12500000000.0,126,2
3tier_nb,16,71,8,0.005399999999999995,0.00536870912,0.005828380584715909,12500000000.0,239,3
3tier_nb,16,71,16,0.005399999999999995,0.00536870912,0.005828380584715909,12500000000.0,422,4
3tier_nb,16,71,32,0.005399999999999995,0.00536870912,0.005828380584715909,12500000000.0,727,6
3tier_os2,16,71,1,0.010749999999999963,0.01073741824,0.0011717677116360736,6250000000.0,32,1
3tier_os2,16,71,2,0.005399999999999995,0.00536870912,0.005828380584715909,12500000000.0,64,1
3tier_os2,16,71,4,0.005399999999999995,0.00536870912,0.005828380584715909,12500000000.0,126,2
3tier_os2,16,71,8,0.005399999999999995,0.00536870912,0.005828380584715909,12500000000.0,239,3
3tier_os2,16,71,16,0.005399999999999995,0.00536870912,0.005828380584715909,12500000000.0,422,4
3tier_os2,16,71,32,0.005399999999999995,0.00536870912,0.005828380584715909,12500000000.0,727,6
3tier_os4,16,71,1,0.021500000000000102,0.02147483648,0.0011717677116442893,3125000000.0,32,1
3tier_os4,16,71,2,0.010749999999999963,0.01073741824,0.0011717677116360736,6250000000.0,64,1
3tier_os4,16,71,4,0.010749999999999963,0.007158278826666666,0.501757651567454,9375000000.0,126,2
3tier_os4,16,71,8,0.008099999999999979,0.0056021312556521746,0.4458782970905264,11979166666.666666,239,3
3tier_os4,16,71,16,0.005399999999999995,0.00536870912,0.005828380584715909,12500000000.0,422,4
3tier_os4,16,71,32,0.005399999999999995,0.00536870912,0.005828380584715909,12500000000.0,727,6
2tier,16,71,1,0.005399999999999995,0.00536870912,0.005828380584715909,12500000000.0,32,1
2tier,16,71,2,0.008099999999999979,0.00805306368,0.005828380584714132,8333333333.333333,61,3
2tier,16,71,4,0.005399999999999995,0.00536870912,0.005828380584715909,12500000000.0,107,4
2tier,16,71,8,0.005399999999999995,0.00536870912,0.005828380584715909,12500000000.0,158,5
2tier,16,71,16,0.005399999999999995,0.00536870912,0.005828380584715909,12500000000.0,199,8
2tier,16,71,32,0.005399999999999995,0.00536870912,0.005828380584715909,12500000000.0,218,14
3tier_nb,64,71,1,0.010749999999999963,0.01073741824,0.0011717677116360736,6250000000.0,116,2
3tier_nb,64,71,2,0.008099999999999979,0.00805306368,0.005828380584714132,8333333333.333333,225,3
3tier_nb,64,71,4,0.008099999999999979,0.007158278826666666,0.1315569281578035,9375000000.0,423,4
3tier_nb,64,71,8,0.005399999999999995,0.00536870912,0.005828380584715909,12500000000.0,746,4
3tier_nb,64,71,16,0.005399999999999995,0.00536870912,0.005828380584715909,12500000000.0,1170,7
3tier_nb,64,71,32,0.005399999999999995,0.00536870912,0.005828380584715909,12500000000.0,1619,9
3tier_os2,64,71,1,0.021500000000000102,0.02147483648,0.0011717677116442893,3125000000.0,116,2
3tier_os2,64,71,2,0.01614999999999995,0.012884901888,0.25340496500332743,5208333333.333333,225,3
3tier_os2,64,71,4,0.010749999999999963,0.007158278826666666,0.501757651567454,9375000000.0,423,4
3tier_os2,64,71,8,0.005399999999999995,0.00536870912,0.005828380584715909,12500000000.0,746,4
3tier_os2,64,71,16,0.005399999999999995,0.00536870912,0.005828380584715909,12500000000.0,1170,7
3tier_os2,64,71,32,0.005399999999999995,0.00536870912,0.005828380584715909,12500000000.0,1619,9
3tier_os4,64,71,1,0.04295000000000072,0.04294967296,7.614493386709498e-06,1562500000.0,116,2
3tier_os4,64,71,2,0.03225000000000041,0.025769803776,0.251464709639565,2604166666.6666665,225,3
3tier_os4,64,71,4,0.021500000000000102,0.009911462990769232,1.169205496708562,6770833333.333333,423,4
3tier_os4,64,71,8,0.010749999999999963,0.007158278826666666,0.501757651567454,9375000000.0,746,4
3tier_os4,64,71,16,0.009399999999999971,0.005826506021705426,0.6133167913981796,11517857142.857143,1170,7
3tier_os4,64,71,32,0.006049999999999991,0.005425221847578949,0.11516177033384456,12369791666.666664,1619,9
2tier,64,71,1,0.01614999999999995,0.01610612736,0.002723972002661945,4166666666.6666665,94,3
2tier,64,71,2,0.010749999999999963,0.01073741824,0.0011717677116360736,6250000000.0,154,4
2tier,64,71,4,0.008099999999999979,0.007158278826666666,0.1315569281578035,9375000000.0,205,6
2tier,64,71,8,0.006749999999999987,0.005684515538823529,0.1874362826347329,11805555555.555555,242,10
2tier,64,71,16,0.006749999999999987,0.0057266230613333335,0.17870513349771278,11718750000.0,254,20
2tier,64,71,32,0.005549999999999994,0.005409691632366412,0.025936481627550023,12405303030.30303,256,33
3tier_nb,16,73,1,0.005399999999999995,0.00536870912,0.005828380584715909,12500000000.0,30,1
3tier_nb,16,73,2,0.005399999999999995,0.00536870912,0.005828380584715909,12500000000.0,58,2
3tier_nb,16,73,4,0.005399999999999995,0.00536870912,0.005828380584715909,12500000000.0,114,2
3tier_nb,16,73,8,0.005399999999999995,0.00536870912,0.005828380584715909,12500000000.0,212,3
3tier_nb,16,73,16,0.005399999999999995,0.00536870912,0.005828380584715909,12500000000.0,398,4
3tier_nb,16,73,32,0.005399999999999995,0.00536870912,0.005828380584715909,12500000000.0,669,5
3tier_os2,16,73,1,0.010749999999999963,0.01073741824,0.0011717677116360736,6250000000.0,30,1
3tier_os2,16,73,2,0.010749999999999963,0.007158278826666666,0.501757651567454,9375000000.0,58,2
3tier_os2,16,73,4,0.005399999999999995,0.00536870912,0.005828380584715909,12500000000.0,114,2
3tier_os2,16,73,8,0.005399999999999995,0.00536870912,0.005828380584715909,12500000000.0,212,3
3tier_os2,16,73,16,0.005399999999999995,0.00536870912,0.005828380584715909,12500000000.0,398,4
3tier_os2,16,73,32,0.005399999999999995,0.00536870912,0.005828380584715909,12500000000.0,669,5
3tier_os4,16,73,1,0.021500000000000102,0.02147483648,0.0011717677116442893,3125000000.0,30,1
3tier_os4,16,73,2,0.021500000000000102,0.014316557653333332,0.5017576515674664,4687500000.0,58,2
3tier_os4,16,73,4,0.010749999999999963,0.007158278826666666,0.501757651567454,9375000000.0,114,2
3tier_os4,16,73,8,0.008099999999999979,0.005856773585454546,0.3830140233039818,11458333333.333332,212,3
3tier_os4,16,73,16,0.005399999999999995,0.00536870912,0.005828380584715909,12500000000.0,398,4
3tier_os4,16,73,32,0.005399999999999995,0.00536870912,0.005828380584715909,12500000000.0,669,5
2tier,16,73,1,0.010749999999999963,0.01073741824,0.0011717677116360736,6250000000.0,27,2
2tier,16,73,2,0.008099999999999979,0.006442450944,0.25728547573089267,10416666666.666666,54,3
2tier,16,73,4,0.006749999999999987,0.006316128376470588,0.0686926543712596,10625000000.0,95,5
2tier,16,73,8,0.006049999999999991,0.005769359054328358,0.048643348945510256,11631944444.444445,140,9
2tier,16,73,16,0.005399999999999995,0.00536870912,0.005828380584715909,12500000000.0,177,13
2tier,16,73,32,0.005399999999999995,0.00536870912,0.005828380584715909,12500000000.0,192,22
3tier_nb,64,73,1,0.010749999999999963,0.01073741824,0.0011717677116360736,6250000000.0,117,2
3tier_nb,64,73,2,0.008099999999999979,0.00805306368,0.005828380584714132,8333333333.333333,221,3
3tier_nb,64,73,4,0.005399999999999995,0.00536870912,0.005828380584715909,12500000000.0,431,3
3tier_nb,64,73,8,0.005399999999999995,0.00536870912,0.005828380584715909,12500000000.0,753,5
3tier_nb,64,73,16,0.005399999999999995,0.00536870912,0.005828380584715909,12500000000.0,1174,8
3tier_nb,64,73,32,0.005399999999999995,0.00536870912,0.005828380584715909,12500000000.0,1604,10
3tier_os2,64,73,1,0.021500000000000102,0.02147483648,0.0011717677116442893,3125000000.0,117,2
3tier_os2,64,73,2,0.01614999999999995,0.01610612736,0.002723972002661945,4166666666.6666665,221,3
3tier_os2,64,73,4,0.008099999999999979,0.006442450944,0.25728547573089267,10416666666.666666,431,3
3tier_os2,64,73,8,0.006749999999999987,0.005651272757894737,0.19442120194434875,11875000000.0,753,5
3tier_os2,64,73,16,0.005399999999999995,0.00536870912,0.005828380584715909,12500000000.0,1174,8
3tier_os2,64,73,32,0.005399999999999995,0.00536870912,0.005828380584715909,12500000000.0,1604,10
3tier_os4,64,73,1,0.04295000000000072,0.04294967296,7.614493386709498e-06,1562500000.0,117,2
3tier_os4,64,73,2,0.03225000000000041,0.03221225472,0.0011717677116520608,2083333333.3333333,221,3
3tier_os4,64,73,4,0.01614999999999995,0.01073741824,0.5040859580039931,6250000000.0,431,3
3tier_os4,64,73,8,0.013449999999999946,0.007579354051764706,0.7745575557152358,8854166666.666666,753,5
3tier_os4,64,73,16,0.010749999999999963,0.006218153272388831,0.7288091060306285,10792410714.285715,1174,8
3tier_os4,64,73,32,0.006749999999999987,0.005638906734354485,0.197040546685455,11901041666.666668,1604,10
2tier,64,73,1,0.010749999999999963,0.01073741824,0.0011717677116360736,6250000000.0,112,2
2tier,64,73,2,0.010749999999999963,0.01073741824,0.0011717677116360736,6250000000.0,171,4
2tier,64,73,4,0.009399999999999971,0.00805306368,0.1672576268513961,8333333333.333333,219,7
2tier,64,73,8,0.007399999999999983,0.0067300057344729354,0.09955329786647171,9971590909.090908,247,11
2tier,64,73,16,0.006049999999999991,0.005650300913912296,0.0707394335589362,11877042483.66013,255,18
2tier,64,73,32,0.005899999999999992,0.005486272093430658,0.07541148151670019,12232142857.142855,256,35
3tier_nb,16,75,1,0.010749999999999963,0.01073741824,0.0011717677116360736,6250000000.0,27,2
3tier_nb,16,75,2,0.005399999999999995,0.00536870912,0.005828380584715909,12500000000.0,54,2
3tier_nb,16,75,4,0.005399999999999995,0.00536870912,0.005828380584715909,12500000000.0,108,2
3tier_nb,16,75,8,0.005399999999999995,0.00536870912,0.005828380584715909,12500000000.0,199,2
3tier_nb,16,75,16,0.005399999999999995,0.00536870912,0.005828380584715909,12500000000.0,339,4
3tier_nb,16,75,32,0.005399999999999995,0.00536870912,0.005828380584715909,12500000000.0,582,7
3tier_os2,16,75,1,0.021500000000000102,0.02147483648,0.0011717677116442893,3125000000.0,27,2
3tier_os2,16,75,2,0.010749999999999963,0.007158278826666666,0.501757651567454,9375000000.0,54,2
3tier_os2,16,75,4,0.005399999999999995,0.00536870912,0.005828380584715909,12500000000.0,108,2
3tier_os2,16,75,8,0.005399999999999995,0.00536870912,0.005828380584715909,12500000000.0,199,2
3tier_os2,16,75,16,0.005399999999999995,0.00536870912,0.005828380584715909,12500000000.0,339,4
3tier_os2,16,75,32,0.005399999999999995,0.00536870912,0.005828380584715909,12500000000.0,582,7
3tier_os4,16,75,1,0.04295000000000072,0.04294967296,7.614493386709498e-06,1562500000.0,27,2
3tier_os4,16,75,2,0.021500000000000102,0.014316557653333332,0.5017576515674664,4687500000.0,54,2
3tier_os4,16,75,4,0.010749999999999963,0.007158278826666666,0.501757651567454,9375000000.0,108,2
3tier_os4,16,75,8,0.005399999999999995,0.00536870912,0.005828380584715909,12500000000.0,199,2
3tier_os4,16,75,16,0.005399999999999995,0.00536870912,0.005828380584715909,12500000000.0,339,4
3tier_os4,16,75,32,0.005399999999999995,0.00536870912,0.005828380584715909,12500000000.0,582,7
2tier,16,75,1,0.005399999999999995,0.00536870912,0.005828380584715909,12500000000.0,26,1
2tier,16,75,2,0.005399999999999995,0.00536870912,0.005828380584715909,12500000000.0,47,2
2tier,16,75,4,0.005399999999999995,0.00536870912,0.005828380584715909,12500000000.0,79,4
2tier,16,75,8,0.005399999999999995,0.00536870912,0.005828380584715909,12500000000.0,119,5
2tier,16,75,16,0.005399999999999995,0.00536870912,0.005828380584715909,12500000000.0,135,8
2tier,16,75,32,0.005399999999999995,0.00536870912,0.005828380584715909,12500000000.0,144,14
3tier_nb,64,75,1,0.010749999999999963,0.01073741824,0.0011717677116360736,6250000000.0,114,2
3tier_nb,64,75,2,0.008099999999999979,0.006442450944,0.25728547573089267,10416666666.666666,224,3
3tier_nb,64,75,4,0.005399999999999995,0.00536870912,0.005828380584715909,12500000000.0,421,3
3tier_nb,64,75,8,0.005399999999999995,0.00536870912,0.005828380584715909,12500000000.0,740,4
3tier_nb,64,75,16,0.005399999999999995,0.00536870912,0.005828380584715909,12500000000.0,1162,5
3tier_nb,64,75,32,0.005399999999999995,0.00536870912,0.005828380584715909,12500000000.0,1627,10
3tier_os2,64,75,1,0.021500000000000102,0.02147483648,0.0011717677116442893,3125000000.0,114,2
3tier_os2,64,75,2,0.01614999999999995,0.00805306368,1.005447944005324,8333333333.333333,224,3
3tier_os2,64,75,4,0.008099999999999979,0.006442450944,0.25728547573089267,10416666666.666666,421,3
3tier_os2,64,75,8,0.005399999999999995,0.00536870912,0.005828380584715909,12500000000.0,740,4
3tier_os2,64,75,16,0.005399999999999995,0.00536870912,0.005828380584715909,12500000000.0,1162,5
3tier_os2,64,75,32,0.005399999999999995,0.00536870912,0.005828380584715909,12500000000.0,1627,10
3tier_os4,64,75,1,0.04295000000000072,0.04294967296,7.614493386709498e-06,1562500000.0,114,2
3tier_os4,64,75,2,0.03225000000000041,0.01610612736,1.0023435354233041,4166666666.6666665,224,3
3tier_os4,64,75,4,0.01614999999999995,0.00991146299076923,0.629426454504326,6770833333.333334,421,3
3tier_os4,64,75,8,0.010749999999999963,0.0067815273094736835,0.5851886322100903,9895833333.333334,740,4
3tier_os4,64,75,16,0.006749999999999987,0.0057266230613333335,0.17870513349771278,11718750000.0,1162,5
3tier_os4,64,75,32,0.006749999999999987,0.005506368328205128,0.22585333883762115,12187500000.0,1627,10
2tier,64,75,1,0.010749999999999963,0.01073741824,0.0011717677116360736,6250000000.0,102,2
2tier,64,75,2,0.010749999999999963,0.00805306368,0.33489569028218136,8333333333.333333,161,4
2tier,64,75,4,0.008099999999999979,0.007320966981818182,0.10641121864318559,9166666666.666666,217,6
2tier,64,75,8,0.006049999999999991,0.0056845155388235286,0.06429474221335374,11805555555.555557,247,9
2tier,64,75,16,0.005399999999999995,0.00536870912,0.005828380584715909,12500000000.0,256,16
2tier,64,75,32,0.005399999999999995,0.00536870912,0.005828380584715909,12500000000.0,256,29
3tier_nb,16,74,1,0.010749999999999963,0.01073741824,0.0011717677116360736,6250000000.0,31,2
3tier_nb,16,74,2,0.005399999999999995,0.00536870912,0.005828380584715909,12500000000.0,62,2
3tier_nb,16,74,4,0.005399999999999995,0.00536870912,0.005828380584715909,12500000000.0,123,3
3tier_nb,16,74,8,0.005399999999999995,0.00536870912,0.005828380584715909,12500000000.0,233,3
3tier_nb,16,74,16,0.005399999999999995,0.00536870912,0.005828380584715909,12500000000.0,419,4
3tier_nb,16,74,32,0.005399999999999995,0.00536870912,0.005828380584715909,12500000000.0,719,4
3tier_os2,16,74,1,0.021500000000000102,0.02147483648,0.0011717677116442893,3125000000.0,31,2
3tier_os2,16,74,2,0.010749999999999963,0.007158278826666666,0.501757651567454,9375000000.0,62,2
3tier_os2,16,74,4,0.008099999999999979,0.006442450944,0.25728547573089267,10416666666.666666,123,3
3tier_os2,16,74,8,0.005399999999999995,0.00536870912,0.005828380584715909,12500000000.0,233,3
3tier_os2,16,74,16,0.005399999999999995,0.00536870912,0.005828380584715909,12500000000.0,419,4
3tier_os2,16,74,32,0.005399999999999995,0.00536870912,0.005828380584715909,12500000000.0,719,4
3tier_os4,16,74,1,0.04295000000000072,0.04294967296,7.614493386709498e-06,1562500000.0,31,2
3tier_os4,16,74,2,0.021500000000000102,0.014316557653333332,0.5017576515674664,4687500000.0,62,2
3tier_os4,16,74,4,0.01614999999999995,0.00805306368,1.005447944005324,8333333333.333333,123,3
3tier_os4,16,74,8,0.008099999999999979,0.005856773585454546,0.3830140233039818,11458333333.333332,233,3
3tier_os4,16,74,16,0.005399999999999995,0.00536870912,0.005828380584715909,12500000000.0,419,4
3tier_os4,16,74,32,0.005399999999999995,0.00536870912,0.005828380584715909,12500000000.0,719,4
2tier,16,74,1,0.010749999999999963,0.01073741824,0.0011717677116360736,6250000000.0,29,2
2tier,16,74,2,0.010749999999999963,0.01073741824,0.0011717677116360736,6250000000.0,50,4
2tier,16,74,4,0.005399999999999995,0.00536870912,0.005828380584715909,12500000000.0,99,4
2tier,16,74,8,0.005399999999999995,0.00536870912,0.005828380584715909,12500000000.0,143,6
2tier,16,74,16,0.005399999999999995,0.00536870912,0.005828380584715909,12500000000.0,173,10
2tier,16,74,32,0.005399999999999995,0.00536870912,0.005828380584715909,12500000000.0,189,15
3tier_nb,64,74,1,0.010749999999999963,0.01073741824,0.0011717677116360736,6250000000.0,120,2
3tier_nb,64,74,2,0.008099999999999979,0.00805306368,0.005828380584714132,8333333333.333333,231,2
3tier_nb,64,74,4,0.005399999999999995,0.00536870912,0.005828380584715909,12500000000.0,437,3
3tier_nb,64,74,8,0.005399999999999995,0.00536870912,0.005828380584715909,12500000000.0,765,5
3tier_nb,64,74,16,0.005399999999999995,0.00536870912,0.005828380584715909,12500000000.0,1197,6
3tier_nb,64,74,32,0.005399999999999995,0.00536870912,0.005828380584715909,12500000000.0,1606,9
3tier_os2,64,74,1,0.021500000000000102,0.02147483648,0.0011717677116442893,3125000000.0,120,2
3tier_os2,64,74,2,0.010749999999999963,0.01073741824,0.0011717677116360736,6250000000.0,231,2
3tier_os2,64,74,4,0.008099999999999979,0.006442450944,0.25728547573089267,10416666666.666666,437,3
3tier_os2,64,74,8,0.006749999999999987,0.005651272757894737,0.19442120194434875,11875000000.0,765,5
3tier_os2,64,74,16,0.005399999999999995,0.00536870912,0.005828380584715909,12500000000.0,1197,6
3tier_os2,64,74,32,0.005399999999999995,0.00536870912,0.005828380584715909,12500000000.0,1606,9
3tier_os4,64,74,1,0.04295000000000072,0.04294967296,7.614493386709498e-06,1562500000.0,120,2
3tier_os4,64,74,2,0.021500000000000102,0.02147483648,0.0011717677116442893,3125000000.0,231,2
3tier_os4,64,74,4,0.01614999999999995,0.00991146299076923,0.629426454504326,6770833333.333334,437,3
3tier_os4,64,74,8,0.013449999999999946,0.0067108864,1.0042061805725018,10000000000.0,765,5
3tier_os4,64,74,16,0.008099999999999979,0.005937742805529953,0.3641547411680188,11302083333.333336,1197,6
3tier_os4,64,74,32,0.006049999999999991,0.005425221847578949,0.11516177033384456,12369791666.666664,1606,9
2tier,64,74,1,0.01614999999999995,0.01610612736,0.002723972002661945,4166666666.6666665,102,3
2tier,64,74,2,0.01614999999999995,0.01610612736,0.002723972002661945,4166666666.6666665,162,6
2tier,64,74,4,0.009399999999999971,0.007320966981818182,0.28398338953653557,9166666666.666666,218,7
2tier,64,74,8,0.008749999999999975,0.007067667702278481,0.23803217250566866,9495192307.692308,250,13
2tier,64,74,16,0.007049999999999985,0.005883516843835616,0.1982629075646376,11406250000.0,255,21
2tier,64,74,32,0.006049999999999991,0.005561828153093525,0.08777183211511885,12065972222.222221,256,36
3tier_nb,16,72,1,0.005399999999999995,0.00536870912,0.005828380584715909,12500000000.0,32,1
3tier_nb,16,72,2,0.005399999999999995,0.00536870912,0.005828380584715909,12500000000.0,64,1
3tier_nb,16,72,4,0.005399999999999995,0.00536870912,0.005828380584715909,12500000000.0,122,2
3tier_nb,16,72,8,0.005399999999999995,0.00536870912,0.005828380584715909,12500000000.0,236,3
3tier_nb,16,72,16,0.005399999999999995,0.00536870912,0.005828380584715909,12500000000.0,419,3
3tier_nb,16,72,32,0.005399999999999995,0.00536870912,0.005828380584715909,12500000000.0,739,5
3tier_os2,16,72,1,0.010749999999999963,0.01073741824,0.0011717677116360736,6250000000.0,32,1
3tier_os2,16,72,2,0.005399999999999995,0.00536870912,0.005828380584715909,12500000000.0,64,1
3tier_os2,16,72,4,0.005399999999999995,0.00536870912,0.005828380584715909,12500000000.0,122,2
3tier_os2,16,72,8,0.005399999999999995,0.00536870912,0.005828380584715909,12500000000.0,236,3
3tier_os2,16,72,16,0.005399999999999995,0.00536870912,0.005828380584715909,12500000000.0,419,3
3tier_os2,16,72,32,0.005399999999999995,0.00536870912,0.005828380584715909,12500000000.0,739,5
3tier_os4,16,72,1,0.021500000000000102,0.02147483648,0.0011717677116442893,3125000000.0,32,1
3tier_os4,16,72,2,0.010749999999999963,0.01073741824,0.0011717677116360736,6250000000.0,64,1
3tier_os4,16,72,4,0.010749999999999963,0.007158278826666666,0.501757651567454,9375000000.0,122,2
3tier_os4,16,72,8,0.008099999999999979,0.005856773585454546,0.3830140233039818,11458333333.333332,236,3
3tier_os4,16,72,16,0.005399999999999995,0.00536870912,0.005828380584715909,12500000000.0,419,3
3tier_os4,16,72,32,0.005399999999999995,0.00536870912,0.005828380584715909,12500000000.0,739,5
2tier,16,72,1,0.010749999999999963,0.01073741824,0.0011717677116360736,6250000000.0,30,2
2tier,16,72,2,0.005399999999999995,0.00536870912,0.005828380584715909,12500000000.0,52,2
2tier,16,72,4,0.005399999999999995,0.00536870912,0.005828380584715909,12500000000.0,97,3
2tier,16,72,8,0.005399999999999995,0.00536870912,0.005828380584715909,12500000000.0,144,5
2tier,16,72,16,0.005399999999999995,0.00536870912,0.005828380584715909,12500000000.0,187,9
2tier,16,72,32,0.005399999999999995,0.00536870912,0.005828380584715909,12500000000.0,203,14
3tier_nb,64,72,1,0.010749999999999963,0.01073741824,0.0011717677116360736,6250000000.0,120,2
3tier_nb,64,72,2,0.008099999999999979,0.00805306368,0.005828380584714132,8333333333.333333,229,3
3tier_nb,64,72,4,0.006749999999999987,0.006316128376470588,0.0686926543712596,10625000000.0,434,3
3tier_nb,64,72,8,0.005399999999999995,0.00536870912,0.005828380584715909,12500000000.0,760,4
3tier_nb,64,72,16,0.005399999999999995,0.00536870912,0.005828380584715909,12500000000.0,1189,6
3tier_nb,64,72,32,0.005399999999999995,0.00536870912,0.005828380584715909,12500000000.0,1600,10
3tier_os2,64,72,1,0.021500000000000102,0.02147483648,0.0011717677116442893,3125000000.0,120,2
3tier_os2,64,72,2,0.01614999999999995,0.01610612736,0.002723972002661945,4166666666.6666665,229,3
3tier_os2,64,72,4,0.008099999999999979,0.006442450944,0.25728547573089267,10416666666.666666,434,3
3tier_os2,64,72,8,0.005399999999999995,0.00536870912,0.005828380584715909,12500000000.0,760,4
3tier_os2,64,72,16,0.005399999999999995,0.00536870912,0.005828380584715909,12500000000.0,1189,6
3tier_os2,64,72,32,0.005399999999999995,0.00536870912,0.005828380584715909,12500000000.0,1600,10
3tier_os4,64,72,1,0.04295000000000072,0.04294967296,7.614493386709498e-06,1562500000.0,120,2
3tier_os4,64,72,2,0.03225000000000041,0.03221225472,0.0011717677116520608,2083333333.3333333,229,3
3tier_os4,64,72,4,0.01614999999999995,0.009911462990769232,0.6294264545043258,6770833333.333333,434,3
3tier_os4,64,72,8,0.010749999999999963,0.007579354051764706,0.41832667092481746,8854166666.666666,760,4
3tier_os4,64,72,16,0.008099999999999979,0.0059652323555555555,0.3578683137893641,11250000000.0,1189,6
3tier_os4,64,72,32,0.006749999999999987,0.005436667463291139,0.24156940728425735,12343750000.0,1600,10
2tier,64,72,1,0.01614999999999995,0.01610612736,0.002723972002661945,4166666666.6666665,95,3
2tier,64,72,2,0.010749999999999963,0.01073741824,0.0011717677116360736,6250000000.0,143,4
2tier,64,72,4,0.009399999999999971,0.007911781861052632,0.1881015130451711,8482142857.142857,207,7
2tier,64,72,8,0.006749999999999987,0.0059652323555555555,0.13155692815780418,11250000000.0,232,10
2tier,64,72,16,0.006049999999999991,0.0056021312556521746,0.079946135481197,11979166666.666666,240,18
2tier,64,72,32,0.005549999999999994,0.005414858482063038,0.024957534603096132,12393465909.090908,240,33
3tier_nb,16,78,1,0.010749999999999963,0.01073741824,0.0011717677116360736,6250000000.0,29,2
3tier_nb,16,78,2,0.005399999999999995,0.00536870912,0.005828380584715909,12500000000.0,59,2
3tier_nb,16,78,4,0.005399999999999995,0.00536870912,0.005828380584715909,12500000000.0,116,2
3tier_nb,16,78,8,0.005399999999999995,0.00536870912,0.005828380584715909,12500000000.0,223,3
3tier_nb,16,78,16,0.005399999999999995,0.00536870912,0.005828380584715909,12500000000.0,393,4
3tier_nb,16,78,32,0.005399999999999995,0.00536870912,0.005828380584715909,12500000000.0,655,6
3tier_os2,16,78,1,0.021500000000000102,0.02147483648,0.0011717677116442893,3125000000.0,29,2
3tier_os2,16,78,2,0.010749999999999963,0.007158278826666666,0.501757651567454,9375000000.0,59,2
3tier_os2,16,78,4,0.005399999999999995,0.00536870912,0.005828380584715909,12500000000.0,116,2
3tier_os2,16,78,8,0.005399999999999995,0.00536870912,0.005828380584715909,12500000000.0,223,3
3tier_os2,16,78,16,0.005399999999999995,0.00536870912,0.005828380584715909,12500000000.0,393,4
3tier_os2,16,78,32,0.005399999999999995,0.00536870912,0.005828380584715909,12500000000.0,655,6
3tier_os4,16,78,1,0.04295000000000072,0.04294967296,7.614493386709498e-06,1562500000.0,29,2
3tier_os4,16,78,2,0.021500000000000102,0.014316557653333332,0.5017576515674664,4687500000.0,59,2
3tier_os4,16,78,4,0.010749999999999963,0.008589934592,0.25146470963954504,7812500000.0,116,2
3tier_os4,16,78,8,0.008099999999999979,0.005856773585454545,0.38301402330398204,11458333333.333334,223,3
3tier_os4,16,78,16,0.005399999999999995,0.00536870912,0.005828380584715909,12500000000.0,393,4
3tier_os4,16,78,32,0.005399999999999995,0.00536870912,0.005828380584715909,12500000000.0,655,6
2tier,16,78,1,0.010749999999999963,0.01073741824,0.0011717677116360736,6250000000.0,29,2
2tier,16,78,2,0.008099999999999979,0.006442450944,0.25728547573089267,10416666666.666666,52,3
2tier,16,78,4,0.005399999999999995,0.00536870912,0.005828380584715909,12500000000.0,82,4
2tier,16,78,8,0.005399999999999995,0.00536870912,0.005828380584715909,12500000000.0,118,7
2tier,16,78,16,0.005399999999999995,0.00536870912,0.005828380584715909,12500000000.0,161,10
2tier,16,78,32,0.005399999999999995,0.00536870912,0.005828380584715909,12500000000.0,175,17
3tier_nb,64,78,1,0.010749999999999963,0.01073741824,0.0011717677116360736,6250000000.0,116,2
3tier_nb,64,78,2,0.008099999999999979,0.00805306368,0.005828380584714132,8333333333.333333,223,2
3tier_nb,64,78,4,0.005399999999999995,0.00536870912,0.005828380584715909,12500000000.0,425,3
3tier_nb,64,78,8,0.005399999999999995,0.00536870912,0.005828380584715909,12500000000.0,738,4
3tier_nb,64,78,16,0.005399999999999995,0.00536870912,0.005828380584715909,12500000000.0,1178,6
3tier_nb,64,78,32,0.005399999999999995,0.00536870912,0.005828380584715909,12500000000.0,1589,9
3tier_os2,64,78,1,0.021500000000000102,0.02147483648,0.0011717677116442893,3125000000.0,116,2
3tier_os2,64,78,2,0.010749999999999963,0.01073741824,0.0011717677116360736,6250000000.0,223,2
3tier_os2,64,78,4,0.008099999999999979,0.005856773585454546,0.3830140233039818,11458333333.333332,425,3
3tier_os2,64,78,8,0.005399999999999995,0.00536870912,0.005828380584715909,12500000000.0,738,4
3tier_os2,64,78,16,0.005399999999999995,0.00536870912,0.005828380584715909,12500000000.0,1178,6
3tier_os2,64,78,32,0.005399999999999995,0.00536870912,0.005828380584715909,12500000000.0,1589,9
3tier_os4,64,78,1,0.04295000000000072,0.04294967296,7.614493386709498e-06,1562500000.0,116,2
3tier_os4,64,78,2,0.021500000000000102,0.02147483648,0.0011717677116442893,3125000000.0,223,2
3tier_os4,64,78,4,0.01614999999999995,0.01073741824,0.5040859580039931,6250000000.0,425,3
3tier_os4,64,78,8,0.010749999999999963,0.006781527309473685,0.5851886322100899,9895833333.333332,738,4
3tier_os4,64,78,16,0.008099999999999979,0.005752188342857143,0.40815973281859974,11666666666.666666,1178,6
3tier_os4,64,78,32,0.006049999999999991,0.005463562638021202,0.10733607369992293,12282986111.11111,1589,9
2tier,64,78,1,0.01614999999999995,0.01610612736,0.002723972002661945,4166666666.6666665,101,3
2tier,64,78,2,0.013449999999999946,0.0134217728,0.002103090286250886,5000000000.0,159,5
2tier,64,78,4,0.009399999999999971,0.007911781861052632,0.1881015130451711,8482142857.142858,221,7
2tier,64,78,8,0.009399999999999971,0.007911781861052633,0.18810151304517087,8482142857.142856,249,14
2tier,64,78,16,0.007399999999999983,0.0063415624504698,0.16690485314889103,10582386363.636362,256,22
2tier,64,78,32,0.005749999999999993,0.005469246743970035,0.05133307549883259,12270220588.235298,256,34
3tier_nb,16,79,1,0.005399999999999995,0.00536870912,0.005828380584715909,12500000000.0,28,1
3tier_nb,16,79,2,0.005399999999999995,0.00536870912,0.005828380584715909,12500000000.0,56,1
3tier_nb,16,79,4,0.005399999999999995,0.00536870912,0.005828380584715909,12500000000.0,108,2
3tier_nb,16,79,8,0.005399999999999995,0.00536870912,0.005828380584715909,12500000000.0,210,2
3tier_nb,16,79,16,0.005399999999999995,0.00536870912,0.005828380584715909,12500000000.0,381,3
3tier_nb,16,79,32,0.005399999999999995,0.00536870912,0.005828380584715909,12500000000.0,617,5
3tier_os2,16,79,1,0.010749999999999963,0.01073741824,0.0011717677116360736,6250000000.0,28,1
3tier_os2,16,79,2,0.005399999999999995,0.00536870912,0.005828380584715909,12500000000.0,56,1
3tier_os2,16,79,4,0.005399999999999995,0.00536870912,0.005828380584715909,12500000000.0,108,2
3tier_os2,16,79,8,0.005399999999999995,0.00536870912,0.005828380584715909,12500000000.0,210,2
3tier_os2,16,79,16,0.005399999999999995,0.00536870912,0.005828380584715909,12500000000.0,381,3
3tier_os2,16,79,32,0.005399999999999995,0.00536870912,0.005828380584715909,12500000000.0,617,5
3tier_os4,16,79,1,0.021500000000000102,0.02147483648,0.0011717677116442893,3125000000.0,28,1
3tier_os4,16,79,2,0.010749999999999963,0.01073741824,0.0011717677116360736,6250000000.0,56,1
3tier_os4,16,79,4,0.010749999999999963,0.007158278826666666,0.501757651567454,9375000000.0,108,2
3tier_os4,16,79,8,0.005399999999999995,0.00536870912,0.005828380584715909,12500000000.0,210,2
3tier_os4,16,79,16,0.005399999999999995,0.00536870912,0.005828380584715909,12500000000.0,381,3
3tier_os4,16,79,32,0.005399999999999995,0.00536870912,0.005828380584715909,12500000000.0,617,5
2tier,16,79,1,0.005399999999999995,0.00536870912,0.005828380584715909,12500000000.0,28,1
2tier,16,79,2,0.005399999999999995,0.00536870912,0.005828380584715909,12500000000.0,48,2
2tier,16,79,4,0.005399999999999995,0.00536870912,0.005828380584715909,12500000000.0,70,4
2tier,16,79,8,0.005399999999999995,0.00536870912,0.005828380584715909,12500000000.0,116,7
2tier,16,79,16,0.005399999999999995,0.00536870912,0.005828380584715909,12500000000.0,148,10
2tier,16,79,32,0.005399999999999995,0.00536870912,0.005828380584715909,12500000000.0,158,15
3tier_nb,64,79,1,0.010749999999999963,0.01073741824,0.0011717677116360736,6250000000.0,116,2
3tier_nb,64,79,2,0.008099999999999979,0.00805306368,0.005828380584714132,8333333333.333333,230,2
3tier_nb,64,79,4,0.005399999999999995,0.00536870912,0.005828380584715909,12500000000.0,415,3
3tier_nb,64,79,8,0.005399999999999995,0.00536870912,0.005828380584715909,12500000000.0,734,4
3tier_nb,64,79,16,0.005399999999999995,0.00536870912,0.005828380584715909,12500000000.0,1199,6
3tier_nb,64,79,32,0.005399999999999995,0.00536870912,0.005828380584715909,12500000000.0,1623,9
3tier_os2,64,79,1,0.021500000000000102,0.02147483648,0.0011717677116442893,3125000000.0,116,2
3tier_os2,64,79,2,0.010749999999999963,0.00920350134857143,0.1680337289969085,7291666666.666666,230,2
3tier_os2,64,79,4,0.008099999999999979,0.006442450944,0.25728547573089267,10416666666.666666,415,3
3tier_os2,64,79,8,0.005399999999999995,0.00536870912,0.005828380584715909,12500000000.0,734,4
3tier_os2,64,79,16,0.005399999999999995,0.00536870912,0.005828380584715909,12500000000.0,1199,6
3tier_os2,64,79,32,0.005399999999999995,0.00536870912,0.005828380584715909,12500000000.0,1623,9
3tier_os4,64,79,1,0.04295000000000072,0.04294967296,7.614493386709498e-06,1562500000.0,116,2
3tier_os4,64,79,2,0.021500000000000102,0.014316557653333332,0.5017576515674664,4687500000.0,230,2
3tier_os4,64,79,4,0.01614999999999995,0.009911462990769232,0.6294264545043258,6770833333.333333,415,3
3tier_os4,64,79,8,0.010749999999999963,0.0073628010788571435,0.4600421612461356,9114583333.333332,734,4
3tier_os4,64,79,16,0.008099999999999979,0.005883516843835616,0.37672759592532756,11406250000.0,1199,6
3tier_os4,64,79,32,0.006049999999999991,0.005425221847578948,0.11516177033384456,12369791666.666666,1623,9
2tier,64,79,1,0.01614999999999995,0.01610612736,0.002723972002661945,4166666666.6666665,106,3
2tier,64,79,2,0.010749999999999963,0.01073741824,0.0011717677116360736,6250000000.0,163,4
2tier,64,79,4,0.009399999999999971,0.006853671217021277,0.3715277115503903,9791666666.666666,226,7
2tier,64,79,8,0.008099999999999979,0.006664604424827585,0.21537595987319658,10069444444.444447,248,12
2tier,64,79,16,0.006049999999999991,0.005522100809142857,0.09559752874904048,12152777777.777779,254,18
2tier,64,79,32,0.005399999999999995,0.00536870912,0.005828380584715909,12500000000.0,256,32
3tier_nb,16,77,1,0.005399999999999995,0.00536870912,0.005828380584715909,12500000000.0,30,1
3tier_nb,16,77,2,0.005399999999999995,0.00536870912,0.005828380584715909,12500000000.0,58,2
3tier_nb,16,77,4,0.005399999999999995,0.00536870912,0.005828380584715909,12500000000.0,111,2
3tier_nb,16,77,8,0.005399999999999995,0.00536870912,0.005828380584715909,12500000000.0,205,3
3tier_nb,16,77,16,0.005399999999999995,0.00536870912,0.005828380584715909,12500000000.0,377,3
3tier_nb,16,77,32,0.005399999999999995,0.00536870912,0.005828380584715909,12500000000.0,588,7
3tier_os2,16,77,1,0.010749999999999963,0.01073741824,0.0011717677116360736,6250000000.0,30,1
3tier_os2,16,77,2,0.010749999999999963,0.01073741824,0.0011717677116360736,6250000000.0,58,2
3tier_os2,16,77,4,0.005399999999999995,0.00536870912,0.005828380584715909,12500000000.0,111,2
3tier_os2,16,77,8,0.005399999999999995,0.00536870912,0.005828380584715909,12500000000.0,205,3
3tier_os2,16,77,16,0.005399999999999995,0.00536870912,0.005828380584715909,12500000000.0,377,3
3tier_os2,16,77,32,0.005399999999999995,0.00536870912,0.005828380584715909,12500000000.0,588,7
3tier_os4,16,77,1,0.021500000000000102,0.02147483648,0.0011717677116442893,3125000000.0,30,1
3tier_os4,16,77,2,0.021500000000000102,0.02147483648,0.0011717677116442893,3125000000.0,58,2
3tier_os4,16,77,4,0.010749999999999963,0.007158278826666666,0.501757651567454,9375000000.0,111,2
3tier_os4,16,77,8,0.008099999999999979,0.005856773585454546,0.3830140233039818,11458333333.333332,205,3
3tier_os4,16,77,16,0.005399999999999995,0.00536870912,0.005828380584715909,12500000000.0,377,3
3tier_os4,16,77,32,0.005399999999999995,0.00536870912,0.005828380584715909,12500000000.0,588,7
2tier,16,77,1,0.010749999999999963,0.01073741824,0.0011717677116360736,6250000000.0,28,2
2tier,16,77,2,0.008099999999999979,0.00805306368,0.005828380584714132,8333333333.333333,51,3
2tier,16,77,4,0.005399999999999995,0.00536870912,0.005828380584715909,12500000000.0,82,4
2tier,16,77,8,0.005399999999999995,0.00536870912,0.005828380584715909,12500000000.0,119,5
2tier,16,77,16,0.005399999999999995,0.00536870912,0.005828380584715909,12500000000.0,137,9
2tier,16,77,32,0.005399999999999995,0.00536870912,0.005828380584715909,12500000000.0,143,21
3tier_nb,64,77,1,0.010749999999999963,0.01073741824,0.0011717677116360736,6250000000.0,117,2
3tier_nb,64,77,2,0.008099999999999979,0.00805306368,0.005828380584714132,8333333333.333333,225,2
3tier_nb,64,77,4,0.005399999999999995,0.00536870912,0.005828380584715909,12500000000.0,421,3
3tier_nb,64,77,8,0.005399999999999995,0.00536870912,0.005828380584715909,12500000000.0,729,4
3tier_nb,64,77,16,0.005399999999999995,0.00536870912,0.005828380584715909,12500000000.0,1189,5
3tier_nb,64,77,32,0.005399999999999995,0.00536870912,0.005828380584715909,12500000000.0,1662,10
3tier_os2,64,77,1,0.021500000000000102,0.02147483648,0.0011717677116442893,3125000000.0,117,2
3tier_os2,64,77,2,0.010749999999999963,0.01073741824,0.0011717677116360736,6250000000.0,225,2
3tier_os2,64,77,4,0.008099999999999979,0.006442450944,0.25728547573089267,10416666666.666666,421,3
3tier_os2,64,77,8,0.005399999999999995,0.00536870912,0.005828380584715909,12500000000.0,729,4
3tier_os2,64,77,16,0.005399999999999995,0.00536870912,0.005828380584715909,12500000000.0,1189,5
3tier_os2,64,77,32,0.005399999999999995,0.00536870912,0.005828380584715909,12500000000.0,1662,10
3tier_os4,64,77,1,0.04295000000000072,0.04294967296,7.614493386709498e-06,1562500000.0,117,2
3tier_os4,64,77,2,0.021500000000000102,0.02147483648,0.0011717677116442893,3125000000.0,225,2
3tier_os4,64,77,4,0.01614999999999995,0.00991146299076923,0.629426454504326,6770833333.333334,421,3
3tier_os4,64,77,8,0.010749999999999963,0.006964811831351352,0.5434731418887719,9635416666.666666,729,4
3tier_os4,64,77,16,0.006749999999999987,0.005883516843835616,0.14727299660444038,11406250000.0,1189,5
3tier_os4,64,77,32,0.006749999999999987,0.005506368328205128,0.22585333883762115,12187500000.0,1662,10
2tier,64,77,1,0.01614999999999995,0.01610612736,0.002723972002661945,4166666666.6666665,101,3
2tier,64,77,2,0.013449999999999946,0.01073741824,0.2526288628578137,6250000000.0,161,5
2tier,64,77,4,0.009399999999999971,0.007158278826666666,0.3131648302078207,9375000000.0,215,7
2tier,64,77,8,0.007399999999999983,0.006234629945806452,0.18691888120439049,10763888888.88889,249,11
2tier,64,77,16,0.006399999999999989,0.005861447786241022,0.09188040794684693,11449195906.432749,256,19
2tier,64,77,32,0.006399999999999989,0.005618201626437177,0.1391545596875623,11944901315.789474,256,38
3tier_nb,16,76,1,0.005399999999999995,0.00536870912,0.005828380584715909,12500000000.0,32,1
3tier_nb,16,76,2,0.005399999999999995,0.00536870912,0.005828380584715909,12500000000.0,63,2
3tier_nb,16,76,4,0.005399999999999995,0.00536870912,0.005828380584715909,12500000000.0,121,3
3tier_nb,16,76,8,0.005399999999999995,0.00536870912,0.005828380584715909,12500000000.0,226,3
3tier_nb,16,76,16,0.005399999999999995,0.00536870912,0.005828380584715909,12500000000.0,421,4
3tier_nb,16,76,32,0.005399999999999995,0.00536870912,0.005828380584715909,12500000000.0,724,6
3tier_os2,16,76,1,0.010749999999999963,0.01073741824,0.0011717677116360736,6250000000.0,32,1
3tier_os2,16,76,2,0.010749999999999963,0.007158278826666666,0.501757651567454,9375000000.0,63,2
3tier_os2,16,76,4,0.008099999999999979,0.006442450944,0.25728547573089267,10416666666.666666,121,3
3tier_os2,16,76,8,0.005399999999999995,0.00536870912,0.005828380584715909,12500000000.0,226,3
3tier_os2,16,76,16,0.005399999999999995,0.00536870912,0.005828380584715909,12500000000.0,421,4
3tier_os2,16,76,32,0.005399999999999995,0.00536870912,0.005828380584715909,12500000000.0,724,6
3tier_os4,16,76,1,0.021500000000000102,0.02147483648,0.0011717677116442893,3125000000.0,32,1
3tier_os4,16,76,2,0.021500000000000102,0.014316557653333332,0.5017576515674664,4687500000.0,63,2
3tier_os4,16,76,4,0.01614999999999995,0.009911462990769232,0.6294264545043258,6770833333.333333,121,3
3tier_os4,16,76,8,0.008099999999999979,0.005856773585454546,0.3830140233039818,11458333333.333332,226,3
3tier_os4,16,76,16,0.005399999999999995,0.00536870912,0.005828380584715909,12500000000.0,421,4
3tier_os4,16,76,32,0.005399999999999995,0.00536870912,0.005828380584715909,12500000000.0,724,6
2tier,16,76,1,0.010749999999999963,0.01073741824,0.0011717677116360736,6250000000.0,29,2
2tier,16,76,2,0.005399999999999995,0.00536870912,0.005828380584715909,12500000000.0,58,2
2tier,16,76,4,0.005399999999999995,0.00536870912,0.005828380584715909,12500000000.0,95,3
2tier,16,76,8,0.005399999999999995,0.00536870912,0.005828380584715909,12500000000.0,147,5
2tier,16,76,16,0.005399999999999995,0.00536870912,0.005828380584715909,12500000000.0,178,10
2tier,16,76,32,0.005399999999999995,0.00536870912,0.005828380584715909,12500000000.0,187,19
3tier_nb,64,76,1,0.010749999999999963,0.01073741824,0.0011717677116360736,6250000000.0,116,2
3tier_nb,64,76,2,0.008099999999999979,0.00805306368,0.005828380584714132,8333333333.333333,229,2
3tier_nb,64,76,4,0.005399999999999995,0.00536870912,0.005828380584715909,12500000000.0,428,3
3tier_nb,64,76,8,0.005399999999999995,0.00536870912,0.005828380584715909,12500000000.0,746,4
3tier_nb,64,76,16,0.005399999999999995,0.00536870912,0.005828380584715909,12500000000.0,1209,5
3tier_nb,64,76,32,0.005399999999999995,0.00536870912,0.005828380584715909,12500000000.0,1631,8
3tier_os2,64,76,1,0.021500000000000102,0.02147483648,0.0011717677116442893,3125000000.0,116,2
3tier_os2,64,76,2,0.010749999999999963,0.01073741824,0.0011717677116360736,6250000000.0,229,2
3tier_os2,64,76,4,0.008099999999999979,0.006442450944,0.25728547573089267,10416666666.666666,428,3
3tier_os2,64,76,8,0.005399999999999995,0.00536870912,0.005828380584715909,12500000000.0,746,4
3tier_os2,64,76,16,0.005399999999999995,0.00536870912,0.005828380584715909,12500000000.0,1209,5
3tier_os2,64,76,32,0.005399999999999995,0.00536870912,0.005828380584715909,12500000000.0,1631,8
3tier_os4,64,76,1,0.04295000000000072,0.04294967296,7.614493386709498e-06,1562500000.0,116,2
3tier_os4,64,76,2,0.021500000000000102,0.02147483648,0.0011717677116442893,3125000000.0,229,2
3tier_os4,64,76,4,0.01614999999999995,0.01073741824,0.5040859580039931,6250000000.0,428,3
3tier_os4,64,76,8,0.010749999999999963,0.007809031447272728,0.3766111806034993,8593750000.0,746,4
3tier_os4,64,76,16,0.006749999999999987,0.0057266230613333335,0.17870513349771278,11718750000.0,1209,5
3tier_os4,64,76,32,0.005399999999999995,0.00536870912,0.005828380584715909,12500000000.0,1631,8
2tier,64,76,1,0.01614999999999995,0.01610612736,0.002723972002661945,4166666666.6666665,106,3
2tier,64,76,2,0.013449999999999946,0.0134217728,0.002103090286250886,5000000000.0,159,5
2tier,64,76,4,0.012099999999999955,0.009203501348571426,0.3147170344988459,7291666666.666668,217,9
2tier,64,76,8,0.010099999999999967,0.007618422887083079,0.3257337049541269,8808760683.760685,247,15
2tier,64,76,16,0.007749999999999981,0.006193369768526645,0.2513381712462561,10835597826.086958,253,23
2tier,64,76,32,0.006399999999999989,0.005647361842491349,0.1332725223742015,11883223684.210527,256,38
3tier_nb,16,80,1,0.010749999999999963,0.01073741824,0.0011717677116360736,6250000000.0,31,2
3tier_nb,16,80,2,0.005399999999999995,0.00536870912,0.005828380584715909,12500000000.0,63,2
3tier_nb,16,80,4,0.005399999999999995,0.00536870912,0.005828380584715909,12500000000.0,124,2
3tier_nb,16,80,8,0.005399999999999995,0.00536870912,0.005828380584715909,12500000000.0,241,3
3tier_nb,16,80,16,0.005399999999999995,0.00536870912,0.005828380584715909,12500000000.0,437,3
3tier_nb,16,80,32,0.005399999999999995,0.00536870912,0.005828380584715909,12500000000.0,744,4
3tier_os2,16,80,1,0.021500000000000102,0.02147483648,0.0011717677116442893,3125000000.0,31,2
3tier_os2,16,80,2,0.010749999999999963,0.007158278826666666,0.501757651567454,9375000000.0,63,2
3tier_os2,16,80,4,0.005399999999999995,0.00536870912,0.005828380584715909,12500000000.0,124,2
3tier_os2,16,80,8,0.005399999999999995,0.00536870912,0.005828380584715909,12500000000.0,241,3
3tier_os2,16,80,16,0.005399999999999995,0.00536870912,0.005828380584715909,12500000000.0,437,3
3tier_os2,16,80,32,0.005399999999999995,0.00536870912,0.005828380584715909,12500000000.0,744,4
3tier_os4,16,80,1,0.04295000000000072,0.04294967296,7.614493386709498e-06,1562500000.0,31,2
3tier_os4,16,80,2,0.021500000000000102,0.014316557653333332,0.5017576515674664,4687500000.0,63,2
3tier_os4,16,80,4,0.010749999999999963,0.007158278826666666,0.501757651567454,9375000000.0,124,2
3tier_os4,16,80,8,0.008099999999999979,0.006135667565714285,0.32014974951743747,10937500000.0,241,3
3tier_os4,16,80,16,0.005399999999999995,0.00536870912,0.005828380584715909,12500000000.0,437,3
3tier_os4,16,80,32,0.005399999999999995,0.00536870912,0.005828380584715909,12500000000.0,744,4
2tier,16,80,1,0.010749999999999963,0.01073741824,0.0011717677116360736,6250000000.0,31,2
2tier,16,80,2,0.005399999999999995,0.00536870912,0.005828380584715909,12500000000.0,61,2
2tier,16,80,4,0.005399999999999995,0.00536870912,0.005828380584715909,12500000000.0,100,3
2tier,16,80,8,0.005399999999999995,0.00536870912,0.005828380584715909,12500000000.0,157,4
2tier,16,80,16,0.005399999999999995,0.00536870912,0.005828380584715909,12500000000.0,183,10
2tier,16,80,32,0.005399999999999995,0.00536870912,0.005828380584715909,12500000000.0,190,12
3tier_nb,64,80,1,0.01614999999999995,0.01610612736,0.002723972002661945,4166666666.6666665,124,2
3tier_nb,64,80,2,0.008099999999999979,0.006442450944,0.25728547573089267,10416666666.666666,240,2
3tier_nb,64,80,4,0.005399999999999995,0.00536870912,0.005828380584715909,12500000000.0,444,3
3tier_nb,64,80,8,0.005399999999999995,0.00536870912,0.005828380584715909,12500000000.0,779,4
3tier_nb,64,80,16,0.005399999999999995,0.00536870912,0.005828380584715909,12500000000.0,1212,6
3tier_nb,64,80,32,0.005399999999999995,0.00536870912,0.005828380584715909,12500000000.0,1638,8
3tier_os2,64,80,1,0.021500000000000102,0.02147483648,0.0011717677116442893,3125000000.0,124,2
3tier_os2,64,80,2,0.010749999999999963,0.01073741824,0.0011717677116360736,6250000000.0,240,2
3tier_os2,64,80,4,0.008099999999999979,0.005856773585454546,0.3830140233039818,11458333333.333332,444,3
3tier_os2,64,80,8,0.005399999999999995,0.00536870912,0.005828380584715909,12500000000.0,779,4
3tier_os2,64,80,16,0.005399999999999995,0.00536870912,0.005828380584715909,12500000000.0,1212,6
3tier_os2,64,80,32,0.005399999999999995,0.00536870912,0.005828380584715909,12500000000.0,1638,8
3tier_os4,64,80,1,0.04295000000000072,0.04294967296,7.614493386709498e-06,1562500000.0,124,2
3tier_os4,64,80,2,0.021500000000000102,0.02147483648,0.0011717677116442893,3125000000.0,240,2
3tier_os4,64,80,4,0.01614999999999995,0.011713547170909092,0.3787454615036603,5729166666.666666,444,3
3tier_os4,64,80,8,0.010749999999999963,0.006442450944,0.6686196128527264,10416666666.666666,779,4
3tier_os4,64,80,16,0.008099999999999979,0.005752188342857142,0.40815973281859996,11666666666.666668,1212,6
3tier_os4,64,80,32,0.005399999999999995,0.00536870912,0.005828380584715909,12500000000.0,1638,8
2tier,64,80,1,0.01614999999999995,0.01610612736,0.002723972002661945,4166666666.6666665,99,3
2tier,64,80,2,0.013449999999999946,0.0134217728,0.002103090286250886,5000000000.0,158,5
2tier,64,80,4,0.008099999999999979,0.0067108864,0.20699405670165705,10000000000.0,214,6
2tier,64,80,8,0.006749999999999987,0.0059652323555555555,0.13155692815780418,11250000000.0,249,10
2tier,64,80,16,0.005399999999999995,0.00536870912,0.005828380584715909,12500000000.0,256,15
2tier,64,80,32,0.005399999999999995,0.00536870912,0.005828380584715909,12500000000.0,256,27
3tier_nb,16,81,1,0.005399999999999995,0.00536870912,0.005828380584715909,12500000000.0,32,1
3tier_nb,16,81,2,0.005399999999999995,0.00536870912,0.005828380584715909,12500000000.0,63,2
3tier_nb,16,81,4,0.005399999999999995,0.00536870912,0.005828380584715909,12500000000.0,122,2
3tier_nb,16,81,8,0.005399999999999995,0.00536870912,0.005828380584715909,12500000000.0,235,2
3tier_nb,16,81,16,0.005399999999999995,0.00536870912,0.005828380584715909,12500000000.0,426,3
3tier_nb,16,81,32,0.005399999999999995,0.00536870912,0.005828380584715909,12500000000.0,722,5
3tier_os2,16,81,1,0.010749999999999963,0.01073741824,0.0011717677116360736,6250000000.0,32,1
3tier_os2,16,81,2,0.010749999999999963,0.007158278826666666,0.501757651567454,9375000000.0,63,2
3tier_os2,16,81,4,0.005399999999999995,0.00536870912,0.005828380584715909,12500000000.0,122,2
3tier_os2,16,81,8,0.005399999999999995,0.00536870912,0.005828380584715909,12500000000.0,235,2
3tier_os2,16,81,16,0.005399999999999995,0.00536870912,0.005828380584715909,12500000000.0,426,3
3tier_os2,16,81,32,0.005399999999999995,0.00536870912,0.005828380584715909,12500000000.0,722,5
3tier_os4,16,81,1,0.021500000000000102,0.02147483648,0.0011717677116442893,3125000000.0,32,1
3tier_os4,16,81,2,0.021500000000000102,0.014316557653333332,0.5017576515674664,4687500000.0,63,2
3tier_os4,16,81,4,0.010749999999999963,0.008589934592,0.25146470963954504,7812500000.0,122,2
3tier_os4,16,81,8,0.005399999999999995,0.00536870912,0.005828380584715909,12500000000.0,235,2
3tier_os4,16,81,16,0.005399999999999995,0.00536870912,0.005828380584715909,12500000000.0,426,3
3tier_os4,16,81,32,0.005399999999999995,0.00536870912,0.005828380584715909,12500000000.0,722,5
2tier,16,81,1,0.005399999999999995,0.00536870912,0.005828380584715909,12500000000.0,32,1
2tier,16,81,2,0.008099999999999979,0.00805306368,0.005828380584714132,8333333333.333333,57,3
2tier,16,81,4,0.005399999999999995,0.00536870912,0.005828380584715909,12500000000.0,96,4
2tier,16,81,8,0.005399999999999995,0.00536870912,0.005828380584715909,12500000000.0,148,6
2tier,16,81,16,0.005399999999999995,0.00536870912,0.005828380584715909,12500000000.0,175,10
2tier,16,81,32,0.005399999999999995,0.00536870912,0.005828380584715909,12500000000.0,189,16
3tier_nb,64,81,1,0.010749999999999963,0.01073741824,0.0011717677116360736,6250000000.0,121,2
3tier_nb,64,81,2,0.010749999999999963,0.01073741824,0.0011717677116360736,6250000000.0,232,2
3tier_nb,64,81,4,0.006749999999999987,0.0059652323555555555,0.13155692815780418,11250000000.0,437,3
3tier_nb,64,81,8,0.005399999999999995,0.00536870912,0.005828380584715909,12500000000.0,759,5
3tier_nb,64,81,16,0.005399999999999995,0.00536870912,0.005828380584715909,12500000000.0,1217,7
3tier_nb,64,81,32,0.005399999999999995,0.00536870912,0.005828380584715909,12500000000.0,1678,11
3tier_os2,64,81,1,0.021500000000000102,0.02147483648,0.0011717677116442893,3125000000.0,121,2
3tier_os2,64,81,2,0.010749999999999963,0.01073741824,0.0011717677116360736,6250000000.0,232,2
3tier_os2,64,81,4,0.008099999999999979,0.006573929534693877,0.23213976621627497,10208333333.333334,437,3
3tier_os2,64,81,8,0.006749999999999987,0.005651272757894737,0.19442120194434875,11875000000.0,759,5
3tier_os2,64,81,16,0.005399999999999995,0.00536870912,0.005828380584715909,12500000000.0,1217,7
3tier_os2,64,81,32,0.005399999999999995,0.00536870912,0.005828380584715909,12500000000.0,1678,11
3tier_os4,64,81,1,0.04295000000000072,0.04294967296,7.614493386709498e-06,1562500000.0,121,2
3tier_os4,64,81,2,0.021500000000000102,0.02147483648,0.0011717677116442893,3125000000.0,232,2
3tier_os4,64,81,4,0.01614999999999995,0.00920350134857143,0.7547669510046584,7291666666.666666,437,3
3tier_os4,64,81,8,0.013449999999999946,0.007624202300591717,0.7641189818580871,8802083333.333332,759,5
3tier_os4,64,81,16,0.009399999999999971,0.005918262022047244,0.5883041279656498,11339285714.285715,1217,7
3tier_os4,64,81,32,0.007399999999999983,0.005578245487753362,0.32658199002646127,12030460858.585857,1678,11
2tier,64,81,1,0.01614999999999995,0.01610612736,0.002723972002661945,4166666666.6666665,96,3
2tier,64,81,2,0.010749999999999963,0.00920350134857143,0.1680337289969085,7291666666.666666,160,4
2tier,64,81,4,0.006749999999999987,0.006316128376470588,0.0686926543712596,10625000000.0,213,5
2tier,64,81,8,0.007399999999999983,0.006171288277271408,0.19910133306425948,10874368686.868687,246,11
2tier,64,81,16,0.006399999999999989,0.005706599903776224,0.12150844774747949,11759868421.052631,256,19
2tier,64,81,32,0.005399999999999995,0.00536870912,0.005828380584715909,12500000000.0,256,30
3tier_nb,16,82,1,0.005399999999999995,0.00536870912,0.005828380584715909,12500000000.0,32,1
3tier_nb,16,82,2,0.005399999999999995,0.00536870912,0.005828380584715909,12500000000.0,63,2
3tier_nb,16,82,4,0.005399999999999995,0.00536870912,0.005828380584715909,12500000000.0,127,2
3tier_nb,16,82,8,0.005399999999999995,0.00536870912,0.005828380584715909,12500000000.0,242,3
3tier_nb,16,82,16,0.005399999999999995,0.00536870912,0.005828380584715909,12500000000.0,438,4
3tier_nb,16,82,32,0.005399999999999995,0.00536870912,0.005828380584715909,12500000000.0,730,5
3tier_os2,16,82,1,0.010749999999999963,0.01073741824,0.0011717677116360736,6250000000.0,32,1
3tier_os2,16,82,2,0.010749999999999963,0.007158278826666666,0.501757651567454,9375000000.0,63,2
3tier_os2,16,82,4,0.005399999999999995,0.00536870912,0.005828380584715909,12500000000.0,127,2
3tier_os2,16,82,8,0.005399999999999995,0.00536870912,0.005828380584715909,12500000000.0,242,3
3tier_os2,16,82,16,0.005399999999999995,0.00536870912,0.005828380584715909,12500000000.0,438,4
3tier_os2,16,82,32,0.005399999999999995,0.00536870912,0.005828380584715909,12500000000.0,730,5
3tier_os4,16,82,1,0.021500000000000102,0.02147483648,0.0011717677116442893,3125000000.0,32,1
3tier_os4,16,82,2,0.021500000000000102,0.014316557653333332,0.5017576515674664,4687500000.0,63,2
3tier_os4,16,82,4,0.010749999999999963,0.006135667565714285,0.752050593495363,10937500000.0,127,2
3tier_os4,16,82,8,0.008099999999999979,0.006135667565714287,0.320149749517437,10937499999.999998,242,3
3tier_os4,16,82,16,0.005399999999999995,0.00536870912,0.005828380584715909,12500000000.0,438,4
3tier_os4,16,82,32,0.005399999999999995,0.00536870912,0.005828380584715909,12500000000.0,730,5
2tier,16,82,1,0.005399999999999995,0.00536870912,0.005828380584715909,12500000000.0,32,1
2tier,16,82,2,0.005399999999999995,0.00536870912,0.005828380584715909,12500000000.0,60,2
2tier,16,82,4,0.005399999999999995,0.00536870912,0.005828380584715909,12500000000.0,101,3
2tier,16,82,8,0.005399999999999995,0.00536870912,0.005828380584715909,12500000000.0,143,6
2tier,16,82,16,0.005399999999999995,0.00536870912,0.005828380584715909,12500000000.0,173,9
2tier,16,82,32,0.005399999999999995,0.00536870912,0.005828380584715909,12500000000.0,190,16
3tier_nb,64,82,1,0.010749999999999963,0.01073741824,0.0011717677116360736,6250000000.0,124,2
3tier_nb,64,82,2,0.008099999999999979,0.00805306368,0.005828380584714132,8333333333.333333,241,2
3tier_nb,64,82,4,0.005399999999999995,0.00536870912,0.005828380584715909,12500000000.0,449,3
3tier_nb,64,82,8,0.005399999999999995,0.00536870912,0.005828380584715909,12500000000.0,762,4
3tier_nb,64,82,16,0.005399999999999995,0.00536870912,0.005828380584715909,12500000000.0,1221,6
3tier_nb,64,82,32,0.005399999999999995,0.00536870912,0.005828380584715909,12500000000.0,1690,9
3tier_os2,64,82,1,0.021500000000000102,0.02147483648,0.0011717677116442893,3125000000.0,124,2
3tier_os2,64,82,2,0.010749999999999963,0.01073741824,0.0011717677116360736,6250000000.0,241,2
3tier_os2,64,82,4,0.008099999999999979,0.006442450944,0.25728547573089267,10416666666.666666,449,3
3tier_os2,64,82,8,0.005399999999999995,0.00536870912,0.005828380584715909,12500000000.0,762,4
3tier_os2,64,82,16,0.005399999999999995,0.00536870912,0.005828380584715909,12500000000.0,1221,6
3tier_os2,64,82,32,0.005399999999999995,0.00536870912,0.005828380584715909,12500000000.0,1690,9
3tier_os4,64,82,1,0.04295000000000072,0.04294967296,7.614493386709498e-06,1562500000.0,124,2
3tier_os4,64,82,2,0.021500000000000102,0.02147483648,0.0011717677116442893,3125000000.0,241,2
3tier_os4,64,82,4,0.01614999999999995,0.009911462990769232,0.6294264545043258,6770833333.333333,449,3
3tier_os4,64,82,8,0.010749999999999963,0.007809031447272728,0.3766111806034993,8593750000.0,762,4
3tier_os4,64,82,16,0.008099999999999979,0.005992977622325581,0.35158188641070987,11197916666.666668,1221,6
3tier_os4,64,82,32,0.006049999999999991,0.005425221847578948,0.11516177033384456,12369791666.666666,1690,9
2tier,64,82,1,0.021500000000000102,0.02147483648,0.0011717677116442893,3125000000.0,97,4
2tier,64,82,2,0.013449999999999946,0.0134217728,0.002103090286250886,5000000000.0,167,5
2tier,64,82,4,0.009399999999999971,0.007320966981818182,0.28398338953653557,9166666666.666666,221,7
2tier,64,82,8,0.008099999999999979,0.006672971787570622,0.21385197747837092,10056818181.81818,245,12
2tier,64,82,16,0.006399999999999989,0.00564736184249135,0.13327252237420129,11883223684.210526,255,19
2tier,64,82,32,0.005399999999999995,0.00536870912,0.005828380584715909,12500000000.0,256,29
3tier_nb,16,83,1,0.010749999999999963,0.01073741824,0.0011717677116360736,6250000000.0,31,2
3tier_nb,16,83,2,0.005399999999999995,0.00536870912,0.005828380584715909,12500000000.0,60,2
3tier_nb,16,83,4,0.005399999999999995,0.00536870912,0.005828380584715909,12500000000.0,120,2
3tier_nb,16,83,8,0.005399999999999995,0.00536870912,0.005828380584715909,12500000000.0,229,3
3tier_nb,16,83,16,0.005399999999999995,0.00536870912,0.005828380584715909,12500000000.0,415,6
3tier_nb,16,83,32,0.005399999999999995,0.00536870912,0.005828380584715909,12500000000.0,671,7
3tier_os2,16,83,1,0.021500000000000102,0.02147483648,0.0011717677116442893,3125000000.0,31,2
3tier_os2,16,83,2,0.010749999999999963,0.01073741824,0.0011717677116360736,6250000000.0,60,2
3tier_os2,16,83,4,0.005399999999999995,0.00536870912,0.005828380584715909,12500000000.0,120,2
3tier_os2,16,83,8,0.005399999999999995,0.00536870912,0.005828380584715909,12500000000.0,229,3
3tier_os2,16,83,16,0.005399999999999995,0.00536870912,0.005828380584715909,12500000000.0,415,6
3tier_os2,16,83,32,0.005399999999999995,0.00536870912,0.005828380584715909,12500000000.0,671,7
3tier_os4,16,83,1,0.04295000000000072,0.04294967296,7.614493386709498e-06,1562500000.0,31,2
3tier_os4,16,83,2,0.021500000000000102,0.02147483648,0.0011717677116442893,3125000000.0,60,2
3tier_os4,16,83,4,0.010749999999999963,0.008589934592,0.25146470963954504,7812500000.0,120,2
3tier_os4,16,83,8,0.008099999999999979,0.006135667565714287,0.320149749517437,10937499999.999998,229,3
3tier_os4,16,83,16,0.008099999999999979,0.0056021312556521746,0.4458782970905264,11979166666.666666,415,6
3tier_os4,16,83,32,0.005399999999999995,0.00536870912,0.005828380584715909,12500000000.0,671,7
2tier,16,83,1,0.010749999999999963,0.01073741824,0.0011717677116360736,6250000000.0,29,2
2tier,16,83,2,0.005399999999999995,0.00536870912,0.005828380584715909,12500000000.0,53,2
2tier,16,83,4,0.005399999999999995,0.00536870912,0.005828380584715909,12500000000.0,89,3
2tier,16,83,8,0.005399999999999995,0.00536870912,0.005828380584715909,12500000000.0,117,7
2tier,16,83,16,0.005399999999999995,0.00536870912,0.005828380584715909,12500000000.0,150,8
2tier,16,83,32,0.005399999999999995,0.00536870912,0.005828380584715909,12500000000.0,159,14
3tier_nb,64,83,1,0.010749999999999963,0.01073741824,0.0011717677116360736,6250000000.0,116,2
3tier_nb,64,83,2,0.008099999999999979,0.00805306368,0.005828380584714132,8333333333.333333,219,2
3tier_nb,64,83,4,0.005399999999999995,0.00536870912,0.005828380584715909,12500000000.0,412,3
3tier_nb,64,83,8,0.005399999999999995,0.00536870912,0.005828380584715909,12500000000.0,735,4
3tier_nb,64,83,16,0.005399999999999995,0.00536870912,0.005828380584715909,12500000000.0,1176,7
3tier_nb,64,83,32,0.005399999999999995,0.00536870912,0.005828380584715909,12500000000.0,1622,9
3tier_os2,64,83,1,0.021500000000000102,0.02147483648,0.0011717677116442893,3125000000.0,116,2
3tier_os2,64,83,2,0.010749999999999963,0.01073741824,0.0011717677116360736,6250000000.0,219,2
3tier_os2,64,83,4,0.008099999999999979,0.006442450944,0.25728547573089267,10416666666.666666,412,3
3tier_os2,64,83,8,0.005399999999999995,0.00536870912,0.005828380584715909,12500000000.0,735,4
3tier_os2,64,83,16,0.005399999999999995,0.00536870912,0.005828380584715909,12500000000.0,1176,7
3tier_os2,64,83,32,0.005399999999999995,0.00536870912,0.005828380584715909,12500000000.0,1622,9
3tier_os4,64,83,1,0.04295000000000072,0.04294967296,7.614493386709498e-06,1562500000.0,116,2
3tier_os4,64,83,2,0.021500000000000102,0.02147483648,0.0011717677116442893,3125000000.0,219,2
3tier_os4,64,83,4,0.01614999999999995,0.01073741824,0.5040859580039931,6250000000.0,412,3
3tier_os4,64,83,8,0.010749999999999963,0.007809031447272728,0.3766111806034993,8593750000.0,735,4
3tier_os4,64,83,16,0.009399999999999971,0.005748522193499044,0.6352028719016434,11674107142.857143,1176,7
3tier_os4,64,83,32,0.006049999999999991,0.005406252540419581,0.1190746186508056,12413194444.444443,1622,9
2tier,64,83,1,0.021500000000000102,0.02147483648,0.0011717677116442893,3125000000.0,88,4
2tier,64,83,2,0.013449999999999946,0.0134217728,0.002103090286250886,5000000000.0,150,5
2tier,64,83,4,0.010749999999999963,0.008589934592,0.25146470963954504,7812500000.0,213,8
2tier,64,83,8,0.008099999999999979,0.006442450944,0.25728547573089267,10416666666.666666,247,12
2tier,64,83,16,0.006399999999999989,0.005828884187428571,0.09798029849403589,11513157894.736843,255,19
2tier,64,83,32,0.005399999999999995,0.00536870912,0.005828380584715909,12500000000.0,256,31
3tier_nb,16,84,1,0.010749999999999963,0.01073741824,0.0011717677116360736,6250000000.0,29,2
3tier_nb,16,84,2,0.008099999999999979,0.00805306368,0.005828380584714132,8333333333.333333,59,3
3tier_nb,16,84,4,0.005399999999999995,0.00536870912,0.005828380584715909,12500000000.0,121,3
3tier_nb,16,84,8,0.005399999999999995,0.00536870912,0.005828380584715909,12500000000.0,234,3
3tier_nb,16,84,16,0.005399999999999995,0.00536870912,0.005828380584715909,12500000000.0,443,4
3tier_nb,16,84,32,0.005399999999999995,0.00536870912,0.005828380584715909,12500000000.0,726,7
3tier_os2,16,84,1,0.021500000000000102,0.02147483648,0.0011717677116442893,3125000000.0,29,2
3tier_os2,16,84,2,0.01614999999999995,0.01610612736,0.002723972002661945,4166666666.6666665,59,3
3tier_os2,16,84,4,0.008099999999999979,0.006442450944,0.25728547573089267,10416666666.666666,121,3
3tier_os2,16,84,8,0.005399999999999995,0.00536870912,0.005828380584715909,12500000000.0,234,3
3tier_os2,16,84,16,0.005399999999999995,0.00536870912,0.005828380584715909,12500000000.0,443,4
3tier_os2,16,84,32,0.005399999999999995,0.00536870912,0.005828380584715909,12500000000.0,726,7
3tier_os4,16,84,1,0.04295000000000072,0.04294967296,7.614493386709498e-06,1562500000.0,29,2
3tier_os4,16,84,2,0.03225000000000041,0.03221225472,0.0011717677116520608,2083333333.3333333,59,3
3tier_os4,16,84,4,0.01614999999999995,0.008589934592,0.8801074475049913,7812500000.0,121,3
3tier_os4,16,84,8,0.008099999999999979,0.005856773585454546,0.3830140233039818,11458333333.333332,234,3
3tier_os4,16,84,16,0.005399999999999995,0.00536870912,0.005828380584715909,12500000000.0,443,4
3tier_os4,16,84,32,0.005399999999999995,0.00536870912,0.005828380584715909,12500000000.0,726,7
2tier,16,84,1,0.005399999999999995,0.00536870912,0.005828380584715909,12500000000.0,30,1
2tier,16,84,2,0.005399999999999995,0.00536870912,0.005828380584715909,12500000000.0,54,2
2tier,16,84,4,0.005399999999999995,0.00536870912,0.005828380584715909,12500000000.0,88,4
2tier,16,84,8,0.005399999999999995,0.00536870912,0.005828380584715909,12500000000.0,124,7
2tier,16,84,16,0.005399999999999995,0.00536870912,0.005828380584715909,12500000000.0,169,9
2tier,16,84,32,0.005399999999999995,0.00536870912,0.005828380584715909,12500000000.0,185,15
3tier_nb,64,84,1,0.010749999999999963,0.01073741824,0.0011717677116360736,6250000000.0,111,2
3tier_nb,64,84,2,0.008099999999999979,0.00805306368,0.005828380584714132,8333333333.333333,217,3
3tier_nb,64,84,4,0.005399999999999995,0.00536870912,0.005828380584715909,12500000000.0,414,4
3tier_nb,64,84,8,0.005399999999999995,0.00536870912,0.005828380584715909,12500000000.0,712,5
3tier_nb,64,84,16,0.005399999999999995,0.00536870912,0.005828380584715909,12500000000.0,1130,6
3tier_nb,64,84,32,0.005399999999999995,0.00536870912,0.005828380584715909,12500000000.0,1581,10
3tier_os2,64,84,1,0.021500000000000102,0.02147483648,0.0011717677116442893,3125000000.0,111,2
3tier_os2,64,84,2,0.01614999999999995,0.01610612736,0.002723972002661945,4166666666.6666665,217,3
3tier_os2,64,84,4,0.010749999999999963,0.007158278826666666,0.501757651567454,9375000000.0,414,4
3tier_os2,64,84,8,0.006749999999999987,0.005506368328205128,0.22585333883762115,12187500000.0,712,5
3tier_os2,64,84,16,0.005399999999999995,0.00536870912,0.005828380584715909,12500000000.0,1130,6
3tier_os2,64,84,32,0.005399999999999995,0.00536870912,0.005828380584715909,12500000000.0,1581,10
3tier_os4,64,84,1,0.04295000000000072,0.04294967296,7.614493386709498e-06,1562500000.0,111,2
3tier_os4,64,84,2,0.03225000000000041,0.03221225472,0.0011717677116520608,2083333333.3333333,217,3
3tier_os4,64,84,4,0.021500000000000102,0.01227133513142857,0.7520505934953774,5468750000.0,414,4
3tier_os4,64,84,8,0.013449999999999946,0.007079616421978021,0.8998204420010176,9479166666.666668,712,5
3tier_os4,64,84,16,0.008099999999999979,0.006077783909433963,0.3327226042747462,11041666666.666666,1130,6
3tier_os4,64,84,32,0.006749999999999987,0.005490725236363637,0.2293457984924292,12222222222.222221,1581,10
2tier,64,84,1,0.01614999999999995,0.01610612736,0.002723972002661945,4166666666.6666665,106,3
2tier,64,84,2,0.013449999999999946,0.0134217728,0.002103090286250886,5000000000.0,162,5
2tier,64,84,4,0.009399999999999971,0.007911781861052632,0.1881015130451711,8482142857.142857,214,7
2tier,64,84,8,0.008099999999999979,0.006573929534693879,0.23213976621627475,10208333333.333332,251,12
2tier,64,84,16,0.008099999999999979,0.0063844108454054055,0.2687153436920826,10511363636.363636,256,24
2tier,64,84,32,0.00624999999999999,0.005633021305899961,0.10952891185655789,11913475975.975975,256,37
3tier_nb,16,88,1,0.005399999999999995,0.00536870912,0.005828380584715909,12500000000.0,32,1
3tier_nb,16,88,2,0.005399999999999995,0.00536870912,0.005828380584715909,12500000000.0,64,1
3tier_nb,16,88,4,0.005399999999999995,0.00536870912,0.005828380584715909,12500000000.0,124,2
3tier_nb,16,88,8,0.005399999999999995,0.00536870912,0.005828380584715909,12500000000.0,242,3
3tier_nb,16,88,16,0.005399999999999995,0.00536870912,0.005828380584715909,12500000000.0,439,3
3tier_nb,16,88,32,0.005399999999999995,0.00536870912,0.005828380584715909,12500000000.0,733,5
3tier_os2,16,88,1,0.010749999999999963,0.01073741824,0.0011717677116360736,6250000000.0,32,1
3tier_os2,16,88,2,0.005399999999999995,0.00536870912,0.005828380584715909,12500000000.0,64,1
3tier_os2,16,88,4,0.005399999999999995,0.00536870912,0.005828380584715909,12500000000.0,124,2
3tier_os2,16,88,8,0.005399999999999995,0.00536870912,0.005828380584715909,12500000000.0,242,3
3tier_os2,16,88,16,0.005399999999999995,0.00536870912,0.005828380584715909,12500000000.0,439,3
3tier_os2,16,88,32,0.005399999999999995,0.00536870912,0.005828380584715909,12500000000.0,733,5
3tier_os4,16,88,1,0.021500000000000102,0.02147483648,0.0011717677116442893,3125000000.0,32,1
3tier_os4,16,88,2,0.010749999999999963,0.01073741824,0.0011717677116360736,6250000000.0,64,1
3tier_os4,16,88,4,0.010749999999999963,0.007158278826666666,0.501757651567454,9375000000.0,124,2
3tier_os4,16,88,8,0.008099999999999979,0.005856773585454546,0.3830140233039818,11458333333.333332,242,3
3tier_os4,16,88,16,0.005399999999999995,0.00536870912,0.005828380584715909,12500000000.0,439,3
3tier_os4,16,88,32,0.005399999999999995,0.00536870912,0.005828380584715909,12500000000.0,733,5
2tier,16,88,1,0.005399999999999995,0.00536870912,0.005828380584715909,12500000000.0,32,1
2tier,16,88,2,0.005399999999999995,0.00536870912,0.005828380584715909,12500000000.0,60,2
2tier,16,88,4,0.005399999999999995,0.00536870912,0.005828380584715909,12500000000.0,96,3
2tier,16,88,8,0.005399999999999995,0.00536870912,0.005828380584715909,12500000000.0,135,5
2tier,16,88,16,0.005399999999999995,0.00536870912,0.005828380584715909,12500000000.0,182,8
2tier,16,88,32,0.005399999999999995,0.00536870912,0.005828380584715909,12500000000.0,192,16
3tier_nb,64,88,1,0.010749999999999963,0.01073741824,0.0011717677116360736,6250000000.0,120,2
3tier_nb,64,88,2,0.008099999999999979,0.00805306368,0.005828380584714132,8333333333.333333,230,3
3tier_nb,64,88,4,0.006749999999999987,0.006316128376470588,0.0686926543712596,10625000000.0,428,3
3tier_nb,64,88,8,0.005399999999999995,0.00536870912,0.005828380584715909,12500000000.0,763,4
3tier_nb,64,88,16,0.005399999999999995,0.00536870912,0.005828380584715909,12500000000.0,1207,5
3tier_nb,64,88,32,0.005399999999999995,0.00536870912,0.005828380584715909,12500000000.0,1658,8
3tier_os2,64,88,1,0.021500000000000102,0.02147483648,0.0011717677116442893,3125000000.0,120,2
3tier_os2,64,88,2,0.01614999999999995,0.01610612736,0.002723972002661945,4166666666.6666665,230,3
3tier_os2,64,88,4,0.008099999999999979,0.006442450944,0.25728547573089267,10416666666.666666,428,3
3tier_os2,64,88,8,0.005399999999999995,0.00536870912,0.005828380584715909,12500000000.0,763,4
3tier_os2,64,88,16,0.005399999999999995,0.00536870912,0.005828380584715909,12500000000.0,1207,5
3tier_os2,64,88,32,0.005399999999999995,0.00536870912,0.005828380584715909,12500000000.0,1658,8
3tier_os4,64,88,1,0.04295000000000072,0.04294967296,7.614493386709498e-06,1562500000.0,120,2
3tier_os4,64,88,2,0.03225000000000041,0.03221225472,0.0011717677116520608,2083333333.3333333,230,3
3tier_os4,64,88,4,0.01614999999999995,0.01073741824,0.5040859580039931,6250000000.0,428,3
3tier_os4,64,88,8,0.010749999999999963,0.007158278826666666,0.501757651567454,9375000000.0,763,4
3tier_os4,64,88,16,0.006749999999999987,0.0057266230613333335,0.17870513349771278,11718750000.0,1207,5
3tier_os4,64,88,32,0.005399999999999995,0.00536870912,0.005828380584715909,12500000000.0,1658,8
2tier,64,88,1,0.01614999999999995,0.01610612736,0.002723972002661945,4166666666.6666665,95,3
2tier,64,88,2,0.010749999999999963,0.01073741824,0.0011717677116360736,6250000000.0,149,4
2tier,64,88,4,0.009399999999999971,0.007911781861052632,0.1881015130451711,8482142857.142858,210,7
2tier,64,88,8,0.008749999999999975,0.007067667702278481,0.23803217250566866,9495192307.692308,239,13
2tier,64,88,16,0.006399999999999989,0.00564736184249135,0.13327252237420129,11883223684.210526,253,19
2tier,64,88,32,0.006049999999999991,0.0055819069550902545,0.0838589837981576,12022569444.44444,255,36
3tier_nb,16,85,1,0.005399999999999995,0.00536870912,0.005828380584715909,12500000000.0,30,1
3tier_nb,16,85,2,0.005399999999999995,0.00536870912,0.005828380584715909,12500000000.0,60,1
3tier_nb,16,85,4,0.005399999999999995,0.00536870912,0.005828380584715909,12500000000.0,116,2
3tier_nb,16,85,8,0.005399999999999995,0.00536870912,0.005828380584715909,12500000000.0,226,2
3tier_nb,16,85,16,0.005399999999999995,0.00536870912,0.005828380584715909,12500000000.0,408,3
3tier_nb,16,85,32,0.005399999999999995,0.00536870912,0.005828380584715909,12500000000.0,702,5
3tier_os2,16,85,1,0.010749999999999963,0.01073741824,0.0011717677116360736,6250000000.0,30,1
3tier_os2,16,85,2,0.005399999999999995,0.00536870912,0.005828380584715909,12500000000.0,60,1
3tier_os2,16,85,4,0.005399999999999995,0.00536870912,0.005828380584715909,12500000000.0,116,2
3tier_os2,16,85,8,0.005399999999999995,0.00536870912,0.005828380584715909,12500000000.0,226,2
3tier_os2,16,85,16,0.005399999999999995,0.00536870912,0.005828380584715909,12500000000.0,408,3
3tier_os2,16,85,32,0.005399999999999995,0.00536870912,0.005828380584715909,12500000000.0,702,5
3tier_os4,16,85,1,0.021500000000000102,0.02147483648,0.0011717677116442893,3125000000.0,30,1
3tier_os4,16,85,2,0.010749999999999963,0.01073741824,0.0011717677116360736,6250000000.0,60,1
3tier_os4,16,85,4,0.010749999999999963,0.007158278826666666,0.501757651567454,9375000000.0,116,2
3tier_os4,16,85,8,0.005399999999999995,0.00536870912,0.005828380584715909,12500000000.0,226,2
3tier_os4,16,85,16,0.005399999999999995,0.00536870912,0.005828380584715909,12500000000.0,408,3
3tier_os4,16,85,32,0.005399999999999995,0.00536870912,0.005828380584715909,12500000000.0,702,5
2tier,16,85,1,0.010749999999999963,0.01073741824,0.0011717677116360736,6250000000.0,29,2
2tier,16,85,2,0.008099999999999979,0.00805306368,0.005828380584714132,8333333333.333333,52,3
2tier,16,85,4,0.005399999999999995,0.00536870912,0.005828380584715909,12500000000.0,85,4
2tier,16,85,8,0.005399999999999995,0.00536870912,0.005828380584715909,12500000000.0,124,6
2tier,16,85,16,0.005399999999999995,0.00536870912,0.005828380584715909,12500000000.0,169,9
2tier,16,85,32,0.005399999999999995,0.00536870912,0.005828380584715909,12500000000.0,192,15
3tier_nb,64,85,1,0.010749999999999963,0.01073741824,0.0011717677116360736,6250000000.0,118,2
3tier_nb,64,85,2,0.008099999999999979,0.00805306368,0.005828380584714132,8333333333.333333,231,3
3tier_nb,64,85,4,0.005399999999999995,0.00536870912,0.005828380584715909,12500000000.0,440,3
3tier_nb,64,85,8,0.005399999999999995,0.00536870912,0.005828380584715909,12500000000.0,782,4
3tier_nb,64,85,16,0.005399999999999995,0.00536870912,0.005828380584715909,12500000000.0,1248,7
3tier_nb,64,85,32,0.005399999999999995,0.00536870912,0.005828380584715909,12500000000.0,1700,12
3tier_os2,64,85,1,0.021500000000000102,0.02147483648,0.0011717677116442893,3125000000.0,118,2
3tier_os2,64,85,2,0.01614999999999995,0.012884901888,0.25340496500332743,5208333333.333333,231,3
3tier_os2,64,85,4,0.008099999999999979,0.007158278826666666,0.1315569281578035,9375000000.0,440,3
3tier_os2,64,85,8,0.005399999999999995,0.00536870912,0.005828380584715909,12500000000.0,782,4
3tier_os2,64,85,16,0.005399999999999995,0.00536870912,0.005828380584715909,12500000000.0,1248,7
3tier_os2,64,85,32,0.005399999999999995,0.00536870912,0.005828380584715909,12500000000.0,1700,12
3tier_os4,64,85,1,0.04295000000000072,0.04294967296,7.614493386709498e-06,1562500000.0,118,2
3tier_os4,64,85,2,0.03225000000000041,0.025769803776,0.251464709639565,2604166666.6666665,231,3
3tier_os4,64,85,4,0.01614999999999995,0.011713547170909092,0.3787454615036603,5729166666.666666,440,3
3tier_os4,64,85,8,0.010749999999999963,0.006781527309473685,0.5851886322100899,9895833333.333332,782,4
3tier_os4,64,85,16,0.009399999999999971,0.005973133325562913,0.5737134076300077,11235119047.61905,1248,7
3tier_os4,64,85,32,0.008099999999999979,0.005643022724671533,0.4354009181261025,11892361111.11111,1700,12
2tier,64,85,1,0.01614999999999995,0.01610612736,0.002723972002661945,4166666666.6666665,93,3
2tier,64,85,2,0.013449999999999946,0.0134217728,0.002103090286250886,5000000000.0,155,5
2tier,64,85,4,0.009399999999999971,0.007643585865762713,0.2297892854327208,8779761904.761904,208,7
2tier,64,85,8,0.009399999999999971,0.006593151550877193,0.4257218156542053,10178571428.571428,247,14
2tier,64,85,16,0.007049999999999985,0.005918947402709902,0.19109015849207367,11337972689.07563,254,21
2tier,64,85,32,0.006549999999999988,0.0057909671406741565,0.1310718643168589,11588541666.666668,256,39
3tier_nb,16,86,1,0.005399999999999995,0.00536870912,0.005828380584715909,12500000000.0,26,1
3tier_nb,16,86,2,0.005399999999999995,0.00536870912,0.005828380584715909,12500000000.0,52,1
3tier_nb,16,86,4,0.005399999999999995,0.00536870912,0.005828380584715909,12500000000.0,98,2
3tier_nb,16,86,8,0.005399999999999995,0.00536870912,0.005828380584715909,12500000000.0,185,3
3tier_nb,16,86,16,0.005399999999999995,0.00536870912,0.005828380584715909,12500000000.0,350,3
3tier_nb,16,86,32,0.005399999999999995,0.00536870912,0.005828380584715909,12500000000.0,604,5
3tier_os2,16,86,1,0.010749999999999963,0.01073741824,0.0011717677116360736,6250000000.0,26,1
3tier_os2,16,86,2,0.005399999999999995,0.00536870912,0.005828380584715909,12500000000.0,52,1
3tier_os2,16,86,4,0.005399999999999995,0.00536870912,0.005828380584715909,12500000000.0,98,2
3tier_os2,16,86,8,0.005399999999999995,0.00536870912,0.005828380584715909,12500000000.0,185,3
3tier_os2,16,86,16,0.005399999999999995,0.00536870912,0.005828380584715909,12500000000.0,350,3
3tier_os2,16,86,32,0.005399999999999995,0.00536870912,0.005828380584715909,12500000000.0,604,5
3tier_os4,16,86,1,0.021500000000000102,0.02147483648,0.0011717677116442893,3125000000.0,26,1
3tier_os4,16,86,2,0.010749999999999963,0.01073741824,0.0011717677116360736,6250000000.0,52,1
3tier_os4,16,86,4,0.010749999999999963,0.008589934592,0.25146470963954504,7812500000.0,98,2
3tier_os4,16,86,8,0.008099999999999979,0.005856773585454545,0.38301402330398204,11458333333.333334,185,3
3tier_os4,16,86,16,0.005399999999999995,0.00536870912,0.005828380584715909,12500000000.0,350,3
3tier_os4,16,86,32,0.005399999999999995,0.00536870912,0.005828380584715909,12500000000.0,604,5
2tier,16,86,1,0.010749999999999963,0.01073741824,0.0011717677116360736,6250000000.0,24,2
2tier,16,86,2,0.008099999999999979,0.00805306368,0.005828380584714132,8333333333.333333,43,3
2tier,16,86,4,0.005399999999999995,0.00536870912,0.005828380584715909,12500000000.0,69,4
2tier,16,86,8,0.005399999999999995,0.00536870912,0.005828380584715909,12500000000.0,119,5
2tier,16,86,16,0.005399999999999995,0.00536870912,0.005828380584715909,12500000000.0,145,10
2tier,16,86,32,0.005399999999999995,0.00536870912,0.005828380584715909,12500000000.0,159,15
3tier_nb,64,86,1,0.010749999999999963,0.01073741824,0.0011717677116360736,6250000000.0,115,2
3tier_nb,64,86,2,0.008099999999999979,0.00805306368,0.005828380584714132,8333333333.333333,225,2
3tier_nb,64,86,4,0.006749999999999987,0.0067108864,0.0058283805847147985,10000000000.0,426,3
3tier_nb,64,86,8,0.005399999999999995,0.00536870912,0.005828380584715909,12500000000.0,753,4
3tier_nb,64,86,16,0.005399999999999995,0.00536870912,0.005828380584715909,12500000000.0,1199,7
3tier_nb,64,86,32,0.005399999999999995,0.00536870912,0.005828380584715909,12500000000.0,1648,9
3tier_os2,64,86,1,0.021500000000000102,0.02147483648,0.0011717677116442893,3125000000.0,115,2
3tier_os2,64,86,2,0.010749999999999963,0.01073741824,0.0011717677116360736,6250000000.0,225,2
3tier_os2,64,86,4,0.008099999999999979,0.0067108864,0.20699405670165705,10000000000.0,426,3
3tier_os2,64,86,8,0.005399999999999995,0.00536870912,0.005828380584715909,12500000000.0,753,4
3tier_os2,64,86,16,0.005399999999999995,0.00536870912,0.005828380584715909,12500000000.0,1199,7
3tier_os2,64,86,32,0.005399999999999995,0.00536870912,0.005828380584715909,12500000000.0,1648,9
3tier_os4,64,86,1,0.04295000000000072,0.04294967296,7.614493386709498e-06,1562500000.0,115,2
3tier_os4,64,86,2,0.021500000000000102,0.02147483648,0.0011717677116442893,3125000000.0,225,2
3tier_os4,64,86,4,0.01614999999999995,0.01171354717090909,0.3787454615036603,5729166666.666667,426,3
3tier_os4,64,86,8,0.010749999999999963,0.007158278826666666,0.501757651567454,9375000000.0,753,4
3tier_os4,64,86,16,0.009399999999999971,0.005895053151372549,0.5945572938237822,11383928571.428572,1199,7
3tier_os4,64,86,32,0.006049999999999991,0.005425221847578947,0.11516177033384478,12369791666.666668,1648,9
2tier,64,86,1,0.01614999999999995,0.01610612736,0.002723972002661945,4166666666.6666665,89,3
2tier,64,86,2,0.010749999999999963,0.01073741824,0.0011717677116360736,6250000000.0,156,4
2tier,64,86,4,0.008099999999999979,0.007158278826666666,0.1315569281578035,9375000000.0,214,6
2tier,64,86,8,0.007399999999999983,0.006471868528219179,0.14341012456200053,10369318181.81818,239,11
2tier,64,86,16,0.006049999999999991,0.005561828153093524,0.08777183211511885,12065972222.222223,254,18
2tier,64,86,32,0.005749999999999993,0.005448839106865671,0.055270652560625466,12316176470.588236,256,34
3tier_nb,16,89,1,0.005399999999999995,0.00536870912,0.005828380584715909,12500000000.0,30,1
3tier_nb,16,89,2,0.005399999999999995,0.00536870912,0.005828380584715909,12500000000.0,58,2
3tier_nb,16,89,4,0.005399999999999995,0.00536870912,0.005828380584715909,12500000000.0,115,2
3tier_nb,16,89,8,0.005399999999999995,0.00536870912,0.005828380584715909,12500000000.0,225,2
3tier_nb,16,89,16,0.005399999999999995,0.00536870912,0.005828380584715909,12500000000.0,406,4
3tier_nb,16,89,32,0.005399999999999995,0.00536870912,0.005828380584715909,12500000000.0,695,5
3tier_os2,16,89,1,0.010749999999999963,0.01073741824,0.0011717677116360736,6250000000.0,30,1
3tier_os2,16,89,2,0.010749999999999963,0.01073741824,0.0011717677116360736,6250000000.0,58,2
3tier_os2,16,89,4,0.005399999999999995,0.00536870912,0.005828380584715909,12500000000.0,115,2
3tier_os2,16,89,8,0.005399999999999995,0.00536870912,0.005828380584715909,12500000000.0,225,2
3tier_os2,16,89,16,0.005399999999999995,0.00536870912,0.005828380584715909,12500000000.0,406,4
3tier_os2,16,89,32,0.005399999999999995,0.00536870912,0.005828380584715909,12500000000.0,695,5
3tier_os4,16,89,1,0.021500000000000102,0.02147483648,0.0011717677116442893,3125000000.0,30,1
3tier_os4,16,89,2,0.021500000000000102,0.02147483648,0.0011717677116442893,3125000000.0,58,2
3tier_os4,16,89,4,0.010749999999999963,0.007158278826666666,0.501757651567454,9375000000.0,115,2
3tier_os4,16,89,8,0.005399999999999995,0.00536870912,0.005828380584715909,12500000000.0,225,2
3tier_os4,16,89,16,0.005399999999999995,0.00536870912,0.005828380584715909,12500000000.0,406,4
3tier_os4,16,89,32,0.005399999999999995,0.00536870912,0.005828380584715909,12500000000.0,695,5
2tier,16,89,1,0.010749999999999963,0.01073741824,0.0011717677116360736,6250000000.0,28,2
2tier,16,89,2,0.005399999999999995,0.00536870912,0.005828380584715909,12500000000.0,55,2
2tier,16,89,4,0.005399999999999995,0.00536870912,0.005828380584715909,12500000000.0,94,4
2tier,16,89,8,0.005399999999999995,0.00536870912,0.005828380584715909,12500000000.0,131,5
2tier,16,89,16,0.005399999999999995,0.00536870912,0.005828380584715909,12500000000.0,163,9
2tier,16,89,32,0.005399999999999995,0.00536870912,0.005828380584715909,12500000000.0,175,14
3tier_nb,64,89,1,0.010749999999999963,0.01073741824,0.0011717677116360736,6250000000.0,113,2
3tier_nb,64,89,2,0.008099999999999979,0.00805306368,0.005828380584714132,8333333333.333333,211,3
3tier_nb,64,89,4,0.005399999999999995,0.00536870912,0.005828380584715909,12500000000.0,406,3
3tier_nb,64,89,8,0.005399999999999995,0.00536870912,0.005828380584715909,12500000000.0,725,4
3tier_nb,64,89,16,0.005399999999999995,0.00536870912,0.005828380584715909,12500000000.0,1182,6
3tier_nb,64,89,32,0.005399999999999995,0.00536870912,0.005828380584715909,12500000000.0,1632,8
3tier_os2,64,89,1,0.021500000000000102,0.02147483648,0.0011717677116442893,3125000000.0,113,2
3tier_os2,64,89,2,0.01614999999999995,0.01610612736,0.002723972002661945,4166666666.6666665,211,3
3tier_os2,64,89,4,0.008099999999999979,0.006442450944,0.25728547573089267,10416666666.666666,406,3
3tier_os2,64,89,8,0.005399999999999995,0.00536870912,0.005828380584715909,12500000000.0,725,4
3tier_os2,64,89,16,0.005399999999999995,0.00536870912,0.005828380584715909,12500000000.0,1182,6
3tier_os2,64,89,32,0.005399999999999995,0.00536870912,0.005828380584715909,12500000000.0,1632,8
3tier_os4,64,89,1,0.04295000000000072,0.04294967296,7.614493386709498e-06,1562500000.0,113,2
3tier_os4,64,89,2,0.03225000000000041,0.03221225472,0.0011717677116520608,2083333333.3333333,211,3
3tier_os4,64,89,4,0.01614999999999995,0.011713547170909092,0.3787454615036603,5729166666.666666,406,3
3tier_os4,64,89,8,0.010749999999999963,0.0067815273094736835,0.5851886322100903,9895833333.333334,725,4
3tier_os4,64,89,16,0.008099999999999979,0.005856773585454545,0.38301402330398204,11458333333.333334,1182,6
3tier_os4,64,89,32,0.005399999999999995,0.00536870912,0.005828380584715909,12500000000.0,1632,8
2tier,64,89,1,0.01614999999999995,0.01610612736,0.002723972002661945,4166666666.6666665,104,3
2tier,64,89,2,0.013449999999999946,0.0134217728,0.002103090286250886,5000000000.0,169,5
2tier,64,89,4,0.012099999999999955,0.01073741824,0.12690031528472479,6250000000.0,220,9
2tier,64,89,8,0.009399999999999971,0.007332870993170732,0.28189900091715825,9151785714.285713,252,14
2tier,64,89,16,0.007049999999999985,0.005992977622325581,0.17637682706117386,11197916666.666668,256,21
2tier,64,89,32,0.005899999999999992,0.005486272093430657,0.07541148151670041,12232142857.142857,256,35
3tier_nb,16,87,1,0.005399999999999995,0.00536870912,0.005828380584715909,12500000000.0,32,1
3tier_nb,16,87,2,0.005399999999999995,0.00536870912,0.005828380584715909,12500000000.0,63,2
3tier_nb,16,87,4,0.005399999999999995,0.00536870912,0.005828380584715909,12500000000.0,125,2
3tier_nb,16,87,8,0.005399999999999995,0.00536870912,0.005828380584715909,12500000000.0,232,2
3tier_nb,16,87,16,0.005399999999999995,0.00536870912,0.005828380584715909,12500000000.0,426,3
3tier_nb,16,87,32,0.005399999999999995,0.00536870912,0.005828380584715909,12500000000.0,681,4
3tier_os2,16,87,1,0.010749999999999963,0.01073741824,0.0011717677116360736,6250000000.0,32,1
3tier_os2,16,87,2,0.010749999999999963,0.007158278826666666,0.501757651567454,9375000000.0,63,2
3tier_os2,16,87,4,0.005399999999999995,0.00536870912,0.005828380584715909,12500000000.0,125,2
3tier_os2,16,87,8,0.005399999999999995,0.00536870912,0.005828380584715909,12500000000.0,232,2
3tier_os2,16,87,16,0.005399999999999995,0.00536870912,0.005828380584715909,12500000000.0,426,3
3tier_os2,16,87,32,0.005399999999999995,0.00536870912,0.005828380584715909,12500000000.0,681,4
3tier_os4,16,87,1,0.021500000000000102,0.02147483648,0.0011717677116442893,3125000000.0,32,1
3tier_os4,16,87,2,0.021500000000000102,0.014316557653333332,0.5017576515674664,4687500000.0,63,2
3tier_os4,16,87,4,0.010749999999999963,0.006135667565714285,0.752050593495363,10937500000.0,125,2
3tier_os4,16,87,8,0.005399999999999995,0.00536870912,0.005828380584715909,12500000000.0,232,2
3tier_os4,16,87,16,0.005399999999999995,0.00536870912,0.005828380584715909,12500000000.0,426,3
3tier_os4,16,87,32,0.005399999999999995,0.00536870912,0.005828380584715909,12500000000.0,681,4
2tier,16,87,1,0.010749999999999963,0.01073741824,0.0011717677116360736,6250000000.0,31,2
2tier,16,87,2,0.005399999999999995,0.00536870912,0.005828380584715909,12500000000.0,53,2
2tier,16,87,4,0.005399999999999995,0.00536870912,0.005828380584715909,12500000000.0,90,4
2tier,16,87,8,0.005399999999999995,0.00536870912,0.005828380584715909,12500000000.0,125,8
2tier,16,87,16,0.005399999999999995,0.00536870912,0.005828380584715909,12500000000.0,152,12
2tier,16,87,32,0.005399999999999995,0.00536870912,0.005828380584715909,12500000000.0,160,19
3tier_nb,64,87,1,0.010749999999999963,0.01073741824,0.0011717677116360736,6250000000.0,120,2
3tier_nb,64,87,2,0.008099999999999979,0.00805306368,0.005828380584714132,8333333333.333333,225,2
3tier_nb,64,87,4,0.006749999999999987,0.006316128376470588,0.0686926543712596,10625000000.0,426,3
3tier_nb,64,87,8,0.005399999999999995,0.00536870912,0.005828380584715909,12500000000.0,741,4
3tier_nb,64,87,16,0.005399999999999995,0.00536870912,0.005828380584715909,12500000000.0,1206,5
3tier_nb,64,87,32,0.005399999999999995,0.00536870912,0.005828380584715909,12500000000.0,1578,10
3tier_os2,64,87,1,0.021500000000000102,0.02147483648,0.0011717677116442893,3125000000.0,120,2
3tier_os2,64,87,2,0.010749999999999963,0.01073741824,0.0011717677116360736,6250000000.0,225,2
3tier_os2,64,87,4,0.008099999999999979,0.006573929534693879,0.23213976621627475,10208333333.333332,426,3
3tier_os2,64,87,8,0.005399999999999995,0.00536870912,0.005828380584715909,12500000000.0,741,4
3tier_os2,64,87,16,0.005399999999999995,0.00536870912,0.005828380584715909,12500000000.0,1206,5
3tier_os2,64,87,32,0.005399999999999995,0.00536870912,0.005828380584715909,12500000000.0,1578,10
3tier_os4,64,87,1,0.04295000000000072,0.04294967296,7.614493386709498e-06,1562500000.0,120,2
3tier_os4,64,87,2,0.021500000000000102,0.02147483648,0.0011717677116442893,3125000000.0,225,2
3tier_os4,64,87,4,0.01614999999999995,0.012884901888,0.25340496500332743,5208333333.333333,426,3
3tier_os4,64,87,8,0.010749999999999963,0.007158278826666666,0.501757651567454,9375000000.0,741,4
3tier_os4,64,87,16,0.006749999999999987,0.005804009859459459,0.16298906505107658,11562500000.0,1206,5
3tier_os4,64,87,32,0.006749999999999987,0.005506368328205128,0.22585333883762115,12187500000.0,1578,10
2tier,64,87,1,0.01614999999999995,0.01610612736,0.002723972002661945,4166666666.6666665,107,3
2tier,64,87,2,0.01614999999999995,0.01610612736,0.002723972002661945,4166666666.6666665,165,6
2tier,64,87,4,0.012099999999999955,0.00920350134857143,0.31471703449884547,7291666666.666666,208,9
2tier,64,87,8,0.006749999999999987,0.006135667565714285,0.100124791264532,10937500000.0,250,10
2tier,64,87,16,0.006399999999999989,0.00564736184249135,0.13327252237420129,11883223684.210526,256,19
2tier,64,87,32,0.00624999999999999,0.0055808179087620735,0.11990753007498745,12024915540.540537,256,37
3tier_nb,16,91,1,0.005399999999999995,0.00536870912,0.005828380584715909,12500000000.0,28,1
3tier_nb,16,91,2,0.005399999999999995,0.00536870912,0.005828380584715909,12500000000.0,53,2
3tier_nb,16,91,4,0.005399999999999995,0.00536870912,0.005828380584715909,12500000000.0,103,2
3tier_nb,16,91,8,0.005399999999999995,0.00536870912,0.005828380584715909,12500000000.0,197,3
3tier_nb,16,91,16,0.005399999999999995,0.00536870912,0.005828380584715909,12500000000.0,376,4
3tier_nb,16,91,32,0.005399999999999995,0.00536870912,0.005828380584715909,12500000000.0,634,6
3tier_os2,16,91,1,0.010749999999999963,0.01073741824,0.0011717677116360736,6250000000.0,28,1
3tier_os2,16,91,2,0.010749999999999963,0.01073741824,0.0011717677116360736,6250000000.0,53,2
3tier_os2,16,91,4,0.005399999999999995,0.00536870912,0.005828380584715909,12500000000.0,103,2
3tier_os2,16,91,8,0.005399999999999995,0.00536870912,0.005828380584715909,12500000000.0,197,3
3tier_os2,16,91,16,0.005399999999999995,0.00536870912,0.005828380584715909,12500000000.0,376,4
3tier_os2,16,91,32,0.005399999999999995,0.00536870912,0.005828380584715909,12500000000.0,634,6
3tier_os4,16,91,1,0.021500000000000102,0.02147483648,0.0011717677116442893,3125000000.0,28,1
3tier_os4,16,91,2,0.021500000000000102,0.02147483648,0.0011717677116442893,3125000000.0,53,2
3tier_os4,16,91,4,0.010749999999999963,0.007158278826666666,0.501757651567454,9375000000.0,103,2
3tier_os4,16,91,8,0.008099999999999979,0.006135667565714287,0.320149749517437,10937499999.999998,197,3
3tier_os4,16,91,16,0.005399999999999995,0.00536870912,0.005828380584715909,12500000000.0,376,4
3tier_os4,16,91,32,0.005399999999999995,0.00536870912,0.005828380584715909,12500000000.0,634,6
2tier,16,91,1,0.010749999999999963,0.01073741824,0.0011717677116360736,6250000000.0,27,2
2tier,16,91,2,0.005399999999999995,0.00536870912,0.005828380584715909,12500000000.0,51,2
2tier,16,91,4,0.005399999999999995,0.00536870912,0.005828380584715909,12500000000.0,86,3
2tier,16,91,8,0.005399999999999995,0.00536870912,0.005828380584715909,12500000000.0,124,7
2tier,16,91,16,0.005399999999999995,0.00536870912,0.005828380584715909,12500000000.0,159,10
2tier,16,91,32,0.005399999999999995,0.00536870912,0.005828380584715909,12500000000.0,170,14
3tier_nb,64,91,1,0.010749999999999963,0.01073741824,0.0011717677116360736,6250000000.0,105,2
3tier_nb,64,91,2,0.008099999999999979,0.00805306368,0.005828380584714132,8333333333.333333,202,2
3tier_nb,64,91,4,0.006749999999999987,0.0059652323555555555,0.13155692815780418,11250000000.0,382,4
3tier_nb,64,91,8,0.006049999999999991,0.0056845155388235286,0.06429474221335374,11805555555.555557,708,6
3tier_nb,64,91,16,0.005399999999999995,0.00536870912,0.005828380584715909,12500000000.0,1149,6
3tier_nb,64,91,32,0.005399999999999995,0.00536870912,0.005828380584715909,12500000000.0,1589,10
3tier_os2,64,91,1,0.021500000000000102,0.02147483648,0.0011717677116442893,3125000000.0,105,2
3tier_os2,64,91,2,0.010749999999999963,0.01073741824,0.0011717677116360736,6250000000.0,202,2
3tier_os2,64,91,4,0.010749999999999963,0.006442450944,0.6686196128527264,10416666666.666666,382,4
3tier_os2,64,91,8,0.008099999999999979,0.005856773585454546,0.3830140233039818,11458333333.333332,708,6
3tier_os2,64,91,16,0.005399999999999995,0.00536870912,0.005828380584715909,12500000000.0,1149,6
3tier_os2,64,91,32,0.005399999999999995,0.00536870912,0.005828380584715909,12500000000.0,1589,10
3tier_os4,64,91,1,0.04295000000000072,0.04294967296,7.614493386709498e-06,1562500000.0,105,2
3tier_os4,64,91,2,0.021500000000000102,0.02147483648,0.0011717677116442893,3125000000.0,202,2
3tier_os4,64,91,4,0.021500000000000102,0.012884901888,0.6686196128527402,5208333333.333333,382,4
3tier_os4,64,91,8,0.01614999999999995,0.007158278826666666,1.2561289370059896,9375000000.0,708,6
3tier_os4,64,91,16,0.008099999999999979,0.0057266230613333335,0.4144461601972542,11718750000.0,1149,6
3tier_os4,64,91,32,0.006749999999999987,0.005471295918471337,0.23371137306093925,12265625000.0,1589,10
2tier,64,91,1,0.01614999999999995,0.01610612736,0.002723972002661945,4166666666.6666665,103,3
2tier,64,91,2,0.010749999999999963,0.01073741824,0.0011717677116360736,6250000000.0,161,4
2tier,64,91,4,0.010749999999999963,0.009336885426086957,0.15134753286838132,7187500000.0,218,8
2tier,64,91,8,0.007399999999999983,0.005980334209620254,0.2373890389095623,11221590909.090908,247,11
2tier,64,91,16,0.006049999999999991,0.005602131255652174,0.079946135481197,11979166666.666668,256,18
2tier,64,91,32,0.005549999999999994,0.005404534633670162,0.026915428652003692,12417140151.515152,256,33
3tier_nb,16,92,1,0.005399999999999995,0.00536870912,0.005828380584715909,12500000000.0,30,1
3tier_nb,16,92,2,0.005399999999999995,0.00536870912,0.005828380584715909,12500000000.0,57,2
3tier_nb,16,92,4,0.005399999999999995,0.00536870912,0.005828380584715909,12500000000.0,115,3
3tier_nb,16,92,8,0.005399999999999995,0.00536870912,0.005828380584715909,12500000000.0,222,3
3tier_nb,16,92,16,0.005399999999999995,0.00536870912,0.005828380584715909,12500000000.0,395,4
3tier_nb,16,92,32,0.005399999999999995,0.00536870912,0.005828380584715909,12500000000.0,675,5
3tier_os2,16,92,1,0.010749999999999963,0.01073741824,0.0011717677116360736,6250000000.0,30,1
3tier_os2,16,92,2,0.010749999999999963,0.01073741824,0.0011717677116360736,6250000000.0,57,2
3tier_os2,16,92,4,0.008099999999999979,0.006442450944,0.25728547573089267,10416666666.666666,115,3
3tier_os2,16,92,8,0.005399999999999995,0.00536870912,0.005828380584715909,12500000000.0,222,3
3tier_os2,16,92,16,0.005399999999999995,0.00536870912,0.005828380584715909,12500000000.0,395,4
3tier_os2,16,92,32,0.005399999999999995,0.00536870912,0.005828380584715909,12500000000.0,675,5
3tier_os4,16,92,1,0.021500000000000102,0.02147483648,0.0011717677116442893,3125000000.0,30,1
3tier_os4,16,92,2,0.021500000000000102,0.02147483648,0.0011717677116442893,3125000000.0,57,2
3tier_os4,16,92,4,0.01614999999999995,0.00805306368,1.005447944005324,8333333333.333333,115,3
3tier_os4,16,92,8,0.008099999999999979,0.005856773585454546,0.3830140233039818,11458333333.333332,222,3
3tier_os4,16,92,16,0.005399999999999995,0.00536870912,0.005828380584715909,12500000000.0,395,4
3tier_os4,16,92,32,0.005399999999999995,0.00536870912,0.005828380584715909,12500000000.0,675,5
2tier,16,92,1,0.010749999999999963,0.01073741824,0.0011717677116360736,6250000000.0,31,2
2tier,16,92,2,0.008099999999999979,0.00805306368,0.005828380584714132,8333333333.333333,53,3
2tier,16,92,4,0.005399999999999995,0.00536870912,0.005828380584715909,12500000000.0,95,4
2tier,16,92,8,0.005399999999999995,0.00536870912,0.005828380584715909,12500000000.0,134,5
2tier,16,92,16,0.005399999999999995,0.00536870912,0.005828380584715909,12500000000.0,161,8
2tier,16,92,32,0.005399999999999995,0.00536870912,0.005828380584715909,12500000000.0,175,13
3tier_nb,64,92,1,0.010749999999999963,0.01073741824,0.0011717677116360736,6250000000.0,114,2
3tier_nb,64,92,2,0.008099999999999979,0.00805306368,0.005828380584714132,8333333333.333333,222,2
3tier_nb,64,92,4,0.005399999999999995,0.00536870912,0.005828380584715909,12500000000.0,425,3
3tier_nb,64,92,8,0.005399999999999995,0.00536870912,0.005828380584715909,12500000000.0,726,4
3tier_nb,64,92,16,0.005399999999999995,0.00536870912,0.005828380584715909,12500000000.0,1155,5
3tier_nb,64,92,32,0.005399999999999995,0.00536870912,0.005828380584715909,12500000000.0,1562,10
3tier_os2,64,92,1,0.021500000000000102,0.02147483648,0.0011717677116442893,3125000000.0,114,2
3tier_os2,64,92,2,0.010749999999999963,0.01073741824,0.0011717677116360736,6250000000.0,222,2
3tier_os2,64,92,4,0.008099999999999979,0.006442450944,0.25728547573089267,10416666666.666666,425,3
3tier_os2,64,92,8,0.005399999999999995,0.00536870912,0.005828380584715909,12500000000.0,726,4
3tier_os2,64,92,16,0.005399999999999995,0.00536870912,0.005828380584715909,12500000000.0,1155,5
3tier_os2,64,92,32,0.005399999999999995,0.00536870912,0.005828380584715909,12500000000.0,1562,10
3tier_os4,64,92,1,0.04295000000000072,0.04294967296,7.614493386709498e-06,1562500000.0,114,2
3tier_os4,64,92,2,0.021500000000000102,0.02147483648,0.0011717677116442893,3125000000.0,222,2
3tier_os4,64,92,4,0.01614999999999995,0.01073741824,0.5040859580039931,6250000000.0,425,3
3tier_os4,64,92,8,0.010749999999999963,0.007158278826666666,0.501757651567454,9375000000.0,726,4
3tier_os4,64,92,16,0.006749999999999987,0.005651272757894737,0.19442120194434875,11875000000.0,1155,5
3tier_os4,64,92,32,0.006749999999999987,0.005506368328205128,0.22585333883762115,12187500000.0,1562,10
2tier,64,92,1,0.01614999999999995,0.01610612736,0.002723972002661945,4166666666.6666665,102,3
2tier,64,92,2,0.010749999999999963,0.00920350134857143,0.1680337289969085,7291666666.666666,158,4
2tier,64,92,4,0.012099999999999955,0.009203501348571426,0.3147170344988459,7291666666.666668,216,9
2tier,64,92,8,0.007399999999999983,0.006074310890057143,0.218245185986911,11047979797.979797,242,11
2tier,64,92,16,0.006399999999999989,0.005653883045542725,0.13196540297123227,11869517543.85965,254,19
2tier,64,92,32,0.005749999999999993,0.005459023852859813,0.05330186402972892,12293198529.411766,256,34
3tier_nb,16,90,1,0.005399999999999995,0.00536870912,0.005828380584715909,12500000000.0,32,1
3tier_nb,16,90,2,0.005399999999999995,0.00536870912,0.005828380584715909,12500000000.0,64,1
3tier_nb,16,90,4,0.005399999999999995,0.00536870912,0.005828380584715909,12500000000.0,127,2
3tier_nb,16,90,8,0.005399999999999995,0.00536870912,0.005828380584715909,12500000000.0,232,3
3tier_nb,16,90,16,0.005399999999999995,0.00536870912,0.005828380584715909,12500000000.0,403,4
3tier_nb,16,90,32,0.005399999999999995,0.00536870912,0.005828380584715909,12500000000.0,658,5
3tier_os2,16,90,1,0.010749999999999963,0.01073741824,0.0011717677116360736,6250000000.0,32,1
3tier_os2,16,90,2,0.005399999999999995,0.00536870912,0.005828380584715909,12500000000.0,64,1
3tier_os2,16,90,4,0.005399999999999995,0.00536870912,0.005828380584715909,12500000000.0,127,2
3tier_os2,16,90,8,0.005399999999999995,0.00536870912,0.005828380584715909,12500000000.0,232,3
3tier_os2,16,90,16,0.005399999999999995,0.00536870912,0.005828380584715909,12500000000.0,403,4
3tier_os2,16,90,32,0.005399999999999995,0.00536870912,0.005828380584715909,12500000000.0,658,5
3tier_os4,16,90,1,0.021500000000000102,0.02147483648,0.0011717677116442893,3125000000.0,32,1
3tier_os4,16,90,2,0.010749999999999963,0.01073741824,0.0011717677116360736,6250000000.0,64,1
3tier_os4,16,90,4,0.010749999999999963,0.006135667565714285,0.752050593495363,10937500000.0,127,2
3tier_os4,16,90,8,0.008099999999999979,0.005856773585454545,0.38301402330398204,11458333333.333334,232,3
3tier_os4,16,90,16,0.005399999999999995,0.00536870912,0.005828380584715909,12500000000.0,403,4
3tier_os4,16,90,32,0.005399999999999995,0.00536870912,0.005828380584715909,12500000000.0,658,5
2tier,16,90,1,0.005399999999999995,0.00536870912,0.005828380584715909,12500000000.0,32,1
2tier,16,90,2,0.008099999999999979,0.006442450944,0.25728547573089267,10416666666.666666,52,3
2tier,16,90,4,0.005399999999999995,0.00536870912,0.005828380584715909,12500000000.0,84,4
2tier,16,90,8,0.005399999999999995,0.00536870912,0.005828380584715909,12500000000.0,123,8
2tier,16,90,16,0.005399999999999995,0.00536870912,0.005828380584715909,12500000000.0,148,12
2tier,16,90,32,0.005399999999999995,0.00536870912,0.005828380584715909,12500000000.0,158,19
3tier_nb,64,90,1,0.010749999999999963,0.01073741824,0.0011717677116360736,6250000000.0,116,2
3tier_nb,64,90,2,0.005399999999999995,0.00536870912,0.005828380584715909,12500000000.0,227,2
3tier_nb,64,90,4,0.006749999999999987,0.006316128376470588,0.0686926543712596,10625000000.0,429,4
3tier_nb,64,90,8,0.005399999999999995,0.00536870912,0.005828380584715909,12500000000.0,774,4
3tier_nb,64,90,16,0.005399999999999995,0.00536870912,0.005828380584715909,12500000000.0,1209,7
3tier_nb,64,90,32,0.005399999999999995,0.00536870912,0.005828380584715909,12500000000.0,1635,10
3tier_os2,64,90,1,0.021500000000000102,0.02147483648,0.0011717677116442893,3125000000.0,116,2
3tier_os2,64,90,2,0.010749999999999963,0.01073741824,0.0011717677116360736,6250000000.0,227,2
3tier_os2,64,90,4,0.010749999999999963,0.009911462990769232,0.08460274835427217,6770833333.333333,429,4
3tier_os2,64,90,8,0.005399999999999995,0.00536870912,0.005828380584715909,12500000000.0,774,4
3tier_os2,64,90,16,0.005399999999999995,0.00536870912,0.005828380584715909,12500000000.0,1209,7
3tier_os2,64,90,32,0.005399999999999995,0.00536870912,0.005828380584715909,12500000000.0,1635,10
3tier_os4,64,90,1,0.04295000000000072,0.04294967296,7.614493386709498e-06,1562500000.0,116,2
3tier_os4,64,90,2,0.021500000000000102,0.02147483648,0.0011717677116442893,3125000000.0,227,2
3tier_os4,64,90,4,0.021500000000000102,0.019822925981538463,0.08460274835428105,3385416666.6666665,429,4
3tier_os4,64,90,8,0.010749999999999963,0.0073628010788571435,0.4600421612461356,9114583333.333332,774,4
3tier_os4,64,90,16,0.009399999999999971,0.005856773585454545,0.6049792369206697,11458333333.333334,1209,7
3tier_os4,64,90,32,0.006749999999999987,0.005471295918471337,0.23371137306093925,12265625000.0,1635,10
2tier,64,90,1,0.01614999999999995,0.01610612736,0.002723972002661945,4166666666.6666665,97,3
2tier,64,90,2,0.010749999999999963,0.01073741824,0.0011717677116360736,6250000000.0,160,4
2tier,64,90,4,0.008099999999999979,0.00805306368,0.005828380584714132,8333333333.333333,213,6
2tier,64,90,8,0.006749999999999987,0.0062751145558441555,0.07567757368087569,10694444444.444445,243,10
2tier,64,90,16,0.005749999999999993,0.005489807821954887,0.04739549843703883,12224264705.882353,254,17
2tier,64,90,32,0.005549999999999994,0.005404534633670163,0.02691542865200347,12417140151.51515,256,33
3tier_nb,16,93,1,0.005399999999999995,0.00536870912,0.005828380584715909,12500000000.0,32,1
3tier_nb,16,93,2,0.005399999999999995,0.00536870912,0.005828380584715909,12500000000.0,62,2
3tier_nb,16,93,4,0.005399999999999995,0.00536870912,0.005828380584715909,12500000000.0,121,3
3tier_nb,16,93,8,0.005399999999999995,0.00536870912,0.005828380584715909,12500000000.0,233,3
3tier_nb,16,93,16,0.005399999999999995,0.00536870912,0.005828380584715909,12500000000.0,416,3
3tier_nb,16,93,32,0.005399999999999995,0.00536870912,0.005828380584715909,12500000000.0,699,7
3tier_os2,16,93,1,0.010749999999999963,0.01073741824,0.0011717677116360736,6250000000.0,32,1
3tier_os2,16,93,2,0.010749999999999963,0.01073741824,0.0011717677116360736,6250000000.0,62,2
3tier_os2,16,93,4,0.008099999999999979,0.007158278826666666,0.1315569281578035,9375000000.0,121,3
3tier_os2,16,93,8,0.005399999999999995,0.00536870912,0.005828380584715909,12500000000.0,233,3
3tier_os2,16,93,16,0.005399999999999995,0.00536870912,0.005828380584715909,12500000000.0,416,3
3tier_os2,16,93,32,0.005399999999999995,0.00536870912,0.005828380584715909,12500000000.0,699,7
3tier_os4,16,93,1,0.021500000000000102,0.02147483648,0.0011717677116442893,3125000000.0,32,1
3tier_os4,16,93,2,0.021500000000000102,0.02147483648,0.0011717677116442893,3125000000.0,62,2
3tier_os4,16,93,4,0.01614999999999995,0.01073741824,0.5040859580039931,6250000000.0,121,3
3tier_os4,16,93,8,0.008099999999999979,0.006135667565714285,0.32014974951743747,10937500000.0,233,3
3tier_os4,16,93,16,0.005399999999999995,0.00536870912,0.005828380584715909,12500000000.0,416,3
3tier_os4,16,93,32,0.005399999999999995,0.00536870912,0.005828380584715909,12500000000.0,699,7
2tier,16,93,1,0.010749999999999963,0.01073741824,0.0011717677116360736,6250000000.0,31,2
2tier,16,93,2,0.005399999999999995,0.00536870912,0.005828380584715909,12500000000.0,51,2
2tier,16,93,4,0.005399999999999995,0.00536870912,0.005828380584715909,12500000000.0,86,4
2tier,16,93,8,0.005399999999999995,0.00536870912,0.005828380584715909,12500000000.0,129,6
2tier,16,93,16,0.005399999999999995,0.00536870912,0.005828380584715909,12500000000.0,156,11
2tier,16,93,32,0.005399999999999995,0.00536870912,0.005828380584715909,12500000000.0,176,18
3tier_nb,64,93,1,0.010749999999999963,0.01073741824,0.0011717677116360736,6250000000.0,124,2
3tier_nb,64,93,2,0.008099999999999979,0.00805306368,0.005828380584714132,8333333333.333333,235,3
3tier_nb,64,93,4,0.005399999999999995,0.00536870912,0.005828380584715909,12500000000.0,436,3
3tier_nb,64,93,8,0.005399999999999995,0.00536870912,0.005828380584715909,12500000000.0,757,4
3tier_nb,64,93,16,0.005399999999999995,0.00536870912,0.005828380584715909,12500000000.0,1182,6
3tier_nb,64,93,32,0.005399999999999995,0.00536870912,0.005828380584715909,12500000000.0,1614,10
3tier_os2,64,93,1,0.021500000000000102,0.02147483648,0.0011717677116442893,3125000000.0,124,2
3tier_os2,64,93,2,0.01614999999999995,0.01610612736,0.002723972002661945,4166666666.6666665,235,3
3tier_os2,64,93,4,0.008099999999999979,0.007158278826666666,0.1315569281578035,9375000000.0,436,3
3tier_os2,64,93,8,0.005399999999999995,0.00536870912,0.005828380584715909,12500000000.0,757,4
3tier_os2,64,93,16,0.005399999999999995,0.00536870912,0.005828380584715909,12500000000.0,1182,6
3tier_os2,64,93,32,0.005399999999999995,0.00536870912,0.005828380584715909,12500000000.0,1614,10
3tier_os4,64,93,1,0.04295000000000072,0.04294967296,7.614493386709498e-06,1562500000.0,124,2
3tier_os4,64,93,2,0.03225000000000041,0.03221225472,0.0011717677116520608,2083333333.3333333,235,3
3tier_os4,64,93,4,0.01614999999999995,0.01073741824,0.5040859580039931,6250000000.0,436,3
3tier_os4,64,93,8,0.010749999999999963,0.007158278826666666,0.501757651567454,9375000000.0,757,4
3tier_os4,64,93,16,0.008099999999999979,0.005752188342857143,0.40815973281859974,11666666666.666666,1182,6
3tier_os4,64,93,32,0.006749999999999987,0.005436667463291139,0.24156940728425735,12343750000.0,1614,10
2tier,64,93,1,0.01614999999999995,0.01610612736,0.002723972002661945,4166666666.6666665,105,3
2tier,64,93,2,0.010749999999999963,0.01073741824,0.0011717677116360736,6250000000.0,170,4
2tier,64,93,4,0.009399999999999971,0.007297274532038835,0.28815216677529065,9196428571.428572,222,7
2tier,64,93,8,0.007399999999999983,0.006401712771815719,0.15594064647500883,10482954545.454544,248,11
2tier,64,93,16,0.007049999999999985,0.00589505315137255,0.19591797036783776,11383928571.42857,256,21
2tier,64,93,32,0.006049999999999991,0.005522100809142858,0.09559752874904026,12152777777.777777,256,36
3tier_nb,16,94,1,0.005399999999999995,0.00536870912,0.005828380584715909,12500000000.0,32,1
3tier_nb,16,94,2,0.005399999999999995,0.00536870912,0.005828380584715909,12500000000.0,61,2
3tier_nb,16,94,4,0.005399999999999995,0.00536870912,0.005828380584715909,12500000000.0,118,2
3tier_nb,16,94,8,0.005399999999999995,0.00536870912,0.005828380584715909,12500000000.0,236,3
3tier_nb,16,94,16,0.005399999999999995,0.00536870912,0.005828380584715909,12500000000.0,429,4
3tier_nb,16,94,32,0.005399999999999995,0.00536870912,0.005828380584715909,12500000000.0,732,5
3tier_os2,16,94,1,0.010749999999999963,0.01073741824,0.0011717677116360736,6250000000.0,32,1
3tier_os2,16,94,2,0.010749999999999963,0.01073741824,0.0011717677116360736,6250000000.0,61,2
3tier_os2,16,94,4,0.005399999999999995,0.00536870912,0.005828380584715909,12500000000.0,118,2
3tier_os2,16,94,8,0.005399999999999995,0.00536870912,0.005828380584715909,12500000000.0,236,3
3tier_os2,16,94,16,0.005399999999999995,0.00536870912,0.005828380584715909,12500000000.0,429,4
3tier_os2,16,94,32,0.005399999999999995,0.00536870912,0.005828380584715909,12500000000.0,732,5
3tier_os4,16,94,1,0.021500000000000102,0.02147483648,0.0011717677116442893,3125000000.0,32,1
3tier_os4,16,94,2,0.021500000000000102,0.02147483648,0.0011717677116442893,3125000000.0,61,2
3tier_os4,16,94,4,0.010749999999999963,0.008589934592,0.25146470963954504,7812500000.0,118,2
3tier_os4,16,94,8,0.008099999999999979,0.005856773585454545,0.38301402330398204,11458333333.333334,236,3
3tier_os4,16,94,16,0.005399999999999995,0.00536870912,0.005828380584715909,12500000000.0,429,4
3tier_os4,16,94,32,0.005399999999999995,0.00536870912,0.005828380584715909,12500000000.0,732,5
2tier,16,94,1,0.010749999999999963,0.01073741824,0.0011717677116360736,6250000000.0,30,2
2tier,16,94,2,0.010749999999999963,0.01073741824,0.0011717677116360736,6250000000.0,51,4
2tier,16,94,4,0.005399999999999995,0.00536870912,0.005828380584715909,12500000000.0,90,4
2tier,16,94,8,0.005399999999999995,0.00536870912,0.005828380584715909,12500000000.0,133,8
2tier,16,94,16,0.005399999999999995,0.00536870912,0.005828380584715909,12500000000.0,170,13
2tier,16,94,32,0.005399999999999995,0.00536870912,0.005828380584715909,12500000000.0,189,20
3tier_nb,64,94,1,0.010749999999999963,0.01073741824,0.0011717677116360736,6250000000.0,121,2
3tier_nb,64,94,2,0.008099999999999979,0.00805306368,0.005828380584714132,8333333333.333333,231,2
3tier_nb,64,94,4,0.005399999999999995,0.00536870912,0.005828380584715909,12500000000.0,432,3
3tier_nb,64,94,8,0.005399999999999995,0.00536870912,0.005828380584715909,12500000000.0,771,5
3tier_nb,64,94,16,0.005399999999999995,0.00536870912,0.005828380584715909,12500000000.0,1231,6
3tier_nb,64,94,32,0.005399999999999995,0.00536870912,0.005828380584715909,12500000000.0,1648,9
3tier_os2,64,94,1,0.021500000000000102,0.02147483648,0.0011717677116442893,3125000000.0,121,2
3tier_os2,64,94,2,0.010749999999999963,0.01073741824,0.0011717677116360736,6250000000.0,231,2
3tier_os2,64,94,4,0.008099999999999979,0.006442450944,0.25728547573089267,10416666666.666666,432,3
3tier_os2,64,94,8,0.006749999999999987,0.005651272757894737,0.19442120194434875,11875000000.0,771,5
3tier_os2,64,94,16,0.005399999999999995,0.00536870912,0.005828380584715909,12500000000.0,1231,6
3tier_os2,64,94,32,0.005399999999999995,0.00536870912,0.005828380584715909,12500000000.0,1648,9
3tier_os4,64,94,1,0.04295000000000072,0.04294967296,7.614493386709498e-06,1562500000.0,121,2
3tier_os4,64,94,2,0.021500000000000102,0.02147483648,0.0011717677116442893,3125000000.0,231,2
3tier_os4,64,94,4,0.01614999999999995,0.01073741824,0.5040859580039931,6250000000.0,432,3
3tier_os4,64,94,8,0.013449999999999946,0.0074051160275862065,0.8163118511438299,9062500000.0,771,5
3tier_os4,64,94,16,0.008099999999999979,0.005752188342857143,0.40815973281859974,11666666666.666666,1231,6
3tier_os4,64,94,32,0.006049999999999991,0.005444324741408451,0.11124892201688397,12326388888.88889,1648,9
2tier,64,94,1,0.01614999999999995,0.01610612736,0.002723972002661945,4166666666.6666665,100,3
2tier,64,94,2,0.013449999999999946,0.0134217728,0.002103090286250886,5000000000.0,161,5
2tier,64,94,4,0.008099999999999979,0.007320966981818182,0.10641121864318559,9166666666.666666,217,6
2tier,64,94,8,0.007399999999999983,0.006031230670978723,0.22694693731538895,11126893939.39394,250,11
2tier,64,94,16,0.006049999999999991,0.005643022724671532,0.07212043884727537,11892361111.111113,256,18
2tier,64,94,32,0.005399999999999995,0.00536870912,0.005828380584715909,12500000000.0,256,30
3tier_nb,16,96,1,0.010749999999999963,0.01073741824,0.0011717677116360736,6250000000.0,30,1
3tier_nb,16,96,2,0.008099999999999979,0.00805306368,0.005828380584714132,8333333333.333333,60,1
3tier_nb,16,96,4,0.005399999999999995,0.00536870912,0.005828380584715909,12500000000.0,120,1
3tier_nb,16,96,8,0.005399999999999995,0.00536870912,0.005828380584715909,12500000000.0,228,3
3tier_nb,16,96,16,0.005399999999999995,0.00536870912,0.005828380584715909,12500000000.0,410,5
3tier_nb,16,96,32,0.005399999999999995,0.00536870912,0.005828380584715909,12500000000.0,649,6
3tier_os2,16,96,1,0.010749999999999963,0.01073741824,0.0011717677116360736,6250000000.0,30,1
3tier_os2,16,96,2,0.008099999999999979,0.00805306368,0.005828380584714132,8333333333.333333,60,1
3tier_os2,16,96,4,0.005399999999999995,0.00536870912,0.005828380584715909,12500000000.0,120,1
3tier_os2,16,96,8,0.005399999999999995,0.00536870912,0.005828380584715909,12500000000.0,228,3
3tier_os2,16,96,16,0.005399999999999995,0.00536870912,0.005828380584715909,12500000000.0,410,5
3tier_os2,16,96,32,0.005399999999999995,0.00536870912,0.005828380584715909,12500000000.0,649,6
3tier_os4,16,96,1,0.021500000000000102,0.02147483648,0.0011717677116442893,3125000000.0,30,1
3tier_os4,16,96,2,0.010749999999999963,0.01073741824,0.0011717677116360736,6250000000.0,60,1
3tier_os4,16,96,4,0.005399999999999995,0.00536870912,0.005828380584715909,12500000000.0,120,1
3tier_os4,16,96,8,0.008099999999999979,0.005856773585454546,0.3830140233039818,11458333333.333332,228,3
3tier_os4,16,96,16,0.006749999999999987,0.005577879605194805,0.21013727039098518,12031250000.0,410,5
3tier_os4,16,96,32,0.005399999999999995,0.00536870912,0.005828380584715909,12500000000.0,649,6
2tier,16,96,1,0.010749999999999963,0.01073741824,0.0011717677116360736,6250000000.0,30,2
2tier,16,96,2,0.005399999999999995,0.00536870912,0.005828380584715909,12500000000.0,55,2
2tier,16,96,4,0.005399999999999995,0.00536870912,0.005828380584715909,12500000000.0,96,3
2tier,16,96,8,0.005399999999999995,0.00536870912,0.005828380584715909,12500000000.0,155,6
2tier,16,96,16,0.005399999999999995,0.00536870912,0.005828380584715909,12500000000.0,187,9
2tier,16,96,32,0.005399999999999995,0.00536870912,0.005828380584715909,12500000000.0,207,12
3tier_nb,64,96,1,0.010749999999999963,0.01073741824,0.0011717677116360736,6250000000.0,113,2
3tier_nb,64,96,2,0.010749999999999963,0.01073741824,0.0011717677116360736,6250000000.0,222,2
3tier_nb,64,96,4,0.006749999999999987,0.006316128376470588,0.0686926543712596,10625000000.0,424,3
3tier_nb,64,96,8,0.005399999999999995,0.00536870912,0.005828380584715909,12500000000.0,756,4
3tier_nb,64,96,16,0.005399999999999995,0.00536870912,0.005828380584715909,12500000000.0,1218,7
3tier_nb,64,96,32,0.005399999999999995,0.00536870912,0.005828380584715909,12500000000.0,1668,9
3tier_os2,64,96,1,0.021500000000000102,0.02147483648,0.0011717677116442893,3125000000.0,113,2
3tier_os2,64,96,2,0.010749999999999963,0.01073741824,0.0011717677116360736,6250000000.0,222,2
3tier_os2,64,96,4,0.008099999999999979,0.006442450944,0.25728547573089267,10416666666.666666,424,3
3tier_os2,64,96,8,0.005399999999999995,0.00536870912,0.005828380584715909,12500000000.0,756,4
3tier_os2,64,96,16,0.005399999999999995,0.00536870912,0.005828380584715909,12500000000.0,1218,7
3tier_os2,64,96,32,0.005399999999999995,0.00536870912,0.005828380584715909,12500000000.0,1668,9
3tier_os4,64,96,1,0.04295000000000072,0.04294967296,7.614493386709498e-06,1562500000.0,113,2
3tier_os4,64,96,2,0.021500000000000102,0.02147483648,0.0011717677116442893,3125000000.0,222,2
3tier_os4,64,96,4,0.01614999999999995,0.01073741824,0.5040859580039931,6250000000.0,424,3
3tier_os4,64,96,8,0.010749999999999963,0.006442450944,0.6686196128527264,10416666666.666666,756,4
3tier_os4,64,96,16,0.009399999999999971,0.005837819625631068,0.6101902084691133,11495535714.285715,1218,7
3tier_os4,64,96,32,0.006049999999999991,0.005406252540419581,0.1190746186508056,12413194444.444443,1668,9
2tier,64,96,1,0.01614999999999995,0.01610612736,0.002723972002661945,4166666666.6666665,108,3
2tier,64,96,2,0.010749999999999963,0.00920350134857143,0.1680337289969085,7291666666.666666,168,4
2tier,64,96,4,0.010749999999999963,0.008589934592,0.25146470963954504,7812500000.0,224,8
2tier,64,96,8,0.008099999999999979,0.0067815273094736835,0.1944212019443481,9895833333.333334,252,12
2tier,64,96,16,0.005749999999999993,0.005510524077886793,0.04345792137524529,12178308823.529411,256,17
2tier,64,96,32,0.005399999999999995,0.00536870912,0.005828380584715909,12500000000.0,256,31
3tier_nb,16,95,1,0.005399999999999995,0.00536870912,0.005828380584715909,12500000000.0,32,1
3tier_nb,16,95,2,0.005399999999999995,0.00536870912,0.005828380584715909,12500000000.0,64,1
3tier_nb,16,95,4,0.005399999999999995,0.00536870912,0.005828380584715909,12500000000.0,124,2
3tier_nb,16,95,8,0.005399999999999995,0.00536870912,0.005828380584715909,12500000000.0,223,3
3tier_nb,16,95,16,0.005399999999999995,0.00536870912,0.005828380584715909,12500000000.0,402,4
3tier_nb,16,95,32,0.005399999999999995,0.00536870912,0.005828380584715909,12500000000.0,673,5
3tier_os2,16,95,1,0.010749999999999963,0.01073741824,0.0011717677116360736,6250000000.0,32,1
3tier_os2,16,95,2,0.005399999999999995,0.00536870912,0.005828380584715909,12500000000.0,64,1
3tier_os2,16,95,4,0.005399999999999995,0.00536870912,0.005828380584715909,12500000000.0,124,2
3tier_os2,16,95,8,0.005399999999999995,0.00536870912,0.005828380584715909,12500000000.0,223,3
3tier_os2,16,95,16,0.005399999999999995,0.00536870912,0.005828380584715909,12500000000.0,402,4
3tier_os2,16,95,32,0.005399999999999995,0.00536870912,0.005828380584715909,12500000000.0,673,5
3tier_os4,16,95,1,0.021500000000000102,0.02147483648,0.0011717677116442893,3125000000.0,32,1
3tier_os4,16,95,2,0.010749999999999963,0.01073741824,0.0011717677116360736,6250000000.0,64,1
3tier_os4,16,95,4,0.010749999999999963,0.007158278826666666,0.501757651567454,9375000000.0,124,2
3tier_os4,16,95,8,0.008099999999999979,0.005856773585454546,0.3830140233039818,11458333333.333332,223,3
3tier_os4,16,95,16,0.005399999999999995,0.00536870912,0.005828380584715909,12500000000.0,402,4
3tier_os4,16,95,32,0.005399999999999995,0.00536870912,0.005828380584715909,12500000000.0,673,5
2tier,16,95,1,0.010749999999999963,0.01073741824,0.0011717677116360736,6250000000.0,31,2
2tier,16,95,2,0.008099999999999979,0.00805306368,0.005828380584714132,8333333333.333333,55,3
2tier,16,95,4,0.006749999999999987,0.006316128376470588,0.0686926543712596,10625000000.0,83,5
2tier,16,95,8,0.005399999999999995,0.00536870912,0.005828380584715909,12500000000.0,126,5
2tier,16,95,16,0.005399999999999995,0.00536870912,0.005828380584715909,12500000000.0,152,8
2tier,16,95,32,0.005399999999999995,0.00536870912,0.005828380584715909,12500000000.0,158,13
3tier_nb,64,95,1,0.010749999999999963,0.01073741824,0.0011717677116360736,6250000000.0,122,2
3tier_nb,64,95,2,0.008099999999999979,0.00805306368,0.005828380584714132,8333333333.333333,234,3
3tier_nb,64,95,4,0.005399999999999995,0.00536870912,0.005828380584715909,12500000000.0,441,3
3tier_nb,64,95,8,0.005399999999999995,0.00536870912,0.005828380584715909,12500000000.0,777,4
3tier_nb,64,95,16,0.005399999999999995,0.00536870912,0.005828380584715909,12500000000.0,1244,6
3tier_nb,64,95,32,0.005399999999999995,0.00536870912,0.005828380584715909,12500000000.0,1693,8
3tier_os2,64,95,1,0.021500000000000102,0.02147483648,0.0011717677116442893,3125000000.0,122,2
3tier_os2,64,95,2,0.01614999999999995,0.012884901888,0.25340496500332743,5208333333.333333,234,3
3tier_os2,64,95,4,0.008099999999999979,0.007158278826666666,0.1315569281578035,9375000000.0,441,3
3tier_os2,64,95,8,0.005399999999999995,0.00536870912,0.005828380584715909,12500000000.0,777,4
3tier_os2,64,95,16,0.005399999999999995,0.00536870912,0.005828380584715909,12500000000.0,1244,6
3tier_os2,64,95,32,0.005399999999999995,0.00536870912,0.005828380584715909,12500000000.0,1693,8
3tier_os4,64,95,1,0.04295000000000072,0.04294967296,7.614493386709498e-06,1562500000.0,122,2
3tier_os4,64,95,2,0.03225000000000041,0.025769803776,0.251464709639565,2604166666.6666665,234,3
3tier_os4,64,95,4,0.01614999999999995,0.012884901888,0.25340496500332743,5208333333.333333,441,3
3tier_os4,64,95,8,0.010749999999999963,0.0073628010788571435,0.4600421612461356,9114583333.333332,777,4
3tier_os4,64,95,16,0.008099999999999979,0.0057266230613333335,0.4144461601972542,11718750000.0,1244,6
3tier_os4,64,95,32,0.005399999999999995,0.00536870912,0.005828380584715909,12500000000.0,1693,8
2tier,64,95,1,0.01614999999999995,0.01610612736,0.002723972002661945,4166666666.6666665,104,3
2tier,64,95,2,0.010749999999999963,0.01073741824,0.0011717677116360736,6250000000.0,161,4
2tier,64,95,4,0.009399999999999971,0.0076695844571428575,0.22562050819396595,8750000000.0,226,7
2tier,64,95,8,0.007399999999999983,0.006216400033684211,0.19039958173578153,10795454545.454544,249,11
2tier,64,95,16,0.005749999999999993,0.005489807821954888,0.04739549843703861,12224264705.88235,256,17
2tier,64,95,32,0.005399999999999995,0.00536870912,0.005828380584715909,12500000000.0,256,31
3tier_nb,16,98,1,0.005399999999999995,0.00536870912,0.005828380584715909,12500000000.0,30,1
3tier_nb,16,98,2,0.005399999999999995,0.00536870912,0.005828380584715909,12500000000.0,59,2
3tier_nb,16,98,4,0.005399999999999995,0.00536870912,0.005828380584715909,12500000000.0,115,2
3tier_nb,16,98,8,0.005399999999999995,0.00536870912,0.005828380584715909,12500000000.0,221,3
3tier_nb,16,98,16,0.005399999999999995,0.00536870912,0.005828380584715909,12500000000.0,413,5
3tier_nb,16,98,32,0.005399999999999995,0.00536870912,0.005828380584715909,12500000000.0,679,7
3tier_os2,16,98,1,0.010749999999999963,0.01073741824,0.0011717677116360736,6250000000.0,30,1
3tier_os2,16,98,2,0.010749999999999963,0.007158278826666666,0.501757651567454,9375000000.0,59,2
3tier_os2,16,98,4,0.005399999999999995,0.00536870912,0.005828380584715909,12500000000.0,115,2
3tier_os2,16,98,8,0.005399999999999995,0.00536870912,0.005828380584715909,12500000000.0,221,3
3tier_os2,16,98,16,0.005399999999999995,0.00536870912,0.005828380584715909,12500000000.0,413,5
3tier_os2,16,98,32,0.005399999999999995,0.00536870912,0.005828380584715909,12500000000.0,679,7
3tier_os4,16,98,1,0.021500000000000102,0.02147483648,0.0011717677116442893,3125000000.0,30,1
3tier_os4,16,98,2,0.021500000000000102,0.014316557653333332,0.5017576515674664,4687500000.0,59,2
3tier_os4,16,98,4,0.010749999999999963,0.008589934592,0.25146470963954504,7812500000.0,115,2
3tier_os4,16,98,8,0.008099999999999979,0.005856773585454545,0.38301402330398204,11458333333.333334,221,3
3tier_os4,16,98,16,0.006749999999999987,0.005577879605194805,0.21013727039098518,12031250000.0,413,5
3tier_os4,16,98,32,0.005399999999999995,0.00536870912,0.005828380584715909,12500000000.0,679,7
2tier,16,98,1,0.005399999999999995,0.00536870912,0.005828380584715909,12500000000.0,30,1
2tier,16,98,2,0.005399999999999995,0.00536870912,0.005828380584715909,12500000000.0,53,2
2tier,16,98,4,0.005399999999999995,0.00536870912,0.005828380584715909,12500000000.0,94,3
2tier,16,98,8,0.005399999999999995,0.00536870912,0.005828380584715909,12500000000.0,146,4
2tier,16,98,16,0.005399999999999995,0.00536870912,0.005828380584715909,12500000000.0,177,9
2tier,16,98,32,0.005399999999999995,0.00536870912,0.005828380584715909,12500000000.0,189,13
3tier_nb,64,98,1,0.010749999999999963,0.01073741824,0.0011717677116360736,6250000000.0,117,2
3tier_nb,64,98,2,0.008099999999999979,0.006442450944,0.25728547573089267,10416666666.666666,227,3
3tier_nb,64,98,4,0.005399999999999995,0.00536870912,0.005828380584715909,12500000000.0,431,3
3tier_nb,64,98,8,0.005399999999999995,0.00536870912,0.005828380584715909,12500000000.0,779,4
3tier_nb,64,98,16,0.005399999999999995,0.00536870912,0.005828380584715909,12500000000.0,1234,6
3tier_nb,64,98,32,0.005399999999999995,0.00536870912,0.005828380584715909,12500000000.0,1680,10
3tier_os2,64,98,1,0.021500000000000102,0.02147483648,0.0011717677116442893,3125000000.0,117,2
3tier_os2,64,98,2,0.01614999999999995,0.01073741824,0.5040859580039931,6250000000.0,227,3
3tier_os2,64,98,4,0.008099999999999979,0.007158278826666666,0.1315569281578035,9375000000.0,431,3
3tier_os2,64,98,8,0.005399999999999995,0.00536870912,0.005828380584715909,12500000000.0,779,4
3tier_os2,64,98,16,0.005399999999999995,0.00536870912,0.005828380584715909,12500000000.0,1234,6
3tier_os2,64,98,32,0.005399999999999995,0.00536870912,0.005828380584715909,12500000000.0,1680,10
3tier_os4,64,98,1,0.04295000000000072,0.04294967296,7.614493386709498e-06,1562500000.0,117,2
3tier_os4,64,98,2,0.03225000000000041,0.02147483648,0.5017576515674782,3125000000.0,227,3
3tier_os4,64,98,4,0.01614999999999995,0.014316557653333332,0.1280644685029948,4687500000.0,431,3
3tier_os4,64,98,8,0.010749999999999963,0.0075793540517647045,0.4183266709248179,8854166666.666668,779,4
3tier_os4,64,98,16,0.008099999999999979,0.0057266230613333335,0.4144461601972542,11718750000.0,1234,6
3tier_os4,64,98,32,0.006749999999999987,0.005506368328205128,0.22585333883762115,12187500000.0,1680,10
2tier,64,98,1,0.01614999999999995,0.01610612736,0.002723972002661945,4166666666.6666665,102,3
2tier,64,98,2,0.013449999999999946,0.0134217728,0.002103090286250886,5000000000.0,161,5
2tier,64,98,4,0.012099999999999955,0.01207959552,0.0016891691419775867,5555555555.555555,217,9
2tier,64,98,8,0.007399999999999983,0.006318005383417534,0.17125572881313023,10621843434.343433,247,11
2tier,64,98,16,0.006749999999999987,0.005820324886125445,0.1597290756209695,11530089009.287928,256,20
2tier,64,98,32,0.00624999999999999,0.005580817908762073,0.11990753007498745,12024915540.540539,256,37
3tier_nb,16,97,1,0.005399999999999995,0.00536870912,0.005828380584715909,12500000000.0,30,1
3tier_nb,16,97,2,0.005399999999999995,0.00536870912,0.005828380584715909,12500000000.0,60,1
3tier_nb,16,97,4,0.005399999999999995,0.00536870912,0.005828380584715909,12500000000.0,111,3
3tier_nb,16,97,8,0.005399999999999995,0.00536870912,0.005828380584715909,12500000000.0,222,3
3tier_nb,16,97,16,0.005399999999999995,0.00536870912,0.005828380584715909,12500000000.0,416,3
3tier_nb,16,97,32,0.005399999999999995,0.00536870912,0.005828380584715909,12500000000.0,718,5
3tier_os2,16,97,1,0.010749999999999963,0.01073741824,0.0011717677116360736,6250000000.0,30,1
3tier_os2,16,97,2,0.005399999999999995,0.00536870912,0.005828380584715909,12500000000.0,60,1
3tier_os2,16,97,4,0.008099999999999979,0.007158278826666666,0.1315569281578035,9375000000.0,111,3
3tier_os2,16,97,8,0.005399999999999995,0.00536870912,0.005828380584715909,12500000000.0,222,3
3tier_os2,16,97,16,0.005399999999999995,0.00536870912,0.005828380584715909,12500000000.0,416,3
3tier_os2,16,97,32,0.005399999999999995,0.00536870912,0.005828380584715909,12500000000.0,718,5
3tier_os4,16,97,1,0.021500000000000102,0.02147483648,0.0011717677116442893,3125000000.0,30,1
3tier_os4,16,97,2,0.010749999999999963,0.01073741824,0.0011717677116360736,6250000000.0,60,1
3tier_os4,16,97,4,0.01614999999999995,0.01073741824,0.5040859580039931,6250000000.0,111,3
3tier_os4,16,97,8,0.008099999999999979,0.006135667565714285,0.32014974951743747,10937500000.0,222,3
3tier_os4,16,97,16,0.005399999999999995,0.00536870912,0.005828380584715909,12500000000.0,416,3
3tier_os4,16,97,32,0.005399999999999995,0.00536870912,0.005828380584715909,12500000000.0,718,5
2tier,16,97,1,0.010749999999999963,0.01073741824,0.0011717677116360736,6250000000.0,28,2
2tier,16,97,2,0.005399999999999995,0.00536870912,0.005828380584715909,12500000000.0,53,2
2tier,16,97,4,0.005399999999999995,0.00536870912,0.005828380584715909,12500000000.0,93,4
2tier,16,97,8,0.005399999999999995,0.00536870912,0.005828380584715909,12500000000.0,144,6
2tier,16,97,16,0.005399999999999995,0.00536870912,0.005828380584715909,12500000000.0,176,9
2tier,16,97,32,0.005399999999999995,0.00536870912,0.005828380584715909,12500000000.0,188,18
3tier_nb,64,97,1,0.010749999999999963,0.01073741824,0.0011717677116360736,6250000000.0,121,2
3tier_nb,64,97,2,0.008099999999999979,0.00805306368,0.005828380584714132,8333333333.333333,236,3
3tier_nb,64,97,4,0.005399999999999995,0.00536870912,0.005828380584715909,12500000000.0,430,4
3tier_nb,64,97,8,0.005399999999999995,0.00536870912,0.005828380584715909,12500000000.0,758,4
3tier_nb,64,97,16,0.005399999999999995,0.00536870912,0.005828380584715909,12500000000.0,1221,8
3tier_nb,64,97,32,0.005399999999999995,0.00536870912,0.005828380584715909,12500000000.0,1631,10
3tier_os2,64,97,1,0.021500000000000102,0.02147483648,0.0011717677116442893,3125000000.0,121,2
3tier_os2,64,97,2,0.01614999999999995,0.01610612736,0.002723972002661945,4166666666.6666665,236,3
3tier_os2,64,97,4,0.010749999999999963,0.008589934592,0.25146470963954504,7812500000.0,430,4
3tier_os2,64,97,8,0.005399999999999995,0.00536870912,0.005828380584715909,12500000000.0,758,4
3tier_os2,64,97,16,0.005399999999999995,0.00536870912,0.005828380584715909,12500000000.0,1221,8
3tier_os2,64,97,32,0.005399999999999995,0.00536870912,0.005828380584715909,12500000000.0,1631,10
3tier_os4,64,97,1,0.04295000000000072,0.04294967296,7.614493386709498e-06,1562500000.0,121,2
3tier_os4,64,97,2,0.03225000000000041,0.03221225472,0.0011717677116520608,2083333333.3333333,236,3
3tier_os4,64,97,4,0.021500000000000102,0.012884901888,0.6686196128527402,5208333333.333333,430,4
3tier_os4,64,97,8,0.010749999999999963,0.007362801078857143,0.46004216124613584,9114583333.333334,758,4
3tier_os4,64,97,16,0.010749999999999963,0.005951455837413394,0.8062807309130766,11276041666.666668,1221,8
3tier_os4,64,97,32,0.006749999999999987,0.0055102930383464,0.22498022392391936,12178819444.444445,1631,10
2tier,64,97,1,0.01614999999999995,0.01610612736,0.002723972002661945,4166666666.6666665,103,3
2tier,64,97,2,0.010749999999999963,0.01073741824,0.0011717677116360736,6250000000.0,159,4
2tier,64,97,4,0.009399999999999971,0.008541128145454546,0.10055719103131633,7857142857.142857,211,7
2tier,64,97,8,0.007399999999999983,0.005983700567182662,0.23669289880328437,11215277777.777779,251,11
2tier,64,97,16,0.006399999999999989,0.005774295261635796,0.10836036434114349,11622000773.993809,256,19
2tier,64,97,32,0.006049999999999991,0.005541893285161291,0.09168468043207945,12109374999.999998,256,36
3tier_nb,16,99,1,0.010749999999999963,0.01073741824,0.0011717677116360736,6250000000.0,32,1
3tier_nb,16,99,2,0.008099999999999979,0.00805306368,0.005828380584714132,8333333333.333333,64,1
3tier_nb,16,99,4,0.005399999999999995,0.00536870912,0.005828380584715909,12500000000.0,126,2
3tier_nb,16,99,8,0.005399999999999995,0.00536870912,0.005828380584715909,12500000000.0,232,3
3tier_nb,16,99,16,0.005399999999999995,0.00536870912,0.005828380584715909,12500000000.0,412,4
3tier_nb,16,99,32,0.005399999999999995,0.00536870912,0.005828380584715909,12500000000.0,646,6
3tier_os2,16,99,1,0.010749999999999963,0.01073741824,0.0011717677116360736,6250000000.0,32,1
3tier_os2,16,99,2,0.008099999999999979,0.00805306368,0.005828380584714132,8333333333.333333,64,1
3tier_os2,16,99,4,0.005399999999999995,0.00536870912,0.005828380584715909,12500000000.0,126,2
3tier_os2,16,99,8,0.005399999999999995,0.00536870912,0.005828380584715909,12500000000.0,232,3
3tier_os2,16,99,16,0.005399999999999995,0.00536870912,0.005828380584715909,12500000000.0,412,4
3tier_os2,16,99,32,0.005399999999999995,0.00536870912,0.005828380584715909,12500000000.0,646,6
3tier_os4,16,99,1,0.021500000000000102,0.02147483648,0.0011717677116442893,3125000000.0,32,1
3tier_os4,16,99,2,0.010749999999999963,0.01073741824,0.0011717677116360736,6250000000.0,64,1
3tier_os4,16,99,4,0.010749999999999963,0.006135667565714285,0.752050593495363,10937500000.0,126,2
3tier_os4,16,99,8,0.008099999999999979,0.005856773585454546,0.3830140233039818,11458333333.333332,232,3
3tier_os4,16,99,16,0.005399999999999995,0.00536870912,0.005828380584715909,12500000000.0,412,4
3tier_os4,16,99,32,0.005399999999999995,0.00536870912,0.005828380584715909,12500000000.0,646,6
2tier,16,99,1,0.010749999999999963,0.01073741824,0.0011717677116360736,6250000000.0,30,2
2tier,16,99,2,0.010749999999999963,0.01073741824,0.0011717677116360736,6250000000.0,50,4
2tier,16,99,4,0.006749999999999987,0.0059652323555555555,0.13155692815780418,11250000000.0,81,5
2tier,16,99,8,0.005399999999999995,0.00536870912,0.005828380584715909,12500000000.0,116,7
2tier,16,99,16,0.005399999999999995,0.00536870912,0.005828380584715909,12500000000.0,146,12
2tier,16,99,32,0.005399999999999995,0.00536870912,0.005828380584715909,12500000000.0,158,21
3tier_nb,64,99,1,0.01614999999999995,0.01610612736,0.002723972002661945,4166666666.6666665,119,2
3tier_nb,64,99,2,0.010749999999999963,0.01073741824,0.0011717677116360736,6250000000.0,227,3
3tier_nb,64,99,4,0.006749999999999987,0.006316128376470588,0.0686926543712596,10625000000.0,432,4
3tier_nb,64,99,8,0.005399999999999995,0.00536870912,0.005828380584715909,12500000000.0,778,4
3tier_nb,64,99,16,0.005399999999999995,0.00536870912,0.005828380584715909,12500000000.0,1234,5
3tier_nb,64,99,32,0.005399999999999995,0.00536870912,0.005828380584715909,12500000000.0,1689,9
3tier_os2,64,99,1,0.021500000000000102,0.02147483648,0.0011717677116442893,3125000000.0,119,2
3tier_os2,64,99,2,0.01614999999999995,0.012884901888,0.25340496500332743,5208333333.333333,227,3
3tier_os2,64,99,4,0.010749999999999963,0.007158278826666666,0.501757651567454,9375000000.0,432,4
3tier_os2,64,99,8,0.005399999999999995,0.00536870912,0.005828380584715909,12500000000.0,778,4
3tier_os2,64,99,16,0.005399999999999995,0.00536870912,0.005828380584715909,12500000000.0,1234,5
3tier_os2,64,99,32,0.005399999999999995,0.00536870912,0.005828380584715909,12500000000.0,1689,9
3tier_os4,64,99,1,0.04295000000000072,0.04294967296,7.614493386709498e-06,1562500000.0,119,2
3tier_os4,64,99,2,0.03225000000000041,0.025769803776,0.251464709639565,2604166666.6666665,227,3
3tier_os4,64,99,4,0.021500000000000102,0.012884901888,0.6686196128527402,5208333333.333333,432,4
3tier_os4,64,99,8,0.010749999999999963,0.006781527309473685,0.5851886322100899,9895833333.333332,778,4
3tier_os4,64,99,16,0.006749999999999987,0.005651272757894737,0.19442120194434875,11875000000.0,1234,5
3tier_os4,64,99,32,0.006049999999999991,0.005482936973617022,0.10342322538296211,12239583333.333332,1689,9
2tier,64,99,1,0.01614999999999995,0.01610612736,0.002723972002661945,4166666666.6666665,98,3
2tier,64,99,2,0.013449999999999946,0.0134217728,0.002103090286250886,5000000000.0,150,5
2tier,64,99,4,0.009399999999999971,0.007911781861052632,0.1881015130451711,8482142857.142858,209,7
2tier,64,99,8,0.007399999999999983,0.006216400033684211,0.19039958173578153,10795454545.454544,249,11
2tier,64,99,16,0.006049999999999991,0.005602131255652174,0.079946135481197,11979166666.666668,255,18
2tier,64,99,32,0.005749999999999993,0.005486057953224043,0.04811142153918313,12232620320.855616,256,34
