seed,run_type,duration_ticks,completion_s,mean_k
4,dur2_k1,2,0.021500000000000102,1.0
4,dur2_k8,2,0.02455000000000019,8.0
4,dur2_adaptDef,2,0.021500000000000102,1
4,dur20_k1,20,0.021500000000000102,1.0
4,dur20_k8,20,0.026850000000000256,8.0
4,dur20_adaptDef,20,0.021500000000000102,1
4,dur100_k1,100,0.021500000000000102,1.0
4,dur100_k8,100,0.025350000000000213,8.0
4,dur100_adaptDef,100,0.021500000000000102,1
4,dur2_k2,2,0.021500000000000102,2.0
4,dur2_k4,2,0.02600000000000023,4.0
4,dur2_adaptCD5,2,0.021500000000000102,1
4,dur2_adaptCD2,2,0.021500000000000102,1
4,dur2_adaptCD1,2,0.021500000000000102,1
4,dur2_adaptAggr,2,0.021500000000000102,1
2,dur2_k1,2,0.021500000000000102,1.0
2,dur2_k8,2,0.02705000000000026,8.0
2,dur2_adaptDef,2,0.021500000000000102,1
2,dur20_k1,20,0.021500000000000102,1.0
2,dur20_k8,20,0.02695000000000026,8.0
2,dur20_adaptDef,20,0.021500000000000102,1
2,dur100_k1,100,0.021500000000000102,1.0
2,dur100_k8,100,0.03115000000000038,8.0
2,dur100_adaptDef,100,0.021500000000000102,1
2,dur2_k2,2,0.02590000000000023,2.0
2,dur2_k4,2,0.02590000000000023,4.0
2,dur2_adaptCD5,2,0.021500000000000102,1
2,dur2_adaptCD2,2,0.021500000000000102,1
2,dur2_adaptCD1,2,0.021500000000000102,1
2,dur2_adaptAggr,2,0.021500000000000102,1
8,dur2_k1,2,0.03010000000000035,1.0
8,dur2_k8,2,0.024450000000000187,8.0
8,dur2_adaptDef,2,0.027200000000000266,1.125
8,dur20_k1,20,0.02915000000000032,1.0
8,dur20_k8,20,0.02525000000000021,8.0
8,dur20_adaptDef,20,0.02630000000000024,1.125
8,dur100_k1,100,0.026500000000000246,1.0
8,dur100_k8,100,0.022700000000000137,8.0
8,dur100_adaptDef,100,0.0248500000000002,1.125
8,dur2_k2,2,0.02530000000000021,2.0
8,dur2_k4,2,0.02415000000000018,4.0
8,dur2_adaptCD5,2,0.025750000000000224,1.1875
8,dur2_adaptCD2,2,0.02525000000000021,1.25
8,dur2_adaptCD1,2,0.02520000000000021,1.3125
8,dur2_adaptAggr,2,0.023450000000000158,1.375
5,dur2_k1,2,0.03050000000000036,1.0
5,dur2_k8,2,0.024000000000000174,8.0
5,dur2_adaptDef,2,0.027200000000000266,1.125
5,dur20_k1,20,0.02910000000000032,1.0
5,dur20_k8,20,0.02450000000000019,8.0
5,dur20_adaptDef,20,0.026050000000000233,1.125
5,dur100_k1,100,0.039750000000000625,1.0
5,dur100_k8,100,0.025050000000000204,8.0
5,dur100_adaptDef,100,0.03270000000000042,1.125
5,dur2_k2,2,0.02565000000000022,2.0
5,dur2_k4,2,0.02565000000000022,4.0
5,dur2_adaptCD5,2,0.02630000000000024,1.125
5,dur2_adaptCD2,2,0.02520000000000021,1.3125
5,dur2_adaptCD1,2,0.024800000000000197,1.375
5,dur2_adaptAggr,2,0.023700000000000165,1.4375
7,dur2_k1,2,0.03225000000000041,1.0
7,dur2_k8,2,0.024650000000000193,8.0
7,dur2_adaptDef,2,0.031400000000000386,1.3125
7,dur20_k1,20,0.03360000000000045,1.0
7,dur20_k8,20,0.02525000000000021,8.0
7,dur20_adaptDef,20,0.03085000000000037,1.25
7,dur100_k1,100,0.022050000000000118,1.0
7,dur100_k8,100,0.022300000000000125,8.0
7,dur100_adaptDef,100,0.022050000000000118,1
7,dur2_k2,2,0.03465000000000048,2.0
7,dur2_k4,2,0.02630000000000024,4.0
7,dur2_adaptCD5,2,0.02870000000000031,1.5625
7,dur2_adaptCD2,2,0.026400000000000243,1.6875
7,dur2_adaptCD1,2,0.02625000000000024,1.875
7,dur2_adaptAggr,2,0.025500000000000217,1.875
9,dur2_k1,2,0.03120000000000038,1.0
9,dur2_k8,2,0.028200000000000294,8.0
9,dur2_adaptDef,2,0.029950000000000344,1.125
9,dur20_k1,20,0.03360000000000045,1.0
9,dur20_k8,20,0.025750000000000224,8.0
9,dur20_adaptDef,20,0.030350000000000356,1.125
9,dur100_k1,100,0.03090000000000037,1.0
9,dur100_k8,100,0.025350000000000213,8.0
9,dur100_adaptDef,100,0.02950000000000033,1.0625
9,dur2_k2,2,0.028950000000000316,2.0
9,dur2_k4,2,0.028950000000000316,4.0
9,dur2_adaptCD5,2,0.029550000000000333,1.3125
9,dur2_adaptCD2,2,0.02880000000000031,1.4375
9,dur2_adaptCD1,2,0.02870000000000031,1.4375
9,dur2_adaptAggr,2,0.02870000000000031,1.4375
0,dur2_k1,2,0.03225000000000041,1.0
0,dur2_k8,2,0.027800000000000283,8.0
0,dur2_adaptDef,2,0.029900000000000343,1.25
0,dur20_k1,20,0.03360000000000045,1.0
0,dur20_k8,20,0.02765000000000028,8.0
0,dur20_adaptDef,20,0.030950000000000373,1.3125
0,dur100_k1,100,0.039750000000000625,1.0
0,dur100_k8,100,0.025750000000000224,8.0
0,dur100_adaptDef,100,0.03395000000000046,1.25
0,dur2_k2,2,0.029300000000000326,2.0
0,dur2_k4,2,0.02905000000000032,4.0
0,dur2_adaptCD5,2,0.029350000000000327,1.625
0,dur2_adaptCD2,2,0.028650000000000307,1.8125
0,dur2_adaptCD1,2,0.0283500000000003,1.875
0,dur2_adaptAggr,2,0.0284500000000003,1.875
6,dur2_k1,2,0.04450000000000076,1.0
6,dur2_k8,2,0.02730000000000027,8.0
6,dur2_adaptDef,2,0.03325000000000044,1.3125
6,dur20_k1,20,0.039400000000000615,1.0
6,dur20_k8,20,0.026900000000000257,8.0
6,dur20_adaptDef,20,0.0318000000000004,1.25
6,dur100_k1,100,0.02665000000000025,1.0
6,dur100_k8,100,0.02425000000000018,8.0
6,dur100_adaptDef,100,0.025350000000000213,1.125
6,dur2_k2,2,0.03495000000000049,2.0
6,dur2_k4,2,0.028500000000000303,4.0
6,dur2_adaptCD5,2,0.02950000000000033,1.625
6,dur2_adaptCD2,2,0.027500000000000274,1.8125
6,dur2_adaptCD1,2,0.027500000000000274,1.875
6,dur2_adaptAggr,2,0.02740000000000027,1.875
1,dur2_k1,2,0.04165000000000068,1.0
1,dur2_k8,2,0.024800000000000197,8.0
1,dur2_adaptDef,2,0.033100000000000435,1.3125
1,dur20_k1,20,0.04435000000000076,1.0
1,dur20_k8,20,0.024400000000000185,8.0
1,dur20_adaptDef,20,0.03405000000000046,1.25
1,dur100_k1,100,0.04130000000000067,1.0
1,dur100_k8,100,0.02975000000000034,8.0
1,dur100_adaptDef,100,0.0354000000000005,1.3125
1,dur2_k2,2,0.030950000000000373,2.0
1,dur2_k4,2,0.030950000000000373,4.0
1,dur2_adaptCD5,2,0.029700000000000337,1.5
1,dur2_adaptCD2,2,0.02665000000000025,1.6875
1,dur2_adaptCD1,2,0.025700000000000223,1.75
1,dur2_adaptAggr,2,0.025750000000000224,1.875
3,dur2_k1,2,0.043250000000000725,1.0
3,dur2_k8,2,0.028650000000000307,8.0
3,dur2_adaptDef,2,0.03565000000000051,1.1875
3,dur20_k1,20,0.040800000000000655,1.0
3,dur20_k8,20,0.027950000000000287,8.0
3,dur20_adaptDef,20,0.03470000000000048,1.1875
3,dur100_k1,100,0.050550000000000934,1.0
3,dur100_k8,100,0.031400000000000386,8.0
3,dur100_adaptDef,100,0.04350000000000073,1.1875
3,dur2_k2,2,0.033500000000000446,2.0
3,dur2_k4,2,0.033500000000000446,4.0
3,dur2_adaptCD5,2,0.03295000000000043,1.375
3,dur2_adaptCD2,2,0.030050000000000347,1.4375
3,dur2_adaptCD1,2,0.029700000000000337,1.4375
3,dur2_adaptAggr,2,0.02975000000000034,1.4375
10,dur2_k1,2,0.021500000000000102,1.0
10,dur2_k8,2,0.026900000000000257,8.0
10,dur2_adaptDef,2,0.021500000000000102,1
10,dur20_k1,20,0.021500000000000102,1.0
10,dur20_k8,20,0.02875000000000031,8.0
10,dur20_adaptDef,20,0.021500000000000102,1
10,dur100_k1,100,0.021500000000000102,1.0
10,dur100_k8,100,0.02805000000000029,8.0
10,dur100_adaptDef,100,0.021500000000000102,1
10,dur2_k2,2,0.02560000000000022,2.0
10,dur2_k4,2,0.02560000000000022,4.0
10,dur2_adaptCD5,2,0.021500000000000102,1
10,dur2_adaptCD2,2,0.021500000000000102,1
10,dur2_adaptCD1,2,0.021500000000000102,1
10,dur2_adaptAggr,2,0.021500000000000102,1
11,dur2_k1,2,0.021500000000000102,1.0
11,dur2_k8,2,0.02320000000000015,8.0
11,dur2_adaptDef,2,0.021500000000000102,1
11,dur20_k1,20,0.021500000000000102,1.0
11,dur20_k8,20,0.022400000000000128,8.0
11,dur20_adaptDef,20,0.021500000000000102,1
11,dur100_k1,100,0.021500000000000102,1.0
11,dur100_k8,100,0.021500000000000102,8.0
11,dur100_adaptDef,100,0.021500000000000102,1
11,dur2_k2,2,0.026150000000000236,2.0
11,dur2_k4,2,0.02320000000000015,4.0
11,dur2_adaptCD5,2,0.021500000000000102,1
11,dur2_adaptCD2,2,0.021500000000000102,1
11,dur2_adaptCD1,2,0.021500000000000102,1
11,dur2_adaptAggr,2,0.021500000000000102,1
12,dur2_k1,2,0.030250000000000353,1.0
12,dur2_k8,2,0.023050000000000147,8.0
12,dur2_adaptDef,2,0.02660000000000025,1.125
12,dur20_k1,20,0.03090000000000037,1.0
12,dur20_k8,20,0.02315000000000015,8.0
12,dur20_adaptDef,20,0.02765000000000028,1.0625
12,dur100_k1,100,0.026450000000000244,1.0
12,dur100_k8,100,0.02315000000000015,8.0
12,dur100_adaptDef,100,0.026450000000000244,1
12,dur2_k2,2,0.025000000000000203,2.0
12,dur2_k4,2,0.024050000000000175,4.0
12,dur2_adaptCD5,2,0.025750000000000224,1.1875
12,dur2_adaptCD2,2,0.0249500000000002,1.25
12,dur2_adaptCD1,2,0.0249500000000002,1.3125
12,dur2_adaptAggr,2,0.023400000000000157,1.4375
17,dur2_k1,2,0.021500000000000102,1.0
17,dur2_k8,2,0.027150000000000264,8.0
17,dur2_adaptDef,2,0.021500000000000102,1
17,dur20_k1,20,0.021500000000000102,1.0
17,dur20_k8,20,0.026050000000000233,8.0
17,dur20_adaptDef,20,0.021500000000000102,1
17,dur100_k1,100,0.021500000000000102,1.0
17,dur100_k8,100,0.02425000000000018,8.0
17,dur100_adaptDef,100,0.021500000000000102,1
17,dur2_k2,2,0.02555000000000022,2.0
17,dur2_k4,2,0.02555000000000022,4.0
17,dur2_adaptCD5,2,0.021500000000000102,1
17,dur2_adaptCD2,2,0.021500000000000102,1
17,dur2_adaptCD1,2,0.021500000000000102,1
17,dur2_adaptAggr,2,0.021500000000000102,1
13,dur2_k1,2,0.031400000000000386,1.0
13,dur2_k8,2,0.02765000000000028,8.0
13,dur2_adaptDef,2,0.029350000000000327,1.125
13,dur20_k1,20,0.0318500000000004,1.0
13,dur20_k8,20,0.02740000000000027,8.0
13,dur20_adaptDef,20,0.029300000000000326,1.125
13,dur100_k1,100,0.03090000000000037,1.0
13,dur100_k8,100,0.02915000000000032,8.0
13,dur100_adaptDef,100,0.02870000000000031,1.125
13,dur2_k2,2,0.02905000000000032,2.0
13,dur2_k4,2,0.02905000000000032,4.0
13,dur2_adaptCD5,2,0.02910000000000032,1.25
13,dur2_adaptCD2,2,0.02775000000000028,1.4375
13,dur2_adaptCD1,2,0.02765000000000028,1.4375
13,dur2_adaptAggr,2,0.027800000000000283,1.4375
15,dur2_k1,2,0.031750000000000396,1.0
15,dur2_k8,2,0.02670000000000025,8.0
15,dur2_adaptDef,2,0.028850000000000313,1.125
15,dur20_k1,20,0.03270000000000042,1.0
15,dur20_k8,20,0.02425000000000018,8.0
15,dur20_adaptDef,20,0.03020000000000035,1.125
15,dur100_k1,100,0.0353500000000005,1.0
15,dur100_k8,100,0.026200000000000237,8.0
15,dur100_adaptDef,100,0.029300000000000326,1.125
15,dur2_k2,2,0.029200000000000323,2.0
15,dur2_k4,2,0.02555000000000022,4.0
15,dur2_adaptCD5,2,0.027150000000000264,1.25
15,dur2_adaptCD2,2,0.02595000000000023,1.3125
15,dur2_adaptCD1,2,0.02555000000000022,1.4375
15,dur2_adaptAggr,2,0.02530000000000021,1.4375
18,dur2_k1,2,0.03045000000000036,1.0
18,dur2_k8,2,0.02385000000000017,8.0
18,dur2_adaptDef,2,0.026850000000000256,1.125
18,dur20_k1,20,0.028300000000000297,1.0
18,dur20_k8,20,0.023600000000000163,8.0
18,dur20_adaptDef,20,0.025750000000000224,1.125
18,dur100_k1,100,0.022050000000000118,1.0
18,dur100_k8,100,0.02565000000000022,8.0
18,dur100_adaptDef,100,0.022050000000000118,1
18,dur2_k2,2,0.02555000000000022,2.0
18,dur2_k4,2,0.02555000000000022,4.0
18,dur2_adaptCD5,2,0.02600000000000023,1.25
18,dur2_adaptCD2,2,0.025150000000000207,1.3125
18,dur2_adaptCD1,2,0.025000000000000203,1.375
18,dur2_adaptAggr,2,0.024300000000000183,1.4375
14,dur2_k1,2,0.029700000000000337,1.0
14,dur2_k8,2,0.028250000000000296,8.0
14,dur2_adaptDef,2,0.02875000000000031,1.125
14,dur20_k1,20,0.03265000000000042,1.0
14,dur20_k8,20,0.029650000000000336,8.0
14,dur20_adaptDef,20,0.03080000000000037,1.1875
14,dur100_k1,100,0.03980000000000063,1.0
14,dur100_k8,100,0.032450000000000416,8.0
14,dur100_adaptDef,100,0.03810000000000058,1.1875
14,dur2_k2,2,0.028500000000000303,2.0
14,dur2_k4,2,0.028500000000000303,4.0
14,dur2_adaptCD5,2,0.02880000000000031,1.3125
14,dur2_adaptCD2,2,0.0283500000000003,1.4375
14,dur2_adaptCD1,2,0.028300000000000297,1.4375
14,dur2_adaptAggr,2,0.0283500000000003,1.4375
16,dur2_k1,2,0.04450000000000076,1.0
16,dur2_k8,2,0.027450000000000273,8.0
16,dur2_adaptDef,2,0.034500000000000475,1.1875
16,dur20_k1,20,0.03960000000000062,1.0
16,dur20_k8,20,0.029000000000000317,8.0
16,dur20_adaptDef,20,0.03215000000000041,1.1875
16,dur100_k1,100,0.04555000000000079,1.0
16,dur100_k8,100,0.030700000000000366,8.0
16,dur100_adaptDef,100,0.0353500000000005,1.125
16,dur2_k2,2,0.03465000000000048,2.0
16,dur2_k4,2,0.026900000000000257,4.0
16,dur2_adaptCD5,2,0.030400000000000357,1.3125
16,dur2_adaptCD2,2,0.027900000000000286,1.4375
16,dur2_adaptCD1,2,0.02730000000000027,1.4375
16,dur2_adaptAggr,2,0.027800000000000283,1.4375
19,dur2_k1,2,0.03010000000000035,1.0
19,dur2_k8,2,0.02560000000000022,8.0
19,dur2_adaptDef,2,0.030300000000000354,1.125
19,dur20_k1,20,0.03715000000000055,1.0
19,dur20_k8,20,0.025750000000000224,8.0
19,dur20_adaptDef,20,0.03410000000000046,1.1875
19,dur100_k1,100,0.03985000000000063,1.0
19,dur100_k8,100,0.025800000000000226,8.0
19,dur100_adaptDef,100,0.03580000000000051,1.1875
19,dur2_k2,2,0.03265000000000042,2.0
19,dur2_k4,2,0.02555000000000022,4.0
19,dur2_adaptCD5,2,0.027100000000000263,1.3125
19,dur2_adaptCD2,2,0.025450000000000216,1.3125
19,dur2_adaptCD1,2,0.025150000000000207,1.4375
19,dur2_adaptAggr,2,0.02565000000000022,1.4375
20,dur2_k1,2,0.021500000000000102,1.0
20,dur2_k8,2,0.02415000000000018,8.0
20,dur2_adaptDef,2,0.021500000000000102,1
20,dur20_k1,20,0.021500000000000102,1.0
20,dur20_k8,20,0.02695000000000026,8.0
20,dur20_adaptDef,20,0.021500000000000102,1
20,dur100_k1,100,0.021500000000000102,1.0
20,dur100_k8,100,0.024750000000000195,8.0
20,dur100_adaptDef,100,0.021500000000000102,1
20,dur2_k2,2,0.025000000000000203,2.0
20,dur2_k4,2,0.024050000000000175,4.0
20,dur2_adaptCD5,2,0.021500000000000102,1
20,dur2_adaptCD2,2,0.021500000000000102,1
20,dur2_adaptCD1,2,0.021500000000000102,1
20,dur2_adaptAggr,2,0.021500000000000102,1
21,dur2_k1,2,0.030350000000000356,1.0
21,dur2_k8,2,0.024650000000000193,8.0
21,dur2_adaptDef,2,0.02700000000000026,1.125
21,dur20_k1,20,0.0318000000000004,1.0
21,dur20_k8,20,0.024750000000000195,8.0
21,dur20_adaptDef,20,0.02875000000000031,1.125
21,dur100_k1,100,0.026500000000000246,1.0
21,dur100_k8,100,0.022700000000000137,8.0
21,dur100_adaptDef,100,0.025100000000000205,1.0625
21,dur2_k2,2,0.02665000000000025,2.0
21,dur2_k4,2,0.025500000000000217,4.0
21,dur2_adaptCD5,2,0.02595000000000023,1.125
21,dur2_adaptCD2,2,0.02520000000000021,1.1875
21,dur2_adaptCD1,2,0.025000000000000203,1.25
21,dur2_adaptAggr,2,0.023400000000000157,1.4375
22,dur2_k1,2,0.021500000000000102,1.0
22,dur2_k8,2,0.023650000000000164,8.0
22,dur2_adaptDef,2,0.021500000000000102,1
22,dur20_k1,20,0.021500000000000102,1.0
22,dur20_k8,20,0.02350000000000016,8.0
22,dur20_adaptDef,20,0.021500000000000102,1
22,dur100_k1,100,0.021500000000000102,1.0
22,dur100_k8,100,0.022000000000000117,8.0
22,dur100_adaptDef,100,0.021500000000000102,1
22,dur2_k2,2,0.021500000000000102,2.0
22,dur2_k4,2,0.023300000000000154,4.0
22,dur2_adaptCD5,2,0.021500000000000102,1
22,dur2_adaptCD2,2,0.021500000000000102,1
22,dur2_adaptCD1,2,0.021500000000000102,1
22,dur2_adaptAggr,2,0.021500000000000102,1
23,dur2_k1,2,0.021500000000000102,1.0
23,dur2_k8,2,0.03445000000000047,8.0
23,dur2_adaptDef,2,0.021500000000000102,1
23,dur20_k1,20,0.021500000000000102,1.0
23,dur20_k8,20,0.03215000000000041,8.0
23,dur20_adaptDef,20,0.021500000000000102,1
23,dur100_k1,100,0.021500000000000102,1.0
23,dur100_k8,100,0.0319000000000004,8.0
23,dur100_adaptDef,100,0.021500000000000102,1
23,dur2_k2,2,0.03115000000000038,2.0
23,dur2_k4,2,0.03115000000000038,4.0
23,dur2_adaptCD5,2,0.021500000000000102,1
23,dur2_adaptCD2,2,0.021500000000000102,1
23,dur2_adaptCD1,2,0.021500000000000102,1
23,dur2_adaptAggr,2,0.021500000000000102,1
27,dur2_k1,2,0.021500000000000102,1.0
27,dur2_k8,2,0.02800000000000029,8.0
27,dur2_adaptDef,2,0.021500000000000102,1
27,dur20_k1,20,0.021500000000000102,1.0
27,dur20_k8,20,0.025150000000000207,8.0
27,dur20_adaptDef,20,0.021500000000000102,1
27,dur100_k1,100,0.021500000000000102,1.0
27,dur100_k8,100,0.02945000000000033,8.0
27,dur100_adaptDef,100,0.021500000000000102,1
27,dur2_k2,2,0.0318500000000004,2.0
27,dur2_k4,2,0.02765000000000028,4.0
27,dur2_adaptCD5,2,0.021500000000000102,1
27,dur2_adaptCD2,2,0.021500000000000102,1
27,dur2_adaptCD1,2,0.021500000000000102,1
27,dur2_adaptAggr,2,0.021500000000000102,1
25,dur2_k1,2,0.03085000000000037,1.0
25,dur2_k8,2,0.024100000000000177,8.0
25,dur2_adaptDef,2,0.02660000000000025,1.125
25,dur20_k1,20,0.03265000000000042,1.0
25,dur20_k8,20,0.025350000000000213,8.0
25,dur20_adaptDef,20,0.02700000000000026,1.125
25,dur100_k1,100,0.022050000000000118,1.0
25,dur100_k8,100,0.02420000000000018,8.0
25,dur100_adaptDef,100,0.022050000000000118,1
25,dur2_k2,2,0.025450000000000216,2.0
25,dur2_k4,2,0.023800000000000168,4.0
25,dur2_adaptCD5,2,0.02560000000000022,1.1875
25,dur2_adaptCD2,2,0.025100000000000205,1.25
25,dur2_adaptCD1,2,0.024700000000000194,1.3125
25,dur2_adaptAggr,2,0.023250000000000152,1.375
24,dur2_k1,2,0.029700000000000337,1.0
24,dur2_k8,2,0.02700000000000026,8.0
24,dur2_adaptDef,2,0.02810000000000029,1.125
24,dur20_k1,20,0.03445000000000047,1.0
24,dur20_k8,20,0.02665000000000025,8.0
24,dur20_adaptDef,20,0.031050000000000376,1.125
24,dur100_k1,100,0.026500000000000246,1.0
24,dur100_k8,100,0.0248500000000002,8.0
24,dur100_adaptDef,100,0.026150000000000236,1.125
24,dur2_k2,2,0.02765000000000028,2.0
24,dur2_k4,2,0.02765000000000028,4.0
24,dur2_adaptCD5,2,0.02770000000000028,1.25
24,dur2_adaptCD2,2,0.02700000000000026,1.4375
24,dur2_adaptCD1,2,0.026800000000000254,1.4375
24,dur2_adaptAggr,2,0.026850000000000256,1.4375
28,dur2_k1,2,0.021500000000000102,1.0
28,dur2_k8,2,0.02385000000000017,8.0
28,dur2_adaptDef,2,0.021500000000000102,1
28,dur20_k1,20,0.021500000000000102,1.0
28,dur20_k8,20,0.023650000000000164,8.0
28,dur20_adaptDef,20,0.021500000000000102,1
28,dur100_k1,100,0.021500000000000102,1.0
28,dur100_k8,100,0.022900000000000142,8.0
28,dur100_adaptDef,100,0.021500000000000102,1
28,dur2_k2,2,0.024800000000000197,2.0
28,dur2_k4,2,0.02285000000000014,4.0
28,dur2_adaptCD5,2,0.021500000000000102,1
28,dur2_adaptCD2,2,0.021500000000000102,1
28,dur2_adaptCD1,2,0.021500000000000102,1
28,dur2_adaptAggr,2,0.021500000000000102,1
26,dur2_k1,2,0.031000000000000374,1.0
26,dur2_k8,2,0.034850000000000485,8.0
26,dur2_adaptDef,2,0.032100000000000406,1.1875
26,dur20_k1,20,0.030950000000000373,1.0
26,dur20_k8,20,0.03400000000000046,8.0
26,dur20_adaptDef,20,0.03145000000000039,1.1875
26,dur100_k1,100,0.02210000000000012,1.0
26,dur100_k8,100,0.03150000000000039,8.0
26,dur100_adaptDef,100,0.02210000000000012,1
26,dur2_k2,2,0.03435000000000047,2.0
26,dur2_k4,2,0.03435000000000047,4.0
26,dur2_adaptCD5,2,0.03255000000000042,1.375
26,dur2_adaptCD2,2,0.03440000000000047,1.4375
26,dur2_adaptCD1,2,0.03465000000000048,1.4375
26,dur2_adaptAggr,2,0.03475000000000048,1.4375
29,dur2_k1,2,0.02985000000000034,1.0
29,dur2_k8,2,0.02595000000000023,8.0
29,dur2_adaptDef,2,0.028300000000000297,1.125
29,dur20_k1,20,0.028300000000000297,1.0
29,dur20_k8,20,0.027500000000000274,8.0
29,dur20_adaptDef,20,0.02805000000000029,1.125
29,dur100_k1,100,0.03090000000000037,1.0
29,dur100_k8,100,0.02385000000000017,8.0
29,dur100_adaptDef,100,0.030300000000000354,1.0625
29,dur2_k2,2,0.0283500000000003,2.0
29,dur2_k4,2,0.024750000000000195,4.0
29,dur2_adaptCD5,2,0.026450000000000244,1.1875
29,dur2_adaptCD2,2,0.025000000000000203,1.3125
29,dur2_adaptCD1,2,0.0248500000000002,1.375
29,dur2_adaptAggr,2,0.02450000000000019,1.4375
30,dur2_k1,2,0.021500000000000102,1.0
30,dur2_k8,2,0.02595000000000023,8.0
30,dur2_adaptDef,2,0.021500000000000102,1
30,dur20_k1,20,0.021500000000000102,1.0
30,dur20_k8,20,0.02910000000000032,8.0
30,dur20_adaptDef,20,0.021500000000000102,1
30,dur100_k1,100,0.021500000000000102,1.0
30,dur100_k8,100,0.023700000000000165,8.0
30,dur100_adaptDef,100,0.021500000000000102,1
30,dur2_k2,2,0.021500000000000102,2.0
30,dur2_k4,2,0.023800000000000168,4.0
30,dur2_adaptCD5,2,0.021500000000000102,1
30,dur2_adaptCD2,2,0.021500000000000102,1
30,dur2_adaptCD1,2,0.021500000000000102,1
30,dur2_adaptAggr,2,0.021500000000000102,1
31,dur2_k1,2,0.030750000000000367,1.0
31,dur2_k8,2,0.024700000000000194,8.0
31,dur2_adaptDef,2,0.029950000000000344,1.125
31,dur20_k1,20,0.030950000000000373,1.0
31,dur20_k8,20,0.025700000000000223,8.0
31,dur20_adaptDef,20,0.031400000000000386,1.125
31,dur100_k1,100,0.030950000000000373,1.0
31,dur100_k8,100,0.023400000000000157,8.0
31,dur100_adaptDef,100,0.0319500000000004,1.125
31,dur2_k2,2,0.029350000000000327,2.0
31,dur2_k4,2,0.02635000000000024,4.0
31,dur2_adaptCD5,2,0.0284500000000003,1.3125
31,dur2_adaptCD2,2,0.02665000000000025,1.4375
31,dur2_adaptCD1,2,0.02590000000000023,1.4375
31,dur2_adaptAggr,2,0.02530000000000021,1.4375
35,dur2_k1,2,0.021500000000000102,1.0
35,dur2_k8,2,0.02285000000000014,8.0
35,dur2_adaptDef,2,0.021500000000000102,1
35,dur20_k1,20,0.021500000000000102,1.0
35,dur20_k8,20,0.02280000000000014,8.0
35,dur20_adaptDef,20,0.021500000000000102,1
35,dur100_k1,100,0.021500000000000102,1.0
35,dur100_k8,100,0.023050000000000147,8.0
35,dur100_adaptDef,100,0.021500000000000102,1
35,dur2_k2,2,0.021500000000000102,2.0
35,dur2_k4,2,0.021500000000000102,4.0
35,dur2_adaptCD5,2,0.021500000000000102,1
35,dur2_adaptCD2,2,0.021500000000000102,1
35,dur2_adaptCD1,2,0.021500000000000102,1
35,dur2_adaptAggr,2,0.021500000000000102,1
36,dur2_k1,2,0.021500000000000102,1.0
36,dur2_k8,2,0.027950000000000287,8.0
36,dur2_adaptDef,2,0.021500000000000102,1
36,dur20_k1,20,0.021500000000000102,1.0
36,dur20_k8,20,0.02765000000000028,8.0
36,dur20_adaptDef,20,0.021500000000000102,1
36,dur100_k1,100,0.021500000000000102,1.0
36,dur100_k8,100,0.027450000000000273,8.0
36,dur100_adaptDef,100,0.021500000000000102,1
36,dur2_k2,2,0.026050000000000233,2.0
36,dur2_k4,2,0.026050000000000233,4.0
36,dur2_adaptCD5,2,0.021500000000000102,1
36,dur2_adaptCD2,2,0.021500000000000102,1
36,dur2_adaptCD1,2,0.021500000000000102,1
36,dur2_adaptAggr,2,0.021500000000000102,1
32,dur2_k1,2,0.04450000000000076,1.0
32,dur2_k8,2,0.028550000000000304,8.0
32,dur2_adaptDef,2,0.03505000000000049,1.3125
32,dur20_k1,20,0.038050000000000576,1.0
32,dur20_k8,20,0.02740000000000027,8.0
32,dur20_adaptDef,20,0.033500000000000446,1.375
32,dur100_k1,100,0.04490000000000077,1.0
32,dur100_k8,100,0.028500000000000303,8.0
32,dur100_adaptDef,100,0.033850000000000456,1.3125
32,dur2_k2,2,0.03395000000000046,2.0
32,dur2_k4,2,0.029200000000000323,4.0
32,dur2_adaptCD5,2,0.03090000000000037,1.625
32,dur2_adaptCD2,2,0.028950000000000316,1.875
32,dur2_adaptCD1,2,0.02870000000000031,1.875
32,dur2_adaptAggr,2,0.02870000000000031,1.875
33,dur2_k1,2,0.031100000000000377,1.0
33,dur2_k8,2,0.028500000000000303,8.0
33,dur2_adaptDef,2,0.029550000000000333,1.125
33,dur20_k1,20,0.0318000000000004,1.0
33,dur20_k8,20,0.0283500000000003,8.0
33,dur20_adaptDef,20,0.029950000000000344,1.125
33,dur100_k1,100,0.026550000000000247,1.0
33,dur100_k8,100,0.03755000000000056,8.0
33,dur100_adaptDef,100,0.02775000000000028,1.125
33,dur2_k2,2,0.02905000000000032,2.0
33,dur2_k4,2,0.02905000000000032,4.0
33,dur2_adaptCD5,2,0.02915000000000032,1.3125
33,dur2_adaptCD2,2,0.028850000000000313,1.4375
33,dur2_adaptCD1,2,0.02875000000000031,1.4375
33,dur2_adaptAggr,2,0.0284500000000003,1.4375
37,dur2_k1,2,0.03015000000000035,1.0
37,dur2_k8,2,0.027150000000000264,8.0
37,dur2_adaptDef,2,0.028250000000000296,1.125
37,dur20_k1,20,0.0318000000000004,1.0
37,dur20_k8,20,0.0284000000000003,8.0
37,dur20_adaptDef,20,0.031100000000000377,1.125
37,dur100_k1,100,0.022050000000000118,1.0
37,dur100_k8,100,0.028650000000000307,8.0
37,dur100_adaptDef,100,0.022050000000000118,1
37,dur2_k2,2,0.02810000000000029,2.0
37,dur2_k4,2,0.02810000000000029,4.0
37,dur2_adaptCD5,2,0.028200000000000294,1.3125
37,dur2_adaptCD2,2,0.027150000000000264,1.4375
37,dur2_adaptCD1,2,0.027150000000000264,1.4375
37,dur2_adaptAggr,2,0.027150000000000264,1.4375
38,dur2_k1,2,0.021500000000000102,1.0
38,dur2_k8,2,0.03505000000000049,8.0
38,dur2_adaptDef,2,0.021500000000000102,1
38,dur20_k1,20,0.021500000000000102,1.0
38,dur20_k8,20,0.03680000000000054,8.0
38,dur20_adaptDef,20,0.021500000000000102,1
38,dur100_k1,100,0.021500000000000102,1.0
38,dur100_k8,100,0.03715000000000055,8.0
38,dur100_adaptDef,100,0.021500000000000102,1
38,dur2_k2,2,0.03145000000000039,2.0
38,dur2_k4,2,0.03145000000000039,4.0
38,dur2_adaptCD5,2,0.021500000000000102,1
38,dur2_adaptCD2,2,0.021500000000000102,1
38,dur2_adaptCD1,2,0.021500000000000102,1
38,dur2_adaptAggr,2,0.021500000000000102,1
34,dur2_k1,2,0.030250000000000353,1.0
34,dur2_k8,2,0.03500000000000049,8.0
34,dur2_adaptDef,2,0.03145000000000039,1.25
34,dur20_k1,20,0.03360000000000045,1.0
34,dur20_k8,20,0.02700000000000026,8.0
34,dur20_adaptDef,20,0.03050000000000036,1.25
34,dur100_k1,100,0.039750000000000625,1.0
34,dur100_k8,100,0.039750000000000625,8.0
34,dur100_adaptDef,100,0.0424500000000007,1.3125
34,dur2_k2,2,0.03370000000000045,2.0
34,dur2_k4,2,0.03370000000000045,4.0
34,dur2_adaptCD5,2,0.03145000000000039,1.625
34,dur2_adaptCD2,2,0.033850000000000456,1.875
34,dur2_adaptCD1,2,0.034500000000000475,1.875
34,dur2_adaptAggr,2,0.034500000000000475,1.875
39,dur2_k1,2,0.03115000000000038,1.0
39,dur2_k8,2,0.023100000000000148,8.0
39,dur2_adaptDef,2,0.02735000000000027,1.25
39,dur20_k1,20,0.02910000000000032,1.0
39,dur20_k8,20,0.023750000000000167,8.0
39,dur20_adaptDef,20,0.02735000000000027,1.25
39,dur100_k1,100,0.0354000000000005,1.0
39,dur100_k8,100,0.024700000000000194,8.0
39,dur100_adaptDef,100,0.03055000000000036,1.125
39,dur2_k2,2,0.025450000000000216,2.0
39,dur2_k4,2,0.0249000000000002,4.0
39,dur2_adaptCD5,2,0.02560000000000022,1.4375
39,dur2_adaptCD2,2,0.0249000000000002,1.625
39,dur2_adaptCD1,2,0.024800000000000197,1.6875
39,dur2_adaptAggr,2,0.023600000000000163,1.875
40,dur2_k1,2,0.021500000000000102,1.0
40,dur2_k8,2,0.027450000000000273,8.0
40,dur2_adaptDef,2,0.021500000000000102,1
40,dur20_k1,20,0.021500000000000102,1.0
40,dur20_k8,20,0.028900000000000314,8.0
40,dur20_adaptDef,20,0.021500000000000102,1
40,dur100_k1,100,0.021500000000000102,1.0
40,dur100_k8,100,0.02770000000000028,8.0
40,dur100_adaptDef,100,0.021500000000000102,1
40,dur2_k2,2,0.021500000000000102,2.0
40,dur2_k4,2,0.025000000000000203,4.0
40,dur2_adaptCD5,2,0.021500000000000102,1
40,dur2_adaptCD2,2,0.021500000000000102,1
40,dur2_adaptCD1,2,0.021500000000000102,1
40,dur2_adaptAggr,2,0.021500000000000102,1
41,dur2_k1,2,0.0318000000000004,1.0
41,dur2_k8,2,0.025350000000000213,8.0
41,dur2_adaptDef,2,0.030000000000000346,1.25
41,dur20_k1,20,0.030050000000000347,1.0
41,dur20_k8,20,0.025850000000000227,8.0
41,dur20_adaptDef,20,0.02805000000000029,1.25
41,dur100_k1,100,0.026500000000000246,1.0
41,dur100_k8,100,0.02805000000000029,8.0
41,dur100_adaptDef,100,0.02420000000000018,1.125
41,dur2_k2,2,0.028900000000000314,2.0
41,dur2_k4,2,0.025450000000000216,4.0
41,dur2_adaptCD5,2,0.028250000000000296,1.5
41,dur2_adaptCD2,2,0.026500000000000246,1.8125
41,dur2_adaptCD1,2,0.025800000000000226,1.875
41,dur2_adaptAggr,2,0.02590000000000023,1.875
44,dur2_k1,2,0.03260000000000042,1.0
44,dur2_k8,2,0.02555000000000022,8.0
44,dur2_adaptDef,2,0.027550000000000276,1.125
44,dur20_k1,20,0.02915000000000032,1.0
44,dur20_k8,20,0.02805000000000029,8.0
44,dur20_adaptDef,20,0.02590000000000023,1.0625
44,dur100_k1,100,0.026500000000000246,1.0
44,dur100_k8,100,0.02420000000000018,8.0
44,dur100_adaptDef,100,0.026500000000000246,1
44,dur2_k2,2,0.026150000000000236,2.0
44,dur2_k4,2,0.02455000000000019,4.0
44,dur2_adaptCD5,2,0.025750000000000224,1.1875
44,dur2_adaptCD2,2,0.024000000000000174,1.1875
44,dur2_adaptCD1,2,0.024000000000000174,1.25
44,dur2_adaptAggr,2,0.023000000000000145,1.375
42,dur2_k1,2,0.03145000000000039,1.0
42,dur2_k8,2,0.027850000000000284,8.0
42,dur2_adaptDef,2,0.029650000000000336,1.125
42,dur20_k1,20,0.03085000000000037,1.0
42,dur20_k8,20,0.02590000000000023,8.0
42,dur20_adaptDef,20,0.02800000000000029,1.125
42,dur100_k1,100,0.03090000000000037,1.0
42,dur100_k8,100,0.031350000000000385,8.0
42,dur100_adaptDef,100,0.03165000000000039,1.125
42,dur2_k2,2,0.029000000000000317,2.0
42,dur2_k4,2,0.029000000000000317,4.0
42,dur2_adaptCD5,2,0.02880000000000031,1.3125
42,dur2_adaptCD2,2,0.027950000000000287,1.4375
42,dur2_adaptCD1,2,0.027800000000000283,1.4375
42,dur2_adaptAggr,2,0.027950000000000287,1.4375
43,dur2_k1,2,0.04350000000000073,1.0
43,dur2_k8,2,0.026800000000000254,8.0
43,dur2_adaptDef,2,0.03225000000000041,1.3125
43,dur20_k1,20,0.043200000000000724,1.0
43,dur20_k8,20,0.02765000000000028,8.0
43,dur20_adaptDef,20,0.032800000000000426,1.3125
43,dur100_k1,100,0.02665000000000025,1.0
43,dur100_k8,100,0.029600000000000334,8.0
43,dur100_adaptDef,100,0.02530000000000021,1.0625
43,dur2_k2,2,0.02950000000000033,2.0
43,dur2_k4,2,0.028900000000000314,4.0
43,dur2_adaptCD5,2,0.028650000000000307,1.625
43,dur2_adaptCD2,2,0.02695000000000026,1.875
43,dur2_adaptCD1,2,0.026550000000000247,1.875
43,dur2_adaptAggr,2,0.026900000000000257,1.875
46,dur2_k1,2,0.029000000000000317,1.0
46,dur2_k8,2,0.022900000000000142,8.0
46,dur2_adaptDef,2,0.026750000000000253,1.125
46,dur20_k1,20,0.03265000000000042,1.0
46,dur20_k8,20,0.024300000000000183,8.0
46,dur20_adaptDef,20,0.029300000000000326,1.125
46,dur100_k1,100,0.030950000000000373,1.0
46,dur100_k8,100,0.026450000000000244,8.0
46,dur100_adaptDef,100,0.02740000000000027,1.125
46,dur2_k2,2,0.02525000000000021,2.0
46,dur2_k4,2,0.024650000000000193,4.0
46,dur2_adaptCD5,2,0.025500000000000217,1.125
46,dur2_adaptCD2,2,0.0248500000000002,1.3125
46,dur2_adaptCD1,2,0.024800000000000197,1.375
46,dur2_adaptAggr,2,0.023450000000000158,1.4375
48,dur2_k1,2,0.02870000000000031,1.0
48,dur2_k8,2,0.021900000000000114,8.0
48,dur2_adaptDef,2,0.025750000000000224,1.125
48,dur20_k1,20,0.03360000000000045,1.0
48,dur20_k8,20,0.022250000000000124,8.0
48,dur20_adaptDef,20,0.028650000000000307,1.125
48,dur100_k1,100,0.03090000000000037,1.0
48,dur100_k8,100,0.021700000000000108,8.0
48,dur100_adaptDef,100,0.028200000000000294,1.125
48,dur2_k2,2,0.02450000000000019,2.0
48,dur2_k4,2,0.022700000000000137,4.0
48,dur2_adaptCD5,2,0.024750000000000195,1.125
48,dur2_adaptCD2,2,0.024400000000000185,1.1875
48,dur2_adaptCD1,2,0.02415000000000018,1.25
48,dur2_adaptAggr,2,0.022700000000000137,1.25
45,dur2_k1,2,0.04100000000000066,1.0
45,dur2_k8,2,0.02450000000000019,8.0
45,dur2_adaptDef,2,0.03220000000000041,1.3125
45,dur20_k1,20,0.04795000000000086,1.0
45,dur20_k8,20,0.027250000000000267,8.0
45,dur20_adaptDef,20,0.037300000000000555,1.3125
45,dur100_k1,100,0.035250000000000496,1.0
45,dur100_k8,100,0.02670000000000025,8.0
45,dur100_adaptDef,100,0.03085000000000037,1.125
45,dur2_k2,2,0.02975000000000034,2.0
45,dur2_k4,2,0.02975000000000034,4.0
45,dur2_adaptCD5,2,0.028850000000000313,1.5
45,dur2_adaptCD2,2,0.026800000000000254,1.6875
45,dur2_adaptCD1,2,0.02555000000000022,1.8125
45,dur2_adaptAggr,2,0.0249000000000002,1.875
49,dur2_k1,2,0.03150000000000039,1.0
49,dur2_k8,2,0.026850000000000256,8.0
49,dur2_adaptDef,2,0.027550000000000276,1.125
49,dur20_k1,20,0.026500000000000246,1.0
49,dur20_k8,20,0.02670000000000025,8.0
49,dur20_adaptDef,20,0.025450000000000216,1.125
49,dur100_k1,100,0.026450000000000244,1.0
49,dur100_k8,100,0.02740000000000027,8.0
49,dur100_adaptDef,100,0.026450000000000244,1
49,dur2_k2,2,0.025800000000000226,2.0
49,dur2_k4,2,0.025100000000000205,4.0
49,dur2_adaptCD5,2,0.02625000000000024,1.125
49,dur2_adaptCD2,2,0.025750000000000224,1.1875
49,dur2_adaptCD1,2,0.025150000000000207,1.25
49,dur2_adaptAggr,2,0.023600000000000163,1.4375
50,dur2_k1,2,0.03150000000000039,1.0
50,dur2_k8,2,0.03165000000000039,8.0
50,dur2_adaptDef,2,0.028150000000000293,1.125
50,dur20_k1,20,0.026500000000000246,1.0
50,dur20_k8,20,0.03145000000000039,8.0
50,dur20_adaptDef,20,0.027450000000000273,1.125
50,dur100_k1,100,0.0353500000000005,1.0
50,dur100_k8,100,0.02940000000000033,8.0
50,dur100_adaptDef,100,0.03020000000000035,1.125
50,dur2_k2,2,0.02905000000000032,2.0
50,dur2_k4,2,0.02905000000000032,4.0
50,dur2_adaptCD5,2,0.02635000000000024,1.1875
50,dur2_adaptCD2,2,0.025150000000000207,1.25
50,dur2_adaptCD1,2,0.0248500000000002,1.375
50,dur2_adaptAggr,2,0.02385000000000017,1.4375
47,dur2_k1,2,0.042550000000000705,1.0
47,dur2_k8,2,0.030300000000000354,8.0
47,dur2_adaptDef,2,0.03685000000000054,1.1875
47,dur20_k1,20,0.036300000000000526,1.0
47,dur20_k8,20,0.028900000000000314,8.0
47,dur20_adaptDef,20,0.03405000000000046,1.1875
47,dur100_k1,100,0.06360000000000116,1.0
47,dur100_k8,100,0.03405000000000046,8.0
47,dur100_adaptDef,100,0.04650000000000082,1.1875
47,dur2_k2,2,0.034850000000000485,2.0
47,dur2_k4,2,0.034850000000000485,4.0
47,dur2_adaptCD5,2,0.03360000000000045,1.375
47,dur2_adaptCD2,2,0.03130000000000038,1.4375
47,dur2_adaptCD1,2,0.03115000000000038,1.4375
47,dur2_adaptAggr,2,0.03120000000000038,1.4375
51,dur2_k1,2,0.0319500000000004,1.0
51,dur2_k8,2,0.023600000000000163,8.0
51,dur2_adaptDef,2,0.027250000000000267,1.125
51,dur20_k1,20,0.02735000000000027,1.0
51,dur20_k8,20,0.022400000000000128,8.0
51,dur20_adaptDef,20,0.024700000000000194,1.125
51,dur100_k1,100,0.030950000000000373,1.0
51,dur100_k8,100,0.0248500000000002,8.0
51,dur100_adaptDef,100,0.026100000000000234,1.0625
51,dur2_k2,2,0.02600000000000023,2.0
51,dur2_k4,2,0.025500000000000217,4.0
51,dur2_adaptCD5,2,0.02625000000000024,1.1875
51,dur2_adaptCD2,2,0.02560000000000022,1.25
51,dur2_adaptCD1,2,0.02525000000000021,1.375
51,dur2_adaptAggr,2,0.023800000000000168,1.4375
55,dur2_k1,2,0.021500000000000102,1.0
55,dur2_k8,2,0.022950000000000144,8.0
55,dur2_adaptDef,2,0.021500000000000102,1
55,dur20_k1,20,0.021500000000000102,1.0
55,dur20_k8,20,0.02250000000000013,8.0
55,dur20_adaptDef,20,0.021500000000000102,1
55,dur100_k1,100,0.021500000000000102,1.0
55,dur100_k8,100,0.023300000000000154,8.0
55,dur100_adaptDef,100,0.021500000000000102,1
55,dur2_k2,2,0.021500000000000102,2.0
55,dur2_k4,2,0.022950000000000144,4.0
55,dur2_adaptCD5,2,0.021500000000000102,1
55,dur2_adaptCD2,2,0.021500000000000102,1
55,dur2_adaptCD1,2,0.021500000000000102,1
55,dur2_adaptAggr,2,0.021500000000000102,1
52,dur2_k1,2,0.04190000000000069,1.0
52,dur2_k8,2,0.02530000000000021,8.0
52,dur2_adaptDef,2,0.03300000000000043,1.1875
52,dur20_k1,20,0.04060000000000065,1.0
52,dur20_k8,20,0.02660000000000025,8.0
52,dur20_adaptDef,20,0.03285000000000043,1.1875
52,dur100_k1,100,0.046750000000000826,1.0
52,dur100_k8,100,0.028150000000000293,8.0
52,dur100_adaptDef,100,0.03130000000000038,1.125
52,dur2_k2,2,0.030750000000000367,2.0
52,dur2_k4,2,0.030750000000000367,4.0
52,dur2_adaptCD5,2,0.029550000000000333,1.3125
52,dur2_adaptCD2,2,0.026450000000000244,1.4375
52,dur2_adaptCD1,2,0.025800000000000226,1.4375
52,dur2_adaptAggr,2,0.025800000000000226,1.4375
53,dur2_k1,2,0.029600000000000334,1.0
53,dur2_k8,2,0.027800000000000283,8.0
53,dur2_adaptDef,2,0.0284500000000003,1.125
53,dur20_k1,20,0.03090000000000037,1.0
53,dur20_k8,20,0.02940000000000033,8.0
53,dur20_adaptDef,20,0.03090000000000037,1.125
53,dur100_k1,100,0.026500000000000246,1.0
53,dur100_k8,100,0.025400000000000214,8.0
53,dur100_adaptDef,100,0.027200000000000266,1.125
53,dur2_k2,2,0.0284000000000003,2.0
53,dur2_k4,2,0.0284000000000003,4.0
53,dur2_adaptCD5,2,0.0284500000000003,1.3125
53,dur2_adaptCD2,2,0.027600000000000277,1.4375
53,dur2_adaptCD1,2,0.027950000000000287,1.4375
53,dur2_adaptAggr,2,0.028150000000000293,1.4375
56,dur2_k1,2,0.032050000000000405,1.0
56,dur2_k8,2,0.02315000000000015,8.0
56,dur2_adaptDef,2,0.027950000000000287,1.25
56,dur20_k1,20,0.03360000000000045,1.0
56,dur20_k8,20,0.023750000000000167,8.0
56,dur20_adaptDef,20,0.02880000000000031,1.25
56,dur100_k1,100,0.030950000000000373,1.0
56,dur100_k8,100,0.02425000000000018,8.0
56,dur100_adaptDef,100,0.025800000000000226,1.1875
56,dur2_k2,2,0.02565000000000022,2.0
56,dur2_k4,2,0.024800000000000197,4.0
56,dur2_adaptCD5,2,0.026200000000000237,1.25
56,dur2_adaptCD2,2,0.025350000000000213,1.375
56,dur2_adaptCD1,2,0.025100000000000205,1.5625
56,dur2_adaptAggr,2,0.024100000000000177,1.875
54,dur2_k1,2,0.03115000000000038,1.0
54,dur2_k8,2,0.027900000000000286,8.0
54,dur2_adaptDef,2,0.029700000000000337,1.25
54,dur20_k1,20,0.03270000000000042,1.0
54,dur20_k8,20,0.02635000000000024,8.0
54,dur20_adaptDef,20,0.03010000000000035,1.25
54,dur100_k1,100,0.03980000000000063,1.0
54,dur100_k8,100,0.03565000000000051,8.0
54,dur100_adaptDef,100,0.03585000000000051,1.25
54,dur2_k2,2,0.02905000000000032,2.0
54,dur2_k4,2,0.02905000000000032,4.0
54,dur2_adaptCD5,2,0.02875000000000031,1.5625
54,dur2_adaptCD2,2,0.02810000000000029,1.875
54,dur2_adaptCD1,2,0.027900000000000286,1.875
54,dur2_adaptAggr,2,0.027850000000000284,1.875
59,dur2_k1,2,0.021500000000000102,1.0
59,dur2_k8,2,0.026100000000000234,8.0
59,dur2_adaptDef,2,0.021500000000000102,1
59,dur20_k1,20,0.021500000000000102,1.0
59,dur20_k8,20,0.026150000000000236,8.0
59,dur20_adaptDef,20,0.021500000000000102,1
59,dur100_k1,100,0.021500000000000102,1.0
59,dur100_k8,100,0.026850000000000256,8.0
59,dur100_adaptDef,100,0.021500000000000102,1
59,dur2_k2,2,0.024800000000000197,2.0
59,dur2_k4,2,0.024800000000000197,4.0
59,dur2_adaptCD5,2,0.021500000000000102,1
59,dur2_adaptCD2,2,0.021500000000000102,1
59,dur2_adaptCD1,2,0.021500000000000102,1
59,dur2_adaptAggr,2,0.021500000000000102,1
57,dur2_k1,2,0.03085000000000037,1.0
57,dur2_k8,2,0.028500000000000303,8.0
57,dur2_adaptDef,2,0.03015000000000035,1.25
57,dur20_k1,20,0.030950000000000373,1.0
57,dur20_k8,20,0.02980000000000034,8.0
57,dur20_adaptDef,20,0.03090000000000037,1.25
57,dur100_k1,100,0.030950000000000373,1.0
57,dur100_k8,100,0.026850000000000256,8.0
57,dur100_adaptDef,100,0.0284500000000003,1.125
57,dur2_k2,2,0.028650000000000307,2.0
57,dur2_k4,2,0.02910000000000032,4.0
57,dur2_adaptCD5,2,0.029000000000000317,1.625
57,dur2_adaptCD2,2,0.0284000000000003,1.875
57,dur2_adaptCD1,2,0.028300000000000297,1.875
57,dur2_adaptAggr,2,0.02870000000000031,1.875
58,dur2_k1,2,0.03055000000000036,1.0
58,dur2_k8,2,0.02695000000000026,8.0
58,dur2_adaptDef,2,0.0284500000000003,1.25
58,dur20_k1,20,0.03360000000000045,1.0
58,dur20_k8,20,0.02700000000000026,8.0
58,dur20_adaptDef,20,0.027850000000000284,1.25
58,dur100_k1,100,0.04865000000000088,1.0
58,dur100_k8,100,0.027500000000000274,8.0
58,dur100_adaptDef,100,0.038350000000000585,1.25
58,dur2_k2,2,0.02770000000000028,2.0
58,dur2_k4,2,0.02770000000000028,4.0
58,dur2_adaptCD5,2,0.02805000000000029,1.5
58,dur2_adaptCD2,2,0.02735000000000027,1.6875
58,dur2_adaptCD1,2,0.02700000000000026,1.6875
58,dur2_adaptAggr,2,0.02705000000000026,1.8125
60,dur2_k1,2,0.031700000000000395,1.0
60,dur2_k8,2,0.02740000000000027,8.0
60,dur2_adaptDef,2,0.030000000000000346,1.125
60,dur20_k1,20,0.030050000000000347,1.0
60,dur20_k8,20,0.028250000000000296,8.0
60,dur20_adaptDef,20,0.030300000000000354,1.125
60,dur100_k1,100,0.026450000000000244,1.0
60,dur100_k8,100,0.0248500000000002,8.0
60,dur100_adaptDef,100,0.024350000000000184,1.0625
60,dur2_k2,2,0.02910000000000032,2.0
60,dur2_k4,2,0.02910000000000032,4.0
60,dur2_adaptCD5,2,0.028950000000000316,1.3125
60,dur2_adaptCD2,2,0.027950000000000287,1.4375
60,dur2_adaptCD1,2,0.02740000000000027,1.4375
60,dur2_adaptAggr,2,0.027600000000000277,1.4375
62,dur2_k1,2,0.021500000000000102,1.0
62,dur2_k8,2,0.02670000000000025,8.0
62,dur2_adaptDef,2,0.021500000000000102,1
62,dur20_k1,20,0.021500000000000102,1.0
62,dur20_k8,20,0.02555000000000022,8.0
62,dur20_adaptDef,20,0.021500000000000102,1
62,dur100_k1,100,0.021500000000000102,1.0
62,dur100_k8,100,0.026800000000000254,8.0
62,dur100_adaptDef,100,0.021500000000000102,1
62,dur2_k2,2,0.02555000000000022,2.0
62,dur2_k4,2,0.02555000000000022,4.0
62,dur2_adaptCD5,2,0.021500000000000102,1
62,dur2_adaptCD2,2,0.021500000000000102,1
62,dur2_adaptCD1,2,0.021500000000000102,1
62,dur2_adaptAggr,2,0.021500000000000102,1
61,dur2_k1,2,0.028850000000000313,1.0
61,dur2_k8,2,0.03335000000000044,8.0
61,dur2_adaptDef,2,0.029950000000000344,1.125
61,dur20_k1,20,0.02735000000000027,1.0
61,dur20_k8,20,0.03635000000000053,8.0
61,dur20_adaptDef,20,0.02910000000000032,1.125
61,dur100_k1,100,0.0353000000000005,1.0
61,dur100_k8,100,0.0353000000000005,8.0
61,dur100_adaptDef,100,0.03375000000000045,1.1875
61,dur2_k2,2,0.032100000000000406,2.0
61,dur2_k4,2,0.032100000000000406,4.0
61,dur2_adaptCD5,2,0.02975000000000034,1.3125
61,dur2_adaptCD2,2,0.031750000000000396,1.4375
61,dur2_adaptCD1,2,0.03235000000000041,1.4375
61,dur2_adaptAggr,2,0.03230000000000041,1.4375
65,dur2_k1,2,0.021500000000000102,1.0
65,dur2_k8,2,0.02660000000000025,8.0
65,dur2_adaptDef,2,0.021500000000000102,1
65,dur20_k1,20,0.021500000000000102,1.0
65,dur20_k8,20,0.029000000000000317,8.0
65,dur20_adaptDef,20,0.021500000000000102,1
65,dur100_k1,100,0.021500000000000102,1.0
65,dur100_k8,100,0.03020000000000035,8.0
65,dur100_adaptDef,100,0.021500000000000102,1
65,dur2_k2,2,0.03050000000000036,2.0
65,dur2_k4,2,0.02595000000000023,4.0
65,dur2_adaptCD5,2,0.021500000000000102,1
65,dur2_adaptCD2,2,0.021500000000000102,1
65,dur2_adaptCD1,2,0.021500000000000102,1
65,dur2_adaptAggr,2,0.021500000000000102,1
66,dur2_k1,2,0.021500000000000102,1.0
66,dur2_k8,2,0.024750000000000195,8.0
66,dur2_adaptDef,2,0.021500000000000102,1
66,dur20_k1,20,0.021500000000000102,1.0
66,dur20_k8,20,0.024700000000000194,8.0
66,dur20_adaptDef,20,0.021500000000000102,1
66,dur100_k1,100,0.021500000000000102,1.0
66,dur100_k8,100,0.02665000000000025,8.0
66,dur100_adaptDef,100,0.021500000000000102,1
66,dur2_k2,2,0.025500000000000217,2.0
66,dur2_k4,2,0.02415000000000018,4.0
66,dur2_adaptCD5,2,0.021500000000000102,1
66,dur2_adaptCD2,2,0.021500000000000102,1
66,dur2_adaptCD1,2,0.021500000000000102,1
66,dur2_adaptAggr,2,0.021500000000000102,1
64,dur2_k1,2,0.03080000000000037,1.0
64,dur2_k8,2,0.026150000000000236,8.0
64,dur2_adaptDef,2,0.02730000000000027,1.125
64,dur20_k1,20,0.030050000000000347,1.0
64,dur20_k8,20,0.028150000000000293,8.0
64,dur20_adaptDef,20,0.02740000000000027,1.125
64,dur100_k1,100,0.03985000000000063,1.0
64,dur100_k8,100,0.02415000000000018,8.0
64,dur100_adaptDef,100,0.03610000000000052,1.125
64,dur2_k2,2,0.030050000000000347,2.0
64,dur2_k4,2,0.026900000000000257,4.0
64,dur2_adaptCD5,2,0.026100000000000234,1.125
64,dur2_adaptCD2,2,0.025150000000000207,1.1875
64,dur2_adaptCD1,2,0.0248500000000002,1.25
64,dur2_adaptAggr,2,0.023650000000000164,1.4375
63,dur2_k1,2,0.031100000000000377,1.0
63,dur2_k8,2,0.03325000000000044,8.0
63,dur2_adaptDef,2,0.02875000000000031,1.125
63,dur20_k1,20,0.02735000000000027,1.0
63,dur20_k8,20,0.03155000000000039,8.0
63,dur20_adaptDef,20,0.02665000000000025,1.125
63,dur100_k1,100,0.026500000000000246,1.0
63,dur100_k8,100,0.03960000000000062,8.0
63,dur100_adaptDef,100,0.026500000000000246,1
63,dur2_k2,2,0.03085000000000037,2.0
63,dur2_k4,2,0.03085000000000037,4.0
63,dur2_adaptCD5,2,0.027250000000000267,1.3125
63,dur2_adaptCD2,2,0.026100000000000234,1.375
63,dur2_adaptCD1,2,0.025850000000000227,1.4375
63,dur2_adaptAggr,2,0.0249000000000002,1.4375
67,dur2_k1,2,0.031100000000000377,1.0
67,dur2_k8,2,0.022950000000000144,8.0
67,dur2_adaptDef,2,0.027500000000000274,1.25
67,dur20_k1,20,0.03270000000000042,1.0
67,dur20_k8,20,0.023000000000000145,8.0
67,dur20_adaptDef,20,0.0284500000000003,1.25
67,dur100_k1,100,0.0353500000000005,1.0
67,dur100_k8,100,0.023100000000000148,8.0
67,dur100_adaptDef,100,0.03305000000000043,1.1875
67,dur2_k2,2,0.02530000000000021,2.0
67,dur2_k4,2,0.02530000000000021,4.0
67,dur2_adaptCD5,2,0.026050000000000233,1.25
67,dur2_adaptCD2,2,0.02565000000000022,1.375
67,dur2_adaptCD1,2,0.025050000000000204,1.5625
67,dur2_adaptAggr,2,0.023750000000000167,1.8125
70,dur2_k1,2,0.021500000000000102,1.0
70,dur2_k8,2,0.025000000000000203,8.0
70,dur2_adaptDef,2,0.021500000000000102,1
70,dur20_k1,20,0.021500000000000102,1.0
70,dur20_k8,20,0.024700000000000194,8.0
70,dur20_adaptDef,20,0.021500000000000102,1
70,dur100_k1,100,0.021500000000000102,1.0
70,dur100_k8,100,0.024300000000000183,8.0
70,dur100_adaptDef,100,0.021500000000000102,1
70,dur2_k2,2,0.024650000000000193,2.0
70,dur2_k4,2,0.023800000000000168,4.0
70,dur2_adaptCD5,2,0.021500000000000102,1
70,dur2_adaptCD2,2,0.021500000000000102,1
70,dur2_adaptCD1,2,0.021500000000000102,1
70,dur2_adaptAggr,2,0.021500000000000102,1
68,dur2_k1,2,0.03090000000000037,1.0
68,dur2_k8,2,0.028300000000000297,8.0
68,dur2_adaptDef,2,0.029650000000000336,1.25
68,dur20_k1,20,0.03710000000000055,1.0
68,dur20_k8,20,0.03235000000000041,8.0
68,dur20_adaptDef,20,0.034550000000000476,1.3125
68,dur100_k1,100,0.03090000000000037,1.0
68,dur100_k8,100,0.026450000000000244,8.0
68,dur100_adaptDef,100,0.03080000000000037,1.1875
68,dur2_k2,2,0.033500000000000446,2.0
68,dur2_k4,2,0.02870000000000031,4.0
68,dur2_adaptCD5,2,0.02915000000000032,1.5625
68,dur2_adaptCD2,2,0.028650000000000307,1.875
68,dur2_adaptCD1,2,0.0284500000000003,1.875
68,dur2_adaptAggr,2,0.0284000000000003,1.875
69,dur2_k1,2,0.03090000000000037,1.0
69,dur2_k8,2,0.02800000000000029,8.0
69,dur2_adaptDef,2,0.02975000000000034,1.125
69,dur20_k1,20,0.030000000000000346,1.0
69,dur20_k8,20,0.025050000000000204,8.0
69,dur20_adaptDef,20,0.030950000000000373,1.1875
69,dur100_k1,100,0.03090000000000037,1.0
69,dur100_k8,100,0.02565000000000022,8.0
69,dur100_adaptDef,100,0.0284500000000003,1.125
69,dur2_k2,2,0.028850000000000313,2.0
69,dur2_k4,2,0.028850000000000313,4.0
69,dur2_adaptCD5,2,0.029000000000000317,1.3125
69,dur2_adaptCD2,2,0.028550000000000304,1.4375
69,dur2_adaptCD1,2,0.028600000000000306,1.4375
69,dur2_adaptAggr,2,0.0283500000000003,1.4375
71,dur2_k1,2,0.021500000000000102,1.0
71,dur2_k8,2,0.02555000000000022,8.0
71,dur2_adaptDef,2,0.021500000000000102,1
71,dur20_k1,20,0.021500000000000102,1.0
71,dur20_k8,20,0.026800000000000254,8.0
71,dur20_adaptDef,20,0.021500000000000102,1
71,dur100_k1,100,0.021500000000000102,1.0
71,dur100_k8,100,0.026550000000000247,8.0
71,dur100_adaptDef,100,0.021500000000000102,1
71,dur2_k2,2,0.02415000000000018,2.0
71,dur2_k4,2,0.025700000000000223,4.0
71,dur2_adaptCD5,2,0.021500000000000102,1
71,dur2_adaptCD2,2,0.021500000000000102,1
71,dur2_adaptCD1,2,0.021500000000000102,1
71,dur2_adaptAggr,2,0.021500000000000102,1
73,dur2_k1,2,0.021500000000000102,1.0
73,dur2_k8,2,0.03300000000000043,8.0
73,dur2_adaptDef,2,0.021500000000000102,1
73,dur20_k1,20,0.021500000000000102,1.0
73,dur20_k8,20,0.03645000000000053,8.0
73,dur20_adaptDef,20,0.021500000000000102,1
73,dur100_k1,100,0.021500000000000102,1.0
73,dur100_k8,100,0.031750000000000396,8.0
73,dur100_adaptDef,100,0.021500000000000102,1
73,dur2_k2,2,0.03080000000000037,2.0
73,dur2_k4,2,0.03080000000000037,4.0
73,dur2_adaptCD5,2,0.021500000000000102,1
73,dur2_adaptCD2,2,0.021500000000000102,1
73,dur2_adaptCD1,2,0.021500000000000102,1
73,dur2_adaptAggr,2,0.021500000000000102,1
75,dur2_k1,2,0.021500000000000102,1.0
75,dur2_k8,2,0.023000000000000145,8.0
75,dur2_adaptDef,2,0.021500000000000102,1
75,dur20_k1,20,0.021500000000000102,1.0
75,dur20_k8,20,0.022350000000000127,8.0
75,dur20_adaptDef,20,0.021500000000000102,1
75,dur100_k1,100,0.021500000000000102,1.0
75,dur100_k8,100,0.023450000000000158,8.0
75,dur100_adaptDef,100,0.021500000000000102,1
75,dur2_k2,2,0.021500000000000102,2.0
75,dur2_k4,2,0.023000000000000145,4.0
75,dur2_adaptCD5,2,0.021500000000000102,1
75,dur2_adaptCD2,2,0.021500000000000102,1
75,dur2_adaptCD1,2,0.021500000000000102,1
75,dur2_adaptAggr,2,0.021500000000000102,1
72,dur2_k1,2,0.04380000000000074,1.0
72,dur2_k8,2,0.02450000000000019,8.0
72,dur2_adaptDef,2,0.031350000000000385,1.3125
72,dur20_k1,20,0.03775000000000057,1.0
72,dur20_k8,20,0.02565000000000022,8.0
72,dur20_adaptDef,20,0.03155000000000039,1.25
72,dur100_k1,100,0.049850000000000914,1.0
72,dur100_k8,100,0.02530000000000021,8.0
72,dur100_adaptDef,100,0.03285000000000043,1.1875
72,dur2_k2,2,0.03130000000000038,2.0
72,dur2_k4,2,0.02660000000000025,4.0
72,dur2_adaptCD5,2,0.02765000000000028,1.4375
72,dur2_adaptCD2,2,0.026200000000000237,1.5625
72,dur2_adaptCD1,2,0.025750000000000224,1.6875
72,dur2_adaptAggr,2,0.024650000000000193,1.875
74,dur2_k1,2,0.0320000000000004,1.0
74,dur2_k8,2,0.02425000000000018,8.0
74,dur2_adaptDef,2,0.028250000000000296,1.25
74,dur20_k1,20,0.0318500000000004,1.0
74,dur20_k8,20,0.024700000000000194,8.0
74,dur20_adaptDef,20,0.028300000000000297,1.25
74,dur100_k1,100,0.026500000000000246,1.0
74,dur100_k8,100,0.02520000000000021,8.0
74,dur100_adaptDef,100,0.02590000000000023,1.125
74,dur2_k2,2,0.028200000000000294,2.0
74,dur2_k4,2,0.02595000000000023,4.0
74,dur2_adaptCD5,2,0.026550000000000247,1.4375
74,dur2_adaptCD2,2,0.025000000000000203,1.6875
74,dur2_adaptCD1,2,0.024650000000000193,1.8125
74,dur2_adaptAggr,2,0.02425000000000018,1.875
78,dur2_k1,2,0.021500000000000102,1.0
78,dur2_k8,2,0.021500000000000102,8.0
78,dur2_adaptDef,2,0.021500000000000102,1
78,dur20_k1,20,0.021500000000000102,1.0
78,dur20_k8,20,0.021500000000000102,8.0
78,dur20_adaptDef,20,0.021500000000000102,1
78,dur100_k1,100,0.021500000000000102,1.0
78,dur100_k8,100,0.021500000000000102,8.0
78,dur100_adaptDef,100,0.021500000000000102,1
78,dur2_k2,2,0.021500000000000102,2.0
78,dur2_k4,2,0.021500000000000102,4.0
78,dur2_adaptCD5,2,0.021500000000000102,1
78,dur2_adaptCD2,2,0.021500000000000102,1
78,dur2_adaptCD1,2,0.021500000000000102,1
78,dur2_adaptAggr,2,0.021500000000000102,1
76,dur2_k1,2,0.040050000000000634,1.0
76,dur2_k8,2,0.024800000000000197,8.0
76,dur2_adaptDef,2,0.03230000000000041,1.3125
76,dur20_k1,20,0.047400000000000844,1.0
76,dur20_k8,20,0.026850000000000256,8.0
76,dur20_adaptDef,20,0.03465000000000048,1.3125
76,dur100_k1,100,0.03980000000000063,1.0
76,dur100_k8,100,0.023050000000000147,8.0
76,dur100_adaptDef,100,0.030750000000000367,1.25
76,dur2_k2,2,0.030050000000000347,2.0
76,dur2_k4,2,0.030050000000000347,4.0
76,dur2_adaptCD5,2,0.029550000000000333,1.5
76,dur2_adaptCD2,2,0.02700000000000026,1.75
76,dur2_adaptCD1,2,0.025850000000000227,1.8125
76,dur2_adaptAggr,2,0.025800000000000226,1.875
79,dur2_k1,2,0.021500000000000102,1.0
79,dur2_k8,2,0.03465000000000048,8.0
79,dur2_adaptDef,2,0.021500000000000102,1
79,dur20_k1,20,0.021500000000000102,1.0
79,dur20_k8,20,0.027450000000000273,8.0
79,dur20_adaptDef,20,0.021500000000000102,1
79,dur100_k1,100,0.021500000000000102,1.0
79,dur100_k8,100,0.02460000000000019,8.0
79,dur100_adaptDef,100,0.021500000000000102,1
79,dur2_k2,2,0.0318000000000004,2.0
79,dur2_k4,2,0.0318000000000004,4.0
79,dur2_adaptCD5,2,0.021500000000000102,1
79,dur2_adaptCD2,2,0.021500000000000102,1
79,dur2_adaptCD1,2,0.021500000000000102,1
79,dur2_adaptAggr,2,0.021500000000000102,1
77,dur2_k1,2,0.031050000000000376,1.0
77,dur2_k8,2,0.028600000000000306,8.0
77,dur2_adaptDef,2,0.030000000000000346,1.25
77,dur20_k1,20,0.03010000000000035,1.0
77,dur20_k8,20,0.03050000000000036,8.0
77,dur20_adaptDef,20,0.030950000000000373,1.25
77,dur100_k1,100,0.0355000000000005,1.0
77,dur100_k8,100,0.0354500000000005,8.0
77,dur100_adaptDef,100,0.03285000000000043,1.3125
77,dur2_k2,2,0.029600000000000334,2.0
77,dur2_k4,2,0.029600000000000334,4.0
77,dur2_adaptCD5,2,0.02940000000000033,1.5625
77,dur2_adaptCD2,2,0.028550000000000304,1.875
77,dur2_adaptCD1,2,0.028950000000000316,1.875
77,dur2_adaptAggr,2,0.028900000000000314,1.875
81,dur2_k1,2,0.021500000000000102,1.0
81,dur2_k8,2,0.022950000000000144,8.0
81,dur2_adaptDef,2,0.021500000000000102,1
81,dur20_k1,20,0.021500000000000102,1.0
81,dur20_k8,20,0.023750000000000167,8.0
81,dur20_adaptDef,20,0.021500000000000102,1
81,dur100_k1,100,0.021500000000000102,1.0
81,dur100_k8,100,0.026400000000000243,8.0
81,dur100_adaptDef,100,0.021500000000000102,1
81,dur2_k2,2,0.025100000000000205,2.0
81,dur2_k4,2,0.024100000000000177,4.0
81,dur2_adaptCD5,2,0.021500000000000102,1
81,dur2_adaptCD2,2,0.021500000000000102,1
81,dur2_adaptCD1,2,0.021500000000000102,1
81,dur2_adaptAggr,2,0.021500000000000102,1
80,dur2_k1,2,0.042850000000000714,1.0
80,dur2_k8,2,0.028900000000000314,8.0
80,dur2_adaptDef,2,0.035600000000000506,1.1875
80,dur20_k1,20,0.04830000000000087,1.0
80,dur20_k8,20,0.0320000000000004,8.0
80,dur20_adaptDef,20,0.039350000000000614,1.1875
80,dur100_k1,100,0.0354500000000005,1.0
80,dur100_k8,100,0.029250000000000324,8.0
80,dur100_adaptDef,100,0.03255000000000042,1.125
80,dur2_k2,2,0.032750000000000425,2.0
80,dur2_k4,2,0.032750000000000425,4.0
80,dur2_adaptCD5,2,0.03270000000000042,1.375
80,dur2_adaptCD2,2,0.030350000000000356,1.4375
80,dur2_adaptCD1,2,0.029950000000000344,1.4375
80,dur2_adaptAggr,2,0.02985000000000034,1.4375
83,dur2_k1,2,0.021500000000000102,1.0
83,dur2_k8,2,0.02280000000000014,8.0
83,dur2_adaptDef,2,0.021500000000000102,1
83,dur20_k1,20,0.021500000000000102,1.0
83,dur20_k8,20,0.022200000000000122,8.0
83,dur20_adaptDef,20,0.021500000000000102,1
83,dur100_k1,100,0.021500000000000102,1.0
83,dur100_k8,100,0.021700000000000108,8.0
83,dur100_adaptDef,100,0.021500000000000102,1
83,dur2_k2,2,0.021500000000000102,2.0
83,dur2_k4,2,0.02280000000000014,4.0
83,dur2_adaptCD5,2,0.021500000000000102,1
83,dur2_adaptCD2,2,0.021500000000000102,1
83,dur2_adaptCD1,2,0.021500000000000102,1
83,dur2_adaptAggr,2,0.021500000000000102,1
82,dur2_k1,2,0.030600000000000363,1.0
82,dur2_k8,2,0.024700000000000194,8.0
82,dur2_adaptDef,2,0.026750000000000253,1.125
82,dur20_k1,20,0.028300000000000297,1.0
82,dur20_k8,20,0.025000000000000203,8.0
82,dur20_adaptDef,20,0.025750000000000224,1.0625
82,dur100_k1,100,0.0354000000000005,1.0
82,dur100_k8,100,0.024350000000000184,8.0
82,dur100_adaptDef,100,0.02565000000000022,1.125
82,dur2_k2,2,0.02520000000000021,2.0
82,dur2_k4,2,0.02530000000000021,4.0
82,dur2_adaptCD5,2,0.026050000000000233,1.1875
82,dur2_adaptCD2,2,0.02530000000000021,1.25
82,dur2_adaptCD1,2,0.025050000000000204,1.3125
82,dur2_adaptAggr,2,0.024450000000000187,1.4375
85,dur2_k1,2,0.021500000000000102,1.0
85,dur2_k8,2,0.027450000000000273,8.0
85,dur2_adaptDef,2,0.021500000000000102,1
85,dur20_k1,20,0.021500000000000102,1.0
85,dur20_k8,20,0.02735000000000027,8.0
85,dur20_adaptDef,20,0.021500000000000102,1
85,dur100_k1,100,0.021500000000000102,1.0
85,dur100_k8,100,0.030600000000000363,8.0
85,dur100_adaptDef,100,0.021500000000000102,1
85,dur2_k2,2,0.025700000000000223,2.0
85,dur2_k4,2,0.026900000000000257,4.0
85,dur2_adaptCD5,2,0.021500000000000102,1
85,dur2_adaptCD2,2,0.021500000000000102,1
85,dur2_adaptCD1,2,0.021500000000000102,1
85,dur2_adaptAggr,2,0.021500000000000102,1
84,dur2_k1,2,0.0320000000000004,1.0
84,dur2_k8,2,0.021950000000000115,8.0
84,dur2_adaptDef,2,0.026800000000000254,1.125
84,dur20_k1,20,0.030050000000000347,1.0
84,dur20_k8,20,0.021700000000000108,8.0
84,dur20_adaptDef,20,0.02560000000000022,1.125
84,dur100_k1,100,0.039750000000000625,1.0
84,dur100_k8,100,0.022250000000000124,8.0
84,dur100_adaptDef,100,0.03300000000000043,1.1875
84,dur2_k2,2,0.025500000000000217,2.0
84,dur2_k4,2,0.022950000000000144,4.0
84,dur2_adaptCD5,2,0.025100000000000205,1.1875
84,dur2_adaptCD2,2,0.02425000000000018,1.25
84,dur2_adaptCD1,2,0.024000000000000174,1.25
84,dur2_adaptAggr,2,0.02320000000000015,1.3125
86,dur2_k1,2,0.04310000000000072,1.0
86,dur2_k8,2,0.026050000000000233,8.0
86,dur2_adaptDef,2,0.0318000000000004,1.1875
86,dur20_k1,20,0.04350000000000073,1.0
86,dur20_k8,20,0.026100000000000234,8.0
86,dur20_adaptDef,20,0.03295000000000043,1.125
86,dur100_k1,100,0.03410000000000046,1.0
86,dur100_k8,100,0.026900000000000257,8.0
86,dur100_adaptDef,100,0.02775000000000028,1.0625
86,dur2_k2,2,0.03115000000000038,2.0
86,dur2_k4,2,0.02595000000000023,4.0
86,dur2_adaptCD5,2,0.027950000000000287,1.3125
86,dur2_adaptCD2,2,0.02595000000000023,1.3125
86,dur2_adaptCD1,2,0.025150000000000207,1.375
86,dur2_adaptAggr,2,0.023950000000000173,1.4375
87,dur2_k1,2,0.031750000000000396,1.0
87,dur2_k8,2,0.02730000000000027,8.0
87,dur2_adaptDef,2,0.029700000000000337,1.25
87,dur20_k1,20,0.0353500000000005,1.0
87,dur20_k8,20,0.026150000000000236,8.0
87,dur20_adaptDef,20,0.032750000000000425,1.3125
87,dur100_k1,100,0.03090000000000037,1.0
87,dur100_k8,100,0.0284500000000003,8.0
87,dur100_adaptDef,100,0.031100000000000377,1.25
87,dur2_k2,2,0.02880000000000031,2.0
87,dur2_k4,2,0.02875000000000031,4.0
87,dur2_adaptCD5,2,0.02875000000000031,1.625
87,dur2_adaptCD2,2,0.027600000000000277,1.875
87,dur2_adaptCD1,2,0.027500000000000274,1.875
87,dur2_adaptAggr,2,0.02770000000000028,1.875
88,dur2_k1,2,0.03050000000000036,1.0
88,dur2_k8,2,0.026400000000000243,8.0
88,dur2_adaptDef,2,0.029000000000000317,1.25
88,dur20_k1,20,0.03090000000000037,1.0
88,dur20_k8,20,0.02770000000000028,8.0
88,dur20_adaptDef,20,0.02805000000000029,1.25
88,dur100_k1,100,0.03090000000000037,1.0
88,dur100_k8,100,0.02420000000000018,8.0
88,dur100_adaptDef,100,0.027900000000000286,1.125
88,dur2_k2,2,0.027600000000000277,2.0
88,dur2_k4,2,0.027600000000000277,4.0
88,dur2_adaptCD5,2,0.027900000000000286,1.4375
88,dur2_adaptCD2,2,0.02730000000000027,1.625
88,dur2_adaptCD1,2,0.027100000000000263,1.6875
88,dur2_adaptAggr,2,0.02670000000000025,1.8125
90,dur2_k1,2,0.028550000000000304,1.0
90,dur2_k8,2,0.025750000000000224,8.0
90,dur2_adaptDef,2,0.027500000000000274,1.125
90,dur20_k1,20,0.028250000000000296,1.0
90,dur20_k8,20,0.026500000000000246,8.0
90,dur20_adaptDef,20,0.027550000000000276,1.0625
90,dur100_k1,100,0.02210000000000012,1.0
90,dur100_k8,100,0.025000000000000203,8.0
90,dur100_adaptDef,100,0.02210000000000012,1
90,dur2_k2,2,0.02730000000000027,2.0
90,dur2_k4,2,0.027550000000000276,4.0
90,dur2_adaptCD5,2,0.027550000000000276,1.25
90,dur2_adaptCD2,2,0.02660000000000025,1.4375
90,dur2_adaptCD1,2,0.02630000000000024,1.4375
90,dur2_adaptAggr,2,0.026100000000000234,1.4375
89,dur2_k1,2,0.03120000000000038,1.0
89,dur2_k8,2,0.03330000000000044,8.0
89,dur2_adaptDef,2,0.029000000000000317,1.125
89,dur20_k1,20,0.03270000000000042,1.0
89,dur20_k8,20,0.029300000000000326,8.0
89,dur20_adaptDef,20,0.02810000000000029,1.125
89,dur100_k1,100,0.022050000000000118,1.0
89,dur100_k8,100,0.030650000000000364,8.0
89,dur100_adaptDef,100,0.022050000000000118,1
89,dur2_k2,2,0.030350000000000356,2.0
89,dur2_k4,2,0.030350000000000356,4.0
89,dur2_adaptCD5,2,0.02670000000000025,1.25
89,dur2_adaptCD2,2,0.025700000000000223,1.3125
89,dur2_adaptCD1,2,0.02460000000000019,1.3125
89,dur2_adaptAggr,2,0.0248500000000002,1.4375
91,dur2_k1,2,0.03015000000000035,1.0
91,dur2_k8,2,0.024350000000000184,8.0
91,dur2_adaptDef,2,0.029950000000000344,1.25
91,dur20_k1,20,0.03355000000000045,1.0
91,dur20_k8,20,0.025050000000000204,8.0
91,dur20_adaptDef,20,0.03215000000000041,1.3125
91,dur100_k1,100,0.0354500000000005,1.0
91,dur100_k8,100,0.032750000000000425,8.0
91,dur100_adaptDef,100,0.04400000000000075,1.375
91,dur2_k2,2,0.032800000000000426,2.0
91,dur2_k4,2,0.02530000000000021,4.0
91,dur2_adaptCD5,2,0.027900000000000286,1.4375
91,dur2_adaptCD2,2,0.026100000000000234,1.5625
91,dur2_adaptCD1,2,0.02525000000000021,1.6875
91,dur2_adaptAggr,2,0.02525000000000021,1.875
92,dur2_k1,2,0.03255000000000042,1.0
92,dur2_k8,2,0.023700000000000165,8.0
92,dur2_adaptDef,2,0.02880000000000031,1.125
92,dur20_k1,20,0.02560000000000022,1.0
92,dur20_k8,20,0.022950000000000144,8.0
92,dur20_adaptDef,20,0.024800000000000197,1.0625
92,dur100_k1,100,0.03985000000000063,1.0
92,dur100_k8,100,0.027550000000000276,8.0
92,dur100_adaptDef,100,0.03305000000000043,1.1875
92,dur2_k2,2,0.02600000000000023,2.0
92,dur2_k4,2,0.02600000000000023,4.0
92,dur2_adaptCD5,2,0.02740000000000027,1.25
92,dur2_adaptCD2,2,0.025700000000000223,1.4375
92,dur2_adaptCD1,2,0.025100000000000205,1.4375
92,dur2_adaptAggr,2,0.024400000000000185,1.4375
94,dur2_k1,2,0.03090000000000037,1.0
94,dur2_k8,2,0.02420000000000018,8.0
94,dur2_adaptDef,2,0.02730000000000027,1.125
94,dur20_k1,20,0.03355000000000045,1.0
94,dur20_k8,20,0.024000000000000174,8.0
94,dur20_adaptDef,20,0.027950000000000287,1.125
94,dur100_k1,100,0.0353500000000005,1.0
94,dur100_k8,100,0.026150000000000236,8.0
94,dur100_adaptDef,100,0.02880000000000031,1.0625
94,dur2_k2,2,0.025400000000000214,2.0
94,dur2_k4,2,0.025400000000000214,4.0
94,dur2_adaptCD5,2,0.026050000000000233,1.125
94,dur2_adaptCD2,2,0.025400000000000214,1.1875
94,dur2_adaptCD1,2,0.024800000000000197,1.4375
94,dur2_adaptAggr,2,0.023450000000000158,1.4375
93,dur2_k1,2,0.0318000000000004,1.0
93,dur2_k8,2,0.027100000000000263,8.0
93,dur2_adaptDef,2,0.02975000000000034,1.25
93,dur20_k1,20,0.0318000000000004,1.0
93,dur20_k8,20,0.030600000000000363,8.0
93,dur20_adaptDef,20,0.02940000000000033,1.25
93,dur100_k1,100,0.03090000000000037,1.0
93,dur100_k8,100,0.02565000000000022,8.0
93,dur100_adaptDef,100,0.03600000000000052,1.25
93,dur2_k2,2,0.028500000000000303,2.0
93,dur2_k4,2,0.028500000000000303,4.0
93,dur2_adaptCD5,2,0.029250000000000324,1.5
93,dur2_adaptCD2,2,0.02810000000000029,1.75
93,dur2_adaptCD1,2,0.02770000000000028,1.8125
93,dur2_adaptAggr,2,0.027550000000000276,1.875
95,dur2_k1,2,0.04400000000000075,1.0
95,dur2_k8,2,0.0353500000000005,8.0
95,dur2_adaptDef,2,0.033100000000000435,1.375
95,dur20_k1,20,0.03825000000000058,1.0
95,dur20_k8,20,0.03330000000000044,8.0
95,dur20_adaptDef,20,0.032050000000000405,1.3125
95,dur100_k1,100,0.02805000000000029,1.0
95,dur100_k8,100,0.04385000000000074,8.0
95,dur100_adaptDef,100,0.0284000000000003,1.125
95,dur2_k2,2,0.034550000000000476,2.0
95,dur2_k4,2,0.034550000000000476,4.0
95,dur2_adaptCD5,2,0.03235000000000041,1.6875
95,dur2_adaptCD2,2,0.034150000000000465,1.875
95,dur2_adaptCD1,2,0.034550000000000476,1.875
95,dur2_adaptAggr,2,0.034550000000000476,1.875
96,dur2_k1,2,0.03150000000000039,1.0
96,dur2_k8,2,0.024050000000000175,8.0
96,dur2_adaptDef,2,0.029000000000000317,1.25
96,dur20_k1,20,0.032750000000000425,1.0
96,dur20_k8,20,0.023750000000000167,8.0
96,dur20_adaptDef,20,0.028600000000000306,1.25
96,dur100_k1,100,0.0353500000000005,1.0
96,dur100_k8,100,0.025100000000000205,8.0
96,dur100_adaptDef,100,0.03235000000000041,1.3125
96,dur2_k2,2,0.028300000000000297,2.0
96,dur2_k4,2,0.025500000000000217,4.0
96,dur2_adaptCD5,2,0.027250000000000267,1.5
96,dur2_adaptCD2,2,0.025700000000000223,1.75
96,dur2_adaptCD1,2,0.02525000000000021,1.875
96,dur2_adaptAggr,2,0.0248500000000002,1.875
98,dur2_k1,2,0.031400000000000386,1.0
98,dur2_k8,2,0.024450000000000187,8.0
98,dur2_adaptDef,2,0.02735000000000027,1.25
98,dur20_k1,20,0.034500000000000475,1.0
98,dur20_k8,20,0.025400000000000214,8.0
98,dur20_adaptDef,20,0.029000000000000317,1.25
98,dur100_k1,100,0.0353000000000005,1.0
98,dur100_k8,100,0.025350000000000213,8.0
98,dur100_adaptDef,100,0.030250000000000353,1.1875
98,dur2_k2,2,0.025750000000000224,2.0
98,dur2_k4,2,0.025150000000000207,4.0
98,dur2_adaptCD5,2,0.026100000000000234,1.4375
98,dur2_adaptCD2,2,0.025350000000000213,1.5625
98,dur2_adaptCD1,2,0.025000000000000203,1.6875
98,dur2_adaptAggr,2,0.02450000000000019,1.875
99,dur2_k1,2,0.031750000000000396,1.0
99,dur2_k8,2,0.02700000000000026,8.0
99,dur2_adaptDef,2,0.029550000000000333,1.25
99,dur20_k1,20,0.03360000000000045,1.0
99,dur20_k8,20,0.027100000000000263,8.0
99,dur20_adaptDef,20,0.02910000000000032,1.25
99,dur100_k1,100,0.03090000000000037,1.0
99,dur100_k8,100,0.026400000000000243,8.0
99,dur100_adaptDef,100,0.027950000000000287,1.125
99,dur2_k2,2,0.02940000000000033,2.0
99,dur2_k4,2,0.02630000000000024,4.0
99,dur2_adaptCD5,2,0.027800000000000283,1.5625
99,dur2_adaptCD2,2,0.027150000000000264,1.75
99,dur2_adaptCD1,2,0.026900000000000257,1.875
99,dur2_adaptAggr,2,0.027200000000000266,1.875
97,dur2_k1,2,0.04445000000000076,1.0
97,dur2_k8,2,0.02520000000000021,8.0
97,dur2_adaptDef,2,0.03290000000000043,1.3125
97,dur20_k1,20,0.04525000000000078,1.0
97,dur20_k8,20,0.02660000000000025,8.0
97,dur20_adaptDef,20,0.035250000000000496,1.3125
97,dur100_k1,100,0.05695000000000112,1.0
97,dur100_k8,100,0.034900000000000486,8.0
97,dur100_adaptDef,100,0.03635000000000053,1.375
97,dur2_k2,2,0.03115000000000038,2.0
97,dur2_k4,2,0.03015000000000035,4.0
97,dur2_adaptCD5,2,0.029650000000000336,1.5625
97,dur2_adaptCD2,2,0.02705000000000026,1.75
97,dur2_adaptCD1,2,0.02595000000000023,1.8125
97,dur2_adaptAggr,2,0.025850000000000227,1.875
100,dur2_k1,2,0.044250000000000754,1.0
100,dur2_k8,2,0.02870000000000031,8.0
100,dur2_adaptDef,2,0.035950000000000516,1.3125
100,dur20_k1,20,0.04340000000000073,1.0
100,dur20_k8,20,0.02985000000000034,8.0
100,dur20_adaptDef,20,0.036300000000000526,1.3125
100,dur100_k1,100,0.04340000000000073,1.0
100,dur100_k8,100,0.02985000000000034,8.0
100,dur100_adaptDef,100,0.0388500000000006,1.3125
100,dur2_k2,2,0.03365000000000045,2.0
100,dur2_k4,2,0.03365000000000045,4.0
100,dur2_adaptCD5,2,0.0318000000000004,1.6875
100,dur2_adaptCD2,2,0.03050000000000036,1.875
100,dur2_adaptCD1,2,0.029600000000000334,1.875
100,dur2_adaptAggr,2,0.029600000000000334,1.875
101,dur2_k1,2,0.02950000000000033,1.0
101,dur2_k8,2,0.026750000000000253,8.0
101,dur2_adaptDef,2,0.028200000000000294,1.125
101,dur20_k1,20,0.03360000000000045,1.0
101,dur20_k8,20,0.027900000000000286,8.0
101,dur20_adaptDef,20,0.030700000000000366,1.125
101,dur100_k1,100,0.039750000000000625,1.0
101,dur100_k8,100,0.028500000000000303,8.0
101,dur100_adaptDef,100,0.03745000000000056,1.1875
101,dur2_k2,2,0.02765000000000028,2.0
101,dur2_k4,2,0.02765000000000028,4.0
101,dur2_adaptCD5,2,0.027500000000000274,1.25
101,dur2_adaptCD2,2,0.02665000000000025,1.4375
101,dur2_adaptCD1,2,0.02670000000000025,1.4375
101,dur2_adaptAggr,2,0.02670000000000025,1.4375
102,dur2_k1,2,0.031000000000000374,1.0
102,dur2_k8,2,0.02705000000000026,8.0
102,dur2_adaptDef,2,0.02940000000000033,1.125
102,dur20_k1,20,0.0354000000000005,1.0
102,dur20_k8,20,0.03115000000000038,8.0
102,dur20_adaptDef,20,0.03235000000000041,1.1875
102,dur100_k1,100,0.026500000000000246,1.0
102,dur100_k8,100,0.02765000000000028,8.0
102,dur100_adaptDef,100,0.025700000000000223,1.0625
102,dur2_k2,2,0.028300000000000297,2.0
102,dur2_k4,2,0.028300000000000297,4.0
102,dur2_adaptCD5,2,0.0283500000000003,1.3125
102,dur2_adaptCD2,2,0.027250000000000267,1.4375
102,dur2_adaptCD1,2,0.027150000000000264,1.4375
102,dur2_adaptAggr,2,0.027100000000000263,1.4375
104,dur2_k1,2,0.021500000000000102,1.0
104,dur2_k8,2,0.02765000000000028,8.0
104,dur2_adaptDef,2,0.021500000000000102,1
104,dur20_k1,20,0.021500000000000102,1.0
104,dur20_k8,20,0.028900000000000314,8.0
104,dur20_adaptDef,20,0.021500000000000102,1
104,dur100_k1,100,0.021500000000000102,1.0
104,dur100_k8,100,0.022950000000000144,8.0
104,dur100_adaptDef,100,0.021500000000000102,1
104,dur2_k2,2,0.026100000000000234,2.0
104,dur2_k4,2,0.026100000000000234,4.0
104,dur2_adaptCD5,2,0.021500000000000102,1
104,dur2_adaptCD2,2,0.021500000000000102,1
104,dur2_adaptCD1,2,0.021500000000000102,1
104,dur2_adaptAggr,2,0.021500000000000102,1
103,dur2_k1,2,0.031100000000000377,1.0
103,dur2_k8,2,0.02415000000000018,8.0
103,dur2_adaptDef,2,0.027600000000000277,1.125
103,dur20_k1,20,0.030000000000000346,1.0
103,dur20_k8,20,0.02425000000000018,8.0
103,dur20_adaptDef,20,0.026450000000000244,1.125
103,dur100_k1,100,0.03090000000000037,1.0
103,dur100_k8,100,0.025700000000000223,8.0
103,dur100_adaptDef,100,0.02945000000000033,1.125
103,dur2_k2,2,0.02560000000000022,2.0
103,dur2_k4,2,0.025100000000000205,4.0
103,dur2_adaptCD5,2,0.02595000000000023,1.1875
103,dur2_adaptCD2,2,0.025050000000000204,1.3125
103,dur2_adaptCD1,2,0.0249500000000002,1.4375
103,dur2_adaptAggr,2,0.023300000000000154,1.4375
105,dur2_k1,2,0.030350000000000356,1.0
105,dur2_k8,2,0.028250000000000296,8.0
105,dur2_adaptDef,2,0.026850000000000256,1.125
105,dur20_k1,20,0.02560000000000022,1.0
105,dur20_k8,20,0.02635000000000024,8.0
105,dur20_adaptDef,20,0.025100000000000205,1.0625
105,dur100_k1,100,0.0354500000000005,1.0
105,dur100_k8,100,0.02740000000000027,8.0
105,dur100_adaptDef,100,0.03145000000000039,1.125
105,dur2_k2,2,0.026100000000000234,2.0
105,dur2_k4,2,0.02525000000000021,4.0
105,dur2_adaptCD5,2,0.02630000000000024,1.1875
105,dur2_adaptCD2,2,0.025000000000000203,1.25
105,dur2_adaptCD1,2,0.024650000000000193,1.3125
105,dur2_adaptAggr,2,0.023600000000000163,1.4375
106,dur2_k1,2,0.0320000000000004,1.0
106,dur2_k8,2,0.02805000000000029,8.0
106,dur2_adaptDef,2,0.02975000000000034,1.25
106,dur20_k1,20,0.03270000000000042,1.0
106,dur20_k8,20,0.026900000000000257,8.0
106,dur20_adaptDef,20,0.028950000000000316,1.1875
106,dur100_k1,100,0.044250000000000754,1.0
106,dur100_k8,100,0.029900000000000343,8.0
106,dur100_adaptDef,100,0.03580000000000051,1.25
106,dur2_k2,2,0.029350000000000327,2.0
106,dur2_k4,2,0.028850000000000313,4.0
106,dur2_adaptCD5,2,0.029000000000000317,1.625
106,dur2_adaptCD2,2,0.028500000000000303,1.875
106,dur2_adaptCD1,2,0.028150000000000293,1.875
106,dur2_adaptAggr,2,0.02810000000000029,1.875
107,dur2_k1,2,0.031750000000000396,1.0
107,dur2_k8,2,0.027500000000000274,8.0
107,dur2_adaptDef,2,0.03015000000000035,1.125
107,dur20_k1,20,0.03265000000000042,1.0
107,dur20_k8,20,0.02805000000000029,8.0
107,dur20_adaptDef,20,0.03130000000000038,1.1875
107,dur100_k1,100,0.03080000000000037,1.0
107,dur100_k8,100,0.02805000000000029,8.0
107,dur100_adaptDef,100,0.02630000000000024,1.125
107,dur2_k2,2,0.028900000000000314,2.0
107,dur2_k4,2,0.028900000000000314,4.0
107,dur2_adaptCD5,2,0.028850000000000313,1.3125
107,dur2_adaptCD2,2,0.028250000000000296,1.4375
107,dur2_adaptCD1,2,0.02775000000000028,1.4375
107,dur2_adaptAggr,2,0.027600000000000277,1.4375
109,dur2_k1,2,0.03015000000000035,1.0
109,dur2_k8,2,0.024100000000000177,8.0
109,dur2_adaptDef,2,0.026450000000000244,1.125
109,dur20_k1,20,0.03090000000000037,1.0
109,dur20_k8,20,0.025350000000000213,8.0
109,dur20_adaptDef,20,0.028300000000000297,1.125
109,dur100_k1,100,0.026500000000000246,1.0
109,dur100_k8,100,0.025400000000000214,8.0
109,dur100_adaptDef,100,0.024050000000000175,1.0625
109,dur2_k2,2,0.025000000000000203,2.0
109,dur2_k4,2,0.023650000000000164,4.0
109,dur2_adaptCD5,2,0.025750000000000224,1.125
109,dur2_adaptCD2,2,0.0249000000000002,1.1875
109,dur2_adaptCD1,2,0.02450000000000019,1.25
109,dur2_adaptAggr,2,0.023300000000000154,1.375
108,dur2_k1,2,0.03150000000000039,1.0
108,dur2_k8,2,0.02355000000000016,8.0
108,dur2_adaptDef,2,0.029650000000000336,1.125
108,dur20_k1,20,0.029250000000000324,1.0
108,dur20_k8,20,0.023250000000000152,8.0
108,dur20_adaptDef,20,0.027450000000000273,1.125
108,dur100_k1,100,0.03980000000000063,1.0
108,dur100_k8,100,0.021850000000000112,8.0
108,dur100_adaptDef,100,0.034200000000000466,1.125
108,dur2_k2,2,0.02945000000000033,2.0
108,dur2_k4,2,0.024350000000000184,4.0
108,dur2_adaptCD5,2,0.027550000000000276,1.25
108,dur2_adaptCD2,2,0.02555000000000022,1.3125
108,dur2_adaptCD1,2,0.0249000000000002,1.375
108,dur2_adaptAggr,2,0.02420000000000018,1.4375
110,dur2_k1,2,0.030300000000000354,1.0
110,dur2_k8,2,0.027500000000000274,8.0
110,dur2_adaptDef,2,0.02880000000000031,1.25
110,dur20_k1,20,0.0318000000000004,1.0
110,dur20_k8,20,0.027200000000000266,8.0
110,dur20_adaptDef,20,0.02910000000000032,1.25
110,dur100_k1,100,0.03980000000000063,1.0
110,dur100_k8,100,0.03220000000000041,8.0
110,dur100_adaptDef,100,0.027200000000000266,1.125
110,dur2_k2,2,0.02805000000000029,2.0
110,dur2_k4,2,0.02805000000000029,4.0
110,dur2_adaptCD5,2,0.028500000000000303,1.375
110,dur2_adaptCD2,2,0.027950000000000287,1.625
110,dur2_adaptCD1,2,0.027550000000000276,1.6875
110,dur2_adaptAggr,2,0.02775000000000028,1.75
112,dur2_k1,2,0.03115000000000038,1.0
112,dur2_k8,2,0.023800000000000168,8.0
112,dur2_adaptDef,2,0.02775000000000028,1.125
112,dur20_k1,20,0.03090000000000037,1.0
112,dur20_k8,20,0.024050000000000175,8.0
112,dur20_adaptDef,20,0.02590000000000023,1.125
112,dur100_k1,100,0.039700000000000624,1.0
112,dur100_k8,100,0.02670000000000025,8.0
112,dur100_adaptDef,100,0.03220000000000041,1.1875
112,dur2_k2,2,0.02565000000000022,2.0
112,dur2_k4,2,0.02565000000000022,4.0
112,dur2_adaptCD5,2,0.026400000000000243,1.125
112,dur2_adaptCD2,2,0.025500000000000217,1.3125
112,dur2_adaptCD1,2,0.02520000000000021,1.4375
112,dur2_adaptAggr,2,0.024100000000000177,1.4375
114,dur2_k1,2,0.030700000000000366,1.0
114,dur2_k8,2,0.02420000000000018,8.0
114,dur2_adaptDef,2,0.02735000000000027,1.125
114,dur20_k1,20,0.0318000000000004,1.0
114,dur20_k8,20,0.025000000000000203,8.0
114,dur20_adaptDef,20,0.027800000000000283,1.125
114,dur100_k1,100,0.03090000000000037,1.0
114,dur100_k8,100,0.022900000000000142,8.0
114,dur100_adaptDef,100,0.028500000000000303,1.125
114,dur2_k2,2,0.025700000000000223,2.0
114,dur2_k4,2,0.025700000000000223,4.0
114,dur2_adaptCD5,2,0.02630000000000024,1.1875
114,dur2_adaptCD2,2,0.02525000000000021,1.3125
114,dur2_adaptCD1,2,0.0249000000000002,1.375
114,dur2_adaptAggr,2,0.02390000000000017,1.4375
111,dur2_k1,2,0.03055000000000036,1.0
111,dur2_k8,2,0.03370000000000045,8.0
111,dur2_adaptDef,2,0.02705000000000026,1.125
111,dur20_k1,20,0.032750000000000425,1.0
111,dur20_k8,20,0.03670000000000054,8.0
111,dur20_adaptDef,20,0.027600000000000277,1.125
111,dur100_k1,100,0.030950000000000373,1.0
111,dur100_k8,100,0.03855000000000059,8.0
111,dur100_adaptDef,100,0.02415000000000018,1.0625
111,dur2_k2,2,0.030750000000000367,2.0
111,dur2_k4,2,0.030750000000000367,4.0
111,dur2_adaptCD5,2,0.02590000000000023,1.125
111,dur2_adaptCD2,2,0.02520000000000021,1.1875
111,dur2_adaptCD1,2,0.0248500000000002,1.25
111,dur2_adaptAggr,2,0.023300000000000154,1.4375
113,dur2_k1,2,0.030400000000000357,1.0
113,dur2_k8,2,0.03650000000000053,8.0
113,dur2_adaptDef,2,0.0318500000000004,1.1875
113,dur20_k1,20,0.03265000000000042,1.0
113,dur20_k8,20,0.0319000000000004,8.0
113,dur20_adaptDef,20,0.03155000000000039,1.125
113,dur100_k1,100,0.03985000000000063,1.0
113,dur100_k8,100,0.031700000000000395,8.0
113,dur100_adaptDef,100,0.03920000000000061,1.1875
113,dur2_k2,2,0.03495000000000049,2.0
113,dur2_k4,2,0.03495000000000049,4.0
113,dur2_adaptCD5,2,0.03160000000000039,1.3125
113,dur2_adaptCD2,2,0.033850000000000456,1.4375
113,dur2_adaptCD1,2,0.0355000000000005,1.4375
113,dur2_adaptAggr,2,0.0354500000000005,1.4375
115,dur2_k1,2,0.029600000000000334,1.0
115,dur2_k8,2,0.023250000000000152,8.0
115,dur2_adaptDef,2,0.026450000000000244,1.125
115,dur20_k1,20,0.030950000000000373,1.0
115,dur20_k8,20,0.02415000000000018,8.0
115,dur20_adaptDef,20,0.02670000000000025,1.125
115,dur100_k1,100,0.03090000000000037,1.0
115,dur100_k8,100,0.021950000000000115,8.0
115,dur100_adaptDef,100,0.02600000000000023,1.125
115,dur2_k2,2,0.024750000000000195,2.0
115,dur2_k4,2,0.025150000000000207,4.0
115,dur2_adaptCD5,2,0.02590000000000023,1.25
115,dur2_adaptCD2,2,0.02530000000000021,1.3125
115,dur2_adaptCD1,2,0.025000000000000203,1.3125
115,dur2_adaptAggr,2,0.023700000000000165,1.4375
117,dur2_k1,2,0.02915000000000032,1.0
117,dur2_k8,2,0.02600000000000023,8.0
117,dur2_adaptDef,2,0.02595000000000023,1.125
117,dur20_k1,20,0.02740000000000027,1.0
117,dur20_k8,20,0.02555000000000022,8.0
117,dur20_adaptDef,20,0.0248500000000002,1.125
117,dur100_k1,100,0.030950000000000373,1.0
117,dur100_k8,100,0.025150000000000207,8.0
117,dur100_adaptDef,100,0.028500000000000303,1.0625
117,dur2_k2,2,0.02455000000000019,2.0
117,dur2_k4,2,0.023800000000000168,4.0
117,dur2_adaptCD5,2,0.0249500000000002,1.1875
117,dur2_adaptCD2,2,0.024350000000000184,1.25
117,dur2_adaptCD1,2,0.024350000000000184,1.25
117,dur2_adaptAggr,2,0.023400000000000157,1.4375
118,dur2_k1,2,0.031050000000000376,1.0
118,dur2_k8,2,0.024000000000000174,8.0
118,dur2_adaptDef,2,0.02910000000000032,1.25
118,dur20_k1,20,0.033500000000000446,1.0
118,dur20_k8,20,0.024100000000000177,8.0
118,dur20_adaptDef,20,0.029950000000000344,1.25
118,dur100_k1,100,0.0353500000000005,1.0
118,dur100_k8,100,0.02530000000000021,8.0
118,dur100_adaptDef,100,0.030600000000000363,1.1875
118,dur2_k2,2,0.029700000000000337,2.0
118,dur2_k4,2,0.027550000000000276,4.0
118,dur2_adaptCD5,2,0.027900000000000286,1.375
118,dur2_adaptCD2,2,0.026100000000000234,1.625
118,dur2_adaptCD1,2,0.02560000000000022,1.625
118,dur2_adaptAggr,2,0.024800000000000197,1.875
116,dur2_k1,2,0.044600000000000764,1.0
116,dur2_k8,2,0.03045000000000036,8.0
116,dur2_adaptDef,2,0.037350000000000556,1.3125
116,dur20_k1,20,0.04315000000000072,1.0
116,dur20_k8,20,0.031700000000000395,8.0
116,dur20_adaptDef,20,0.034550000000000476,1.25
116,dur100_k1,100,0.05040000000000093,1.0
116,dur100_k8,100,0.029650000000000336,8.0
116,dur100_adaptDef,100,0.03320000000000044,1.1875
116,dur2_k2,2,0.03510000000000049,2.0
116,dur2_k4,2,0.03510000000000049,4.0
116,dur2_adaptCD5,2,0.03360000000000045,1.5625
116,dur2_adaptCD2,2,0.03165000000000039,1.6875
116,dur2_adaptCD1,2,0.03145000000000039,1.6875
116,dur2_adaptAggr,2,0.031400000000000386,1.875
122,dur2_k1,2,0.021500000000000102,1.0
122,dur2_k8,2,0.02415000000000018,8.0
122,dur2_adaptDef,2,0.021500000000000102,1
122,dur20_k1,20,0.021500000000000102,1.0
122,dur20_k8,20,0.02420000000000018,8.0
122,dur20_adaptDef,20,0.021500000000000102,1
122,dur100_k1,100,0.021500000000000102,1.0
122,dur100_k8,100,0.025450000000000216,8.0
122,dur100_adaptDef,100,0.021500000000000102,1
122,dur2_k2,2,0.025800000000000226,2.0
122,dur2_k4,2,0.02415000000000018,4.0
122,dur2_adaptCD5,2,0.021500000000000102,1
122,dur2_adaptCD2,2,0.021500000000000102,1
122,dur2_adaptCD1,2,0.021500000000000102,1
122,dur2_adaptAggr,2,0.021500000000000102,1
119,dur2_k1,2,0.04295000000000072,1.0
119,dur2_k8,2,0.028650000000000307,8.0
119,dur2_adaptDef,2,0.03645000000000053,1.1875
119,dur20_k1,20,0.04830000000000087,1.0
119,dur20_k8,20,0.031400000000000386,8.0
119,dur20_adaptDef,20,0.038300000000000584,1.1875
119,dur100_k1,100,0.03995000000000063,1.0
119,dur100_k8,100,0.029550000000000333,8.0
119,dur100_adaptDef,100,0.031000000000000374,1.125
119,dur2_k2,2,0.03305000000000043,2.0
119,dur2_k4,2,0.03305000000000043,4.0
119,dur2_adaptCD5,2,0.033450000000000445,1.375
119,dur2_adaptCD2,2,0.031000000000000374,1.4375
119,dur2_adaptCD1,2,0.03010000000000035,1.4375
119,dur2_adaptAggr,2,0.030050000000000347,1.4375
121,dur2_k1,2,0.031350000000000385,1.0
121,dur2_k8,2,0.024750000000000195,8.0
121,dur2_adaptDef,2,0.03015000000000035,1.125
121,dur20_k1,20,0.03270000000000042,1.0
121,dur20_k8,20,0.02415000000000018,8.0
121,dur20_adaptDef,20,0.029950000000000344,1.125
121,dur100_k1,100,0.0353500000000005,1.0
121,dur100_k8,100,0.024300000000000183,8.0
121,dur100_adaptDef,100,0.035250000000000496,1.1875
121,dur2_k2,2,0.028900000000000314,2.0
121,dur2_k4,2,0.026850000000000256,4.0
121,dur2_adaptCD5,2,0.0284000000000003,1.3125
121,dur2_adaptCD2,2,0.026500000000000246,1.4375
121,dur2_adaptCD1,2,0.02625000000000024,1.4375
121,dur2_adaptAggr,2,0.025700000000000223,1.4375
123,dur2_k1,2,0.03145000000000039,1.0
123,dur2_k8,2,0.024350000000000184,8.0
123,dur2_adaptDef,2,0.028300000000000297,1.25
123,dur20_k1,20,0.03360000000000045,1.0
123,dur20_k8,20,0.02420000000000018,8.0
123,dur20_adaptDef,20,0.031400000000000386,1.3125
123,dur100_k1,100,0.03985000000000063,1.0
123,dur100_k8,100,0.02740000000000027,8.0
123,dur100_adaptDef,100,0.03160000000000039,1.1875
123,dur2_k2,2,0.02770000000000028,2.0
123,dur2_k4,2,0.02590000000000023,4.0
123,dur2_adaptCD5,2,0.02625000000000024,1.5
123,dur2_adaptCD2,2,0.025100000000000205,1.6875
123,dur2_adaptCD1,2,0.024700000000000194,1.8125
123,dur2_adaptAggr,2,0.02415000000000018,1.875
120,dur2_k1,2,0.029700000000000337,1.0
120,dur2_k8,2,0.03510000000000049,8.0
120,dur2_adaptDef,2,0.03015000000000035,1.125
120,dur20_k1,20,0.030950000000000373,1.0
120,dur20_k8,20,0.03650000000000053,8.0
120,dur20_adaptDef,20,0.03230000000000041,1.1875
120,dur100_k1,100,0.035250000000000496,1.0
120,dur100_k8,100,0.04560000000000079,8.0
120,dur100_adaptDef,100,0.036650000000000536,1.1875
120,dur2_k2,2,0.033800000000000455,2.0
120,dur2_k4,2,0.033800000000000455,4.0
120,dur2_adaptCD5,2,0.03080000000000037,1.375
120,dur2_adaptCD2,2,0.033100000000000435,1.4375
120,dur2_adaptCD1,2,0.033800000000000455,1.4375
120,dur2_adaptAggr,2,0.033800000000000455,1.4375
125,dur2_k1,2,0.02875000000000031,1.0
125,dur2_k8,2,0.02355000000000016,8.0
125,dur2_adaptDef,2,0.02740000000000027,1.125
125,dur20_k1,20,0.036250000000000525,1.0
125,dur20_k8,20,0.023350000000000155,8.0
125,dur20_adaptDef,20,0.03090000000000037,1.125
125,dur100_k1,100,0.026500000000000246,1.0
125,dur100_k8,100,0.023250000000000152,8.0
125,dur100_adaptDef,100,0.02635000000000024,1.125
125,dur2_k2,2,0.028250000000000296,2.0
125,dur2_k4,2,0.025050000000000204,4.0
125,dur2_adaptCD5,2,0.026450000000000244,1.1875
125,dur2_adaptCD2,2,0.02525000000000021,1.3125
125,dur2_adaptCD1,2,0.025000000000000203,1.4375
125,dur2_adaptAggr,2,0.023950000000000173,1.4375
124,dur2_k1,2,0.04520000000000078,1.0
124,dur2_k8,2,0.025400000000000214,8.0
124,dur2_adaptDef,2,0.03480000000000048,1.3125
124,dur20_k1,20,0.046700000000000824,1.0
124,dur20_k8,20,0.0249500000000002,8.0
124,dur20_adaptDef,20,0.03570000000000051,1.25
124,dur100_k1,100,0.0494500000000009,1.0
124,dur100_k8,100,0.02765000000000028,8.0
124,dur100_adaptDef,100,0.03575000000000051,1.3125
124,dur2_k2,2,0.031350000000000385,2.0
124,dur2_k4,2,0.031350000000000385,4.0
124,dur2_adaptCD5,2,0.02950000000000033,1.4375
124,dur2_adaptCD2,2,0.026500000000000246,1.625
124,dur2_adaptCD1,2,0.02630000000000024,1.6875
124,dur2_adaptAggr,2,0.02635000000000024,1.75
126,dur2_k1,2,0.04055000000000065,1.0
126,dur2_k8,2,0.024450000000000187,8.0
126,dur2_adaptDef,2,0.032100000000000406,1.3125
126,dur20_k1,20,0.04100000000000066,1.0
126,dur20_k8,20,0.026550000000000247,8.0
126,dur20_adaptDef,20,0.031000000000000374,1.25
126,dur100_k1,100,0.04135000000000067,1.0
126,dur100_k8,100,0.026450000000000244,8.0
126,dur100_adaptDef,100,0.03265000000000042,1.25
126,dur2_k2,2,0.02945000000000033,2.0
126,dur2_k4,2,0.02905000000000032,4.0
126,dur2_adaptCD5,2,0.028850000000000313,1.5625
126,dur2_adaptCD2,2,0.026450000000000244,1.8125
126,dur2_adaptCD1,2,0.025850000000000227,1.875
126,dur2_adaptAggr,2,0.025350000000000213,1.875
130,dur2_k1,2,0.021500000000000102,1.0
130,dur2_k8,2,0.021500000000000102,8.0
130,dur2_adaptDef,2,0.021500000000000102,1
130,dur20_k1,20,0.021500000000000102,1.0
130,dur20_k8,20,0.021500000000000102,8.0
130,dur20_adaptDef,20,0.021500000000000102,1
130,dur100_k1,100,0.021500000000000102,1.0
130,dur100_k8,100,0.021500000000000102,8.0
130,dur100_adaptDef,100,0.021500000000000102,1
130,dur2_k2,2,0.021500000000000102,2.0
130,dur2_k4,2,0.021500000000000102,4.0
130,dur2_adaptCD5,2,0.021500000000000102,1
130,dur2_adaptCD2,2,0.021500000000000102,1
130,dur2_adaptCD1,2,0.021500000000000102,1
130,dur2_adaptAggr,2,0.021500000000000102,1
128,dur2_k1,2,0.030950000000000373,1.0
128,dur2_k8,2,0.02740000000000027,8.0
128,dur2_adaptDef,2,0.029250000000000324,1.125
128,dur20_k1,20,0.0354000000000005,1.0
128,dur20_k8,20,0.027100000000000263,8.0
128,dur20_adaptDef,20,0.030600000000000363,1.125
128,dur100_k1,100,0.035250000000000496,1.0
128,dur100_k8,100,0.0284000000000003,8.0
128,dur100_adaptDef,100,0.03365000000000045,1.1875
128,dur2_k2,2,0.0284000000000003,2.0
128,dur2_k4,2,0.0284000000000003,4.0
128,dur2_adaptCD5,2,0.028650000000000307,1.25
128,dur2_adaptCD2,2,0.027600000000000277,1.4375
128,dur2_adaptCD1,2,0.027550000000000276,1.4375
128,dur2_adaptAggr,2,0.027500000000000274,1.4375
127,dur2_k1,2,0.0423500000000007,1.0
127,dur2_k8,2,0.02915000000000032,8.0
127,dur2_adaptDef,2,0.03495000000000049,1.1875
127,dur20_k1,20,0.04645000000000082,1.0
127,dur20_k8,20,0.028850000000000313,8.0
127,dur20_adaptDef,20,0.037000000000000546,1.1875
127,dur100_k1,100,0.03260000000000042,1.0
127,dur100_k8,100,0.028150000000000293,8.0
127,dur100_adaptDef,100,0.031400000000000386,1.125
127,dur2_k2,2,0.03335000000000044,2.0
127,dur2_k4,2,0.03335000000000044,4.0
127,dur2_adaptCD5,2,0.0320000000000004,1.375
127,dur2_adaptCD2,2,0.030000000000000346,1.4375
127,dur2_adaptCD1,2,0.029300000000000326,1.4375
127,dur2_adaptAggr,2,0.029350000000000327,1.4375
131,dur2_k1,2,0.021500000000000102,1.0
131,dur2_k8,2,0.022950000000000144,8.0
131,dur2_adaptDef,2,0.021500000000000102,1
131,dur20_k1,20,0.021500000000000102,1.0
131,dur20_k8,20,0.023100000000000148,8.0
131,dur20_adaptDef,20,0.021500000000000102,1
131,dur100_k1,100,0.021500000000000102,1.0
131,dur100_k8,100,0.022250000000000124,8.0
131,dur100_adaptDef,100,0.021500000000000102,1
131,dur2_k2,2,0.021500000000000102,2.0
131,dur2_k4,2,0.021500000000000102,4.0
131,dur2_adaptCD5,2,0.021500000000000102,1
131,dur2_adaptCD2,2,0.021500000000000102,1
131,dur2_adaptCD1,2,0.021500000000000102,1
131,dur2_adaptAggr,2,0.021500000000000102,1
129,dur2_k1,2,0.03160000000000039,1.0
129,dur2_k8,2,0.027900000000000286,8.0
129,dur2_adaptDef,2,0.028500000000000303,1.125
129,dur20_k1,20,0.030000000000000346,1.0
129,dur20_k8,20,0.029550000000000333,8.0
129,dur20_adaptDef,20,0.03145000000000039,1.1875
129,dur100_k1,100,0.026500000000000246,1.0
129,dur100_k8,100,0.038050000000000576,8.0
129,dur100_adaptDef,100,0.024100000000000177,1.0625
129,dur2_k2,2,0.025850000000000227,2.0
129,dur2_k4,2,0.026100000000000234,4.0
129,dur2_adaptCD5,2,0.026500000000000246,1.25
129,dur2_adaptCD2,2,0.02555000000000022,1.3125
129,dur2_adaptCD1,2,0.025350000000000213,1.375
129,dur2_adaptAggr,2,0.02595000000000023,1.4375
132,dur2_k1,2,0.04085000000000066,1.0
132,dur2_k8,2,0.02595000000000023,8.0
132,dur2_adaptDef,2,0.032800000000000426,1.1875
132,dur20_k1,20,0.040050000000000634,1.0
132,dur20_k8,20,0.02660000000000025,8.0
132,dur20_adaptDef,20,0.03265000000000042,1.1875
132,dur100_k1,100,0.03845000000000059,1.0
132,dur100_k8,100,0.0284000000000003,8.0
132,dur100_adaptDef,100,0.035200000000000495,1.125
132,dur2_k2,2,0.03370000000000045,2.0
132,dur2_k4,2,0.027200000000000266,4.0
132,dur2_adaptCD5,2,0.02975000000000034,1.3125
132,dur2_adaptCD2,2,0.026850000000000256,1.4375
132,dur2_adaptCD1,2,0.026150000000000236,1.4375
132,dur2_adaptAggr,2,0.025800000000000226,1.4375
133,dur2_k1,2,0.03085000000000037,1.0
133,dur2_k8,2,0.027550000000000276,8.0
133,dur2_adaptDef,2,0.029550000000000333,1.125
133,dur20_k1,20,0.03085000000000037,1.0
133,dur20_k8,20,0.02590000000000023,8.0
133,dur20_adaptDef,20,0.02800000000000029,1.125
133,dur100_k1,100,0.03985000000000063,1.0
133,dur100_k8,100,0.0318000000000004,8.0
133,dur100_adaptDef,100,0.03780000000000057,1.1875
133,dur2_k2,2,0.0284000000000003,2.0
133,dur2_k4,2,0.0284000000000003,4.0
133,dur2_adaptCD5,2,0.0283500000000003,1.3125
133,dur2_adaptCD2,2,0.027800000000000283,1.4375
133,dur2_adaptCD1,2,0.027800000000000283,1.4375
133,dur2_adaptAggr,2,0.02765000000000028,1.4375
134,dur2_k1,2,0.03015000000000035,1.0
134,dur2_k8,2,0.023100000000000148,8.0
134,dur2_adaptDef,2,0.02695000000000026,1.25
134,dur20_k1,20,0.0318500000000004,1.0
134,dur20_k8,20,0.024100000000000177,8.0
134,dur20_adaptDef,20,0.02770000000000028,1.25
134,dur100_k1,100,0.0353500000000005,1.0
134,dur100_k8,100,0.02630000000000024,8.0
134,dur100_adaptDef,100,0.031000000000000374,1.1875
134,dur2_k2,2,0.025400000000000214,2.0
134,dur2_k4,2,0.025400000000000214,4.0
134,dur2_adaptCD5,2,0.025750000000000224,1.375
134,dur2_adaptCD2,2,0.025100000000000205,1.5
134,dur2_adaptCD1,2,0.024650000000000193,1.625
134,dur2_adaptAggr,2,0.02355000000000016,1.875
135,dur2_k1,2,0.0319500000000004,1.0
135,dur2_k8,2,0.03500000000000049,8.0
135,dur2_adaptDef,2,0.03255000000000042,1.1875
135,dur20_k1,20,0.03355000000000045,1.0
135,dur20_k8,20,0.03130000000000038,8.0
135,dur20_adaptDef,20,0.035200000000000495,1.1875
135,dur100_k1,100,0.026450000000000244,1.0
135,dur100_k8,100,0.03215000000000041,8.0
135,dur100_adaptDef,100,0.030700000000000366,1.125
135,dur2_k2,2,0.03435000000000047,2.0
135,dur2_k4,2,0.03435000000000047,4.0
135,dur2_adaptCD5,2,0.0318500000000004,1.375
135,dur2_adaptCD2,2,0.033100000000000435,1.4375
135,dur2_adaptCD1,2,0.033800000000000455,1.4375
135,dur2_adaptAggr,2,0.033800000000000455,1.4375
138,dur2_k1,2,0.021500000000000102,1.0
138,dur2_k8,2,0.022900000000000142,8.0
138,dur2_adaptDef,2,0.021500000000000102,1
138,dur20_k1,20,0.021500000000000102,1.0
138,dur20_k8,20,0.023800000000000168,8.0
138,dur20_adaptDef,20,0.021500000000000102,1
138,dur100_k1,100,0.021500000000000102,1.0
138,dur100_k8,100,0.021700000000000108,8.0
138,dur100_adaptDef,100,0.021500000000000102,1
138,dur2_k2,2,0.025000000000000203,2.0
138,dur2_k4,2,0.024050000000000175,4.0
138,dur2_adaptCD5,2,0.021500000000000102,1
138,dur2_adaptCD2,2,0.021500000000000102,1
138,dur2_adaptCD1,2,0.021500000000000102,1
138,dur2_adaptAggr,2,0.021500000000000102,1
137,dur2_k1,2,0.03115000000000038,1.0
137,dur2_k8,2,0.02730000000000027,8.0
137,dur2_adaptDef,2,0.029950000000000344,1.125
137,dur20_k1,20,0.030050000000000347,1.0
137,dur20_k8,20,0.027450000000000273,8.0
137,dur20_adaptDef,20,0.028900000000000314,1.125
137,dur100_k1,100,0.022050000000000118,1.0
137,dur100_k8,100,0.029300000000000326,8.0
137,dur100_adaptDef,100,0.022050000000000118,1
137,dur2_k2,2,0.029950000000000344,2.0
137,dur2_k4,2,0.02670000000000025,4.0
137,dur2_adaptCD5,2,0.02800000000000029,1.3125
137,dur2_adaptCD2,2,0.026800000000000254,1.4375
137,dur2_adaptCD1,2,0.02660000000000025,1.4375
137,dur2_adaptAggr,2,0.026150000000000236,1.4375
139,dur2_k1,2,0.021500000000000102,1.0
139,dur2_k8,2,0.027200000000000266,8.0
139,dur2_adaptDef,2,0.021500000000000102,1
139,dur20_k1,20,0.021500000000000102,1.0
139,dur20_k8,20,0.026400000000000243,8.0
139,dur20_adaptDef,20,0.021500000000000102,1
139,dur100_k1,100,0.021500000000000102,1.0
139,dur100_k8,100,0.024350000000000184,8.0
139,dur100_adaptDef,100,0.021500000000000102,1
139,dur2_k2,2,0.021500000000000102,2.0
139,dur2_k4,2,0.02415000000000018,4.0
139,dur2_adaptCD5,2,0.021500000000000102,1
139,dur2_adaptCD2,2,0.021500000000000102,1
139,dur2_adaptCD1,2,0.021500000000000102,1
139,dur2_adaptAggr,2,0.021500000000000102,1
140,dur2_k1,2,0.021500000000000102,1.0
140,dur2_k8,2,0.026850000000000256,8.0
140,dur2_adaptDef,2,0.021500000000000102,1
140,dur20_k1,20,0.021500000000000102,1.0
140,dur20_k8,20,0.02625000000000024,8.0
140,dur20_adaptDef,20,0.021500000000000102,1
140,dur100_k1,100,0.021500000000000102,1.0
140,dur100_k8,100,0.034900000000000486,8.0
140,dur100_adaptDef,100,0.021500000000000102,1
140,dur2_k2,2,0.025450000000000216,2.0
140,dur2_k4,2,0.02525000000000021,4.0
140,dur2_adaptCD5,2,0.021500000000000102,1
140,dur2_adaptCD2,2,0.021500000000000102,1
140,dur2_adaptCD1,2,0.021500000000000102,1
140,dur2_adaptAggr,2,0.021500000000000102,1
136,dur2_k1,2,0.04405000000000075,1.0
136,dur2_k8,2,0.028300000000000297,8.0
136,dur2_adaptDef,2,0.034150000000000465,1.3125
136,dur20_k1,20,0.037250000000000554,1.0
136,dur20_k8,20,0.025350000000000213,8.0
136,dur20_adaptDef,20,0.031750000000000396,1.1875
136,dur100_k1,100,0.03635000000000053,1.0
136,dur100_k8,100,0.02555000000000022,8.0
136,dur100_adaptDef,100,0.034500000000000475,1.3125
136,dur2_k2,2,0.03680000000000054,2.0
136,dur2_k4,2,0.029200000000000323,4.0
136,dur2_adaptCD5,2,0.03045000000000036,1.625
136,dur2_adaptCD2,2,0.02810000000000029,1.875
136,dur2_adaptCD1,2,0.028300000000000297,1.875
136,dur2_adaptAggr,2,0.0284000000000003,1.875
141,dur2_k1,2,0.03050000000000036,1.0
141,dur2_k8,2,0.028650000000000307,8.0
141,dur2_adaptDef,2,0.02980000000000034,1.125
141,dur20_k1,20,0.03010000000000035,1.0
141,dur20_k8,20,0.03020000000000035,8.0
141,dur20_adaptDef,20,0.029650000000000336,1.125
141,dur100_k1,100,0.03090000000000037,1.0
141,dur100_k8,100,0.024800000000000197,8.0
141,dur100_adaptDef,100,0.024400000000000185,1.0625
141,dur2_k2,2,0.029250000000000324,2.0
141,dur2_k4,2,0.029250000000000324,4.0
141,dur2_adaptCD5,2,0.02910000000000032,1.3125
141,dur2_adaptCD2,2,0.028850000000000313,1.4375
141,dur2_adaptCD1,2,0.028650000000000307,1.4375
141,dur2_adaptAggr,2,0.028850000000000313,1.4375
143,dur2_k1,2,0.032100000000000406,1.0
143,dur2_k8,2,0.022700000000000137,8.0
143,dur2_adaptDef,2,0.026900000000000257,1.25
143,dur20_k1,20,0.0319000000000004,1.0
143,dur20_k8,20,0.022550000000000132,8.0
143,dur20_adaptDef,20,0.027250000000000267,1.25
143,dur100_k1,100,0.030950000000000373,1.0
143,dur100_k8,100,0.0249000000000002,8.0
143,dur100_adaptDef,100,0.02700000000000026,1.1875
143,dur2_k2,2,0.02565000000000022,2.0
143,dur2_k4,2,0.025000000000000203,4.0
143,dur2_adaptCD5,2,0.02595000000000023,1.3125
143,dur2_adaptCD2,2,0.025050000000000204,1.5
143,dur2_adaptCD1,2,0.024750000000000195,1.6875
143,dur2_adaptAggr,2,0.023450000000000158,1.75
142,dur2_k1,2,0.03085000000000037,1.0
142,dur2_k8,2,0.026200000000000237,8.0
142,dur2_adaptDef,2,0.030250000000000353,1.125
142,dur20_k1,20,0.03270000000000042,1.0
142,dur20_k8,20,0.02670000000000025,8.0
142,dur20_adaptDef,20,0.03080000000000037,1.1875
142,dur100_k1,100,0.030950000000000373,1.0
142,dur100_k8,100,0.02810000000000029,8.0
142,dur100_adaptDef,100,0.028650000000000307,1.125
142,dur2_k2,2,0.03150000000000039,2.0
142,dur2_k4,2,0.026200000000000237,4.0
142,dur2_adaptCD5,2,0.028300000000000297,1.3125
142,dur2_adaptCD2,2,0.02705000000000026,1.4375
142,dur2_adaptCD1,2,0.026400000000000243,1.4375
142,dur2_adaptAggr,2,0.02660000000000025,1.4375
144,dur2_k1,2,0.04335000000000073,1.0
144,dur2_k8,2,0.029300000000000326,8.0
144,dur2_adaptDef,2,0.036300000000000526,1.1875
144,dur20_k1,20,0.035900000000000515,1.0
144,dur20_k8,20,0.02660000000000025,8.0
144,dur20_adaptDef,20,0.031750000000000396,1.125
144,dur100_k1,100,0.0599000000000012,1.0
144,dur100_k8,100,0.028650000000000307,8.0
144,dur100_adaptDef,100,0.047100000000000836,1.25
144,dur2_k2,2,0.034200000000000466,2.0
144,dur2_k4,2,0.034200000000000466,4.0
144,dur2_adaptCD5,2,0.03270000000000042,1.375
144,dur2_adaptCD2,2,0.030600000000000363,1.4375
144,dur2_adaptCD1,2,0.02975000000000034,1.4375
144,dur2_adaptAggr,2,0.029700000000000337,1.4375
148,dur2_k1,2,0.021500000000000102,1.0
148,dur2_k8,2,0.024450000000000187,8.0
148,dur2_adaptDef,2,0.021500000000000102,1
148,dur20_k1,20,0.021500000000000102,1.0
148,dur20_k8,20,0.02420000000000018,8.0
148,dur20_adaptDef,20,0.021500000000000102,1
148,dur100_k1,100,0.021500000000000102,1.0
148,dur100_k8,100,0.023700000000000165,8.0
148,dur100_adaptDef,100,0.021500000000000102,1
148,dur2_k2,2,0.021500000000000102,2.0
148,dur2_k4,2,0.023400000000000157,4.0
148,dur2_adaptCD5,2,0.021500000000000102,1
148,dur2_adaptCD2,2,0.021500000000000102,1
148,dur2_adaptCD1,2,0.021500000000000102,1
148,dur2_adaptAggr,2,0.021500000000000102,1
146,dur2_k1,2,0.03050000000000036,1.0
146,dur2_k8,2,0.021850000000000112,8.0
146,dur2_adaptDef,2,0.026800000000000254,1.125
146,dur20_k1,20,0.03010000000000035,1.0
146,dur20_k8,20,0.02215000000000012,8.0
146,dur20_adaptDef,20,0.02450000000000019,1.125
146,dur100_k1,100,0.03090000000000037,1.0
146,dur100_k8,100,0.021850000000000112,8.0
146,dur100_adaptDef,100,0.028500000000000303,1.125
146,dur2_k2,2,0.02555000000000022,2.0
146,dur2_k4,2,0.022750000000000138,4.0
146,dur2_adaptCD5,2,0.025500000000000217,1.125
146,dur2_adaptCD2,2,0.0249500000000002,1.1875
146,dur2_adaptCD1,2,0.024700000000000194,1.25
146,dur2_adaptAggr,2,0.022950000000000144,1.25
145,dur2_k1,2,0.030350000000000356,1.0
145,dur2_k8,2,0.02735000000000027,8.0
145,dur2_adaptDef,2,0.029300000000000326,1.25
145,dur20_k1,20,0.03445000000000047,1.0
145,dur20_k8,20,0.028250000000000296,8.0
145,dur20_adaptDef,20,0.03325000000000044,1.3125
145,dur100_k1,100,0.03365000000000045,1.0
145,dur100_k8,100,0.029250000000000324,8.0
145,dur100_adaptDef,100,0.03425000000000047,1.125
145,dur2_k2,2,0.028550000000000304,2.0
145,dur2_k4,2,0.028550000000000304,4.0
145,dur2_adaptCD5,2,0.028550000000000304,1.5
145,dur2_adaptCD2,2,0.02765000000000028,1.75
145,dur2_adaptCD1,2,0.02740000000000027,1.8125
145,dur2_adaptAggr,2,0.027450000000000273,1.875
147,dur2_k1,2,0.03125000000000038,1.0
147,dur2_k8,2,0.024750000000000195,8.0
147,dur2_adaptDef,2,0.027250000000000267,1.125
147,dur20_k1,20,0.03715000000000055,1.0
147,dur20_k8,20,0.02415000000000018,8.0
147,dur20_adaptDef,20,0.0320000000000004,1.1875
147,dur100_k1,100,0.0353500000000005,1.0
147,dur100_k8,100,0.02660000000000025,8.0
147,dur100_adaptDef,100,0.03090000000000037,1.125
147,dur2_k2,2,0.02560000000000022,2.0
147,dur2_k4,2,0.02560000000000022,4.0
147,dur2_adaptCD5,2,0.026450000000000244,1.25
147,dur2_adaptCD2,2,0.02520000000000021,1.3125
147,dur2_adaptCD1,2,0.025050000000000204,1.375
147,dur2_adaptAggr,2,0.023350000000000155,1.4375
150,dur2_k1,2,0.021500000000000102,1.0
150,dur2_k8,2,0.022950000000000144,8.0
150,dur2_adaptDef,2,0.021500000000000102,1
150,dur20_k1,20,0.021500000000000102,1.0
150,dur20_k8,20,0.023600000000000163,8.0
150,dur20_adaptDef,20,0.021500000000000102,1
150,dur100_k1,100,0.021500000000000102,1.0
150,dur100_k8,100,0.02520000000000021,8.0
150,dur100_adaptDef,100,0.021500000000000102,1
150,dur2_k2,2,0.026200000000000237,2.0
150,dur2_k4,2,0.022950000000000144,4.0
150,dur2_adaptCD5,2,0.021500000000000102,1
150,dur2_adaptCD2,2,0.021500000000000102,1
150,dur2_adaptCD1,2,0.021500000000000102,1
150,dur2_adaptAggr,2,0.021500000000000102,1
149,dur2_k1,2,0.030400000000000357,1.0
149,dur2_k8,2,0.02635000000000024,8.0
149,dur2_adaptDef,2,0.027150000000000264,1.125
149,dur20_k1,20,0.030050000000000347,1.0
149,dur20_k8,20,0.026550000000000247,8.0
149,dur20_adaptDef,20,0.027200000000000266,1.125
149,dur100_k1,100,0.030950000000000373,1.0
149,dur100_k8,100,0.028600000000000306,8.0
149,dur100_adaptDef,100,0.027250000000000267,1.125
149,dur2_k2,2,0.02565000000000022,2.0
149,dur2_k4,2,0.025350000000000213,4.0
149,dur2_adaptCD5,2,0.02560000000000022,1.125
149,dur2_adaptCD2,2,0.025100000000000205,1.1875
149,dur2_adaptCD1,2,0.024650000000000193,1.25
149,dur2_adaptAggr,2,0.02565000000000022,1.4375
151,dur2_k1,2,0.03220000000000041,1.0
151,dur2_k8,2,0.02765000000000028,8.0
151,dur2_adaptDef,2,0.03055000000000036,1.125
151,dur20_k1,20,0.03360000000000045,1.0
151,dur20_k8,20,0.025150000000000207,8.0
151,dur20_adaptDef,20,0.030000000000000346,1.125
151,dur100_k1,100,0.0353500000000005,1.0
151,dur100_k8,100,0.02975000000000034,8.0
151,dur100_adaptDef,100,0.031400000000000386,1.125
151,dur2_k2,2,0.029300000000000326,2.0
151,dur2_k4,2,0.029300000000000326,4.0
151,dur2_adaptCD5,2,0.028900000000000314,1.3125
151,dur2_adaptCD2,2,0.027950000000000287,1.4375
151,dur2_adaptCD1,2,0.027850000000000284,1.4375
151,dur2_adaptAggr,2,0.027850000000000284,1.4375
153,dur2_k1,2,0.02980000000000034,1.0
153,dur2_k8,2,0.023350000000000155,8.0
153,dur2_adaptDef,2,0.026200000000000237,1.125
153,dur20_k1,20,0.028300000000000297,1.0
153,dur20_k8,20,0.02245000000000013,8.0
153,dur20_adaptDef,20,0.025700000000000223,1.125
153,dur100_k1,100,0.026500000000000246,1.0
153,dur100_k8,100,0.024300000000000183,8.0
153,dur100_adaptDef,100,0.02425000000000018,1.0625
153,dur2_k2,2,0.025000000000000203,2.0
153,dur2_k4,2,0.02415000000000018,4.0
153,dur2_adaptCD5,2,0.025150000000000207,1.125
153,dur2_adaptCD2,2,0.023750000000000167,1.1875
153,dur2_adaptCD1,2,0.023450000000000158,1.25
153,dur2_adaptAggr,2,0.023450000000000158,1.375
152,dur2_k1,2,0.03020000000000035,1.0
152,dur2_k8,2,0.027550000000000276,8.0
152,dur2_adaptDef,2,0.02880000000000031,1.125
152,dur20_k1,20,0.02915000000000032,1.0
152,dur20_k8,20,0.029650000000000336,8.0
152,dur20_adaptDef,20,0.03050000000000036,1.125
152,dur100_k1,100,0.0353000000000005,1.0
152,dur100_k8,100,0.025500000000000217,8.0
152,dur100_adaptDef,100,0.03435000000000047,1.125
152,dur2_k2,2,0.028550000000000304,2.0
152,dur2_k4,2,0.028550000000000304,4.0
152,dur2_adaptCD5,2,0.02875000000000031,1.25
152,dur2_adaptCD2,2,0.027900000000000286,1.4375
152,dur2_adaptCD1,2,0.027500000000000274,1.4375
152,dur2_adaptAggr,2,0.027900000000000286,1.4375
155,dur2_k1,2,0.03130000000000038,1.0
155,dur2_k8,2,0.03215000000000041,8.0
155,dur2_adaptDef,2,0.02625000000000024,1.125
155,dur20_k1,20,0.02560000000000022,1.0
155,dur20_k8,20,0.029700000000000337,8.0
155,dur20_adaptDef,20,0.02530000000000021,1.0625
155,dur100_k1,100,0.026450000000000244,1.0
155,dur100_k8,100,0.027200000000000266,8.0
155,dur100_adaptDef,100,0.02415000000000018,1.125
155,dur2_k2,2,0.029200000000000323,2.0
155,dur2_k4,2,0.029200000000000323,4.0
155,dur2_adaptCD5,2,0.025100000000000205,1.125
155,dur2_adaptCD2,2,0.023750000000000167,1.1875
155,dur2_adaptCD1,2,0.023700000000000165,1.25
155,dur2_adaptAggr,2,0.023050000000000147,1.4375
154,dur2_k1,2,0.0319000000000004,1.0
154,dur2_k8,2,0.02705000000000026,8.0
154,dur2_adaptDef,2,0.028950000000000316,1.125
154,dur20_k1,20,0.03715000000000055,1.0
154,dur20_k8,20,0.027600000000000277,8.0
154,dur20_adaptDef,20,0.029200000000000323,1.125
154,dur100_k1,100,0.028600000000000306,1.0
154,dur100_k8,100,0.025000000000000203,8.0
154,dur100_adaptDef,100,0.024650000000000193,1.0625
154,dur2_k2,2,0.028950000000000316,2.0
154,dur2_k4,2,0.02560000000000022,4.0
154,dur2_adaptCD5,2,0.02695000000000026,1.25
154,dur2_adaptCD2,2,0.025800000000000226,1.375
154,dur2_adaptCD1,2,0.025450000000000216,1.4375
154,dur2_adaptAggr,2,0.026200000000000237,1.4375
158,dur2_k1,2,0.030000000000000346,1.0
158,dur2_k8,2,0.02420000000000018,8.0
158,dur2_adaptDef,2,0.02630000000000024,1.125
158,dur20_k1,20,0.03440000000000047,1.0
158,dur20_k8,20,0.02530000000000021,8.0
158,dur20_adaptDef,20,0.029250000000000324,1.125
158,dur100_k1,100,0.026500000000000246,1.0
158,dur100_k8,100,0.022300000000000125,8.0
158,dur100_adaptDef,100,0.025350000000000213,1.125
158,dur2_k2,2,0.025000000000000203,2.0
158,dur2_k4,2,0.025000000000000203,4.0
158,dur2_adaptCD5,2,0.025700000000000223,1.1875
158,dur2_adaptCD2,2,0.025050000000000204,1.3125
158,dur2_adaptCD1,2,0.024650000000000193,1.375
158,dur2_adaptAggr,2,0.02355000000000016,1.4375
156,dur2_k1,2,0.031350000000000385,1.0
156,dur2_k8,2,0.023300000000000154,8.0
156,dur2_adaptDef,2,0.02875000000000031,1.25
156,dur20_k1,20,0.031750000000000396,1.0
156,dur20_k8,20,0.02355000000000016,8.0
156,dur20_adaptDef,20,0.02915000000000032,1.25
156,dur100_k1,100,0.04420000000000075,1.0
156,dur100_k8,100,0.0319000000000004,8.0
156,dur100_adaptDef,100,0.039450000000000617,1.125
156,dur2_k2,2,0.02910000000000032,2.0
156,dur2_k4,2,0.02555000000000022,4.0
156,dur2_adaptCD5,2,0.026850000000000256,1.5
156,dur2_adaptCD2,2,0.025750000000000224,1.6875
156,dur2_adaptCD1,2,0.02525000000000021,1.8125
156,dur2_adaptAggr,2,0.024100000000000177,1.875
157,dur2_k1,2,0.041800000000000684,1.0
157,dur2_k8,2,0.02665000000000025,8.0
157,dur2_adaptDef,2,0.03515000000000049,1.375
157,dur20_k1,20,0.046750000000000826,1.0
157,dur20_k8,20,0.026500000000000246,8.0
157,dur20_adaptDef,20,0.03620000000000052,1.375
157,dur100_k1,100,0.036950000000000545,1.0
157,dur100_k8,100,0.02455000000000019,8.0
157,dur100_adaptDef,100,0.029950000000000344,1.1875
157,dur2_k2,2,0.037300000000000555,2.0
157,dur2_k4,2,0.030050000000000347,4.0
157,dur2_adaptCD5,2,0.031400000000000386,1.625
157,dur2_adaptCD2,2,0.02805000000000029,1.875
157,dur2_adaptCD1,2,0.027100000000000263,1.875
157,dur2_adaptAggr,2,0.027100000000000263,1.875
159,dur2_k1,2,0.04310000000000072,1.0
159,dur2_k8,2,0.024750000000000195,8.0
159,dur2_adaptDef,2,0.03335000000000044,1.3125
159,dur20_k1,20,0.04210000000000069,1.0
159,dur20_k8,20,0.023400000000000157,8.0
159,dur20_adaptDef,20,0.03265000000000042,1.3125
159,dur100_k1,100,0.051950000000000975,1.0
159,dur100_k8,100,0.03090000000000037,8.0
159,dur100_adaptDef,100,0.03295000000000043,1.125
159,dur2_k2,2,0.031100000000000377,2.0
159,dur2_k4,2,0.031100000000000377,4.0
159,dur2_adaptCD5,2,0.029600000000000334,1.5
159,dur2_adaptCD2,2,0.02660000000000025,1.75
159,dur2_adaptCD1,2,0.025800000000000226,1.875
159,dur2_adaptAggr,2,0.025800000000000226,1.875
160,dur2_k1,2,0.043550000000000734,1.0
160,dur2_k8,2,0.026900000000000257,8.0
160,dur2_adaptDef,2,0.03265000000000042,1.3125
160,dur20_k1,20,0.04415000000000075,1.0
160,dur20_k8,20,0.02735000000000027,8.0
160,dur20_adaptDef,20,0.03500000000000049,1.375
160,dur100_k1,100,0.04440000000000076,1.0
160,dur100_k8,100,0.03145000000000039,8.0
160,dur100_adaptDef,100,0.03995000000000063,1.3125
160,dur2_k2,2,0.03020000000000035,2.0
160,dur2_k4,2,0.03020000000000035,4.0
160,dur2_adaptCD5,2,0.029250000000000324,1.5625
160,dur2_adaptCD2,2,0.026200000000000237,1.75
160,dur2_adaptCD1,2,0.02565000000000022,1.8125
160,dur2_adaptAggr,2,0.026050000000000233,1.875
161,dur2_k1,2,0.043950000000000745,1.0
161,dur2_k8,2,0.023650000000000164,8.0
161,dur2_adaptDef,2,0.0318500000000004,1.1875
161,dur20_k1,20,0.037350000000000556,1.0
161,dur20_k8,20,0.02390000000000017,8.0
161,dur20_adaptDef,20,0.03055000000000036,1.125
161,dur100_k1,100,0.04905000000000089,1.0
161,dur100_k8,100,0.023050000000000147,8.0
161,dur100_adaptDef,100,0.032400000000000415,1.125
161,dur2_k2,2,0.031750000000000396,2.0
161,dur2_k4,2,0.026850000000000256,4.0
161,dur2_adaptCD5,2,0.028150000000000293,1.25
161,dur2_adaptCD2,2,0.02600000000000023,1.3125
161,dur2_adaptCD1,2,0.025350000000000213,1.375
161,dur2_adaptAggr,2,0.024050000000000175,1.4375
162,dur2_k1,2,0.02975000000000034,1.0
162,dur2_k8,2,0.023100000000000148,8.0
162,dur2_adaptDef,2,0.02665000000000025,1.125
162,dur20_k1,20,0.033500000000000446,1.0
162,dur20_k8,20,0.02315000000000015,8.0
162,dur20_adaptDef,20,0.02880000000000031,1.125
162,dur100_k1,100,0.0353000000000005,1.0
162,dur100_k8,100,0.023700000000000165,8.0
162,dur100_adaptDef,100,0.03015000000000035,1.125
162,dur2_k2,2,0.025000000000000203,2.0
162,dur2_k4,2,0.025000000000000203,4.0
162,dur2_adaptCD5,2,0.02560000000000022,1.1875
162,dur2_adaptCD2,2,0.0249000000000002,1.25
162,dur2_adaptCD1,2,0.0248500000000002,1.375
162,dur2_adaptAggr,2,0.02355000000000016,1.4375
163,dur2_k1,2,0.03270000000000042,1.0
163,dur2_k8,2,0.02315000000000015,8.0
163,dur2_adaptDef,2,0.028200000000000294,1.125
163,dur20_k1,20,0.03620000000000052,1.0
163,dur20_k8,20,0.024700000000000194,8.0
163,dur20_adaptDef,20,0.03055000000000036,1.125
163,dur100_k1,100,0.0353500000000005,1.0
163,dur100_k8,100,0.02595000000000023,8.0
163,dur100_adaptDef,100,0.030650000000000364,1.125
163,dur2_k2,2,0.02625000000000024,2.0
163,dur2_k4,2,0.02625000000000024,4.0
163,dur2_adaptCD5,2,0.02695000000000026,1.1875
163,dur2_adaptCD2,2,0.026050000000000233,1.3125
163,dur2_adaptCD1,2,0.02555000000000022,1.375
163,dur2_adaptAggr,2,0.02415000000000018,1.4375
165,dur2_k1,2,0.021500000000000102,1.0
165,dur2_k8,2,0.023700000000000165,8.0
165,dur2_adaptDef,2,0.021500000000000102,1
165,dur20_k1,20,0.021500000000000102,1.0
165,dur20_k8,20,0.024050000000000175,8.0
165,dur20_adaptDef,20,0.021500000000000102,1
165,dur100_k1,100,0.021500000000000102,1.0
165,dur100_k8,100,0.030600000000000363,8.0
165,dur100_adaptDef,100,0.021500000000000102,1
165,dur2_k2,2,0.021500000000000102,2.0
165,dur2_k4,2,0.022400000000000128,4.0
165,dur2_adaptCD5,2,0.021500000000000102,1
165,dur2_adaptCD2,2,0.021500000000000102,1
165,dur2_adaptCD1,2,0.021500000000000102,1
165,dur2_adaptAggr,2,0.021500000000000102,1
166,dur2_k1,2,0.029950000000000344,1.0
166,dur2_k8,2,0.02635000000000024,8.0
166,dur2_adaptDef,2,0.02630000000000024,1.125
166,dur20_k1,20,0.0318500000000004,1.0
166,dur20_k8,20,0.02775000000000028,8.0
166,dur20_adaptDef,20,0.027900000000000286,1.125
166,dur100_k1,100,0.026550000000000247,1.0
166,dur100_k8,100,0.02765000000000028,8.0
166,dur100_adaptDef,100,0.026550000000000247,1
166,dur2_k2,2,0.02525000000000021,2.0
166,dur2_k4,2,0.02525000000000021,4.0
166,dur2_adaptCD5,2,0.02560000000000022,1.125
166,dur2_adaptCD2,2,0.0248500000000002,1.1875
166,dur2_adaptCD1,2,0.024400000000000185,1.25
166,dur2_adaptAggr,2,0.023350000000000155,1.375
164,dur2_k1,2,0.031000000000000374,1.0
164,dur2_k8,2,0.026150000000000236,8.0
164,dur2_adaptDef,2,0.030600000000000363,1.125
164,dur20_k1,20,0.0354000000000005,1.0
164,dur20_k8,20,0.02635000000000024,8.0
164,dur20_adaptDef,20,0.0318500000000004,1.1875
164,dur100_k1,100,0.03985000000000063,1.0
164,dur100_k8,100,0.029250000000000324,8.0
164,dur100_adaptDef,100,0.036600000000000535,1.1875
164,dur2_k2,2,0.03505000000000049,2.0
164,dur2_k4,2,0.026550000000000247,4.0
164,dur2_adaptCD5,2,0.028250000000000296,1.25
164,dur2_adaptCD2,2,0.027200000000000266,1.375
164,dur2_adaptCD1,2,0.02590000000000023,1.4375
164,dur2_adaptAggr,2,0.02660000000000025,1.4375
167,dur2_k1,2,0.029300000000000326,1.0
167,dur2_k8,2,0.0283500000000003,8.0
167,dur2_adaptDef,2,0.027950000000000287,1.125
167,dur20_k1,20,0.034500000000000475,1.0
167,dur20_k8,20,0.02775000000000028,8.0
167,dur20_adaptDef,20,0.030300000000000354,1.125
167,dur100_k1,100,0.03080000000000037,1.0
167,dur100_k8,100,0.02985000000000034,8.0
167,dur100_adaptDef,100,0.028900000000000314,1.125
167,dur2_k2,2,0.027600000000000277,2.0
167,dur2_k4,2,0.026750000000000253,4.0
167,dur2_adaptCD5,2,0.02625000000000024,1.1875
167,dur2_adaptCD2,2,0.024750000000000195,1.25
167,dur2_adaptCD1,2,0.024100000000000177,1.3125
167,dur2_adaptAggr,2,0.023650000000000164,1.4375
169,dur2_k1,2,0.021500000000000102,1.0
169,dur2_k8,2,0.026550000000000247,8.0
169,dur2_adaptDef,2,0.021500000000000102,1
169,dur20_k1,20,0.021500000000000102,1.0
169,dur20_k8,20,0.02555000000000022,8.0
169,dur20_adaptDef,20,0.021500000000000102,1
169,dur100_k1,100,0.021500000000000102,1.0
169,dur100_k8,100,0.02770000000000028,8.0
169,dur100_adaptDef,100,0.021500000000000102,1
169,dur2_k2,2,0.02560000000000022,2.0
169,dur2_k4,2,0.02560000000000022,4.0
169,dur2_adaptCD5,2,0.021500000000000102,1
169,dur2_adaptCD2,2,0.021500000000000102,1
169,dur2_adaptCD1,2,0.021500000000000102,1
169,dur2_adaptAggr,2,0.021500000000000102,1
168,dur2_k1,2,0.02870000000000031,1.0
168,dur2_k8,2,0.02280000000000014,8.0
168,dur2_adaptDef,2,0.02635000000000024,1.125
168,dur20_k1,20,0.02915000000000032,1.0
168,dur20_k8,20,0.02355000000000016,8.0
168,dur20_adaptDef,20,0.025700000000000223,1.125
168,dur100_k1,100,0.0353000000000005,1.0
168,dur100_k8,100,0.023800000000000168,8.0
168,dur100_adaptDef,100,0.02590000000000023,1.125
168,dur2_k2,2,0.0249000000000002,2.0
168,dur2_k4,2,0.024350000000000184,4.0
168,dur2_adaptCD5,2,0.025150000000000207,1.125
168,dur2_adaptCD2,2,0.024400000000000185,1.1875
168,dur2_adaptCD1,2,0.024100000000000177,1.25
168,dur2_adaptAggr,2,0.023450000000000158,1.4375
170,dur2_k1,2,0.030350000000000356,1.0
170,dur2_k8,2,0.025500000000000217,8.0
170,dur2_adaptDef,2,0.02695000000000026,1.125
170,dur20_k1,20,0.03355000000000045,1.0
170,dur20_k8,20,0.02555000000000022,8.0
170,dur20_adaptDef,20,0.02805000000000029,1.125
170,dur100_k1,100,0.026500000000000246,1.0
170,dur100_k8,100,0.029700000000000337,8.0
170,dur100_adaptDef,100,0.026500000000000246,1
170,dur2_k2,2,0.025150000000000207,2.0
170,dur2_k4,2,0.025050000000000204,4.0
170,dur2_adaptCD5,2,0.02560000000000022,1.1875
170,dur2_adaptCD2,2,0.025100000000000205,1.25
170,dur2_adaptCD1,2,0.024800000000000197,1.3125
170,dur2_adaptAggr,2,0.024450000000000187,1.4375
171,dur2_k1,2,0.0319500000000004,1.0
171,dur2_k8,2,0.03320000000000044,8.0
171,dur2_adaptDef,2,0.027200000000000266,1.125
171,dur20_k1,20,0.026550000000000247,1.0
171,dur20_k8,20,0.03305000000000043,8.0
171,dur20_adaptDef,20,0.025350000000000213,1.125
171,dur100_k1,100,0.026500000000000246,1.0
171,dur100_k8,100,0.032400000000000415,8.0
171,dur100_adaptDef,100,0.024100000000000177,1.0625
171,dur2_k2,2,0.03020000000000035,2.0
171,dur2_k4,2,0.03020000000000035,4.0
171,dur2_adaptCD5,2,0.026050000000000233,1.1875
171,dur2_adaptCD2,2,0.02530000000000021,1.3125
171,dur2_adaptCD1,2,0.025150000000000207,1.375
171,dur2_adaptAggr,2,0.024450000000000187,1.4375
172,dur2_k1,2,0.029950000000000344,1.0
172,dur2_k8,2,0.02700000000000026,8.0
172,dur2_adaptDef,2,0.02945000000000033,1.125
172,dur20_k1,20,0.03010000000000035,1.0
172,dur20_k8,20,0.026450000000000244,8.0
172,dur20_adaptDef,20,0.02810000000000029,1.125
172,dur100_k1,100,0.030950000000000373,1.0
172,dur100_k8,100,0.03080000000000037,8.0
172,dur100_adaptDef,100,0.02980000000000034,1.0625
172,dur2_k2,2,0.028550000000000304,2.0
172,dur2_k4,2,0.0284500000000003,4.0
172,dur2_adaptCD5,2,0.028300000000000297,1.3125
172,dur2_adaptCD2,2,0.02665000000000025,1.4375
172,dur2_adaptCD1,2,0.026150000000000236,1.4375
172,dur2_adaptAggr,2,0.026450000000000244,1.4375
174,dur2_k1,2,0.030300000000000354,1.0
174,dur2_k8,2,0.02320000000000015,8.0
174,dur2_adaptDef,2,0.026150000000000236,1.125
174,dur20_k1,20,0.03265000000000042,1.0
174,dur20_k8,20,0.023000000000000145,8.0
174,dur20_adaptDef,20,0.02740000000000027,1.125
174,dur100_k1,100,0.0354000000000005,1.0
174,dur100_k8,100,0.025050000000000204,8.0
174,dur100_adaptDef,100,0.030750000000000367,1.125
174,dur2_k2,2,0.0249500000000002,2.0
174,dur2_k4,2,0.024050000000000175,4.0
174,dur2_adaptCD5,2,0.0249500000000002,1.1875
174,dur2_adaptCD2,2,0.02460000000000019,1.1875
174,dur2_adaptCD1,2,0.02420000000000018,1.25
174,dur2_adaptAggr,2,0.023250000000000152,1.375
176,dur2_k1,2,0.021500000000000102,1.0
176,dur2_k8,2,0.022950000000000144,8.0
176,dur2_adaptDef,2,0.021500000000000102,1
176,dur20_k1,20,0.021500000000000102,1.0
176,dur20_k8,20,0.02245000000000013,8.0
176,dur20_adaptDef,20,0.021500000000000102,1
176,dur100_k1,100,0.021500000000000102,1.0
176,dur100_k8,100,0.02560000000000022,8.0
176,dur100_adaptDef,100,0.021500000000000102,1
176,dur2_k2,2,0.025700000000000223,2.0
176,dur2_k4,2,0.022950000000000144,4.0
176,dur2_adaptCD5,2,0.021500000000000102,1
176,dur2_adaptCD2,2,0.021500000000000102,1
176,dur2_adaptCD1,2,0.021500000000000102,1
176,dur2_adaptAggr,2,0.021500000000000102,1
173,dur2_k1,2,0.04370000000000074,1.0
173,dur2_k8,2,0.028200000000000294,8.0
173,dur2_adaptDef,2,0.03375000000000045,1.1875
173,dur20_k1,20,0.04015000000000064,1.0
173,dur20_k8,20,0.02695000000000026,8.0
173,dur20_adaptDef,20,0.03510000000000049,1.1875
173,dur100_k1,100,0.048100000000000864,1.0
173,dur100_k8,100,0.030300000000000354,8.0
173,dur100_adaptDef,100,0.039100000000000606,1.1875
173,dur2_k2,2,0.031400000000000386,2.0
173,dur2_k4,2,0.031400000000000386,4.0
173,dur2_adaptCD5,2,0.02975000000000034,1.3125
173,dur2_adaptCD2,2,0.027200000000000266,1.4375
173,dur2_adaptCD1,2,0.02625000000000024,1.4375
173,dur2_adaptAggr,2,0.026400000000000243,1.4375
178,dur2_k1,2,0.02905000000000032,1.0
178,dur2_k8,2,0.02660000000000025,8.0
178,dur2_adaptDef,2,0.030400000000000357,1.125
178,dur20_k1,20,0.028300000000000297,1.0
178,dur20_k8,20,0.02765000000000028,8.0
178,dur20_adaptDef,20,0.031000000000000374,1.1875
178,dur100_k1,100,0.022050000000000118,1.0
178,dur100_k8,100,0.03125000000000038,8.0
178,dur100_adaptDef,100,0.022050000000000118,1
178,dur2_k2,2,0.03390000000000046,2.0
178,dur2_k4,2,0.027850000000000284,4.0
178,dur2_adaptCD5,2,0.02905000000000032,1.3125
178,dur2_adaptCD2,2,0.02770000000000028,1.4375
178,dur2_adaptCD1,2,0.026900000000000257,1.4375
178,dur2_adaptAggr,2,0.026850000000000256,1.4375
179,dur2_k1,2,0.031750000000000396,1.0
179,dur2_k8,2,0.024450000000000187,8.0
179,dur2_adaptDef,2,0.028850000000000313,1.25
179,dur20_k1,20,0.02915000000000032,1.0
179,dur20_k8,20,0.024300000000000183,8.0
179,dur20_adaptDef,20,0.02940000000000033,1.25
179,dur100_k1,100,0.026550000000000247,1.0
179,dur100_k8,100,0.024350000000000184,8.0
179,dur100_adaptDef,100,0.026450000000000244,1.0625
179,dur2_k2,2,0.028650000000000307,2.0
179,dur2_k4,2,0.026050000000000233,4.0
179,dur2_adaptCD5,2,0.027250000000000267,1.5625
179,dur2_adaptCD2,2,0.025700000000000223,1.8125
179,dur2_adaptCD1,2,0.02565000000000022,1.875
179,dur2_adaptAggr,2,0.025100000000000205,1.875
175,dur2_k1,2,0.04175000000000068,1.0
175,dur2_k8,2,0.026800000000000254,8.0
175,dur2_adaptDef,2,0.034500000000000475,1.3125
175,dur20_k1,20,0.0493500000000009,1.0
175,dur20_k8,20,0.028150000000000293,8.0
175,dur20_adaptDef,20,0.03745000000000056,1.375
175,dur100_k1,100,0.06370000000000114,1.0
175,dur100_k8,100,0.026200000000000237,8.0
175,dur100_adaptDef,100,0.03710000000000055,1.375
175,dur2_k2,2,0.037300000000000555,2.0
175,dur2_k4,2,0.028850000000000313,4.0
175,dur2_adaptCD5,2,0.03085000000000037,1.625
175,dur2_adaptCD2,2,0.027600000000000277,1.875
175,dur2_adaptCD1,2,0.02735000000000027,1.875
175,dur2_adaptAggr,2,0.027500000000000274,1.875
177,dur2_k1,2,0.03995000000000063,1.0
177,dur2_k8,2,0.029000000000000317,8.0
177,dur2_adaptDef,2,0.03465000000000048,1.1875
177,dur20_k1,20,0.04405000000000075,1.0
177,dur20_k8,20,0.028500000000000303,8.0
177,dur20_adaptDef,20,0.03480000000000048,1.1875
177,dur100_k1,100,0.03355000000000045,1.0
177,dur100_k8,100,0.02630000000000024,8.0
177,dur100_adaptDef,100,0.033500000000000446,1.1875
177,dur2_k2,2,0.03270000000000042,2.0
177,dur2_k4,2,0.03270000000000042,4.0
177,dur2_adaptCD5,2,0.032050000000000405,1.375
177,dur2_adaptCD2,2,0.02985000000000034,1.4375
177,dur2_adaptCD1,2,0.02910000000000032,1.4375
177,dur2_adaptAggr,2,0.02910000000000032,1.4375
180,dur2_k1,2,0.030700000000000366,1.0
180,dur2_k8,2,0.02530000000000021,8.0
180,dur2_adaptDef,2,0.028950000000000316,1.125
180,dur20_k1,20,0.03010000000000035,1.0
180,dur20_k8,20,0.025100000000000205,8.0
180,dur20_adaptDef,20,0.02975000000000034,1.125
180,dur100_k1,100,0.0353500000000005,1.0
180,dur100_k8,100,0.029300000000000326,8.0
180,dur100_adaptDef,100,0.033100000000000435,1.125
180,dur2_k2,2,0.02905000000000032,2.0
180,dur2_k4,2,0.02520000000000021,4.0
180,dur2_adaptCD5,2,0.02735000000000027,1.25
180,dur2_adaptCD2,2,0.02590000000000023,1.4375
180,dur2_adaptCD1,2,0.025450000000000216,1.4375
180,dur2_adaptAggr,2,0.02560000000000022,1.4375
181,dur2_k1,2,0.03115000000000038,1.0
181,dur2_k8,2,0.02565000000000022,8.0
181,dur2_adaptDef,2,0.02905000000000032,1.25
181,dur20_k1,20,0.037950000000000574,1.0
181,dur20_k8,20,0.02595000000000023,8.0
181,dur20_adaptDef,20,0.03330000000000044,1.3125
181,dur100_k1,100,0.03090000000000037,1.0
181,dur100_k8,100,0.025850000000000227,8.0
181,dur100_adaptDef,100,0.03050000000000036,1.25
181,dur2_k2,2,0.028550000000000304,2.0
181,dur2_k4,2,0.026150000000000236,4.0
181,dur2_adaptCD5,2,0.02805000000000029,1.5
181,dur2_adaptCD2,2,0.026500000000000246,1.625
181,dur2_adaptCD1,2,0.026100000000000234,1.75
181,dur2_adaptAggr,2,0.026100000000000234,1.875
182,dur2_k1,2,0.028850000000000313,1.0
182,dur2_k8,2,0.02600000000000023,8.0
182,dur2_adaptDef,2,0.027850000000000284,1.125
182,dur20_k1,20,0.030050000000000347,1.0
182,dur20_k8,20,0.02455000000000019,8.0
182,dur20_adaptDef,20,0.028550000000000304,1.125
182,dur100_k1,100,0.026500000000000246,1.0
182,dur100_k8,100,0.03495000000000049,8.0
182,dur100_adaptDef,100,0.026450000000000244,1.0625
182,dur2_k2,2,0.027550000000000276,2.0
182,dur2_k4,2,0.026400000000000243,4.0
182,dur2_adaptCD5,2,0.02635000000000024,1.1875
182,dur2_adaptCD2,2,0.025400000000000214,1.375
182,dur2_adaptCD1,2,0.025350000000000213,1.4375
182,dur2_adaptAggr,2,0.024050000000000175,1.4375
183,dur2_k1,2,0.03160000000000039,1.0
183,dur2_k8,2,0.02805000000000029,8.0
183,dur2_adaptDef,2,0.03020000000000035,1.125
183,dur20_k1,20,0.026500000000000246,1.0
183,dur20_k8,20,0.026500000000000246,8.0
183,dur20_adaptDef,20,0.026800000000000254,1.125
183,dur100_k1,100,0.022050000000000118,1.0
183,dur100_k8,100,0.02520000000000021,8.0
183,dur100_adaptDef,100,0.022050000000000118,1
183,dur2_k2,2,0.02905000000000032,2.0
183,dur2_k4,2,0.02905000000000032,4.0
183,dur2_adaptCD5,2,0.029200000000000323,1.3125
183,dur2_adaptCD2,2,0.0284000000000003,1.4375
183,dur2_adaptCD1,2,0.028150000000000293,1.4375
183,dur2_adaptAggr,2,0.028200000000000294,1.4375
184,dur2_k1,2,0.03160000000000039,1.0
184,dur2_k8,2,0.02420000000000018,8.0
184,dur2_adaptDef,2,0.027450000000000273,1.125
184,dur20_k1,20,0.02910000000000032,1.0
184,dur20_k8,20,0.025100000000000205,8.0
184,dur20_adaptDef,20,0.027600000000000277,1.125
184,dur100_k1,100,0.022000000000000117,1.0
184,dur100_k8,100,0.023600000000000163,8.0
184,dur100_adaptDef,100,0.022000000000000117,1
184,dur2_k2,2,0.025750000000000224,2.0
184,dur2_k4,2,0.025750000000000224,4.0
184,dur2_adaptCD5,2,0.02625000000000024,1.1875
184,dur2_adaptCD2,2,0.02530000000000021,1.375
184,dur2_adaptCD1,2,0.025050000000000204,1.4375
184,dur2_adaptAggr,2,0.02390000000000017,1.4375
185,dur2_k1,2,0.03115000000000038,1.0
185,dur2_k8,2,0.03390000000000046,8.0
185,dur2_adaptDef,2,0.0318500000000004,1.1875
185,dur20_k1,20,0.030950000000000373,1.0
185,dur20_k8,20,0.03270000000000042,8.0
185,dur20_adaptDef,20,0.03010000000000035,1.125
185,dur100_k1,100,0.03085000000000037,1.0
185,dur100_k8,100,0.03220000000000041,8.0
185,dur100_adaptDef,100,0.028500000000000303,1.0625
185,dur2_k2,2,0.03360000000000045,2.0
185,dur2_k4,2,0.03360000000000045,4.0
185,dur2_adaptCD5,2,0.031700000000000395,1.3125
185,dur2_adaptCD2,2,0.03265000000000042,1.4375
185,dur2_adaptCD1,2,0.03340000000000044,1.4375
185,dur2_adaptAggr,2,0.03340000000000044,1.4375
188,dur2_k1,2,0.03085000000000037,1.0
188,dur2_k8,2,0.023450000000000158,8.0
188,dur2_adaptDef,2,0.02730000000000027,1.125
188,dur20_k1,20,0.030050000000000347,1.0
188,dur20_k8,20,0.023700000000000165,8.0
188,dur20_adaptDef,20,0.02590000000000023,1.125
188,dur100_k1,100,0.0353500000000005,1.0
188,dur100_k8,100,0.026050000000000233,8.0
188,dur100_adaptDef,100,0.026500000000000246,1.125
188,dur2_k2,2,0.02520000000000021,2.0
188,dur2_k4,2,0.024350000000000184,4.0
188,dur2_adaptCD5,2,0.026150000000000236,1.125
188,dur2_adaptCD2,2,0.0249500000000002,1.3125
188,dur2_adaptCD1,2,0.024750000000000195,1.375
188,dur2_adaptAggr,2,0.023300000000000154,1.4375
186,dur2_k1,2,0.03160000000000039,1.0
186,dur2_k8,2,0.02600000000000023,8.0
186,dur2_adaptDef,2,0.029700000000000337,1.25
186,dur20_k1,20,0.030950000000000373,1.0
186,dur20_k8,20,0.0249500000000002,8.0
186,dur20_adaptDef,20,0.029550000000000333,1.25
186,dur100_k1,100,0.030950000000000373,1.0
186,dur100_k8,100,0.026100000000000234,8.0
186,dur100_adaptDef,100,0.031000000000000374,1.3125
186,dur2_k2,2,0.029300000000000326,2.0
186,dur2_k4,2,0.02660000000000025,4.0
186,dur2_adaptCD5,2,0.0283500000000003,1.5
186,dur2_adaptCD2,2,0.02700000000000026,1.75
186,dur2_adaptCD1,2,0.02635000000000024,1.8125
186,dur2_adaptAggr,2,0.026500000000000246,1.875
187,dur2_k1,2,0.04260000000000071,1.0
187,dur2_k8,2,0.023250000000000152,8.0
187,dur2_adaptDef,2,0.03320000000000044,1.1875
187,dur20_k1,20,0.04315000000000072,1.0
187,dur20_k8,20,0.024400000000000185,8.0
187,dur20_adaptDef,20,0.032800000000000426,1.1875
187,dur100_k1,100,0.02670000000000025,1.0
187,dur100_k8,100,0.02315000000000015,8.0
187,dur100_adaptDef,100,0.02590000000000023,1.125
187,dur2_k2,2,0.03395000000000046,2.0
187,dur2_k4,2,0.02590000000000023,4.0
187,dur2_adaptCD5,2,0.029650000000000336,1.25
187,dur2_adaptCD2,2,0.026400000000000243,1.375
187,dur2_adaptCD1,2,0.025400000000000214,1.4375
187,dur2_adaptAggr,2,0.02460000000000019,1.4375
189,dur2_k1,2,0.031100000000000377,1.0
189,dur2_k8,2,0.02455000000000019,8.0
189,dur2_adaptDef,2,0.028650000000000307,1.125
189,dur20_k1,20,0.028650000000000307,1.0
189,dur20_k8,20,0.0249500000000002,8.0
189,dur20_adaptDef,20,0.02665000000000025,1.125
189,dur100_k1,100,0.022000000000000117,1.0
189,dur100_k8,100,0.02560000000000022,8.0
189,dur100_adaptDef,100,0.022000000000000117,1
189,dur2_k2,2,0.028500000000000303,2.0
189,dur2_k4,2,0.02525000000000021,4.0
189,dur2_adaptCD5,2,0.026900000000000257,1.25
189,dur2_adaptCD2,2,0.02555000000000022,1.4375
189,dur2_adaptCD1,2,0.025350000000000213,1.4375
189,dur2_adaptAggr,2,0.0249000000000002,1.4375
190,dur2_k1,2,0.03265000000000042,1.0
190,dur2_k8,2,0.02700000000000026,8.0
190,dur2_adaptDef,2,0.03020000000000035,1.25
190,dur20_k1,20,0.0354000000000005,1.0
190,dur20_k8,20,0.027600000000000277,8.0
190,dur20_adaptDef,20,0.0318500000000004,1.25
190,dur100_k1,100,0.04420000000000075,1.0
190,dur100_k8,100,0.031100000000000377,8.0
190,dur100_adaptDef,100,0.03640000000000053,1.3125
190,dur2_k2,2,0.02940000000000033,2.0
190,dur2_k4,2,0.028650000000000307,4.0
190,dur2_adaptCD5,2,0.028650000000000307,1.5625
190,dur2_adaptCD2,2,0.027850000000000284,1.8125
190,dur2_adaptCD1,2,0.027150000000000264,1.875
190,dur2_adaptAggr,2,0.027150000000000264,1.875
191,dur2_k1,2,0.021500000000000102,1.0
191,dur2_k8,2,0.026100000000000234,8.0
191,dur2_adaptDef,2,0.021500000000000102,1
191,dur20_k1,20,0.021500000000000102,1.0
191,dur20_k8,20,0.02705000000000026,8.0
191,dur20_adaptDef,20,0.021500000000000102,1
191,dur100_k1,100,0.021500000000000102,1.0
191,dur100_k8,100,0.02560000000000022,8.0
191,dur100_adaptDef,100,0.021500000000000102,1
191,dur2_k2,2,0.03080000000000037,2.0
191,dur2_k4,2,0.025500000000000217,4.0
191,dur2_adaptCD5,2,0.021500000000000102,1
191,dur2_adaptCD2,2,0.021500000000000102,1
191,dur2_adaptCD1,2,0.021500000000000102,1
191,dur2_adaptAggr,2,0.021500000000000102,1
192,dur2_k1,2,0.021500000000000102,1.0
192,dur2_k8,2,0.026900000000000257,8.0
192,dur2_adaptDef,2,0.021500000000000102,1
192,dur20_k1,20,0.021500000000000102,1.0
192,dur20_k8,20,0.02730000000000027,8.0
192,dur20_adaptDef,20,0.021500000000000102,1
192,dur100_k1,100,0.021500000000000102,1.0
192,dur100_k8,100,0.02460000000000019,8.0
192,dur100_adaptDef,100,0.021500000000000102,1
192,dur2_k2,2,0.025750000000000224,2.0
192,dur2_k4,2,0.025750000000000224,4.0
192,dur2_adaptCD5,2,0.021500000000000102,1
192,dur2_adaptCD2,2,0.021500000000000102,1
192,dur2_adaptCD1,2,0.021500000000000102,1
192,dur2_adaptAggr,2,0.021500000000000102,1
193,dur2_k1,2,0.02950000000000033,1.0
193,dur2_k8,2,0.028300000000000297,8.0
193,dur2_adaptDef,2,0.028950000000000316,1.25
193,dur20_k1,20,0.03355000000000045,1.0
193,dur20_k8,20,0.03120000000000038,8.0
193,dur20_adaptDef,20,0.032800000000000426,1.3125
193,dur100_k1,100,0.026550000000000247,1.0
193,dur100_k8,100,0.022600000000000134,8.0
193,dur100_adaptDef,100,0.026550000000000247,1.0625
193,dur2_k2,2,0.0284500000000003,2.0
193,dur2_k4,2,0.0284500000000003,4.0
193,dur2_adaptCD5,2,0.02805000000000029,1.5
193,dur2_adaptCD2,2,0.02805000000000029,1.75
193,dur2_adaptCD1,2,0.0284000000000003,1.8125
193,dur2_adaptAggr,2,0.028250000000000296,1.875
194,dur2_k1,2,0.03130000000000038,1.0
194,dur2_k8,2,0.02870000000000031,8.0
194,dur2_adaptDef,2,0.029600000000000334,1.25
194,dur20_k1,20,0.03440000000000047,1.0
194,dur20_k8,20,0.02625000000000024,8.0
194,dur20_adaptDef,20,0.02945000000000033,1.25
194,dur100_k1,100,0.0353500000000005,1.0
194,dur100_k8,100,0.029350000000000327,8.0
194,dur100_adaptDef,100,0.031400000000000386,1.1875
194,dur2_k2,2,0.02915000000000032,2.0
194,dur2_k4,2,0.02915000000000032,4.0
194,dur2_adaptCD5,2,0.028600000000000306,1.5
194,dur2_adaptCD2,2,0.02800000000000029,1.6875
194,dur2_adaptCD1,2,0.02870000000000031,1.75
194,dur2_adaptAggr,2,0.028650000000000307,1.875
195,dur2_k1,2,0.021500000000000102,1.0
195,dur2_k8,2,0.02670000000000025,8.0
195,dur2_adaptDef,2,0.021500000000000102,1
195,dur20_k1,20,0.021500000000000102,1.0
195,dur20_k8,20,0.02740000000000027,8.0
195,dur20_adaptDef,20,0.021500000000000102,1
195,dur100_k1,100,0.021500000000000102,1.0
195,dur100_k8,100,0.02630000000000024,8.0
195,dur100_adaptDef,100,0.021500000000000102,1
195,dur2_k2,2,0.025500000000000217,2.0
195,dur2_k4,2,0.025500000000000217,4.0
195,dur2_adaptCD5,2,0.021500000000000102,1
195,dur2_adaptCD2,2,0.021500000000000102,1
195,dur2_adaptCD1,2,0.021500000000000102,1
195,dur2_adaptAggr,2,0.021500000000000102,1
196,dur2_k1,2,0.031000000000000374,1.0
196,dur2_k8,2,0.02210000000000012,8.0
196,dur2_adaptDef,2,0.026550000000000247,1.125
196,dur20_k1,20,0.02735000000000027,1.0
196,dur20_k8,20,0.021950000000000115,8.0
196,dur20_adaptDef,20,0.024700000000000194,1.125
196,dur100_k1,100,0.03090000000000037,1.0
196,dur100_k8,100,0.02320000000000015,8.0
196,dur100_adaptDef,100,0.029350000000000327,1.0625
196,dur2_k2,2,0.02560000000000022,2.0
196,dur2_k4,2,0.024050000000000175,4.0
196,dur2_adaptCD5,2,0.0249500000000002,1.1875
196,dur2_adaptCD2,2,0.024400000000000185,1.25
196,dur2_adaptCD1,2,0.023450000000000158,1.25
196,dur2_adaptAggr,2,0.023000000000000145,1.375
197,dur2_k1,2,0.03055000000000036,1.0
197,dur2_k8,2,0.027950000000000287,8.0
197,dur2_adaptDef,2,0.029250000000000324,1.125
197,dur20_k1,20,0.030950000000000373,1.0
197,dur20_k8,20,0.03015000000000035,8.0
197,dur20_adaptDef,20,0.03160000000000039,1.125
197,dur100_k1,100,0.022050000000000118,1.0
197,dur100_k8,100,0.03125000000000038,8.0
197,dur100_adaptDef,100,0.022050000000000118,1
197,dur2_k2,2,0.028850000000000313,2.0
197,dur2_k4,2,0.028850000000000313,4.0
197,dur2_adaptCD5,2,0.028900000000000314,1.3125
197,dur2_adaptCD2,2,0.02810000000000029,1.4375
197,dur2_adaptCD1,2,0.02770000000000028,1.4375
197,dur2_adaptAggr,2,0.02810000000000029,1.4375
198,dur2_k1,2,0.030950000000000373,1.0
198,dur2_k8,2,0.027250000000000267,8.0
198,dur2_adaptDef,2,0.029700000000000337,1.125
198,dur20_k1,20,0.02705000000000026,1.0
198,dur20_k8,20,0.028550000000000304,8.0
198,dur20_adaptDef,20,0.02665000000000025,1.125
198,dur100_k1,100,0.026500000000000246,1.0
198,dur100_k8,100,0.027850000000000284,8.0
198,dur100_adaptDef,100,0.027450000000000273,1.125
198,dur2_k2,2,0.028300000000000297,2.0
198,dur2_k4,2,0.028300000000000297,4.0
198,dur2_adaptCD5,2,0.0283500000000003,1.3125
198,dur2_adaptCD2,2,0.02800000000000029,1.4375
198,dur2_adaptCD1,2,0.027500000000000274,1.4375
198,dur2_adaptAggr,2,0.02735000000000027,1.4375
199,dur2_k1,2,0.029350000000000327,1.0
199,dur2_k8,2,0.03440000000000047,8.0
199,dur2_adaptDef,2,0.031000000000000374,1.1875
199,dur20_k1,20,0.02910000000000032,1.0
199,dur20_k8,20,0.030050000000000347,8.0
199,dur20_adaptDef,20,0.02875000000000031,1.125
199,dur100_k1,100,0.022050000000000118,1.0
199,dur100_k8,100,0.04725000000000084,8.0
199,dur100_adaptDef,100,0.022050000000000118,1
199,dur2_k2,2,0.03295000000000043,2.0
199,dur2_k4,2,0.03295000000000043,4.0
199,dur2_adaptCD5,2,0.030600000000000363,1.3125
199,dur2_adaptCD2,2,0.0320000000000004,1.4375
199,dur2_adaptCD1,2,0.03325000000000044,1.4375
199,dur2_adaptAggr,2,0.03360000000000045,1.4375
